"data_type","coverage_50","coverage_95","pit_mean","pit_sd","n","n_obs"
"gear",0.596153846153846,0.980769230769231,0.4946875,0.244255305173485,52,52
"catch",0.564593301435407,0.988835725677831,0.507332535885167,0.296268605706486,627,627
