"parameter","mean","se_mean","sd","2.5%","25%","50%","75%","97.5%","n_eff","Rhat"
"B1",0.704350048694276,0.00176940398270941,0.171102862861927,0.371787812908179,0.590328231204594,0.705438636104576,0.816307123528146,1.04645887840511,9351.05370654311,0.999707672607357
"B2",-0.0893855010503993,0.00516136956676487,0.52535715558232,-1.06451472913129,-0.452631447571272,-0.112572258135552,0.245288905884194,1.00844356380808,10360.4683974597,1.00000230156926
"B1_C",-0.171069281208535,0.000840135530841655,0.0821347380966752,-0.327235620164419,-0.228046562916881,-0.171862919169535,-0.115128907950447,-0.010588303907133,9557.73640633106,0.999651932471347
"L_raw[1]",6.26992592650254e-06,0.00863353171442625,1.00903508210254,-1.94509718942485,-0.693005986955557,0.00319928134750502,0.690864182673461,1.95567524935695,13659.5236591993,0.999597338066553
"L_raw[2]",-0.00182567069236366,0.00859419360138536,1.00297310646691,-1.95478432830683,-0.683769379015328,0.00838620610632814,0.673812284287125,1.945533115878,13619.72411749,0.999608396768875
"L_raw[3]",0.00481137713948957,0.00873636886999128,1.00613871600551,-1.95962802084894,-0.692286006178432,0.00438928865014554,0.690699371081182,1.97227122663627,13263.3672931014,0.999666216888474
"L_raw[4]",0.00458177794918842,0.00851702430028005,1.01596207521541,-1.94818661323696,-0.713180351491142,-0.00891376565572684,0.708861167865932,1.96193434627959,14229.1586064233,0.999674070926392
"L_raw[5]",0.0175055414152478,0.00799227472776248,0.994483486619148,-1.96149375794766,-0.656192674799464,0.0186772565790219,0.679511795602534,1.95303533579544,15482.9725622879,1.0001363269024
"L_raw[6]",-0.00569666418964222,0.00858547061223875,0.978192543685159,-1.94024558058631,-0.661829565959837,-0.00497756609209365,0.670760770843435,1.89240800378656,12981.3686742451,1.00004173146648
"L_raw[7]",0.0137063817384452,0.00874390877073581,1.00627478262462,-1.98281573172364,-0.658210809099957,0.0245910943728856,0.691861598756682,1.98989612711056,13244.0845056594,0.999839270496951
"L_raw[8]",0.00289199706348518,0.00863304055967847,1.01091374716979,-1.99298181324758,-0.666800094726715,0.0110249568731748,0.676579658806919,1.97105977733885,13711.9948753902,0.999942262176612
"L_raw[9]",0.0120142844718996,0.00854130633298768,1.01184238376796,-1.96828873056318,-0.659775718021656,0.0060208302879177,0.688387339270017,2.00479353687442,14033.8599428456,1.00011961715695
"L_raw[10]",-0.00271235410112235,0.00864779900246012,1.00679822087125,-1.95190180512594,-0.690635364957124,0.00592609977871033,0.679017362551991,1.96350401282615,13554.1942387801,0.99981359708809
"L_raw[11]",-0.0114634217464995,0.0087833656044783,0.999736052701988,-1.9731916731171,-0.681674322004972,-0.0132632359490544,0.6690158047423,1.94292002446568,12955.3391637263,1.00001545736073
"L_raw[12]",-0.00871409928499893,0.00830744271936855,1.00985416496215,-1.96000545793906,-0.691281517527434,-0.00243777425904047,0.681951656885705,1.94337058248752,14776.8753907863,0.999596759887585
"L_raw[13]",-0.00347291704136468,0.00872663118367005,0.99148227438281,-1.94305595882232,-0.66867123041095,-0.00888606838620098,0.65054536151773,1.95762073261644,12908.5263441002,0.999574498558032
"L_raw[14]",-0.0104993645934383,0.00880767577717807,1.00611093597668,-1.95941550906285,-0.693743315320141,-0.0119699664511891,0.671462043081899,1.97346622405197,13048.7557113166,0.999598863164895
"L_raw[15]",-0.00584878120720153,0.00849028044438851,0.978098088921674,-1.90841667831735,-0.662679919285628,-0.00104106147556163,0.657440760634574,1.91919314524273,13271.5225455916,0.99967840188264
"L_raw[16]",-0.00306437313201782,0.00844014301640951,1.01609349101443,-1.95737597817815,-0.678315420768001,0.00271656824816495,0.674555631242052,2.01083151745566,14493.3148630387,0.999933079147095
"L_raw[17]",-0.00490516395509061,0.00878416215169279,0.980754037772654,-1.88607004220193,-0.692411227416326,-0.010431684734796,0.648372214489024,1.93073273389786,12465.7818203124,0.999774451097277
"L_raw[18]",-0.00398996339940337,0.00857590072550964,1.00007560442573,-2.02990514343355,-0.659781872192302,0.00825830642650695,0.674889423228385,1.95058577321941,13598.9750413474,0.999765049173353
"L_raw[19]",-0.0102153789827415,0.0086776224599494,1.00280381430334,-1.95932989386913,-0.685531452347444,-0.0166556098346008,0.657250726589976,1.97643579373758,13354.5866998629,0.999707303489087
"L_raw[20]",0.00849283251597498,0.00861067764401916,0.999687622954446,-1.96514496469425,-0.663436892969443,0.00691996076547483,0.655438751387433,1.98261216831429,13478.8850145221,0.999743260800461
"L_raw[21]",-0.00656132700142632,0.00903454315274936,0.994161812928607,-1.97542973567328,-0.679812315769176,-0.00541035546529522,0.674906776958067,1.9355989902579,12108.8182718799,0.999955983318787
"L_raw[22]",0.0104156232123661,0.00901791451283343,1.01348813734403,-1.9756217630321,-0.666358831071687,-0.00560785643576933,0.694833140704284,2.03310946758193,12630.6328589007,0.999623604974008
"L_raw[23]",0.00191383313787925,0.00908023977863992,1.01579279027169,-1.98598051720422,-0.676575736687421,-0.00036982102019114,0.688599104828495,1.9771767145136,12514.5609619487,0.999963282942056
"L_raw[24]",-0.00185780212106142,0.00880491925725045,0.981652131434405,-1.90676293383987,-0.667919749339939,-0.00667862339087622,0.669669192228914,1.92459301011597,12429.8094884263,0.999706838497901
"L_raw[25]",0.00936775027700442,0.00816701410895992,0.993449264528063,-1.97726718463875,-0.654087233414431,0.00585208829789174,0.684073888447034,1.94862514499812,14796.69675619,0.999612959899083
"L_raw[26]",0.000544567154333537,0.00857467002315902,1.01531212885195,-1.98130214437391,-0.702782549635062,-0.00288074091393489,0.679073805252336,1.99109219277274,14020.5262918298,0.999724911275923
"L_raw[27]",-0.00732815223414259,0.00871673333067573,1.01462522957546,-1.98904114558401,-0.681736908762017,-0.00660217436109439,0.680689081989531,1.95995615961938,13548.8924276583,0.999890913765891
"L_raw[28]",0.00905301536110343,0.00861973028305549,1.01045867913358,-1.97604433920304,-0.67362325642414,0.00736902488188796,0.682131241553201,2.02261869034817,13741.9942885276,1.00012374384442
"L_raw[29]",-0.00395227736980014,0.00926644206554397,1.0203391265241,-2.00919600227606,-0.688267648471256,-0.00346866693067367,0.680459794161416,1.96276442920717,12124.4780517643,0.999946159647866
"L_raw[30]",0.00779265653988539,0.00833262054944127,0.983920357729973,-1.9373817470484,-0.650674803707944,0.00334840501895742,0.671291455837391,1.93461534217916,13943.0145966014,0.999686086991422
"L_raw[31]",0.00327096747659378,0.00833068588881708,0.979574288069399,-1.90303117489942,-0.653201852357806,0.0062452485549035,0.667117445010197,1.93304904686391,13826.5311144479,0.999744825301849
"L_raw[32]",0.00657000957891068,0.00856188689239849,1.01197096599619,-1.97456646165688,-0.695412001956002,0.0190435803924172,0.694540056560008,1.96127329422567,13970.0233680876,0.999748185639767
"L_raw[33]",-0.0137465232774886,0.00814808720759536,0.975448645232533,-1.90208854076281,-0.681315953933778,-0.0259674908939151,0.63827580337171,1.93142538121275,14331.6925433041,0.999910920814897
"L_raw[34]",0.0029020713568792,0.00895302594262181,0.993761332860613,-1.93075298880796,-0.691136116477846,0.0140692931476056,0.704509661377375,1.9175018265227,12320.3913436904,0.999670945396547
"L_raw[35]",0.00509615741036443,0.00893630201014345,0.996452296256464,-1.91219162702804,-0.666746108577878,0.00993008560339522,0.68781138864176,1.92611951228029,12433.6130993936,0.999997945904456
"L_raw[36]",0.00662679618772588,0.00865322926345534,0.993149176172558,-1.91445055262065,-0.669904443376153,0.00548473831090144,0.691934786568207,1.95021235226472,13172.6318035645,0.99972976784556
"L_raw[37]",-0.00235153841690661,0.00875482810961661,0.998352455098948,-1.99208869970902,-0.66904571132651,-0.0075562102159025,0.674784430697928,1.9311521859329,13003.8674255622,0.999699312554844
"L_raw[38]",0.011774966971906,0.00901383556016996,0.99461885238062,-1.92442823223799,-0.656067279634122,0.0188598945695284,0.675232302345943,1.94316185949646,12175.7048427038,0.999882069192422
"L_raw[39]",0.0220723095871992,0.0088644454021744,1.00439066624449,-1.94998574402933,-0.66796740659723,0.0199485874647574,0.698258176486982,2.01011733173774,12838.1426631889,0.999706779317547
"L_raw[40]",0.017087817189444,0.00926116922633308,0.999384372171974,-1.92599214429677,-0.655908722242901,0.0274170498426936,0.679361422892519,1.96279842227951,11644.8384474374,0.999949144739743
"L_raw[41]",0.00501576484106399,0.00907876976638912,1.00940432495745,-1.94584644851812,-0.670903112436547,0.0121383464072638,0.692915941719007,1.96019677773867,12361.6464102741,0.999852515595105
"L_raw[42]",0.004341510675209,0.00830707474572815,0.987979158594932,-1.88180458657357,-0.668727471726838,-0.00144973082624258,0.670786013640452,1.95237469281432,14144.8820419629,0.999782138542668
"L_raw[43]",-0.0164131787674321,0.0091353692610224,0.995155716911804,-1.97188056537035,-0.691700663463715,-0.0253688196759051,0.661406888629842,1.89292209082385,11866.6974858909,1.00003618211052
"L_raw[44]",-0.0129614884276124,0.00832073944999417,1.00547363509224,-1.99498064464024,-0.684889139086745,-0.0224153540478185,0.669625353896578,1.91958031828562,14602.174313347,0.999774282780743
"L_raw[45]",0.00441605682264699,0.00836163018915309,0.991499105612541,-1.93100088360998,-0.657003638524703,0.00428197200339736,0.652030014221179,1.97246539622052,14060.563998203,0.999749893907357
"L_raw[46]",0.00480376738300842,0.00888001939957614,1.02100427144083,-2.01437962048865,-0.670148117498483,0.0085588968436126,0.679199255736759,1.99082134690935,13219.8731785033,0.999756422506886
"L_raw[47]",-0.0138290480240014,0.00840380645762195,1.00048839127331,-1.97262918637916,-0.692724004520169,-0.00852976563383915,0.65206326517886,1.9963171244082,14173.3340763709,0.999669798038518
"L_raw[48]",0.00183660863768776,0.00884776360037166,0.998307838661127,-1.93290346745084,-0.662753248171341,-0.00399705774352455,0.656282397201802,1.94942124990085,12730.9830990376,0.999584606554196
"L_raw[49]",0.00825694897026884,0.00836407444340994,0.994055332792943,-1.9013364859696,-0.658656910256068,0.0188874404357002,0.69527757205841,1.91041824530774,14124.8986368586,0.999748116560677
"L_raw[50]",0.014290470496356,0.00881628503960041,1.00159416200782,-1.97758121426045,-0.646739326889443,0.00785009145230773,0.67465262645095,1.96892727511914,12906.6140420438,0.999806888157177
"L_raw[51]",0.0100376748136356,0.00872557204317507,1.00478210020403,-1.94525050305721,-0.661935038645487,0.00915633690583921,0.678464541473836,1.97635738332508,13260.3797657641,0.999864541310514
"L_raw[52]",0.00388190881890659,0.0088883913566039,1.0060132051639,-1.97554507036196,-0.684586227844207,-0.0112926758039055,0.69168764182243,1.97297778476003,12810.3509000287,1.00028053127912
"L_raw[53]",-0.00643226950885686,0.0086436021614453,1.00758520420928,-1.963523653038,-0.694726288142458,-0.00704426383294844,0.689716551358093,1.96152971912176,13588.5783930111,0.999879370686344
"L_raw[54]",0.000573920008622475,0.00848497437748804,1.0161326731306,-1.94256810414451,-0.702438792200899,-0.00072859982130033,0.679516928753634,2.00300137454368,14341.6712060272,0.999670182499339
"L_raw[55]",-0.00533645172711426,0.00878686258844086,0.980108985367527,-1.91212925191932,-0.665459245844736,-0.0221795768611336,0.658290744828949,1.8843055461205,12441.7385754899,0.99994844528235
"L_raw[56]",-0.00414888506130052,0.0084339689983081,0.994491313021254,-1.98370661321631,-0.659044877175763,-0.00129617015841287,0.66898363721499,1.92186787322689,13903.9432707859,0.999825952691773
"L_raw[57]",-0.00446559694228402,0.00836649751431443,1.01234657707439,-1.96701712465392,-0.693408918246216,-0.00170286138329663,0.673352479671512,1.98192952854004,14641.0109290493,1.00003418537731
"L_raw[58]",0.00332967201025006,0.00910246132527103,1.00451865922837,-1.95014622767413,-0.668154688498215,-0.00344884017331782,0.688133119690894,1.9898050982218,12178.6270706373,0.999791512956259
"L_raw[59]",0.0062153406818809,0.00893796717312024,1.02459996043694,-2.00137084794741,-0.700039071791317,0.000907716810563274,0.708365411502855,2.03807366456554,13141.0830197839,0.999851673013149
"L_raw[60]",0.00726770202047378,0.00871085383590569,1.00507525224476,-1.96825603743639,-0.677280641709139,0.00584850315834857,0.698100046814546,1.96981271535337,13312.9930742854,0.999791406783839
"L_raw[61]",0.00117984997251203,0.00786027348595643,1.00634318376682,-1.92804874814716,-0.684858545241097,0.0100797040359931,0.685709849082457,1.93937859974511,16391.4323215859,0.999950173938117
"L_raw[62]",0.00201049042197313,0.00817452731315421,0.991841994250688,-1.9404366039899,-0.669109841594406,0.000939990419986922,0.668777223447141,1.94527318056498,14721.758390678,0.999698832871385
"L_raw[63]",-0.00676950915474814,0.00830716897422321,0.981716184865448,-1.94885695386045,-0.652655958151507,-0.00490576019453797,0.633340874217191,1.91263977391813,13965.7998293897,0.999941131729965
"L_raw[64]",-0.0226870455124914,0.00869848822958879,1.00725360434484,-1.98217013034921,-0.69845710658594,-0.0244382081943676,0.649803090533926,1.93692467370276,13408.8057714851,0.999977684864493
"L_raw[65]",0.00276216429283279,0.00848222893764988,0.988026613161448,-1.95475019478008,-0.654450712635252,0.00150342753471334,0.666703784463019,1.93096713923159,13568.0459435171,0.999883702774761
"L_raw[66]",-0.00648095168968205,0.00885003672564226,0.99334673835058,-1.92353750401929,-0.688751399717576,0.00194904777046714,0.668057739834018,1.93791760405281,12598.2898034883,0.999922446547954
"L_raw[67]",0.00113781315430257,0.00819971738142175,1.00012306311033,-1.95754971376312,-0.657526653482578,-0.0066533990174846,0.67475874524208,1.94916938705617,14876.7860389244,0.999535799712086
"L_raw[68]",0.00175612251617732,0.00843894903999592,1.00556414846884,-1.99375600150554,-0.671417551479243,0.0108452698596285,0.681184847576146,1.99255261161805,14198.5120156127,0.999619799331185
"L_raw[69]",0.0066261160785755,0.00838602393545992,0.994972586227384,-1.9127187268693,-0.652774251204806,0.00631123910953587,0.676207686931971,1.96739624965691,14076.9975470479,0.999607025568986
"L_raw[70]",0.00716681371995138,0.00870891410829953,1.00631744719438,-1.96771759135135,-0.676169029918942,0.0140673379109942,0.688783782145379,1.9757210172628,13351.8667698194,0.999618327144041
"L_raw[71]",0.00995369228222508,0.00900231420057879,1.00288167161972,-1.97588876393735,-0.65736788320198,0.00745345020863174,0.674267616784671,1.97463435130497,12410.5507621991,0.999762523748682
"L_raw[72]",-0.00915653653410518,0.00818941731907292,0.978124542772403,-1.953167014794,-0.650494543243635,-0.0299288476756978,0.642512490946397,1.90644313407118,14265.3459170291,0.999819101563868
"L_raw[73]",-0.00732908235736421,0.0083620579555335,1.01543870983231,-1.99937919592251,-0.682777707061696,-0.0116884970602022,0.679894400163112,1.99914466316146,14746.2327385909,1.00008125875334
"L_raw[74]",0.0134180254491455,0.00884515099758388,0.997603090705038,-1.93423430833449,-0.634476578089733,0.00391820267197708,0.68620469057783,1.94738160009992,12720.525984648,0.999672625955427
"L_raw[75]",0.0225807806122692,0.00841094058810931,1.01553237606729,-1.98281989736623,-0.6513030029974,0.0209701771720562,0.699945110041336,2.02269541585951,14578.0158048303,0.999604859785831
"L_raw[76]",0.00777402821481791,0.00853003693263685,1.00439242466834,-1.96846817552997,-0.671892817799595,0.0100427844165867,0.685839344428624,1.97500520776787,13864.5262370216,0.999605084881033
"tau_bar[1]",1.77706518578706,0.00496554154684793,0.542062040745108,0.953833075217298,1.37913532617363,1.69573393724023,2.08381349065816,3.04546201672569,11916.9399678822,0.99967978183533
"sigma_IE",0.199081911512351,0.00178819698927569,0.197828197014034,0.00490464681753414,0.0574288003978435,0.138255257483807,0.276364440014739,0.731795761649575,12238.9924567853,0.999962326427821
"sigma_eps_E",0.19450878017258,0.00320695505577991,0.165099478596174,0.00664583662394896,0.077791353605435,0.15789612670117,0.264752441332329,0.611373383191869,2650.36480885061,1.00319105978277
"Lcorr_E[1,1]",1,NA,0,1,1,1,1,1,NA,NA
"sigma_r_E",0.512997899276555,0.000600183064111703,0.0619493289671487,0.404383536651079,0.469469641997911,0.507940032120533,0.552174050669242,0.645063077778533,10653.829449596,1.00023893912447
"phi_E_scaled",0.54478639510057,0.00246369523925025,0.209746790024293,0.143147734899482,0.386074803924477,0.554212346239124,0.708676278440665,0.911221832837285,7247.97484801923,1.00034239790398
"eps_E[1,1]",0.142741751087453,0.0094670183102713,0.815050913452878,-1.5142879950128,-0.372398248856436,0.14755810669961,0.662010269405457,1.75513367617126,7412.13025697901,1.00064123054779
"eps_E[2,1]",-0.13036769920649,0.00924854209158619,0.806988034490172,-1.71978379737356,-0.643772471176599,-0.135064355933082,0.376378789846647,1.49955178960319,7613.55756570868,1.00029002583493
"eps_E[3,1]",-0.432264985757714,0.00998611722968775,0.836460629397757,-2.04331514490984,-0.994534949417477,-0.450862132499311,0.0929710786440848,1.30903524480616,7016.13099004674,1.00099909129378
"eps_E[4,1]",-0.507345665089795,0.0100222617241857,0.855964203361811,-2.18562948883651,-1.06172718465545,-0.522131230364424,0.0493759774872815,1.29414023651901,7294.2345776197,1.00019235738299
"eps_E[5,1]",0.477471982679697,0.00924810697418227,0.901750609026177,-1.35020912976597,-0.0967902686585632,0.499738826617047,1.08130467155958,2.18968205302172,9507.51894131875,0.999943697979627
"omega_E_0_raw[1,1]",0.363531636809962,0.0101486645057895,0.814218366049803,-1.29478736635697,-0.155342016815836,0.372320885928606,0.89304606517543,1.95975055506901,6436.71080385273,1.00050082877468
"mu_mu_E[1]",3.05538454975819,0.00299789571924174,0.170264765629895,2.72145293880563,2.96344198505409,3.05177243731185,3.1424673102442,3.42341614713307,3225.64467822585,1.00113640924593
"sigma_mu_E",11.5408459391528,2.46380692509655,107.590731385557,0.0740117663310373,0.824462146997985,2.03449313869376,4.90748648181472,51.4471929021731,1906.93713639185,1.00135330121942
"R_G",1.32387680261659,0.000255097545717711,0.0305375099905228,1.26402306772286,1.30352748962701,1.32342030653864,1.34392589745822,1.38426847683507,14330.2802423059,0.999679962309324
"R_G_boat",4.53991564894113,0.0261172485788836,2.45223820369478,1.48618516227175,2.87290636354946,4.04515003167711,5.58746142190538,10.4412043419668,8815.9772933803,1.00012396241113
"kappa_OSP",3.14363208860605,0.00850379530876229,0.967660920392397,1.65493555837579,2.46046856962316,2.99686066047136,3.6769105322218,5.43185903050369,12948.5401702931,0.999761815946368
"sigma_r_OSP",12.590992600761,2.8544357376828,241.881921357365,0.0819423612062846,0.817241066474824,2.01213087768296,5.02963178730103,55.4395370272577,7180.69167195635,1.00041359167874
"sigma_eps_C",0.148445792734949,0.00223166878878054,0.106040307443258,0.0207704601881806,0.0797207038195517,0.124215900819969,0.187458531093821,0.415757979824856,2257.78444802219,1.00028897079258
"Lcorr_C[1,1]",1,NA,0,1,1,1,1,1,NA,NA
"phi_C_scaled",0.392855856254292,0.00302977887929342,0.215408529509447,0.0584279230098625,0.222302020022093,0.366146226255691,0.544863566641099,0.848090137830726,5054.79939073481,1.00016084471805
"sigma_r_C",0.775669481602092,0.000344632417037177,0.0380081693837251,0.70367278079464,0.750058906179908,0.774701578430743,0.800947284905919,0.851469623618315,12163.0265253781,0.999705449358509
"eps_C[1,1]",0.480871247011058,0.00842898418896299,0.720511264749717,-0.919603759695695,0.00638020320783777,0.470900643628338,0.940206818039806,1.9390465171439,7306.86480460657,1.00041844538813
"eps_C[2,1]",-0.356638111353242,0.00853909307262598,0.72033763173224,-1.78408537769284,-0.819379557013057,-0.358632353007414,0.10565559627132,1.0736964250238,7116.20930011734,0.999870907374633
"eps_C[3,1]",0.33867447061866,0.00822951906723312,0.719548290777664,-1.05056511097821,-0.137586634917759,0.325127924273496,0.78895839702115,1.82982120236981,7644.8854113441,1.00009083382409
"eps_C[4,1]",-0.86705102580022,0.00938125533013533,0.761089356134663,-2.37848438526704,-1.36843349333401,-0.849163281927623,-0.368947876634101,0.622760195729376,6581.87127064375,0.999726287110789
"eps_C[5,1]",0.748062253658833,0.00866148560055414,0.769187041191511,-0.80252209598077,0.251431140949,0.759475829006417,1.2516955329388,2.27430758923689,7886.40620190469,0.999830278915096
"omega_C_0_raw[1,1]",-0.335424717423717,0.00856699797265449,0.66275498551323,-1.65831347760394,-0.759579534260106,-0.325901533942006,0.0847138277417139,0.969598533614325,5984.78672560979,0.99986474322281
"mu_mu_C[1]",0.327105286174752,0.00195219381256616,0.0993666732006195,0.138801624108415,0.273491443642707,0.325094373337467,0.376969722558043,0.535889402130034,2590.81042452447,1.00048528451886
"sigma_mu_C",8.99391162322202,0.995065240285309,85.5535930828612,0.0873774957366493,0.841542252329326,2.01268716287731,4.88978335793165,51.3276937258835,7392.19468481376,1.00051245871078
"mu_E[1,1]",3.05538454975819,0.00299789571924174,0.170264765629895,2.72145293880563,2.96344198505409,3.05177243731185,3.1424673102442,3.42341614713307,3225.64467822585,1.00113640924593
"phi_E",0.0895727902011393,0.00492739047850051,0.419493580048587,-0.713704530201035,-0.227850392151047,0.108424692478247,0.417352556881331,0.82244366567457,7247.97484801923,1.00034239790398
"omega_E[1,1]",0.081186615108311,0.00317153997132603,0.187023565086808,-0.254514502171482,-0.0132443607548418,0.0477144728344413,0.168473786793597,0.524220499426954,3477.38105917899,1.0007057519731
"omega_E[2,1]",0.0393185601230535,0.00328674878535152,0.181976575261639,-0.317700426216798,-0.0426000087586386,0.0194760630502067,0.118389586982284,0.451250365993002,3065.47622899683,1.00085769815098
"omega_E[3,1]",-0.0203252751126601,0.00298654857157832,0.174903257771953,-0.427186827885074,-0.0944409852043006,-0.00689837670193059,0.0553623192524786,0.32885056866078,3429.70394535595,1.00112804909371
"omega_E[4,1]",-0.100159507029996,0.00327746579151131,0.197129345411756,-0.593777776261759,-0.191862621395663,-0.0586502995696659,0.00817559104546002,0.228143018477516,3617.64731121095,1.00223090762901
"omega_E[5,1]",-0.126125632362019,0.00325167029762788,0.198521243875716,-0.613032417525329,-0.221351565339592,-0.0836012848039225,-0.00141226114105275,0.185541097096896,3727.35680019785,1.00145790865976
"omega_E[6,1]",0.0962832675450557,0.00369510340103329,0.217971088620396,-0.276586339172379,-0.0168296975883901,0.0508602772897511,0.193149043701548,0.631639506078065,3479.72236660022,1.00080566752551
"omega_E_0[1,1]",0.081186615108311,0.00317153997132603,0.187023565086808,-0.254514502171482,-0.0132443607548418,0.0477144728344413,0.168473786793597,0.524220499426954,3477.38105917899,1.0007057519731
"lambda_E_S[1,1,1]",23.3039672105302,0.0446373620954234,3.73382333639855,17.6166328243164,20.7028689686784,22.7823417954645,25.3019797532031,32.0790333458256,6996.97767915762,1.00050419045867
"lambda_E_S[1,2,1]",23.3039672105302,0.0446373620954234,3.73382333639855,17.6166328243164,20.7028689686784,22.7823417954645,25.3019797532031,32.0790333458256,6996.97767915762,1.00050419045867
"lambda_E_S[1,3,1]",23.3039672105302,0.0446373620954234,3.73382333639855,17.6166328243164,20.7028689686784,22.7823417954645,25.3019797532031,32.0790333458256,6996.97767915762,1.00050419045867
"lambda_E_S[1,4,1]",23.3039672105302,0.0446373620954234,3.73382333639855,17.6166328243164,20.7028689686784,22.7823417954645,25.3019797532031,32.0790333458256,6996.97767915762,1.00050419045867
"lambda_E_S[1,5,1]",23.3039672105302,0.0446373620954234,3.73382333639855,17.6166328243164,20.7028689686784,22.7823417954645,25.3019797532031,32.0790333458256,6996.97767915762,1.00050419045867
"lambda_E_S[1,6,1]",47.4321966127993,0.100042948387039,9.37765101488031,32.8204468293444,40.9355348777227,46.1439374227817,52.5699711466493,69.2321240745387,8786.48492785738,0.999810120728423
"lambda_E_S[1,7,1]",47.4321966127993,0.100042948387039,9.37765101488031,32.8204468293444,40.9355348777227,46.1439374227817,52.5699711466493,69.2321240745387,8786.48492785738,0.999810120728423
"lambda_E_S[1,8,1]",23.3039672105302,0.0446373620954234,3.73382333639855,17.6166328243164,20.7028689686784,22.7823417954645,25.3019797532031,32.0790333458256,6996.97767915762,1.00050419045867
"lambda_E_S[1,9,1]",23.3039672105302,0.0446373620954234,3.73382333639855,17.6166328243164,20.7028689686784,22.7823417954645,25.3019797532031,32.0790333458256,6996.97767915762,1.00050419045867
"lambda_E_S[1,10,1]",23.3039672105302,0.0446373620954234,3.73382333639855,17.6166328243164,20.7028689686784,22.7823417954645,25.3019797532031,32.0790333458256,6996.97767915762,1.00050419045867
"lambda_E_S[1,11,1]",23.3039672105302,0.0446373620954234,3.73382333639855,17.6166328243164,20.7028689686784,22.7823417954645,25.3019797532031,32.0790333458256,6996.97767915762,1.00050419045867
"lambda_E_S[1,12,1]",23.3039672105302,0.0446373620954234,3.73382333639855,17.6166328243164,20.7028689686784,22.7823417954645,25.3019797532031,32.0790333458256,6996.97767915762,1.00050419045867
"lambda_E_S[1,13,1]",47.4321966127993,0.100042948387039,9.37765101488031,32.8204468293444,40.9355348777227,46.1439374227817,52.5699711466493,69.2321240745387,8786.48492785738,0.999810120728423
"lambda_E_S[1,14,1]",47.4321966127993,0.100042948387039,9.37765101488031,32.8204468293444,40.9355348777227,46.1439374227817,52.5699711466493,69.2321240745387,8786.48492785738,0.999810120728423
"lambda_E_S[1,15,1]",22.320933331189,0.0358743335220432,3.35293501024748,16.7958264263505,19.9989433626025,21.9291816382935,24.2196051991019,30.090616538899,8735.39581455059,1.00028515873843
"lambda_E_S[1,16,1]",22.320933331189,0.0358743335220432,3.35293501024748,16.7958264263505,19.9989433626025,21.9291816382935,24.2196051991019,30.090616538899,8735.39581455059,1.00028515873843
"lambda_E_S[1,17,1]",22.320933331189,0.0358743335220432,3.35293501024748,16.7958264263505,19.9989433626025,21.9291816382935,24.2196051991019,30.090616538899,8735.39581455059,1.00028515873843
"lambda_E_S[1,18,1]",22.320933331189,0.0358743335220432,3.35293501024748,16.7958264263505,19.9989433626025,21.9291816382935,24.2196051991019,30.090616538899,8735.39581455059,1.00028515873843
"lambda_E_S[1,19,1]",22.320933331189,0.0358743335220432,3.35293501024748,16.7958264263505,19.9989433626025,21.9291816382935,24.2196051991019,30.090616538899,8735.39581455059,1.00028515873843
"lambda_E_S[1,20,1]",45.3753911048393,0.0855210366614868,8.25959791272901,31.7972514654055,39.7364150651716,44.3851736951168,49.9758145367028,63.9261310187121,9327.64262663553,0.999877050287558
"lambda_E_S[1,21,1]",45.3753911048393,0.0855210366614868,8.25959791272901,31.7972514654055,39.7364150651716,44.3851736951168,49.9758145367028,63.9261310187121,9327.64262663553,0.999877050287558
"lambda_E_S[1,22,1]",22.320933331189,0.0358743335220432,3.35293501024748,16.7958264263505,19.9989433626025,21.9291816382935,24.2196051991019,30.090616538899,8735.39581455059,1.00028515873843
"lambda_E_S[1,23,1]",22.320933331189,0.0358743335220432,3.35293501024748,16.7958264263505,19.9989433626025,21.9291816382935,24.2196051991019,30.090616538899,8735.39581455059,1.00028515873843
"lambda_E_S[1,24,1]",22.320933331189,0.0358743335220432,3.35293501024748,16.7958264263505,19.9989433626025,21.9291816382935,24.2196051991019,30.090616538899,8735.39581455059,1.00028515873843
"lambda_E_S[1,25,1]",22.320933331189,0.0358743335220432,3.35293501024748,16.7958264263505,19.9989433626025,21.9291816382935,24.2196051991019,30.090616538899,8735.39581455059,1.00028515873843
"lambda_E_S[1,26,1]",22.320933331189,0.0358743335220432,3.35293501024748,16.7958264263505,19.9989433626025,21.9291816382935,24.2196051991019,30.090616538899,8735.39581455059,1.00028515873843
"lambda_E_S[1,27,1]",45.3753911048393,0.0855210366614868,8.25959791272901,31.7972514654055,39.7364150651716,44.3851736951168,49.9758145367028,63.9261310187121,9327.64262663553,0.999877050287558
"lambda_E_S[1,28,1]",45.3753911048393,0.0855210366614868,8.25959791272901,31.7972514654055,39.7364150651716,44.3851736951168,49.9758145367028,63.9261310187121,9327.64262663553,0.999877050287558
"lambda_E_S[1,29,1]",20.9734511363143,0.0271227093681621,2.69781211198474,16.1446950829571,19.1541675948347,20.805995115571,22.6482071549783,26.7499054139473,9893.66633388126,0.999885671607679
"lambda_E_S[1,30,1]",20.9734511363143,0.0271227093681621,2.69781211198474,16.1446950829571,19.1541675948347,20.805995115571,22.6482071549783,26.7499054139473,9893.66633388126,0.999885671607679
"lambda_E_S[1,31,1]",20.9734511363143,0.0271227093681621,2.69781211198474,16.1446950829571,19.1541675948347,20.805995115571,22.6482071549783,26.7499054139473,9893.66633388126,0.999885671607679
"lambda_E_S[1,32,1]",20.9734511363143,0.0271227093681621,2.69781211198474,16.1446950829571,19.1541675948347,20.805995115571,22.6482071549783,26.7499054139473,9893.66633388126,0.999885671607679
"lambda_E_S[1,33,1]",20.9734511363143,0.0271227093681621,2.69781211198474,16.1446950829571,19.1541675948347,20.805995115571,22.6482071549783,26.7499054139473,9893.66633388126,0.999885671607679
"lambda_E_S[1,34,1]",42.7583525215167,0.0802366357813009,7.80332147078642,29.8296493311118,37.4499153912048,42.0719053290224,47.3197975107204,60.364740438892,9458.31068531242,0.999816202277364
"lambda_E_S[1,35,1]",42.7583525215167,0.0802366357813009,7.80332147078642,29.8296493311118,37.4499153912048,42.0719053290224,47.3197975107204,60.364740438892,9458.31068531242,0.999816202277364
"lambda_E_S[1,36,1]",20.9734511363143,0.0271227093681621,2.69781211198474,16.1446950829571,19.1541675948347,20.805995115571,22.6482071549783,26.7499054139473,9893.66633388126,0.999885671607679
"lambda_E_S[1,37,1]",20.9734511363143,0.0271227093681621,2.69781211198474,16.1446950829571,19.1541675948347,20.805995115571,22.6482071549783,26.7499054139473,9893.66633388126,0.999885671607679
"lambda_E_S[1,38,1]",20.9734511363143,0.0271227093681621,2.69781211198474,16.1446950829571,19.1541675948347,20.805995115571,22.6482071549783,26.7499054139473,9893.66633388126,0.999885671607679
"lambda_E_S[1,39,1]",20.9734511363143,0.0271227093681621,2.69781211198474,16.1446950829571,19.1541675948347,20.805995115571,22.6482071549783,26.7499054139473,9893.66633388126,0.999885671607679
"lambda_E_S[1,40,1]",20.9734511363143,0.0271227093681621,2.69781211198474,16.1446950829571,19.1541675948347,20.805995115571,22.6482071549783,26.7499054139473,9893.66633388126,0.999885671607679
"lambda_E_S[1,41,1]",42.7583525215167,0.0802366357813009,7.80332147078642,29.8296493311118,37.4499153912048,42.0719053290224,47.3197975107204,60.364740438892,9458.31068531242,0.999816202277364
"lambda_E_S[1,42,1]",42.7583525215167,0.0802366357813009,7.80332147078642,29.8296493311118,37.4499153912048,42.0719053290224,47.3197975107204,60.364740438892,9458.31068531242,0.999816202277364
"lambda_E_S[1,43,1]",19.4384798788509,0.0359182439804303,2.99047933592737,13.7716452114175,17.4052421014817,19.3501207946178,21.3918641756405,25.4448342001166,6931.88612006365,1.00038341812402
"lambda_E_S[1,44,1]",19.4384798788509,0.0359182439804303,2.99047933592737,13.7716452114175,17.4052421014817,19.3501207946178,21.3918641756405,25.4448342001166,6931.88612006365,1.00038341812402
"lambda_E_S[1,45,1]",19.4384798788509,0.0359182439804303,2.99047933592737,13.7716452114175,17.4052421014817,19.3501207946178,21.3918641756405,25.4448342001166,6931.88612006365,1.00038341812402
"lambda_E_S[1,46,1]",19.4384798788509,0.0359182439804303,2.99047933592737,13.7716452114175,17.4052421014817,19.3501207946178,21.3918641756405,25.4448342001166,6931.88612006365,1.00038341812402
"lambda_E_S[1,47,1]",19.4384798788509,0.0359182439804303,2.99047933592737,13.7716452114175,17.4052421014817,19.3501207946178,21.3918641756405,25.4448342001166,6931.88612006365,1.00038341812402
"lambda_E_S[1,48,1]",39.6080703618484,0.0950137422270738,7.82860154526849,25.9673090654568,34.1183547111349,39.0973788804574,44.2800046969187,56.8426529536996,6788.83934137115,1.0005267486111
"lambda_E_S[1,49,1]",39.6080703618484,0.0950137422270738,7.82860154526849,25.9673090654568,34.1183547111349,39.0973788804574,44.2800046969187,56.8426529536996,6788.83934137115,1.0005267486111
"lambda_E_S[1,50,1]",19.4384798788509,0.0359182439804303,2.99047933592737,13.7716452114175,17.4052421014817,19.3501207946178,21.3918641756405,25.4448342001166,6931.88612006365,1.00038341812402
"lambda_E_S[1,51,1]",19.4384798788509,0.0359182439804303,2.99047933592737,13.7716452114175,17.4052421014817,19.3501207946178,21.3918641756405,25.4448342001166,6931.88612006365,1.00038341812402
"lambda_E_S[1,52,1]",19.4384798788509,0.0359182439804303,2.99047933592737,13.7716452114175,17.4052421014817,19.3501207946178,21.3918641756405,25.4448342001166,6931.88612006365,1.00038341812402
"lambda_E_S[1,53,1]",19.4384798788509,0.0359182439804303,2.99047933592737,13.7716452114175,17.4052421014817,19.3501207946178,21.3918641756405,25.4448342001166,6931.88612006365,1.00038341812402
"lambda_E_S[1,54,1]",19.4384798788509,0.0359182439804303,2.99047933592737,13.7716452114175,17.4052421014817,19.3501207946178,21.3918641756405,25.4448342001166,6931.88612006365,1.00038341812402
"lambda_E_S[1,55,1]",39.6080703618484,0.0950137422270738,7.82860154526849,25.9673090654568,34.1183547111349,39.0973788804574,44.2800046969187,56.8426529536996,6788.83934137115,1.0005267486111
"lambda_E_S[1,56,1]",39.6080703618484,0.0950137422270738,7.82860154526849,25.9673090654568,34.1183547111349,39.0973788804574,44.2800046969187,56.8426529536996,6788.83934137115,1.0005267486111
"lambda_E_S[1,57,1]",18.9611313129209,0.0396784555447378,3.03965017976641,13.18844331802,16.8890745993604,18.9456621676481,20.9682660763432,25.0428707760268,5868.64301319181,1.00054894375554
"lambda_E_S[1,58,1]",18.9611313129209,0.0396784555447378,3.03965017976641,13.18844331802,16.8890745993604,18.9456621676481,20.9682660763432,25.0428707760268,5868.64301319181,1.00054894375554
"lambda_E_S[1,59,1]",18.9611313129209,0.0396784555447378,3.03965017976641,13.18844331802,16.8890745993604,18.9456621676481,20.9682660763432,25.0428707760268,5868.64301319181,1.00054894375554
"lambda_E_S[1,60,1]",18.9611313129209,0.0396784555447378,3.03965017976641,13.18844331802,16.8890745993604,18.9456621676481,20.9682660763432,25.0428707760268,5868.64301319181,1.00054894375554
"lambda_E_S[1,61,1]",18.9611313129209,0.0396784555447378,3.03965017976641,13.18844331802,16.8890745993604,18.9456621676481,20.9682660763432,25.0428707760268,5868.64301319181,1.00054894375554
"lambda_E_S[1,62,1]",38.6672917852888,0.106863744600948,8.00503944656132,24.7035487485577,33.0408506759421,38.098905386077,43.5023149889747,56.4218241075054,5611.33473135888,1.0005431400689
"lambda_E_S[1,63,1]",38.6672917852888,0.106863744600948,8.00503944656132,24.7035487485577,33.0408506759421,38.098905386077,43.5023149889747,56.4218241075054,5611.33473135888,1.0005431400689
"lambda_E_S[1,64,1]",18.9611313129209,0.0396784555447378,3.03965017976641,13.18844331802,16.8890745993604,18.9456621676481,20.9682660763432,25.0428707760268,5868.64301319181,1.00054894375554
"lambda_E_S[1,65,1]",18.9611313129209,0.0396784555447378,3.03965017976641,13.18844331802,16.8890745993604,18.9456621676481,20.9682660763432,25.0428707760268,5868.64301319181,1.00054894375554
"lambda_E_S[1,66,1]",18.9611313129209,0.0396784555447378,3.03965017976641,13.18844331802,16.8890745993604,18.9456621676481,20.9682660763432,25.0428707760268,5868.64301319181,1.00054894375554
"lambda_E_S[1,67,1]",18.9611313129209,0.0396784555447378,3.03965017976641,13.18844331802,16.8890745993604,18.9456621676481,20.9682660763432,25.0428707760268,5868.64301319181,1.00054894375554
"lambda_E_S[1,68,1]",18.9611313129209,0.0396784555447378,3.03965017976641,13.18844331802,16.8890745993604,18.9456621676481,20.9682660763432,25.0428707760268,5868.64301319181,1.00054894375554
"lambda_E_S[1,69,1]",38.6672917852888,0.106863744600948,8.00503944656132,24.7035487485577,33.0408506759421,38.098905386077,43.5023149889747,56.4218241075054,5611.33473135888,1.0005431400689
"lambda_E_S[1,70,1]",38.6672917852888,0.106863744600948,8.00503944656132,24.7035487485577,33.0408506759421,38.098905386077,43.5023149889747,56.4218241075054,5611.33473135888,1.0005431400689
"lambda_E_S[1,71,1]",23.9064698609074,0.0708694214726258,5.4268391468676,16.6007336477261,20.3364258100525,22.7271008144385,26.140683281137,37.6563964717515,5863.75914527083,1.00168973442678
"lambda_E_S[1,72,1]",23.9064698609074,0.0708694214726258,5.4268391468676,16.6007336477261,20.3364258100525,22.7271008144385,26.140683281137,37.6563964717515,5863.75914527083,1.00168973442678
"lambda_E_S[1,73,1]",23.9064698609074,0.0708694214726258,5.4268391468676,16.6007336477261,20.3364258100525,22.7271008144385,26.140683281137,37.6563964717515,5863.75914527083,1.00168973442678
"lambda_E_S[1,74,1]",23.9064698609074,0.0708694214726258,5.4268391468676,16.6007336477261,20.3364258100525,22.7271008144385,26.140683281137,37.6563964717515,5863.75914527083,1.00168973442678
"lambda_E_S[1,75,1]",49.2848076740085,0.342657893731424,29.1779986849821,17.5696239470671,30.6063942613962,42.3330260848566,59.2125801051898,123.141099816588,7250.85998177286,0.99995689207778
"lambda_E_S[1,76,1]",48.4822585237106,0.138457281569563,11.4436980078302,32.1875490097776,40.6829928877313,46.3220139985286,54.2345440244668,76.4741826299893,6831.26567690297,1.00086946053127
"r_E",3.96669869117902,0.00916505392419902,0.955132720836933,2.40323163550086,3.27980492503111,3.87592278276739,4.53716916414551,6.11523388365387,10860.6894971149,1.00017678544043
"r_OSP",1151.31953329657,543.275020269206,47395.9389354609,0.000325358024207009,0.0395300735444915,0.246994688838672,1.49726840136769,148.930301675584,7611.01870324677,0.999821880565958
"mu_C[1,1]",0.327105286174752,0.00195219381256616,0.0993666732006195,0.138801624108415,0.273491443642707,0.325094373337467,0.376969722558043,0.535889402130034,2590.81042452447,1.00048528451886
"phi_C",-0.214288287491416,0.00605955775858684,0.430817059018894,-0.883144153980275,-0.555395959955813,-0.267707547488618,0.0897271332821971,0.696180275661451,5054.79939073481,1.00016084471805
"r_C",1.674075714457,0.00151236866811133,0.164587437135588,1.37930935563561,1.55880623035806,1.66621530110325,1.77749855479042,2.01956807084893,11843.4443154926,0.999758257881846
"L[1]",1.79837118443153,0.0057614618817802,0.619839920049738,0.877254087408767,1.35088335777715,1.69946899616756,2.13836096086504,3.27037419595684,11574.272425998,0.999680009120071
"L[2]",1.79884217752068,0.00578817665094145,0.624098803973218,0.887554913134456,1.34324740488545,1.69824868453502,2.14972406587455,3.30136847282064,11625.808007436,0.999759717213521
"L[3]",1.79755267935043,0.00559876194390441,0.615341359559679,0.894190926441293,1.35314981186131,1.70537393061208,2.12980975194969,3.24506793817023,12079.4791800139,0.999716336596987
"L[4]",1.79832834846611,0.00572194208564946,0.615811820262836,0.890446120044746,1.35212035743662,1.70439684493602,2.13424381398378,3.25228606213192,11582.6818096618,0.999795395658584
"L[5]",1.80089161310537,0.00559579635810777,0.612237954508186,0.888501189102106,1.35659799856358,1.70630516971688,2.13733144279254,3.25870428718931,11970.621419509,0.99963069508496
"L[6]",1.79325913811168,0.00563883182445531,0.60930265273271,0.892602020660124,1.36030512893879,1.6935295206952,2.12867350247921,3.23344737959771,11675.8324333865,0.999861339886882
"L[7]",1.8023386320224,0.00586726711463633,0.621354277683525,0.889276132367551,1.3541819070117,1.70709239420083,2.13585829548493,3.31113398960348,11215.1959059107,0.999653875737287
"L[8]",1.79677672778112,0.00559723803642643,0.612441568935009,0.890005006115316,1.34898932265759,1.69696452625558,2.14166195805975,3.22754079437321,11972.4151346612,0.999806624506293
"L[9]",1.80082937690959,0.00574682587005671,0.619959124441584,0.888364063654289,1.35371487960175,1.70307497944752,2.14390458607902,3.25862911551602,11637.777137869,0.999810920292663
"L[10]",1.79590385624802,0.00558762065265273,0.614565202413338,0.897823244645334,1.35026339271789,1.70057583928559,2.1369223197518,3.22862590802392,12097.1232285204,0.99981174645209
"L[11]",1.7930052619777,0.00565782733862305,0.610621805164992,0.889950605144658,1.34982161533921,1.68849577305881,2.13621332259712,3.24876232643265,11647.8357504844,0.999743577119403
"L[12]",1.79487617738912,0.00574324626494235,0.618455048342833,0.892645862628153,1.35755559805349,1.69306861942564,2.12722543497858,3.25621701960668,11595.8182645372,0.999673425860383
"L[13]",1.7957399939626,0.00582978786351317,0.618681260278228,0.893740956540403,1.35124478585758,1.69851305168993,2.11227325611159,3.25035322122232,11262.3344334666,0.99964291460666
"L[14]",1.7950213247744,0.00561914376383349,0.61781315762711,0.87752165371362,1.3520165949108,1.69785615911711,2.1294817760832,3.24097371737008,12088.5446667013,0.999678083458627
"L[15]",1.7930010167717,0.00557719701956033,0.605978052013952,0.900188131574556,1.35603961078502,1.70414790503271,2.12146744802772,3.24587049329362,11805.4301563826,0.99972510022145
"L[16]",1.79700306885294,0.00572496573123795,0.621069425084548,0.88535865180887,1.34864991839502,1.69001282075027,2.14509702789793,3.26727640229518,11768.8632511544,0.999682124544646
"L[17]",1.79301588187244,0.005783409274002,0.605657010953862,0.899479614856504,1.35781184301073,1.69459595151728,2.13091252343775,3.23273269938502,10966.944448828,0.999657087751763
"L[18]",1.79437317033695,0.00569497674578035,0.609395976214245,0.892154491632699,1.35247806278725,1.70474969910516,2.13896955813871,3.23839262250529,11450.2575260499,0.999699819217212
"L[19]",1.79571218648425,0.00578544800748336,0.621206502202571,0.873880203931701,1.35170724115086,1.69690251768127,2.12798551981099,3.29088918043698,11529.1687435438,0.999710550617885
"L[20]",1.79847681715171,0.00557882582014228,0.61355771241542,0.902558299019444,1.35801770847005,1.69719365075656,2.13457912316627,3.28278815582757,12095.5392365992,0.999757071357888
"L[21]",1.79379491581851,0.00559385387035591,0.61043161987541,0.895225327693523,1.35581604398461,1.69494751760239,2.1272016247312,3.23354563605248,11908.3559969536,0.999786584087713
"L[22]",1.80421522250958,0.00584092799987748,0.634087621748245,0.880001602209115,1.3522525857268,1.6982105729246,2.14893871415194,3.33260784326929,11785.1426829931,0.999709640557378
"L[23]",1.79839308243672,0.00573581936114198,0.619631955122734,0.888474771272187,1.34374997781623,1.69882951090828,2.13508786914752,3.31972066294298,11670.156558654,0.999664561424462
"L[24]",1.79576367751333,0.00574432458045817,0.615645328918095,0.896086058449784,1.35446413583526,1.69411184407805,2.12810929997351,3.23542013457737,11486.3814419792,0.999787305618093
"L[25]",1.80157678143373,0.00580554444080423,0.624984265584242,0.880523621864703,1.35320010985865,1.70713077612983,2.13239689800766,3.28423692110677,11589.1680343673,0.999675677916558
"L[26]",1.79850817799888,0.00562933404852185,0.622576587596318,0.895778488227899,1.35496261484967,1.70195378354087,2.12863633193615,3.26794468445965,12231.2692901008,0.999745440589593
"L[27]",1.79502929853282,0.00594081854312054,0.616567592220004,0.882442699530543,1.34919172592352,1.69697769497384,2.13235340783093,3.21781777424996,10771.3171309933,0.999868768894667
"L[28]",1.80139596887016,0.00573165594667746,0.624711453951474,0.904858741994787,1.34445276623765,1.6988580188605,2.14197008463364,3.26990753321221,11879.5150229468,0.999746031558318
"L[29]",1.7994972306827,0.00578220790514698,0.625851635592562,0.870963208253146,1.33893122104549,1.69670817004287,2.15553471014529,3.29260134782552,11715.3529416972,0.999784209437154
"L[30]",1.79785726758071,0.0055705074065121,0.613360221598478,0.889514953013325,1.36203705986497,1.70037449262129,2.13164802216899,3.24190868040212,12123.8820422004,0.999634331256866
"L[31]",1.79748480370421,0.00564399973594639,0.613491760402247,0.890910020227139,1.35084942315666,1.69764004486188,2.14148099006227,3.26630495055613,11815.2658775282,0.99970090165563
"L[32]",1.79925956103325,0.00552804203433937,0.615367122708964,0.877515991904809,1.35205323215995,1.70094127359804,2.1572802626007,3.24151764736572,12391.5577576666,0.999544693456995
"L[33]",1.79042381264209,0.00557117766940043,0.605720955983285,0.901257212929313,1.34556119005895,1.70207797255389,2.11791909092375,3.21542289062959,11820.917350422,0.99975714880997
"L[34]",1.79782336445048,0.00574741026510092,0.61682122653302,0.900432837284723,1.35264795882279,1.70391372388788,2.13486584909282,3.23497083551728,11517.9243710329,0.999883074008331
"L[35]",1.79895281719279,0.00560615004397031,0.616383040904057,0.875377474222873,1.35108063894099,1.70505837180927,2.13797550524224,3.25724923516155,12088.4864474213,0.999615251305648
"L[36]",1.8003247064473,0.00569464090853435,0.622325517052041,0.888301426826355,1.35226745629993,1.70032815640418,2.13613553703147,3.30725937324135,11942.7001920561,0.999776274917791
"L[37]",1.79583199545262,0.00573027958431648,0.615738991208889,0.893555526216301,1.35991147924345,1.69780825184143,2.13284634377447,3.26924915145863,11546.2694348164,0.999657125342285
"L[38]",1.79912768285054,0.0056609279496848,0.611891193268886,0.901006285612766,1.35823028233618,1.69635142643456,2.14572228322558,3.24152824954653,11683.5050456633,0.999616127555817
"L[39]",1.80287658287517,0.00578148890108629,0.6203167760122,0.890220954833869,1.35962360253929,1.70070007802527,2.13516511632905,3.29280656309139,11511.9172859259,0.999709785738394
"L[40]",1.80178598973397,0.00581829141449131,0.619059134819857,0.88638565502308,1.357177227079,1.70457968997837,2.1401009842652,3.2914541120511,11320.7013595794,0.999609119863448
"L[41]",1.79782347767111,0.00580874555063825,0.616330867666366,0.896314053233803,1.36257210722563,1.69423808540461,2.14586224668625,3.25181334812237,11258.048943512,0.999739672511693
"L[42]",1.79921724588503,0.00572559740060094,0.622328480789291,0.890763156403276,1.34699284729081,1.70070005440193,2.14442841351709,3.28340231207959,11814.0210318753,0.999675279932126
"L[43]",1.79219099578557,0.00541098645038104,0.611403098343844,0.886415994164529,1.34983534009294,1.69636528978658,2.13582252410337,3.25661045032952,12767.3974323153,0.99976698119649
"L[44]",1.79359436836952,0.00567222349079226,0.616559458097135,0.891673288803493,1.34962614607358,1.7019616524045,2.13405127510729,3.22753815819149,11815.2593852207,0.999646059717474
"L[45]",1.7962688867908,0.00580115992210186,0.612216258631698,0.899833827452527,1.35663342347227,1.69623431508248,2.13141920097784,3.26775475079118,11137.3031766046,0.99979895382705
"L[46]",1.79900456558878,0.0058078248803039,0.623448117594574,0.897333014017412,1.35164828145601,1.69436363344562,2.13690964546718,3.25207848828874,11523.2135459679,0.999839897005649
"L[47]",1.79283237363078,0.00591865184862085,0.614004144178871,0.900084729037555,1.34431957731219,1.6969389574527,2.12763698372813,3.23040054271824,10762.0998263703,0.999794277207882
"L[48]",1.79722834607769,0.00577177912659566,0.618489871221606,0.888515697095488,1.35507087225492,1.70416832798045,2.12834697491122,3.2568964381695,11482.7464955218,0.999650801675591
"L[49]",1.79930205478694,0.00558415193257133,0.617543853797931,0.894490472733803,1.35632845835215,1.70079012477522,2.13249933262915,3.258227240715,12229.8507041922,0.999741542447471
"L[50]",1.80244837655162,0.00576233793235554,0.622114087285122,0.899354201421363,1.34631685311985,1.69537436308287,2.14146842429722,3.28870862326975,11655.8144068252,0.999774344803088
"L[51]",1.80024929413828,0.00576111520638638,0.620852720255326,0.87478427248498,1.36057663489444,1.69863650266403,2.12387033514535,3.28287316873935,11613.524932118,0.999659130455391
"L[52]",1.79904682498898,0.00578495219402071,0.620746842372543,0.891577422404728,1.34788793841278,1.69989821211905,2.13035070244082,3.25090201587847,11514.0865426329,0.999686645483891
"L[53]",1.79429776577819,0.00565052481298212,0.611640124584359,0.887981693335804,1.35189275263553,1.69612181859041,2.1287640532838,3.24374450772128,11716.9442482286,0.999644985247891
"L[54]",1.79612611555367,0.00579891131169414,0.614228926380372,0.893572134948779,1.36655559622803,1.69864304196651,2.13243084056937,3.25373232107542,11219.3474263946,0.999711532361262
"L[55]",1.79521788711081,0.0058143360980438,0.617438650192552,0.887047227735871,1.3548258042998,1.69748697801638,2.12753887204288,3.28789282520422,11276.8384393777,0.999715978498742
"L[56]",1.79402521152739,0.00558282515144577,0.608064967942422,0.896457005535744,1.35383762731968,1.70273751720689,2.11840380607613,3.23318566842709,11862.9285324345,0.999740039475947
"L[57]",1.79631279802009,0.00578366925384773,0.618639179325314,0.883505899612019,1.35294527112804,1.69386938916686,2.1373359436704,3.25879154517567,11441.1042644574,0.999783849217559
"L[58]",1.79813753196058,0.00575221663799306,0.617632139178875,0.889786310483603,1.35170021333434,1.69186187158682,2.14510758343121,3.27591118113828,11528.9380613978,0.999784076763261
"L[59]",1.80112172001485,0.00609777867958544,0.628187493003411,0.889637663939482,1.3463056650336,1.6966847000267,2.15141632755394,3.29074655611993,10612.9289312112,0.999729192520363
"L[60]",1.80088295116263,0.00598665915112225,0.627677936778546,0.885007806857673,1.34961242905447,1.69769117037856,2.13690217247679,3.32267094531685,10992.7072335364,0.999689372712794
"L[61]",1.79853800855114,0.00567226276100302,0.621776090420562,0.891664704739843,1.34930382869965,1.69483166552635,2.14024791310801,3.28254216880518,12015.8736773299,0.999794181486618
"L[62]",1.79957765450755,0.00588179696752698,0.623683099740107,0.885353269536625,1.34925703044167,1.69956083523837,2.13756891512081,3.27036443718087,11243.664898488,0.99967783221005
"L[63]",1.79572463101394,0.0057299543301835,0.619153951306386,0.893522061594542,1.35354641641563,1.69533057953078,2.12604567435384,3.29098318223328,11676.0239377513,0.999817758716464
"L[64]",1.78940139290711,0.00562081676577231,0.611174136518999,0.882510002693657,1.35422645495671,1.68923655768233,2.11612198876626,3.2337903178657,11823.0922856556,0.999994188734208
"L[65]",1.79912656475009,0.00584553936778119,0.622195037914503,0.888096646258849,1.34808629273298,1.69836830074718,2.14643883154431,3.29831513314073,11329.3216523692,0.999803113187082
"L[66]",1.79589502484505,0.00571093856921648,0.615254279898253,0.888605725995878,1.35329425873291,1.69792878590703,2.13239953200184,3.25501442633718,11606.3138345528,0.999826753912772
"L[67]",1.79519140561502,0.00552843763470779,0.609815754410843,0.899300557876358,1.35561173753479,1.70080971508873,2.12809642213523,3.19072683977009,12167.2505321375,0.999695694798953
"L[68]",1.79663484296993,0.00560101229193329,0.611474182605237,0.889483171951495,1.35323867295327,1.69899002114509,2.13766547658297,3.22707747670257,11918.5438541592,0.999710837369892
"L[69]",1.7986268181378,0.00551316392528712,0.61555184028653,0.899070042046776,1.35067659123082,1.70439285539687,2.14108702300583,3.24589524319726,12466.0095884734,0.999652840293861
"L[70]",1.80151300511614,0.00578409388867937,0.627107018069125,0.884285845299818,1.35449010019506,1.70112826062913,2.14304075344458,3.24905359671129,11754.7298990584,0.999729603719242
"L[71]",1.80144219432127,0.00577828371239838,0.623154102951012,0.873770718511238,1.35056328156968,1.70369180699393,2.13746513546366,3.29759045025679,11630.3609702442,0.99975926566791
"L[72]",1.79568700834928,0.00547429322308525,0.617891256643988,0.882191541904984,1.3515413912214,1.69971799178549,2.14007239810539,3.24199247802736,12739.9577438655,0.999678413346967
"L[73]",1.79634488485426,0.00586373373290584,0.622109018970385,0.889918377263268,1.35088353345621,1.70378281711285,2.1211963089799,3.28444508393338,11256.0111020914,0.999682485273868
"L[74]",1.80218500492207,0.0057763943755822,0.622539905314756,0.885282841509335,1.35436949814174,1.70485263619813,2.14676881753143,3.25417452236879,11615.0402117709,0.999648166153981
"L[75]",1.80367673911903,0.00569703738364096,0.620654774095784,0.907986469572303,1.35095461117314,1.70216663757403,2.1470026562391,3.27787659317521,11868.670201401,0.999739397925148
"L[76]",1.80271802839729,0.00584931193702315,0.633092037321634,0.875433430815638,1.34952326575842,1.70121359109341,2.14372052121569,3.27100897792459,11714.5102762089,0.999674400733333
"E_scale",1.32387680261659,0.000255097545717711,0.0305375099905228,1.26402306772286,1.30352748962701,1.32342030653864,1.34392589745822,1.38426847683507,14330.2802423059,0.999679962309324
"f_crab[1]",1,NA,0,1,1,1,1,1,NA,NA
"f_lower[1]",0,NA,0,0,0,0,0,0,NA,NA
"omega_C[1,1]",-0.0480844775213812,0.00192237776801336,0.108197574909797,-0.274266626505795,-0.106007103591126,-0.0439465090150463,0.010112662206239,0.157109318083382,3167.79874963361,1.00084021393911
"omega_C[2,1]",0.0759990860542691,0.00199588584220115,0.110388129624749,-0.135539541038978,0.0110601480230922,0.0704015640588135,0.136396199416914,0.308159581769697,3058.95687760577,1.00040133669543
"omega_C[3,1]",-0.0710484750913412,0.0020007698480788,0.106222840560672,-0.294295646374105,-0.127001361650385,-0.0667906940108636,-0.0107464786852926,0.136074249396862,2818.65261226621,1.00039191673684
"omega_C[4,1]",0.0603488850366748,0.00191545056857227,0.111022763085513,-0.175420633093708,-6.73588969039573e-05,0.0602953519387346,0.125034198717721,0.27222490667852,3359.55817456433,1.00082549937268
"omega_C[5,1]",-0.143057852023438,0.00222963612642672,0.119919526010978,-0.411785765645741,-0.209224566722943,-0.135433185966402,-0.0677991789423524,0.0646451565386587,2892.75612229601,1.00005856537379
"omega_C[6,1]",0.141148600185319,0.00198334228160548,0.120040495939131,-0.0680503181805668,0.0634371876907011,0.134802849596384,0.208940443923045,0.393785377908795,3663.19654727465,1.00032605655111
"omega_C_0[1,1]",-0.0480844775213812,0.00192237776801336,0.108197574909797,-0.274266626505795,-0.106007103591126,-0.0439465090150463,0.010112662206239,0.157109318083382,3167.79874963361,1.00084021393911
"lambda_C_S[1,1,1]",1.327157986197,0.00117906185057617,0.119136344678538,1.10442843362964,1.24515279550678,1.32243805880655,1.40484847331999,1.57771458608727,10209.7560835438,0.999835387713136
"lambda_C_S[1,2,1]",1.327157986197,0.00117906185057617,0.119136344678538,1.10442843362964,1.24515279550678,1.32243805880655,1.40484847331999,1.57771458608727,10209.7560835438,0.999835387713136
"lambda_C_S[1,3,1]",1.327157986197,0.00117906185057617,0.119136344678538,1.10442843362964,1.24515279550678,1.32243805880655,1.40484847331999,1.57771458608727,10209.7560835438,0.999835387713136
"lambda_C_S[1,4,1]",1.327157986197,0.00117906185057617,0.119136344678538,1.10442843362964,1.24515279550678,1.32243805880655,1.40484847331999,1.57771458608727,10209.7560835438,0.999835387713136
"lambda_C_S[1,5,1]",1.327157986197,0.00117906185057617,0.119136344678538,1.10442843362964,1.24515279550678,1.32243805880655,1.40484847331999,1.57771458608727,10209.7560835438,0.999835387713136
"lambda_C_S[1,6,1]",1.11849039081515,0.00112778136012645,0.100313280786098,0.93192551395488,1.0489882042152,1.11491201142599,1.18522974523716,1.32178566689006,7911.64959424946,0.999777867933829
"lambda_C_S[1,7,1]",1.11849039081515,0.00112778136012645,0.100313280786098,0.93192551395488,1.0489882042152,1.11491201142599,1.18522974523716,1.32178566689006,7911.64959424946,0.999777867933829
"lambda_C_S[1,8,1]",1.327157986197,0.00117906185057617,0.119136344678538,1.10442843362964,1.24515279550678,1.32243805880655,1.40484847331999,1.57771458608727,10209.7560835438,0.999835387713136
"lambda_C_S[1,9,1]",1.327157986197,0.00117906185057617,0.119136344678538,1.10442843362964,1.24515279550678,1.32243805880655,1.40484847331999,1.57771458608727,10209.7560835438,0.999835387713136
"lambda_C_S[1,10,1]",1.327157986197,0.00117906185057617,0.119136344678538,1.10442843362964,1.24515279550678,1.32243805880655,1.40484847331999,1.57771458608727,10209.7560835438,0.999835387713136
"lambda_C_S[1,11,1]",1.327157986197,0.00117906185057617,0.119136344678538,1.10442843362964,1.24515279550678,1.32243805880655,1.40484847331999,1.57771458608727,10209.7560835438,0.999835387713136
"lambda_C_S[1,12,1]",1.327157986197,0.00117906185057617,0.119136344678538,1.10442843362964,1.24515279550678,1.32243805880655,1.40484847331999,1.57771458608727,10209.7560835438,0.999835387713136
"lambda_C_S[1,13,1]",1.11849039081515,0.00112778136012645,0.100313280786098,0.93192551395488,1.0489882042152,1.11491201142599,1.18522974523716,1.32178566689006,7911.64959424946,0.999777867933829
"lambda_C_S[1,14,1]",1.11849039081515,0.00112778136012645,0.100313280786098,0.93192551395488,1.0489882042152,1.11491201142599,1.18522974523716,1.32178566689006,7911.64959424946,0.999777867933829
"lambda_C_S[1,15,1]",1.50324442544055,0.00168066931271424,0.144131791719474,1.2570316762979,1.40027395017619,1.49065938285216,1.59358066574304,1.81278065042727,7354.5317996291,0.999963582854111
"lambda_C_S[1,16,1]",1.50324442544055,0.00168066931271424,0.144131791719474,1.2570316762979,1.40027395017619,1.49065938285216,1.59358066574304,1.81278065042727,7354.5317996291,0.999963582854111
"lambda_C_S[1,17,1]",1.50324442544055,0.00168066931271424,0.144131791719474,1.2570316762979,1.40027395017619,1.49065938285216,1.59358066574304,1.81278065042727,7354.5317996291,0.999963582854111
"lambda_C_S[1,18,1]",1.50324442544055,0.00168066931271424,0.144131791719474,1.2570316762979,1.40027395017619,1.49065938285216,1.59358066574304,1.81278065042727,7354.5317996291,0.999963582854111
"lambda_C_S[1,19,1]",1.50324442544055,0.00168066931271424,0.144131791719474,1.2570316762979,1.40027395017619,1.49065938285216,1.59358066574304,1.81278065042727,7354.5317996291,0.999963582854111
"lambda_C_S[1,20,1]",1.26661690677504,0.00122169852292825,0.1184559365232,1.05812319932663,1.18395474717306,1.25834299125602,1.33972658744644,1.52856149472361,9401.24917777574,0.999732721509917
"lambda_C_S[1,21,1]",1.26661690677504,0.00122169852292825,0.1184559365232,1.05812319932663,1.18395474717306,1.25834299125602,1.33972658744644,1.52856149472361,9401.24917777574,0.999732721509917
"lambda_C_S[1,22,1]",1.50324442544055,0.00168066931271424,0.144131791719474,1.2570316762979,1.40027395017619,1.49065938285216,1.59358066574304,1.81278065042727,7354.5317996291,0.999963582854111
"lambda_C_S[1,23,1]",1.50324442544055,0.00168066931271424,0.144131791719474,1.2570316762979,1.40027395017619,1.49065938285216,1.59358066574304,1.81278065042727,7354.5317996291,0.999963582854111
"lambda_C_S[1,24,1]",1.50324442544055,0.00168066931271424,0.144131791719474,1.2570316762979,1.40027395017619,1.49065938285216,1.59358066574304,1.81278065042727,7354.5317996291,0.999963582854111
"lambda_C_S[1,25,1]",1.50324442544055,0.00168066931271424,0.144131791719474,1.2570316762979,1.40027395017619,1.49065938285216,1.59358066574304,1.81278065042727,7354.5317996291,0.999963582854111
"lambda_C_S[1,26,1]",1.50324442544055,0.00168066931271424,0.144131791719474,1.2570316762979,1.40027395017619,1.49065938285216,1.59358066574304,1.81278065042727,7354.5317996291,0.999963582854111
"lambda_C_S[1,27,1]",1.26661690677504,0.00122169852292825,0.1184559365232,1.05812319932663,1.18395474717306,1.25834299125602,1.33972658744644,1.52856149472361,9401.24917777574,0.999732721509917
"lambda_C_S[1,28,1]",1.26661690677504,0.00122169852292825,0.1184559365232,1.05812319932663,1.18395474717306,1.25834299125602,1.33972658744644,1.52856149472361,9401.24917777574,0.999732721509917
"lambda_C_S[1,29,1]",1.29578396723641,0.00111787487314149,0.101418029761072,1.10512154541299,1.22596219936994,1.29273732414333,1.36286496515549,1.50212679136078,8230.83602294308,1.0000285526019
"lambda_C_S[1,30,1]",1.29578396723641,0.00111787487314149,0.101418029761072,1.10512154541299,1.22596219936994,1.29273732414333,1.36286496515549,1.50212679136078,8230.83602294308,1.0000285526019
"lambda_C_S[1,31,1]",1.29578396723641,0.00111787487314149,0.101418029761072,1.10512154541299,1.22596219936994,1.29273732414333,1.36286496515549,1.50212679136078,8230.83602294308,1.0000285526019
"lambda_C_S[1,32,1]",1.29578396723641,0.00111787487314149,0.101418029761072,1.10512154541299,1.22596219936994,1.29273732414333,1.36286496515549,1.50212679136078,8230.83602294308,1.0000285526019
"lambda_C_S[1,33,1]",1.29578396723641,0.00111787487314149,0.101418029761072,1.10512154541299,1.22596219936994,1.29273732414333,1.36286496515549,1.50212679136078,8230.83602294308,1.0000285526019
"lambda_C_S[1,34,1]",1.09373992846221,0.00125002020911325,0.105059176101367,0.899472137839679,1.02134876796267,1.09013393454634,1.16334618562289,1.30842163919311,7063.72710467875,1.00003325032331
"lambda_C_S[1,35,1]",1.09373992846221,0.00125002020911325,0.105059176101367,0.899472137839679,1.02134876796267,1.09013393454634,1.16334618562289,1.30842163919311,7063.72710467875,1.00003325032331
"lambda_C_S[1,36,1]",1.29578396723641,0.00111787487314149,0.101418029761072,1.10512154541299,1.22596219936994,1.29273732414333,1.36286496515549,1.50212679136078,8230.83602294308,1.0000285526019
"lambda_C_S[1,37,1]",1.29578396723641,0.00111787487314149,0.101418029761072,1.10512154541299,1.22596219936994,1.29273732414333,1.36286496515549,1.50212679136078,8230.83602294308,1.0000285526019
"lambda_C_S[1,38,1]",1.29578396723641,0.00111787487314149,0.101418029761072,1.10512154541299,1.22596219936994,1.29273732414333,1.36286496515549,1.50212679136078,8230.83602294308,1.0000285526019
"lambda_C_S[1,39,1]",1.29578396723641,0.00111787487314149,0.101418029761072,1.10512154541299,1.22596219936994,1.29273732414333,1.36286496515549,1.50212679136078,8230.83602294308,1.0000285526019
"lambda_C_S[1,40,1]",1.29578396723641,0.00111787487314149,0.101418029761072,1.10512154541299,1.22596219936994,1.29273732414333,1.36286496515549,1.50212679136078,8230.83602294308,1.0000285526019
"lambda_C_S[1,41,1]",1.09373992846221,0.00125002020911325,0.105059176101367,0.899472137839679,1.02134876796267,1.09013393454634,1.16334618562289,1.30842163919311,7063.72710467875,1.00003325032331
"lambda_C_S[1,42,1]",1.09373992846221,0.00125002020911325,0.105059176101367,0.899472137839679,1.02134876796267,1.09013393454634,1.16334618562289,1.30842163919311,7063.72710467875,1.00003325032331
"lambda_C_S[1,43,1]",1.47986493993728,0.00145173927074365,0.141173213100879,1.23038178236951,1.37937576181304,1.46973649989042,1.57008972121029,1.78093022928909,9456.43297455817,0.999851629954052
"lambda_C_S[1,44,1]",1.47986493993728,0.00145173927074365,0.141173213100879,1.23038178236951,1.37937576181304,1.46973649989042,1.57008972121029,1.78093022928909,9456.43297455817,0.999851629954052
"lambda_C_S[1,45,1]",1.47986493993728,0.00145173927074365,0.141173213100879,1.23038178236951,1.37937576181304,1.46973649989042,1.57008972121029,1.78093022928909,9456.43297455817,0.999851629954052
"lambda_C_S[1,46,1]",1.47986493993728,0.00145173927074365,0.141173213100879,1.23038178236951,1.37937576181304,1.46973649989042,1.57008972121029,1.78093022928909,9456.43297455817,0.999851629954052
"lambda_C_S[1,47,1]",1.47986493993728,0.00145173927074365,0.141173213100879,1.23038178236951,1.37937576181304,1.46973649989042,1.57008972121029,1.78093022928909,9456.43297455817,0.999851629954052
"lambda_C_S[1,48,1]",1.24682200508484,0.00118393010454907,0.114831282491667,1.03725909059057,1.16766129425743,1.24111562210498,1.31884913143844,1.49326757720205,9407.37167701108,0.999664304070931
"lambda_C_S[1,49,1]",1.24682200508484,0.00118393010454907,0.114831282491667,1.03725909059057,1.16766129425743,1.24111562210498,1.31884913143844,1.49326757720205,9407.37167701108,0.999664304070931
"lambda_C_S[1,50,1]",1.47986493993728,0.00145173927074365,0.141173213100879,1.23038178236951,1.37937576181304,1.46973649989042,1.57008972121029,1.78093022928909,9456.43297455817,0.999851629954052
"lambda_C_S[1,51,1]",1.47986493993728,0.00145173927074365,0.141173213100879,1.23038178236951,1.37937576181304,1.46973649989042,1.57008972121029,1.78093022928909,9456.43297455817,0.999851629954052
"lambda_C_S[1,52,1]",1.47986493993728,0.00145173927074365,0.141173213100879,1.23038178236951,1.37937576181304,1.46973649989042,1.57008972121029,1.78093022928909,9456.43297455817,0.999851629954052
"lambda_C_S[1,53,1]",1.47986493993728,0.00145173927074365,0.141173213100879,1.23038178236951,1.37937576181304,1.46973649989042,1.57008972121029,1.78093022928909,9456.43297455817,0.999851629954052
"lambda_C_S[1,54,1]",1.47986493993728,0.00145173927074365,0.141173213100879,1.23038178236951,1.37937576181304,1.46973649989042,1.57008972121029,1.78093022928909,9456.43297455817,0.999851629954052
"lambda_C_S[1,55,1]",1.24682200508484,0.00118393010454907,0.114831282491667,1.03725909059057,1.16766129425743,1.24111562210498,1.31884913143844,1.49326757720205,9407.37167701108,0.999664304070931
"lambda_C_S[1,56,1]",1.24682200508484,0.00118393010454907,0.114831282491667,1.03725909059057,1.16766129425743,1.24111562210498,1.31884913143844,1.49326757720205,9407.37167701108,0.999664304070931
"lambda_C_S[1,57,1]",1.20792700027627,0.00147925350619966,0.118972596696401,0.987347118355815,1.12460722347542,1.20322277696579,1.28668899469268,1.44734805729956,6468.57572361603,0.999779707881476
"lambda_C_S[1,58,1]",1.20792700027627,0.00147925350619966,0.118972596696401,0.987347118355815,1.12460722347542,1.20322277696579,1.28668899469268,1.44734805729956,6468.57572361603,0.999779707881476
"lambda_C_S[1,59,1]",1.20792700027627,0.00147925350619966,0.118972596696401,0.987347118355815,1.12460722347542,1.20322277696579,1.28668899469268,1.44734805729956,6468.57572361603,0.999779707881476
"lambda_C_S[1,60,1]",1.20792700027627,0.00147925350619966,0.118972596696401,0.987347118355815,1.12460722347542,1.20322277696579,1.28668899469268,1.44734805729956,6468.57572361603,0.999779707881476
"lambda_C_S[1,61,1]",1.20792700027627,0.00147925350619966,0.118972596696401,0.987347118355815,1.12460722347542,1.20322277696579,1.28668899469268,1.44734805729956,6468.57572361603,0.999779707881476
"lambda_C_S[1,62,1]",1.01930182181611,0.00158725728877279,0.112900952302398,0.813329662477843,0.937648711831573,1.01514605383101,1.09326446965451,1.24940831830298,5059.41786798716,0.99992669226498
"lambda_C_S[1,63,1]",1.01930182181611,0.00158725728877279,0.112900952302398,0.813329662477843,0.937648711831573,1.01514605383101,1.09326446965451,1.24940831830298,5059.41786798716,0.99992669226498
"lambda_C_S[1,64,1]",1.20792700027627,0.00147925350619966,0.118972596696401,0.987347118355815,1.12460722347542,1.20322277696579,1.28668899469268,1.44734805729956,6468.57572361603,0.999779707881476
"lambda_C_S[1,65,1]",1.20792700027627,0.00147925350619966,0.118972596696401,0.987347118355815,1.12460722347542,1.20322277696579,1.28668899469268,1.44734805729956,6468.57572361603,0.999779707881476
"lambda_C_S[1,66,1]",1.20792700027627,0.00147925350619966,0.118972596696401,0.987347118355815,1.12460722347542,1.20322277696579,1.28668899469268,1.44734805729956,6468.57572361603,0.999779707881476
"lambda_C_S[1,67,1]",1.20792700027627,0.00147925350619966,0.118972596696401,0.987347118355815,1.12460722347542,1.20322277696579,1.28668899469268,1.44734805729956,6468.57572361603,0.999779707881476
"lambda_C_S[1,68,1]",1.20792700027627,0.00147925350619966,0.118972596696401,0.987347118355815,1.12460722347542,1.20322277696579,1.28668899469268,1.44734805729956,6468.57572361603,0.999779707881476
"lambda_C_S[1,69,1]",1.01930182181611,0.00158725728877279,0.112900952302398,0.813329662477843,0.937648711831573,1.01514605383101,1.09326446965451,1.24940831830298,5059.41786798716,0.99992669226498
"lambda_C_S[1,70,1]",1.01930182181611,0.00158725728877279,0.112900952302398,0.813329662477843,0.937648711831573,1.01514605383101,1.09326446965451,1.24940831830298,5059.41786798716,0.99992669226498
"lambda_C_S[1,71,1]",1.60692481521312,0.00242044771283044,0.178654350588041,1.30068377052828,1.48111829767528,1.59231406332756,1.71809643184469,1.9964160934043,5447.98348688707,0.999997211089983
"lambda_C_S[1,72,1]",1.60692481521312,0.00242044771283044,0.178654350588041,1.30068377052828,1.48111829767528,1.59231406332756,1.71809643184469,1.9964160934043,5447.98348688707,0.999997211089983
"lambda_C_S[1,73,1]",1.60692481521312,0.00242044771283044,0.178654350588041,1.30068377052828,1.48111829767528,1.59231406332756,1.71809643184469,1.9964160934043,5447.98348688707,0.999997211089983
"lambda_C_S[1,74,1]",1.60692481521312,0.00242044771283044,0.178654350588041,1.30068377052828,1.48111829767528,1.59231406332756,1.71809643184469,1.9964160934043,5447.98348688707,0.999997211089983
"lambda_C_S[1,75,1]",1.35166139849433,0.00157241852509107,0.124104488422088,1.13948328176751,1.26349784398893,1.34259939924694,1.42908551157419,1.61985426108836,6229.29178324456,1.00016239078071
"lambda_C_S[1,76,1]",1.35166139849433,0.00157241852509107,0.124104488422088,1.13948328176751,1.26349784398893,1.34259939924694,1.42908551157419,1.61985426108836,6229.29178324456,1.00016239078071
"Omega_C[1,1]",1,NA,0,1,1,1,1,1,NA,NA
"Omega_E[1,1]",1,NA,0,1,1,1,1,1,NA,NA
"lambda_Ctot_S[1,1,1]",73.7173165766981,0.294416642645118,29.6492310517157,32.3558933308199,52.7023665523243,68.2905355341844,88.6826701528254,144.873089031733,10141.4991143323,0.999767234097555
"lambda_Ctot_S[1,2,1]",73.7276905136698,0.29178035335466,29.6526629038617,32.5924484567895,52.3289496588684,68.0927295162165,88.6743803840256,147.60060803465,10327.9781194487,0.999670924965613
"lambda_Ctot_S[1,3,1]",73.6639139702653,0.288409037123121,29.3850660368415,32.8108651563958,52.8805958510322,68.6672177495279,87.9469077335101,145.883847061191,10380.9144701937,0.99977787239309
"lambda_Ctot_S[1,4,1]",73.6993809367942,0.28988885286529,29.3404634810868,32.5821241713248,52.9794802704687,68.3539691986313,88.50205161457,145.131773425212,10244.0315777995,0.999691364653308
"lambda_Ctot_S[1,5,1]",73.7854587047793,0.286051855320523,29.1002289595805,32.7745124583125,52.8022881360859,68.8925809554655,88.6962079437183,144.112480211183,10349.1164605826,0.999848772260622
"lambda_Ctot_S[1,6,1]",125.99847706719,0.49973801267694,51.7422439964882,54.064684736678,89.3730079894711,115.964196384173,152.456102628463,251.247226888816,10720.2706119247,0.999911222362824
"lambda_Ctot_S[1,7,1]",126.594052067277,0.51821520895085,52.5781994246473,53.6624468927447,88.9483361427357,116.94823515564,152.630430615807,253.070223505128,10294.1646193707,0.999854292596185
"lambda_Ctot_S[1,8,1]",73.6306428539907,0.284647428828732,29.1605328139551,32.998286913897,52.7835281740326,68.4108561384458,88.8042835130385,144.095774079158,10494.8534761702,1.00008204062851
"lambda_Ctot_S[1,9,1]",73.7556583390564,0.289523822215529,29.2836031750545,32.8486441267584,53.3050310036846,68.8603660030081,88.6386182051411,144.555048903648,10230.112719165,0.999631310806883
"lambda_Ctot_S[1,10,1]",73.5685812351686,0.289220634290382,29.2300790814132,32.4037379320885,52.8460630670474,68.7541046136558,88.3798865285495,144.790710334045,10214.1312036489,0.999783718997287
"lambda_Ctot_S[1,11,1]",73.5054238333129,0.288056733961855,29.2451433865224,32.5772683001495,52.8663410602199,68.3205624398669,88.0741795715426,145.491624591014,10307.4549533863,0.999813596499862
"lambda_Ctot_S[1,12,1]",73.5754250658048,0.292895206810634,29.5342475838115,33.1393358450344,52.6570204653408,68.2501176486522,88.4499077408297,144.631903435482,10167.8069820213,0.999833408684978
"lambda_Ctot_S[1,13,1]",125.999987157886,0.512848095649574,52.0952247613151,55.2431449035189,89.1996016724853,116.908472942919,151.067300532237,251.232428638703,10318.5420375306,0.99985711174051
"lambda_Ctot_S[1,14,1]",125.985176958022,0.506417198584277,52.0961499934707,54.3893011915221,88.915455689693,116.626655067721,152.135084900968,254.96251499131,10582.6483599116,0.999764527033847
"lambda_Ctot_S[1,15,1]",79.5965813622034,0.300936069067615,30.821946921913,36.5211182467144,57.8279069417587,74.2296344008868,94.7800383699424,154.806379668271,10489.9072656332,0.999799931743115
"lambda_Ctot_S[1,16,1]",79.7477506472012,0.303278415560518,31.2642750660216,35.985194395938,57.5089416632718,74.1810972052807,95.7568448894646,154.677594249103,10627.0743986029,1.00009974616479
"lambda_Ctot_S[1,17,1]",79.6243972704209,0.308778680038847,30.8866643090737,35.9580955586151,57.7836760721401,74.0162737837415,95.6164641599025,154.433822480863,10005.6982937473,0.99990806422358
"lambda_Ctot_S[1,18,1]",79.6855091824514,0.308517164321337,31.1058520859185,35.7514310222664,57.8106010086964,74.1449478949068,95.5782178418071,154.871598816201,10165.4250605426,0.999635967943329
"lambda_Ctot_S[1,19,1]",79.7945830921322,0.311037746703563,31.8250710382679,35.4574045714719,57.6907731702198,73.9241392228208,95.0276793472663,158.283606722342,10469.1776513286,0.999741884935286
"lambda_Ctot_S[1,20,1]",136.635246416981,0.513424729590066,54.7937395611137,59.8903353696252,97.7700746254723,126.269912557963,164.183559561028,269.114642965477,11389.5959140338,0.99975452641559
"lambda_Ctot_S[1,21,1]",136.293594512485,0.504432476990018,54.3080453100987,59.6084741779401,97.630091621897,125.925086949165,164.75595571098,268.229699546048,11591.0362266491,0.999828025619842
"lambda_Ctot_S[1,22,1]",80.0955003437507,0.32021588786172,32.112155626737,35.4904956001776,57.5608049837065,74.8156831388283,95.2984984313867,159.389937553233,10056.646106178,0.999854991812409
"lambda_Ctot_S[1,23,1]",79.8529949975791,0.311678523060252,31.4634631937398,35.8473218432423,57.8889535665213,73.9006820798124,95.9720067202577,157.286078017461,10190.5891638922,0.999920303509609
"lambda_Ctot_S[1,24,1]",79.6967368961626,0.313741176238551,31.1586585040528,35.7490068022229,57.8501071689175,74.1963445749951,94.6076030514063,155.454533682428,9863.12329247639,0.999799267815151
"lambda_Ctot_S[1,25,1]",80.0088817108548,0.313045837718422,31.6338106089294,35.4986906078719,57.4810407277937,74.2327371048314,95.996217984735,154.947702511872,10211.443832362,0.999736841554404
"lambda_Ctot_S[1,26,1]",79.8235399494195,0.304625658506958,31.4493427838416,35.4924894154097,57.6605937795485,74.3000257986875,95.8764712894619,156.187798416155,10658.3551233708,0.999833628870818
"lambda_Ctot_S[1,27,1]",136.390090781369,0.545027278639831,55.0190954718564,59.4037851855166,97.572875324016,126.774654002932,164.877676841813,268.834760138096,10190.3808132476,0.999783366644861
"lambda_Ctot_S[1,28,1]",136.804952388758,0.519761838165425,55.2759979338562,60.3003312948667,97.0990235738428,126.171470436907,165.977682413771,273.011110127275,11310.046865521,0.999826791514527
"lambda_Ctot_S[1,29,1]",64.7621006234297,0.23599172570109,24.8896381318363,29.1561507397671,46.6481278772816,60.7936331598413,77.8550031856684,124.469945548075,11123.5551614658,0.99982908993198
"lambda_Ctot_S[1,30,1]",64.6852323068344,0.226762159166781,24.3451151048679,29.6061688229411,47.4331337306689,60.4841309107497,77.3387044502628,124.05382378357,11526.10303026,0.99968574503
"lambda_Ctot_S[1,31,1]",64.6667927641611,0.229310080779385,24.3230609473256,29.6833772713488,47.2028710469831,60.6513685640848,77.7034327143677,123.317383389112,11250.9750457886,0.999697640248363
"lambda_Ctot_S[1,32,1]",64.7027833394866,0.222419339076331,24.2900716266737,29.4971510154925,46.8882485941594,60.7925264081237,78.3114707693458,121.283089480556,11926.4859011172,0.99957113766657
"lambda_Ctot_S[1,33,1]",64.4186509564382,0.230113339059197,24.1005247919361,30.1257699371705,46.9990081131775,60.4093943106743,77.3484006409141,122.026882551912,10969.0599582321,0.999671951582366
"lambda_Ctot_S[1,34,1]",111.127051620834,0.429090702994428,44.6104510475418,48.1889187809743,79.097481364176,103.425615094594,134.768737598866,217.190165131488,10808.738723646,1.00000161820879
"lambda_Ctot_S[1,35,1]",111.324038630895,0.434932746897455,45.1948179288218,48.4056933827439,78.9168497362471,103.298399845664,134.933626885652,224.692372872818,10797.7449966558,0.999721300466865
"lambda_Ctot_S[1,36,1]",64.7662187034025,0.232076932707178,24.5521790876811,29.7176443398371,46.8437381360744,60.6531001990164,77.7145403978742,124.29705052401,11192.2173311974,0.999751173231925
"lambda_Ctot_S[1,37,1]",64.6103362012676,0.233374080733124,24.4066537523511,29.5587967673143,47.319043931268,60.4523913900085,77.4346591075055,123.413418667223,10937.3280791646,0.999672374291356
"lambda_Ctot_S[1,38,1]",64.7294144717622,0.230867191710291,24.2646381208843,29.5325793608427,47.2361275477339,60.5577885344229,77.4044242081268,124.802800857742,11046.4618505567,0.999712978148747
"lambda_Ctot_S[1,39,1]",64.8791095721848,0.236052275746237,24.678338381587,29.9649499525561,47.277175917332,60.8698182949406,77.6700038805613,125.08028950475,10929.8813173661,0.9997358841829
"lambda_Ctot_S[1,40,1]",64.8329603812236,0.233733340883125,24.5308858041056,29.666437985692,47.1047441373173,60.5572589269792,77.7204192469509,124.082841855064,11015.0158914507,0.999551139442808
"lambda_Ctot_S[1,41,1]",111.206286991311,0.444916066120302,44.9725129996724,48.2918635296465,79.0700629342755,103.132435355163,134.321190438393,217.973366135062,10217.346805261,0.999835781615523
"lambda_Ctot_S[1,42,1]",111.356381369194,0.4469278318103,45.632244608556,47.7914477980016,78.8841525861449,103.136525680912,134.7663103856,221.148873612482,10424.8271423565,0.999843437455533
"lambda_Ctot_S[1,43,1]",68.1360002902491,0.254440072550409,26.2976371031849,30.1151958969616,49.4359844353959,63.4159118609329,82.4375099530927,130.608025534763,10682.2425428247,0.999875597588239
"lambda_Ctot_S[1,44,1]",68.2368131275527,0.268478315055446,26.6628359469018,30.254487480398,49.3101117871335,63.4197604595574,82.4415033264802,132.569681152226,9862.66436403028,0.999802498479097
"lambda_Ctot_S[1,45,1]",68.2860601787254,0.27564294408227,26.3940792195135,30.7323075967401,49.4355848109509,63.6939130569021,82.1311486108483,131.072296101253,9168.94298073896,0.999816276456246
"lambda_Ctot_S[1,46,1]",68.4056720315401,0.268728896389399,26.8880301167562,30.2172656776283,49.2836836070059,63.5358962883994,82.3720504396659,132.200624131176,10011.2713914838,0.999937975821057
"lambda_Ctot_S[1,47,1]",68.2089424306492,0.273360291424214,26.6127197863515,29.9625612847258,49.0357514605286,63.6481365700979,82.2994842527665,132.000555545309,9477.80272277285,1.00000106143946
"lambda_Ctot_S[1,48,1]",117.374691039024,0.477549359104138,48.2531752979811,50.3855769830485,83.162683374974,109.06757382902,141.72888856175,235.58978697496,10209.7536127399,0.999872646849679
"lambda_Ctot_S[1,49,1]",117.405264263734,0.472435442644635,47.7841120792313,50.3056110969909,82.9105489303753,108.429305770124,143.58363042777,233.928109123429,10230.1522685417,0.999880829341365
"lambda_Ctot_S[1,50,1]",68.5238499016006,0.267511988992573,26.77597797486,30.5392218978624,49.3333088946227,63.6853251359089,82.2926823424057,133.954759202405,10018.5341613029,0.999754501432607
"lambda_Ctot_S[1,51,1]",68.452658657352,0.266563001642412,26.7466772774914,30.1429245042436,49.7699892806411,63.7277167826041,82.0383031895547,133.692782047001,10067.924147519,0.999844321716668
"lambda_Ctot_S[1,52,1]",68.4166877744943,0.271002690307067,26.7817122398065,30.0770266102728,49.3958875041931,63.866923230104,82.4038507616259,133.038333128375,9766.28681184708,0.999827077450398
"lambda_Ctot_S[1,53,1]",68.248826776215,0.262758218192464,26.5468623624777,30.2225849758378,49.5205779712532,63.681206564748,81.9698409389212,133.210347296103,10207.3681765469,0.999729718464573
"lambda_Ctot_S[1,54,1]",68.3087265384868,0.268205920800206,26.5375064595675,30.2554159621461,49.489718554208,63.8774144620271,82.1036664840581,130.800523843986,9790.01830721339,0.999730731518959
"lambda_Ctot_S[1,55,1]",117.120209911628,0.484344788102398,47.7271964293402,49.8150851183645,83.3571649036571,108.874610455777,141.448843260291,234.854274955717,9710.07504491114,0.999880048508428
"lambda_Ctot_S[1,56,1]",117.091315939702,0.474776800007549,47.3731883453482,49.9476018402793,83.4192363973404,108.552846198177,141.774136027625,233.612327600537,9956.03126785841,0.999939196566148
"lambda_Ctot_S[1,57,1]",54.4822242730327,0.232069164075735,21.7500534495284,23.7812056092011,38.7898434011024,50.8869284052505,66.0796550499857,106.970155465511,8783.867605661,0.999704504712767
"lambda_Ctot_S[1,58,1]",54.4771374407005,0.216662808996524,21.4957628263754,23.9524101274345,38.9099022422319,50.7293837974462,65.840315593738,107.323161527155,9843.21530034322,0.999971079026686
"lambda_Ctot_S[1,59,1]",54.6274125690028,0.233580398334719,22.0768321123912,23.5201946819761,38.9447767137047,51.005020319746,65.7833428299308,108.206501730698,8933.06965768307,0.999846927574956
"lambda_Ctot_S[1,60,1]",54.5905362636505,0.23333759840703,21.9202654526895,23.721271075891,39.1481225014516,50.8617981454992,65.5393605431976,106.923572914607,8825.15152761551,0.999800326511549
"lambda_Ctot_S[1,61,1]",54.5143733408054,0.217880089530956,21.7761306486482,23.5832646763746,39.0338108896505,50.6144577636029,65.5707669917622,105.674709887217,9989.09944769315,1.00009678638968
"lambda_Ctot_S[1,62,1]",93.8895666383634,0.435381436669687,40.1562203110653,38.4634662820201,65.3306980950533,86.9558416657759,113.796725991214,193.329366099919,8506.79251534535,0.999864519809627
"lambda_Ctot_S[1,63,1]",93.672205230826,0.425514537976018,39.8538683243132,38.2578831272356,65.6813138885671,86.2330575409196,113.120045483451,191.461607825793,8772.27338593269,1.00007803951797
"lambda_Ctot_S[1,64,1]",54.2585891017148,0.217628284058733,21.5842199771582,23.70397827231,39.1098478863403,50.5024993347575,65.3341216807475,105.747939414004,9836.53273183634,0.999970336980712
"lambda_Ctot_S[1,65,1]",54.5205495889959,0.220580308215185,21.6815414072895,23.8365332545458,39.0181269539021,50.7315752199695,65.8781648966787,106.304080195294,9661.5505423285,1.00001259917708
"lambda_Ctot_S[1,66,1]",54.3931855303617,0.219880794105666,21.4410743855784,23.7792249623692,38.8937740721638,50.5108259574037,65.7453992519559,106.496424464808,9508.64193393704,1.00001755589202
"lambda_Ctot_S[1,67,1]",54.4100719911692,0.213376924893391,21.3644675657244,24.0584467511118,38.9402199441464,51.0123458424427,65.7112494988562,105.735629749307,10025.112251871,0.999781101750349
"lambda_Ctot_S[1,68,1]",54.4723422975392,0.214519788237601,21.4828132845252,23.8170585825086,39.0621927932091,50.7679379638633,65.9215409245546,105.790990117191,10028.7680883004,0.99991193368009
"lambda_Ctot_S[1,69,1]",93.7635228988376,0.42608005382833,39.446521588545,38.8925633644647,65.7481804093201,86.6213580384745,113.602222016973,192.037523393869,8571.06952612921,0.99991443787141
"lambda_Ctot_S[1,70,1]",93.8552028259049,0.423742746418085,39.7677673842551,39.0312826492752,65.089048330316,86.6572204338559,113.374158113892,192.59354730579,8807.60573254629,0.999882750021011
"lambda_Ctot_S[1,71,1]",91.6327251184739,0.429935557532533,40.2931261067708,37.8281127286292,63.6595010543634,83.5427069427501,109.843254701421,193.015990177435,8783.2490385481,0.999979208366747
"lambda_Ctot_S[1,72,1]",91.2897520035704,0.417718716247149,39.881605947929,38.4936213947106,63.5118315951996,83.4858617846606,110.521986593935,190.846748588032,9115.4351759181,1.00009145712795
"lambda_Ctot_S[1,73,1]",91.4277676045089,0.438398781570414,40.38635225027,38.3654716503184,63.1410376186509,83.8227255861003,109.634299766369,194.453797661473,8486.53840358975,1.0000406492599
"lambda_Ctot_S[1,74,1]",91.748529209647,0.446761474280551,40.6787189487436,38.2903055720991,63.5609105237557,84.165476326904,110.827835878672,191.654481356706,8290.54545121043,1.00042093950561
"lambda_Ctot_S[1,75,1]",159.443075220868,1.38586386378324,117.657335792136,42.6941624852318,86.6783298888146,130.158854967992,194.040827376837,454.845655779813,7207.7029312102,1.00006441316845
"lambda_Ctot_S[1,76,1]",156.18935231598,0.705031692430214,68.6775118658373,64.9077017195569,108.244169788091,142.494150642425,189.290699035158,321.064946505058,9488.81164210145,0.999777125791907
"C[1,1,1]",73.66575,0.313160832448874,30.8956444267322,30,52,68,90,146,9733.28945233861,0.999663543336156
"C[1,2,1]",73.85325,0.311566430574964,30.8733276426832,30,52,68,90,150,9818.96170000358,0.999667016056046
"C[1,3,1]",73.594875,0.30432936085007,30.5859189176797,30,52,68,89,148,10100.7903711322,0.999834114010256
"C[1,4,1]",73.61425,0.308979987663237,30.4714909531453,30,52,69,89,147,9725.83071428876,0.999778873472419
"C[1,5,1]",73.72175,0.307318818465495,30.4319172849199,30,52,68,90,147,9805.73878837277,0.999872943918653
"C[1,6,1]",126.10575,0.507967968816488,52.9029149172174,52,88,116,154,255.025,10846.4232832358,1.00000486576415
"C[1,7,1]",126.78725,0.529314247585072,53.7180062033329,52,88,117,155,257,10299.41604659,0.999856243306741
"C[1,8,1]",73.57025,0.300430927179242,30.329977800547,30,52,68,89,147,10191.894246906,1.00012344477992
"C[1,9,1]",73.627,0.298597030875791,30.5371320780856,30,52,69,89,146,10458.8883056726,0.999661581983861
"C[1,10,1]",73.545625,0.309337622757081,30.6628919865282,30,52,68,89,147,9825.63753210015,0.999862283384987
"C[1,11,1]",73.35025,0.301476911104615,30.3748605586387,30,52,68,89,149,10151.2721707859,0.999980745364345
"C[1,12,1]",73.4175,0.310381117707188,30.6453395454265,30,52,68,89,147,9748.51108383812,0.999835272334777
"C[1,13,1]",125.926625,0.533979690126914,53.2848468185087,53,88,116,152,257,9957.67540486119,0.999801957242843
"C[1,14,1]",126.01975,0.524378926668688,53.4909339976411,51.975,88,116,153,260,10405.666475029,0.999761674587627
"C[1,15,1]",79.567625,0.319131685917424,31.9000803878371,34,57,74,96,156,9991.79929751842,0.999821974272977
"C[1,16,1]",79.895375,0.318983621550122,32.6354839547538,33,57,74,97,159,10467.5090641438,1.00011737783167
"C[1,17,1]",79.62675,0.323295467626937,32.0281854000504,33,57,74,97,158,9814.43798892823,0.999852777422342
"C[1,18,1]",79.67525,0.324207020576357,32.3725429203421,34,57,74,97,157,9970.31318547188,0.999679555488474
"C[1,19,1]",79.839625,0.327357326799878,33.113818421932,33,57,74,96,162,10232.3266271104,0.999754426069021
"C[1,20,1]",136.469875,0.524675851075512,56.0355007084958,57,97,126.5,165.25,273,11406.2887772001,0.999720185099764
"C[1,21,1]",136.21775,0.518134697688331,55.2966956563076,58,97,127,165,268,11389.7189404156,0.999824342428411
"C[1,22,1]",80.150625,0.332393777971236,33.2506825207452,33,57,74,96,161.025,10006.8031634411,0.999830822775094
"C[1,23,1]",79.888375,0.323056352606162,32.5659098163961,33,57,74,97,158,10161.7816963458,0.999907923822458
"C[1,24,1]",79.67675,0.336836880642822,32.3529843891929,34,57,74,96,159,9225.4895817803,0.999858869094029
"C[1,25,1]",80.150375,0.33315645382095,32.9043477274933,33,57,74,97,157,9754.61449640222,0.999692762857066
"C[1,26,1]",79.81325,0.320366289378599,32.7665046948288,33,57,74,97,158,10460.8412264285,1.00004280550616
"C[1,27,1]",136.347125,0.562068932550968,56.2215304558247,58,97,127,166,270,10005.2090075662,0.999720708756662
"C[1,28,1]",136.82025,0.536825639063881,56.5224626899436,59,96,126,166,276,11086.0198564791,0.999817322745655
"C[1,29,1]",64.812625,0.250981978867615,26.0364600659531,27,46,61,79,127,10761.6483181171,0.999896076332567
"C[1,30,1]",64.701625,0.244577816966996,25.7540629091589,27,46,61,78,127,11088.1061731886,0.999791693686447
"C[1,31,1]",64.659625,0.247493543912803,25.7419910092832,27,46,60,78,126,10818.237701404,0.999805659467966
"C[1,32,1]",64.702875,0.242755902243559,25.537161354791,27,46,61,79,125,11066.3816872463,0.999750945387205
"C[1,33,1]",64.4,0.250342657690478,25.4336019571268,27,46,60,78,125,10321.5762060889,0.999764864780879
"C[1,34,1]",111.15625,0.440070982191995,45.8471627391369,46,78,103,136,220,10853.7412442105,1.00000283410207
"C[1,35,1]",111.3665,0.456275777725253,46.6681333147511,46,78,103,136,223,10461.3090330975,0.99969167650176
"C[1,36,1]",64.965125,0.244110671967941,25.8568410824528,27,46,61,79,126,11219.6006792941,0.999553012511842
"C[1,37,1]",64.47025,0.248555127212481,25.6494123028469,27,46,60,78,126,10649.0136804791,0.999755512140911
"C[1,38,1]",64.8105,0.249100893671468,25.6734392015377,27,46,61,78,127,10622.2747310104,0.999803150289922
"C[1,39,1]",65.0645,0.255174987612745,25.9388789836871,27,46,61,79,127,10332.9945719393,0.999780589220727
"C[1,40,1]",64.778375,0.255937213255214,25.9750331116732,26,46,61,78,126,10300.1926104197,0.999565550460855
"C[1,41,1]",111.216125,0.453184611951509,46.0309626357577,46,78,103,135,221,10316.9138720092,0.999843751558935
"C[1,42,1]",111.361,0.459357896244413,46.5788431326761,46,79,103,135,224,10281.9390089017,0.999793648852163
"C[1,43,1]",67.86175,0.270639457545675,27.5428931542769,27,48,63,83,134,10357.0693951393,0.999978214560657
"C[1,44,1]",68.33075,0.283737192163009,27.9757696033212,28,48.75,64,83,134,9721.46130664386,0.99987782622684
"C[1,45,1]",68.324625,0.291105025410096,27.6303125729874,29,49,64,83,133,9008.90879728925,0.999914855329337
"C[1,46,1]",68.490125,0.28223931046192,28.1041702071464,28,48,64,83,136,9915.31530316172,0.999892212008682
"C[1,47,1]",68.131375,0.287106221148493,27.8690635148909,28,48,63,83,135,9422.35677188044,1.00009612994449
"C[1,48,1]",117.271875,0.496313394139234,49.3663583693562,48,83,109,142,238,9893.50532039008,1.00004991922346
"C[1,49,1]",117.419,0.487283501477364,49.059382811856,48,82,109,143,235,10136.3301186372,0.999793215414954
"C[1,50,1]",68.609875,0.282277663611164,28.055896334804,28,49,64,83,137,9878.59698656523,0.99983748660044
"C[1,51,1]",68.64575,0.285162387587852,27.9935521470164,28,49,64,83,137,9636.77093574807,0.999840433970461
"C[1,52,1]",68.466875,0.285065366157512,27.9952695937069,27,48.75,64,83,136,9644.51506590394,0.999917276217256
"C[1,53,1]",68.1685,0.275797119160438,27.9415138955434,28,49,64,83,136,10264.0891348196,0.999764278375177
"C[1,54,1]",68.302,0.288718392848508,27.8858162574371,28,48,64,83,135,9328.62896213997,0.999802585050473
"C[1,55,1]",117.114875,0.50110529312026,49.0833176878232,47,82,109,142,238,9594.22369916778,0.999932535057524
"C[1,56,1]",117.09725,0.48297344456355,48.7650725055809,48,82,109,143,236.025,10194.6247247933,0.999927739155851
"C[1,57,1]",54.42775,0.24501085077999,22.8768867840691,21,38,51,67,110,8718.12735774303,0.999768219551987
"C[1,58,1]",54.515875,0.235029547180604,22.8226610459106,21.975,38,51,66,110,9429.4775949268,0.999971637526582
"C[1,59,1]",54.7875,0.248090074875648,23.3529604942389,22,38,51,67,112,8860.64034697623,0.999823580318966
"C[1,60,1]",54.55825,0.249123805713632,23.1153606271807,22,38,51,67,110,8609.36037700856,0.999922519544636
"C[1,61,1]",54.487625,0.236445167279256,22.9726318602418,22,38,51,66,109,9439.75281651475,0.999984735586356
"C[1,62,1]",94.064625,0.459489514297131,41.2643525571209,37,64,87,114,195,8064.89765611418,0.999828851255501
"C[1,63,1]",93.7865,0.438244882037749,41.0555338822648,37,65,86,114,195.025,8776.26447052662,1.00025186124884
"C[1,64,1]",54.11275,0.231273671713775,22.6996794441763,21,38,50,66,108,9633.56557518983,1.00028475302983
"C[1,65,1]",54.499375,0.237261893767417,22.8779845021635,22,38,50,67,109,9297.78582347246,1.0000660522039
"C[1,66,1]",54.435875,0.239110522891697,22.7667614882521,21,38,51,67,109,9065.77919382659,0.99992003190288
"C[1,67,1]",54.3445,0.230533601807056,22.5266953024663,22,38,51,67,107,9548.30972970581,0.999799405664075
"C[1,68,1]",54.4675,0.232242692539621,22.7829942468798,21,38,51,67,108,9623.59826458745,0.999738397109651
"C[1,69,1]",93.980125,0.437777583416492,40.7689157698118,36,65,87,115,195,8672.63930281945,0.999943169038066
"C[1,70,1]",93.86725,0.437324953630776,40.8527997369004,37,65,87,115,193.025,8726.40032947176,0.999939345910713
"C[1,71,1]",91.670125,0.440464575438275,41.331723245017,36,63,84,111,196,8805.31817945142,1.00005606701315
"C[1,72,1]",91.336875,0.433798617169068,40.9633084517631,36,62,83,112,192,8916.89648243126,1.00004643977421
"C[1,73,1]",91.556,0.460657726448247,41.5873544783335,37,63,84,111,195,8150.15500949789,1.00004153608562
"C[1,74,1]",91.912375,0.461852944583657,41.6362599680542,36,63,84,112,196,8127.10721895076,1.00023724273843
"C[1,75,1]",159.835875,1.39317329035944,118.482834034005,40,87,129,196,456.025,7232.70227113784,1.0000921798184
"C[1,76,1]",156.184125,0.719752251229675,69.9963278231292,62,107,143,189,327,9457.67637363426,0.999797346705234
"E[1,1,1]",55.5039893218396,0.214278507488032,21.5365922621573,25.1427587035006,40.3415943315573,51.6041202277457,66.6541063366074,107.006306426248,10101.7530259742,0.999686177119796
"E[1,2,1]",55.5113794654381,0.21364559377538,21.5527875140206,25.5175353206478,39.9376429889767,51.6970574348545,66.5040678562171,110.244779373933,10176.9821751402,0.999626977680216
"E[1,3,1]",55.4768927469005,0.20884503831835,21.340932095234,25.3931808554334,40.2932520775984,51.901506445289,66.4936907011981,106.588157835856,10441.8738974148,0.99971777973009
"E[1,4,1]",55.5039153440448,0.21227711615999,21.3611114689753,25.3446035374618,40.3700224532599,51.9389912062583,66.4031211924356,108.237253201367,10126.0795446752,0.999648236311784
"E[1,5,1]",55.5655365920046,0.207952580833335,21.1650584014394,25.6219703331379,40.2260700555935,52.1185542267875,66.4739772089193,106.589702893158,10358.8206316289,0.999701436759454
"E[1,6,1]",112.614012885851,0.431411151033141,44.8255716992004,49.6770800738223,80.8465586752284,104.391789547872,135.549541296669,222.352938216282,10796.1507833945,0.999824276167683
"E[1,7,1]",113.13219897593,0.446748659806655,45.5040995857852,49.8669997382829,80.4874494955137,104.887441590009,135.994225873446,224.961756631536,10374.6757853903,0.999776016048746
"E[1,8,1]",55.444757134476,0.207458544212374,21.184462648494,25.7995191811721,40.2905238892801,51.7961293467593,66.564412889091,106.782926355737,10427.3092244839,0.999922931189653
"E[1,9,1]",55.5500565425001,0.213249866247489,21.3350961380168,25.413723248913,40.3793165289463,51.8857915472626,66.5505533375531,106.770657045885,10009.4836257099,0.99962220457086
"E[1,10,1]",55.4124367202014,0.211585106239395,21.2604779602539,25.4795102034176,40.3710570590859,51.9164936467186,66.359683634666,106.674064197326,10096.6164766581,0.999724314922921
"E[1,11,1]",55.3623358713548,0.211698132363061,21.2998811674027,25.2408111071927,40.3464260179077,51.5121310724592,66.1174511336718,108.360950853175,10123.2580563309,0.999733276850881
"E[1,12,1]",55.4074044142045,0.214317098117554,21.4671979319755,25.4572582859692,40.1368683936611,51.5839515316732,66.3627992174843,107.143286809857,10033.1448142819,0.999755237982214
"E[1,13,1]",112.631039768272,0.444633462193432,45.1520782139444,50.6473944391502,80.3421186831829,104.779595761373,134.667888200141,222.006045708088,10312.1970082525,0.999752738491488
"E[1,14,1]",112.680730763773,0.441896518408351,45.4549787998856,49.7992158706785,80.2018442617782,104.611091569554,135.100057812269,226.383395222422,10580.8792775511,0.999699280519997
"E[1,15,1]",52.9380050378901,0.185079755879657,19.6758115261652,24.6454551624406,38.9624672057677,49.6496938400694,63.0894535275586,100.173037905777,11301.7962011479,0.99968261704789
"E[1,16,1]",53.0409345425079,0.187850774649337,20.0112208027067,24.6503244372778,38.7365874900051,49.4369465135401,63.4217051781012,101.123406474025,11348.048605994,0.999883752740297
"E[1,17,1]",52.9526623298824,0.188793877746154,19.7006614930668,24.6135998767069,38.9548372379059,49.6695109307082,63.2851711413121,99.0630555410342,10888.9449959654,0.999747165663068
"E[1,18,1]",52.986269790395,0.189020821549234,19.8404108824056,24.8378103688045,38.9775877767924,49.6095544572965,63.4857716700239,100.543206381339,11017.4739138111,0.999575363323975
"E[1,19,1]",53.0425811100999,0.189712233167506,20.2620490529168,24.3082668492846,38.8722670410988,49.4423505980256,63.219033773836,102.371732597381,11407.1211031273,0.999675568200929
"E[1,20,1]",107.854264050446,0.38919873895986,41.8481514109814,48.9727442629134,77.9642768081446,100.653668980599,129.160669593698,207.760241639894,11561.3808510409,0.99970900566819
"E[1,21,1]",107.553272331019,0.385051711218647,41.3420598899762,48.5886388209883,77.9450269757098,100.4922321319,129.484567242444,205.943464050977,11527.7913691529,0.999791862136859
"E[1,22,1]",53.2728410708727,0.194714444526766,20.5173679583594,24.3004863786588,38.7581896122455,49.9153693993919,63.5871033262089,103.32849402006,11103.1691029811,0.999744446235086
"E[1,23,1]",53.0971268556196,0.19154226934233,20.0585698297895,24.3850453516124,38.845582013016,49.6163546297162,63.6935639706396,102.685194781779,10966.5663968058,0.999765637442625
"E[1,24,1]",53.0028862151999,0.192531039466985,19.9010297530805,24.5701173004764,38.9881543103304,49.6467790743376,63.1371427396309,100.479006500862,10684.3864244268,0.999677842863918
"E[1,25,1]",53.199933816284,0.194086472908364,20.2483322318068,24.743459367071,38.8243452546855,49.5289321522172,63.6370184146507,101.324096017319,10883.9861528398,0.99961345584833
"E[1,26,1]",53.0861331834093,0.187877855717447,20.149802372675,24.5034592229758,38.8328505243362,49.8286058789343,63.0994289106485,102.146461849235,11502.4510098927,0.999738608749611
"E[1,27,1]",107.653938909125,0.407558323428211,41.8592736744084,48.5181715950389,77.6382045342847,100.385765199348,129.757303991368,207.110582989907,10548.8190500755,0.999782992598542
"E[1,28,1]",107.980386737615,0.393922204224069,42.1344566628505,49.2405118719517,77.2783129658491,99.9904822954643,129.778327352544,212.057092022534,11440.7336000757,0.999794992747056
"E[1,29,1]",49.9636383470271,0.174850024885553,18.7208710909835,22.7715648663306,36.3891751279996,46.8705691833402,59.8990170977591,93.9022476072613,11463.5916824842,0.999982521716904
"E[1,30,1]",49.9139748236924,0.168966207828279,18.3519850472688,23.2602736027586,37.1069297557619,46.608598216981,59.3635645484013,94.6998949575072,11796.8587417539,0.999743062989555
"E[1,31,1]",49.8934252634418,0.170454178777475,18.3099473367629,23.1298061738401,36.582418154476,46.9490420628602,59.5653771284847,94.0570316802712,11538.7532165362,0.999810984509859
"E[1,32,1]",49.9219849216297,0.165185585779106,18.2743864167455,23.1438903873251,36.6428499744328,46.9330901444694,59.9801865089483,93.0448955527787,12238.8697343848,0.999643487555476
"E[1,33,1]",49.6880991026325,0.16920015257767,18.0718853455711,23.8058421720351,36.8250582563127,46.5339675747062,59.1860464422093,93.6242282249045,11407.8926182891,0.999801229476014
"E[1,34,1]",101.601127974772,0.375190350297393,39.475902084814,45.782663646434,73.3538612824643,94.6565569306453,122.321199678226,197.122914715756,11070.3360922324,1.00006042352499
"E[1,35,1]",101.773569631256,0.377748429192234,39.9687424347207,44.9085132798217,73.1623317348102,95.1039674967501,122.34588356885,198.68286847221,11195.2973688322,0.999715320531482
"E[1,36,1]",49.9604014835369,0.172701829241954,18.458150217299,23.2443304292945,36.6521163291556,46.8921017638678,59.5219822261024,94.2797858391073,11423.060499533,0.999900271904508
"E[1,37,1]",49.8577038183587,0.174157391045828,18.3972236157579,23.3415967313382,36.7822995650026,46.8551487806786,59.4270304338128,94.1477312117579,11158.8837700609,0.999674992228859
"E[1,38,1]",49.9299261098905,0.170336983495467,18.2083654191212,23.1950925927682,36.9634877496697,46.8439255260071,59.4384326748655,94.4127569953321,11426.7839740158,0.999781457345694
"E[1,39,1]",50.0576519289729,0.175673819575317,18.5830804750519,23.6386536398837,36.8904029447821,47.0000044927069,59.5873941751864,94.8566559918817,11189.7743110696,0.99981189427484
"E[1,40,1]",50.0096205153212,0.173973483856463,18.4096951805906,23.0775517177097,36.7947835723293,47.0274649194237,59.5794146532795,94.5970213693261,11197.6547909062,0.999619764850161
"E[1,41,1]",101.626926219436,0.383798365428633,39.5548737356427,45.6934969075538,73.3945677091888,94.8701198836032,122.690889972235,196.450790618031,10621.6934574945,0.999896626026411
"E[1,42,1]",101.77470082791,0.388215662756261,40.2480923871177,45.4947760863337,72.9612479218582,94.8331367166817,122.287963648145,198.123555008149,10748.4167229782,0.999934089073028
"E[1,43,1]",46.04422522966,0.164498485030296,17.1425641228728,20.9236921905528,33.7228966813108,43.1686242699921,55.2916891431043,86.7291843265095,10859.9483579049,0.999891028131188
"E[1,44,1]",46.1066887278123,0.175113389139487,17.3739698333135,21.0079790688822,33.5743048923417,43.154224775618,55.3454050470541,87.9653899351116,9843.72379518386,0.999811298718056
"E[1,45,1]",46.1372141422046,0.177116144770946,17.2030909420237,21.389821972507,33.8311294604079,43.4097576309895,55.0817328681922,87.3174041017578,9434.01732349648,0.9998770269588
"E[1,46,1]",46.2245792246475,0.174076255610463,17.4875864486417,21.1147922035206,33.7011357150354,43.2745549215042,55.4469532158656,88.021021349525,10092.0798015712,0.999930875300101
"E[1,47,1]",46.0811374190832,0.178218999409765,17.336610970799,20.8962019242015,33.5734389678914,43.3264808310546,55.1943117575768,87.2118351800055,9462.81621934674,1.00005773710775
"E[1,48,1]",94.0847051878737,0.375329583236252,37.4778764071164,41.1509401503163,67.6486306246039,87.9686329432526,113.975192711549,184.977995260634,9970.67031168176,0.999930121165329
"E[1,49,1]",94.1743286137025,0.375526477027059,37.3126883885197,41.1657213912594,67.2314956392131,87.817093506451,114.191955999678,182.7258223047,9872.60943473535,0.999947228714523
"E[1,50,1]",46.3102309796341,0.174987456442479,17.4811730593701,20.9732934714832,33.9676501236579,43.0769872646932,55.5740049429238,88.8005283343032,9979.92569082729,0.999810330189331
"E[1,51,1]",46.2454638241385,0.171921684176549,17.3924209697305,20.8202114695885,33.8283387769051,43.2968763728035,55.0229433539602,88.1832998802046,10234.3146104822,0.999817319448276
"E[1,52,1]",46.2353343732519,0.177754047939135,17.4700979542005,20.8240278613546,33.8233822794038,43.2656102587211,55.4315775978398,88.7411959881578,9659.4340345524,0.999872968445404
"E[1,53,1]",46.1187455328928,0.17066201952911,17.2811541784534,21.0335994096151,33.7919193206212,43.28077451457,55.3713850225562,88.0944319523953,10253.4903890937,0.999763940041282
"E[1,54,1]",46.1594973356133,0.174006756475589,17.3236822679416,21.146806451428,33.9917580801817,43.4099622092468,55.2067263129644,87.3247428677425,9911.7010815899,0.999752026799167
"E[1,55,1]",93.9561493082816,0.386524378530895,37.3889515020635,41.4862091276185,67.5690190318532,87.3092013342626,113.355840872617,184.419885601743,9356.91731419027,0.999901471306861
"E[1,56,1]",93.8782104879284,0.371511777640728,36.7732675429253,41.3799259973227,67.6142415164065,87.3571178801171,113.062731109534,185.435734450324,9797.59019796417,0.999984517022123
"E[1,57,1]",45.0722714488652,0.178385499341207,17.2610637909491,20.2486656817419,32.4980508042092,42.1712471493314,54.4795777635875,86.272965855821,9363.02144985447,0.999767197278508
"E[1,58,1]",45.0816817141611,0.168511158268307,17.1360076765591,20.3455574222845,32.8159487861811,42.2927564133436,54.1084385716678,86.5006129493473,10340.9864387517,1.00007614453503
"E[1,59,1]",45.2068163030445,0.183591145120773,17.6041551463806,20.2042466065155,32.8106602788375,42.2769786540692,54.1929389010274,87.4534232134851,9194.47451472636,0.999945641442714
"E[1,60,1]",45.167829122927,0.182861443359031,17.4344013437588,20.4217408594543,32.7921529739008,42.2489746272883,54.2199784580417,86.9096478322637,9090.12367064531,0.999817469378297
"E[1,61,1]",45.1195887166832,0.169221874541559,17.3867063205278,20.1605380175736,32.7724624456829,42.2433570579798,54.1114715472683,87.1933993501435,10556.5408789545,1.00022038372611
"E[1,62,1]",92.0605384705525,0.399375455081891,37.7031425448691,39.3707911957577,64.9173759225032,85.2631139735127,111.035301812708,183.709029430003,8912.35258155953,0.999941454314558
"E[1,63,1]",91.857689185654,0.387233457222717,37.4021155688197,39.233825445845,65.2892680457159,85.324535141253,110.973147100756,181.598564877177,9329.24693345702,1.00009517675962
"E[1,64,1]",44.8931228711311,0.167326169251894,17.1132185979099,20.5552595661763,32.8061132858195,41.9313896104321,54.0074518775596,86.3885445469636,10460.0957221454,1.00009684953111
"E[1,65,1]",45.114008042355,0.173109396326884,17.2836105210845,20.3935684739121,32.7997528528046,42.192880943822,54.2296090873115,86.961003866754,9968.45054088615,1.00016647995089
"E[1,66,1]",45.0234699646297,0.17061319409302,17.0755901870985,20.2983594120328,32.683858753929,42.048078900682,54.0818808513687,86.0588113356002,10016.7358054579,1.00014903058093
"E[1,67,1]",45.0349273845858,0.166426715392839,17.0505118436748,20.6780516901874,32.7040247814427,42.3518448173117,54.2866644281584,85.0668144753591,10496.1192791055,0.999867013927034
"E[1,68,1]",45.0740011227264,0.165995752113163,17.0976975025025,20.5292872868625,32.8229396335697,42.1810067133003,54.4600644552697,85.4323967484899,10609.167578314,0.999980174343497
"E[1,69,1]",91.9323572121191,0.38193300900671,37.0142875725028,39.5724200205108,65.1380853697057,85.4499447935034,111.081360406251,180.350758840888,9392.13660816719,0.999936554469771
"E[1,70,1]",92.0314447474121,0.391321416930201,37.3986823184199,39.8565120667808,65.2987018486082,85.5881331038991,111.380078259813,182.6708694441,9133.67105952743,0.999944245302984
"E[1,71,1]",56.9470033134806,0.247448025363238,23.8227485349769,24.468548508818,40.4636564351793,52.4729979567255,67.8508180599413,118.002308553694,9268.63431901718,0.999843597733236
"E[1,72,1]",56.7308341626417,0.239893411854306,23.5252029948268,24.950120817453,40.1872183024993,52.2171916966267,68.0212114454425,114.559258645683,9616.78965041317,0.99990193794125
"E[1,73,1]",56.8154725004908,0.253264261990777,23.8924792477175,25.0931946331146,40.0544948060341,52.449700321676,67.8678573454482,116.535433255056,8899.6845417241,0.999901920209054
"E[1,74,1]",57.0259477584259,0.258205310015733,24.0864234840177,24.7417633889142,40.193865167762,52.7320799341267,68.1049172654713,115.227435115057,8701.90418237133,1.00023066475288
"E[1,75,1]",117.86714745327,1.00394445749645,85.5342116845602,32.4053785151442,64.6804080349535,96.1002594045025,143.210398234995,330.840300331101,7258.72496762243,1.00004346498183
"E[1,76,1]",115.525754049699,0.498690327397992,49.3875238046354,49.6885745519387,80.712702218603,105.981292864033,139.215502546191,237.718349545826,9807.82288672238,0.999694962341037
"C_sum",6432.46975,18.9922190427506,2055.90604029969,3383.875,4916,6133,7590.25,11296.025,11718.0434507119,0.999625957638655
"C_expected_sum",6431.19874308901,18.9464308161994,2053.6814959111,3367.14021599465,4927.24654114028,6135.41399785919,7595.45590255504,11272.4527519658,11749.2829672703,0.999617245660227
"E_sum",4990.76908942661,14.5761029435132,1580.68297884573,2633.63426097305,3822.53424658553,4767.98147982657,5887.63467819221,8732.70589826245,11759.9831587377,0.999654069359391
"R_G_out",1.32387680261659,0.000255097545717711,0.0305375099905228,1.26402306772286,1.30352748962701,1.32342030653864,1.34392589745822,1.38426847683507,14330.2802423059,0.999679962309324
"R_G_boat_out",4.53991564894113,0.0261172485788836,2.45223820369478,1.48618516227175,2.87290636354946,4.04515003167711,5.58746142190538,10.4412043419668,8815.9772933803,1.00012396241113
"kappa_OSP_out",3.14363208860605,0.00850379530876229,0.967660920392397,1.65493555837579,2.46046856962316,2.99686066047136,3.6769105322218,5.43185903050369,12948.5401702931,0.999761815946368
"f_crab_out[1]",1,NA,0,1,1,1,1,1,NA,NA
"f_lower_out[1]",0,NA,0,0,0,0,0,0,NA,NA
"osp_f_kappa_out",0,NA,0,0,0,0,0,0,NA,NA
"sigma_IE_out",0.199081911512351,0.00178819698927569,0.197828197014034,0.00490464681753414,0.0574288003978435,0.138255257483807,0.276364440014739,0.731795761649575,12238.9924567853,0.999962326427821
"L_out[1]",1.79837118443153,0.0057614618817802,0.619839920049738,0.877254087408767,1.35088335777715,1.69946899616756,2.13836096086504,3.27037419595684,11574.272425998,0.999680009120071
"L_out[2]",1.79884217752068,0.00578817665094145,0.624098803973218,0.887554913134456,1.34324740488545,1.69824868453502,2.14972406587455,3.30136847282064,11625.808007436,0.999759717213521
"L_out[3]",1.79755267935043,0.00559876194390441,0.615341359559679,0.894190926441293,1.35314981186131,1.70537393061208,2.12980975194969,3.24506793817023,12079.4791800139,0.999716336596987
"L_out[4]",1.79832834846611,0.00572194208564946,0.615811820262836,0.890446120044746,1.35212035743662,1.70439684493602,2.13424381398378,3.25228606213192,11582.6818096618,0.999795395658584
"L_out[5]",1.80089161310537,0.00559579635810777,0.612237954508186,0.888501189102106,1.35659799856358,1.70630516971688,2.13733144279254,3.25870428718931,11970.621419509,0.99963069508496
"L_out[6]",1.79325913811168,0.00563883182445531,0.60930265273271,0.892602020660124,1.36030512893879,1.6935295206952,2.12867350247921,3.23344737959771,11675.8324333865,0.999861339886882
"L_out[7]",1.8023386320224,0.00586726711463633,0.621354277683525,0.889276132367551,1.3541819070117,1.70709239420083,2.13585829548493,3.31113398960348,11215.1959059107,0.999653875737287
"L_out[8]",1.79677672778112,0.00559723803642643,0.612441568935009,0.890005006115316,1.34898932265759,1.69696452625558,2.14166195805975,3.22754079437321,11972.4151346612,0.999806624506293
"L_out[9]",1.80082937690959,0.00574682587005671,0.619959124441584,0.888364063654289,1.35371487960175,1.70307497944752,2.14390458607902,3.25862911551602,11637.777137869,0.999810920292663
"L_out[10]",1.79590385624802,0.00558762065265273,0.614565202413338,0.897823244645334,1.35026339271789,1.70057583928559,2.1369223197518,3.22862590802392,12097.1232285204,0.99981174645209
"L_out[11]",1.7930052619777,0.00565782733862305,0.610621805164992,0.889950605144658,1.34982161533921,1.68849577305881,2.13621332259712,3.24876232643265,11647.8357504844,0.999743577119403
"L_out[12]",1.79487617738912,0.00574324626494235,0.618455048342833,0.892645862628153,1.35755559805349,1.69306861942564,2.12722543497858,3.25621701960668,11595.8182645372,0.999673425860383
"L_out[13]",1.7957399939626,0.00582978786351317,0.618681260278228,0.893740956540403,1.35124478585758,1.69851305168993,2.11227325611159,3.25035322122232,11262.3344334666,0.99964291460666
"L_out[14]",1.7950213247744,0.00561914376383349,0.61781315762711,0.87752165371362,1.3520165949108,1.69785615911711,2.1294817760832,3.24097371737008,12088.5446667013,0.999678083458627
"L_out[15]",1.7930010167717,0.00557719701956033,0.605978052013952,0.900188131574556,1.35603961078502,1.70414790503271,2.12146744802772,3.24587049329362,11805.4301563826,0.99972510022145
"L_out[16]",1.79700306885294,0.00572496573123795,0.621069425084548,0.88535865180887,1.34864991839502,1.69001282075027,2.14509702789793,3.26727640229518,11768.8632511544,0.999682124544646
"L_out[17]",1.79301588187244,0.005783409274002,0.605657010953862,0.899479614856504,1.35781184301073,1.69459595151728,2.13091252343775,3.23273269938502,10966.944448828,0.999657087751763
"L_out[18]",1.79437317033695,0.00569497674578035,0.609395976214245,0.892154491632699,1.35247806278725,1.70474969910516,2.13896955813871,3.23839262250529,11450.2575260499,0.999699819217212
"L_out[19]",1.79571218648425,0.00578544800748336,0.621206502202571,0.873880203931701,1.35170724115086,1.69690251768127,2.12798551981099,3.29088918043698,11529.1687435438,0.999710550617885
"L_out[20]",1.79847681715171,0.00557882582014228,0.61355771241542,0.902558299019444,1.35801770847005,1.69719365075656,2.13457912316627,3.28278815582757,12095.5392365992,0.999757071357888
"L_out[21]",1.79379491581851,0.00559385387035591,0.61043161987541,0.895225327693523,1.35581604398461,1.69494751760239,2.1272016247312,3.23354563605248,11908.3559969536,0.999786584087713
"L_out[22]",1.80421522250958,0.00584092799987748,0.634087621748245,0.880001602209115,1.3522525857268,1.6982105729246,2.14893871415194,3.33260784326929,11785.1426829931,0.999709640557378
"L_out[23]",1.79839308243672,0.00573581936114198,0.619631955122734,0.888474771272187,1.34374997781623,1.69882951090828,2.13508786914752,3.31972066294298,11670.156558654,0.999664561424462
"L_out[24]",1.79576367751333,0.00574432458045817,0.615645328918095,0.896086058449784,1.35446413583526,1.69411184407805,2.12810929997351,3.23542013457737,11486.3814419792,0.999787305618093
"L_out[25]",1.80157678143373,0.00580554444080423,0.624984265584242,0.880523621864703,1.35320010985865,1.70713077612983,2.13239689800766,3.28423692110677,11589.1680343673,0.999675677916558
"L_out[26]",1.79850817799888,0.00562933404852185,0.622576587596318,0.895778488227899,1.35496261484967,1.70195378354087,2.12863633193615,3.26794468445965,12231.2692901008,0.999745440589593
"L_out[27]",1.79502929853282,0.00594081854312054,0.616567592220004,0.882442699530543,1.34919172592352,1.69697769497384,2.13235340783093,3.21781777424996,10771.3171309933,0.999868768894667
"L_out[28]",1.80139596887016,0.00573165594667746,0.624711453951474,0.904858741994787,1.34445276623765,1.6988580188605,2.14197008463364,3.26990753321221,11879.5150229468,0.999746031558318
"L_out[29]",1.7994972306827,0.00578220790514698,0.625851635592562,0.870963208253146,1.33893122104549,1.69670817004287,2.15553471014529,3.29260134782552,11715.3529416972,0.999784209437154
"L_out[30]",1.79785726758071,0.0055705074065121,0.613360221598478,0.889514953013325,1.36203705986497,1.70037449262129,2.13164802216899,3.24190868040212,12123.8820422004,0.999634331256866
"L_out[31]",1.79748480370421,0.00564399973594639,0.613491760402247,0.890910020227139,1.35084942315666,1.69764004486188,2.14148099006227,3.26630495055613,11815.2658775282,0.99970090165563
"L_out[32]",1.79925956103325,0.00552804203433937,0.615367122708964,0.877515991904809,1.35205323215995,1.70094127359804,2.1572802626007,3.24151764736572,12391.5577576666,0.999544693456995
"L_out[33]",1.79042381264209,0.00557117766940043,0.605720955983285,0.901257212929313,1.34556119005895,1.70207797255389,2.11791909092375,3.21542289062959,11820.917350422,0.99975714880997
"L_out[34]",1.79782336445048,0.00574741026510092,0.61682122653302,0.900432837284723,1.35264795882279,1.70391372388788,2.13486584909282,3.23497083551728,11517.9243710329,0.999883074008331
"L_out[35]",1.79895281719279,0.00560615004397031,0.616383040904057,0.875377474222873,1.35108063894099,1.70505837180927,2.13797550524224,3.25724923516155,12088.4864474213,0.999615251305648
"L_out[36]",1.8003247064473,0.00569464090853435,0.622325517052041,0.888301426826355,1.35226745629993,1.70032815640418,2.13613553703147,3.30725937324135,11942.7001920561,0.999776274917791
"L_out[37]",1.79583199545262,0.00573027958431648,0.615738991208889,0.893555526216301,1.35991147924345,1.69780825184143,2.13284634377447,3.26924915145863,11546.2694348164,0.999657125342285
"L_out[38]",1.79912768285054,0.0056609279496848,0.611891193268886,0.901006285612766,1.35823028233618,1.69635142643456,2.14572228322558,3.24152824954653,11683.5050456633,0.999616127555817
"L_out[39]",1.80287658287517,0.00578148890108629,0.6203167760122,0.890220954833869,1.35962360253929,1.70070007802527,2.13516511632905,3.29280656309139,11511.9172859259,0.999709785738394
"L_out[40]",1.80178598973397,0.00581829141449131,0.619059134819857,0.88638565502308,1.357177227079,1.70457968997837,2.1401009842652,3.2914541120511,11320.7013595794,0.999609119863448
"L_out[41]",1.79782347767111,0.00580874555063825,0.616330867666366,0.896314053233803,1.36257210722563,1.69423808540461,2.14586224668625,3.25181334812237,11258.048943512,0.999739672511693
"L_out[42]",1.79921724588503,0.00572559740060094,0.622328480789291,0.890763156403276,1.34699284729081,1.70070005440193,2.14442841351709,3.28340231207959,11814.0210318753,0.999675279932126
"L_out[43]",1.79219099578557,0.00541098645038104,0.611403098343844,0.886415994164529,1.34983534009294,1.69636528978658,2.13582252410337,3.25661045032952,12767.3974323153,0.99976698119649
"L_out[44]",1.79359436836952,0.00567222349079226,0.616559458097135,0.891673288803493,1.34962614607358,1.7019616524045,2.13405127510729,3.22753815819149,11815.2593852207,0.999646059717474
"L_out[45]",1.7962688867908,0.00580115992210186,0.612216258631698,0.899833827452527,1.35663342347227,1.69623431508248,2.13141920097784,3.26775475079118,11137.3031766046,0.99979895382705
"L_out[46]",1.79900456558878,0.0058078248803039,0.623448117594574,0.897333014017412,1.35164828145601,1.69436363344562,2.13690964546718,3.25207848828874,11523.2135459679,0.999839897005649
"L_out[47]",1.79283237363078,0.00591865184862085,0.614004144178871,0.900084729037555,1.34431957731219,1.6969389574527,2.12763698372813,3.23040054271824,10762.0998263703,0.999794277207882
"L_out[48]",1.79722834607769,0.00577177912659566,0.618489871221606,0.888515697095488,1.35507087225492,1.70416832798045,2.12834697491122,3.2568964381695,11482.7464955218,0.999650801675591
"L_out[49]",1.79930205478694,0.00558415193257133,0.617543853797931,0.894490472733803,1.35632845835215,1.70079012477522,2.13249933262915,3.258227240715,12229.8507041922,0.999741542447471
"L_out[50]",1.80244837655162,0.00576233793235554,0.622114087285122,0.899354201421363,1.34631685311985,1.69537436308287,2.14146842429722,3.28870862326975,11655.8144068252,0.999774344803088
"L_out[51]",1.80024929413828,0.00576111520638638,0.620852720255326,0.87478427248498,1.36057663489444,1.69863650266403,2.12387033514535,3.28287316873935,11613.524932118,0.999659130455391
"L_out[52]",1.79904682498898,0.00578495219402071,0.620746842372543,0.891577422404728,1.34788793841278,1.69989821211905,2.13035070244082,3.25090201587847,11514.0865426329,0.999686645483891
"L_out[53]",1.79429776577819,0.00565052481298212,0.611640124584359,0.887981693335804,1.35189275263553,1.69612181859041,2.1287640532838,3.24374450772128,11716.9442482286,0.999644985247891
"L_out[54]",1.79612611555367,0.00579891131169414,0.614228926380372,0.893572134948779,1.36655559622803,1.69864304196651,2.13243084056937,3.25373232107542,11219.3474263946,0.999711532361262
"L_out[55]",1.79521788711081,0.0058143360980438,0.617438650192552,0.887047227735871,1.3548258042998,1.69748697801638,2.12753887204288,3.28789282520422,11276.8384393777,0.999715978498742
"L_out[56]",1.79402521152739,0.00558282515144577,0.608064967942422,0.896457005535744,1.35383762731968,1.70273751720689,2.11840380607613,3.23318566842709,11862.9285324345,0.999740039475947
"L_out[57]",1.79631279802009,0.00578366925384773,0.618639179325314,0.883505899612019,1.35294527112804,1.69386938916686,2.1373359436704,3.25879154517567,11441.1042644574,0.999783849217559
"L_out[58]",1.79813753196058,0.00575221663799306,0.617632139178875,0.889786310483603,1.35170021333434,1.69186187158682,2.14510758343121,3.27591118113828,11528.9380613978,0.999784076763261
"L_out[59]",1.80112172001485,0.00609777867958544,0.628187493003411,0.889637663939482,1.3463056650336,1.6966847000267,2.15141632755394,3.29074655611993,10612.9289312112,0.999729192520363
"L_out[60]",1.80088295116263,0.00598665915112225,0.627677936778546,0.885007806857673,1.34961242905447,1.69769117037856,2.13690217247679,3.32267094531685,10992.7072335364,0.999689372712794
"L_out[61]",1.79853800855114,0.00567226276100302,0.621776090420562,0.891664704739843,1.34930382869965,1.69483166552635,2.14024791310801,3.28254216880518,12015.8736773299,0.999794181486618
"L_out[62]",1.79957765450755,0.00588179696752698,0.623683099740107,0.885353269536625,1.34925703044167,1.69956083523837,2.13756891512081,3.27036443718087,11243.664898488,0.99967783221005
"L_out[63]",1.79572463101394,0.0057299543301835,0.619153951306386,0.893522061594542,1.35354641641563,1.69533057953078,2.12604567435384,3.29098318223328,11676.0239377513,0.999817758716464
"L_out[64]",1.78940139290711,0.00562081676577231,0.611174136518999,0.882510002693657,1.35422645495671,1.68923655768233,2.11612198876626,3.2337903178657,11823.0922856556,0.999994188734208
"L_out[65]",1.79912656475009,0.00584553936778119,0.622195037914503,0.888096646258849,1.34808629273298,1.69836830074718,2.14643883154431,3.29831513314073,11329.3216523692,0.999803113187082
"L_out[66]",1.79589502484505,0.00571093856921648,0.615254279898253,0.888605725995878,1.35329425873291,1.69792878590703,2.13239953200184,3.25501442633718,11606.3138345528,0.999826753912772
"L_out[67]",1.79519140561502,0.00552843763470779,0.609815754410843,0.899300557876358,1.35561173753479,1.70080971508873,2.12809642213523,3.19072683977009,12167.2505321375,0.999695694798953
"L_out[68]",1.79663484296993,0.00560101229193329,0.611474182605237,0.889483171951495,1.35323867295327,1.69899002114509,2.13766547658297,3.22707747670257,11918.5438541592,0.999710837369892
"L_out[69]",1.7986268181378,0.00551316392528712,0.61555184028653,0.899070042046776,1.35067659123082,1.70439285539687,2.14108702300583,3.24589524319726,12466.0095884734,0.999652840293861
"L_out[70]",1.80151300511614,0.00578409388867937,0.627107018069125,0.884285845299818,1.35449010019506,1.70112826062913,2.14304075344458,3.24905359671129,11754.7298990584,0.999729603719242
"L_out[71]",1.80144219432127,0.00577828371239838,0.623154102951012,0.873770718511238,1.35056328156968,1.70369180699393,2.13746513546366,3.29759045025679,11630.3609702442,0.99975926566791
"L_out[72]",1.79568700834928,0.00547429322308525,0.617891256643988,0.882191541904984,1.3515413912214,1.69971799178549,2.14007239810539,3.24199247802736,12739.9577438655,0.999678413346967
"L_out[73]",1.79634488485426,0.00586373373290584,0.622109018970385,0.889918377263268,1.35088353345621,1.70378281711285,2.1211963089799,3.28444508393338,11256.0111020914,0.999682485273868
"L_out[74]",1.80218500492207,0.0057763943755822,0.622539905314756,0.885282841509335,1.35436949814174,1.70485263619813,2.14676881753143,3.25417452236879,11615.0402117709,0.999648166153981
"L_out[75]",1.80367673911903,0.00569703738364096,0.620654774095784,0.907986469572303,1.35095461117314,1.70216663757403,2.1470026562391,3.27787659317521,11868.670201401,0.999739397925148
"L_out[76]",1.80271802839729,0.00584931193702315,0.633092037321634,0.875433430815638,1.34952326575842,1.70121359109341,2.14372052121569,3.27100897792459,11714.5102762089,0.999674400733333
"tau_bar_out",1.77706518578706,0.00496554154684793,0.542062040745108,0.953833075217298,1.37913532617363,1.69573393724023,2.08381349065816,3.04546201672569,11916.9399678822,0.99967978183533
"C_total[1]",73.7173165766981,0.294416642645118,29.6492310517157,32.3558933308199,52.7023665523243,68.2905355341844,88.6826701528254,144.873089031733,10141.4991143323,0.999767234097555
"C_total[2]",73.7276905136698,0.29178035335466,29.6526629038617,32.5924484567895,52.3289496588684,68.0927295162165,88.6743803840256,147.60060803465,10327.9781194487,0.999670924965613
"C_total[3]",73.6639139702653,0.288409037123121,29.3850660368415,32.8108651563958,52.8805958510322,68.6672177495279,87.9469077335101,145.883847061191,10380.9144701937,0.99977787239309
"C_total[4]",73.6993809367942,0.28988885286529,29.3404634810868,32.5821241713248,52.9794802704687,68.3539691986313,88.50205161457,145.131773425212,10244.0315777995,0.999691364653308
"C_total[5]",73.7854587047793,0.286051855320523,29.1002289595805,32.7745124583125,52.8022881360859,68.8925809554655,88.6962079437183,144.112480211183,10349.1164605826,0.999848772260622
"C_total[6]",125.99847706719,0.49973801267694,51.7422439964882,54.064684736678,89.3730079894711,115.964196384173,152.456102628463,251.247226888816,10720.2706119247,0.999911222362824
"C_total[7]",126.594052067277,0.51821520895085,52.5781994246473,53.6624468927447,88.9483361427357,116.94823515564,152.630430615807,253.070223505128,10294.1646193707,0.999854292596185
"C_total[8]",73.6306428539907,0.284647428828732,29.1605328139551,32.998286913897,52.7835281740326,68.4108561384458,88.8042835130385,144.095774079158,10494.8534761702,1.00008204062851
"C_total[9]",73.7556583390564,0.289523822215529,29.2836031750545,32.8486441267584,53.3050310036846,68.8603660030081,88.6386182051411,144.555048903648,10230.112719165,0.999631310806883
"C_total[10]",73.5685812351686,0.289220634290382,29.2300790814132,32.4037379320885,52.8460630670474,68.7541046136558,88.3798865285495,144.790710334045,10214.1312036489,0.999783718997287
"C_total[11]",73.5054238333129,0.288056733961855,29.2451433865224,32.5772683001495,52.8663410602199,68.3205624398669,88.0741795715426,145.491624591014,10307.4549533863,0.999813596499862
"C_total[12]",73.5754250658048,0.292895206810634,29.5342475838115,33.1393358450344,52.6570204653408,68.2501176486522,88.4499077408297,144.631903435482,10167.8069820213,0.999833408684978
"C_total[13]",125.999987157886,0.512848095649574,52.0952247613151,55.2431449035189,89.1996016724853,116.908472942919,151.067300532237,251.232428638703,10318.5420375306,0.99985711174051
"C_total[14]",125.985176958022,0.506417198584277,52.0961499934707,54.3893011915221,88.915455689693,116.626655067721,152.135084900968,254.96251499131,10582.6483599116,0.999764527033847
"C_total[15]",79.5965813622034,0.300936069067615,30.821946921913,36.5211182467144,57.8279069417587,74.2296344008868,94.7800383699424,154.806379668271,10489.9072656332,0.999799931743115
"C_total[16]",79.7477506472012,0.303278415560518,31.2642750660216,35.985194395938,57.5089416632718,74.1810972052807,95.7568448894646,154.677594249103,10627.0743986029,1.00009974616479
"C_total[17]",79.6243972704209,0.308778680038847,30.8866643090737,35.9580955586151,57.7836760721401,74.0162737837415,95.6164641599025,154.433822480863,10005.6982937473,0.99990806422358
"C_total[18]",79.6855091824514,0.308517164321337,31.1058520859185,35.7514310222664,57.8106010086964,74.1449478949068,95.5782178418071,154.871598816201,10165.4250605426,0.999635967943329
"C_total[19]",79.7945830921322,0.311037746703563,31.8250710382679,35.4574045714719,57.6907731702198,73.9241392228208,95.0276793472663,158.283606722342,10469.1776513286,0.999741884935286
"C_total[20]",136.635246416981,0.513424729590066,54.7937395611137,59.8903353696252,97.7700746254723,126.269912557963,164.183559561028,269.114642965477,11389.5959140338,0.99975452641559
"C_total[21]",136.293594512485,0.504432476990018,54.3080453100987,59.6084741779401,97.630091621897,125.925086949165,164.75595571098,268.229699546048,11591.0362266491,0.999828025619842
"C_total[22]",80.0955003437507,0.32021588786172,32.112155626737,35.4904956001776,57.5608049837065,74.8156831388283,95.2984984313867,159.389937553233,10056.646106178,0.999854991812409
"C_total[23]",79.8529949975791,0.311678523060252,31.4634631937398,35.8473218432423,57.8889535665213,73.9006820798124,95.9720067202577,157.286078017461,10190.5891638922,0.999920303509609
"C_total[24]",79.6967368961626,0.313741176238551,31.1586585040528,35.7490068022229,57.8501071689175,74.1963445749951,94.6076030514063,155.454533682428,9863.12329247639,0.999799267815151
"C_total[25]",80.0088817108548,0.313045837718422,31.6338106089294,35.4986906078719,57.4810407277937,74.2327371048314,95.996217984735,154.947702511872,10211.443832362,0.999736841554404
"C_total[26]",79.8235399494195,0.304625658506958,31.4493427838416,35.4924894154097,57.6605937795485,74.3000257986875,95.8764712894619,156.187798416155,10658.3551233708,0.999833628870818
"C_total[27]",136.390090781369,0.545027278639831,55.0190954718564,59.4037851855166,97.572875324016,126.774654002932,164.877676841813,268.834760138096,10190.3808132476,0.999783366644861
"C_total[28]",136.804952388758,0.519761838165425,55.2759979338562,60.3003312948667,97.0990235738428,126.171470436907,165.977682413771,273.011110127275,11310.046865521,0.999826791514527
"C_total[29]",64.7621006234297,0.23599172570109,24.8896381318363,29.1561507397671,46.6481278772816,60.7936331598413,77.8550031856684,124.469945548075,11123.5551614658,0.99982908993198
"C_total[30]",64.6852323068344,0.226762159166781,24.3451151048679,29.6061688229411,47.4331337306689,60.4841309107497,77.3387044502628,124.05382378357,11526.10303026,0.99968574503
"C_total[31]",64.6667927641611,0.229310080779385,24.3230609473256,29.6833772713488,47.2028710469831,60.6513685640848,77.7034327143677,123.317383389112,11250.9750457886,0.999697640248363
"C_total[32]",64.7027833394866,0.222419339076331,24.2900716266737,29.4971510154925,46.8882485941594,60.7925264081237,78.3114707693458,121.283089480556,11926.4859011172,0.99957113766657
"C_total[33]",64.4186509564382,0.230113339059197,24.1005247919361,30.1257699371705,46.9990081131775,60.4093943106743,77.3484006409141,122.026882551912,10969.0599582321,0.999671951582366
"C_total[34]",111.127051620834,0.429090702994428,44.6104510475418,48.1889187809743,79.097481364176,103.425615094594,134.768737598866,217.190165131488,10808.738723646,1.00000161820879
"C_total[35]",111.324038630895,0.434932746897455,45.1948179288218,48.4056933827439,78.9168497362471,103.298399845664,134.933626885652,224.692372872818,10797.7449966558,0.999721300466865
"C_total[36]",64.7662187034025,0.232076932707178,24.5521790876811,29.7176443398371,46.8437381360744,60.6531001990164,77.7145403978742,124.29705052401,11192.2173311974,0.999751173231925
"C_total[37]",64.6103362012676,0.233374080733124,24.4066537523511,29.5587967673143,47.319043931268,60.4523913900085,77.4346591075055,123.413418667223,10937.3280791646,0.999672374291356
"C_total[38]",64.7294144717622,0.230867191710291,24.2646381208843,29.5325793608427,47.2361275477339,60.5577885344229,77.4044242081268,124.802800857742,11046.4618505567,0.999712978148747
"C_total[39]",64.8791095721848,0.236052275746237,24.678338381587,29.9649499525561,47.277175917332,60.8698182949406,77.6700038805613,125.08028950475,10929.8813173661,0.9997358841829
"C_total[40]",64.8329603812236,0.233733340883125,24.5308858041056,29.666437985692,47.1047441373173,60.5572589269792,77.7204192469509,124.082841855064,11015.0158914507,0.999551139442808
"C_total[41]",111.206286991311,0.444916066120302,44.9725129996724,48.2918635296465,79.0700629342755,103.132435355163,134.321190438393,217.973366135062,10217.346805261,0.999835781615523
"C_total[42]",111.356381369194,0.4469278318103,45.632244608556,47.7914477980016,78.8841525861449,103.136525680912,134.7663103856,221.148873612482,10424.8271423565,0.999843437455533
"C_total[43]",68.1360002902491,0.254440072550409,26.2976371031849,30.1151958969616,49.4359844353959,63.4159118609329,82.4375099530927,130.608025534763,10682.2425428247,0.999875597588239
"C_total[44]",68.2368131275527,0.268478315055446,26.6628359469018,30.254487480398,49.3101117871335,63.4197604595574,82.4415033264802,132.569681152226,9862.66436403028,0.999802498479097
"C_total[45]",68.2860601787254,0.27564294408227,26.3940792195135,30.7323075967401,49.4355848109509,63.6939130569021,82.1311486108483,131.072296101253,9168.94298073896,0.999816276456246
"C_total[46]",68.4056720315401,0.268728896389399,26.8880301167562,30.2172656776283,49.2836836070059,63.5358962883994,82.3720504396659,132.200624131176,10011.2713914838,0.999937975821057
"C_total[47]",68.2089424306492,0.273360291424214,26.6127197863515,29.9625612847258,49.0357514605286,63.6481365700979,82.2994842527665,132.000555545309,9477.80272277285,1.00000106143946
"C_total[48]",117.374691039024,0.477549359104138,48.2531752979811,50.3855769830485,83.162683374974,109.06757382902,141.72888856175,235.58978697496,10209.7536127399,0.999872646849679
"C_total[49]",117.405264263734,0.472435442644635,47.7841120792313,50.3056110969909,82.9105489303753,108.429305770124,143.58363042777,233.928109123429,10230.1522685417,0.999880829341365
"C_total[50]",68.5238499016006,0.267511988992573,26.77597797486,30.5392218978624,49.3333088946227,63.6853251359089,82.2926823424057,133.954759202405,10018.5341613029,0.999754501432607
"C_total[51]",68.452658657352,0.266563001642412,26.7466772774914,30.1429245042436,49.7699892806411,63.7277167826041,82.0383031895547,133.692782047001,10067.924147519,0.999844321716668
"C_total[52]",68.4166877744943,0.271002690307067,26.7817122398065,30.0770266102728,49.3958875041931,63.866923230104,82.4038507616259,133.038333128375,9766.28681184708,0.999827077450398
"C_total[53]",68.248826776215,0.262758218192464,26.5468623624777,30.2225849758378,49.5205779712532,63.681206564748,81.9698409389212,133.210347296103,10207.3681765469,0.999729718464573
"C_total[54]",68.3087265384868,0.268205920800206,26.5375064595675,30.2554159621461,49.489718554208,63.8774144620271,82.1036664840581,130.800523843986,9790.01830721339,0.999730731518959
"C_total[55]",117.120209911628,0.484344788102398,47.7271964293402,49.8150851183645,83.3571649036571,108.874610455777,141.448843260291,234.854274955717,9710.07504491114,0.999880048508428
"C_total[56]",117.091315939702,0.474776800007549,47.3731883453482,49.9476018402793,83.4192363973404,108.552846198177,141.774136027625,233.612327600537,9956.03126785841,0.999939196566148
"C_total[57]",54.4822242730327,0.232069164075735,21.7500534495284,23.7812056092011,38.7898434011024,50.8869284052505,66.0796550499857,106.970155465511,8783.867605661,0.999704504712767
"C_total[58]",54.4771374407005,0.216662808996524,21.4957628263754,23.9524101274345,38.9099022422319,50.7293837974462,65.840315593738,107.323161527155,9843.21530034322,0.999971079026686
"C_total[59]",54.6274125690028,0.233580398334719,22.0768321123912,23.5201946819761,38.9447767137047,51.005020319746,65.7833428299308,108.206501730698,8933.06965768307,0.999846927574956
"C_total[60]",54.5905362636505,0.23333759840703,21.9202654526895,23.721271075891,39.1481225014516,50.8617981454992,65.5393605431976,106.923572914607,8825.15152761551,0.999800326511549
"C_total[61]",54.5143733408054,0.217880089530956,21.7761306486482,23.5832646763746,39.0338108896505,50.6144577636029,65.5707669917622,105.674709887217,9989.09944769315,1.00009678638968
"C_total[62]",93.8895666383634,0.435381436669687,40.1562203110653,38.4634662820201,65.3306980950533,86.9558416657759,113.796725991214,193.329366099919,8506.79251534535,0.999864519809627
"C_total[63]",93.672205230826,0.425514537976018,39.8538683243132,38.2578831272356,65.6813138885671,86.2330575409196,113.120045483451,191.461607825793,8772.27338593269,1.00007803951797
"C_total[64]",54.2585891017148,0.217628284058733,21.5842199771582,23.70397827231,39.1098478863403,50.5024993347575,65.3341216807475,105.747939414004,9836.53273183634,0.999970336980712
"C_total[65]",54.5205495889959,0.220580308215185,21.6815414072895,23.8365332545458,39.0181269539021,50.7315752199695,65.8781648966787,106.304080195294,9661.5505423285,1.00001259917708
"C_total[66]",54.3931855303617,0.219880794105666,21.4410743855784,23.7792249623692,38.8937740721638,50.5108259574037,65.7453992519559,106.496424464808,9508.64193393704,1.00001755589202
"C_total[67]",54.4100719911692,0.213376924893391,21.3644675657244,24.0584467511118,38.9402199441464,51.0123458424427,65.7112494988562,105.735629749307,10025.112251871,0.999781101750349
"C_total[68]",54.4723422975392,0.214519788237601,21.4828132845252,23.8170585825086,39.0621927932091,50.7679379638633,65.9215409245546,105.790990117191,10028.7680883004,0.99991193368009
"C_total[69]",93.7635228988376,0.42608005382833,39.446521588545,38.8925633644647,65.7481804093201,86.6213580384745,113.602222016973,192.037523393869,8571.06952612921,0.99991443787141
"C_total[70]",93.8552028259049,0.423742746418085,39.7677673842551,39.0312826492752,65.089048330316,86.6572204338559,113.374158113892,192.59354730579,8807.60573254629,0.999882750021011
"C_total[71]",91.6327251184739,0.429935557532533,40.2931261067708,37.8281127286292,63.6595010543634,83.5427069427501,109.843254701421,193.015990177435,8783.2490385481,0.999979208366747
"C_total[72]",91.2897520035704,0.417718716247149,39.881605947929,38.4936213947106,63.5118315951996,83.4858617846606,110.521986593935,190.846748588032,9115.4351759181,1.00009145712795
"C_total[73]",91.4277676045089,0.438398781570414,40.38635225027,38.3654716503184,63.1410376186509,83.8227255861003,109.634299766369,194.453797661473,8486.53840358975,1.0000406492599
"C_total[74]",91.748529209647,0.446761474280551,40.6787189487436,38.2903055720991,63.5609105237557,84.165476326904,110.827835878672,191.654481356706,8290.54545121043,1.00042093950561
"C_total[75]",159.443075220868,1.38586386378324,117.657335792136,42.6941624852318,86.6783298888146,130.158854967992,194.040827376837,454.845655779813,7207.7029312102,1.00006441316845
"C_total[76]",156.18935231598,0.705031692430214,68.6775118658373,64.9077017195569,108.244169788091,142.494150642425,189.290699035158,321.064946505058,9488.81164210145,0.999777125791907
"C_gear_pred[1,1]",73.66575,0.313160832448874,30.8956444267322,30,52,68,90,146,9733.28945233861,0.999663543336156
"C_gear_pred[2,1]",73.85325,0.311566430574964,30.8733276426832,30,52,68,90,150,9818.96170000358,0.999667016056046
"C_gear_pred[3,1]",73.594875,0.30432936085007,30.5859189176797,30,52,68,89,148,10100.7903711322,0.999834114010256
"C_gear_pred[4,1]",73.61425,0.308979987663237,30.4714909531453,30,52,69,89,147,9725.83071428876,0.999778873472419
"C_gear_pred[5,1]",73.72175,0.307318818465495,30.4319172849199,30,52,68,90,147,9805.73878837277,0.999872943918653
"C_gear_pred[6,1]",126.10575,0.507967968816488,52.9029149172174,52,88,116,154,255.025,10846.4232832358,1.00000486576415
"C_gear_pred[7,1]",126.78725,0.529314247585072,53.7180062033329,52,88,117,155,257,10299.41604659,0.999856243306741
"C_gear_pred[8,1]",73.57025,0.300430927179242,30.329977800547,30,52,68,89,147,10191.894246906,1.00012344477992
"C_gear_pred[9,1]",73.627,0.298597030875791,30.5371320780856,30,52,69,89,146,10458.8883056726,0.999661581983861
"C_gear_pred[10,1]",73.545625,0.309337622757081,30.6628919865282,30,52,68,89,147,9825.63753210015,0.999862283384987
"C_gear_pred[11,1]",73.35025,0.301476911104615,30.3748605586387,30,52,68,89,149,10151.2721707859,0.999980745364345
"C_gear_pred[12,1]",73.4175,0.310381117707188,30.6453395454265,30,52,68,89,147,9748.51108383812,0.999835272334777
"C_gear_pred[13,1]",125.926625,0.533979690126914,53.2848468185087,53,88,116,152,257,9957.67540486119,0.999801957242843
"C_gear_pred[14,1]",126.01975,0.524378926668688,53.4909339976411,51.975,88,116,153,260,10405.666475029,0.999761674587627
"C_gear_pred[15,1]",79.567625,0.319131685917424,31.9000803878371,34,57,74,96,156,9991.79929751842,0.999821974272977
"C_gear_pred[16,1]",79.895375,0.318983621550122,32.6354839547538,33,57,74,97,159,10467.5090641438,1.00011737783167
"C_gear_pred[17,1]",79.62675,0.323295467626937,32.0281854000504,33,57,74,97,158,9814.43798892823,0.999852777422342
"C_gear_pred[18,1]",79.67525,0.324207020576357,32.3725429203421,34,57,74,97,157,9970.31318547188,0.999679555488474
"C_gear_pred[19,1]",79.839625,0.327357326799878,33.113818421932,33,57,74,96,162,10232.3266271104,0.999754426069021
"C_gear_pred[20,1]",136.469875,0.524675851075512,56.0355007084958,57,97,126.5,165.25,273,11406.2887772001,0.999720185099764
"C_gear_pred[21,1]",136.21775,0.518134697688331,55.2966956563076,58,97,127,165,268,11389.7189404156,0.999824342428411
"C_gear_pred[22,1]",80.150625,0.332393777971236,33.2506825207452,33,57,74,96,161.025,10006.8031634411,0.999830822775094
"C_gear_pred[23,1]",79.888375,0.323056352606162,32.5659098163961,33,57,74,97,158,10161.7816963458,0.999907923822458
"C_gear_pred[24,1]",79.67675,0.336836880642822,32.3529843891929,34,57,74,96,159,9225.4895817803,0.999858869094029
"C_gear_pred[25,1]",80.150375,0.33315645382095,32.9043477274933,33,57,74,97,157,9754.61449640222,0.999692762857066
"C_gear_pred[26,1]",79.81325,0.320366289378599,32.7665046948288,33,57,74,97,158,10460.8412264285,1.00004280550616
"C_gear_pred[27,1]",136.347125,0.562068932550968,56.2215304558247,58,97,127,166,270,10005.2090075662,0.999720708756662
"C_gear_pred[28,1]",136.82025,0.536825639063881,56.5224626899436,59,96,126,166,276,11086.0198564791,0.999817322745655
"C_gear_pred[29,1]",64.812625,0.250981978867615,26.0364600659531,27,46,61,79,127,10761.6483181171,0.999896076332567
"C_gear_pred[30,1]",64.701625,0.244577816966996,25.7540629091589,27,46,61,78,127,11088.1061731886,0.999791693686447
"C_gear_pred[31,1]",64.659625,0.247493543912803,25.7419910092832,27,46,60,78,126,10818.237701404,0.999805659467966
"C_gear_pred[32,1]",64.702875,0.242755902243559,25.537161354791,27,46,61,79,125,11066.3816872463,0.999750945387205
"C_gear_pred[33,1]",64.4,0.250342657690478,25.4336019571268,27,46,60,78,125,10321.5762060889,0.999764864780879
"C_gear_pred[34,1]",111.15625,0.440070982191995,45.8471627391369,46,78,103,136,220,10853.7412442105,1.00000283410207
"C_gear_pred[35,1]",111.3665,0.456275777725253,46.6681333147511,46,78,103,136,223,10461.3090330975,0.99969167650176
"C_gear_pred[36,1]",64.965125,0.244110671967941,25.8568410824528,27,46,61,79,126,11219.6006792941,0.999553012511842
"C_gear_pred[37,1]",64.47025,0.248555127212481,25.6494123028469,27,46,60,78,126,10649.0136804791,0.999755512140911
"C_gear_pred[38,1]",64.8105,0.249100893671468,25.6734392015377,27,46,61,78,127,10622.2747310104,0.999803150289922
"C_gear_pred[39,1]",65.0645,0.255174987612745,25.9388789836871,27,46,61,79,127,10332.9945719393,0.999780589220727
"C_gear_pred[40,1]",64.778375,0.255937213255214,25.9750331116732,26,46,61,78,126,10300.1926104197,0.999565550460855
"C_gear_pred[41,1]",111.216125,0.453184611951509,46.0309626357577,46,78,103,135,221,10316.9138720092,0.999843751558935
"C_gear_pred[42,1]",111.361,0.459357896244413,46.5788431326761,46,79,103,135,224,10281.9390089017,0.999793648852163
"C_gear_pred[43,1]",67.86175,0.270639457545675,27.5428931542769,27,48,63,83,134,10357.0693951393,0.999978214560657
"C_gear_pred[44,1]",68.33075,0.283737192163009,27.9757696033212,28,48.75,64,83,134,9721.46130664386,0.99987782622684
"C_gear_pred[45,1]",68.324625,0.291105025410096,27.6303125729874,29,49,64,83,133,9008.90879728925,0.999914855329337
"C_gear_pred[46,1]",68.490125,0.28223931046192,28.1041702071464,28,48,64,83,136,9915.31530316172,0.999892212008682
"C_gear_pred[47,1]",68.131375,0.287106221148493,27.8690635148909,28,48,63,83,135,9422.35677188044,1.00009612994449
"C_gear_pred[48,1]",117.271875,0.496313394139234,49.3663583693562,48,83,109,142,238,9893.50532039008,1.00004991922346
"C_gear_pred[49,1]",117.419,0.487283501477364,49.059382811856,48,82,109,143,235,10136.3301186372,0.999793215414954
"C_gear_pred[50,1]",68.609875,0.282277663611164,28.055896334804,28,49,64,83,137,9878.59698656523,0.99983748660044
"C_gear_pred[51,1]",68.64575,0.285162387587852,27.9935521470164,28,49,64,83,137,9636.77093574807,0.999840433970461
"C_gear_pred[52,1]",68.466875,0.285065366157512,27.9952695937069,27,48.75,64,83,136,9644.51506590394,0.999917276217256
"C_gear_pred[53,1]",68.1685,0.275797119160438,27.9415138955434,28,49,64,83,136,10264.0891348196,0.999764278375177
"C_gear_pred[54,1]",68.302,0.288718392848508,27.8858162574371,28,48,64,83,135,9328.62896213997,0.999802585050473
"C_gear_pred[55,1]",117.114875,0.50110529312026,49.0833176878232,47,82,109,142,238,9594.22369916778,0.999932535057524
"C_gear_pred[56,1]",117.09725,0.48297344456355,48.7650725055809,48,82,109,143,236.025,10194.6247247933,0.999927739155851
"C_gear_pred[57,1]",54.42775,0.24501085077999,22.8768867840691,21,38,51,67,110,8718.12735774303,0.999768219551987
"C_gear_pred[58,1]",54.515875,0.235029547180604,22.8226610459106,21.975,38,51,66,110,9429.4775949268,0.999971637526582
"C_gear_pred[59,1]",54.7875,0.248090074875648,23.3529604942389,22,38,51,67,112,8860.64034697623,0.999823580318966
"C_gear_pred[60,1]",54.55825,0.249123805713632,23.1153606271807,22,38,51,67,110,8609.36037700856,0.999922519544636
"C_gear_pred[61,1]",54.487625,0.236445167279256,22.9726318602418,22,38,51,66,109,9439.75281651475,0.999984735586356
"C_gear_pred[62,1]",94.064625,0.459489514297131,41.2643525571209,37,64,87,114,195,8064.89765611418,0.999828851255501
"C_gear_pred[63,1]",93.7865,0.438244882037749,41.0555338822648,37,65,86,114,195.025,8776.26447052662,1.00025186124884
"C_gear_pred[64,1]",54.11275,0.231273671713775,22.6996794441763,21,38,50,66,108,9633.56557518983,1.00028475302983
"C_gear_pred[65,1]",54.499375,0.237261893767417,22.8779845021635,22,38,50,67,109,9297.78582347246,1.0000660522039
"C_gear_pred[66,1]",54.435875,0.239110522891697,22.7667614882521,21,38,51,67,109,9065.77919382659,0.99992003190288
"C_gear_pred[67,1]",54.3445,0.230533601807056,22.5266953024663,22,38,51,67,107,9548.30972970581,0.999799405664075
"C_gear_pred[68,1]",54.4675,0.232242692539621,22.7829942468798,21,38,51,67,108,9623.59826458745,0.999738397109651
"C_gear_pred[69,1]",93.980125,0.437777583416492,40.7689157698118,36,65,87,115,195,8672.63930281945,0.999943169038066
"C_gear_pred[70,1]",93.86725,0.437324953630776,40.8527997369004,37,65,87,115,193.025,8726.40032947176,0.999939345910713
"C_gear_pred[71,1]",91.670125,0.440464575438275,41.331723245017,36,63,84,111,196,8805.31817945142,1.00005606701315
"C_gear_pred[72,1]",91.336875,0.433798617169068,40.9633084517631,36,62,83,112,192,8916.89648243126,1.00004643977421
"C_gear_pred[73,1]",91.556,0.460657726448247,41.5873544783335,37,63,84,111,195,8150.15500949789,1.00004153608562
"C_gear_pred[74,1]",91.912375,0.461852944583657,41.6362599680542,36,63,84,112,196,8127.10721895076,1.00023724273843
"C_gear_pred[75,1]",159.835875,1.39317329035944,118.482834034005,40,87,129,196,456.025,7232.70227113784,1.0000921798184
"C_gear_pred[76,1]",156.184125,0.719752251229675,69.9963278231292,62,107,143,189,327,9457.67637363426,0.999797346705234
"C_sum_gear[1]",6432.46975,18.9922190427506,2055.90604029969,3383.875,4916,6133,7590.25,11296.025,11718.0434507119,0.999625957638655
"r_C_gear_out[1]",1.674075714457,0.00151236866811133,0.164587437135588,1.37930935563561,1.55880623035806,1.66621530110325,1.77749855479042,2.01956807084893,11843.4443154926,0.999758257881846
"sigma_eps_C_gear_out[1]",0.148445792734949,0.00223166878878054,0.106040307443258,0.0207704601881806,0.0797207038195517,0.124215900819969,0.187458531093821,0.415757979824856,2257.78444802219,1.00028897079258
"log_lik_gear[1]",-3.76846463240663,0.00128254296746251,0.123113271983871,-4.02355742214133,-3.84528169770979,-3.76295279899244,-3.68446054491092,-3.54855938853414,9214.37536551896,0.99990112146915
"log_lik_gear[2]",-3.73954844060158,0.00126664731378802,0.124541204961004,-3.99887079109223,-3.81728060144636,-3.73227881008607,-3.65397332637933,-3.51849753892515,9667.51186378496,0.999815056428269
"log_lik_gear[3]",-5.13023593998383,0.00495820009061691,0.409338981622785,-6.01915625009481,-5.39007122919364,-5.08959154964407,-4.83845527568452,-4.44030040330853,6815.81998527441,1.00022581321212
"log_lik_gear[4]",-3.73954844060158,0.00126664731378802,0.124541204961004,-3.99887079109223,-3.81728060144636,-3.73227881008607,-3.65397332637933,-3.51849753892515,9667.51186378496,0.999815056428269
"log_lik_gear[5]",-4.33574152384475,0.00200727859689697,0.196088428726736,-4.8069120192934,-4.43388684542818,-4.3081915829984,-4.20412430454859,-4.04225678601743,9543.08133466428,0.999764088376382
"log_lik_gear[6]",-4.78801225103268,0.00405229878205316,0.32682854115388,-5.49862619936092,-4.99241656457075,-4.75850977460011,-4.55385541700184,-4.24571836313065,6504.84620189245,1.00033647805206
"log_lik_gear[7]",-3.91992179744564,0.00404514022828932,0.33440533888936,-4.7165087197539,-4.09620373218974,-3.86073744435224,-3.68440513184752,-3.43349213863313,6834.06715594756,1.00061664312374
"log_lik_gear[8]",-3.91131439596178,0.00155962864838618,0.133492560546045,-4.19475059054708,-3.99677979773111,-3.90503905609203,-3.81784727872231,-3.67030639451626,7326.08104584093,1.00033340381657
"log_lik_gear[9]",-4.86367063380022,0.00277214829064339,0.235559430507661,-5.43962667243719,-4.9780092221397,-4.82310420450906,-4.70243109783209,-4.50802019801569,7220.51334175901,1.00049255173497
"log_lik_gear[10]",-3.76660768315233,0.00129153570653362,0.121655653648107,-4.02158209125924,-3.84604699923619,-3.76205536266072,-3.68146210673309,-3.54378217475336,8872.61747426325,1.00010908219583
"log_lik_gear[11]",-4.54571690598633,0.00298691783726359,0.272855416555877,-5.16635226954503,-4.70437520038784,-4.51550545797051,-4.35337485957763,-4.10244712881841,8344.85137817512,1.00026518640568
"log_lik_gear[12]",-3.73273549059116,0.00126157396808039,0.120497994791855,-3.9804961405988,-3.81121940609259,-3.72817794193683,-3.64893995302435,-3.51542317943143,9122.92704340351,1.00004910612026
"log_lik_gear[13]",-4.71346686711409,0.00218383574883857,0.197067381455283,-5.18781093752442,-4.81160364557384,-4.68604122573097,-4.58060905692454,-4.40732550537404,8143.09590699698,1.00023202899448
"log_lik_gear[14]",-3.76660768315233,0.00129153570653362,0.121655653648107,-4.02158209125924,-3.84604699923619,-3.76205536266072,-3.68146210673309,-3.54378217475336,8872.61747426325,1.00010908219583
"log_lik_gear[15]",-3.73273549059116,0.00126157396808039,0.120497994791855,-3.9804961405988,-3.81121940609259,-3.72817794193683,-3.64893995302435,-3.51542317943143,9122.92704340351,1.00004910612026
"log_lik_gear[16]",-3.77093070904138,0.00291278030155968,0.272792760103879,-4.41859441459491,-3.91854131673724,-3.73132973051542,-3.5795206909576,-3.34362536936621,8771.02244138596,1.0005081932629
"log_lik_gear[17]",-4.48667345847724,0.00164676295575726,0.145508136406921,-4.80548931691901,-4.57214299391735,-4.47566329225008,-4.38737813994622,-4.23235432891211,7807.50694576713,1.00038534584349
"log_lik_gear[18]",-4.52690115415862,0.00171854671552334,0.151964350631942,-4.86583171862042,-4.61479675615161,-4.51438486181402,-4.42268836000989,-4.26872692442126,7819.1717560263,1.00037657796998
"log_lik_gear[19]",-3.65769742127651,0.00118647082038399,0.11485296474563,-3.89166675479305,-3.73339597108502,-3.65290115271575,-3.57803270383646,-3.44092335293111,9370.66251390137,1.00003983647238
"log_lik_gear[20]",-4.13155434229806,0.0018255670342447,0.177044570686587,-4.542466821729,-4.23077338740626,-4.11170840588473,-4.01150188094743,-3.8438946486291,9405.23511522021,1.00014015594985
"log_lik_gear[21]",-4.51818007153382,0.00262383897572277,0.254856732370505,-5.12864390213906,-4.6512380947414,-4.48331993677624,-4.34260632189393,-4.11960100621056,9434.47771717225,0.999996121521412
"log_lik_gear[22]",-4.25360796042472,0.00206876299557375,0.200559761029142,-4.72447495474587,-4.36049773367825,-4.22829283561595,-4.11621716235997,-3.93585888241978,9398.6640960681,1.00008746201354
"log_lik_gear[23]",-4.50966522914226,0.001906460189167,0.165625077590367,-4.88479118871223,-4.59692911745617,-4.49056805678246,-4.40103410747504,-4.2440428971521,7547.38853866982,1.00020075963204
"log_lik_gear[24]",-3.73051803231227,0.00121398620383476,0.11822166745039,-3.97428399939159,-3.80778423206434,-3.72569984687365,-3.6482139088368,-3.51305916823331,9483.45654428118,1.00015442260269
"log_lik_gear[25]",-3.5989428306733,0.00121084282809967,0.116400483966363,-3.83865870319621,-3.67425727266108,-3.59399484794245,-3.51792623149412,-3.38449805062605,9241.32033287785,0.999903344433719
"log_lik_gear[26]",-4.01727526019391,0.00161101691720583,0.156504492430672,-4.3728600668393,-4.10523544168352,-4.00192877294271,-3.91005348223353,-3.75406256256107,9437.42286231067,1.00018945677743
"log_lik_gear[27]",-3.57549767096695,0.00124101314088178,0.118936873326298,-3.82408817234044,-3.65109805532191,-3.57011456772463,-3.49298119445261,-3.35969919392437,9185.02355354398,0.999841005807727
"log_lik_gear[28]",-3.96978492880805,0.00307405377242578,0.312244868778656,-4.65873350733421,-4.15503722766744,-3.94171602559613,-3.75199851560471,-3.44025740116685,10317.338994249,1.00014252210606
"log_lik_gear[29]",-4.24049580474984,0.00246476031407559,0.237015016433035,-4.80102834600248,-4.37252176822947,-4.21167323116435,-4.0760087516315,-3.86673461360046,9247.03154560691,0.999803880981732
"log_lik_gear[30]",-4.88349916029189,0.00471380703430983,0.496644053959392,-6.00611192338687,-5.17807046121364,-4.83348584905561,-4.52657923570905,-4.06015907955184,11100.6109067484,1.00001566270239
"log_lik_gear[31]",-3.4624729299612,0.0020857126403526,0.165592767982765,-3.80258935678612,-3.5709113449464,-3.45523645581413,-3.34483535642527,-3.16715869099327,6303.38429116153,1.00067595694266
"log_lik_gear[32]",-3.63867130653129,0.00319507683325594,0.271116146718467,-4.18457179862161,-3.80999818766494,-3.62875934423451,-3.45709884060077,-3.13036604067102,7200.25958959498,1.0002649793733
"log_lik_gear[33]",-4.00180467456565,0.00227353124918344,0.206541621215007,-4.52550981209955,-4.09054751534225,-3.96785819187602,-3.86745238965294,-3.70852788235684,8253.02779053677,1.00008702272286
"log_lik_gear[34]",-5.16881204782096,0.00535051421264127,0.450883964462135,-6.34677156712835,-5.3540385149953,-5.05448672690252,-4.86500165353104,-4.62920764246358,7101.31105191851,1.00056469265129
"log_lik_gear[35]",-4.04806377027337,0.0042262495932866,0.393217770228924,-4.87504005518417,-4.29265919566145,-4.02366735714656,-3.78019761177292,-3.33876533147154,8656.77218031411,0.999906636714206
"log_lik_gear[36]",-3.46777479290926,0.00226797179728438,0.179227840636648,-3.83104655160136,-3.58551410947939,-3.46268466798379,-3.34144974904854,-3.14825329014376,6245.04605281016,1.00065021879243
"log_lik_gear[37]",-3.59925320720519,0.00127016418146716,0.120081568441731,-3.84432462583754,-3.67559419751591,-3.59312983991212,-3.51618737502764,-3.38206253172313,8937.84832829671,0.999911544171908
"log_lik_gear[38]",-4.19726055155767,0.00297723391236947,0.261044840104362,-4.88513741782639,-4.30564108828296,-4.1455638794023,-4.02540012371826,-3.84515376232196,7687.83957274091,1.00030296222685
"log_lik_gear[39]",-4.45286144753034,0.00465800262911265,0.405655455227378,-5.32458486099676,-4.69817010727715,-4.42382152239752,-4.16526167113433,-3.74988685797279,7584.29440151034,1.00016346515417
"log_lik_gear[40]",-3.60407085809643,0.00131431548117611,0.124323378470483,-3.86748571842283,-3.68045751968048,-3.59564098489896,-3.51741484980441,-3.38345701327208,8947.59586519114,1.00034186059476
"log_lik_gear[41]",-4.79367052790584,0.00585457302428009,0.459715746663472,-5.99442033786669,-5.00074291453726,-4.68027554974874,-4.47488990858371,-4.21216217426389,6165.78398170176,1.00025384886419
"log_lik_gear[42]",-5.05275230516149,0.00687833263228411,0.536254682869167,-6.4419421527618,-5.30159244409804,-4.92150694610049,-4.67762207838176,-4.37112936845773,6078.21204656672,1.0003063766355
"log_lik_gear[43]",-4.4647281360823,0.00247647761413755,0.210896106171521,-5.01195810423636,-4.54609682824567,-4.42754679068732,-4.3335371722977,-4.17873209022523,7252.17556974626,1.00005799551952
"log_lik_gear[44]",-3.54047734294076,0.00337342207819976,0.249275943086073,-4.04864585965365,-3.70195978813384,-3.53926781391988,-3.36719919110401,-3.07729149068921,5460.33603012116,1.00061099738734
"log_lik_gear[45]",-7.76572510271587,0.0101732060871189,1.12750669318831,-10.053249751954,-8.51391786118476,-7.72732394787873,-6.97158463589571,-5.68748297298299,12283.5125077607,0.999891814998472
"log_lik_gear[46]",-3.47081206419229,0.00291262755440136,0.21060339219272,-3.89748347998443,-3.60981680756,-3.46811293751546,-3.32067647751747,-3.0856712169239,5228.30381878753,1.0008067341505
"log_lik_gear[47]",-4.34902138915309,0.00531457084560493,0.481785755851226,-5.3500875807297,-4.65642413907015,-4.3231992062534,-4.015833066592,-3.46931168186272,8218.1016745703,1.00001287022842
"log_lik_gear[48]",-4.35925454521232,0.00496604905405371,0.39369570810269,-5.2256701315953,-4.60491056068919,-4.33113126557699,-4.08059043907883,-3.67628951345777,6284.91415903709,1.00025405834533
"log_lik_gear[49]",-3.70895632000328,0.00239372571138719,0.196445608141932,-4.20818048917956,-3.78349906827866,-3.67352494909938,-3.58699648761776,-3.44948983357331,6734.97330257569,1.00081587632209
"log_lik_gear[50]",-3.90135132563345,0.00173623477022702,0.153822920755248,-4.23600144859479,-3.98401519882502,-3.88578509217722,-3.79889487192945,-3.65157010952507,7849.19662182604,0.999842144022531
"log_lik_gear[51]",-4.64785237787374,0.0100926937732034,0.584568664539773,-6.30204267681232,-4.79391608285513,-4.45424718212257,-4.29104377658304,-4.09310715613013,3354.724577308,1.00150043418325
"log_lik_gear[52]",-6.33365040046533,0.00896353028438875,0.77704958611214,-8.17494585666639,-6.78229699014155,-6.23466003761195,-5.7563583370721,-5.17192353015785,7515.17826222239,1.00036897863873
"log_lik_catch[1]",-2.20825119552388,0.000531015533346481,0.0543745149302249,-2.32118479867204,-2.24357851151521,-2.20610468621893,-2.1706784974583,-2.10905490967624,10485.1908714973,0.999870549026051
"log_lik_catch[2]",-4.41334531231488,0.00117059827119847,0.118850929742646,-4.67630863669853,-4.48489630368696,-4.40399972649809,-4.33017288257902,-4.20735712766144,10308.3560380875,0.999689939379312
"log_lik_catch[3]",-1.58481626100956,0.00103946243665298,0.107669178864302,-1.80199139185673,-1.65585404306162,-1.58145608242327,-1.51127860098956,-1.38130069418981,10729.1471681679,0.999656485061305
"log_lik_catch[4]",-1.56511339520453,0.000564385027438466,0.057075576184858,-1.68451870922779,-1.60224449864324,-1.56279798387472,-1.52611993157894,-1.45831916621314,10227.0326205184,0.999803671953045
"log_lik_catch[5]",-1.58481626100956,0.00103946243665298,0.107669178864302,-1.80199139185673,-1.65585404306162,-1.58145608242327,-1.51127860098956,-1.38130069418981,10729.1471681679,0.999656485061305
"log_lik_catch[6]",-2.05635393099687,0.000354587060032582,0.0380516891878091,-2.13329219457308,-2.08160842543816,-2.05532116628654,-2.0304616723986,-1.98382069250065,11516.0121860483,0.999646829865255
"log_lik_catch[7]",-1.58481626100956,0.00103946243665298,0.107669178864302,-1.80199139185673,-1.65585404306162,-1.58145608242327,-1.51127860098956,-1.38130069418981,10729.1471681679,0.999656485061305
"log_lik_catch[8]",-3.87675300208572,0.00143866017097643,0.145705159711791,-4.1936114325842,-3.96667408314022,-3.86688495028572,-3.77471422746653,-3.62008251810696,10257.3085975268,0.999741242401396
"log_lik_catch[9]",-1.58481626100956,0.00103946243665298,0.107669178864302,-1.80199139185673,-1.65585404306162,-1.58145608242327,-1.51127860098956,-1.38130069418981,10729.1471681679,0.999656485061305
"log_lik_catch[10]",-2.75669101561626,0.000843868111700758,0.0860354378499796,-2.94111094497861,-2.81022192167557,-2.75194919424278,-2.69644401424368,-2.60366546298215,10394.5476528748,0.999677739367783
"log_lik_catch[11]",-1.58481626100956,0.00103946243665298,0.107669178864302,-1.80199139185673,-1.65585404306162,-1.58145608242327,-1.51127860098956,-1.38130069418981,10729.1471681679,0.999656485061305
"log_lik_catch[12]",-3.21159141709833,0.000467019584528572,0.0502177581980994,-3.3130046590973,-3.24539691852063,-3.21064984266946,-3.17766585558537,-3.11504151585444,11562.3059250571,0.99985724654839
"log_lik_catch[13]",-1.76729183750081,0.000339661655597759,0.0360678516109103,-1.84170344345557,-1.79114317175389,-1.76599113386795,-1.74266757637929,-1.70105243049829,11275.8036369838,0.999884426186403
"log_lik_catch[14]",-1.56511339520453,0.000564385027438466,0.057075576184858,-1.68451870922779,-1.60224449864324,-1.56279798387472,-1.52611993157894,-1.45831916621314,10227.0326205184,0.999803671953045
"log_lik_catch[15]",-2.75805970279838,0.00063554581010817,0.0654308223468854,-2.89760489620336,-2.79888530615505,-2.75474611620708,-2.71277631844778,-2.64150662757652,10599.1499757049,0.99961735031328
"log_lik_catch[16]",-2.03080501759868,0.00129877244995116,0.135706060594231,-2.30514881018885,-2.12114951007305,-2.0268856249229,-1.93811621336387,-1.77555091406031,10917.730051157,0.999631579934048
"log_lik_catch[17]",-2.75805970279838,0.00063554581010817,0.0654308223468854,-2.89760489620336,-2.79888530615505,-2.75474611620708,-2.71277631844778,-2.64150662757652,10599.1499757049,0.99961735031328
"log_lik_catch[18]",-1.58481626100956,0.00103946243665298,0.107669178864302,-1.80199139185673,-1.65585404306162,-1.58145608242327,-1.51127860098956,-1.38130069418981,10729.1471681679,0.999656485061305
"log_lik_catch[19]",-4.54906908260177,0.00263958184306763,0.237520663381782,-5.05467833023447,-4.69728653796645,-4.53315463676205,-4.38091022972431,-4.13376336464031,8097.15644728314,0.999894309893673
"log_lik_catch[20]",-1.73767832536341,0.000307610599924668,0.0318239083855427,-1.80204571749036,-1.75876334792022,-1.73690865045119,-1.71554711773853,-1.67778594067448,10702.9731929008,0.999785055981602
"log_lik_catch[21]",-2.64026989769154,0.000404650451213281,0.0439846758708806,-2.72841629471145,-2.66939772993245,-2.63945965751662,-2.6103252228591,-2.55579099165139,11815.2450634688,0.999670471425615
"log_lik_catch[22]",-2.09653278562551,0.000443605727630167,0.0445924139496019,-2.19011886687343,-2.12515336096846,-2.09456064507945,-2.06519852817414,-2.01516164780479,10104.7989269133,0.999639257153404
"log_lik_catch[23]",-0.854210818133869,0.000685562172404978,0.0622546466504388,-0.979652546213627,-0.89633504167233,-0.853418880121028,-0.81081510354541,-0.73571580059803,8246.12383229556,0.999715744728966
"log_lik_catch[24]",-1.46570751630108,0.000546945072323091,0.048504051902283,-1.56351804845193,-1.49784176343664,-1.46397752389999,-1.43238595461647,-1.3755969906399,7864.45464274343,0.999843471553308
"log_lik_catch[25]",-1.2604266235401,0.000216278277066393,0.0223472799667769,-1.30613845162015,-1.2750793248747,-1.25967462011019,-1.24480738387256,-1.21895938767511,10676.3680592851,0.999778745659547
"log_lik_catch[26]",-0.854210818133869,0.000685562172404978,0.0622546466504388,-0.979652546213627,-0.89633504167233,-0.853418880121028,-0.81081510354541,-0.73571580059803,8246.12383229556,0.999715744728966
"log_lik_catch[27]",-2.12736628473297,0.000506282773877337,0.0469122992916463,-2.22165196627838,-2.1590507104082,-2.1267514380351,-2.09443119232,-2.03826207218003,8585.92591752815,0.999893859480128
"log_lik_catch[28]",-2.29167399516474,0.000390153625860411,0.040395480392456,-2.37250594294962,-2.31862829636011,-2.29106513246106,-2.26373554983699,-2.21466135294782,10719.9870262729,0.999791497113974
"log_lik_catch[29]",-2.12736628473297,0.000506282773877337,0.0469122992916463,-2.22165196627838,-2.1590507104082,-2.1267514380351,-2.09443119232,-2.03826207218003,8585.92591752815,0.999893859480128
"log_lik_catch[30]",-0.854210818133869,0.000685562172404978,0.0622546466504388,-0.979652546213627,-0.89633504167233,-0.853418880121028,-0.81081510354541,-0.73571580059803,8246.12383229556,0.999715744728966
"log_lik_catch[31]",-2.58539023545603,0.000636915567030996,0.0606591864201276,-2.71498605164958,-2.62363620106621,-2.58214387483006,-2.54299339441314,-2.47725375682409,9070.46255480291,0.999673946084208
"log_lik_catch[32]",-1.41561801534006,0.00103156857670489,0.0960232329295214,-1.60935947844507,-1.47986532968441,-1.41364427710994,-1.34962637777794,-1.2307285683892,8664.75802407957,0.999668499655317
"log_lik_catch[33]",-2.1698069952026,0.00145711986340962,0.1424034042099,-2.45563967591306,-2.26583913661862,-2.16611938730555,-2.07217261733549,-1.89714488758558,9551.02948485666,0.999624313113613
"log_lik_catch[34]",-2.29167399516474,0.000390153625860411,0.040395480392456,-2.37250594294962,-2.31862829636011,-2.29106513246106,-2.26373554983699,-2.21466135294782,10719.9870262729,0.999791497113974
"log_lik_catch[35]",-2.88569596100922,0.000928552767235589,0.0844580174627014,-3.06734478232071,-2.93900755778188,-2.87910719540345,-2.82621190783402,-2.73686341833462,8273.10598976672,0.999745256505875
"log_lik_catch[36]",-2.30496712108788,0.000405926787656153,0.0429147804907347,-2.39245460741925,-2.33285342081018,-2.30383029125469,-2.27543502476407,-2.22369253069551,11176.8228369636,0.999636424835707
"log_lik_catch[37]",-2.1698069952026,0.00145711986340962,0.1424034042099,-2.45563967591306,-2.26583913661862,-2.16611938730555,-2.07217261733549,-1.89714488758558,9551.02948485666,0.999624313113613
"log_lik_catch[38]",-2.0096303180559,0.000691252506117669,0.0613514793260286,-2.1322212737336,-2.05038650030887,-2.00788804343483,-1.96775942721977,-1.89434563261448,7877.28648498413,0.999845556939816
"log_lik_catch[39]",-2.50195898964229,0.000803597897063999,0.0733962323000734,-2.65861737471395,-2.54860646104224,-2.49665448117913,-2.45067496321772,-2.37138194828829,8341.99547532763,0.999725726016172
"log_lik_catch[40]",-3.39083282909673,0.00162582025766569,0.146349779812506,-3.70069983115067,-3.48390579205246,-3.38163225024077,-3.28640772452668,-3.13436400795647,8102.87399941578,0.999837124956788
"log_lik_catch[41]",-3.5483756704727,0.00100433703439465,0.102201047810032,-3.75966867676623,-3.61518298751947,-3.54434822240657,-3.47855488635318,-3.35534873287371,10355.039075302,0.999679326106241
"log_lik_catch[42]",-0.974424232776697,0.000686766206260578,0.0703520479133527,-1.11750455438493,-1.02093294462457,-0.972410927010551,-0.926498958028277,-0.840609728886008,10493.8693959596,0.999712804000912
"log_lik_catch[43]",-0.974424232776697,0.000686766206260578,0.0703520479133527,-1.11750455438493,-1.02093294462457,-0.972410927010551,-0.926498958028277,-0.840609728886008,10493.8693959596,0.999712804000912
"log_lik_catch[44]",-2.20825119552388,0.000531015533346481,0.0543745149302249,-2.32118479867204,-2.24357851151521,-2.20610468621893,-2.1706784974583,-2.10905490967624,10485.1908714973,0.999870549026051
"log_lik_catch[45]",-2.68377845702099,0.000460294641202441,0.0489429663065447,-2.78266169667934,-2.71663129344912,-2.68252762138737,-2.65068746230089,-2.59213398136111,11305.9936424136,0.999884818846895
"log_lik_catch[46]",-3.01502515768921,0.000460215411157247,0.0491797340961656,-3.11469997731662,-3.04777073113326,-3.01422375891547,-2.98187433651941,-2.92003641408257,11419.5775227883,0.999643775607117
"log_lik_catch[47]",-2.75669101561626,0.000843868111700758,0.0860354378499796,-2.94111094497861,-2.81022192167557,-2.75194919424278,-2.69644401424368,-2.60366546298215,10394.5476528748,0.999677739367783
"log_lik_catch[48]",-0.974424232776697,0.000686766206260578,0.0703520479133527,-1.11750455438493,-1.02093294462457,-0.972410927010551,-0.926498958028277,-0.840609728886008,10493.8693959596,0.999712804000912
"log_lik_catch[49]",-4.4924286755163,0.00236083780060469,0.240002638274088,-4.98963751613086,-4.64544713848612,-4.48400003683339,-4.3252358355123,-4.04738536278967,10334.7441857949,0.999825437234531
"log_lik_catch[50]",-3.14127687416996,0.00115860378322672,0.117645397958418,-3.39491342318621,-3.21509488955006,-3.13401204778554,-3.05885093565278,-2.93064778193184,10310.5065326168,0.99972786207119
"log_lik_catch[51]",-3.57121244866564,0.0013302571715351,0.134839197521349,-3.86298966131389,-3.65516824213028,-3.56259712057988,-3.47735638971471,-3.33281449554302,10274.5095598175,0.999736188354539
"log_lik_catch[52]",-2.38250732200556,0.0015117256621271,0.158975978760915,-2.70570182726982,-2.48833467500749,-2.37754878631835,-2.27341219485395,-2.08321888089041,11059.030199759,0.999620681515535
"log_lik_catch[53]",-2.42673381755361,0.000845351476233295,0.0861030471573746,-2.6094773237948,-2.48120903767354,-2.4229607508518,-2.36679447751037,-2.26955327598628,10374.3862138719,0.999711544267193
"log_lik_catch[54]",-2.20825119552388,0.000531015533346481,0.0543745149302249,-2.32118479867204,-2.24357851151521,-2.20610468621893,-2.1706784974583,-2.10905490967624,10485.1908714973,0.999870549026051
"log_lik_catch[55]",-1.93687861810304,0.000537745570207021,0.0546435265241454,-2.05035819055254,-1.97277663678958,-1.93467511953654,-1.89916455810044,-1.83744081887135,10325.8011240556,0.999849785986937
"log_lik_catch[56]",-4.79467257103963,0.00259282733345648,0.263686396254639,-5.34960239955487,-4.96277122049321,-4.78146746448939,-4.60962522371329,-4.31581520390985,10342.5649521107,0.999821321955647
"log_lik_catch[57]",-1.76729183750081,0.000339661655597759,0.0360678516109103,-1.84170344345557,-1.79114317175389,-1.76599113386795,-1.74266757637929,-1.70105243049829,11275.8036369838,0.999884426186403
"log_lik_catch[58]",-3.01890445175451,0.000845842956826874,0.0862797175383292,-3.20424494129245,-3.07231859695094,-3.01389640325333,-2.95814489177385,-2.86640292505232,10404.9010522112,0.999661503414024
"log_lik_catch[59]",-1.58481626100956,0.00103946243665298,0.107669178864302,-1.80199139185673,-1.65585404306162,-1.58145608242327,-1.51127860098956,-1.38130069418981,10729.1471681679,0.999656485061305
"log_lik_catch[60]",-1.58481626100956,0.00103946243665298,0.107669178864302,-1.80199139185673,-1.65585404306162,-1.58145608242327,-1.51127860098956,-1.38130069418981,10729.1471681679,0.999656485061305
"log_lik_catch[61]",-2.39198776824761,0.000563715955473358,0.0582080686040343,-2.51419582606366,-2.42877855238846,-2.38895702182191,-2.35153004244789,-2.28818229574889,10662.1729739748,0.999618314387827
"log_lik_catch[62]",-2.64738034222799,0.000428238121292326,0.0458258675065799,-2.7404358865909,-2.67791962666536,-2.64646419638011,-2.6163902217272,-2.55921621178414,11451.1931490514,0.999644748839223
"log_lik_catch[63]",-1.76729183750081,0.000339661655597759,0.0360678516109103,-1.84170344345557,-1.79114317175389,-1.76599113386795,-1.74266757637929,-1.70105243049829,11275.8036369838,0.999884426186403
"log_lik_catch[64]",-0.974424232776697,0.000686766206260578,0.0703520479133527,-1.11750455438493,-1.02093294462457,-0.972410927010551,-0.926498958028277,-0.840609728886008,10493.8693959596,0.999712804000912
"log_lik_catch[65]",-2.47805908249729,0.000385958997503258,0.0418659360285269,-2.56177099651177,-2.50599243140756,-2.47721271456709,-2.44974977389214,-2.39813961455366,11766.2825097084,0.999776385335398
"log_lik_catch[66]",-2.05635393099687,0.000354587060032582,0.0380516891878091,-2.13329219457308,-2.08160842543816,-2.05532116628654,-2.0304616723986,-1.98382069250065,11516.0121860483,0.999646829865255
"log_lik_catch[67]",-3.87675300208572,0.00143866017097643,0.145705159711791,-4.1936114325842,-3.96667408314022,-3.86688495028572,-3.77471422746653,-3.62008251810696,10257.3085975268,0.999741242401396
"log_lik_catch[68]",-2.05635393099687,0.000354587060032582,0.0380516891878091,-2.13329219457308,-2.08160842543816,-2.05532116628654,-2.0304616723986,-1.98382069250065,11516.0121860483,0.999646829865255
"log_lik_catch[69]",-2.38250732200556,0.0015117256621271,0.158975978760915,-2.70570182726982,-2.48833467500749,-2.37754878631835,-2.27341219485395,-2.08321888089041,11059.030199759,0.999620681515535
"log_lik_catch[70]",-1.81074775246102,0.000423738985572098,0.0440126182095117,-1.90281222899496,-1.8387879707049,-1.80845326460816,-1.77986072059566,-1.73123378589131,10788.4130057738,0.99962158611839
"log_lik_catch[71]",-1.41561801534006,0.00103156857670489,0.0960232329295214,-1.60935947844507,-1.47986532968441,-1.41364427710994,-1.34962637777794,-1.2307285683892,8664.75802407957,0.999668499655317
"log_lik_catch[72]",-1.73767832536341,0.000307610599924668,0.0318239083855427,-1.80204571749036,-1.75876334792022,-1.73690865045119,-1.71554711773853,-1.67778594067448,10702.9731929008,0.999785055981602
"log_lik_catch[73]",-1.46570751630108,0.000546945072323091,0.048504051902283,-1.56351804845193,-1.49784176343664,-1.46397752389999,-1.43238595461647,-1.3755969906399,7864.45464274343,0.999843471553308
"log_lik_catch[74]",-1.73767832536341,0.000307610599924668,0.0318239083855427,-1.80204571749036,-1.75876334792022,-1.73690865045119,-1.71554711773853,-1.67778594067448,10702.9731929008,0.999785055981602
"log_lik_catch[75]",-2.50195898964229,0.000803597897063999,0.0733962323000734,-2.65861737471395,-2.54860646104224,-2.49665448117913,-2.45067496321772,-2.37138194828829,8341.99547532763,0.999725726016172
"log_lik_catch[76]",-1.8488314563421,0.000515370594908322,0.0466179080101471,-1.9428816399042,-1.87985020190667,-1.84789888599316,-1.81628996456301,-1.76162948692141,8182.12838432351,0.999887572911932
"log_lik_catch[77]",-2.69831084744913,0.000547980105207378,0.0545400002053798,-2.81297060873608,-2.73329173429822,-2.69606243044038,-2.66024118541912,-2.59876911904298,9906.0539218384,0.999644651086967
"log_lik_catch[78]",-1.41561801534006,0.00103156857670489,0.0960232329295214,-1.60935947844507,-1.47986532968441,-1.41364427710994,-1.34962637777794,-1.2307285683892,8664.75802407957,0.999668499655317
"log_lik_catch[79]",-4.73272833299058,0.002697123481581,0.242867752384275,-5.25395595459543,-4.88337059485037,-4.71546263362579,-4.5603709470344,-4.31164716801508,8108.4538115674,0.999902228260104
"log_lik_catch[80]",-2.0096303180559,0.000691252506117669,0.0613514793260286,-2.1322212737336,-2.05038650030887,-2.00788804343483,-1.96775942721977,-1.89434563261448,7877.28648498413,0.999845556939816
"log_lik_catch[81]",-1.41561801534006,0.00103156857670489,0.0960232329295214,-1.60935947844507,-1.47986532968441,-1.41364427710994,-1.34962637777794,-1.2307285683892,8664.75802407957,0.999668499655317
"log_lik_catch[82]",-0.854210818133869,0.000685562172404978,0.0622546466504388,-0.979652546213627,-0.89633504167233,-0.853418880121028,-0.81081510354541,-0.73571580059803,8246.12383229556,0.999715744728966
"log_lik_catch[83]",-0.854210818133869,0.000685562172404978,0.0622546466504388,-0.979652546213627,-0.89633504167233,-0.853418880121028,-0.81081510354541,-0.73571580059803,8246.12383229556,0.999715744728966
"log_lik_catch[84]",-1.41561801534006,0.00103156857670489,0.0960232329295214,-1.60935947844507,-1.47986532968441,-1.41364427710994,-1.34962637777794,-1.2307285683892,8664.75802407957,0.999668499655317
"log_lik_catch[85]",-1.88852373704764,0.000577386779238794,0.0533188506212653,-2.00113247452398,-1.92239196975101,-1.88557239168233,-1.85110537699562,-1.79325922110277,8527.62093385004,0.99969469466289
"log_lik_catch[86]",-1.46570751630108,0.000546945072323091,0.048504051902283,-1.56351804845193,-1.49784176343664,-1.46397752389999,-1.43238595461647,-1.3755969906399,7864.45464274343,0.999843471553308
"log_lik_catch[87]",-1.41561801534006,0.00103156857670489,0.0960232329295214,-1.60935947844507,-1.47986532968441,-1.41364427710994,-1.34962637777794,-1.2307285683892,8664.75802407957,0.999668499655317
"log_lik_catch[88]",-3.16474082669218,0.00100832572996843,0.0915294229097475,-3.36179076573256,-3.22141318602961,-3.15719242964577,-3.10010251356032,-3.00485359975405,8239.8584171834,0.999758396206323
"log_lik_catch[89]",-3.39083282909673,0.00162582025766569,0.146349779812506,-3.70069983115067,-3.48390579205246,-3.38163225024077,-3.28640772452668,-3.13436400795647,8102.87399941578,0.999837124956788
"log_lik_catch[90]",-2.05361341683764,0.000358100566585563,0.0370667686891102,-2.12809940338214,-2.07826981371814,-2.05292291097359,-2.02792256970182,-1.98330030451756,10714.192363195,0.999788909520602
"log_lik_catch[91]",-2.85371813769261,0.000577873699518951,0.054195607223081,-2.96207895177609,-2.8903494468047,-2.8534936646876,-2.81591916010772,-2.74937180689072,8795.53609200619,0.999901235882847
"log_lik_catch[92]",-2.09653278562551,0.000443605727630167,0.0445924139496019,-2.19011886687343,-2.12515336096846,-2.09456064507945,-2.06519852817414,-2.01516164780479,10104.7989269133,0.999639257153404
"log_lik_catch[93]",-3.91440657148271,0.00148554286276796,0.133820090435337,-4.20403202089526,-3.99695512628657,-3.9032253204621,-3.8185201739271,-3.68569783346696,8114.69617315092,0.999833019310126
"log_lik_catch[94]",-1.41561801534006,0.00103156857670489,0.0960232329295214,-1.60935947844507,-1.47986532968441,-1.41364427710994,-1.34962637777794,-1.2307285683892,8664.75802407957,0.999668499655317
"log_lik_catch[95]",-3.39083282909673,0.00162582025766569,0.146349779812506,-3.70069983115067,-3.48390579205246,-3.38163225024077,-3.28640772452668,-3.13436400795647,8102.87399941578,0.999837124956788
"log_lik_catch[96]",-2.1698069952026,0.00145711986340962,0.1424034042099,-2.45563967591306,-2.26583913661862,-2.16611938730555,-2.07217261733549,-1.89714488758558,9551.02948485666,0.999624313113613
"log_lik_catch[97]",-2.58539023545603,0.000636915567030996,0.0606591864201276,-2.71498605164958,-2.62363620106621,-2.58214387483006,-2.54299339441314,-2.47725375682409,9070.46255480291,0.999673946084208
"log_lik_catch[98]",-1.41561801534006,0.00103156857670489,0.0960232329295214,-1.60935947844507,-1.47986532968441,-1.41364427710994,-1.34962637777794,-1.2307285683892,8664.75802407957,0.999668499655317
"log_lik_catch[99]",-2.09653278562551,0.000443605727630167,0.0445924139496019,-2.19011886687343,-2.12515336096846,-2.09456064507945,-2.06519852817414,-2.01516164780479,10104.7989269133,0.999639257153404
"log_lik_catch[100]",-1.46570751630108,0.000546945072323091,0.048504051902283,-1.56351804845193,-1.49784176343664,-1.46397752389999,-1.43238595461647,-1.3755969906399,7864.45464274343,0.999843471553308
"log_lik_catch[101]",-2.69831084744913,0.000547980105207378,0.0545400002053798,-2.81297060873608,-2.73329173429822,-2.69606243044038,-2.66024118541912,-2.59876911904298,9906.0539218384,0.999644651086967
"log_lik_catch[102]",-2.936454603777,0.0012029532707564,0.108184374495393,-3.16749149332287,-3.00500867387966,-2.92852284588313,-2.85904476164369,-2.74600044555062,8087.82158320555,0.999794489531704
"log_lik_catch[103]",-2.50195898964229,0.000803597897063999,0.0733962323000734,-2.65861737471395,-2.54860646104224,-2.49665448117913,-2.45067496321772,-2.37138194828829,8341.99547532763,0.999725726016172
"log_lik_catch[104]",-2.48505111571441,0.000399203546366546,0.0431931614245052,-2.57171103658711,-2.51335892217941,-2.48434432518844,-2.45560216116402,-2.40291704951362,11706.8809877413,0.999652287918756
"log_lik_catch[105]",-2.50195898964229,0.000803597897063999,0.0733962323000734,-2.65861737471395,-2.54860646104224,-2.49665448117913,-2.45067496321772,-2.37138194828829,8341.99547532763,0.999725726016172
"log_lik_catch[106]",-2.68762576230448,0.001757790751921,0.177134237393761,-3.04828451007864,-2.80661424400752,-2.6831132057567,-2.56631519599593,-2.35114305498089,10154.7836096318,0.999610509051977
"log_lik_catch[107]",-1.30937366851197,0.000320792472137749,0.0313006329599572,-1.3770354698511,-1.32903526808486,-1.30691165860897,-1.28739326814927,-1.25455611962692,9520.45935073258,0.999814730842338
"log_lik_catch[108]",-1.06935942967045,0.000942863280373216,0.0810909959405866,-1.23983257178713,-1.12207074971245,-1.06404047301353,-1.01235751277273,-0.924549302471,7396.86723333665,0.999960802233048
"log_lik_catch[109]",-4.44318019545121,0.00252845990938297,0.218463247699864,-4.88262073945621,-4.59178092003667,-4.43486186372947,-4.29240780292599,-4.04022477515671,7465.25466142245,0.999911535910526
"log_lik_catch[110]",-1.30937366851197,0.000320792472137749,0.0313006329599572,-1.3770354698511,-1.32903526808486,-1.30691165860897,-1.28739326814927,-1.25455611962692,9520.45935073258,0.999814730842338
"log_lik_catch[111]",-2.17954373608917,0.00170800717931182,0.152513732046233,-2.49718547788414,-2.28102008996074,-2.17166829721221,-2.07329499958407,-1.89912677691202,7973.30749656072,0.999917162438261
"log_lik_catch[112]",-1.71505852819035,0.00139476695621693,0.122177746415075,-1.97169361611008,-1.79479438326947,-1.70791766653537,-1.6290186093619,-1.491132967419,7673.27778798021,0.999937949353681
"log_lik_catch[113]",-1.80517791205266,0.000434184691924259,0.0424795868853196,-1.89564312079051,-1.83229861887836,-1.80234386669155,-1.77559896396019,-1.72934587392905,9572.1953746856,0.999809627639
"log_lik_catch[114]",-1.71505852819035,0.00139476695621693,0.122177746415075,-1.97169361611008,-1.79479438326947,-1.70791766653537,-1.6290186093619,-1.491132967419,7673.27778798021,0.999937949353681
"log_lik_catch[115]",-2.69566960687983,0.000625287930296387,0.055985108933738,-2.81043710199849,-2.73282510923231,-2.69428154390607,-2.65661940757139,-2.5909531800776,8016.50307862842,0.999924903250513
"log_lik_catch[116]",-2.04806190923424,0.000336786231380869,0.0362113725999671,-2.12106588055135,-2.07209580370584,-2.04708554636574,-2.02352573420151,-1.97891547851345,11560.6251065231,0.999766531065253
"log_lik_catch[117]",-3.50325643103387,0.00126715009948168,0.106466521455725,-3.71889415131611,-3.57360740638626,-3.49962835252502,-3.4284229183919,-3.30813255709846,7059.43600225294,0.999962084626227
"log_lik_catch[118]",-2.99445056346392,0.00123343289547463,0.103747478630184,-3.20193837688628,-3.06354211230812,-2.99203513177683,-2.92151755063272,-2.8019792673345,7074.96096613984,0.999962622808705
"log_lik_catch[119]",-2.27924370315128,0.00132684757938154,0.114569385673006,-2.52349948329749,-2.35235215317576,-2.27000724894727,-2.19853365352707,-2.07793068269176,7455.81452664361,0.999952661476528
"log_lik_catch[120]",-1.06935942967045,0.000942863280373216,0.0810909959405866,-1.23983257178713,-1.12207074971245,-1.06404047301353,-1.01235751277273,-0.924549302471,7396.86723333665,0.999960802233048
"log_lik_catch[121]",-1.77126921545479,0.000426629035044413,0.0388652491931069,-1.85124685989422,-1.79681495609301,-1.77013561528753,-1.74430709312619,-1.69890767780733,8298.9298881004,0.99990458110657
"log_lik_catch[122]",-2.23772969167978,0.000968859923124943,0.0833133348391805,-2.41769296373226,-2.29096862105752,-2.23095862379182,-2.1781566414115,-2.0932989658518,7394.47004316835,0.999945295519313
"log_lik_catch[123]",-2.63694491327776,0.000405006256450108,0.0434935889176547,-2.72366140413168,-2.66598006676888,-2.6360554514082,-2.60766355867489,-2.55299699126809,11532.5946195592,0.999772985714379
"log_lik_catch[124]",-1.30937366851197,0.000320792472137749,0.0313006329599572,-1.3770354698511,-1.32903526808486,-1.30691165860897,-1.28739326814927,-1.25455611962692,9520.45935073258,0.999814730842338
"log_lik_catch[125]",-2.53269302957281,0.001516541465684,0.132264773566966,-2.81529990224693,-2.61812716414903,-2.52276379806065,-2.43935123590205,-2.2972471429863,7606.41132622169,0.999943357480087
"log_lik_catch[126]",-2.92132622010112,0.000863049914863526,0.0736401115694828,-3.07119215249318,-2.96981169531008,-2.91934669445506,-2.86995168206944,-2.78608244735242,7280.43028445067,0.999961717681568
"log_lik_catch[127]",-2.99445056346392,0.00123343289547463,0.103747478630184,-3.20193837688628,-3.06354211230812,-2.99203513177683,-2.92151755063272,-2.8019792673345,7074.96096613984,0.999962622808705
"log_lik_catch[128]",-2.48447287205443,0.000434664579961225,0.0436927977293911,-2.57213981044199,-2.51314149514121,-2.48364570586363,-2.4547284892847,-2.40122474944346,10104.4157011942,0.999827184594392
"log_lik_catch[129]",-1.80517791205266,0.000434184691924259,0.0424795868853196,-1.89564312079051,-1.83229861887836,-1.80234386669155,-1.77559896396019,-1.72934587392905,9572.1953746856,0.999809627639
"log_lik_catch[130]",-2.63749905773818,0.00130354925853261,0.112119079336583,-2.87820233895352,-2.70926809891378,-2.62847941680875,-2.55861117578838,-2.44239382137435,7397.82667488002,0.999955820211402
"log_lik_catch[131]",-2.33751765017051,0.000559438918122026,0.0503871334807716,-2.44123560486231,-2.37084104133753,-2.33610515798616,-2.30239664697053,-2.24352522066629,8112.11228606829,0.999918282027293
"log_lik_catch[132]",-4.46313387507572,0.00274428174751806,0.238737546671525,-4.93651167930107,-4.62654050807478,-4.45657608024347,-4.29989262236711,-4.01790450544969,7568.05115738391,0.99990556800573
"log_lik_catch[133]",-2.75869131792757,0.00117787880713617,0.100977567849353,-2.97464361568506,-2.82267279515579,-2.75052773165389,-2.68733687584166,-2.58425318610282,7349.34434782187,0.999954565510675
"log_lik_catch[134]",-1.71505852819035,0.00139476695621693,0.122177746415075,-1.97169361611008,-1.79479438326947,-1.70791766653537,-1.6290186093619,-1.491132967419,7673.27778798021,0.999937949353681
"log_lik_catch[135]",-2.04806190923424,0.000336786231380869,0.0362113725999671,-2.12106588055135,-2.07209580370584,-2.04708554636574,-2.02352573420151,-1.97891547851345,11560.6251065231,0.999766531065253
"log_lik_catch[136]",-2.01524106512385,0.000739716721223837,0.0651626450955663,-2.15429609415038,-2.05618432372071,-2.01073998060687,-1.96826194302142,-1.90217311009417,7760.086065193,0.999911579031576
"log_lik_catch[137]",-2.95864223862318,0.000664718407711334,0.0593049335879594,-3.07990448844957,-2.99814321618001,-2.95726033262452,-2.9171998262,-2.84739897229143,7959.87479461868,0.999928769117051
"log_lik_catch[138]",-1.97606328846525,0.00137787439886957,0.134778559926658,-2.25327419241987,-2.06219671439976,-1.97072129095571,-1.88533667571165,-1.72647053830747,9568.02632574102,0.999784177313153
"log_lik_catch[139]",-1.53611089951112,0.00058277010154004,0.0569190966591844,-1.66164129528609,-1.57153537044328,-1.53194930072252,-1.49616231502477,-1.43477382037453,9539.40907063183,0.999701663673818
"log_lik_catch[140]",-2.09985393702872,0.00102910247253356,0.0988531812036672,-2.31042672003698,-2.16184940763979,-2.09407793380964,-2.0304146207622,-1.92172155140164,9227.07512591755,0.999763156048287
"log_lik_catch[141]",-0.940335501393865,0.000731717870258154,0.0704212841339126,-1.08927198041736,-0.985422105256899,-0.936767582068855,-0.891255674775069,-0.811479059402271,9262.33654752223,0.999769836377175
"log_lik_catch[142]",-2.57547507489425,0.00052586328981714,0.0546747690500264,-2.69331312283384,-2.61028466783158,-2.57294848647261,-2.53757440470623,-2.47513278280531,10810.0625360919,0.999646911450626
"log_lik_catch[143]",-1.53728763263151,0.00110761807915047,0.107340931765424,-1.76137073479423,-1.60591080114931,-1.53293490165057,-1.4634692800851,-1.34005037215621,9391.83923259984,0.999780961587577
"log_lik_catch[144]",-1.82974208792221,0.000482754403068287,0.0469348959511735,-1.92732213126384,-1.8595310060307,-1.82776184883,-1.7975857029542,-1.74381040349676,9452.33775762433,0.99987400158025
"log_lik_catch[145]",-5.20202227625856,0.00299790293451901,0.299938100554938,-5.81911628610968,-5.39864662024516,-5.19396571890094,-4.99908666059073,-4.633782802037,10009.8631305484,0.999765731304426
"log_lik_catch[146]",-1.82974208792221,0.000482754403068287,0.0469348959511735,-1.92732213126384,-1.8595310060307,-1.82776184883,-1.7975857029542,-1.74381040349676,9452.33775762433,0.99987400158025
"log_lik_catch[147]",-2.06440370067272,0.000385146915975478,0.0393602590906272,-2.14578833009491,-2.09017822326654,-2.06323094055435,-2.03756779264565,-1.99014443678874,10443.9082475389,0.999844300144095
"log_lik_catch[148]",-0.940335501393865,0.000731717870258154,0.0704212841339126,-1.08927198041736,-0.985422105256899,-0.936767582068855,-0.891255674775069,-0.811479059402271,9262.33654752223,0.999769836377175
"log_lik_catch[149]",-1.75681547449204,0.000329232904923251,0.035352645156073,-1.83162063274213,-1.77887090668554,-1.75509143474689,-1.7327021322702,-1.69153516097642,11530.2138026736,0.999646995772493
"log_lik_catch[150]",-1.53728763263151,0.00110761807915047,0.107340931765424,-1.76137073479423,-1.60591080114931,-1.53293490165057,-1.4634692800851,-1.34005037215621,9391.83923259984,0.999780961587577
"log_lik_catch[151]",-1.53728763263151,0.00110761807915047,0.107340931765424,-1.76137073479423,-1.60591080114931,-1.53293490165057,-1.4634692800851,-1.34005037215621,9391.83923259984,0.999780961587577
"log_lik_catch[152]",-3.20490504189973,0.00131851308439916,0.127820918675932,-3.46894807999748,-3.28787905618858,-3.20074264862539,-3.11702157924343,-2.96576544410345,9397.9900600269,0.999820433853509
"log_lik_catch[153]",-2.50836765094997,0.000433694679427602,0.046636792011059,-2.60517011305489,-2.5378810826247,-2.50662590338541,-2.47672603531895,-2.42066768347741,11563.4958729501,0.999654580959597
"log_lik_catch[154]",-3.16128576376785,0.000600588698247201,0.0591039649062748,-3.28318523013843,-3.19891938998998,-3.15927483176184,-3.12044627044573,-3.0511837465347,9684.53829569591,0.999886168322209
"log_lik_catch[155]",-2.07570207442534,0.000380014939615007,0.0408365675111891,-2.16119907195174,-2.10136479040163,-2.07391848696893,-2.04790570414697,-1.99962259284016,11547.7432770158,0.9996506303647
"log_lik_catch[156]",-5.6526404791818,0.00255090684521341,0.252735931987465,-6.18435536749339,-5.81465736387416,-5.64137491221607,-5.47617277078487,-5.18901305188152,9816.23130379395,0.999787703907064
"log_lik_catch[157]",-3.17027471199027,0.000635502925170778,0.0647902291235563,-3.30883029825505,-3.211181602267,-3.16733108577393,-3.12548642777963,-3.05320416040567,10394.0289887805,0.999658229314789
"log_lik_catch[158]",-2.63694491327776,0.000405006256450108,0.0434935889176547,-2.72366140413168,-2.66598006676888,-2.6360554514082,-2.60766355867489,-2.55299699126809,11532.5946195592,0.999772985714379
"log_lik_catch[159]",-2.28309933140804,0.000716853341410006,0.0643246039655198,-2.4197739296005,-2.32290225123136,-2.2789896405183,-2.2375277871999,-2.17011727524985,8051.81177954483,0.999888256846095
"log_lik_catch[160]",-4.08367198436812,0.00235535099484364,0.20299282298274,-4.48702508444518,-4.22376347488588,-4.07740810583298,-3.94390893869233,-3.70493269151238,7427.62717807825,0.999918303820789
"log_lik_catch[161]",-4.46313387507572,0.00274428174751806,0.238737546671525,-4.93651167930107,-4.62654050807478,-4.45657608024347,-4.29989262236711,-4.01790450544969,7568.05115738391,0.99990556800573
"log_lik_catch[162]",-2.92132622010112,0.000863049914863526,0.0736401115694828,-3.07119215249318,-2.96981169531008,-2.91934669445506,-2.86995168206944,-2.78608244735242,7280.43028445067,0.999961717681568
"log_lik_catch[163]",-2.79229819645954,0.000504983227055992,0.0488616615778102,-2.8898942968138,-2.82442846953383,-2.79143308870382,-2.75875291712598,-2.69893740339146,9362.30006147873,0.99986087125137
"log_lik_catch[164]",-1.77126921545479,0.000426629035044413,0.0388652491931069,-1.85124685989422,-1.79681495609301,-1.77013561528753,-1.74430709312619,-1.69890767780733,8298.9298881004,0.99990458110657
"log_lik_catch[165]",-1.80517791205266,0.000434184691924259,0.0424795868853196,-1.89564312079051,-1.83229861887836,-1.80234386669155,-1.77559896396019,-1.72934587392905,9572.1953746856,0.999809627639
"log_lik_catch[166]",-2.99445056346392,0.00123343289547463,0.103747478630184,-3.20193837688628,-3.06354211230812,-2.99203513177683,-2.92151755063272,-2.8019792673345,7074.96096613984,0.999962622808705
"log_lik_catch[167]",-3.69575044346671,0.00148523794686932,0.124999071090382,-3.94936700410731,-3.77763554767768,-3.69160220449486,-3.60736775734644,-3.46679288709889,7083.06941544386,0.999953793116675
"log_lik_catch[168]",-3.69575044346671,0.00148523794686932,0.124999071090382,-3.94936700410731,-3.77763554767768,-3.69160220449486,-3.60736775734644,-3.46679288709889,7083.06941544386,0.999953793116675
"log_lik_catch[169]",-2.95864223862318,0.000664718407711334,0.0593049335879594,-3.07990448844957,-2.99814321618001,-2.95726033262452,-2.9171998262,-2.84739897229143,7959.87479461868,0.999928769117051
"log_lik_catch[170]",-1.64917756607085,0.000790445747954628,0.0681709847658145,-1.79644056582592,-1.69247330486622,-1.64368103941186,-1.60003246211561,-1.53209028728184,7437.97989496295,0.999942927053866
"log_lik_catch[171]",-1.30937366851197,0.000320792472137749,0.0313006329599572,-1.3770354698511,-1.32903526808486,-1.30691165860897,-1.28739326814927,-1.25455611962692,9520.45935073258,0.999814730842338
"log_lik_catch[172]",-1.71505852819035,0.00139476695621693,0.122177746415075,-1.97169361611008,-1.79479438326947,-1.70791766653537,-1.6290186093619,-1.491132967419,7673.27778798021,0.999937949353681
"log_lik_catch[173]",-2.49605150849185,0.000412090320026781,0.0445694059646753,-2.5877184119851,-2.52511343627595,-2.49487275890671,-2.46606821458892,-2.41266026257603,11697.3871816477,0.999745966773343
"log_lik_catch[174]",-2.95864223862318,0.000664718407711334,0.0593049335879594,-3.07990448844957,-2.99814321618001,-2.95726033262452,-2.9171998262,-2.84739897229143,7959.87479461868,0.999928769117051
"log_lik_catch[175]",-1.53611089951112,0.00058277010154004,0.0569190966591844,-1.66164129528609,-1.57153537044328,-1.53194930072252,-1.49616231502477,-1.43477382037453,9539.40907063183,0.999701663673818
"log_lik_catch[176]",-2.47660962737307,0.00038855750562392,0.0417866212803441,-2.56139557506251,-2.50435430028616,-2.47566693870308,-2.4485093691829,-2.39661605505298,11565.4865823279,0.999746573608693
"log_lik_catch[177]",-1.27409814060738,0.000235279776058048,0.0252215016159172,-1.32838634727564,-1.28960592800454,-1.27263149848498,-1.25684341755259,-1.22830383283481,11491.3931451241,0.999640531976777
"log_lik_catch[178]",-2.52810656969326,0.000521518179457614,0.0515809896887419,-2.63464370876386,-2.56113508677996,-2.52619796031021,-2.49246464328643,-2.43219157661715,9782.28783727327,0.999879837310263
"log_lik_catch[179]",-2.57547507489425,0.00052586328981714,0.0546747690500264,-2.69331312283384,-2.61028466783158,-2.57294848647261,-2.53757440470623,-2.47513278280531,10810.0625360919,0.999646911450626
"log_lik_catch[180]",-1.91060627560503,0.000543497194213185,0.0543996198612466,-2.03004193097029,-1.94422309053313,-1.90695267407566,-1.87220648289808,-1.81368389475294,10018.3711519241,0.999667794258787
"log_lik_catch[181]",-2.31561186252126,0.00041185551633165,0.0442767447493658,-2.40780821377801,-2.34357738107304,-2.31386013068345,-2.28552127440382,-2.2326643776476,11557.43855391,0.999652960170989
"log_lik_catch[182]",-1.53728763263151,0.00110761807915047,0.107340931765424,-1.76137073479423,-1.60591080114931,-1.53293490165057,-1.4634692800851,-1.34005037215621,9391.83923259984,0.999780961587577
"log_lik_catch[183]",-1.53728763263151,0.00110761807915047,0.107340931765424,-1.76137073479423,-1.60591080114931,-1.53293490165057,-1.4634692800851,-1.34005037215621,9391.83923259984,0.999780961587577
"log_lik_catch[184]",-3.05916127125722,0.000789195573312012,0.075968712314157,-3.21870159335124,-3.10737154098729,-3.05577937575215,-3.00704341636723,-2.92056456322784,9266.16968776678,0.999880977193996
"log_lik_catch[185]",-3.1613690287061,0.00147137058074122,0.143593738849786,-3.45061899524408,-3.25636429322168,-3.15917230492071,-3.06341806689404,-2.88185207016256,9524.16412429034,0.99979563274431
"log_lik_catch[186]",-2.66962676013799,0.000449607788582379,0.0483565684690623,-2.76968303670367,-2.70030213005355,-2.66789643159021,-2.63687868691747,-2.57844268457822,11567.600915059,0.999655773661227
"log_lik_catch[187]",-1.82974208792221,0.000482754403068287,0.0469348959511735,-1.92732213126384,-1.8595310060307,-1.82776184883,-1.7975857029542,-1.74381040349676,9452.33775762433,0.99987400158025
"log_lik_catch[188]",-2.78872613357121,0.000735576563924756,0.0709079007872416,-2.93717385635162,-2.83415780245943,-2.78555876656554,-2.73986097759513,-2.65920869729826,9292.51967144791,0.99988028636905
"log_lik_catch[189]",-2.93756050519423,0.000541866789440169,0.0539516228381113,-3.04788004363025,-2.97246831888024,-2.93601968398731,-2.90025674953039,-2.83540025095503,9913.43027985412,0.999876467821652
"log_lik_catch[190]",-2.39848948264479,0.000526794200481759,0.054321071723531,-2.51626474550684,-2.43269716584026,-2.39560052141257,-2.36075793874863,-2.2996763971381,10632.9724642857,0.999648825460111
"log_lik_catch[191]",-1.27409814060738,0.000235279776058048,0.0252215016159172,-1.32838634727564,-1.28960592800454,-1.27263149848498,-1.25684341755259,-1.22830383283481,11491.3931451241,0.999640531976777
"log_lik_catch[192]",-3.94625665173792,0.00179883887518973,0.176104840188151,-4.31410080075555,-4.06084748879021,-3.94000864319517,-3.8243314984612,-3.61524678016027,9584.24828599027,0.999801120656241
"log_lik_catch[193]",-2.32326228535059,0.00159612531960055,0.157469077864724,-2.64645754221819,-2.42483722358135,-2.31704687808734,-2.21611479899754,-2.02930078307767,9733.22122895935,0.999784717884142
"log_lik_catch[194]",-2.4185636706081,0.000648873267158259,0.0627124057148837,-2.54953302074861,-2.45852697246046,-2.41577505580081,-2.37557546262117,-2.3038145532853,9340.86634606926,0.999878691767976
"log_lik_catch[195]",-2.44764427722852,0.000831842149407025,0.0763227802929144,-2.60837418911597,-2.49707904386148,-2.44324861381281,-2.39456020630819,-2.30918737788904,8418.34113216898,0.999980478377263
"log_lik_catch[196]",-1.54987076952904,0.00054201247699465,0.0491691396608785,-1.64905615789528,-1.58289516753987,-1.54850077275308,-1.51622188129663,-1.45687845475099,8229.37116512911,1.00002383639961
"log_lik_catch[197]",-1.2770231641939,0.000250123939091879,0.0248225082536708,-1.32838900279268,-1.29308543815593,-1.27612388357961,-1.25992777537943,-1.23083596403896,9848.74308129902,0.999747836626245
"log_lik_catch[198]",-2.4033163267957,0.000537653256209619,0.0528331223615954,-2.51269990091626,-2.43706922551528,-2.40086098319875,-2.36661716040157,-2.30762844364052,9656.23873570006,0.999893725332049
"log_lik_catch[199]",-1.5607165739262,0.000950405113689588,0.0932072737415306,-1.74470775760504,-1.62230019352768,-1.55968851854211,-1.49705089622687,-1.38302208398565,9617.9404068074,0.999986061985803
"log_lik_catch[200]",-3.03871979412963,0.000825911003518913,0.0772795420939958,-3.20559229347012,-3.08728136168598,-3.03340965716871,-2.98549211501276,-2.90298382945869,8755.12952998873,0.999960445846387
"log_lik_catch[201]",-2.65047835023302,0.000417061473616687,0.044351895398159,-2.74002934348322,-2.67968803444115,-2.64962201487758,-2.61997819038807,-2.56618062808785,11309.0004633379,0.999716979906396
"log_lik_catch[202]",-1.5607165739262,0.000950405113689588,0.0932072737415306,-1.74470775760504,-1.62230019352768,-1.55968851854211,-1.49705089622687,-1.38302208398565,9617.9404068074,0.999986061985803
"log_lik_catch[203]",-2.47565953278213,0.000389384734693277,0.0416502023424163,-2.55850450576004,-2.50361571655923,-2.4749387883494,-2.44743497598664,-2.39540394987152,11441.3267332507,0.999664774586281
"log_lik_catch[204]",-2.4033163267957,0.000537653256209619,0.0528331223615954,-2.51269990091626,-2.43706922551528,-2.40086098319875,-2.36661716040157,-2.30762844364052,9656.23873570006,0.999893725332049
"log_lik_catch[205]",-2.12315007678159,0.000894056772889553,0.0843446103332096,-2.29361528455483,-2.17903565974609,-2.12158524145068,-2.06496481456572,-1.96334713987913,8899.88668770113,1.00004863619388
"log_lik_catch[206]",-3.17031955553377,0.00115271495996814,0.105326501727366,-3.39377468042495,-3.23753771814166,-3.16367667052576,-3.09634883722834,-2.98226015637675,8348.94232466942,0.999979288632845
"log_lik_catch[207]",-3.17031955553377,0.00115271495996814,0.105326501727366,-3.39377468042495,-3.23753771814166,-3.16367667052576,-3.09634883722834,-2.98226015637675,8348.94232466942,0.999979288632845
"log_lik_catch[208]",-2.11556147797507,0.000669310994926007,0.0607464998611218,-2.23711347211765,-2.15664069557833,-2.11435238584047,-2.07424585991217,-1.99979568043964,8237.33256974856,1.00003612603026
"log_lik_catch[209]",-2.4033163267957,0.000537653256209619,0.0528331223615954,-2.51269990091626,-2.43706922551528,-2.40086098319875,-2.36661716040157,-2.30762844364052,9656.23873570006,0.999893725332049
"log_lik_catch[210]",-0.957035741377779,0.000639498161039062,0.059991233323943,-1.07619488795537,-0.996789584357704,-0.956357197895919,-0.916123007673107,-0.842553648418752,8800.2899407781,1.00002374767585
"log_lik_catch[211]",-3.17031955553377,0.00115271495996814,0.105326501727366,-3.39377468042495,-3.23753771814166,-3.16367667052576,-3.09634883722834,-2.98226015637675,8348.94232466942,0.999979288632845
"log_lik_catch[212]",-2.77687663557222,0.000827074577246644,0.0767800662555034,-2.9410383831465,-2.82646798421675,-2.77184494398974,-2.72334129011906,-2.64027958256377,8618.02246519161,0.999967801390275
"log_lik_catch[213]",-2.28463721770216,0.000363499995134688,0.0391270241026128,-2.36300300171072,-2.31072035289495,-2.28390458107114,-2.25842291556795,-2.2099414403211,11586.3012709474,0.999667842554332
"log_lik_catch[214]",-2.35261998368941,0.00138356650414891,0.141494722811405,-2.6362826676431,-2.44608493889747,-2.35186368809111,-2.25419938262428,-2.08727568499856,10458.7650475891,0.999925706275191
"log_lik_catch[215]",-1.76090627323318,0.00034978247841749,0.0347722334333021,-1.83184416468712,-1.78365843160682,-1.76003911979751,-1.73707187762639,-1.69520959952052,9882.55116783113,0.999743877014378
"log_lik_catch[216]",-1.5607165739262,0.000950405113689588,0.0932072737415306,-1.74470775760504,-1.62230019352768,-1.55968851854211,-1.49705089622687,-1.38302208398565,9617.9404068074,0.999986061985803
"log_lik_catch[217]",-3.04002650090843,0.000651147235986187,0.0632655452267267,-3.17282551406171,-3.0806454116457,-3.03643242962262,-2.99641180078746,-2.92581399661751,9440.08940802663,0.999911364985527
"log_lik_catch[218]",-2.93583297937785,0.000500083119553458,0.0498090881015948,-3.03504575053449,-2.96902558636931,-2.93532971680785,-2.90201974969707,-2.83965068598336,9920.48241162026,0.999739590863589
"log_lik_catch[219]",-2.0588254281371,0.000345781617161591,0.0369012437888154,-2.13376127987365,-2.08309511717279,-2.05795539062842,-2.03339347747548,-1.98925483324792,11388.8063162242,0.999709771079687
"log_lik_catch[220]",-0.957035741377779,0.000639498161039062,0.059991233323943,-1.07619488795537,-0.996789584357704,-0.956357197895919,-0.916123007673107,-0.842553648418752,8800.2899407781,1.00002374767585
"log_lik_catch[221]",-2.0588254281371,0.000345781617161591,0.0369012437888154,-2.13376127987365,-2.08309511717279,-2.05795539062842,-2.03339347747548,-1.98925483324792,11388.8063162242,0.999709771079687
"log_lik_catch[222]",-2.65047835023302,0.000417061473616687,0.044351895398159,-2.74002934348322,-2.67968803444115,-2.64962201487758,-2.61997819038807,-2.56618062808785,11309.0004633379,0.999716979906396
"log_lik_catch[223]",-1.85201511110354,0.000746013831300166,0.0681811281514915,-1.98914537319306,-1.89708876119013,-1.85095942937154,-1.80493813186042,-1.72204118191552,8352.84854797518,1.00005877614291
"log_lik_catch[224]",-2.0588254281371,0.000345781617161591,0.0369012437888154,-2.13376127987365,-2.08309511717279,-2.05795539062842,-2.03339347747548,-1.98925483324792,11388.8063162242,0.999709771079687
"log_lik_catch[225]",-3.12296840310041,0.00131143905378463,0.119806523511509,-3.3714574072903,-3.20032011492934,-3.11774998138534,-3.03884190009513,-2.9049072281587,8345.73724447213,0.999978463530816
"log_lik_catch[226]",-3.12296840310041,0.00131143905378463,0.119806523511509,-3.3714574072903,-3.20032011492934,-3.11774998138534,-3.03884190009513,-2.9049072281587,8345.73724447213,0.999978463530816
"log_lik_catch[227]",-1.54987076952904,0.00054201247699465,0.0491691396608785,-1.64905615789528,-1.58289516753987,-1.54850077275308,-1.51622188129663,-1.45687845475099,8229.37116512911,1.00002383639961
"log_lik_catch[228]",-4.55163808626505,0.00238963997497331,0.219468073286437,-5.00823108142306,-4.69283271630016,-4.54489693133638,-4.39891833816044,-4.14495116903953,8434.85754987915,0.999940063587485
"log_lik_catch[229]",-3.03871979412963,0.000825911003518913,0.0772795420939958,-3.20559229347012,-3.08728136168598,-3.03340965716871,-2.98549211501276,-2.90298382945869,8755.12952998873,0.999960445846387
"log_lik_catch[230]",-2.47565953278213,0.000389384734693277,0.0416502023424163,-2.55850450576004,-2.50361571655923,-2.4749387883494,-2.44743497598664,-2.39540394987152,11441.3267332507,0.999664774586281
"log_lik_catch[231]",-1.2770231641939,0.000250123939091879,0.0248225082536708,-1.32838900279268,-1.29308543815593,-1.27612388357961,-1.25992777537943,-1.23083596403896,9848.74308129902,0.999747836626245
"log_lik_catch[232]",-2.28463721770216,0.000363499995134688,0.0391270241026128,-2.36300300171072,-2.31072035289495,-2.28390458107114,-2.25842291556795,-2.2099414403211,11586.3012709474,0.999667842554332
"log_lik_catch[233]",-0.957035741377779,0.000639498161039062,0.059991233323943,-1.07619488795537,-0.996789584357704,-0.956357197895919,-0.916123007673107,-0.842553648418752,8800.2899407781,1.00002374767585
"log_lik_catch[234]",-3.17031955553377,0.00115271495996814,0.105326501727366,-3.39377468042495,-3.23753771814166,-3.16367667052576,-3.09634883722834,-2.98226015637675,8348.94232466942,0.999979288632845
"log_lik_catch[235]",-3.4648058826915,0.00102836434490855,0.0942404573400457,-3.66924652908136,-3.52412405275061,-3.45755910594684,-3.39904058024348,-3.29911056579276,8398.09434098622,0.999973153016505
"log_lik_catch[236]",-1.54987076952904,0.00054201247699465,0.0491691396608785,-1.64905615789528,-1.58289516753987,-1.54850077275308,-1.51622188129663,-1.45687845475099,8229.37116512911,1.00002383639961
"log_lik_catch[237]",-2.77687663557222,0.000827074577246644,0.0767800662555034,-2.9410383831465,-2.82646798421675,-2.77184494398974,-2.72334129011906,-2.64027958256377,8618.02246519161,0.999967801390275
"log_lik_catch[238]",-1.76090627323318,0.00034978247841749,0.0347722334333021,-1.83184416468712,-1.78365843160682,-1.76003911979751,-1.73707187762639,-1.69520959952052,9882.55116783113,0.999743877014378
"log_lik_catch[239]",-1.5607165739262,0.000950405113689588,0.0932072737415306,-1.74470775760504,-1.62230019352768,-1.55968851854211,-1.49705089622687,-1.38302208398565,9617.9404068074,0.999986061985803
"log_lik_catch[240]",-2.12315007678159,0.000894056772889553,0.0843446103332096,-2.29361528455483,-2.17903565974609,-2.12158524145068,-2.06496481456572,-1.96334713987913,8899.88668770113,1.00004863619388
"log_lik_catch[241]",-2.8397570460798,0.000511114828936119,0.0518147464159837,-2.94605004601011,-2.87402948263367,-2.83744937252819,-2.80435594299588,-2.74340598989406,10277.0812841298,0.999826662001146
"log_lik_catch[242]",-3.04002650090843,0.000651147235986187,0.0632655452267267,-3.17282551406171,-3.0806454116457,-3.03643242962262,-2.99641180078746,-2.92581399661751,9440.08940802663,0.999911364985527
"log_lik_catch[243]",-2.47482856323394,0.000726822884966335,0.0659821998329193,-2.60576290906223,-2.51911732100852,-2.47366650013102,-2.43004661577789,-2.34896886670059,8241.31274246368,1.00004237586855
"log_lik_catch[244]",-2.19485653036833,0.000536911075152475,0.0494238986910749,-2.2946057566958,-2.22706733524226,-2.19316233924555,-2.16104883389986,-2.1000305386532,8473.6257048011,0.999899822874255
"log_lik_catch[245]",-2.48061604285176,0.000885266516314937,0.081900291216818,-2.64522938006068,-2.53434840970046,-2.47919414109409,-2.42384729746456,-2.32442855185051,8558.99585067689,1.00006541746491
"log_lik_catch[246]",-1.5607165739262,0.000950405113689588,0.0932072737415306,-1.74470775760504,-1.62230019352768,-1.55968851854211,-1.49705089622687,-1.38302208398565,9617.9404068074,0.999986061985803
"log_lik_catch[247]",-1.54987076952904,0.00054201247699465,0.0491691396608785,-1.64905615789528,-1.58289516753987,-1.54850077275308,-1.51622188129663,-1.45687845475099,8229.37116512911,1.00002383639961
"log_lik_catch[248]",-3.12296840310041,0.00131143905378463,0.119806523511509,-3.3714574072903,-3.20032011492934,-3.11774998138534,-3.03884190009513,-2.9049072281587,8345.73724447213,0.999978463530816
"log_lik_catch[249]",-2.08042080259957,0.000403577105759603,0.0401514306508799,-2.16172238601699,-2.10692629750707,-2.07963649463972,-2.05300013749134,-2.00395854945295,9898.03547129877,0.999742105731295
"log_lik_catch[250]",-1.5607165739262,0.000950405113689588,0.0932072737415306,-1.74470775760504,-1.62230019352768,-1.55968851854211,-1.49705089622687,-1.38302208398565,9617.9404068074,0.999986061985803
"log_lik_catch[251]",-0.957035741377779,0.000639498161039062,0.059991233323943,-1.07619488795537,-0.996789584357704,-0.956357197895919,-0.916123007673107,-0.842553648418752,8800.2899407781,1.00002374767585
"log_lik_catch[252]",-2.4033163267957,0.000537653256209619,0.0528331223615954,-2.51269990091626,-2.43706922551528,-2.40086098319875,-2.36661716040157,-2.30762844364052,9656.23873570006,0.999893725332049
"log_lik_catch[253]",-2.0588254281371,0.000345781617161591,0.0369012437888154,-2.13376127987365,-2.08309511717279,-2.05795539062842,-2.03339347747548,-1.98925483324792,11388.8063162242,0.999709771079687
"log_lik_catch[254]",-1.85201511110354,0.000746013831300166,0.0681811281514915,-1.98914537319306,-1.89708876119013,-1.85095942937154,-1.80493813186042,-1.72204118191552,8352.84854797518,1.00005877614291
"log_lik_catch[255]",-2.88783961258823,0.00170846906762358,0.1784382453297,-3.24738797717281,-3.00638139921407,-2.88556165665237,-2.76412852119147,-2.55262838759403,10908.4148919073,0.999890888691096
"log_lik_catch[256]",-1.2770231641939,0.000250123939091879,0.0248225082536708,-1.32838900279268,-1.29308543815593,-1.27612388357961,-1.25992777537943,-1.23083596403896,9848.74308129902,0.999747836626245
"log_lik_catch[257]",-1.54987076952904,0.00054201247699465,0.0491691396608785,-1.64905615789528,-1.58289516753987,-1.54850077275308,-1.51622188129663,-1.45687845475099,8229.37116512911,1.00002383639961
"log_lik_catch[258]",-6.79846466197609,0.0041819595598273,0.387541311560841,-7.591772850334,-7.05240934557452,-6.79230816207532,-6.53147633601587,-6.06833701713211,8587.68986178206,0.99989834984299
"log_lik_catch[259]",-2.00313539905672,0.00118654743241979,0.119277024942652,-2.24024858700659,-2.08264984355261,-2.00179618406204,-1.91985657225324,-1.7769517748755,10105.1645224937,0.999951874197392
"log_lik_catch[260]",-1.5607165739262,0.000950405113689588,0.0932072737415306,-1.74470775760504,-1.62230019352768,-1.55968851854211,-1.49705089622687,-1.38302208398565,9617.9404068074,0.999986061985803
"log_lik_catch[261]",-2.77687663557222,0.000827074577246644,0.0767800662555034,-2.9410383831465,-2.82646798421675,-2.77184494398974,-2.72334129011906,-2.64027958256377,8618.02246519161,0.999967801390275
"log_lik_catch[262]",-3.01840977757145,0.000447955977051366,0.0475542516946461,-3.11430613184374,-3.04984022091452,-3.01763857530534,-2.98573008178079,-2.92755038855941,11269.5878325931,0.999720416473159
"log_lik_catch[263]",-2.4033163267957,0.000537653256209619,0.0528331223615954,-2.51269990091626,-2.43706922551528,-2.40086098319875,-2.36661716040157,-2.30762844364052,9656.23873570006,0.999893725332049
"log_lik_catch[264]",-2.4033163267957,0.000537653256209619,0.0528331223615954,-2.51269990091626,-2.43706922551528,-2.40086098319875,-2.36661716040157,-2.30762844364052,9656.23873570006,0.999893725332049
"log_lik_catch[265]",-1.39377220637177,0.0010843757386584,0.0976164441310076,-1.58818887179802,-1.45833144386436,-1.39276839856105,-1.32888248677274,-1.2057774522886,8103.75649264443,1.00000156708439
"log_lik_catch[266]",-2.51878271823106,0.000540156902338553,0.0499985323521146,-2.62066956869353,-2.55125880130323,-2.5177762460107,-2.48457406698646,-2.42369771473359,8567.90519933658,0.999832892429179
"log_lik_catch[267]",-2.96550059236692,0.00138417993742801,0.11865821744353,-3.22181719411954,-3.03938024384997,-2.95562301534397,-2.88152948273332,-2.76044452686563,7348.70035399861,0.999958005250803
"log_lik_catch[268]",-1.39377220637177,0.0010843757386584,0.0976164441310076,-1.58818887179802,-1.45833144386436,-1.39276839856105,-1.32888248677274,-1.2057774522886,8103.75649264443,1.00000156708439
"log_lik_catch[269]",-1.45404006684443,0.000608247203228792,0.0511148668341163,-1.55905699069433,-1.48757796755869,-1.45215003093082,-1.41831839209605,-1.35825000664133,7062.10590439983,1.00002486603329
"log_lik_catch[270]",-2.31518458412136,0.00103793281247033,0.0882537239905993,-2.49135436230166,-2.37424532667101,-2.31424969421295,-2.25511367726771,-2.14824583140279,7229.82186601693,1.00006089148652
"log_lik_catch[271]",-2.52082661872058,0.000899337873922706,0.0793103822343833,-2.69528363475508,-2.56911449581287,-2.51381316419399,-2.46601046509807,-2.38305869080345,7777.03976063958,0.999929547591553
"log_lik_catch[272]",-1.39377220637177,0.0010843757386584,0.0976164441310076,-1.58818887179802,-1.45833144386436,-1.39276839856105,-1.32888248677274,-1.2057774522886,8103.75649264443,1.00000156708439
"log_lik_catch[273]",-2.70953076671543,0.000594719968887723,0.0571340987521052,-2.83251097829329,-2.74407707321713,-2.70593107022143,-2.6694950631268,-2.60756214735441,9229.23533478032,0.999816317901276
"log_lik_catch[274]",-2.33838961925824,0.000543490566567959,0.0494716500115942,-2.43898902444011,-2.37089362207045,-2.33736589218344,-2.30440684824531,-2.2452358460064,8285.69170917762,0.999858916763298
"log_lik_catch[275]",-1.80927506053247,0.0013116714818134,0.121946506503725,-2.05466967025484,-1.88968392518693,-1.80751046267682,-1.72756293319528,-1.5743888918319,8643.47885639492,0.999971969729272
"log_lik_catch[276]",-1.45404006684443,0.000608247203228792,0.0511148668341163,-1.55905699069433,-1.48757796755869,-1.45215003093082,-1.41831839209605,-1.35825000664133,7062.10590439983,1.00002486603329
"log_lik_catch[277]",-1.25937586403218,0.000222496181645489,0.0225322792157446,-1.30637261516855,-1.27415325937393,-1.25846005895442,-1.24399392953569,-1.21729789424967,10255.6956476025,0.999705904210024
"log_lik_catch[278]",-2.51878271823106,0.000540156902338553,0.0499985323521146,-2.62066956869353,-2.55125880130323,-2.5177762460107,-2.48457406698646,-2.42369771473359,8567.90519933658,0.999832892429179
"log_lik_catch[279]",-1.83913130334982,0.000567616345973685,0.0490085690658045,-1.93919824054088,-1.87211981569848,-1.83765002495074,-1.80564718342429,-1.74701774957897,7454.77014834901,0.999952747990287
"log_lik_catch[280]",-1.99464695484937,0.000771183606842517,0.0648251669476211,-2.12577778008662,-2.03749816868833,-1.99273905935225,-1.94989269467876,-1.87098701188492,7065.96870362191,1.00003051761182
"log_lik_catch[281]",-1.99464695484937,0.000771183606842517,0.0648251669476211,-2.12577778008662,-2.03749816868833,-1.99273905935225,-1.94989269467876,-1.87098701188492,7065.96870362191,1.00003051761182
"log_lik_catch[282]",-1.39377220637177,0.0010843757386584,0.0976164441310076,-1.58818887179802,-1.45833144386436,-1.39276839856105,-1.32888248677274,-1.2057774522886,8103.75649264443,1.00000156708439
"log_lik_catch[283]",-1.5607165739262,0.000950405113689588,0.0932072737415306,-1.74470775760504,-1.62230019352768,-1.55968851854211,-1.49705089622687,-1.38302208398565,9617.9404068074,0.999986061985803
"log_lik_catch[284]",-0.957035741377779,0.000639498161039062,0.059991233323943,-1.07619488795537,-0.996789584357704,-0.956357197895919,-0.916123007673107,-0.842553648418752,8800.2899407781,1.00002374767585
"log_lik_catch[285]",-1.5607165739262,0.000950405113689588,0.0932072737415306,-1.74470775760504,-1.62230019352768,-1.55968851854211,-1.49705089622687,-1.38302208398565,9617.9404068074,0.999986061985803
"log_lik_catch[286]",-3.31733886791291,0.0010752723255382,0.0983084804615698,-3.52959112402205,-3.37943996728577,-3.31050807035845,-3.24832642555728,-3.14345069262354,8358.82108970552,0.999976566156662
"log_lik_catch[287]",-0.957035741377779,0.000639498161039062,0.059991233323943,-1.07619488795537,-0.996789584357704,-0.956357197895919,-0.916123007673107,-0.842553648418752,8800.2899407781,1.00002374767585
"log_lik_catch[288]",-0.957035741377779,0.000639498161039062,0.059991233323943,-1.07619488795537,-0.996789584357704,-0.956357197895919,-0.916123007673107,-0.842553648418752,8800.2899407781,1.00002374767585
"log_lik_catch[289]",-2.28463721770216,0.000363499995134688,0.0391270241026128,-2.36300300171072,-2.31072035289495,-2.28390458107114,-2.25842291556795,-2.2099414403211,11586.3012709474,0.999667842554332
"log_lik_catch[290]",-2.0588254281371,0.000345781617161591,0.0369012437888154,-2.13376127987365,-2.08309511717279,-2.05795539062842,-2.03339347747548,-1.98925483324792,11388.8063162242,0.999709771079687
"log_lik_catch[291]",-3.29270796219575,0.00197335762474496,0.208558809038326,-3.71416759539534,-3.43149432447207,-3.28945987333388,-3.1484757053707,-2.89822102414944,11169.8021405095,0.999869548110823
"log_lik_catch[292]",-3.01420422773704,0.000459909578389314,0.0479450933666549,-3.10981103254413,-3.04627141826966,-3.01342841628745,-2.9817118491695,-2.92165133223983,10867.8448112993,0.999687873729299
"log_lik_catch[293]",-1.5607165739262,0.000950405113689588,0.0932072737415306,-1.74470775760504,-1.62230019352768,-1.55968851854211,-1.49705089622687,-1.38302208398565,9617.9404068074,0.999986061985803
"log_lik_catch[294]",-1.5607165739262,0.000950405113689588,0.0932072737415306,-1.74470775760504,-1.62230019352768,-1.55968851854211,-1.49705089622687,-1.38302208398565,9617.9404068074,0.999986061985803
"log_lik_catch[295]",-1.85201511110354,0.000746013831300166,0.0681811281514915,-1.98914537319306,-1.89708876119013,-1.85095942937154,-1.80493813186042,-1.72204118191552,8352.84854797518,1.00005877614291
"log_lik_catch[296]",-1.54987076952904,0.00054201247699465,0.0491691396608785,-1.64905615789528,-1.58289516753987,-1.54850077275308,-1.51622188129663,-1.45687845475099,8229.37116512911,1.00002383639961
"log_lik_catch[297]",-3.17031955553377,0.00115271495996814,0.105326501727366,-3.39377468042495,-3.23753771814166,-3.16367667052576,-3.09634883722834,-2.98226015637675,8348.94232466942,0.999979288632845
"log_lik_catch[298]",-1.2770231641939,0.000250123939091879,0.0248225082536708,-1.32838900279268,-1.29308543815593,-1.27612388357961,-1.25992777537943,-1.23083596403896,9848.74308129902,0.999747836626245
"log_lik_catch[299]",-1.5607165739262,0.000950405113689588,0.0932072737415306,-1.74470775760504,-1.62230019352768,-1.55968851854211,-1.49705089622687,-1.38302208398565,9617.9404068074,0.999986061985803
"log_lik_catch[300]",-4.1851839695709,0.00142252227268376,0.129741839006112,-4.46446090724482,-4.26571671139556,-4.17520363072357,-4.09348227575051,-3.95888234386772,8318.44116122927,0.999972787092153
"log_lik_catch[301]",-2.00313539905672,0.00118654743241979,0.119277024942652,-2.24024858700659,-2.08264984355261,-2.00179618406204,-1.91985657225324,-1.7769517748755,10105.1645224937,0.999951874197392
"log_lik_catch[302]",-2.8397570460798,0.000511114828936119,0.0518147464159837,-2.94605004601011,-2.87402948263367,-2.83744937252819,-2.80435594299588,-2.74340598989406,10277.0812841298,0.999826662001146
"log_lik_catch[303]",-1.5607165739262,0.000950405113689588,0.0932072737415306,-1.74470775760504,-1.62230019352768,-1.55968851854211,-1.49705089622687,-1.38302208398565,9617.9404068074,0.999986061985803
"log_lik_catch[304]",-3.91283635641193,0.00144502877878512,0.131868271185322,-4.19524904643166,-3.99538690038095,-3.90353376656729,-3.81922473627887,-3.68115932437236,8327.74909968898,0.999972363781145
"log_lik_catch[305]",-2.12315007678159,0.000894056772889553,0.0843446103332096,-2.29361528455483,-2.17903565974609,-2.12158524145068,-2.06496481456572,-1.96334713987913,8899.88668770113,1.00004863619388
"log_lik_catch[306]",-1.5607165739262,0.000950405113689588,0.0932072737415306,-1.74470775760504,-1.62230019352768,-1.55968851854211,-1.49705089622687,-1.38302208398565,9617.9404068074,0.999986061985803
"log_lik_catch[307]",-2.77751129291361,0.000415096249210399,0.0445814720386602,-2.86704551556462,-2.80698698617948,-2.77678541859707,-2.74714950609955,-2.69147657587351,11534.8297931234,0.999684388822777
"log_lik_catch[308]",-3.81735717578811,0.000828006144885235,0.0785682867386684,-3.98777253564343,-3.86651965641332,-3.81194012073215,-3.76288951958796,-3.67944618584019,9003.83331339786,0.999946987506049
"log_lik_catch[309]",-2.51792304292267,0.000443791571963031,0.0458916476671123,-2.60992110973846,-2.54808363076661,-2.51638611018508,-2.4865061581631,-2.43209899194181,10693.2372028142,0.999785202660659
"log_lik_catch[310]",-3.12296840310041,0.00131143905378463,0.119806523511509,-3.3714574072903,-3.20032011492934,-3.11774998138534,-3.03884190009513,-2.9049072281587,8345.73724447213,0.999978463530816
"log_lik_catch[311]",-1.2770231641939,0.000250123939091879,0.0248225082536708,-1.32838900279268,-1.29308543815593,-1.27612388357961,-1.25992777537943,-1.23083596403896,9848.74308129902,0.999747836626245
"log_lik_catch[312]",-1.76090627323318,0.00034978247841749,0.0347722334333021,-1.83184416468712,-1.78365843160682,-1.76003911979751,-1.73707187762639,-1.69520959952052,9882.55116783113,0.999743877014378
"log_lik_catch[313]",-3.12296840310041,0.00131143905378463,0.119806523511509,-3.3714574072903,-3.20032011492934,-3.11774998138534,-3.03884190009513,-2.9049072281587,8345.73724447213,0.999978463530816
"log_lik_catch[314]",-3.04002650090843,0.000651147235986187,0.0632655452267267,-3.17282551406171,-3.0806454116457,-3.03643242962262,-2.99641180078746,-2.92581399661751,9440.08940802663,0.999911364985527
"log_lik_catch[315]",-2.0588254281371,0.000345781617161591,0.0369012437888154,-2.13376127987365,-2.08309511717279,-2.05795539062842,-2.03339347747548,-1.98925483324792,11388.8063162242,0.999709771079687
"log_lik_catch[316]",-2.28463721770216,0.000363499995134688,0.0391270241026128,-2.36300300171072,-2.31072035289495,-2.28390458107114,-2.25842291556795,-2.2099414403211,11586.3012709474,0.999667842554332
"log_lik_catch[317]",-3.17031955553377,0.00115271495996814,0.105326501727366,-3.39377468042495,-3.23753771814166,-3.16367667052576,-3.09634883722834,-2.98226015637675,8348.94232466942,0.999979288632845
"log_lik_catch[318]",-2.70953076671543,0.000594719968887723,0.0571340987521052,-2.83251097829329,-2.74407707321713,-2.70593107022143,-2.6694950631268,-2.60756214735441,9229.23533478032,0.999816317901276
"log_lik_catch[319]",-2.14172199075965,0.00148845820929309,0.142032611951575,-2.42606169617882,-2.23597836944209,-2.13957581072676,-2.0465906492602,-1.8712474244649,9105.48023625736,0.999946459927516
"log_lik_catch[320]",-2.28979227319462,0.000402729340222479,0.0407881001800317,-2.37300509780765,-2.31701020238409,-2.28888915040271,-2.26220624951052,-2.21141267346496,10257.4737300703,0.999711847896219
"log_lik_catch[321]",-2.31518458412136,0.00103793281247033,0.0882537239905993,-2.49135436230166,-2.37424532667101,-2.31424969421295,-2.25511367726771,-2.14824583140279,7229.82186601693,1.00006089148652
"log_lik_catch[322]",-2.6306320627748,0.00130295083107842,0.111353886320291,-2.86663853067447,-2.70138257193217,-2.62347412007124,-2.55253854510601,-2.43217859413115,7303.89805931032,0.999968466695622
"log_lik_catch[323]",-1.45404006684443,0.000608247203228792,0.0511148668341163,-1.55905699069433,-1.48757796755869,-1.45215003093082,-1.41831839209605,-1.35825000664133,7062.10590439983,1.00002486603329
"log_lik_catch[324]",-1.25937586403218,0.000222496181645489,0.0225322792157446,-1.30637261516855,-1.27415325937393,-1.25846005895442,-1.24399392953569,-1.21729789424967,10255.6956476025,0.999705904210024
"log_lik_catch[325]",-2.89784799334165,0.000427254818914152,0.045820210750898,-2.98998517293354,-2.9281769689773,-2.89720915911276,-2.86672223337514,-2.81035407363855,11501.122397705,0.999674710992052
"log_lik_catch[326]",-3.23061374278378,0.0014320654905016,0.122921675622681,-3.49945966847725,-3.30637252529229,-3.21905101992386,-3.1434949674483,-3.02156488661438,7367.68729299909,0.999952619775279
"log_lik_catch[327]",-2.10522205519215,0.00047496634324887,0.0463162453888414,-2.20395771286401,-2.13361689034824,-2.1023167625075,-2.07275616101335,-2.02208334763126,9509.13515972699,0.99980613632997
"log_lik_catch[328]",-2.92664976566001,0.000500075092511429,0.0511623826914663,-3.03308246612043,-2.95953995108336,-2.92461364603269,-2.89178833470115,-2.83203711450976,10467.2133372299,0.999737740587965
"log_lik_catch[329]",-1.83913130334982,0.000567616345973685,0.0490085690658045,-1.93919824054088,-1.87211981569848,-1.83765002495074,-1.80564718342429,-1.74701774957897,7454.77014834901,0.999952747990287
"log_lik_catch[330]",-5.91468459518183,0.00468915147331565,0.402498624175246,-6.77028951770783,-6.1714163850597,-5.89187411490715,-5.62699985463558,-5.20034769944983,7367.84153269501,0.999928023868972
"log_lik_catch[331]",-1.80927506053247,0.0013116714818134,0.121946506503725,-2.05466967025484,-1.88968392518693,-1.80751046267682,-1.72756293319528,-1.5743888918319,8643.47885639492,0.999971969729272
"log_lik_catch[332]",-2.51878271823106,0.000540156902338553,0.0499985323521146,-2.62066956869353,-2.55125880130323,-2.5177762460107,-2.48457406698646,-2.42369771473359,8567.90519933658,0.999832892429179
"log_lik_catch[333]",-1.99464695484937,0.000771183606842517,0.0648251669476211,-2.12577778008662,-2.03749816868833,-1.99273905935225,-1.94989269467876,-1.87098701188492,7065.96870362191,1.00003051761182
"log_lik_catch[334]",-1.39377220637177,0.0010843757386584,0.0976164441310076,-1.58818887179802,-1.45833144386436,-1.39276839856105,-1.32888248677274,-1.2057774522886,8103.75649264443,1.00000156708439
"log_lik_catch[335]",-1.79970938846752,0.000389228545937598,0.0416509594536894,-1.88939666737794,-1.82662031480551,-1.79707676620801,-1.77112235414128,-1.72363185525873,11450.9271705054,0.999828583293715
"log_lik_catch[336]",-3.54981907224502,0.000450191791758193,0.0503214590571779,-3.65007556031,-3.58311244523777,-3.54932245852767,-3.51621674847008,-3.45443062634616,12494.2820334118,0.999723697933352
"log_lik_catch[337]",-2.34335441939091,0.000541205319808477,0.0514307755808191,-2.44893484856779,-2.37679786582621,-2.3418109183816,-2.30750977231713,-2.24743962810681,9030.71285393683,0.999743788802481
"log_lik_catch[338]",-3.52951146902224,0.000628779354392123,0.0600958561388748,-3.65192476366918,-3.56833636725063,-3.52788391794807,-3.48824600372424,-3.41482410959197,9134.66250587018,0.999728861858133
"log_lik_catch[339]",-3.32965540203394,0.000986946872953758,0.0917433031003229,-3.52243275155408,-3.38845015751757,-3.3259033814476,-3.26478181822997,-3.16514582131378,8640.94406542907,0.999844324345208
"log_lik_catch[340]",-1.69828471179968,0.00125501794623738,0.120484673843824,-1.94677345703506,-1.77752598683568,-1.6926830120799,-1.61497985352703,-1.4781103130783,9216.45146757255,0.999779645618301
"log_lik_catch[341]",-1.63805639608294,0.000688368093723664,0.0670275891843016,-1.77958237144073,-1.68112612260388,-1.63367219202433,-1.59031716221693,-1.52004943464437,9481.25296059314,0.999860411767286
"log_lik_catch[342]",-2.33259871170778,0.000853202506205014,0.0799122830595551,-2.49647035353289,-2.38502886851173,-2.33003733477256,-2.27600270032023,-2.18489472688226,8772.48899239615,0.999848572986953
"log_lik_catch[343]",-2.56369178508004,0.000498237164709326,0.0533400896448458,-2.67659273276895,-2.59865545651159,-2.5610102468372,-2.52732992654468,-2.46414315940029,11461.3359749679,0.999835318914529
"log_lik_catch[344]",-2.63720044971915,0.000404924028683782,0.043453375381892,-2.72336542867883,-2.66630209851614,-2.63621780191368,-2.60799913821397,-2.55429479270085,11515.9543984534,0.999681028783196
"log_lik_catch[345]",-2.49284977730417,0.000391183898729285,0.0439958627640515,-2.58217863928458,-2.52139988468056,-2.49164403423199,-2.46295642064982,-2.41113736139356,12649.1614508381,0.99974791739728
"log_lik_catch[346]",-3.01159262548985,0.00113540190791458,0.106443171741671,-3.2318062326294,-3.08188486859997,-3.00700791738601,-2.93563374313319,-2.8177236873349,8788.93746894981,0.999871784587803
"log_lik_catch[347]",-1.79970938846752,0.000389228545937598,0.0416509594536894,-1.88939666737794,-1.82662031480551,-1.79707676620801,-1.77112235414128,-1.72363185525873,11450.9271705054,0.999828583293715
"log_lik_catch[348]",-2.33259871170778,0.000853202506205014,0.0799122830595551,-2.49647035353289,-2.38502886851173,-2.33003733477256,-2.27600270032023,-2.18489472688226,8772.48899239615,0.999848572986953
"log_lik_catch[349]",-3.71674958568253,0.00137216860153439,0.128897858872726,-3.98446935385694,-3.80072507529438,-3.71009576137088,-3.62436212434833,-3.48614656844183,8824.22253365095,0.999887916132056
"log_lik_catch[350]",-2.04824603205187,0.000336584353127695,0.036168458408392,-2.1202308287372,-2.07232022463503,-2.04721156888302,-2.02380757908215,-1.97999583454524,11547.0793679861,0.999677573176096
"log_lik_catch[351]",-3.01159262548985,0.00113540190791458,0.106443171741671,-3.2318062326294,-3.08188486859997,-3.00700791738601,-2.93563374313319,-2.8177236873349,8788.93746894981,0.999871784587803
"log_lik_catch[352]",-3.22674587995878,0.00133318442366491,0.130159298619297,-3.50234913481242,-3.30922725876434,-3.21998490383668,-3.13801738515761,-2.99134098882379,9531.69061954681,0.999686734108127
"log_lik_catch[353]",-3.23142550961908,0.000865375755671634,0.0838220667195409,-3.40590998880279,-3.28518679328843,-3.22857991368812,-3.17498526161018,-3.07417147656585,9382.25605971282,0.999652692320667
"log_lik_catch[354]",-3.65058141928915,0.00171010098600454,0.16743085075026,-4.00482627152678,-3.75601241026161,-3.6416889862423,-3.53636451586739,-3.34422649870617,9585.7799062691,0.999708797863195
"log_lik_catch[355]",-2.08408363921396,0.000987867063423489,0.0964577855951244,-2.28920667348918,-2.14447461649392,-2.07912906590405,-2.01841940281589,-1.90525196433713,9534.05303314268,0.999618894501508
"log_lik_catch[356]",-1.83636189491209,0.00048915590709843,0.0476776008759092,-1.93669770492606,-1.86619039875032,-1.83432076810283,-1.80326984642713,-1.74767485934567,9500.23137336115,0.999605310675054
"log_lik_catch[357]",-2.81737021902429,0.000974090341486805,0.0952926363692395,-3.01998021664722,-2.87692413158795,-2.81222462061711,-2.75177979425187,-2.64454441668809,9570.18229352418,0.999655357051042
"log_lik_catch[358]",-1.27178563987729,0.000233477582180509,0.0246180011836249,-1.32341018109057,-1.28745131131493,-1.27045297437732,-1.25473786471245,-1.22683655212111,11117.706428317,0.999676443703313
"log_lik_catch[359]",-2.06745352964331,0.000390761399747372,0.0399091631811396,-2.14777947591067,-2.09285979568093,-2.06614404008104,-2.04043700566551,-1.99244518043401,10430.903554223,0.999582784285721
"log_lik_catch[360]",-2.47653917969089,0.00038832246463252,0.0417178976081226,-2.55993989411577,-2.50443863303031,-2.47576407806517,-2.44814319623907,-2.39742059138892,11541.4346506313,0.999619914734543
"log_lik_catch[361]",-1.52154645251362,0.00107583873287792,0.10501146203473,-1.74059531823656,-1.58965768901287,-1.51731129855125,-1.45068124985795,-1.32483563701545,9527.50221155782,0.999614482828929
"log_lik_catch[362]",-0.929090692943792,0.000706528576846853,0.0687334859065947,-1.07157663478401,-0.972600995260881,-0.926105436718549,-0.882751673707221,-0.798769922222477,9464.05544160607,0.999630564589646
"log_lik_catch[363]",-1.52663338908938,0.000568886252489692,0.0553080053518834,-1.64471151893812,-1.56111913890771,-1.52390832465902,-1.48855886903238,-1.42422925207272,9452.03050598335,0.999666088873394
"log_lik_catch[364]",-3.07086571117447,0.000799504832045034,0.077931531385996,-3.23886177451667,-3.11872505655368,-3.06732636727463,-3.01719831646895,-2.92818601813622,9501.32634102794,0.999621461162555
"log_lik_catch[365]",-2.88226361835359,0.00153782624400441,0.150635756832924,-3.20391613569654,-2.97798162709337,-2.87634506677483,-2.77962603073936,-2.60787039630681,9594.92559530418,0.999608214315698
"log_lik_catch[366]",-2.30356702500269,0.00156388923950276,0.154455127839242,-2.62644418695629,-2.40140292699154,-2.29891620196866,-2.19990787849539,-2.01924583788454,9754.2229875315,0.999610847377769
"log_lik_catch[367]",-2.56826718828116,0.00052184400630197,0.0534680497703194,-2.68040640142676,-2.6029843938436,-2.56594285545229,-2.53213769715994,-2.4679412678678,10498.017391177,0.999704336904522
"log_lik_catch[368]",-1.52154645251362,0.00107583873287792,0.10501146203473,-1.74059531823656,-1.58965768901287,-1.51731129855125,-1.45068124985795,-1.32483563701545,9527.50221155782,0.999614482828929
"log_lik_catch[369]",-2.31161645230593,0.000410839035092685,0.0434634987175176,-2.40056337522495,-2.33997793343386,-2.31015039747406,-2.2818939898922,-2.22969067612546,11191.9552553241,0.999687347558308
"log_lik_catch[370]",-2.08408363921396,0.000987867063423489,0.0964577855951244,-2.28920667348918,-2.14447461649392,-2.07912906590405,-2.01841940281589,-1.90525196433713,9534.05303314268,0.999618894501508
"log_lik_catch[371]",-1.52154645251362,0.00107583873287792,0.10501146203473,-1.74059531823656,-1.58965768901287,-1.51731129855125,-1.45068124985795,-1.32483563701545,9527.50221155782,0.999614482828929
"log_lik_catch[372]",-1.52154645251362,0.00107583873287792,0.10501146203473,-1.74059531823656,-1.58965768901287,-1.51731129855125,-1.45068124985795,-1.32483563701545,9527.50221155782,0.999614482828929
"log_lik_catch[373]",-1.52154645251362,0.00107583873287792,0.10501146203473,-1.74059531823656,-1.58965768901287,-1.51731129855125,-1.45068124985795,-1.32483563701545,9527.50221155782,0.999614482828929
"log_lik_catch[374]",-1.75360163376646,0.00032764819574355,0.0346136423064199,-1.82518259716159,-1.77593227938731,-1.7521224155794,-1.72976454636335,-1.6893080774693,11160.3815193345,0.999682123043899
"log_lik_catch[375]",-3.22674587995878,0.00133318442366491,0.130159298619297,-3.50234913481242,-3.30922725876434,-3.21998490383668,-3.13801738515761,-2.99134098882379,9531.69061954681,0.999686734108127
"log_lik_catch[376]",-2.53406180439743,0.00053235888626907,0.0526451092718764,-2.64239741583688,-2.56736852462191,-2.53170096592347,-2.49844952487015,-2.43561802603619,9779.28374407553,0.999583103434023
"log_lik_catch[377]",-1.83636189491209,0.00048915590709843,0.0476776008759092,-1.93669770492606,-1.86619039875032,-1.83432076810283,-1.80326984642713,-1.74767485934567,9500.23137336115,0.999605310675054
"log_lik_catch[378]",-2.47653917969089,0.00038832246463252,0.0417178976081226,-2.55993989411577,-2.50443863303031,-2.47576407806517,-2.44814319623907,-2.39742059138892,11541.4346506313,0.999619914734543
"log_lik_catch[379]",-0.929090692943792,0.000706528576846853,0.0687334859065947,-1.07157663478401,-0.972600995260881,-0.926105436718549,-0.882751673707221,-0.798769922222477,9464.05544160607,0.999630564589646
"log_lik_catch[380]",-2.30356702500269,0.00156388923950276,0.154455127839242,-2.62644418695629,-2.40140292699154,-2.29891620196866,-2.19990787849539,-2.01924583788454,9754.2229875315,0.999610847377769
"log_lik_catch[381]",-1.75360163376646,0.00032764819574355,0.0346136423064199,-1.82518259716159,-1.77593227938731,-1.7521224155794,-1.72976454636335,-1.6893080774693,11160.3815193345,0.999682123043899
"log_lik_catch[382]",-1.69828471179968,0.00125501794623738,0.120484673843824,-1.94677345703506,-1.77752598683568,-1.6926830120799,-1.61497985352703,-1.4781103130783,9216.45146757255,0.999779645618301
"log_lik_catch[383]",-2.33259871170778,0.000853202506205014,0.0799122830595551,-2.49647035353289,-2.38502886851173,-2.33003733477256,-2.27600270032023,-2.18489472688226,8772.48899239615,0.999848572986953
"log_lik_catch[384]",-2.16046583966929,0.00155301283977385,0.150447655797775,-2.47317761444047,-2.25924861343081,-2.15340595799065,-2.05685379481864,-1.88304877151215,9384.70785546508,0.999758388667472
"log_lik_catch[385]",-1.77552806951451,0.000412494081311387,0.0395479442806073,-1.85658576055843,-1.80107281431274,-1.77439750666491,-1.74815515933937,-1.70171139996288,9192.05013349809,0.999732739446701
"log_lik_catch[386]",-2.26221290144732,0.00118236830416653,0.112864147341461,-2.49942517247684,-2.33567233845784,-2.25441007245199,-2.1834657161418,-2.05853918759756,9111.84769363018,0.999806989571563
"log_lik_catch[387]",-2.26221290144732,0.00118236830416653,0.112864147341461,-2.49942517247684,-2.33567233845784,-2.25441007245199,-2.1834657161418,-2.05853918759756,9111.84769363018,0.999806989571563
"log_lik_catch[388]",-2.04824603205187,0.000336584353127695,0.036168458408392,-2.1202308287372,-2.07232022463503,-2.04721156888302,-2.02380757908215,-1.97999583454524,11547.0793679861,0.999677573176096
"log_lik_catch[389]",-2.66753221684786,0.000823856056129759,0.0767779101603748,-2.82712637758729,-2.71689021781725,-2.66510683740279,-2.61333704189506,-2.52802770374871,8685.00147329767,0.999827722628437
"log_lik_catch[390]",-2.66753221684786,0.000823856056129759,0.0767779101603748,-2.82712637758729,-2.71689021781725,-2.66510683740279,-2.61333704189506,-2.52802770374871,8685.00147329767,0.999827722628437
"log_lik_catch[391]",-1.77552806951451,0.000412494081311387,0.0395479442806073,-1.85658576055843,-1.80107281431274,-1.77439750666491,-1.74815515933937,-1.70171139996288,9192.05013349809,0.999732739446701
"log_lik_catch[392]",-2.66753221684786,0.000823856056129759,0.0767779101603748,-2.82712637758729,-2.71689021781725,-2.66510683740279,-2.61333704189506,-2.52802770374871,8685.00147329767,0.999827722628437
"log_lik_catch[393]",-2.16046583966929,0.00155301283977385,0.150447655797775,-2.47317761444047,-2.25924861343081,-2.15340595799065,-2.05685379481864,-1.88304877151215,9384.70785546508,0.999758388667472
"log_lik_catch[394]",-2.26221290144732,0.00118236830416653,0.112864147341461,-2.49942517247684,-2.33567233845784,-2.25441007245199,-2.1834657161418,-2.05853918759756,9111.84769363018,0.999806989571563
"log_lik_catch[395]",-3.01159262548985,0.00113540190791458,0.106443171741671,-3.2318062326294,-3.08188486859997,-3.00700791738601,-2.93563374313319,-2.8177236873349,8788.93746894981,0.999871784587803
"log_lik_catch[396]",-1.69828471179968,0.00125501794623738,0.120484673843824,-1.94677345703506,-1.77752598683568,-1.6926830120799,-1.61497985352703,-1.4781103130783,9216.45146757255,0.999779645618301
"log_lik_catch[397]",-2.04824603205187,0.000336584353127695,0.036168458408392,-2.1202308287372,-2.07232022463503,-2.04721156888302,-2.02380757908215,-1.97999583454524,11547.0793679861,0.999677573176096
"log_lik_catch[398]",-1.69828471179968,0.00125501794623738,0.120484673843824,-1.94677345703506,-1.77752598683568,-1.6926830120799,-1.61497985352703,-1.4781103130783,9216.45146757255,0.999779645618301
"log_lik_catch[399]",-1.79970938846752,0.000389228545937598,0.0416509594536894,-1.88939666737794,-1.82662031480551,-1.79707676620801,-1.77112235414128,-1.72363185525873,11450.9271705054,0.999828583293715
"log_lik_catch[400]",-4.20869725651559,0.0020492222617842,0.197241522852009,-4.61191510878445,-4.33947806765226,-4.20075716761148,-4.06949719266696,-3.85129792850282,9264.42699791332,0.999914791051324
"log_lik_catch[401]",-1.79970938846752,0.000389228545937598,0.0416509594536894,-1.88939666737794,-1.82662031480551,-1.79707676620801,-1.77112235414128,-1.72363185525873,11450.9271705054,0.999828583293715
"log_lik_catch[402]",-1.30534107852101,0.000285814761557069,0.0305656366764521,-1.37212086169027,-1.32481031526487,-1.30302964201885,-1.28422901046431,-1.25050775013187,11436.6171410305,0.999821812865612
"log_lik_catch[403]",-2.34335441939091,0.000541205319808477,0.0514307755808191,-2.44893484856779,-2.37679786582621,-2.3418109183816,-2.30750977231713,-2.24743962810681,9030.71285393683,0.999743788802481
"log_lik_catch[404]",-2.96581231032271,0.000643504827352142,0.0607159720374602,-3.09159460733186,-3.00509189682935,-2.96386635320956,-2.92337836283636,-2.85264614780203,8902.30124328428,0.999753655181537
"log_lik_catch[405]",-1.69828471179968,0.00125501794623738,0.120484673843824,-1.94677345703506,-1.77752598683568,-1.6926830120799,-1.61497985352703,-1.4781103130783,9216.45146757255,0.999779645618301
"log_lik_catch[406]",-3.01159262548985,0.00113540190791458,0.106443171741671,-3.2318062326294,-3.08188486859997,-3.00700791738601,-2.93563374313319,-2.8177236873349,8788.93746894981,0.999871784587803
"log_lik_catch[407]",-3.01159262548985,0.00113540190791458,0.106443171741671,-3.2318062326294,-3.08188486859997,-3.00700791738601,-2.93563374313319,-2.8177236873349,8788.93746894981,0.999871784587803
"log_lik_catch[408]",-3.71674958568253,0.00137216860153439,0.128897858872726,-3.98446935385694,-3.80072507529438,-3.71009576137088,-3.62436212434833,-3.48614656844183,8824.22253365095,0.999887916132056
"log_lik_catch[409]",-1.79970938846752,0.000389228545937598,0.0416509594536894,-1.88939666737794,-1.82662031480551,-1.79707676620801,-1.77112235414128,-1.72363185525873,11450.9271705054,0.999828583293715
"log_lik_catch[410]",-3.98362165115436,0.00167374079067523,0.163669183744553,-4.33539615567763,-4.08422068596435,-3.97245694821435,-3.87090421850956,-3.69090597853897,9562.1913932265,0.999710621200287
"log_lik_catch[411]",-1.81904799627159,0.000806696184164048,0.0782652929705218,-1.9825666269695,-1.86827205014222,-1.81575442794389,-1.76532941243933,-1.67405304530146,9412.79120511346,0.999635516763513
"log_lik_catch[412]",-2.84998520483876,0.000524675062767777,0.0542398916933514,-2.9628170452729,-2.88511297492316,-2.84763816914902,-2.81327500278972,-2.74839633689114,10687.023909638,0.999705385345786
"log_lik_catch[413]",-2.07200662592098,0.000378739827439806,0.0400471168559219,-2.15433556233661,-2.09802816826676,-2.07051389814159,-2.0445290113539,-1.99694959602873,11180.4827564794,0.99968530615815
"log_lik_catch[414]",-1.52154645251362,0.00107583873287792,0.10501146203473,-1.74059531823656,-1.58965768901287,-1.51731129855125,-1.45068124985795,-1.32483563701545,9527.50221155782,0.999614482828929
"log_lik_catch[415]",-2.06745352964331,0.000390761399747372,0.0399091631811396,-2.14777947591067,-2.09285979568093,-2.06614404008104,-2.04043700566551,-1.99244518043401,10430.903554223,0.999582784285721
"log_lik_catch[416]",-4.52887099694877,0.00250175774581229,0.247059170433582,-5.05583459329639,-4.68709666323084,-4.51820542373213,-4.36112184750598,-4.07217400308863,9752.39877968937,0.999736829977493
"log_lik_catch[417]",-2.94328435218683,0.000554240046957862,0.0550675097817376,-3.05519884565778,-2.97828064053677,-2.94154334496035,-2.90629316161728,-2.8395923758009,9871.77093985149,0.999578062785464
"log_lik_catch[418]",-1.81904799627159,0.000806696184164048,0.0782652929705218,-1.9825666269695,-1.86827205014222,-1.81575442794389,-1.76532941243933,-1.67405304530146,9412.79120511346,0.999635516763513
"log_lik_catch[419]",-3.22674587995878,0.00133318442366491,0.130159298619297,-3.50234913481242,-3.30922725876434,-3.21998490383668,-3.13801738515761,-2.99134098882379,9531.69061954681,0.999686734108127
"log_lik_catch[420]",-3.31217474862092,0.000734273922643524,0.0715093998721474,-3.46526728079022,-3.35618885905577,-3.3083799388574,-3.2630395273542,-3.18185319261293,9484.40426569971,0.999603354010294
"log_lik_catch[421]",-1.27178563987729,0.000233477582180509,0.0246180011836249,-1.32341018109057,-1.28745131131493,-1.27045297437732,-1.25473786471245,-1.22683655212111,11117.706428317,0.999676443703313
"log_lik_catch[422]",-2.08408363921396,0.000987867063423489,0.0964577855951244,-2.28920667348918,-2.14447461649392,-2.07912906590405,-2.01841940281589,-1.90525196433713,9534.05303314268,0.999618894501508
"log_lik_catch[423]",-3.2845637271746,0.000836721096934044,0.0815782887204927,-3.46061072908392,-3.33452350962175,-3.28054553922903,-3.22825954545711,-3.13575982858896,9505.77965200023,0.999624616167353
"log_lik_catch[424]",-1.52154645251362,0.00107583873287792,0.10501146203473,-1.74059531823656,-1.58965768901287,-1.51731129855125,-1.45068124985795,-1.32483563701545,9527.50221155782,0.999614482828929
"log_lik_catch[425]",-4.42172864262765,0.00183324801857523,0.179451025787863,-4.81097885986204,-4.53200517818472,-4.40896690648118,-4.29779308582402,-4.10288110135769,9581.85163305299,0.999721542054809
"log_lik_catch[426]",-1.27178563987729,0.000233477582180509,0.0246180011836249,-1.32341018109057,-1.28745131131493,-1.27045297437732,-1.25473786471245,-1.22683655212111,11117.706428317,0.999676443703313
"log_lik_catch[427]",-2.28849951010025,0.000378448695280906,0.0400553889322654,-2.36892002724201,-2.31494425145765,-2.28741237178377,-2.26137802265749,-2.21230752350029,11202.3176026431,0.999600107044506
"log_lik_catch[428]",-0.906427060087674,0.000836720477627322,0.0707051420189949,-1.04601511878202,-0.954256709422749,-0.905305090375522,-0.857775444865927,-0.772038350720144,7140.70681512127,0.999815054043209
"log_lik_catch[429]",-2.29279660311162,0.000378866828946242,0.0409973179950455,-2.37562853593882,-2.31911682323902,-2.29189046100742,-2.26499978496579,-2.21583704883214,11709.4831781926,0.999815554588829
"log_lik_catch[430]",-2.47841544246634,0.000394192529392344,0.0421913761464964,-2.56331615857269,-2.50622792628116,-2.47745653239714,-2.44990876325337,-2.39777823094117,11455.9366392446,0.999780580584461
"log_lik_catch[431]",-2.47841544246634,0.000394192529392344,0.0421913761464964,-2.56331615857269,-2.50622792628116,-2.47745653239714,-2.44990876325337,-2.39777823094117,11455.9366392446,0.999780580584461
"log_lik_catch[432]",-2.16071543257499,0.000665818047796682,0.0544993979900066,-2.2717867215097,-2.19686404592966,-2.15877405072893,-2.12244261624725,-2.06016274986951,6699.96114196589,0.999726892125945
"log_lik_catch[433]",-2.05211197151071,0.00117121207921641,0.0990364636824231,-2.24857365725818,-2.11899033681954,-2.05028463012466,-1.98303545693614,-1.86517584985606,7150.21603038261,0.999846142509982
"log_lik_catch[434]",-1.7483458338635,0.000378790982306708,0.0347777858099192,-1.81960217505995,-1.77132194088385,-1.74701114555228,-1.72460659755108,-1.68457238203029,8429.55393943381,0.999697615531628
"log_lik_catch[435]",-4.04473179226755,0.00222624655123696,0.186306577346563,-4.45190460545688,-4.16082178469312,-4.02986254591414,-3.91096107162398,-3.73295093992153,7003.41489530646,0.999830266651519
"log_lik_catch[436]",-1.48950603776704,0.00120163570007102,0.106636944300816,-1.69658087289697,-1.56012570139627,-1.48848216363329,-1.41669052311066,-1.28544672275676,7875.34772417394,0.999829576575656
"log_lik_catch[437]",-3.27505930974305,0.00175025327897616,0.146625761378045,-3.59026880691044,-3.36779480060429,-3.26507574372331,-3.16941990269331,-3.02531148522034,7018.08721001741,0.999844038246814
"log_lik_catch[438]",-2.0659337410689,0.000438352909430285,0.0403193832912682,-2.14800278069596,-2.09274482132869,-2.06458772678413,-2.03851850906981,-1.99137411184504,8460.18723420567,0.99969804035874
"log_lik_catch[439]",-1.26803830116935,0.00026934837868802,0.024640166089941,-1.31904856921265,-1.28416099958236,-1.26686871439016,-1.25110223640448,-1.22355693531975,8368.71022861397,0.999696879535075
"log_lik_catch[440]",-1.7483458338635,0.000378790982306708,0.0347777858099192,-1.81960217505995,-1.77132194088385,-1.74701114555228,-1.72460659755108,-1.68457238203029,8429.55393943381,0.999697615531628
"log_lik_catch[441]",-1.48950603776704,0.00120163570007102,0.106636944300816,-1.69658087289697,-1.56012570139627,-1.48848216363329,-1.41669052311066,-1.28544672275676,7875.34772417394,0.999829576575656
"log_lik_catch[442]",-1.26803830116935,0.00026934837868802,0.024640166089941,-1.31904856921265,-1.28416099958236,-1.26686871439016,-1.25110223640448,-1.22355693531975,8368.71022861397,0.999696879535075
"log_lik_catch[443]",-1.85153085035233,0.000565646847410259,0.0518983414790653,-1.96241707588878,-1.88366457374426,-1.84790778447505,-1.81566633974604,-1.76149212424939,8418.14140551893,0.999882496437628
"log_lik_catch[444]",-2.29279660311162,0.000378866828946242,0.0409973179950455,-2.37562853593882,-2.31911682323902,-2.29189046100742,-2.26499978496579,-2.21583704883214,11709.4831781926,0.999815554588829
"log_lik_catch[445]",-1.48950603776704,0.00120163570007102,0.106636944300816,-1.69658087289697,-1.56012570139627,-1.48848216363329,-1.41669052311066,-1.28544672275676,7875.34772417394,0.999829576575656
"log_lik_catch[446]",-2.87940996324155,0.000711344130553039,0.0671365979672387,-3.02378932475341,-2.91991420636143,-2.8747143878382,-2.833306443394,-2.76218854753171,8907.56819351158,0.999902146569816
"log_lik_catch[447]",-3.09812792180896,0.00098034578341098,0.0873701690007691,-3.28851242747627,-3.15121768489209,-3.09009145132301,-3.03672250637099,-2.95203938043955,7942.69308266644,0.999892657963151
"log_lik_catch[448]",-1.7483458338635,0.000378790982306708,0.0347777858099192,-1.81960217505995,-1.77132194088385,-1.74701114555228,-1.72460659755108,-1.68457238203029,8429.55393943381,0.999697615531628
"log_lik_catch[449]",-1.50798528176461,0.00071736482626936,0.0574648185472685,-1.62315688476585,-1.54686149692212,-1.50565336609011,-1.46756009811413,-1.4016214693986,6416.88006558357,0.999783588023116
"log_lik_catch[450]",-1.50798528176461,0.00071736482626936,0.0574648185472685,-1.62315688476585,-1.54686149692212,-1.50565336609011,-1.46756009811413,-1.4016214693986,6416.88006558357,0.999783588023116
"log_lik_catch[451]",-1.48950603776704,0.00120163570007102,0.106636944300816,-1.69658087289697,-1.56012570139627,-1.48848216363329,-1.41669052311066,-1.28544672275676,7875.34772417394,0.999829576575656
"log_lik_catch[452]",-2.26313337467976,0.00162034696619914,0.154255512197951,-2.56721510194991,-2.36568521275007,-2.25906172365201,-2.15854878811491,-1.9729701900788,9062.86151158048,0.999836034124254
"log_lik_catch[453]",-1.48950603776704,0.00120163570007102,0.106636944300816,-1.69658087289697,-1.56012570139627,-1.48848216363329,-1.41669052311066,-1.28544672275676,7875.34772417394,0.999829576575656
"log_lik_catch[454]",-1.7483458338635,0.000378790982306708,0.0347777858099192,-1.81960217505995,-1.77132194088385,-1.74701114555228,-1.72460659755108,-1.68457238203029,8429.55393943381,0.999697615531628
"log_lik_catch[455]",-2.07559003716215,0.000402359044233943,0.0419444678023604,-2.16109349156622,-2.1019899022199,-2.07383732684069,-2.04679122910026,-1.99863877844975,10867.3046240546,0.999863087844882
"log_lik_catch[456]",-2.26313337467976,0.00162034696619914,0.154255512197951,-2.56721510194991,-2.36568521275007,-2.25906172365201,-2.15854878811491,-1.9729701900788,9062.86151158048,0.999836034124254
"log_lik_catch[457]",-1.48950603776704,0.00120163570007102,0.106636944300816,-1.69658087289697,-1.56012570139627,-1.48848216363329,-1.41669052311066,-1.28544672275676,7875.34772417394,0.999829576575656
"log_lik_catch[458]",-3.64959768890439,0.00128521366148708,0.111573032689794,-3.89591848875224,-3.71751514252457,-3.63850805974274,-3.57038462800453,-3.46503536965099,7536.46712587393,0.999878043433486
"log_lik_catch[459]",-4.04473179226755,0.00222624655123696,0.186306577346563,-4.45190460545688,-4.16082178469312,-4.02986254591414,-3.91096107162398,-3.73295093992153,7003.41489530646,0.999830266651519
"log_lik_catch[460]",-1.50798528176461,0.00071736482626936,0.0574648185472685,-1.62315688476585,-1.54686149692212,-1.50565336609011,-1.46756009811413,-1.4016214693986,6416.88006558357,0.999783588023116
"log_lik_catch[461]",-2.44940598421549,0.000784905160004558,0.0707905824593521,-2.60170996558641,-2.49344855244088,-2.44362275298594,-2.40021416473252,-2.32916445733855,8134.23290069307,0.999891452282257
"log_lik_catch[462]",-1.48950603776704,0.00120163570007102,0.106636944300816,-1.69658087289697,-1.56012570139627,-1.48848216363329,-1.41669052311066,-1.28544672275676,7875.34772417394,0.999829576575656
"log_lik_catch[463]",-1.50798528176461,0.00071736482626936,0.0574648185472685,-1.62315688476585,-1.54686149692212,-1.50565336609011,-1.46756009811413,-1.4016214693986,6416.88006558357,0.999783588023116
"log_lik_catch[464]",-1.48950603776704,0.00120163570007102,0.106636944300816,-1.69658087289697,-1.56012570139627,-1.48848216363329,-1.41669052311066,-1.28544672275676,7875.34772417394,0.999829576575656
"log_lik_catch[465]",-2.07559003716215,0.000402359044233943,0.0419444678023604,-2.16109349156622,-2.1019899022199,-2.07383732684069,-2.04679122910026,-1.99863877844975,10867.3046240546,0.999863087844882
"log_lik_catch[466]",-2.07559003716215,0.000402359044233943,0.0419444678023604,-2.16109349156622,-2.1019899022199,-2.07383732684069,-2.04679122910026,-1.99863877844975,10867.3046240546,0.999863087844882
"log_lik_catch[467]",-1.48950603776704,0.00120163570007102,0.106636944300816,-1.69658087289697,-1.56012570139627,-1.48848216363329,-1.41669052311066,-1.28544672275676,7875.34772417394,0.999829576575656
"log_lik_catch[468]",-2.16071543257499,0.000665818047796682,0.0544993979900066,-2.2717867215097,-2.19686404592966,-2.15877405072893,-2.12244261624725,-2.06016274986951,6699.96114196589,0.999726892125945
"log_lik_catch[469]",-3.00686552395139,0.000473780319071834,0.047588094247754,-3.10202585228359,-3.03849785201431,-3.00616216975144,-2.97473792323463,-2.91507770940319,10088.8715778299,0.999728911121225
"log_lik_catch[470]",-1.48950603776704,0.00120163570007102,0.106636944300816,-1.69658087289697,-1.56012570139627,-1.48848216363329,-1.41669052311066,-1.28544672275676,7875.34772417394,0.999829576575656
"log_lik_catch[471]",-1.50798528176461,0.00071736482626936,0.0574648185472685,-1.62315688476585,-1.54686149692212,-1.50565336609011,-1.46756009811413,-1.4016214693986,6416.88006558357,0.999783588023116
"log_lik_catch[472]",-1.48950603776704,0.00120163570007102,0.106636944300816,-1.69658087289697,-1.56012570139627,-1.48848216363329,-1.41669052311066,-1.28544672275676,7875.34772417394,0.999829576575656
"log_lik_catch[473]",-2.07559003716215,0.000402359044233943,0.0419444678023604,-2.16109349156622,-2.1019899022199,-2.07383732684069,-2.04679122910026,-1.99863877844975,10867.3046240546,0.999863087844882
"log_lik_catch[474]",-1.48950603776704,0.00120163570007102,0.106636944300816,-1.69658087289697,-1.56012570139627,-1.48848216363329,-1.41669052311066,-1.28544672275676,7875.34772417394,0.999829576575656
"log_lik_catch[475]",-1.48950603776704,0.00120163570007102,0.106636944300816,-1.69658087289697,-1.56012570139627,-1.48848216363329,-1.41669052311066,-1.28544672275676,7875.34772417394,0.999829576575656
"log_lik_catch[476]",-1.42001687940222,0.000758100927648652,0.0537894614136617,-1.53017053430101,-1.45540042217905,-1.41719956243649,-1.38193127336779,-1.32406936444704,5034.31441230522,0.999924418336113
"log_lik_catch[477]",-3.538461772174,0.00282382127529025,0.208825419129692,-3.97284677442835,-3.67774133954799,-3.52780549280164,-3.38907084409372,-3.16815979882263,5468.80340622806,0.999878714792279
"log_lik_catch[478]",-1.42001687940222,0.000758100927648652,0.0537894614136617,-1.53017053430101,-1.45540042217905,-1.41719956243649,-1.38193127336779,-1.32406936444704,5034.31441230522,0.999924418336113
"log_lik_catch[479]",-2.64824054405759,0.00101824051350817,0.082740664853252,-2.83393101198941,-2.69958772149148,-2.64020879129883,-2.58985065889677,-2.51027343098839,6602.93872864999,0.999854107678665
"log_lik_catch[480]",-2.56194864369639,0.00207358781126924,0.183008868184211,-2.92569277929925,-2.6839231783265,-2.55704563516405,-2.43789512979003,-2.21256271239088,7789.31751921167,0.999887639417949
"log_lik_catch[481]",-2.05625536350993,0.0018067858809003,0.150991165761699,-2.35557274302845,-2.15809725162569,-2.05306404919821,-1.95277712589872,-1.76150688457172,6983.76633476874,0.99990605286224
"log_lik_catch[482]",-2.95515943874956,0.00066854327792009,0.061924961631891,-3.09482739194184,-2.99241701378389,-2.95072320465084,-2.91267067473507,-2.84730693226585,8579.70665878822,0.999791042184151
"log_lik_catch[483]",-4.38766997036134,0.0038413790866738,0.283821331879332,-4.97207321733734,-4.57733975793407,-4.37469730926537,-4.18578925998594,-3.88317882075909,5459.03315713582,0.999869619891544
"log_lik_catch[484]",-3.27027808523883,0.00169142641234562,0.130309020474791,-3.55934366918167,-3.3531540426898,-3.25628182346618,-3.17516784881358,-3.05580760135939,5935.30094545335,0.999871516033464
"log_lik_catch[485]",-1.66064078983221,0.00111110455544919,0.0796070708640674,-1.81967715180227,-1.71400022375725,-1.65865946619856,-1.60300807111287,-1.51343823439214,5133.26201585679,0.999953118210421
"log_lik_catch[486]",-0.793270461661222,0.00094936861591056,0.0703224970060936,-0.93256363866805,-0.841752653094541,-0.791811923491439,-0.742986856507171,-0.659339190053969,5486.79614612952,0.999932489731415
"log_lik_catch[487]",-1.32748925451357,0.00137016024904018,0.106090259598741,-1.53583589857289,-1.39928081705238,-1.32545183797002,-1.25303612523926,-1.12193445033119,5995.2637930288,0.99992649082703
"log_lik_catch[488]",-1.25807254667488,0.000217589636581997,0.02211825447524,-1.30356767458222,-1.27226642017086,-1.25716415630248,-1.24293091768137,-1.21749959268529,10332.9728234611,0.999694312670484
"log_lik_catch[489]",-1.32748925451357,0.00137016024904018,0.106090259598741,-1.53583589857289,-1.39928081705238,-1.32545183797002,-1.25303612523926,-1.12193445033119,5995.2637930288,0.99992649082703
"log_lik_catch[490]",-1.25807254667488,0.000217589636581997,0.02211825447524,-1.30356767458222,-1.27226642017086,-1.25716415630248,-1.24293091768137,-1.21749959268529,10332.9728234611,0.999694312670484
"log_lik_catch[491]",-2.33453176323552,0.000555795985354483,0.0521537605118161,-2.45021055773766,-2.36602623351236,-2.33118644876478,-2.29860662967149,-2.24304414065226,8805.22475563712,0.999785111325909
"log_lik_catch[492]",-1.32748925451357,0.00137016024904018,0.106090259598741,-1.53583589857289,-1.39928081705238,-1.32545183797002,-1.25303612523926,-1.12193445033119,5995.2637930288,0.99992649082703
"log_lik_catch[493]",-4.0686090394793,0.00343113191430657,0.255544227747517,-4.6085129685086,-4.23610289490068,-4.0506184557653,-3.88495507755042,-3.62842101219269,5546.98919951492,0.999869392170007
"log_lik_catch[494]",-1.32748925451357,0.00137016024904018,0.106090259598741,-1.53583589857289,-1.39928081705238,-1.32545183797002,-1.25303612523926,-1.12193445033119,5995.2637930288,0.99992649082703
"log_lik_catch[495]",-0.793270461661222,0.00094936861591056,0.0703224970060936,-0.93256363866805,-0.841752653094541,-0.791811923491439,-0.742986856507171,-0.659339190053969,5486.79614612952,0.999932489731415
"log_lik_catch[496]",-3.06051646258868,0.0019892994994255,0.149962017949343,-3.3824611869891,-3.15853995491546,-3.04736522939801,-2.95257655815213,-2.8074620094492,5682.79781706622,0.999879047111336
"log_lik_catch[497]",-2.13571839658192,0.000661476185210333,0.0572859792861834,-2.26415577370527,-2.17110887362997,-2.13092670746579,-2.09534747613946,-2.03810225777197,7500.12077633212,0.999825424457631
"log_lik_catch[498]",-2.09597298688005,0.000629524418571274,0.0486821909693078,-2.1968926646768,-2.12673932849494,-2.09340689091431,-2.06168991264494,-2.00721654392695,5980.19120814716,0.999825237374906
"log_lik_catch[499]",-2.63916021861562,0.000433851298876967,0.0442499459822177,-2.72767146707785,-2.66812077486381,-2.63834780949917,-2.60919884524679,-2.55527184438113,10402.6427896919,0.999701959995327
"log_lik_catch[500]",-2.98183193606469,0.00153720733056252,0.118726358373992,-3.24346762377773,-3.05757959153532,-2.97003116926037,-2.89523998993537,-2.78496741406075,5965.26031801877,0.999872709668059
"log_lik_catch[501]",-1.32748925451357,0.00137016024904018,0.106090259598741,-1.53583589857289,-1.39928081705238,-1.32545183797002,-1.25303612523926,-1.12193445033119,5995.2637930288,0.99992649082703
"log_lik_catch[502]",-1.94475593978985,0.00089568082740659,0.070608629075263,-2.09865360960048,-1.99029254167874,-1.93926440912397,-1.89414490124864,-1.82387450308556,6214.54021640115,0.999872103233709
"log_lik_catch[503]",-1.73442581239219,0.00031032030189429,0.0315987859600863,-1.79882196062553,-1.75482092154307,-1.73341603792132,-1.71289183464793,-1.67565415508102,10368.6070553952,0.999697222264486
"log_lik_catch[504]",-4.11414959233571,0.00306571890895441,0.230137563463645,-4.61431733746846,-4.26211373926353,-4.09378399572836,-3.94780708945877,-3.73018628411871,5635.21326306327,0.999868647287667
"log_lik_catch[505]",-1.32748925451357,0.00137016024904018,0.106090259598741,-1.53583589857289,-1.39928081705238,-1.32545183797002,-1.25303612523926,-1.12193445033119,5995.2637930288,0.99992649082703
"log_lik_catch[506]",-2.54872887527226,0.000584933582541864,0.0569959380433192,-2.66915418100337,-2.58361766070112,-2.54552808508599,-2.50917513666687,-2.44665306055706,9494.55685184735,0.999895815645732
"log_lik_catch[507]",-0.906427060087674,0.000836720477627322,0.0707051420189949,-1.04601511878202,-0.954256709422749,-0.905305090375522,-0.857775444865927,-0.772038350720144,7140.70681512127,0.999815054043209
"log_lik_catch[508]",-0.906427060087674,0.000836720477627322,0.0707051420189949,-1.04601511878202,-0.954256709422749,-0.905305090375522,-0.857775444865927,-0.772038350720144,7140.70681512127,0.999815054043209
"log_lik_catch[509]",-1.48950603776704,0.00120163570007102,0.106636944300816,-1.69658087289697,-1.56012570139627,-1.48848216363329,-1.41669052311066,-1.28544672275676,7875.34772417394,0.999829576575656
"log_lik_catch[510]",-1.50798528176461,0.00071736482626936,0.0574648185472685,-1.62315688476585,-1.54686149692212,-1.50565336609011,-1.46756009811413,-1.4016214693986,6416.88006558357,0.999783588023116
"log_lik_catch[511]",-1.48950603776704,0.00120163570007102,0.106636944300816,-1.69658087289697,-1.56012570139627,-1.48848216363329,-1.41669052311066,-1.28544672275676,7875.34772417394,0.999829576575656
"log_lik_catch[512]",-1.50798528176461,0.00071736482626936,0.0574648185472685,-1.62315688476585,-1.54686149692212,-1.50565336609011,-1.46756009811413,-1.4016214693986,6416.88006558357,0.999783588023116
"log_lik_catch[513]",-2.26313337467976,0.00162034696619914,0.154255512197951,-2.56721510194991,-2.36568521275007,-2.25906172365201,-2.15854878811491,-1.9729701900788,9062.86151158048,0.999836034124254
"log_lik_catch[514]",-3.31336361044516,0.00103268547826264,0.0917886053348376,-3.5134398129067,-3.36919393693994,-3.30474651890082,-3.24877461846226,-3.16108812935419,7900.2603269595,0.999892038580631
"log_lik_catch[515]",-0.906427060087674,0.000836720477627322,0.0707051420189949,-1.04601511878202,-0.954256709422749,-0.905305090375522,-0.857775444865927,-0.772038350720144,7140.70681512127,0.999815054043209
"log_lik_catch[516]",-1.50798528176461,0.00071736482626936,0.0574648185472685,-1.62315688476585,-1.54686149692212,-1.50565336609011,-1.46756009811413,-1.4016214693986,6416.88006558357,0.999783588023116
"log_lik_catch[517]",-3.32548286141153,0.00127365689997122,0.110037506094906,-3.56685696044122,-3.39264980614763,-3.31489858336533,-3.24691614871963,-3.14208884451587,7464.08493061975,0.999875268287085
"log_lik_catch[518]",-3.1148185203595,0.00126459902760786,0.108800470108978,-3.35177018189448,-3.18181410301634,-3.10494317735204,-3.0364731588753,-2.93193001986102,7402.1154881563,0.999872541062305
"log_lik_catch[519]",-2.05211197151071,0.00117121207921641,0.0990364636824231,-2.24857365725818,-2.11899033681954,-2.05028463012466,-1.98303545693614,-1.86517584985606,7150.21603038261,0.999846142509982
"log_lik_catch[520]",-2.67168276365601,0.00049276738525672,0.0510038854780868,-2.77590375099919,-2.70354755849118,-2.66961416161057,-2.63671949887053,-2.57830791031263,10713.2838769133,0.999877046564
"log_lik_catch[521]",-3.55733281183605,0.00270114021507787,0.2017203922821,-3.98723242960782,-3.68967952854849,-3.54191468375622,-3.41238247649017,-3.21256430664619,5577.0604321576,0.999875199690827
"log_lik_catch[522]",-1.42001687940222,0.000758100927648652,0.0537894614136617,-1.53017053430101,-1.45540042217905,-1.41719956243649,-1.38193127336779,-1.32406936444704,5034.31441230522,0.999924418336113
"log_lik_catch[523]",-1.95085090892306,0.000970250094093108,0.0690481353599134,-2.09026496076816,-1.99671440518601,-1.94779146563112,-1.90236303559279,-1.82557760907071,5064.49938700371,0.999929686170637
"log_lik_catch[524]",-2.50111586643545,0.000585667970523545,0.0488542610469204,-2.60153220775703,-2.53286871593349,-2.49969026862251,-2.46699391771713,-2.40964726564012,6958.28079129493,0.999775268361432
"log_lik_catch[525]",-4.27492111884167,0.0025273597011109,0.191748629594889,-4.70057322402173,-4.39644763093454,-4.25291306752078,-4.13590109657305,-3.9644090945019,5756.12776126131,0.999868491716735
"log_lik_catch[526]",-1.95085090892306,0.000970250094093108,0.0690481353599134,-2.09026496076816,-1.99671440518601,-1.94779146563112,-1.90236303559279,-1.82557760907071,5064.49938700371,0.999929686170637
"log_lik_catch[527]",-4.0686090394793,0.00343113191430657,0.255544227747517,-4.6085129685086,-4.23610289490068,-4.0506184557653,-3.88495507755042,-3.62842101219269,5546.98919951492,0.999869392170007
"log_lik_catch[528]",-3.55733281183605,0.00270114021507787,0.2017203922821,-3.98723242960782,-3.68967952854849,-3.54191468375622,-3.41238247649017,-3.21256430664619,5577.0604321576,0.999875199690827
"log_lik_catch[529]",-1.32748925451357,0.00137016024904018,0.106090259598741,-1.53583589857289,-1.39928081705238,-1.32545183797002,-1.25303612523926,-1.12193445033119,5995.2637930288,0.99992649082703
"log_lik_catch[530]",-5.03917844286506,0.00455609463255364,0.335582963770795,-5.73309256526165,-5.26219887251412,-5.02985575698436,-4.80347252573297,-4.40906947308304,5425.1823293066,0.999971296990104
"log_lik_catch[531]",-1.78630314968987,0.00185431879127977,0.141346571374348,-2.08309370812911,-1.87757149368096,-1.77946527043629,-1.68648350556653,-1.52932019644031,5810.34282852691,0.999962687362858
"log_lik_catch[532]",-1.69788815281977,0.00113597313072199,0.0836443472213889,-1.88169592709685,-1.75114262735873,-1.69156038750793,-1.63904571564176,-1.55210650006686,5421.71986422939,0.999990707942712
"log_lik_catch[533]",-4.02525009985862,0.00198752840712384,0.139369126649455,-4.32363171032284,-4.11331351515734,-4.01605486042675,-3.92564849096591,-3.77996561660362,4917.07087072699,0.999993096728125
"log_lik_catch[534]",-2.88287838706932,0.00102004511228533,0.0740517360420243,-3.04238750247287,-2.93039589588798,-2.8781491939995,-2.83000727978558,-2.75067074976509,5270.25623161682,0.999948676385798
"log_lik_catch[535]",-2.6146172489712,0.00106444063982448,0.0764491569172188,-2.77767488604336,-2.66330612686255,-2.61005404448143,-2.56043618332809,-2.4777603963324,5158.25141564408,0.999968911081098
"log_lik_catch[536]",-2.05170442648195,0.000358237924737715,0.0369537125420201,-2.12614405646943,-2.07573509613374,-2.05076870121754,-2.0265217340928,-1.98199373320464,10640.7694006058,0.999714107355213
"log_lik_catch[537]",-2.93049097645981,0.00154286489249886,0.108754278914354,-3.158211079878,-3.0001437844278,-2.92483076407266,-2.85402046836012,-2.73471333353901,4968.63292127366,0.999996170958
"log_lik_catch[538]",-2.93049097645981,0.00154286489249886,0.108754278914354,-3.158211079878,-3.0001437844278,-2.92483076407266,-2.85402046836012,-2.73471333353901,4968.63292127366,0.999996170958
"log_lik_catch[539]",-2.29662819488734,0.00138268477270813,0.101504205504917,-2.51593817426614,-2.36101987768711,-2.28916673290672,-2.22518969329754,-2.11812850875779,5389.16787614895,0.999987612359571
"log_lik_catch[540]",-2.05170442648195,0.000358237924737715,0.0369537125420201,-2.12614405646943,-2.07573509613374,-2.05076870121754,-2.0265217340928,-1.98199373320464,10640.7694006058,0.999714107355213
"log_lik_catch[541]",-4.3146625166857,0.00206367082834469,0.144607318731167,-4.62572021174044,-4.40586551255965,-4.30452247156375,-4.21094627881917,-4.0608453018274,4910.20582338197,0.999992346495765
"log_lik_catch[542]",-2.16046848195776,0.000704656782238379,0.0577955364442751,-2.28796517166949,-2.19653902276775,-2.15591506968159,-2.12079718440885,-2.05875967779014,6727.18429477603,0.999892687989436
"log_lik_catch[543]",-2.93049097645981,0.00154286489249886,0.108754278914354,-3.158211079878,-3.0001437844278,-2.92483076407266,-2.85402046836012,-2.73471333353901,4968.63292127366,0.999996170958
"log_lik_catch[544]",-2.93049097645981,0.00154286489249886,0.108754278914354,-3.158211079878,-3.0001437844278,-2.92483076407266,-2.85402046836012,-2.73471333353901,4968.63292127366,0.999996170958
"log_lik_catch[545]",-3.10464500415524,0.000500318720516243,0.0484010304061788,-3.19998861731645,-3.13712165094764,-3.1038989725457,-3.07197736276302,-3.01079037182275,9358.70393099417,0.9997388275553
"log_lik_catch[546]",-2.51399778913691,0.000530558061681479,0.0496909586213882,-2.61990283334312,-2.54590242732133,-2.51143142564733,-2.48024824556325,-2.42243988437847,8771.80390455656,0.999790603474156
"log_lik_catch[547]",-3.91322230188426,0.00236398429817646,0.184059050567051,-4.2788993615276,-4.0378099749098,-3.90940488515276,-3.78553186221043,-3.56627042962072,6062.12908371632,1.00005526702855
"log_lik_catch[548]",-1.60352681423285,0.00135471029885312,0.110444577624768,-1.83601731357624,-1.67437323364585,-1.60014420533013,-1.52621648054254,-1.40025206618189,6646.54473954228,1.00003333293601
"log_lik_catch[549]",-1.80412682198351,0.000526319782572185,0.0428987561774546,-1.89310755262022,-1.83222750371896,-1.80222426962994,-1.77454306667192,-1.72530945631302,6643.39404073324,0.999942090554635
"log_lik_catch[550]",-1.60352681423285,0.00135471029885312,0.110444577624768,-1.83601731357624,-1.67437323364585,-1.60014420533013,-1.52621648054254,-1.40025206618189,6646.54473954228,1.00003333293601
"log_lik_catch[551]",-0.98794463721202,0.00091556493071728,0.0724943692333684,-1.13974429536794,-1.03419673801585,-0.984432456589116,-0.937096368783509,-0.856736028397175,6269.46167953762,1.00010630791494
"log_lik_catch[552]",-3.51016672575158,0.00192971746975653,0.148546967725555,-3.80434210942778,-3.61068663288691,-3.50615184712033,-3.40701250074292,-3.23115365206275,5925.7063345823,1.00006075567128
"log_lik_catch[553]",-2.64457509959697,0.000464393593576499,0.044986678047424,-2.7343092152743,-2.67505211439952,-2.64325470766125,-2.61412668293621,-2.55850839932507,9384.16012416266,0.999748867209393
"log_lik_catch[554]",-2.89525916229309,0.000429773262868782,0.045699268937114,-2.98506126324031,-2.92611258331502,-2.89468445847103,-2.86418626086962,-2.80739553444456,11306.8002030648,0.999729936978708
"log_lik_catch[555]",-1.77204055112661,0.000378243122706092,0.0372873521120628,-1.85138582287503,-1.79632292200751,-1.77012144753711,-1.74607633354512,-1.70330438093309,9718.09202114998,0.999878092801288
"log_lik_catch[556]",-2.16638571836052,0.00128472684255347,0.102016614562548,-2.38427137630681,-2.23086944914821,-2.16082592332528,-2.09412312624495,-1.98416462316332,6305.50999205428,1.00005535347836
"log_lik_catch[557]",-2.41004221961968,0.0011049899857373,0.0846121489650447,-2.57777289779295,-2.46668018244977,-2.40799055532388,-2.35182967893447,-2.24974190830909,5863.38978942008,1.00006895044593
"log_lik_catch[558]",-3.11810190860075,0.00150504036929691,0.114880220194803,-3.34649896483741,-3.19450993725273,-3.11479190068479,-3.03894473864947,-2.90325309289646,5826.31848095528,1.0000581251901
"log_lik_catch[559]",-2.28526082000119,0.00037046262056767,0.0394382812691485,-2.36347246654036,-2.31176526319781,-2.28450735027307,-2.25833729067012,-2.21003643488481,11333.0595560163,0.999725515470356
"log_lik_catch[560]",-1.88902274871469,0.00105675510223485,0.0830122600255108,-2.06653080690149,-1.94138786404836,-1.88363317847904,-1.83041452123632,-1.74345846019395,6170.71898143864,1.00009117462733
"log_lik_catch[561]",-0.98794463721202,0.00091556493071728,0.0724943692333684,-1.13974429536794,-1.03419673801585,-0.984432456589116,-0.937096368783509,-0.856736028397175,6269.46167953762,1.00010630791494
"log_lik_catch[562]",-2.74049696984581,0.00109447439486559,0.0837082727371485,-2.90965310772632,-2.79580812653684,-2.73762523176342,-2.6827688265688,-2.58568068643399,5849.59165051833,1.00003262381431
"log_lik_catch[563]",-2.41004221961968,0.0011049899857373,0.0846121489650447,-2.57777289779295,-2.46668018244977,-2.40799055532388,-2.35182967893447,-2.24974190830909,5863.38978942008,1.00006895044593
"log_lik_catch[564]",-0.98794463721202,0.00091556493071728,0.0724943692333684,-1.13974429536794,-1.03419673801585,-0.984432456589116,-0.937096368783509,-0.856736028397175,6269.46167953762,1.00010630791494
"log_lik_catch[565]",-2.74745905808583,0.000798387633709772,0.063260967424894,-2.87788527732691,-2.78916257769665,-2.74461097029709,-2.70374992706774,-2.63105953033409,6278.32878548933,0.999942755447393
"log_lik_catch[566]",-2.05412172482391,0.000383557159614149,0.0373980612085485,-2.12946325442656,-2.07931900497797,-2.05297203785838,-2.02872891072819,-1.9830649710931,9506.87948244792,0.999749051769563
"log_lik_catch[567]",-3.60287559539821,0.000572241519238416,0.0565620724939839,-3.72003181024736,-3.64044909662997,-3.60116553449579,-3.56395944101723,-3.49505322361455,9769.94003356568,0.99988444966237
"log_lik_catch[568]",-2.51113257692429,0.00100732579138487,0.0794821206195911,-2.6817504157323,-2.56113292955772,-2.50612404665368,-2.45471821719378,-2.37242556671702,6225.85474772577,1.00008486137786
"log_lik_catch[569]",-2.50641863345099,0.00053593534327079,0.0473822940533407,-2.60271020444151,-2.53785827510627,-2.50435344954527,-2.47378103291189,-2.41784296046442,7816.41069923136,0.999815259737083
"log_lik_catch[570]",-0.98794463721202,0.00091556493071728,0.0724943692333684,-1.13974429536794,-1.03419673801585,-0.984432456589116,-0.937096368783509,-0.856736028397175,6269.46167953762,1.00010630791494
"log_lik_catch[571]",-1.77204055112661,0.000378243122706092,0.0372873521120628,-1.85138582287503,-1.79632292200751,-1.77012144753711,-1.74607633354512,-1.70330438093309,9718.09202114998,0.999878092801288
"log_lik_catch[572]",-2.5240462015653,0.00126111561813504,0.0994667390185954,-2.73546335800225,-2.5862634205809,-2.51775670546242,-2.45380224374041,-2.34897554094795,6220.79588445159,1.0000610536964
"log_lik_catch[573]",-2.16638571836052,0.00128472684255347,0.102016614562548,-2.38427137630681,-2.23086944914821,-2.16082592332528,-2.09412312624495,-1.98416462316332,6305.50999205428,1.00005535347836
"log_lik_catch[574]",-2.21843661506126,0.000664205825789443,0.0564518751948443,-2.33772950432405,-2.25411842459388,-2.21488236270724,-2.17852549889747,-2.11670961384762,7223.56166274857,1.00002790491061
"log_lik_catch[575]",-2.64457093639923,0.000408510436354018,0.0445525752328113,-2.73506378368577,-2.67414478401062,-2.64427906396588,-2.61391989067025,-2.55888219023615,11894.3116169235,0.999765049201478
"log_lik_catch[576]",-2.33447563276621,0.00046880985286293,0.0462785818880207,-2.43166606496461,-2.36495108211975,-2.33251901729478,-2.30237766093198,-2.24781942028999,9744.65849482784,0.999880774146954
"log_lik_catch[577]",-2.05412172482391,0.000383557159614149,0.0373980612085485,-2.12946325442656,-2.07931900497797,-2.05297203785838,-2.02872891072819,-1.9830649710931,9506.87948244792,0.999749051769563
"log_lik_catch[578]",-2.74745905808583,0.000798387633709772,0.063260967424894,-2.87788527732691,-2.78916257769665,-2.74461097029709,-2.70374992706774,-2.63105953033409,6278.32878548933,0.999942755447393
"log_lik_catch[579]",-2.09317241666931,0.000434096401053096,0.0428304299964302,-2.18356054933863,-2.12125908185886,-2.09122455397639,-2.06341531099271,-2.0134400774455,9734.9225016724,0.99987968889155
"log_lik_catch[580]",-3.00295936111654,0.00109142456662475,0.0835517340280295,-3.17300953918542,-3.05801725031497,-2.99884384294929,-2.94486971896355,-2.84786713971093,5860.34906858581,1.00001130962377
"log_lik_catch[581]",-3.84796643511789,0.00185151211469159,0.141505986473811,-4.13257004954097,-3.94171376868176,-3.84199476820715,-3.74928223350803,-3.58743395770212,5841.12513748572,1.0000464007333
"log_lik_catch[582]",-1.80412682198351,0.000526319782572185,0.0428987561774546,-1.89310755262022,-1.83222750371896,-1.80222426962994,-1.77454306667192,-1.72530945631302,6643.39404073324,0.999942090554635
"log_lik_catch[583]",-2.14896934111101,0.000925944239743378,0.0732101958559142,-2.30499899483784,-2.19506411495585,-2.14397630812497,-2.09689408816547,-2.02097227096897,6251.34501921036,1.00009227399551
"log_lik_catch[584]",-2.3827746422759,0.000705895293306584,0.0564441818273961,-2.49908707401025,-2.42009841402826,-2.38025707781351,-2.34387625367897,-2.27912242651817,6393.7815208707,0.999943168465262
"log_lik_catch[585]",-2.41004221961968,0.0011049899857373,0.0846121489650447,-2.57777289779295,-2.46668018244977,-2.40799055532388,-2.35182967893447,-2.24974190830909,5863.38978942008,1.00006895044593
"log_lik_catch[586]",-1.60352681423285,0.00135471029885312,0.110444577624768,-1.83601731357624,-1.67437323364585,-1.60014420533013,-1.52621648054254,-1.40025206618189,6646.54473954228,1.00003333293601
"log_lik_catch[587]",-2.16638571836052,0.00128472684255347,0.102016614562548,-2.38427137630681,-2.23086944914821,-2.16082592332528,-2.09412312624495,-1.98416462316332,6305.50999205428,1.00005535347836
"log_lik_catch[588]",-1.80412682198351,0.000526319782572185,0.0428987561774546,-1.89310755262022,-1.83222750371896,-1.80222426962994,-1.77454306667192,-1.72530945631302,6643.39404073324,0.999942090554635
"log_lik_catch[589]",-2.3827746422759,0.000705895293306584,0.0564441818273961,-2.49908707401025,-2.42009841402826,-2.38025707781351,-2.34387625367897,-2.27912242651817,6393.7815208707,0.999943168465262
"log_lik_catch[590]",-3.82667301928006,0.00204484921936405,0.157327606764191,-4.14275453491244,-3.93231632896814,-3.82164958208835,-3.71697233402249,-3.53443051126927,5919.53090851089,1.00005221780256
"log_lik_catch[591]",-2.75711714245931,0.00063663790498086,0.0572256721639673,-2.87672129169294,-2.7940685648558,-2.75448314111065,-2.71724312987642,-2.6517830801872,8079.72947076716,0.999970607144112
"log_lik_catch[592]",-2.14896934111101,0.000925944239743378,0.0732101958559142,-2.30499899483784,-2.19506411495585,-2.14397630812497,-2.09689408816547,-2.02097227096897,6251.34501921036,1.00009227399551
"log_lik_catch[593]",-2.50641863345099,0.00053593534327079,0.0473822940533407,-2.60271020444151,-2.53785827510627,-2.50435344954527,-2.47378103291189,-2.41784296046442,7816.41069923136,0.999815259737083
"log_lik_catch[594]",-2.34336868530036,0.00110973303593445,0.0871035399383784,-2.52995079579111,-2.39805389784637,-2.33749848537833,-2.28221594486681,-2.19224958836763,6160.76411863659,1.00008227477742
"log_lik_catch[595]",-1.60352681423285,0.00135471029885312,0.110444577624768,-1.83601731357624,-1.67437323364585,-1.60014420533013,-1.52621648054254,-1.40025206618189,6646.54473954228,1.00003333293601
"log_lik_catch[596]",-1.77204055112661,0.000378243122706092,0.0372873521120628,-1.85138582287503,-1.79632292200751,-1.77012144753711,-1.74607633354512,-1.70330438093309,9718.09202114998,0.999878092801288
"log_lik_catch[597]",-1.77204055112661,0.000378243122706092,0.0372873521120628,-1.85138582287503,-1.79632292200751,-1.77012144753711,-1.74607633354512,-1.70330438093309,9718.09202114998,0.999878092801288
"log_lik_catch[598]",-2.40568340371134,0.00188638336015605,0.162304344463163,-2.73761565419076,-2.50951982434213,-2.40072411040963,-2.29440398517914,-2.10350450360824,7402.87431639766,0.999939724270663
"log_lik_catch[599]",-2.94552206134816,0.00224652303731303,0.200487398655442,-3.35361136884792,-3.07738068200051,-2.94053009271392,-2.80853082480059,-2.57369545420663,7964.38798921024,0.999890569845064
"log_lik_catch[600]",-2.47958406058907,0.000387036327459514,0.0421816565885553,-2.56399085802213,-2.50775129426295,-2.47929446541133,-2.45056197837886,-2.39833653135604,11878.013189606,0.999744163088504
"log_lik_catch[601]",-2.9172617764951,0.000548071877790893,0.049909231356368,-3.01765754550003,-2.95080627396521,-2.91552995747883,-2.88351744970562,-2.82270848733484,8292.52378527865,0.99978517351564
"log_lik_catch[602]",-2.14896934111101,0.000925944239743378,0.0732101958559142,-2.30499899483784,-2.19506411495585,-2.14397630812497,-2.09689408816547,-2.02097227096897,6251.34501921036,1.00009227399551
"log_lik_catch[603]",-3.11810190860075,0.00150504036929691,0.114880220194803,-3.34649896483741,-3.19450993725273,-3.11479190068479,-3.03894473864947,-2.90325309289646,5826.31848095528,1.0000581251901
"log_lik_catch[604]",-3.11810190860075,0.00150504036929691,0.114880220194803,-3.34649896483741,-3.19450993725273,-3.11479190068479,-3.03894473864947,-2.90325309289646,5826.31848095528,1.0000581251901
"log_lik_catch[605]",-2.50641863345099,0.00053593534327079,0.0473822940533407,-2.60271020444151,-2.53785827510627,-2.50435344954527,-2.47378103291189,-2.41784296046442,7816.41069923136,0.999815259737083
"log_lik_catch[606]",-2.16638571836052,0.00128472684255347,0.102016614562548,-2.38427137630681,-2.23086944914821,-2.16082592332528,-2.09412312624495,-1.98416462316332,6305.50999205428,1.00005535347836
"log_lik_catch[607]",-3.84796643511789,0.00185151211469159,0.141505986473811,-4.13257004954097,-3.94171376868176,-3.84199476820715,-3.74928223350803,-3.58743395770212,5841.12513748572,1.0000464007333
"log_lik_catch[608]",-3.11810190860075,0.00150504036929691,0.114880220194803,-3.34649896483741,-3.19450993725273,-3.11479190068479,-3.03894473864947,-2.90325309289646,5826.31848095528,1.0000581251901
"log_lik_catch[609]",-2.21843661506126,0.000664205825789443,0.0564518751948443,-2.33772950432405,-2.25411842459388,-2.21488236270724,-2.17852549889747,-2.11670961384762,7223.56166274857,1.00002790491061
"log_lik_catch[610]",-1.80412682198351,0.000526319782572185,0.0428987561774546,-1.89310755262022,-1.83222750371896,-1.80222426962994,-1.77454306667192,-1.72530945631302,6643.39404073324,0.999942090554635
"log_lik_catch[611]",-2.78719838449872,0.000429856041269478,0.0464776444133242,-2.88167285666508,-2.81797444457543,-2.78688030218447,-2.75499255428568,-2.69829640922743,11690.7439412427,0.999782226924055
"log_lik_catch[612]",-2.3827746422759,0.000705895293306584,0.0564441818273961,-2.49908707401025,-2.42009841402826,-2.38025707781351,-2.34387625367897,-2.27912242651817,6393.7815208707,0.999943168465262
"log_lik_catch[613]",-1.77204055112661,0.000378243122706092,0.0372873521120628,-1.85138582287503,-1.79632292200751,-1.77012144753711,-1.74607633354512,-1.70330438093309,9718.09202114998,0.999878092801288
"log_lik_catch[614]",-2.82402601700074,0.000638202012021797,0.0540184971024702,-2.93445107951128,-2.85920421158271,-2.82171942005898,-2.78692260891309,-2.72280167902222,7164.21575065652,0.999850844198167
"log_lik_catch[615]",-2.82402601700074,0.000638202012021797,0.0540184971024702,-2.93445107951128,-2.85920421158271,-2.82171942005898,-2.78692260891309,-2.72280167902222,7164.21575065652,0.999850844198167
"log_lik_catch[616]",-2.05412172482391,0.000383557159614149,0.0373980612085485,-2.12946325442656,-2.07931900497797,-2.05297203785838,-2.02872891072819,-1.9830649710931,9506.87948244792,0.999749051769563
"log_lik_catch[617]",-3.11810190860075,0.00150504036929691,0.114880220194803,-3.34649896483741,-3.19450993725273,-3.11479190068479,-3.03894473864947,-2.90325309289646,5826.31848095528,1.0000581251901
"log_lik_catch[618]",-2.40938593939665,0.00146847523093136,0.118462493155117,-2.66323009941258,-2.48422379109418,-2.40347492784869,-2.32574997521896,-2.19705896932115,6507.71441243851,1.0000203052699
"log_lik_catch[619]",-2.64457509959697,0.000464393593576499,0.044986678047424,-2.7343092152743,-2.67505211439952,-2.64325470766125,-2.61412668293621,-2.55850839932507,9384.16012416266,0.999748867209393
"log_lik_catch[620]",-2.33447563276621,0.00046880985286293,0.0462785818880207,-2.43166606496461,-2.36495108211975,-2.33251901729478,-2.30237766093198,-2.24781942028999,9744.65849482784,0.999880774146954
"log_lik_catch[621]",-2.64457509959697,0.000464393593576499,0.044986678047424,-2.7343092152743,-2.67505211439952,-2.64325470766125,-2.61412668293621,-2.55850839932507,9384.16012416266,0.999748867209393
"log_lik_catch[622]",-3.26945042312911,0.00139917713305423,0.106485221898384,-3.48397436004982,-3.33989026409922,-3.26562231560707,-3.19554056295721,-3.07302358064003,5792.06307816212,1.00004073813851
"log_lik_catch[623]",-1.77204055112661,0.000378243122706092,0.0372873521120628,-1.85138582287503,-1.79632292200751,-1.77012144753711,-1.74607633354512,-1.70330438093309,9718.09202114998,0.999878092801288
"log_lik_catch[624]",-1.60352681423285,0.00135471029885312,0.110444577624768,-1.83601731357624,-1.67437323364585,-1.60014420533013,-1.52621648054254,-1.40025206618189,6646.54473954228,1.00003333293601
"log_lik_catch[625]",-0.98794463721202,0.00091556493071728,0.0724943692333684,-1.13974429536794,-1.03419673801585,-0.984432456589116,-0.937096368783509,-0.856736028397175,6269.46167953762,1.00010630791494
"log_lik_catch[626]",-3.67661911945632,0.00095830841092173,0.0748557327071046,-3.83129946421441,-3.72531092956429,-3.67259889428563,-3.6246940987969,-3.53946229407817,6101.54096770538,0.999940507663499
"log_lik_catch[627]",-3.01195692112263,0.000499630741758728,0.048252341636491,-3.10784315678295,-3.04460179021331,-3.01055988346765,-2.97937872808005,-2.91923187759112,9326.92498231397,0.999748699064864
"lp__",-1453.54906997985,0.157189120195766,8.01280285813175,-1470.19510420564,-1458.75323267229,-1453.11794182558,-1447.99207446934,-1438.97286035399,2598.507347777,1.00106824262557
