"parameter","mean","se_mean","sd","2.5%","25%","50%","75%","97.5%","n_eff","Rhat"
"B1",0.972999399019981,0.00269747341043419,0.255664097125057,0.468979160867072,0.803929383217875,0.96930997182339,1.1389655401605,1.4872320651598,8983.07744616248,0.999488893079096
"B2",0.00561888629959726,0.00979489425260725,0.985612446457034,-1.90724185361695,-0.67055918229878,-0.00377307884698003,0.701648089590007,1.92885009739381,10125.4155332012,0.999791654712111
"B1_C",0.087574066330247,0.0064540011739433,0.59651698635776,-1.03825157167318,-0.307622060980035,0.0732613242569728,0.464131903884305,1.30628978051176,8542.55040644348,1.00010869133856
"B2_C",-0.00866139075931791,0.00913204379496248,0.96328995931566,-1.88684366409514,-0.653324551982794,-0.0107266997767448,0.63951576518265,1.87806966894961,11127.0002000407,0.999570000842039
"gamma_C",-0.00109308781471699,0.0101617299581205,0.996624885160285,-1.96388778263627,-0.652231134622343,0.00133532208608475,0.657614741577958,1.94144222977813,9618.96080060381,1.00036971080596
"sigma_eps_E",1.15068301242846,0.0123585753171667,0.757252035780726,0.365063293443377,0.694996476658456,0.955950214229503,1.38894920782925,2.99509602361201,3754.4306079882,1.00067133048609
"Lcorr_E[1,1]",1,NA,0,1,1,1,1,1,NA,NA
"sigma_r_E",0.827735859937258,0.00201179103477391,0.185709815576624,0.493991981612575,0.696039153107694,0.817055490063239,0.946685394112854,1.21556039701887,8521.26321487872,0.999604089651159
"phi_E_scaled",0.554262974377123,0.00256251457600692,0.209692504811688,0.135576073637538,0.402452771202912,0.561205691225282,0.719530447797045,0.911612330110971,6696.272614504,0.999817228620026
"eps_E[1,1]",-0.0874713399249502,0.0112016546804923,0.697676008589306,-1.39025335776623,-0.537262540017822,-0.130006448550246,0.335779624949572,1.38870817170505,3879.20934354728,0.999924751361983
"eps_E[2,1]",-0.98713471431771,0.00957400849864056,0.673617572210374,-2.43363200621075,-1.41352507184543,-0.947580998940289,-0.522780726723642,0.253001221589433,4950.38753253251,1.00062023246355
"omega_E_0_raw[1,1]",0.7541841959325,0.0104978691685477,0.711683763898416,-0.566224651014816,0.270573470767748,0.71631613725247,1.21237618229707,2.2482595967464,4595.91305548333,0.999597234959844
"mu_mu_E[1]",1.86361657953164,0.0183066467354563,1.15838948687518,-0.425713042554764,1.19621741022948,1.82470390698262,2.50509806595618,4.33911097555666,4003.97735604703,0.999841211861366
"sigma_mu_E",1.17617895962544,0.0226973452259976,1.46749863701899,0.0294211931131722,0.309136099408516,0.724271170710956,1.44130538594323,5.70814565244491,4180.27917407798,0.999853484511766
"eps_mu_E[1,1]",-0.0757058731913428,0.0109074077668159,0.884613152577925,-1.8444534303325,-0.652385394201119,-0.0813141720297747,0.491337392563938,1.72140578748345,6577.54284884816,0.999772407081272
"R_G",1.4041242435526,0.00461734659592828,0.438886922990175,0.739778568714301,1.09057780417448,1.34081267838796,1.63940367199372,2.42448533288305,9034.83718273402,0.999914870722055
"R_G_boat",2.96230797646234,0.00368553062226084,0.393351424079952,2.24573526811912,2.6882012683838,2.94852725430315,3.21521314856493,3.79201668215943,11390.9882956733,0.999471275788278
"kappa_OSP",3.13222256479923,0.00954226524999395,0.974575166832397,1.65526747483677,2.44029042733357,2.99132619443679,3.65538104570212,5.49728433065397,10431.0424441461,0.999793838418403
"sigma_r_OSP",0.683628340293221,0.00171435795910151,0.152031779406589,0.434608059061825,0.575752987382003,0.667690526290591,0.773230892507053,1.03299266332001,7864.40265448549,0.999815900443701
"f_theta[1]",0.299223639073136,0.000989594854135315,0.0990338250904746,0.127664051949765,0.226200557345567,0.292339696714691,0.366861724060798,0.508499519927122,10015.0299082716,0.999508486567938
"sigma_IE",0.197391764186628,0.0020514018903284,0.195788067402322,0.00554617233702475,0.0583451723888705,0.13870810427838,0.274384859211518,0.719133698832932,9109.00491352613,0.999469580186824
"sigma_eps_C",0.582796543091544,0.00933089905967519,0.681413932346088,0.0166681503137685,0.177278523874866,0.396098281485293,0.758265758407263,2.25049450484756,5333.04238590963,1.00018407464068
"Lcorr_C[1,1]",1,NA,0,1,1,1,1,1,NA,NA
"phi_C_scaled",0.526592490850439,0.00228994188379943,0.215964926999355,0.123177878153346,0.359021524873309,0.530818571401114,0.697400026172135,0.90735348271864,8894.41793836384,0.999640317027589
"sigma_r_C",1.26893657729604,0.00317801954092169,0.28691281620013,0.807787651750638,1.0645205747853,1.23457008346521,1.43409984771455,1.90327446313877,8150.5472628357,0.999650391120059
"eps_C[1,1]",0.155706525390243,0.0100940257373425,0.864883565380314,-1.5699281054195,-0.429128442965197,0.175229845401895,0.747759337582476,1.80563006220927,7341.52824268891,0.999880389612973
"eps_C[2,1]",0.221960826833802,0.00938421811909009,0.890199609739757,-1.61070919054395,-0.348089104328136,0.240409159441106,0.805674344620585,1.962431057041,8998.6759314211,0.999756447218453
"omega_C_0_raw[1,1]",-0.191178149745986,0.0106138096711823,0.918561306743076,-1.941940055197,-0.803554097789791,-0.214199235855689,0.401666507769968,1.72497106485151,7489.86006387839,0.999956410227059
"mu_mu_C[1]",0.353150400452625,0.0185503753897221,1.15923110263842,-2.4409399029328,-0.210845134547187,0.501705147424772,1.03375567304765,2.40737132651608,3905.12234667397,0.99962041891352
"sigma_mu_C",1.35688242606631,0.0356851352239142,2.0534750155215,0.0304423751790163,0.335887869759846,0.774343130850261,1.5566775707337,6.55429119122828,3311.34287828083,1.00104889762067
"eps_mu_C[1,1]",0.201377612018951,0.0110784865021013,0.890497199531268,-1.64156486030889,-0.34649296213728,0.225171302719898,0.770828655615114,1.93317891649703,6461.06708378399,0.999565327580709
"L_raw[1]",0.00998871920305522,0.00949160827275879,1.022010894635,-1.97271592835489,-0.68885634191208,0.00661177725803456,0.710768585428842,2.05157389567772,11593.9504090215,0.999556884738891
"L_raw[2]",0.0108138115210555,0.00948853598916064,0.992261133428967,-1.90963094744965,-0.648182249814666,0.0096892772677695,0.680748581597799,1.93497784925654,10935.8751303255,0.999570720435573
"L_raw[3]",0.271333042308171,0.00857382033892379,0.978326390981237,-1.66149344423672,-0.388873635554363,0.257263434499222,0.916846484827532,2.23020772608994,13020.23373201,0.999514833720554
"L_raw[4]",-0.0206422148479709,0.00876036415512771,0.995104632748855,-1.96397667784212,-0.690061704069917,-0.0110092240414554,0.640396023341407,1.95516900166578,12903.0736799821,1.00003084080031
"L_raw[5]",-0.0860040199785845,0.00977492038260581,0.968834262163581,-2.0239491089784,-0.754493045214001,-0.0813005196662849,0.589505981318995,1.75321384049963,9823.64184614532,0.999557386983428
"L_raw[6]",0.249383561166729,0.00915422880381169,0.983699649373631,-1.68278673483716,-0.40370125872513,0.24213526759866,0.911069530540753,2.21889193056149,11547.3281295963,0.999701900224405
"L_raw[7]",0.288322951223226,0.00901109123538382,0.943343218327542,-1.58636567548663,-0.340804360476494,0.300196473865005,0.927178461490944,2.1636981392842,10959.3472936566,0.999682691942624
"L_raw[8]",0.0053111956206335,0.00971979337243358,1.02704439713485,-2.02856565794176,-0.669730654183711,0.0116496335940535,0.674978839291988,2.05823573488008,11165.1450681795,0.999607683564572
"L_raw[9]",-0.00239696295627768,0.0086051418653205,0.969280847425486,-1.90875084385837,-0.658309376012953,0.0118382232777406,0.658695146352932,1.8852556063716,12687.7085415812,0.999807769636503
"L_raw[10]",-0.0145161338815698,0.00911474828318328,0.996926198996512,-1.94212349359163,-0.683371348175749,-0.019011813293616,0.659287128394222,1.91805169542751,11962.9051573016,0.999542600088604
"L_raw[11]",-0.0872388947616952,0.00912124033509169,0.984916825399604,-2.032131604927,-0.753485794333157,-0.0704253199756557,0.563983549089389,1.8584043644221,11659.8057446695,0.999452262241272
"L_raw[12]",-0.164720749179125,0.00928426415190608,0.995138689715956,-2.09108422585251,-0.829585033366779,-0.167972684065863,0.498871103240735,1.80748822458649,11488.7359003183,0.999832137910414
"L_raw[13]",-0.229126241990648,0.00886027970576137,0.978639057882624,-2.12026294328514,-0.884083101254082,-0.238263001727677,0.418012907457006,1.64719595311863,12199.730165326,0.99968290819602
"L_raw[14]",-0.126446747959587,0.00968635687042376,0.993179693575698,-2.05290617671499,-0.798234263864843,-0.11337621809716,0.550255597754098,1.80241816764577,10513.195290024,0.999593221038866
"L_raw[15]",0.159143364144199,0.0090829340870996,0.974852846897602,-1.7831369506174,-0.489271802795264,0.154956166725957,0.811344477656339,2.08911394084548,11519.2924278994,0.999675760849657
"L_raw[16]",0.00924096075225285,0.0100123180278427,1.01429359441982,-1.95702164359231,-0.67984612235752,0.0014583086397008,0.71713598288267,1.98088752834452,10262.6163461736,0.999583864739483
"L_raw[17]",-0.00795875373944794,0.00946738244063063,0.990310594255809,-1.93708978493807,-0.680097431772715,-0.0145729196831479,0.668212183793835,1.91387178267961,10941.6547769925,0.999518711873171
"L_raw[18]",0.0127915876562671,0.00930544640657382,1.02044984994784,-1.98864345291667,-0.6717720654103,0.0166936216085755,0.710342860144375,1.99819706292963,12025.6596391193,0.99963414076829
"L_raw[19]",0.00566974864663157,0.0102604442375386,1.00398917420181,-1.97037516525872,-0.671621424377993,0.00991341608335629,0.685003339892362,1.94939699445271,9574.71225049861,0.99962912722177
"L_raw[20]",0.336763776806346,0.00974214861029471,0.987935833047206,-1.58550641812465,-0.322824839352377,0.335489204401601,1.01003134110976,2.25660307124536,10283.6662951939,1.00037987596489
"L_raw[21]",-0.010512092843121,0.0092796861143301,0.992468945354695,-1.94010174991035,-0.674695326019031,-0.00705306621409867,0.652099931250777,1.95199404796647,11438.4526833588,1.00006908706009
"L_raw[22]",-0.0140875283563239,0.00872206354349079,0.984467589340723,-1.97325338884637,-0.658878420935715,-0.0135468369512009,0.631040271325753,1.91294627649781,12739.8511268307,0.999536727795846
"L_raw[23]",0.0152454487060409,0.0110492496545406,1.00969151092023,-1.95325884158606,-0.674679188844209,0.0172568742666128,0.717406907831962,1.96332887801219,8350.48762808636,0.999585345382184
"L_raw[24]",-0.0330436629041616,0.00887554928446707,0.966718815679545,-1.9544629809006,-0.67466928968253,-0.0379074488101541,0.624609837225324,1.87778558074696,11863.4188334947,0.999583714674574
"L_raw[25]",-0.00940925555775243,0.00929068721746676,1.03056752127216,-2.05221491983495,-0.695365459891198,-0.0215739317856543,0.69468166310922,2.01826442794664,12304.3088626826,0.999487927216945
"L_raw[26]",-0.101108252490503,0.00975655298696561,0.978439771959842,-2.04847029784229,-0.749193139615647,-0.103381546999183,0.554571001831064,1.82798401955441,10057.1604877941,0.999597499238194
"L_raw[27]",0.00214955480757272,0.00903424524945637,1.00834884116834,-1.97960888891492,-0.692378580704598,0.00594058763533712,0.681931871416175,1.96700021698679,12457.6996212053,0.999686301126633
"L_raw[28]",-0.098006157021292,0.00895729658980109,0.981981162591515,-2.0054927750901,-0.76696386157778,-0.112467635924297,0.561671666277219,1.85924261389425,12018.5591253274,0.999644704199658
"L_raw[29]",-0.0800767164762282,0.00911031647007441,0.998223425640635,-2.02420249062582,-0.755378645950313,-0.0760386034561338,0.589383005092645,1.85356298293445,12005.730427789,0.999675509271309
"L_raw[30]",-0.003670442470012,0.00977187060048681,0.996620266171882,-1.91976275178719,-0.679478912147804,0.0041323576429554,0.66830044799679,1.9447947734555,10401.6925701881,0.999549493116425
"L_raw[31]",-0.00384790349263653,0.00952866272918796,1.00082419814832,-1.95000353944881,-0.689618490884261,-0.00889391875911953,0.684656845194533,1.89680550716908,11031.9347422701,0.999987617142065
"L_raw[32]",-0.00687448101313107,0.00921686102859987,1.00414084448004,-1.95707198401065,-0.689938338457001,-0.00200101977814338,0.648017965260604,1.96863511638234,11869.2475319858,0.999784650459103
"L_raw[33]",-0.00238272565366106,0.00902574022513401,0.975170018969262,-1.91404734190297,-0.655331130770147,0.00522865265681425,0.644496523674519,1.92825217067735,11673.3369609127,1.00000130234199
"L_raw[34]",-0.309337521760364,0.00945427233012199,0.986690921917596,-2.21938971805475,-0.965727856362081,-0.325416513869939,0.3491077473572,1.63871120336419,10891.9602815241,0.99977170375387
"L_raw[35]",0.00437990324530512,0.00922662651437229,1.00546408440979,-1.9370718691289,-0.674921128236044,0.00827254989495193,0.682139736697497,1.97860769837388,11875.3725170519,0.999522438619197
"L_raw[36]",0.00462312244616358,0.00978519188214189,0.981544716133995,-1.94846306305483,-0.645252877972983,-0.00491601526787395,0.664747779655874,1.95660460042198,10061.934509612,0.9995468485603
"L_raw[37]",0.00284765573498078,0.00991471479821965,1.01408324388134,-2.01561315833905,-0.680912602528382,0.0158082936963985,0.691037249578615,1.96894353206624,10461.3266139833,0.999548570278364
"L_raw[38]",0.00759469261618157,0.00934855629385706,1.04472567366667,-2.03321769554821,-0.698032583970422,0.00311625898397329,0.721244324884607,2.03471725875865,12488.6484261759,0.999646967403005
"L_raw[39]",0.0112554646746834,0.0090658076375113,0.978968288159361,-1.91594510696913,-0.643030078395787,0.00786724541839147,0.653593273203154,1.97772720928977,11660.6899588666,0.999516188045247
"L_raw[40]",-0.0118299536209466,0.00938614424204233,0.996915711779101,-1.99055312817436,-0.673897647822925,-0.00145155229952044,0.656181842014702,1.94293259955821,11280.8658177843,0.999438605511172
"L_raw[41]",0.0184310395532756,0.00876494128487716,0.959609972919018,-1.85698044842734,-0.625239366294104,0.0187531326632326,0.667560039341464,1.90393905294459,11986.4749823587,0.999670847311976
"L_raw[42]",-0.00601500122739317,0.00898780545563313,1.02726043786473,-2.02185272525845,-0.713595259484705,0.000135462473265679,0.69171699683834,1.99289967931701,13063.3270169255,0.999736318146512
"L_raw[43]",0.00173344198031219,0.00924356097581827,0.970839991310244,-1.90616137690766,-0.645385498275679,-0.00210217876131103,0.659685154960574,1.89216459923313,11031.0459727852,0.999714766896795
"L_raw[44]",-0.0165385677002124,0.00909434893838031,1.00132054867493,-1.95777600081617,-0.725851078684824,-0.0291695474468369,0.665031184256295,1.94152853500646,12122.8025126905,0.999981882231558
"L_raw[45]",-0.016754147030427,0.00964637273547674,1.0310110406193,-2.02036460235794,-0.725129230130075,-0.0293770907906634,0.70350652999279,1.99516875974111,11423.4833719212,0.999506181938575
"L_raw[46]",-0.00272270061151591,0.0090484636836155,0.975824969303298,-1.87511872063277,-0.665834975159623,-0.00075967334973152,0.653020702110939,1.89472302518197,11630.386779746,0.999728239155471
"L_raw[47]",0.00419012515266489,0.00950073927386811,1.00442565805214,-1.95616007525077,-0.682569587173086,0.00393847250161703,0.693139988312145,1.97902867333287,11176.8853588791,0.999587767443602
"L_raw[48]",-0.0142644117004824,0.00942261262840971,1.0058516142874,-1.93751828147456,-0.727682906305976,-0.00511932391427564,0.685471373757541,1.93500037154314,11395.2841722799,0.999520907905781
"L_raw[49]",0.00424095457176178,0.00926891351938549,1.00317356634784,-1.96984488978132,-0.675767659766216,-0.00658569251890847,0.678173238699683,2.00789113509997,11713.7108578467,0.999669829807289
"L_raw[50]",0.000440917072095338,0.00979102780129835,1.00496043503518,-1.97492450678911,-0.673116901415037,-0.00772010316284743,0.682139974867078,1.9661606506726,10535.1654562582,0.999701776754536
"L_raw[51]",0.00547464572279308,0.00928857900895623,0.990432970323831,-1.9096704390345,-0.653339028359267,0.000336576437195208,0.676818301342871,1.93721615448693,11369.7684180334,0.999861956097503
"L_raw[52]",0.00660077240321097,0.00974508200889809,0.9928287126173,-1.95573103728715,-0.673801798103745,0.0158790693381065,0.686392045570362,1.93262599570585,10379.5293306275,0.999480774083643
"L_raw[53]",0.0043380977265177,0.00909344160469907,0.982837281186327,-1.91800032917561,-0.676338475648301,0.00553624318572362,0.680326325664009,1.92359767301625,11681.716957005,0.999699763862165
"L_raw[54]",-0.00762713408330948,0.00912021860295553,0.972519477758872,-1.87820593663659,-0.672187623503526,-0.00543766748028023,0.669446952677886,1.88243143417755,11370.671692181,0.999577116607409
"L_raw[55]",-0.00138082385241217,0.00845451389427196,0.980369899317318,-1.90804428235895,-0.67217575735442,-0.00736802863433275,0.661034548385951,1.93879270384333,13446.2955410861,0.999720066731565
"L_raw[56]",0.00118453938217207,0.00971547906144391,0.966358519235376,-1.97000136102864,-0.624456335181567,0.00624544856975063,0.642322769850343,1.88500025650402,9893.45810566773,0.999592888627291
"L_raw[57]",-0.00679553830642919,0.00961945947087701,1.01451320881142,-2.05019993989642,-0.660938755427835,0.00125922784907702,0.650996218777635,1.99674952343885,11122.7985946754,0.999616862784699
"L_raw[58]",-0.00242220351298264,0.00952894338119591,1.01105098229317,-1.95993948431102,-0.677427885064513,0.0115688963318354,0.661828857318364,1.96673915183461,11257.8800739949,0.999686486053465
"L_raw[59]",0.0119129411031374,0.00878155982987473,0.995102488938175,-1.96009855347533,-0.667721014704833,0.0208398742326002,0.684885462507189,1.96229820446703,12840.8063300927,1.00015945056397
"L_raw[60]",0.00817343464698033,0.00923354912627199,1.01438292060021,-1.94926689932985,-0.666820783027036,0.00585437677220191,0.678731137505757,2.01721774063969,12068.8677475618,0.999885957315506
"L_raw[61]",-0.0149397231431197,0.00927715634558342,0.988381130617979,-1.98431279657431,-0.691992113617488,-0.00942026798455521,0.670100823187738,1.89719180106126,11350.6083781207,1.00012124220086
"L_raw[62]",0.00404974383937217,0.00995339367697417,1.0156019928846,-1.96477142177031,-0.685505090423213,-0.00764012434030197,0.714731082610599,1.95743615086119,10411.2943602637,0.999698471801839
"L_raw[63]",-0.00265008903209319,0.00908505871063213,1.00498995686958,-1.96529026442399,-0.678765639267557,-0.00963390830995109,0.679320391024766,1.96394334521402,12236.8029635779,0.999487332083116
"L_raw[64]",0.00375663275319481,0.00908317732577055,0.988844172382866,-1.93733710798662,-0.662828572103928,0.0157593777578081,0.681518820521681,1.92288125767409,11851.6858533229,0.999593217995343
"L_raw[65]",-0.00222919475414765,0.00932096877552807,1.00055162967412,-1.95124512384538,-0.674298991632668,-0.00278999475576397,0.676098993352515,1.92791012286027,11522.7702080883,0.999839495391144
"L_raw[66]",-0.0146691097809053,0.00906919071328829,1.01224014398468,-2.01629007370299,-0.698502818436658,-0.00124413803105908,0.657653371785611,1.93550161779472,12457.4755748669,0.999712911292169
"L_raw[67]",-0.0157135787362366,0.00921997319584356,0.974557091862162,-1.93874729988109,-0.669723001975471,-0.0225290122704365,0.643748597644665,1.90879880111252,11172.6258530856,0.999491277313574
"L_raw[68]",-0.0120660660942761,0.00900337617977425,0.997541873654495,-1.923334391031,-0.68558783849124,-0.0121968111051066,0.661061729481177,1.93131413099176,12275.8473006684,0.999556492116879
"L_raw[69]",-0.00706948677742406,0.0104029268523306,1.01737620913233,-1.96275593656157,-0.710189655859968,-0.0174581530836782,0.684412938144645,1.9642326095719,9564.2752401433,0.999714567926844
"L_raw[70]",-0.0130739082003676,0.00962541779399937,1.00565624804788,-1.99823752542059,-0.673709060589097,-0.022006118716687,0.665685516834881,1.92152376274918,10915.9096859745,1.0000758223728
"L_raw[71]",-0.0229315090033322,0.00960904104509707,1.01526861425362,-2.00022561632694,-0.712319878543661,-0.0214534395507562,0.671339068393396,1.91555311181394,11163.5372150827,1.00051099137585
"L_raw[72]",-0.00607168709624069,0.00897117877010921,0.992822162742443,-1.96816813002142,-0.661743534755788,-0.0190825213750598,0.648184962394006,1.95266131770449,12247.4000711256,0.99953903803599
"L_raw[73]",0.0116678108278183,0.00956320287557377,1.00861776143518,-1.96182217376133,-0.683761346098987,0.0130516309561803,0.684935421285781,2.00708228203692,11123.6287320284,0.999630377299783
"L_raw[74]",0.000591047460644497,0.00934137352731618,1.00294394515941,-1.933387390676,-0.699627373623924,0.00292608539360301,0.698827484507864,1.92236382700216,11527.4127867887,0.999653641565538
"L_raw[75]",-0.000965126003012112,0.00972966835183837,1.00439462875804,-2.00158704655197,-0.664830995866974,0.00133956042524923,0.680994409738003,1.98260231132367,10656.4533726651,0.999551018156172
"L_raw[76]",0.00287836197044385,0.00936234336654845,1.00882182864648,-1.93023149234655,-0.699881480511153,0.0026523092329731,0.687629611943555,1.9713125553319,11610.737640911,0.999958241565794
"tau_bar[1]",2.96142700905322,0.00878954306246508,0.756019632011994,1.78518957038072,2.42477024838376,2.86469551991565,3.38942818367432,4.6753926026652,7398.32746288647,1.00003643808594
"mu_E[1,1]",1.74479115233929,0.0128510202433349,0.826825108936523,0.119556097035025,1.30840740406837,1.72294486665616,2.1626763400827,3.51830277913033,4139.54013938968,0.999834183154844
"phi_E",0.108525948754245,0.00512502915201383,0.419385009623376,-0.728847852724924,-0.195094457594176,0.122411382450564,0.43906089559409,0.823224660221941,6696.272614504,0.999817228620026
"omega_E[1,1]",0.741510763827041,0.0130873522659223,0.837138312124137,-0.980587995647551,0.309931837524179,0.744750077448977,1.18131190338811,2.41977469842052,4091.57815954809,0.999934497821413
"omega_E[2,1]",-0.0137292380223922,0.0129739975004418,0.829047741516828,-1.78079771826319,-0.415393908828249,-0.00125742465420946,0.410640994961136,1.63093026366635,4083.30162210499,0.99989389450046
"omega_E[3,1]",-0.964554852670826,0.0135968022720005,0.866329116820608,-2.98520296416648,-1.39049152724232,-0.891560972484163,-0.460372853764474,0.583604916374488,4059.684262409,0.9997715845359
"omega_E_0[1,1]",0.741510763827041,0.0130873522659223,0.837138312124137,-0.980587995647551,0.309931837524179,0.744750077448977,1.18131190338811,2.41977469842052,4091.57815954809,0.999934497821413
"lambda_E_S[1,1,1]",12.5811673167722,0.0459309118408777,3.94906980104424,6.69200181645495,9.77064731670528,11.9951515067822,14.6561247735551,22.0158440980376,7392.29833406666,0.999643885951344
"lambda_E_S[1,2,1]",12.5811673167722,0.0459309118408777,3.94906980104424,6.69200181645495,9.77064731670528,11.9951515067822,14.6561247735551,22.0158440980376,7392.29833406666,0.999643885951344
"lambda_E_S[1,3,1]",12.5811673167722,0.0459309118408777,3.94906980104424,6.69200181645495,9.77064731670528,11.9951515067822,14.6561247735551,22.0158440980376,7392.29833406666,0.999643885951344
"lambda_E_S[1,4,1]",12.5811673167722,0.0459309118408777,3.94906980104424,6.69200181645495,9.77064731670528,11.9951515067822,14.6561247735551,22.0158440980376,7392.29833406666,0.999643885951344
"lambda_E_S[1,5,1]",12.5811673167722,0.0459309118408777,3.94906980104424,6.69200181645495,9.77064731670528,11.9951515067822,14.6561247735551,22.0158440980376,7392.29833406666,0.999643885951344
"lambda_E_S[1,6,1]",33.8298329094295,0.153841900457389,12.4428958713197,16.0989064247693,25.0183309881514,31.9700122647764,40.0088354963322,63.7865038242132,6541.7457509675,0.999682513913943
"lambda_E_S[1,7,1]",33.8298329094295,0.153841900457389,12.4428958713197,16.0989064247693,25.0183309881514,31.9700122647764,40.0088354963322,63.7865038242132,6541.7457509675,0.999682513913943
"lambda_E_S[1,8,1]",12.5811673167722,0.0459309118408777,3.94906980104424,6.69200181645495,9.77064731670528,11.9951515067822,14.6561247735551,22.0158440980376,7392.29833406666,0.999643885951344
"lambda_E_S[1,9,1]",12.5811673167722,0.0459309118408777,3.94906980104424,6.69200181645495,9.77064731670528,11.9951515067822,14.6561247735551,22.0158440980376,7392.29833406666,0.999643885951344
"lambda_E_S[1,10,1]",12.5811673167722,0.0459309118408777,3.94906980104424,6.69200181645495,9.77064731670528,11.9951515067822,14.6561247735551,22.0158440980376,7392.29833406666,0.999643885951344
"lambda_E_S[1,11,1]",12.5811673167722,0.0459309118408777,3.94906980104424,6.69200181645495,9.77064731670528,11.9951515067822,14.6561247735551,22.0158440980376,7392.29833406666,0.999643885951344
"lambda_E_S[1,12,1]",12.5811673167722,0.0459309118408777,3.94906980104424,6.69200181645495,9.77064731670528,11.9951515067822,14.6561247735551,22.0158440980376,7392.29833406666,0.999643885951344
"lambda_E_S[1,13,1]",33.8298329094295,0.153841900457389,12.4428958713197,16.0989064247693,25.0183309881514,31.9700122647764,40.0088354963322,63.7865038242132,6541.7457509675,0.999682513913943
"lambda_E_S[1,14,1]",33.8298329094295,0.153841900457389,12.4428958713197,16.0989064247693,25.0183309881514,31.9700122647764,40.0088354963322,63.7865038242132,6541.7457509675,0.999682513913943
"lambda_E_S[1,15,1]",12.5811673167722,0.0459309118408777,3.94906980104424,6.69200181645495,9.77064731670528,11.9951515067822,14.6561247735551,22.0158440980376,7392.29833406666,0.999643885951344
"lambda_E_S[1,16,1]",5.83092539634982,0.0175370986323912,1.50850810543326,3.44452338540095,4.76694273125496,5.65011271600574,6.6661305614898,9.34802406732373,7399.11550490553,0.999608789350695
"lambda_E_S[1,17,1]",5.83092539634982,0.0175370986323912,1.50850810543326,3.44452338540095,4.76694273125496,5.65011271600574,6.6661305614898,9.34802406732373,7399.11550490553,0.999608789350695
"lambda_E_S[1,18,1]",5.83092539634982,0.0175370986323912,1.50850810543326,3.44452338540095,4.76694273125496,5.65011271600574,6.6661305614898,9.34802406732373,7399.11550490553,0.999608789350695
"lambda_E_S[1,19,1]",5.83092539634982,0.0175370986323912,1.50850810543326,3.44452338540095,4.76694273125496,5.65011271600574,6.6661305614898,9.34802406732373,7399.11550490553,0.999608789350695
"lambda_E_S[1,20,1]",15.6163985968792,0.0566149996548162,4.79306147535391,8.31975420251718,12.284102596816,14.8884323699981,18.1671487557738,26.98076502689,7167.42208396069,0.999574316802389
"lambda_E_S[1,21,1]",15.6163985968792,0.0566149996548162,4.79306147535391,8.31975420251718,12.284102596816,14.8884323699981,18.1671487557738,26.98076502689,7167.42208396069,0.999574316802389
"lambda_E_S[1,22,1]",5.83092539634982,0.0175370986323912,1.50850810543326,3.44452338540095,4.76694273125496,5.65011271600574,6.6661305614898,9.34802406732373,7399.11550490553,0.999608789350695
"lambda_E_S[1,23,1]",5.83092539634982,0.0175370986323912,1.50850810543326,3.44452338540095,4.76694273125496,5.65011271600574,6.6661305614898,9.34802406732373,7399.11550490553,0.999608789350695
"lambda_E_S[1,24,1]",5.83092539634982,0.0175370986323912,1.50850810543326,3.44452338540095,4.76694273125496,5.65011271600574,6.6661305614898,9.34802406732373,7399.11550490553,0.999608789350695
"lambda_E_S[1,25,1]",5.83092539634982,0.0175370986323912,1.50850810543326,3.44452338540095,4.76694273125496,5.65011271600574,6.6661305614898,9.34802406732373,7399.11550490553,0.999608789350695
"lambda_E_S[1,26,1]",5.83092539634982,0.0175370986323912,1.50850810543326,3.44452338540095,4.76694273125496,5.65011271600574,6.6661305614898,9.34802406732373,7399.11550490553,0.999608789350695
"lambda_E_S[1,27,1]",15.6163985968792,0.0566149996548162,4.79306147535391,8.31975420251718,12.284102596816,14.8884323699981,18.1671487557738,26.98076502689,7167.42208396069,0.999574316802389
"lambda_E_S[1,28,1]",15.6163985968792,0.0566149996548162,4.79306147535391,8.31975420251718,12.284102596816,14.8884323699981,18.1671487557738,26.98076502689,7167.42208396069,0.999574316802389
"lambda_E_S[1,29,1]",5.83092539634982,0.0175370986323912,1.50850810543326,3.44452338540095,4.76694273125496,5.65011271600574,6.6661305614898,9.34802406732373,7399.11550490553,0.999608789350695
"lambda_E_S[1,30,1]",5.83092539634982,0.0175370986323912,1.50850810543326,3.44452338540095,4.76694273125496,5.65011271600574,6.6661305614898,9.34802406732373,7399.11550490553,0.999608789350695
"lambda_E_S[1,31,1]",5.83092539634982,0.0175370986323912,1.50850810543326,3.44452338540095,4.76694273125496,5.65011271600574,6.6661305614898,9.34802406732373,7399.11550490553,0.999608789350695
"lambda_E_S[1,32,1]",5.83092539634982,0.0175370986323912,1.50850810543326,3.44452338540095,4.76694273125496,5.65011271600574,6.6661305614898,9.34802406732373,7399.11550490553,0.999608789350695
"lambda_E_S[1,33,1]",5.83092539634982,0.0175370986323912,1.50850810543326,3.44452338540095,4.76694273125496,5.65011271600574,6.6661305614898,9.34802406732373,7399.11550490553,0.999608789350695
"lambda_E_S[1,34,1]",15.6163985968792,0.0566149996548162,4.79306147535391,8.31975420251718,12.284102596816,14.8884323699981,18.1671487557738,26.98076502689,7167.42208396069,0.999574316802389
"lambda_E_S[1,35,1]",15.6163985968792,0.0566149996548162,4.79306147535391,8.31975420251718,12.284102596816,14.8884323699981,18.1671487557738,26.98076502689,7167.42208396069,0.999574316802389
"lambda_E_S[1,36,1]",5.83092539634982,0.0175370986323912,1.50850810543326,3.44452338540095,4.76694273125496,5.65011271600574,6.6661305614898,9.34802406732373,7399.11550490553,0.999608789350695
"lambda_E_S[1,37,1]",5.83092539634982,0.0175370986323912,1.50850810543326,3.44452338540095,4.76694273125496,5.65011271600574,6.6661305614898,9.34802406732373,7399.11550490553,0.999608789350695
"lambda_E_S[1,38,1]",5.83092539634982,0.0175370986323912,1.50850810543326,3.44452338540095,4.76694273125496,5.65011271600574,6.6661305614898,9.34802406732373,7399.11550490553,0.999608789350695
"lambda_E_S[1,39,1]",5.83092539634982,0.0175370986323912,1.50850810543326,3.44452338540095,4.76694273125496,5.65011271600574,6.6661305614898,9.34802406732373,7399.11550490553,0.999608789350695
"lambda_E_S[1,40,1]",5.83092539634982,0.0175370986323912,1.50850810543326,3.44452338540095,4.76694273125496,5.65011271600574,6.6661305614898,9.34802406732373,7399.11550490553,0.999608789350695
"lambda_E_S[1,41,1]",15.6163985968792,0.0566149996548162,4.79306147535391,8.31975420251718,12.284102596816,14.8884323699981,18.1671487557738,26.98076502689,7167.42208396069,0.999574316802389
"lambda_E_S[1,42,1]",15.6163985968792,0.0566149996548162,4.79306147535391,8.31975420251718,12.284102596816,14.8884323699981,18.1671487557738,26.98076502689,7167.42208396069,0.999574316802389
"lambda_E_S[1,43,1]",5.83092539634982,0.0175370986323912,1.50850810543326,3.44452338540095,4.76694273125496,5.65011271600574,6.6661305614898,9.34802406732373,7399.11550490553,0.999608789350695
"lambda_E_S[1,44,1]",5.83092539634982,0.0175370986323912,1.50850810543326,3.44452338540095,4.76694273125496,5.65011271600574,6.6661305614898,9.34802406732373,7399.11550490553,0.999608789350695
"lambda_E_S[1,45,1]",5.83092539634982,0.0175370986323912,1.50850810543326,3.44452338540095,4.76694273125496,5.65011271600574,6.6661305614898,9.34802406732373,7399.11550490553,0.999608789350695
"lambda_E_S[1,46,1]",5.83092539634982,0.0175370986323912,1.50850810543326,3.44452338540095,4.76694273125496,5.65011271600574,6.6661305614898,9.34802406732373,7399.11550490553,0.999608789350695
"lambda_E_S[1,47,1]",2.37639817551665,0.0159262438388766,1.03618598719594,0.968220635676704,1.66342643853188,2.18056521228434,2.86172706790393,4.96960896846295,4233.00428639546,1.00004738181439
"lambda_E_S[1,48,1]",6.42626270936793,0.0451908075730349,3.15068330307343,2.34767785209468,4.25435594676339,5.72477727521966,7.86724672573184,14.2796808767876,4860.81730280885,0.999921407727626
"lambda_E_S[1,49,1]",6.42626270936793,0.0451908075730349,3.15068330307343,2.34767785209468,4.25435594676339,5.72477727521966,7.86724672573184,14.2796808767876,4860.81730280885,0.999921407727626
"lambda_E_S[1,50,1]",2.37639817551665,0.0159262438388766,1.03618598719594,0.968220635676704,1.66342643853188,2.18056521228434,2.86172706790393,4.96960896846295,4233.00428639546,1.00004738181439
"lambda_E_S[1,51,1]",2.37639817551665,0.0159262438388766,1.03618598719594,0.968220635676704,1.66342643853188,2.18056521228434,2.86172706790393,4.96960896846295,4233.00428639546,1.00004738181439
"lambda_E_S[1,52,1]",2.37639817551665,0.0159262438388766,1.03618598719594,0.968220635676704,1.66342643853188,2.18056521228434,2.86172706790393,4.96960896846295,4233.00428639546,1.00004738181439
"lambda_E_S[1,53,1]",2.37639817551665,0.0159262438388766,1.03618598719594,0.968220635676704,1.66342643853188,2.18056521228434,2.86172706790393,4.96960896846295,4233.00428639546,1.00004738181439
"lambda_E_S[1,54,1]",2.37639817551665,0.0159262438388766,1.03618598719594,0.968220635676704,1.66342643853188,2.18056521228434,2.86172706790393,4.96960896846295,4233.00428639546,1.00004738181439
"lambda_E_S[1,55,1]",6.42626270936793,0.0451908075730349,3.15068330307343,2.34767785209468,4.25435594676339,5.72477727521966,7.86724672573184,14.2796808767876,4860.81730280885,0.999921407727626
"lambda_E_S[1,56,1]",6.42626270936793,0.0451908075730349,3.15068330307343,2.34767785209468,4.25435594676339,5.72477727521966,7.86724672573184,14.2796808767876,4860.81730280885,0.999921407727626
"lambda_E_S[1,57,1]",10.3415003976958,0.214246405325399,14.8043964046749,0.69535389900401,2.80408604488411,5.84319072975765,12.0689228070551,46.6737065699612,4774.79051732441,1.00015569928261
"lambda_E_S[1,58,1]",2.37639817551665,0.0159262438388766,1.03618598719594,0.968220635676704,1.66342643853188,2.18056521228434,2.86172706790393,4.96960896846295,4233.00428639546,1.00004738181439
"lambda_E_S[1,59,1]",2.37639817551665,0.0159262438388766,1.03618598719594,0.968220635676704,1.66342643853188,2.18056521228434,2.86172706790393,4.96960896846295,4233.00428639546,1.00004738181439
"lambda_E_S[1,60,1]",2.37639817551665,0.0159262438388766,1.03618598719594,0.968220635676704,1.66342643853188,2.18056521228434,2.86172706790393,4.96960896846295,4233.00428639546,1.00004738181439
"lambda_E_S[1,61,1]",2.37639817551665,0.0159262438388766,1.03618598719594,0.968220635676704,1.66342643853188,2.18056521228434,2.86172706790393,4.96960896846295,4233.00428639546,1.00004738181439
"lambda_E_S[1,62,1]",6.42626270936793,0.0451908075730349,3.15068330307343,2.34767785209468,4.25435594676339,5.72477727521966,7.86724672573184,14.2796808767876,4860.81730280885,0.999921407727626
"lambda_E_S[1,63,1]",6.42626270936793,0.0451908075730349,3.15068330307343,2.34767785209468,4.25435594676339,5.72477727521966,7.86724672573184,14.2796808767876,4860.81730280885,0.999921407727626
"lambda_E_S[1,64,1]",2.37639817551665,0.0159262438388766,1.03618598719594,0.968220635676704,1.66342643853188,2.18056521228434,2.86172706790393,4.96960896846295,4233.00428639546,1.00004738181439
"lambda_E_S[1,65,1]",2.37639817551665,0.0159262438388766,1.03618598719594,0.968220635676704,1.66342643853188,2.18056521228434,2.86172706790393,4.96960896846295,4233.00428639546,1.00004738181439
"lambda_E_S[1,66,1]",2.37639817551665,0.0159262438388766,1.03618598719594,0.968220635676704,1.66342643853188,2.18056521228434,2.86172706790393,4.96960896846295,4233.00428639546,1.00004738181439
"lambda_E_S[1,67,1]",2.37639817551665,0.0159262438388766,1.03618598719594,0.968220635676704,1.66342643853188,2.18056521228434,2.86172706790393,4.96960896846295,4233.00428639546,1.00004738181439
"lambda_E_S[1,68,1]",2.37639817551665,0.0159262438388766,1.03618598719594,0.968220635676704,1.66342643853188,2.18056521228434,2.86172706790393,4.96960896846295,4233.00428639546,1.00004738181439
"lambda_E_S[1,69,1]",6.42626270936793,0.0451908075730349,3.15068330307343,2.34767785209468,4.25435594676339,5.72477727521966,7.86724672573184,14.2796808767876,4860.81730280885,0.999921407727626
"lambda_E_S[1,70,1]",6.42626270936793,0.0451908075730349,3.15068330307343,2.34767785209468,4.25435594676339,5.72477727521966,7.86724672573184,14.2796808767876,4860.81730280885,0.999921407727626
"lambda_E_S[1,71,1]",2.37639817551665,0.0159262438388766,1.03618598719594,0.968220635676704,1.66342643853188,2.18056521228434,2.86172706790393,4.96960896846295,4233.00428639546,1.00004738181439
"lambda_E_S[1,72,1]",2.37639817551665,0.0159262438388766,1.03618598719594,0.968220635676704,1.66342643853188,2.18056521228434,2.86172706790393,4.96960896846295,4233.00428639546,1.00004738181439
"lambda_E_S[1,73,1]",2.37639817551665,0.0159262438388766,1.03618598719594,0.968220635676704,1.66342643853188,2.18056521228434,2.86172706790393,4.96960896846295,4233.00428639546,1.00004738181439
"lambda_E_S[1,74,1]",10.3415003976958,0.214246405325399,14.8043964046749,0.69535389900401,2.80408604488411,5.84319072975765,12.0689228070551,46.6737065699612,4774.79051732441,1.00015569928261
"lambda_E_S[1,75,1]",10.3415003976958,0.214246405325399,14.8043964046749,0.69535389900401,2.80408604488411,5.84319072975765,12.0689228070551,46.6737065699612,4774.79051732441,1.00015569928261
"lambda_E_S[1,76,1]",6.42626270936793,0.0451908075730349,3.15068330307343,2.34767785209468,4.25435594676339,5.72477727521966,7.86724672573184,14.2796808767876,4860.81730280885,0.999921407727626
"r_E",1.72176615283292,0.0132555658007533,0.933725871999851,0.676779283938028,1.11580588243329,1.49794861873733,2.06410915923423,4.09789259719823,4961.8341670594,0.999894790820494
"r_OSP",2.47136220454239,0.0135992129771403,1.14485289339877,0.937142316476362,1.6725596151744,2.24310485877691,3.01666858237281,5.29425005049303,7087.15321138028,0.999716308609334
"mu_C[1,1]",0.694611592798311,0.009749066875476,0.668130148740691,-0.829989735562182,0.391332480269069,0.737496490023881,1.04281415053807,1.90938723968854,4696.73481147875,1.00056297084626
"phi_C",0.0531849817008783,0.00457988376759887,0.43192985399871,-0.753644243693309,-0.281956950253383,0.0616371428022283,0.39480005234427,0.814706965437279,8894.41793836384,0.999640317027589
"r_C",0.720172006231483,0.00377961417963898,0.337013116194351,0.276055982394033,0.486229407902718,0.656097702999325,0.882453625354553,1.53251798505836,7950.57736085986,0.999560528014432
"omega_C[1,1]",-0.131386476449116,0.00921296444823322,0.687560864899451,-1.70586975756677,-0.376790194876177,-0.0465652525765206,0.121068713918772,1.26955796350263,5569.59361286141,0.999684084303637
"omega_C[2,1]",0.12858147291484,0.00918692707787148,0.629923892658185,-1.01370242581374,-0.117887147087876,0.0396284137193235,0.324100087895128,1.67566348543003,4701.49116308364,0.999845037864375
"omega_C[3,1]",0.189258749473548,0.00939235396074586,0.676965925617285,-0.906142578099368,-0.103060759794246,0.0557264989242699,0.39470225690774,1.93090682080519,5194.99001099724,0.999788536154667
"omega_C_0[1,1]",-0.131386476449116,0.00921296444823322,0.687560864899451,-1.70586975756677,-0.376790194876177,-0.0465652525765206,0.121068713918772,1.26955796350263,5569.59361286141,0.999684084303637
"lambda_C_S[1,1,1]",2.1833866409779,0.0269652931335302,1.98080004497358,0.39862274831475,1.19404208271684,1.86127673878044,2.67031245949147,6.1483470313018,5395.98809548529,0.999914811003372
"lambda_C_S[1,2,1]",2.1833866409779,0.0269652931335302,1.98080004497358,0.39862274831475,1.19404208271684,1.86127673878044,2.67031245949147,6.1483470313018,5395.98809548529,0.999914811003372
"lambda_C_S[1,3,1]",2.1833866409779,0.0269652931335302,1.98080004497358,0.39862274831475,1.19404208271684,1.86127673878044,2.67031245949147,6.1483470313018,5395.98809548529,0.999914811003372
"lambda_C_S[1,4,1]",2.1833866409779,0.0269652931335302,1.98080004497358,0.39862274831475,1.19404208271684,1.86127673878044,2.67031245949147,6.1483470313018,5395.98809548529,0.999914811003372
"lambda_C_S[1,5,1]",2.1833866409779,0.0269652931335302,1.98080004497358,0.39862274831475,1.19404208271684,1.86127673878044,2.67031245949147,6.1483470313018,5395.98809548529,0.999914811003372
"lambda_C_S[1,6,1]",2.52288866662221,0.0461550534758044,3.08533769371048,0.486820966330218,1.2062061488697,1.90619487155818,2.95380150185464,8.42608565252385,4468.55279115686,1.00009508569308
"lambda_C_S[1,7,1]",2.52288866662221,0.0461550534758044,3.08533769371048,0.486820966330218,1.2062061488697,1.90619487155818,2.95380150185464,8.42608565252385,4468.55279115686,1.00009508569308
"lambda_C_S[1,8,1]",2.1833866409779,0.0269652931335302,1.98080004497358,0.39862274831475,1.19404208271684,1.86127673878044,2.67031245949147,6.1483470313018,5395.98809548529,0.999914811003372
"lambda_C_S[1,9,1]",2.1833866409779,0.0269652931335302,1.98080004497358,0.39862274831475,1.19404208271684,1.86127673878044,2.67031245949147,6.1483470313018,5395.98809548529,0.999914811003372
"lambda_C_S[1,10,1]",2.1833866409779,0.0269652931335302,1.98080004497358,0.39862274831475,1.19404208271684,1.86127673878044,2.67031245949147,6.1483470313018,5395.98809548529,0.999914811003372
"lambda_C_S[1,11,1]",2.1833866409779,0.0269652931335302,1.98080004497358,0.39862274831475,1.19404208271684,1.86127673878044,2.67031245949147,6.1483470313018,5395.98809548529,0.999914811003372
"lambda_C_S[1,12,1]",2.1833866409779,0.0269652931335302,1.98080004497358,0.39862274831475,1.19404208271684,1.86127673878044,2.67031245949147,6.1483470313018,5395.98809548529,0.999914811003372
"lambda_C_S[1,13,1]",2.52288866662221,0.0461550534758044,3.08533769371048,0.486820966330218,1.2062061488697,1.90619487155818,2.95380150185464,8.42608565252385,4468.55279115686,1.00009508569308
"lambda_C_S[1,14,1]",2.52288866662221,0.0461550534758044,3.08533769371048,0.486820966330218,1.2062061488697,1.90619487155818,2.95380150185464,8.42608565252385,4468.55279115686,1.00009508569308
"lambda_C_S[1,15,1]",2.1833866409779,0.0269652931335302,1.98080004497358,0.39862274831475,1.19404208271684,1.86127673878044,2.67031245949147,6.1483470313018,5395.98809548529,0.999914811003372
"lambda_C_S[1,16,1]",2.47324642716131,0.0148929108203155,1.13415970782265,1.12020778569628,1.75964674989593,2.23032205475825,2.89331988517404,5.26519082158123,5799.48261746111,1.00069833159406
"lambda_C_S[1,17,1]",2.47324642716131,0.0148929108203155,1.13415970782265,1.12020778569628,1.75964674989593,2.23032205475825,2.89331988517404,5.26519082158123,5799.48261746111,1.00069833159406
"lambda_C_S[1,18,1]",2.47324642716131,0.0148929108203155,1.13415970782265,1.12020778569628,1.75964674989593,2.23032205475825,2.89331988517404,5.26519082158123,5799.48261746111,1.00069833159406
"lambda_C_S[1,19,1]",2.47324642716131,0.0148929108203155,1.13415970782265,1.12020778569628,1.75964674989593,2.23032205475825,2.89331988517404,5.26519082158123,5799.48261746111,1.00069833159406
"lambda_C_S[1,20,1]",2.96901313126123,0.0353410117495712,2.54127855108453,0.890795274359638,1.70902390938131,2.39112310786609,3.48690993310473,8.38588779991746,5170.66718689551,1.00032849748947
"lambda_C_S[1,21,1]",2.96901313126123,0.0353410117495712,2.54127855108453,0.890795274359638,1.70902390938131,2.39112310786609,3.48690993310473,8.38588779991746,5170.66718689551,1.00032849748947
"lambda_C_S[1,22,1]",2.47324642716131,0.0148929108203155,1.13415970782265,1.12020778569628,1.75964674989593,2.23032205475825,2.89331988517404,5.26519082158123,5799.48261746111,1.00069833159406
"lambda_C_S[1,23,1]",2.47324642716131,0.0148929108203155,1.13415970782265,1.12020778569628,1.75964674989593,2.23032205475825,2.89331988517404,5.26519082158123,5799.48261746111,1.00069833159406
"lambda_C_S[1,24,1]",2.47324642716131,0.0148929108203155,1.13415970782265,1.12020778569628,1.75964674989593,2.23032205475825,2.89331988517404,5.26519082158123,5799.48261746111,1.00069833159406
"lambda_C_S[1,25,1]",2.47324642716131,0.0148929108203155,1.13415970782265,1.12020778569628,1.75964674989593,2.23032205475825,2.89331988517404,5.26519082158123,5799.48261746111,1.00069833159406
"lambda_C_S[1,26,1]",2.47324642716131,0.0148929108203155,1.13415970782265,1.12020778569628,1.75964674989593,2.23032205475825,2.89331988517404,5.26519082158123,5799.48261746111,1.00069833159406
"lambda_C_S[1,27,1]",2.96901313126123,0.0353410117495712,2.54127855108453,0.890795274359638,1.70902390938131,2.39112310786609,3.48690993310473,8.38588779991746,5170.66718689551,1.00032849748947
"lambda_C_S[1,28,1]",2.96901313126123,0.0353410117495712,2.54127855108453,0.890795274359638,1.70902390938131,2.39112310786609,3.48690993310473,8.38588779991746,5170.66718689551,1.00032849748947
"lambda_C_S[1,29,1]",2.47324642716131,0.0148929108203155,1.13415970782265,1.12020778569628,1.75964674989593,2.23032205475825,2.89331988517404,5.26519082158123,5799.48261746111,1.00069833159406
"lambda_C_S[1,30,1]",2.47324642716131,0.0148929108203155,1.13415970782265,1.12020778569628,1.75964674989593,2.23032205475825,2.89331988517404,5.26519082158123,5799.48261746111,1.00069833159406
"lambda_C_S[1,31,1]",2.47324642716131,0.0148929108203155,1.13415970782265,1.12020778569628,1.75964674989593,2.23032205475825,2.89331988517404,5.26519082158123,5799.48261746111,1.00069833159406
"lambda_C_S[1,32,1]",2.47324642716131,0.0148929108203155,1.13415970782265,1.12020778569628,1.75964674989593,2.23032205475825,2.89331988517404,5.26519082158123,5799.48261746111,1.00069833159406
"lambda_C_S[1,33,1]",2.47324642716131,0.0148929108203155,1.13415970782265,1.12020778569628,1.75964674989593,2.23032205475825,2.89331988517404,5.26519082158123,5799.48261746111,1.00069833159406
"lambda_C_S[1,34,1]",2.96901313126123,0.0353410117495712,2.54127855108453,0.890795274359638,1.70902390938131,2.39112310786609,3.48690993310473,8.38588779991746,5170.66718689551,1.00032849748947
"lambda_C_S[1,35,1]",2.96901313126123,0.0353410117495712,2.54127855108453,0.890795274359638,1.70902390938131,2.39112310786609,3.48690993310473,8.38588779991746,5170.66718689551,1.00032849748947
"lambda_C_S[1,36,1]",2.47324642716131,0.0148929108203155,1.13415970782265,1.12020778569628,1.75964674989593,2.23032205475825,2.89331988517404,5.26519082158123,5799.48261746111,1.00069833159406
"lambda_C_S[1,37,1]",2.47324642716131,0.0148929108203155,1.13415970782265,1.12020778569628,1.75964674989593,2.23032205475825,2.89331988517404,5.26519082158123,5799.48261746111,1.00069833159406
"lambda_C_S[1,38,1]",2.47324642716131,0.0148929108203155,1.13415970782265,1.12020778569628,1.75964674989593,2.23032205475825,2.89331988517404,5.26519082158123,5799.48261746111,1.00069833159406
"lambda_C_S[1,39,1]",2.47324642716131,0.0148929108203155,1.13415970782265,1.12020778569628,1.75964674989593,2.23032205475825,2.89331988517404,5.26519082158123,5799.48261746111,1.00069833159406
"lambda_C_S[1,40,1]",2.47324642716131,0.0148929108203155,1.13415970782265,1.12020778569628,1.75964674989593,2.23032205475825,2.89331988517404,5.26519082158123,5799.48261746111,1.00069833159406
"lambda_C_S[1,41,1]",2.96901313126123,0.0353410117495712,2.54127855108453,0.890795274359638,1.70902390938131,2.39112310786609,3.48690993310473,8.38588779991746,5170.66718689551,1.00032849748947
"lambda_C_S[1,42,1]",2.96901313126123,0.0353410117495712,2.54127855108453,0.890795274359638,1.70902390938131,2.39112310786609,3.48690993310473,8.38588779991746,5170.66718689551,1.00032849748947
"lambda_C_S[1,43,1]",2.47324642716131,0.0148929108203155,1.13415970782265,1.12020778569628,1.75964674989593,2.23032205475825,2.89331988517404,5.26519082158123,5799.48261746111,1.00069833159406
"lambda_C_S[1,44,1]",2.47324642716131,0.0148929108203155,1.13415970782265,1.12020778569628,1.75964674989593,2.23032205475825,2.89331988517404,5.26519082158123,5799.48261746111,1.00069833159406
"lambda_C_S[1,45,1]",2.47324642716131,0.0148929108203155,1.13415970782265,1.12020778569628,1.75964674989593,2.23032205475825,2.89331988517404,5.26519082158123,5799.48261746111,1.00069833159406
"lambda_C_S[1,46,1]",2.47324642716131,0.0148929108203155,1.13415970782265,1.12020778569628,1.75964674989593,2.23032205475825,2.89331988517404,5.26519082158123,5799.48261746111,1.00069833159406
"lambda_C_S[1,47,1]",2.84221594294567,0.0575441073494264,4.05864770486759,0.975161781186427,1.75519492093675,2.33540963587161,3.19224962048041,7.50045746405333,4974.63242690485,0.999849109742017
"lambda_C_S[1,48,1]",3.62695792454668,0.08757252569003,6.14567415412808,0.749555623268724,1.64380933108148,2.5298016197828,3.99405315919695,12.1978693544231,4924.96682390051,1.00001033371219
"lambda_C_S[1,49,1]",3.62695792454668,0.08757252569003,6.14567415412808,0.749555623268724,1.64380933108148,2.5298016197828,3.99405315919695,12.1978693544231,4924.96682390051,1.00001033371219
"lambda_C_S[1,50,1]",2.84221594294567,0.0575441073494264,4.05864770486759,0.975161781186427,1.75519492093675,2.33540963587161,3.19224962048041,7.50045746405333,4974.63242690485,0.999849109742017
"lambda_C_S[1,51,1]",2.84221594294567,0.0575441073494264,4.05864770486759,0.975161781186427,1.75519492093675,2.33540963587161,3.19224962048041,7.50045746405333,4974.63242690485,0.999849109742017
"lambda_C_S[1,52,1]",2.84221594294567,0.0575441073494264,4.05864770486759,0.975161781186427,1.75519492093675,2.33540963587161,3.19224962048041,7.50045746405333,4974.63242690485,0.999849109742017
"lambda_C_S[1,53,1]",2.84221594294567,0.0575441073494264,4.05864770486759,0.975161781186427,1.75519492093675,2.33540963587161,3.19224962048041,7.50045746405333,4974.63242690485,0.999849109742017
"lambda_C_S[1,54,1]",2.84221594294567,0.0575441073494264,4.05864770486759,0.975161781186427,1.75519492093675,2.33540963587161,3.19224962048041,7.50045746405333,4974.63242690485,0.999849109742017
"lambda_C_S[1,55,1]",3.62695792454668,0.08757252569003,6.14567415412808,0.749555623268724,1.64380933108148,2.5298016197828,3.99405315919695,12.1978693544231,4924.96682390051,1.00001033371219
"lambda_C_S[1,56,1]",3.62695792454668,0.08757252569003,6.14567415412808,0.749555623268724,1.64380933108148,2.5298016197828,3.99405315919695,12.1978693544231,4924.96682390051,1.00001033371219
"lambda_C_S[1,57,1]",5.85169706483005,0.250836258900396,17.6646738659788,0.26229961592579,1.1576407703451,2.5536278888088,5.8061872146987,30.5930270080457,4959.41690025254,1.00016812535556
"lambda_C_S[1,58,1]",2.84221594294567,0.0575441073494264,4.05864770486759,0.975161781186427,1.75519492093675,2.33540963587161,3.19224962048041,7.50045746405333,4974.63242690485,0.999849109742017
"lambda_C_S[1,59,1]",2.84221594294567,0.0575441073494264,4.05864770486759,0.975161781186427,1.75519492093675,2.33540963587161,3.19224962048041,7.50045746405333,4974.63242690485,0.999849109742017
"lambda_C_S[1,60,1]",2.84221594294567,0.0575441073494264,4.05864770486759,0.975161781186427,1.75519492093675,2.33540963587161,3.19224962048041,7.50045746405333,4974.63242690485,0.999849109742017
"lambda_C_S[1,61,1]",2.84221594294567,0.0575441073494264,4.05864770486759,0.975161781186427,1.75519492093675,2.33540963587161,3.19224962048041,7.50045746405333,4974.63242690485,0.999849109742017
"lambda_C_S[1,62,1]",3.62695792454668,0.08757252569003,6.14567415412808,0.749555623268724,1.64380933108148,2.5298016197828,3.99405315919695,12.1978693544231,4924.96682390051,1.00001033371219
"lambda_C_S[1,63,1]",3.62695792454668,0.08757252569003,6.14567415412808,0.749555623268724,1.64380933108148,2.5298016197828,3.99405315919695,12.1978693544231,4924.96682390051,1.00001033371219
"lambda_C_S[1,64,1]",2.84221594294567,0.0575441073494264,4.05864770486759,0.975161781186427,1.75519492093675,2.33540963587161,3.19224962048041,7.50045746405333,4974.63242690485,0.999849109742017
"lambda_C_S[1,65,1]",2.84221594294567,0.0575441073494264,4.05864770486759,0.975161781186427,1.75519492093675,2.33540963587161,3.19224962048041,7.50045746405333,4974.63242690485,0.999849109742017
"lambda_C_S[1,66,1]",2.84221594294567,0.0575441073494264,4.05864770486759,0.975161781186427,1.75519492093675,2.33540963587161,3.19224962048041,7.50045746405333,4974.63242690485,0.999849109742017
"lambda_C_S[1,67,1]",2.84221594294567,0.0575441073494264,4.05864770486759,0.975161781186427,1.75519492093675,2.33540963587161,3.19224962048041,7.50045746405333,4974.63242690485,0.999849109742017
"lambda_C_S[1,68,1]",2.84221594294567,0.0575441073494264,4.05864770486759,0.975161781186427,1.75519492093675,2.33540963587161,3.19224962048041,7.50045746405333,4974.63242690485,0.999849109742017
"lambda_C_S[1,69,1]",3.62695792454668,0.08757252569003,6.14567415412808,0.749555623268724,1.64380933108148,2.5298016197828,3.99405315919695,12.1978693544231,4924.96682390051,1.00001033371219
"lambda_C_S[1,70,1]",3.62695792454668,0.08757252569003,6.14567415412808,0.749555623268724,1.64380933108148,2.5298016197828,3.99405315919695,12.1978693544231,4924.96682390051,1.00001033371219
"lambda_C_S[1,71,1]",2.84221594294567,0.0575441073494264,4.05864770486759,0.975161781186427,1.75519492093675,2.33540963587161,3.19224962048041,7.50045746405333,4974.63242690485,0.999849109742017
"lambda_C_S[1,72,1]",2.84221594294567,0.0575441073494264,4.05864770486759,0.975161781186427,1.75519492093675,2.33540963587161,3.19224962048041,7.50045746405333,4974.63242690485,0.999849109742017
"lambda_C_S[1,73,1]",2.84221594294567,0.0575441073494264,4.05864770486759,0.975161781186427,1.75519492093675,2.33540963587161,3.19224962048041,7.50045746405333,4974.63242690485,0.999849109742017
"lambda_C_S[1,74,1]",5.85169706483005,0.250836258900396,17.6646738659788,0.26229961592579,1.1576407703451,2.5536278888088,5.8061872146987,30.5930270080457,4959.41690025254,1.00016812535556
"lambda_C_S[1,75,1]",5.85169706483005,0.250836258900396,17.6646738659788,0.26229961592579,1.1576407703451,2.5536278888088,5.8061872146987,30.5930270080457,4959.41690025254,1.00016812535556
"lambda_C_S[1,76,1]",3.62695792454668,0.08757252569003,6.14567415412808,0.749555623268724,1.64380933108148,2.5298016197828,3.99405315919695,12.1978693544231,4924.96682390051,1.00001033371219
"L[1]",3.00111986332174,0.00991895568621656,0.902797265324652,1.64675212901851,2.35697044582321,2.87759738343172,3.50470524213709,5.09678743650698,8284.161744832,0.999695368178191
"L[2]",3.00036063900815,0.0103897940864039,0.898460271865983,1.64390391879674,2.35635330672277,2.86513790513149,3.5069534063364,5.11808520770225,7477.97270443216,0.999835060645867
"L[3]",3.11052483654777,0.00990545860412198,0.899187682364656,1.72740635393748,2.47254764976138,3.00144928362386,3.59757465074887,5.20649000054982,8240.46128502211,1.00022256813671
"L[4]",2.97895465191565,0.00966348169426057,0.871375654215731,1.67257026977501,2.36263025019243,2.85684798963513,3.45972421556587,4.96920382105036,8130.99299700077,0.999703695730356
"L[5]",2.95501977402355,0.0101930403874192,0.880862285709375,1.63706539302791,2.33046957355207,2.82909847923844,3.44704544658045,4.98256802898562,7468.07278434672,0.999899487147682
"L[6]",3.10504829647861,0.010549915331484,0.910930849502058,1.68986195964371,2.46293546745676,2.98067610637954,3.59305664131477,5.30694916409525,7455.43300190526,0.999940736115226
"L[7]",3.12026754779473,0.00976383924493898,0.905768051521598,1.74862881709233,2.45833766240128,3.00422601714935,3.63088197967492,5.20889556330353,8605.8298517022,0.999734106977989
"L[8]",3.00146094463727,0.0102704111028353,0.913602381892962,1.58407134607139,2.35599785822175,2.86567801227219,3.5016940646903,5.06954179958559,7912.95672578653,0.999854782737975
"L[9]",2.98962614126187,0.00969911450545381,0.880471958405141,1.6378830397451,2.37010771963561,2.87240852944665,3.47642806918419,4.97052560561539,8240.7527646277,1.0004055692937
"L[10]",2.98872566857286,0.00975689171360125,0.901134726945446,1.63707935035577,2.35619500378829,2.85769078067057,3.46417061080116,5.11100915175947,8530.1463575123,0.9999385972801
"L[11]",2.95049097710426,0.0096847454943975,0.863200821715294,1.63865373760788,2.33030706381393,2.82309614315073,3.42636897398077,4.96141204729254,7944.14688330676,0.999860379309395
"L[12]",2.92165295196124,0.00944377864436466,0.870683038286859,1.60354985373047,2.30127602567404,2.79807180221677,3.40269083340884,4.93985828193393,8500.18876444438,0.999795467983221
"L[13]",2.89199144654901,0.00978193731031288,0.858737598204385,1.57289558594301,2.27978040478683,2.76631185093121,3.37417936564402,4.9130775437296,7706.74883976239,0.999743006193677
"L[14]",2.94010986510113,0.0104001489427976,0.886266862918473,1.61641485495811,2.31253319404315,2.81740900113499,3.42211805157213,4.98944478800161,7261.89399708443,0.999934575893548
"L[15]",3.06323833523295,0.00982873788357068,0.900820919727114,1.69944538101064,2.42023319288186,2.92459045571224,3.57637232844274,5.16183541058712,8400.04127147199,1.00023247992945
"L[16]",3.00017051265044,0.00972114237474944,0.895570036179932,1.62032112056739,2.35529002590888,2.87549055152341,3.52566262177879,5.09155644031745,8487.20127409924,1.00011268347267
"L[17]",2.98484486096478,0.00969928367465671,0.868948087901501,1.6462019432006,2.35973461785768,2.87177690132995,3.47449162215269,4.9581786021994,8026.16975997618,0.999805156000435
"L[18]",3.00107178328126,0.0104207679445106,0.899841539975653,1.63506380397677,2.36187922799118,2.87970441159681,3.48346487116819,5.11446315797392,7456.45886004879,0.999935059127557
"L[19]",2.99796649935763,0.00994241156959426,0.898042565520434,1.62287083669753,2.36175304509654,2.87573308734188,3.49371005535887,5.05988617823667,8158.50097725901,0.999739821173313
"L[20]",3.14034108850621,0.00969854821685045,0.899292019569444,1.75445547664448,2.49868739211994,3.01568109027731,3.65131667854107,5.21894778213393,8597.81350046445,0.999618598705506
"L[21]",2.99079137307423,0.010247920478038,0.893151368384771,1.63164380644647,2.34678708867851,2.87081940413015,3.48637428499907,5.06094524193909,7595.88957328443,1.00033178534539
"L[22]",2.98923690829744,0.0101021419462464,0.895330345579684,1.62076573319624,2.35111531452691,2.87019219419748,3.48772342110311,5.08009345457345,7854.88218824328,1.00002657387053
"L[23]",3.00106566620441,0.010182760605595,0.891961683114257,1.61933259286374,2.3711863684051,2.8788595907577,3.48715251682227,5.14554175323054,7672.93164503339,1.00019865836502
"L[24]",2.97792895144209,0.0098203768773819,0.885534352342784,1.63835284656234,2.36069275027069,2.8406267509342,3.45445850493108,5.01922053987677,8131.19762592218,0.999976404992629
"L[25]",2.98972241157256,0.00978362887831626,0.892923195913787,1.62996759341371,2.3539072595221,2.85696234633588,3.47488869213859,5.11516433224674,8329.67907801906,1.00006419249036
"L[26]",2.94160587167929,0.00992659143408697,0.84421426312026,1.64004349470825,2.34367199456349,2.82833316778323,3.41394196470787,4.89256001283881,7232.77701707811,0.99973196289548
"L[27]",2.99588440517982,0.00994151345352635,0.900407859522899,1.63355146642486,2.37706937807174,2.8581215428966,3.48259490201622,5.10105909577368,8203.01574866709,1.00004247233982
"L[28]",2.94613908957317,0.0096390882014537,0.862473340317279,1.61144828590291,2.32638648292747,2.82898032360625,3.42182483266665,4.97438890533665,8006.07124790295,0.999811327107484
"L[29]",2.95419093482171,0.00987934137693185,0.869306607154938,1.64353517930493,2.33085888053369,2.82469539805185,3.45036157802893,5.00829357183194,7742.65620488591,0.999602555005695
"L[30]",2.9875261789995,0.00973316385521883,0.873379303312742,1.65473815337156,2.36519297440702,2.85108059768211,3.49182160843726,5.03011969426247,8051.88795532207,0.999858714634737
"L[31]",2.9938093187677,0.0101505856879281,0.899823352353681,1.63065501373346,2.34435300905708,2.86423842067115,3.47788465722291,5.07034178054511,7858.36716216845,0.999911882928529
"L[32]",2.99491614289848,0.00977934986871991,0.90288536052475,1.6011024311813,2.35225741670497,2.85894327748218,3.50639650120484,5.05685453111438,8524.03560461098,0.999584766506658
"L[33]",2.9901637809399,0.0101295874492701,0.878411428008892,1.644840212213,2.34732863851937,2.87008494686922,3.48894506520832,4.99052016602919,7519.90645833058,1.00052677150244
"L[34]",2.86099055188922,0.0101870897137471,0.867604236170938,1.57018448884848,2.25769176186991,2.73095384452233,3.33390611396862,4.81897276352064,7253.42401743052,1.00000860904907
"L[35]",2.99818540463793,0.0101221041469291,0.900525983234306,1.63970311358388,2.35945860985042,2.87841625795241,3.48858362379771,5.06546935927694,7914.99953093089,0.999747756121482
"L[36]",2.99574291417449,0.010265953206605,0.889211515819225,1.63918539571097,2.34999673653742,2.87437661376344,3.48795805776419,5.09960823486744,7502.59660400109,0.999748432273387
"L[37]",2.99679360803475,0.00998516817861267,0.892983871998502,1.62194858740102,2.34393862109752,2.87368774119083,3.48933443595279,5.11471359384201,7997.90907423222,0.99990110609011
"L[38]",3.00309345432187,0.0104487752268387,0.917927340034931,1.61123622079626,2.35792493628236,2.86715837451491,3.50189383377919,5.18269144050097,7717.66346829628,1.00024270466028
"L[39]",2.99874956590839,0.00979087296098611,0.89233129475382,1.66147319735472,2.36063958697329,2.87823147125883,3.48957050400831,5.04083542899884,8306.33452254328,1.00005522996439
"L[40]",2.98750596197293,0.0100832356288512,0.882309564545233,1.6371292220273,2.34780293816876,2.86797362589662,3.48313047704524,5.0178197818952,7656.70900920791,0.999982319399507
"L[41]",2.99889819928033,0.0100804224486763,0.880753579383039,1.65671374080048,2.38005216148065,2.88263017482679,3.49132503858604,4.99995246707237,7633.98615532045,1.00000052204868
"L[42]",2.99337380301287,0.00969818194738855,0.900028215808831,1.63202119946407,2.36864416365952,2.86929706328999,3.47710471794022,5.14215341028481,8612.54678723024,1.00003691408073
"L[43]",2.9953076576669,0.0101381936273701,0.893223762927633,1.6446377226088,2.36061511123093,2.86880084615173,3.48639042091547,5.12162296792932,7762.45997227364,1.00002438910525
"L[44]",2.9846563912578,0.00956485306900272,0.878492691574334,1.62978500472695,2.35929424651923,2.85210487653366,3.49094614537178,5.06730605380771,8435.67228676956,0.999976479119899
"L[45]",2.98493098658212,0.00996015095080769,0.883512594771614,1.6431229680163,2.35256974923847,2.85922038440965,3.47841967419781,5.04969344532446,7868.53079728634,1.00013815269586
"L[46]",2.98920151965535,0.00981858585296906,0.878785002468194,1.66269923906789,2.3586205681642,2.87353095464406,3.46455151538878,5.01387322403396,8010.64321667639,0.999682776100294
"L[47]",2.99907152232302,0.0101311978905221,0.906152682673788,1.63033817407594,2.35695235732843,2.86854303419471,3.48522054247377,5.13487379775904,7999.83747985012,1.00006585061472
"L[48]",2.98857118168226,0.0100139055948743,0.892880960401492,1.61895398098924,2.36182199526711,2.86855306083854,3.46844781331101,5.08503563046339,7950.23816324128,0.999861559737886
"L[49]",2.98917529923578,0.00977540302261175,0.865190419338686,1.68279431965454,2.36274203340713,2.87134063757077,3.47539677893242,5.06157312732592,7833.46775418268,1.00047224012331
"L[50]",2.99600269689895,0.00996716818852037,0.896311748628021,1.59769770438447,2.35879690854277,2.87678359278816,3.50909884553006,5.02717332417588,8086.76093997067,0.999744864420324
"L[51]",2.99588287762922,0.00999309713574628,0.884980204293658,1.63994827976083,2.3532701313655,2.87548260428963,3.49187477162519,5.07068372068956,7842.7233338058,1.00010021694567
"L[52]",2.99812769678306,0.0103919570512688,0.896388301313748,1.60897882261548,2.36672518461712,2.87023257468138,3.49660551509528,5.12815162382317,7440.42380473511,0.999757433552472
"L[53]",2.99414405255961,0.0101841272959398,0.883374232610235,1.62743588664295,2.3624649698925,2.86774265615296,3.48240672606608,5.04892121904928,7523.87923053249,0.999876752938262
"L[54]",2.9889212199721,0.00962129713504753,0.87935362585406,1.64229783089427,2.35178641087271,2.86409439124698,3.48349090394235,5.06920520668232,8353.33431412062,0.999681430076522
"L[55]",2.99240669106714,0.0096694866438307,0.88770141547831,1.63545310834136,2.36936864652675,2.87470023724844,3.48696325773826,5.08677234064044,8428.04778024299,0.999860382236003
"L[56]",2.99176053002059,0.0101653918113047,0.877809978837226,1.64434707193508,2.35166048622427,2.8850628759161,3.49056572989698,4.99202035212146,7456.80492671867,0.99996697939548
"L[57]",2.99059871281509,0.00996584315893645,0.883954589733903,1.63335039547633,2.35062601217522,2.86676204104469,3.50753672128992,5.00905414267246,7867.41055723755,1.00011006328081
"L[58]",2.99495115360985,0.00971807099693878,0.896679402734025,1.59716711432487,2.34620414427661,2.87886046300139,3.50338842360089,5.06584513315756,8513.61982013299,1.00021808961195
"L[59]",3.00099456943583,0.0103720529817703,0.902227262036245,1.62149080291377,2.3675699111138,2.87760369122008,3.48632380791534,5.0437236797595,7566.62896337552,0.999969136108339
"L[60]",2.99968665821725,0.0107084153925283,0.910147081095604,1.6430235722438,2.35703872805407,2.86750218578338,3.48108677097456,5.14355815522933,7223.91690780988,0.999601914611143
"L[61]",2.98477307289356,0.00973050125502514,0.879760482872087,1.62644111925554,2.35404971570283,2.86992176616097,3.46645475624154,5.06852348171341,8174.44874024522,0.999963474856721
"L[62]",2.99887612720408,0.00990160276163253,0.900781575884043,1.6194232959745,2.35109287735312,2.87333942338931,3.50728813533519,5.04932473033698,8276.1431020952,0.999888277299629
"L[63]",2.99872794078989,0.0100728048472534,0.916722955793178,1.61022987189694,2.34855009056072,2.86904574033747,3.49327080229309,5.12353542049617,8282.76564743703,0.999807132254028
"L[64]",2.99386179458069,0.00971123120826907,0.881655821089537,1.63678133054852,2.34901486102304,2.88139600756792,3.50029848211782,5.04895525651009,8242.32187525124,1.00031211758947
"L[65]",2.9921441153613,0.00998139621986457,0.888099607480715,1.63736769356214,2.35436749459435,2.87758289684932,3.48580707702623,5.0438653721299,7916.63760562634,1.00008589478625
"L[66]",2.98858955534546,0.00970723066435616,0.893547711715451,1.61825602972477,2.35014498142744,2.87448144602252,3.47555435006927,5.09117265362536,8473.1480520371,1.0000486525338
"L[67]",2.98928423997874,0.0098805261962789,0.902053457205351,1.63267004214132,2.35625496730222,2.85793855282934,3.45840586601208,5.08506096318291,8334.97694265809,0.999890788106329
"L[68]",2.9890845108276,0.0100943204951426,0.892451838145501,1.64382192601113,2.34757844510773,2.85810283638265,3.48399078644077,5.10700226002947,7816.5551746563,0.999772019269736
"L[69]",2.99334343280432,0.0102244318631099,0.898220725873336,1.61097796349046,2.34744608792943,2.86617838396479,3.50500296053358,5.09026760803279,7717.69788266475,1.00021920442634
"L[70]",2.98966313183568,0.0102479316202152,0.898609825859668,1.63747791918818,2.34468689846687,2.85283337822296,3.48868610865743,5.03153497863471,7689.00048624873,0.999964807793178
"L[71]",2.98717014710153,0.00999354854996516,0.901532289682822,1.61565982851595,2.33870168932248,2.85519777274226,3.495685284369,5.1300827499714,8138.10181768231,0.99956874098803
"L[72]",2.99022277830538,0.0100290332901859,0.886312820541427,1.62933215395158,2.35565864881063,2.87815762603796,3.47563335520315,5.0866867655744,7810.08781565048,0.999884199659124
"L[73]",3.00126274080814,0.0104175600254363,0.9039059340261,1.6462665552087,2.35083311825495,2.87639132634138,3.49081663157637,5.08827891337732,7528.60396232906,0.999899475392482
"L[74]",2.99381675443588,0.0103126912409005,0.889295833766618,1.62097033831494,2.36969847452398,2.87179592245369,3.47020589695807,5.10522503301299,7436.15587606392,0.999843564843841
"L[75]",2.99914468483744,0.0102217486989815,0.912403717912236,1.62882423220827,2.34369657315007,2.88094588275484,3.49379316143452,5.08968425977894,7967.52974134593,1.00020425463146
"L[76]",2.99439260749385,0.0102244586361777,0.890097644189473,1.64624620234057,2.36796757046299,2.86657088340173,3.47411845004393,5.10667295667478,7578.69899787529,1.00014574257212
"E_scale",1,NA,0,1,1,1,1,1,NA,NA
"f_crab[1]",0.299223639073136,0.000989594854135315,0.0990338250904746,0.127664051949765,0.226200557345567,0.292339696714691,0.366861724060798,0.508499519927122,10015.0299082716,0.999508486567938
"f_lower[1]",0,NA,0,0,0,0,0,0,NA,NA
"eta_f[1]",0,NA,0,0,0,0,0,0,NA,NA
"eta_c[1]",0,NA,0,0,0,0,0,0,NA,NA
"combo_c[1]",0,NA,0,0,0,0,0,0,NA,NA
"Omega_C[1,1]",1,NA,0,1,1,1,1,1,NA,NA
"Omega_E[1,1]",1,NA,0,1,1,1,1,1,NA,NA
"theta_C_out",0,NA,0,0,0,0,0,0,NA,NA
"zi_scale",1,NA,0,1,1,1,1,1,NA,NA
"lambda_Ctot_S[1,1,1]",23.4403072718064,0.344124401451592,24.1452955675632,3.06646281364291,10.3655108932766,17.7867623306525,29.7446871492136,74.9088972838306,4923.04849753471,0.999801426551214
"lambda_Ctot_S[1,2,1]",23.4764536618216,0.33974343922496,23.7643774380647,3.0811207587219,10.3796558994544,17.8307635000247,29.4300130996972,74.085240315973,4892.72408390456,0.999754103793055
"lambda_Ctot_S[1,3,1]",24.329869799539,0.356397777666875,25.4558387148487,3.22450720582671,10.8904239806062,18.5488403552557,30.6272548676143,76.4741114876589,5101.58170714431,0.999820522268529
"lambda_Ctot_S[1,4,1]",23.2303738850117,0.320012636704509,22.8885566589169,3.14573058077306,10.4096104224707,17.7121911050359,29.3413757569524,72.6049437136186,5115.6704313824,0.999763278287105
"lambda_Ctot_S[1,5,1]",23.1173628436981,0.336404149885744,23.7486655674977,3.05206711367677,10.2918532677977,17.5783076183805,29.0085386846283,73.5010144387925,4983.7440964285,0.999783767008763
"lambda_Ctot_S[1,6,1]",73.6098644211889,1.2559473039271,87.1746389259953,10.0141527377802,29.7278428874449,50.9138682692874,88.8123280189775,273.455634823269,4817.67477022538,1.00004234490822
"lambda_Ctot_S[1,7,1]",74.1996856279774,1.35276056161615,92.1469903625556,10.0436735096467,29.9770828211198,50.9351736946338,88.6799454024305,277.457901046419,4640.02631580466,1.00023080224537
"lambda_Ctot_S[1,8,1]",23.3854576811799,0.331878249570419,23.2615718016837,2.97456753329161,10.4457008525375,17.6678281824168,29.2178996131971,75.3181188403982,4912.70325901108,0.999858747247464
"lambda_Ctot_S[1,9,1]",23.3795922258119,0.331779744828484,23.6826197232856,3.12077583458651,10.3291388278121,17.8599452494972,29.1652941962443,75.5917769672587,5095.18251321521,0.999689296938655
"lambda_Ctot_S[1,10,1]",23.3533939879352,0.322546384033153,23.36837947249,3.05362922599474,10.3672398931033,17.810772477318,29.168203148767,73.5276889317713,5248.95485812879,0.999739366187201
"lambda_Ctot_S[1,11,1]",23.021825204904,0.325496047531488,22.8776935625838,3.07582051920209,10.2570537526823,17.76445515422,28.8551635445605,74.636175233437,4940.06926596326,0.999687602421678
"lambda_Ctot_S[1,12,1]",22.8138521856087,0.321348547854365,22.7384933912304,2.94092198711163,10.1605920769091,17.4451766984637,28.5077444532827,72.1537358638457,5006.9204128137,0.999878137392443
"lambda_Ctot_S[1,13,1]",68.7802094716165,1.18322066081245,84.2077956442346,9.29624505527068,27.7487835285077,46.8070866890412,82.2502086975416,252.612890659742,5064.92604544712,1.00016904109036
"lambda_Ctot_S[1,14,1]",69.8943107961411,1.22625989352445,85.1622034757166,9.48165869061115,28.136141724426,48.1121440881109,83.5297544915896,260.384062854629,4823.12736955083,1.00002240419391
"lambda_Ctot_S[1,15,1]",23.9153256092384,0.352120520667271,24.6468422358461,3.11582628059528,10.6046486606542,18.2017031031004,29.9958373199668,76.1903525662596,4899.36617638002,0.999829741209413
"lambda_Ctot_S[1,16,1]",12.6053157195233,0.10923888407912,8.64510758138715,3.10735844808644,6.97183839404335,10.3832587445892,15.596966662527,35.8169503131265,6263.05599003705,1.00032191405218
"lambda_Ctot_S[1,17,1]",12.5742376369042,0.109718450555665,8.74266699009325,3.12239318811958,6.91817071528104,10.3739607598289,15.621252705261,35.3026537886304,6349.33937529141,1.00021849138049
"lambda_Ctot_S[1,18,1]",12.6181565308115,0.113306046326762,8.83445169576275,3.08976249491623,6.94169050943806,10.4282732692398,15.8303821660204,35.6574988910469,6079.29236118527,1.00025992232363
"lambda_Ctot_S[1,19,1]",12.5896848090991,0.108977091527955,8.62758832623047,3.09308626771307,6.90421981682315,10.3671723794857,15.7870430412155,34.5628369887879,6267.7029071576,1.00009356283377
"lambda_Ctot_S[1,20,1]",41.8511263947226,0.52216294718745,39.1073906638468,7.6695067445675,19.3502800012736,31.2037844334363,51.2329053379831,139.205554528087,5609.26008817029,1.00067965128858
"lambda_Ctot_S[1,21,1]",39.9960697131306,0.513692549846732,37.791049013263,7.19046955147311,18.2756005688548,29.6373491674836,48.5712923791842,135.919555969769,5412.16913726004,1.00048819632768
"lambda_Ctot_S[1,22,1]",12.5940046171913,0.109885865011917,8.67159407571665,3.054450909588,6.91075411644594,10.3835867426819,15.7567650362662,34.6838599774601,6227.50690109524,1.00017386778991
"lambda_Ctot_S[1,23,1]",12.6039810045551,0.108633553927837,8.55420933678526,3.12870303414538,6.93372418933437,10.4293648481428,15.8716534841279,34.9365800091065,6200.57225601879,1.00043715616607
"lambda_Ctot_S[1,24,1]",12.5507785978938,0.111928388779098,8.74700144895174,3.04185420061294,6.90091150695005,10.3770910941736,15.6489876672031,35.2515597177794,6107.14023738037,1.00041873724853
"lambda_Ctot_S[1,25,1]",12.6387638340333,0.112565611308893,8.87641923125807,3.06293728818182,6.85501030941261,10.3916026385944,15.7028219699604,36.0528480246785,6218.19221818193,1.00033793674905
"lambda_Ctot_S[1,26,1]",12.4134582275399,0.108851310566198,8.58931412871614,2.99709328200484,6.81097177435537,10.2145820591014,15.5863085503722,34.6502347004778,6226.58107792002,1.00038113162794
"lambda_Ctot_S[1,27,1]",39.9905225495678,0.491268469342346,37.0504820290441,6.95421385099915,18.3007529183259,29.6066748753284,49.1669141839007,133.026885471534,5687.87368259778,1.00021802029635
"lambda_Ctot_S[1,28,1]",39.3349232384399,0.486534399232186,36.6789222542483,6.94619618640183,18.0025406345973,29.1399206815427,48.1119993239099,132.767894639133,5683.37129631239,1.00034887993399
"lambda_Ctot_S[1,29,1]",12.4358449720542,0.110593046549376,8.55135611908848,2.99854094778651,6.82886322453309,10.2803915703675,15.5434504494295,33.982032450171,5978.80435214188,1.00032069986171
"lambda_Ctot_S[1,30,1]",12.5642179240091,0.109095408503163,8.62198563952482,3.14378348071141,6.91243031198311,10.4911783240394,15.5855748336196,34.5825518445432,6245.9951791231,1.0001593393488
"lambda_Ctot_S[1,31,1]",12.615424262108,0.111087329741088,8.75777898491258,3.06389277739821,6.93441422806632,10.3688652483251,15.567189104415,35.3811770552224,6215.25435866129,0.999895475869483
"lambda_Ctot_S[1,32,1]",12.6367241635411,0.112153506891987,8.90454533358228,3.02486087440227,6.90342800425136,10.4797808464558,15.7266890818979,35.61626466163,6303.73260369746,1.00012212140911
"lambda_Ctot_S[1,33,1]",12.6242688844763,0.114259960716963,8.89922868407096,3.06881002325368,6.92878240377358,10.4141308879447,15.6622168120007,35.0397255035969,6066.19816291968,1.0001643400506
"lambda_Ctot_S[1,34,1]",38.2697217590112,0.512745048615778,37.9658875246399,6.67787535042394,17.4311070609237,28.4198057064437,46.8427650296904,128.427226738017,5482.56971912206,1.00049411797475
"lambda_Ctot_S[1,35,1]",39.9597896405449,0.494109017976294,37.130797292333,7.27791582167177,18.182887619891,29.6106539753959,49.1665577374015,133.135544355151,5647.06762996848,1.00051783165192
"lambda_Ctot_S[1,36,1]",12.6288966011006,0.109058575786969,8.72731452340396,3.12129545242995,6.94256189710218,10.3815327737673,15.7798207478188,35.2050215546194,6403.85679913638,1.0000331765726
"lambda_Ctot_S[1,37,1]",12.6414893633923,0.113418319871282,8.81303131774147,3.05943609558913,6.91436201058539,10.4261206842156,15.6618552008278,35.6371586220395,6037.87625131992,1.00045895946211
"lambda_Ctot_S[1,38,1]",12.6667430247255,0.115509095985612,8.8923727784447,3.1239903063978,6.8594095811875,10.3494307388599,15.7995942572472,35.8940945178827,5926.56362563849,1.00031821017204
"lambda_Ctot_S[1,39,1]",12.6643400731736,0.113714561962068,8.89444718818991,3.11928131109831,6.87866247159934,10.3571904610953,15.6979586021197,35.7273443896357,6117.94764373761,1.0000807313781
"lambda_Ctot_S[1,40,1]",12.606396305657,0.113027565350479,8.79848395097986,3.06948616128515,6.88535020208822,10.4178578977378,15.6701837997579,35.1555210392215,6059.64171523767,1.00037435583683
"lambda_Ctot_S[1,41,1]",40.0414245870648,0.509914918782283,37.7048444694039,7.13955104799468,18.3230456936927,29.8403982366261,48.7495814261319,132.495491174502,5467.62688613367,1.00042957269652
"lambda_Ctot_S[1,42,1]",39.9448550435131,0.503433944060812,37.7627921674495,7.12081198898448,18.1720394804932,29.5716044002149,49.1324777146925,130.843181782387,5626.56328176861,1.00067633797139
"lambda_Ctot_S[1,43,1]",12.6570215497855,0.115257972748298,8.97840092703528,3.08245956418307,6.91184841154826,10.3679639528801,15.7368093046491,36.0393563610856,6068.14620871721,1.0001942279814
"lambda_Ctot_S[1,44,1]",12.5698606293493,0.107853808350165,8.68010438585565,3.10996923577243,6.8906423063416,10.3552030888446,15.6803324526598,34.4496663048185,6477.07500738195,1.0003448617304
"lambda_Ctot_S[1,45,1]",12.5905263251823,0.112256945605432,8.77127284620458,3.11894958115848,6.8995091787334,10.343038388889,15.7684145354126,35.145251330105,6105.18458177699,1.00022125193423
"lambda_Ctot_S[1,46,1]",12.5586844574742,0.108627997496846,8.6114152765493,3.12530338131612,6.91632716889922,10.4652002875008,15.6572252917524,35.1470487408447,6284.42458675958,1.00026673988701
"lambda_Ctot_S[1,47,1]",6.07017163686854,0.114478665560309,8.34456210344822,0.927853664139978,2.5155221921276,4.2659299334881,7.16713331094579,21.7482940297035,5313.22228699138,0.999722628047908
"lambda_Ctot_S[1,48,1]",20.48448865411,0.545827812767356,39.5875893503581,2.05495380066418,6.41785437169374,12.1196278033779,23.0276734684473,86.6822537820516,5260.25490826912,1.00028832422596
"lambda_Ctot_S[1,49,1]",20.7017986184002,0.598332464012744,42.684090381664,2.0339357855865,6.52990345511743,12.0852045703191,22.7634010032755,86.2982614439024,5089.1696349742,1.00047311347499
"lambda_Ctot_S[1,50,1]",6.03808717909261,0.112614614819965,8.21533307023832,0.928883057002551,2.52563517348895,4.26170182305661,7.14786163005574,21.2879399351985,5321.82806614715,0.999792974708604
"lambda_Ctot_S[1,51,1]",6.03842397960955,0.116615165524788,8.31784458296756,0.934714842886208,2.5271960119882,4.24343284133559,7.13465603126906,20.9090284074043,5087.58334243743,0.999868402158388
"lambda_Ctot_S[1,52,1]",6.01267300724842,0.104830058426501,7.66862030761494,0.935996260788166,2.49503619801137,4.26388184643151,7.21484138478586,20.1393905045762,5351.34332634227,0.999888679995568
"lambda_Ctot_S[1,53,1]",6.02262429170172,0.112271924489084,8.03576610483031,0.923158786354021,2.53693657814977,4.23720348242239,7.07697200817019,20.725691766461,5122.85708754334,0.999822704293746
"lambda_Ctot_S[1,54,1]",6.01612266579348,0.111179417352966,7.98586541725643,0.946043865404037,2.51848197961645,4.21837783798755,7.06867034589415,21.0318247107278,5159.3523261955,0.999949229367487
"lambda_Ctot_S[1,55,1]",20.8174706756543,0.610532245902476,43.463761942586,2.03001519326127,6.50451450859854,11.9609895393759,22.9690838514547,86.9103760740111,5068.00942022329,1.00054441648856
"lambda_Ctot_S[1,56,1]",20.6023029975545,0.55148106891897,40.0507457938417,2.06229714692566,6.53382898678435,12.1110655734545,22.9442323453813,85.9635802876232,5274.24133174424,1.00043582402502
"lambda_Ctot_S[1,57,1]",52.2565318828589,2.63455354032542,186.258941178992,0.494620613037737,3.93013463244136,11.933937789391,37.3457482589758,381.446866945814,4998.27563244623,1.00068715255225
"lambda_Ctot_S[1,58,1]",6.05767762262226,0.115333937390308,8.22465078430443,0.930099533647546,2.48765340812159,4.264154557203,7.1832410898657,21.4855952962045,5085.34822043146,0.999875546269292
"lambda_Ctot_S[1,59,1]",6.04677417063576,0.115646366196163,8.34212666883592,0.927706752148273,2.51799901973136,4.25655484378186,7.11641049550172,21.0149440963155,5203.42833878946,0.999940291543552
"lambda_Ctot_S[1,60,1]",6.04834583481663,0.11535692139935,8.3451497751604,0.921071591258947,2.50208349636433,4.25049745800347,7.16414252504703,20.9233667698149,5233.36417043502,0.999664139472496
"lambda_Ctot_S[1,61,1]",6.03242249796324,0.10694766396045,7.85442394055471,0.92538738383063,2.50412326472055,4.24558604777093,7.10419943754311,21.2488733569462,5393.69111124217,0.999788682282001
"lambda_Ctot_S[1,62,1]",20.8655606835148,0.61591558404907,44.2288549527745,2.04683980024637,6.53224757565733,12.009871492022,22.9137940362713,85.9782503322317,5156.66604107891,1.00036376899722
"lambda_Ctot_S[1,63,1]",20.9395594737817,0.610773073088843,43.8139322246366,2.02411447991007,6.44253707496488,12.162612171684,22.8514625105695,87.6195155374981,5145.93978159022,1.00034918488909
"lambda_Ctot_S[1,64,1]",6.01952729523251,0.11502204861222,8.3029190295704,0.934441712045009,2.50973769421263,4.26970910025632,7.13744759664,20.8523449627085,5210.74005848417,0.999810134828445
"lambda_Ctot_S[1,65,1]",6.03954211332852,0.12435204536716,8.80553024658451,0.94451463514606,2.50172765213702,4.25953557861044,7.07225380857542,20.7607572458428,5014.24049978759,0.999718409829521
"lambda_Ctot_S[1,66,1]",6.04984120325655,0.123919564786108,8.705785838646,0.911820068031812,2.48895591470056,4.22074629416389,7.0785511430232,21.1252840203051,4935.55731679762,0.99985249968902
"lambda_Ctot_S[1,67,1]",6.02152907100406,0.10929979323129,7.98795265150316,0.90563369161972,2.51711620979593,4.20663730240422,7.09816715213373,21.0662714061913,5341.11935632137,0.999821124398315
"lambda_Ctot_S[1,68,1]",6.02486593820475,0.110340190656293,7.87848739913209,0.927650812744255,2.51144062444918,4.22103700574012,7.07608269701358,20.8214524629316,5098.21597412982,0.999716612806731
"lambda_Ctot_S[1,69,1]",20.7417542711948,0.556550661531926,40.201465497994,1.98369588128203,6.48479035212026,12.099004214409,23.0635328704294,85.9689721453703,5217.64303526309,1.00048684576125
"lambda_Ctot_S[1,70,1]",20.6046347362345,0.54450130677684,39.6786669819963,2.057766126736,6.47999631832207,12.1218389966744,22.9472553486243,84.4030980825172,5310.26622018012,1.00052102172269
"lambda_Ctot_S[1,71,1]",6.04791831584896,0.117314344688191,8.53843058474371,0.921303108648598,2.50453220589143,4.25144924577084,7.1244780044056,20.6812426501054,5297.2914283454,0.999885361071261
"lambda_Ctot_S[1,72,1]",6.03612655627793,0.123730782451107,8.69046584902643,0.926274273977974,2.51535578128591,4.21818341561131,7.18390113865973,20.780704715476,4933.221275896,0.99987015204768
"lambda_Ctot_S[1,73,1]",6.03835246218598,0.107361734042142,7.75572786845733,0.930717119592734,2.53711739454509,4.23607301824442,7.08138962847767,21.2174209533188,5218.50483004831,0.999787900942652
"lambda_Ctot_S[1,74,1]",51.770947092137,2.39870986697223,169.586719163044,0.502720006460012,3.91685747167848,12.0727137719776,37.387398051016,368.383546991877,4998.36807008677,1.00071377534739
"lambda_Ctot_S[1,75,1]",52.1671847940638,2.4564037869951,174.089053871013,0.50537901666698,3.96728148447505,12.1194824749907,37.2064535512101,373.375996696772,5022.77140959707,1.00063529820126
"lambda_Ctot_S[1,76,1]",20.7574496338972,0.56840796548032,41.3212731797348,2.05459606616837,6.53387621172619,12.0682271594497,22.6085538281978,86.7767456486251,5284.7820119128,1.00039323578862
"C_expected[1,1,1]",23.4403072718064,0.344124401451592,24.1452955675632,3.06646281364291,10.3655108932766,17.7867623306525,29.7446871492136,74.9088972838306,4923.04849753471,0.999801426551214
"C_expected[1,2,1]",23.4764536618216,0.33974343922496,23.7643774380647,3.0811207587219,10.3796558994544,17.8307635000247,29.4300130996972,74.085240315973,4892.72408390456,0.999754103793055
"C_expected[1,3,1]",24.329869799539,0.356397777666875,25.4558387148487,3.22450720582671,10.8904239806062,18.5488403552557,30.6272548676143,76.4741114876589,5101.58170714431,0.999820522268529
"C_expected[1,4,1]",23.2303738850117,0.320012636704509,22.8885566589169,3.14573058077306,10.4096104224707,17.7121911050359,29.3413757569524,72.6049437136186,5115.6704313824,0.999763278287105
"C_expected[1,5,1]",23.1173628436981,0.336404149885744,23.7486655674977,3.05206711367677,10.2918532677977,17.5783076183805,29.0085386846283,73.5010144387925,4983.7440964285,0.999783767008763
"C_expected[1,6,1]",73.6098644211889,1.2559473039271,87.1746389259953,10.0141527377802,29.7278428874449,50.9138682692874,88.8123280189775,273.455634823269,4817.67477022538,1.00004234490822
"C_expected[1,7,1]",74.1996856279774,1.35276056161615,92.1469903625556,10.0436735096467,29.9770828211198,50.9351736946338,88.6799454024305,277.457901046419,4640.02631580466,1.00023080224537
"C_expected[1,8,1]",23.3854576811799,0.331878249570419,23.2615718016837,2.97456753329161,10.4457008525375,17.6678281824168,29.2178996131971,75.3181188403982,4912.70325901108,0.999858747247464
"C_expected[1,9,1]",23.3795922258119,0.331779744828484,23.6826197232856,3.12077583458651,10.3291388278121,17.8599452494972,29.1652941962443,75.5917769672587,5095.18251321521,0.999689296938655
"C_expected[1,10,1]",23.3533939879352,0.322546384033153,23.36837947249,3.05362922599474,10.3672398931033,17.810772477318,29.168203148767,73.5276889317713,5248.95485812879,0.999739366187201
"C_expected[1,11,1]",23.021825204904,0.325496047531488,22.8776935625838,3.07582051920209,10.2570537526823,17.76445515422,28.8551635445605,74.636175233437,4940.06926596326,0.999687602421678
"C_expected[1,12,1]",22.8138521856087,0.321348547854365,22.7384933912304,2.94092198711163,10.1605920769091,17.4451766984637,28.5077444532827,72.1537358638457,5006.9204128137,0.999878137392443
"C_expected[1,13,1]",68.7802094716165,1.18322066081245,84.2077956442346,9.29624505527068,27.7487835285077,46.8070866890412,82.2502086975416,252.612890659742,5064.92604544712,1.00016904109036
"C_expected[1,14,1]",69.8943107961411,1.22625989352445,85.1622034757166,9.48165869061115,28.136141724426,48.1121440881109,83.5297544915896,260.384062854629,4823.12736955083,1.00002240419391
"C_expected[1,15,1]",23.9153256092384,0.352120520667271,24.6468422358461,3.11582628059528,10.6046486606542,18.2017031031004,29.9958373199668,76.1903525662596,4899.36617638002,0.999829741209413
"C_expected[1,16,1]",12.6053157195233,0.10923888407912,8.64510758138715,3.10735844808644,6.97183839404335,10.3832587445892,15.596966662527,35.8169503131265,6263.05599003705,1.00032191405218
"C_expected[1,17,1]",12.5742376369042,0.109718450555665,8.74266699009325,3.12239318811958,6.91817071528104,10.3739607598289,15.621252705261,35.3026537886304,6349.33937529141,1.00021849138049
"C_expected[1,18,1]",12.6181565308115,0.113306046326762,8.83445169576275,3.08976249491623,6.94169050943806,10.4282732692398,15.8303821660204,35.6574988910469,6079.29236118527,1.00025992232363
"C_expected[1,19,1]",12.5896848090991,0.108977091527955,8.62758832623047,3.09308626771307,6.90421981682315,10.3671723794857,15.7870430412155,34.5628369887879,6267.7029071576,1.00009356283377
"C_expected[1,20,1]",41.8511263947226,0.52216294718745,39.1073906638468,7.6695067445675,19.3502800012736,31.2037844334363,51.2329053379831,139.205554528087,5609.26008817029,1.00067965128858
"C_expected[1,21,1]",39.9960697131306,0.513692549846732,37.791049013263,7.19046955147311,18.2756005688548,29.6373491674836,48.5712923791842,135.919555969769,5412.16913726004,1.00048819632768
"C_expected[1,22,1]",12.5940046171913,0.109885865011917,8.67159407571665,3.054450909588,6.91075411644594,10.3835867426819,15.7567650362662,34.6838599774601,6227.50690109524,1.00017386778991
"C_expected[1,23,1]",12.6039810045551,0.108633553927837,8.55420933678526,3.12870303414538,6.93372418933437,10.4293648481428,15.8716534841279,34.9365800091065,6200.57225601879,1.00043715616607
"C_expected[1,24,1]",12.5507785978938,0.111928388779098,8.74700144895174,3.04185420061294,6.90091150695005,10.3770910941736,15.6489876672031,35.2515597177794,6107.14023738037,1.00041873724853
"C_expected[1,25,1]",12.6387638340333,0.112565611308893,8.87641923125807,3.06293728818182,6.85501030941261,10.3916026385944,15.7028219699604,36.0528480246785,6218.19221818193,1.00033793674905
"C_expected[1,26,1]",12.4134582275399,0.108851310566198,8.58931412871614,2.99709328200484,6.81097177435537,10.2145820591014,15.5863085503722,34.6502347004778,6226.58107792002,1.00038113162794
"C_expected[1,27,1]",39.9905225495678,0.491268469342346,37.0504820290441,6.95421385099915,18.3007529183259,29.6066748753284,49.1669141839007,133.026885471534,5687.87368259778,1.00021802029635
"C_expected[1,28,1]",39.3349232384399,0.486534399232186,36.6789222542483,6.94619618640183,18.0025406345973,29.1399206815427,48.1119993239099,132.767894639133,5683.37129631239,1.00034887993399
"C_expected[1,29,1]",12.4358449720542,0.110593046549376,8.55135611908848,2.99854094778651,6.82886322453309,10.2803915703675,15.5434504494295,33.982032450171,5978.80435214188,1.00032069986171
"C_expected[1,30,1]",12.5642179240091,0.109095408503163,8.62198563952482,3.14378348071141,6.91243031198311,10.4911783240394,15.5855748336196,34.5825518445432,6245.9951791231,1.0001593393488
"C_expected[1,31,1]",12.615424262108,0.111087329741088,8.75777898491258,3.06389277739821,6.93441422806632,10.3688652483251,15.567189104415,35.3811770552224,6215.25435866129,0.999895475869483
"C_expected[1,32,1]",12.6367241635411,0.112153506891987,8.90454533358228,3.02486087440227,6.90342800425136,10.4797808464558,15.7266890818979,35.61626466163,6303.73260369746,1.00012212140911
"C_expected[1,33,1]",12.6242688844763,0.114259960716963,8.89922868407096,3.06881002325368,6.92878240377358,10.4141308879447,15.6622168120007,35.0397255035969,6066.19816291968,1.0001643400506
"C_expected[1,34,1]",38.2697217590112,0.512745048615778,37.9658875246399,6.67787535042394,17.4311070609237,28.4198057064437,46.8427650296904,128.427226738017,5482.56971912206,1.00049411797475
"C_expected[1,35,1]",39.9597896405449,0.494109017976294,37.130797292333,7.27791582167177,18.182887619891,29.6106539753959,49.1665577374015,133.135544355151,5647.06762996848,1.00051783165192
"C_expected[1,36,1]",12.6288966011006,0.109058575786969,8.72731452340396,3.12129545242995,6.94256189710218,10.3815327737673,15.7798207478188,35.2050215546194,6403.85679913638,1.0000331765726
"C_expected[1,37,1]",12.6414893633923,0.113418319871282,8.81303131774147,3.05943609558913,6.91436201058539,10.4261206842156,15.6618552008278,35.6371586220395,6037.87625131992,1.00045895946211
"C_expected[1,38,1]",12.6667430247255,0.115509095985612,8.8923727784447,3.1239903063978,6.8594095811875,10.3494307388599,15.7995942572472,35.8940945178827,5926.56362563849,1.00031821017204
"C_expected[1,39,1]",12.6643400731736,0.113714561962068,8.89444718818991,3.11928131109831,6.87866247159934,10.3571904610953,15.6979586021197,35.7273443896357,6117.94764373761,1.0000807313781
"C_expected[1,40,1]",12.606396305657,0.113027565350479,8.79848395097986,3.06948616128515,6.88535020208822,10.4178578977378,15.6701837997579,35.1555210392215,6059.64171523767,1.00037435583683
"C_expected[1,41,1]",40.0414245870648,0.509914918782283,37.7048444694039,7.13955104799468,18.3230456936927,29.8403982366261,48.7495814261319,132.495491174502,5467.62688613367,1.00042957269652
"C_expected[1,42,1]",39.9448550435131,0.503433944060812,37.7627921674495,7.12081198898448,18.1720394804932,29.5716044002149,49.1324777146925,130.843181782387,5626.56328176861,1.00067633797139
"C_expected[1,43,1]",12.6570215497855,0.115257972748298,8.97840092703528,3.08245956418307,6.91184841154826,10.3679639528801,15.7368093046491,36.0393563610856,6068.14620871721,1.0001942279814
"C_expected[1,44,1]",12.5698606293493,0.107853808350165,8.68010438585565,3.10996923577243,6.8906423063416,10.3552030888446,15.6803324526598,34.4496663048185,6477.07500738195,1.0003448617304
"C_expected[1,45,1]",12.5905263251823,0.112256945605432,8.77127284620458,3.11894958115848,6.8995091787334,10.343038388889,15.7684145354126,35.145251330105,6105.18458177699,1.00022125193423
"C_expected[1,46,1]",12.5586844574742,0.108627997496846,8.6114152765493,3.12530338131612,6.91632716889922,10.4652002875008,15.6572252917524,35.1470487408447,6284.42458675958,1.00026673988701
"C_expected[1,47,1]",6.07017163686854,0.114478665560309,8.34456210344822,0.927853664139978,2.5155221921276,4.2659299334881,7.16713331094579,21.7482940297035,5313.22228699138,0.999722628047908
"C_expected[1,48,1]",20.48448865411,0.545827812767356,39.5875893503581,2.05495380066418,6.41785437169374,12.1196278033779,23.0276734684473,86.6822537820516,5260.25490826912,1.00028832422596
"C_expected[1,49,1]",20.7017986184002,0.598332464012744,42.684090381664,2.0339357855865,6.52990345511743,12.0852045703191,22.7634010032755,86.2982614439024,5089.1696349742,1.00047311347499
"C_expected[1,50,1]",6.03808717909261,0.112614614819965,8.21533307023832,0.928883057002551,2.52563517348895,4.26170182305661,7.14786163005574,21.2879399351985,5321.82806614715,0.999792974708604
"C_expected[1,51,1]",6.03842397960955,0.116615165524788,8.31784458296756,0.934714842886208,2.5271960119882,4.24343284133559,7.13465603126906,20.9090284074043,5087.58334243743,0.999868402158388
"C_expected[1,52,1]",6.01267300724842,0.104830058426501,7.66862030761494,0.935996260788166,2.49503619801137,4.26388184643151,7.21484138478586,20.1393905045762,5351.34332634227,0.999888679995568
"C_expected[1,53,1]",6.02262429170172,0.112271924489084,8.03576610483031,0.923158786354021,2.53693657814977,4.23720348242239,7.07697200817019,20.725691766461,5122.85708754334,0.999822704293746
"C_expected[1,54,1]",6.01612266579348,0.111179417352966,7.98586541725643,0.946043865404037,2.51848197961645,4.21837783798755,7.06867034589415,21.0318247107278,5159.3523261955,0.999949229367487
"C_expected[1,55,1]",20.8174706756543,0.610532245902476,43.463761942586,2.03001519326127,6.50451450859854,11.9609895393759,22.9690838514547,86.9103760740111,5068.00942022329,1.00054441648856
"C_expected[1,56,1]",20.6023029975545,0.55148106891897,40.0507457938417,2.06229714692566,6.53382898678435,12.1110655734545,22.9442323453813,85.9635802876232,5274.24133174424,1.00043582402502
"C_expected[1,57,1]",52.2565318828589,2.63455354032542,186.258941178992,0.494620613037737,3.93013463244136,11.933937789391,37.3457482589758,381.446866945814,4998.27563244623,1.00068715255225
"C_expected[1,58,1]",6.05767762262226,0.115333937390308,8.22465078430443,0.930099533647546,2.48765340812159,4.264154557203,7.1832410898657,21.4855952962045,5085.34822043146,0.999875546269292
"C_expected[1,59,1]",6.04677417063576,0.115646366196163,8.34212666883592,0.927706752148273,2.51799901973136,4.25655484378186,7.11641049550172,21.0149440963155,5203.42833878946,0.999940291543552
"C_expected[1,60,1]",6.04834583481663,0.11535692139935,8.3451497751604,0.921071591258947,2.50208349636433,4.25049745800347,7.16414252504703,20.9233667698149,5233.36417043502,0.999664139472496
"C_expected[1,61,1]",6.03242249796324,0.10694766396045,7.85442394055471,0.92538738383063,2.50412326472055,4.24558604777093,7.10419943754311,21.2488733569462,5393.69111124217,0.999788682282001
"C_expected[1,62,1]",20.8655606835148,0.61591558404907,44.2288549527745,2.04683980024637,6.53224757565733,12.009871492022,22.9137940362713,85.9782503322317,5156.66604107891,1.00036376899722
"C_expected[1,63,1]",20.9395594737817,0.610773073088843,43.8139322246366,2.02411447991007,6.44253707496488,12.162612171684,22.8514625105695,87.6195155374981,5145.93978159022,1.00034918488909
"C_expected[1,64,1]",6.01952729523251,0.11502204861222,8.3029190295704,0.934441712045009,2.50973769421263,4.26970910025632,7.13744759664,20.8523449627085,5210.74005848417,0.999810134828445
"C_expected[1,65,1]",6.03954211332852,0.12435204536716,8.80553024658451,0.94451463514606,2.50172765213702,4.25953557861044,7.07225380857542,20.7607572458428,5014.24049978759,0.999718409829521
"C_expected[1,66,1]",6.04984120325655,0.123919564786108,8.705785838646,0.911820068031812,2.48895591470056,4.22074629416389,7.0785511430232,21.1252840203051,4935.55731679762,0.99985249968902
"C_expected[1,67,1]",6.02152907100406,0.10929979323129,7.98795265150316,0.90563369161972,2.51711620979593,4.20663730240422,7.09816715213373,21.0662714061913,5341.11935632137,0.999821124398315
"C_expected[1,68,1]",6.02486593820475,0.110340190656293,7.87848739913209,0.927650812744255,2.51144062444918,4.22103700574012,7.07608269701358,20.8214524629316,5098.21597412982,0.999716612806731
"C_expected[1,69,1]",20.7417542711948,0.556550661531926,40.201465497994,1.98369588128203,6.48479035212026,12.099004214409,23.0635328704294,85.9689721453703,5217.64303526309,1.00048684576125
"C_expected[1,70,1]",20.6046347362345,0.54450130677684,39.6786669819963,2.057766126736,6.47999631832207,12.1218389966744,22.9472553486243,84.4030980825172,5310.26622018012,1.00052102172269
"C_expected[1,71,1]",6.04791831584896,0.117314344688191,8.53843058474371,0.921303108648598,2.50453220589143,4.25144924577084,7.1244780044056,20.6812426501054,5297.2914283454,0.999885361071261
"C_expected[1,72,1]",6.03612655627793,0.123730782451107,8.69046584902643,0.926274273977974,2.51535578128591,4.21818341561131,7.18390113865973,20.780704715476,4933.221275896,0.99987015204768
"C_expected[1,73,1]",6.03835246218598,0.107361734042142,7.75572786845733,0.930717119592734,2.53711739454509,4.23607301824442,7.08138962847767,21.2174209533188,5218.50483004831,0.999787900942652
"C_expected[1,74,1]",51.770947092137,2.39870986697223,169.586719163044,0.502720006460012,3.91685747167848,12.0727137719776,37.387398051016,368.383546991877,4998.36807008677,1.00071377534739
"C_expected[1,75,1]",52.1671847940638,2.4564037869951,174.089053871013,0.50537901666698,3.96728148447505,12.1194824749907,37.2064535512101,373.375996696772,5022.77140959707,1.00063529820126
"C_expected[1,76,1]",20.7574496338972,0.56840796548032,41.3212731797348,2.05459606616837,6.53387621172619,12.0682271594497,22.6085538281978,86.7767456486251,5284.7820119128,1.00039323578862
"C_expected_sum",1604.35584646815,19.2681470073785,1349.56075112387,405.658354084504,878.548527751369,1290.10780185059,1917.53591117302,4530.41320255603,4905.74507309997,1.00041943676738
"C[1,1,1]",23.5136666666667,0.346155051819109,24.6050004585142,2,10,18,30,77,5052.48934906234,0.999685299579335
"C[1,2,1]",23.3866666666667,0.345724180168015,23.9728096981356,2,10,18,30,74.0249999999996,4808.15395195319,0.999773567950663
"C[1,3,1]",24.3938333333333,0.360302492488313,26.1406889333189,2,10,18,31,79,5263.8017647081,0.999751986712639
"C[1,4,1]",23.2698333333333,0.320577468652648,23.5660118841714,2,10,18,30,75,5403.88619304884,0.999793176400828
"C[1,5,1]",22.979,0.333776296974294,23.9076868095061,2,10,18,29,74,5130.55244777378,0.999854594081161
"C[1,6,1]",73.427,1.28116810149561,88.1131469122313,9,29,51,88,275.025,4730.08766797407,1.00005550098359
"C[1,7,1]",74.3288333333333,1.36534980662434,92.7984516433875,9,29,52,90,275,4619.48534535496,1.00018751434084
"C[1,8,1]",23.3748333333333,0.335101342543909,23.6587465719083,2,10,18,30,76,4984.60936203953,0.999845161313976
"C[1,9,1]",23.4315,0.343062233191835,24.1962645385523,2,10,18,29,78,4974.51594548136,0.999658430634803
"C[1,10,1]",23.4148333333333,0.328162004278106,23.7731348436761,2,10,18,30,77,5248.03008976299,0.999671664820697
"C[1,11,1]",23.0468333333333,0.332676457474212,23.4490785146472,2,10,18,29,75,4968.2955754767,0.999700576488103
"C[1,12,1]",22.8608333333333,0.327142944291204,23.3401140984053,2,9,17,29,73,5090.15296398526,0.999801746778588
"C[1,13,1]",68.751,1.18793937981951,84.2754475366912,8,27,47,83,251,5032.84524366563,1.00026968292348
"C[1,14,1]",69.9756666666667,1.20793084827233,85.1026565483171,8,27,48,84,258,4963.66072862213,1.00000330372342
"C[1,15,1]",23.9486666666667,0.350940325603624,24.835837708736,3,10,18,30,77,5008.30855308265,0.999891303570156
"C[1,16,1]",12.554,0.119873633146779,9.31954360374819,2,6,10,16,37,6044.24351055382,1.00051648277283
"C[1,17,1]",12.5728333333333,0.121074064209167,9.46704632571556,2,6,10,16,36,6114.01869711906,1.00035169257392
"C[1,18,1]",12.6326666666667,0.11915859428424,9.472065221419,2,6,10,16,37,6318.85831091982,1.00007346342242
"C[1,19,1]",12.5723333333333,0.12071505382079,9.37191229217518,2,6,10,16,36,6027.44930611881,1.00033215073182
"C[1,20,1]",41.8595,0.530719312470014,39.5039388746798,6.97499999999999,19,31,51,143,5540.52626584865,1.0005908468641
"C[1,21,1]",39.9798333333333,0.514315682822048,38.0787485590173,6,18,30,49,136.025,5481.58054018008,1.00042615085753
"C[1,22,1]",12.6616666666667,0.119891001534381,9.4552506144956,2,6,10,16,38,6219.74976747491,0.999733753140253
"C[1,23,1]",12.5333333333333,0.115509127804212,9.21491768855751,2,6,10,16,36,6364.29513805253,1.00024859657244
"C[1,24,1]",12.4808333333333,0.122467524446776,9.32593846002905,2,6,10,16,37,5798.86785823507,1.00067262698058
"C[1,25,1]",12.6985,0.122459133035398,9.61940850156529,2,6,10,16,37,6170.41501488114,1.00012755880648
"C[1,26,1]",12.4078333333333,0.114955771722051,9.22008714565022,2,6,10,16,36,6432.92501661096,1.00027310026287
"C[1,27,1]",39.8726666666667,0.495288468304858,37.4348279985377,6,18,30,50,135,5712.61888182901,1.00018248053171
"C[1,28,1]",39.3028333333333,0.499763375801953,37.3203821942748,6,17,29,49,136,5576.52061844379,1.00057373625293
"C[1,29,1]",12.4793333333333,0.121112645428633,9.25979824471414,2,6,10,16,36,5845.53234169865,1.00007996219994
"C[1,30,1]",12.6016666666667,0.118139385950997,9.47698788850104,2,6,10,16,36,6435.03973288082,0.999942216552667
"C[1,31,1]",12.5836666666667,0.11709296499247,9.39249894303719,2,6,10,16,37,6434.29106966055,0.99990261014253
"C[1,32,1]",12.6356666666667,0.120228304058846,9.56342883510248,2,6,10,16,37,6327.23287390309,1.00044446512609
"C[1,33,1]",12.7038333333333,0.124399919237991,9.58120130996,2,6,10,16,36,5931.98075758606,1.0001584881129
"C[1,34,1]",38.1888333333333,0.522404212336733,38.330919441139,6,17,28,47,129.025,5383.75308002483,1.00059618313332
"C[1,35,1]",39.914,0.500051733672153,37.7354863732001,6,18,29,49.25,135.025,5694.68923757932,1.00055099267402
"C[1,36,1]",12.6426666666667,0.119822964114806,9.39764325981229,2,6,10,16,37,6151.17088655592,0.999814590087794
"C[1,37,1]",12.59,0.122642067403915,9.49193953587422,2,6,10,16,38,5990.05762466624,1.00022047621005
"C[1,38,1]",12.6903333333333,0.125170794948539,9.56882265224135,2,6,10,16,37,5844.01053473793,1.00089154013013
"C[1,39,1]",12.763,0.124070187497814,9.61259059686811,2,6,10,17,37,6002.69137408177,0.999819213139629
"C[1,40,1]",12.6128333333333,0.121460050589577,9.4323431246797,2,6,10,16,36,6030.76306634059,1.00042340802787
"C[1,41,1]",39.8643333333333,0.516683256840243,38.0258936689257,6,18,30,49,132,5416.39192626947,1.00045242891793
"C[1,42,1]",40.0966666666667,0.51533947586084,38.4530722051684,6,18,30,50,133,5567.69278971335,1.00073206555582
"C[1,43,1]",12.6995,0.126438977768935,9.79504246508485,2,6,10,16,37,6001.3740258557,1.00039116279181
"C[1,44,1]",12.5756666666667,0.122917512477767,9.42972752429355,2,6,10,16,37,5885.32922393514,1.00016712442622
"C[1,45,1]",12.506,0.116835651646418,9.3824109697846,2,6,10,16,36,6448.78850175668,0.999840734076202
"C[1,46,1]",12.572,0.118644509032588,9.39752812831582,2,6,10,16,37,6273.81894896156,1.00010011356467
"C[1,47,1]",6.07683333333333,0.120047415875955,8.61088194400151,0,2,4,8,23,5145.05045751848,0.999763343999345
"C[1,48,1]",20.4866666666667,0.559568748490423,40.2298135119311,1,6,12,23,86,5168.79295171676,1.00037133477385
"C[1,49,1]",20.7355,0.601888118899389,42.6192437725021,1,6,12,23,85.0249999999996,5013.94929482489,1.00050495562791
"C[1,50,1]",6.016,0.11749584182404,8.62477874893484,0,2,4,7,22,5388.28962659402,0.999843382622231
"C[1,51,1]",6.0615,0.122705559787093,8.83548123787177,0,2,4,7,23,5184.79913379513,0.999918249250672
"C[1,52,1]",6.0415,0.108282966277647,8.05638020207132,0,2,4,8,21,5535.53522413497,0.999757961850516
"C[1,53,1]",6.01,0.117375488729743,8.33813452845234,0,2,4,8,22,5046.41506810683,0.999969193741498
"C[1,54,1]",6.0975,0.120594152052305,8.6233048951404,0,2,4,8,22,5113.22598400255,0.999917239947085
"C[1,55,1]",20.8835,0.620624109901368,44.4271788824579,1,6,12,24,87.0249999999996,5124.36654332007,1.00038156911055
"C[1,56,1]",20.5536666666667,0.557482019675176,40.1038631538434,1,6,12,23,85,5175.00400005189,1.00041565647097
"C[1,57,1]",52.2025,2.63803455499896,186.626062064199,0,4,12,38,382.074999999999,5004.76424723877,1.00071140132904
"C[1,58,1]",6.05116666666667,0.121651247563214,8.64571223375459,0,2,4,8,22,5050.89590752437,0.999838440854761
"C[1,59,1]",6.13233333333333,0.123238819847431,8.84112636912296,0,2,4,8,23,5146.5966699006,1.00011676141228
"C[1,60,1]",6.074,0.120586612476178,8.84252352953584,0,2,4,8,22,5377.17607984407,0.999726619327499
"C[1,61,1]",6.01916666666667,0.112467035507291,8.15578846299554,0,2,4,8,23,5258.73650128761,0.999836986086055
"C[1,62,1]",20.8228333333333,0.613874100185639,43.9532034401855,1,6,12,23,87.0249999999996,5126.51751342698,1.00043782468336
"C[1,63,1]",20.8913333333333,0.621654554203155,44.5685866731479,1,6,12,23,89.0249999999996,5139.95699458206,1.00038167862206
"C[1,64,1]",5.98583333333333,0.119488444705804,8.54600130637776,0,2,4,8,21,5115.33514784363,0.999792083611268
"C[1,65,1]",6.04233333333333,0.127808543890113,9.15231311535227,0,2,4,8,21,5127.92854903664,0.999669165505727
"C[1,66,1]",6.03016666666667,0.127895079097357,9.06548144324697,0,2,4,8,23,5024.28280481183,0.999924697757055
"C[1,67,1]",5.95983333333333,0.115852835520807,8.32330660721458,0,2,4,7,22,5161.52993974763,1.00021871878344
"C[1,68,1]",5.98566666666667,0.114334743315626,8.1128970003638,0,2,4,7,22,5034.95371326584,0.999858016631454
"C[1,69,1]",20.7576666666667,0.561484248311214,40.6700907785588,1,6,12,23,88,5246.56586251416,1.00054323453559
"C[1,70,1]",20.548,0.546565442071056,39.8148075362654,1,6,12,23,87,5306.46010659518,1.00045369907088
"C[1,71,1]",6.07283333333333,0.122624567387687,8.95960793792279,0,2,4,8,22,5338.54656605974,0.999889364504983
"C[1,72,1]",6.06716666666667,0.129382370112065,9.21854031575215,0,2,4,8,22,5076.61365432102,1.00003297784539
"C[1,73,1]",6.07283333333333,0.110608466547505,8.08798066335209,0,2,4,8,23,5346.91728490156,0.999743352582059
"C[1,74,1]",51.7813333333333,2.4020591332417,169.987992236137,0,4,12,38,373,5008.05511404771,1.0007357017504
"C[1,75,1]",52.1811666666667,2.45695148312333,174.565981486335,0,4,12,38,372.074999999999,5048.078128584,1.00065459514214
"C[1,76,1]",20.7875,0.573662884051608,41.7621561947138,1,6,12,23,88.0249999999996,5299.71264918653,1.00033427016848
"C_sum",1604.38016666667,19.2390520471333,1350.09193526919,403,877.75,1294,1922,4521.125,4924.46830980243,1.0004301540433
"E[1,1,1]",10.8329246353043,0.0568457713484753,5.08981594388126,3.73094974611561,7.1959073124988,9.92132066024589,13.3630142459937,23.827804749391,8016.9251330206,0.999666998115343
"E[1,2,1]",10.8173005284043,0.0568520431131364,5.03610020567707,3.75200619679568,7.2007011234496,9.84066157194516,13.430850011701,23.0429673709409,7846.87207229591,0.999760913681721
"E[1,3,1]",11.2124273865646,0.0581586285846811,5.14700039585563,3.8833445493173,7.56725730121762,10.3164111678835,13.7757976950421,23.7887841803368,7832.13363939588,0.999724729689412
"E[1,4,1]",10.751726017532,0.0570061192924788,4.99680086111621,3.72388876348358,7.25499614518298,9.79050968360072,13.1662671237384,22.8225308326903,7683.18214070144,0.999579082776819
"E[1,5,1]",10.6430047002603,0.0558623758029754,4.91281361131419,3.7040179095386,7.19371822422583,9.70806056516012,13.2137060712405,22.6311598182462,7734.31348881241,0.999498793400663
"E[1,6,1]",29.8058406869778,0.161075588988418,14.2228089573827,9.81775924638245,19.6154993604204,27.1809092692183,37.2220585091798,63.3615238602966,7796.70849508009,0.999874424569444
"E[1,7,1]",29.9360097013536,0.162576893032423,14.2487735023282,10.082140924101,19.855640183801,27.3194469765466,37.1482852701298,64.205563242453,7681.34597904415,0.999738920353179
"E[1,8,1]",10.8182144096051,0.0583709904969994,5.05190863023492,3.74856343934454,7.21676751013976,9.8893526585718,13.4740508283216,23.0807167747357,7490.60418030873,0.999734673829379
"E[1,9,1]",10.7961580719581,0.0564657678293133,5.04142321862954,3.76762829370437,7.17531689636124,9.87973940476684,13.2911838155016,22.7725980599631,7971.42268513308,0.999724175491175
"E[1,10,1]",10.7820715633007,0.0569590697219712,5.07450622436743,3.80069543781728,7.19919181384301,9.87450396088715,13.2438254472404,23.5564691025752,7937.09911942795,0.999614135337864
"E[1,11,1]",10.6317277224889,0.0542316681433223,4.88073443145002,3.77738817240517,7.14890970592302,9.73309504271746,13.1780262099029,22.5699507376438,8099.61598057584,0.999606709476111
"E[1,12,1]",10.5399773960343,0.054637447093479,4.93693961083213,3.64228815999888,7.07109673442157,9.6322777711408,13.1038382956122,22.371503172552,8164.5984822059,0.999656105817124
"E[1,13,1]",27.7771726656756,0.149878195289542,13.3893400278874,9.25154776854581,18.2162244827293,25.4087255908518,34.5315431050808,59.5495320531739,7980.70819256457,0.999608743285228
"E[1,14,1]",28.2246284676027,0.154355493261221,13.646109173346,9.21534974841689,18.5178244251794,25.7829910626845,35.4171072620533,61.2409430473725,7815.80117782471,0.999697144873567
"E[1,15,1]",11.0335701673612,0.0571324046000382,5.07575382852444,3.85366315049039,7.40475147662261,10.1311654567,13.6461320677557,23.5925484191551,7892.89082231527,0.999677294134247
"E[1,16,1]",5.13054215454686,0.0307968267733703,2.53612573994864,1.70557450727852,3.37104166515033,4.64352835908188,6.33519208230671,11.6713488377097,6781.56023072918,0.999619348198374
"E[1,17,1]",5.10406716392957,0.0286632439310128,2.4759744869903,1.71214598846462,3.34459555666036,4.64238417645431,6.36673539557571,11.2203342258144,7461.76644358991,0.999551067674453
"E[1,18,1]",5.12648715749237,0.0294361057316305,2.50401802961704,1.70841722825995,3.3400309790507,4.65322751633076,6.33528493789958,11.3107547991297,7236.26053381905,0.999535637411777
"E[1,19,1]",5.11382362442229,0.0291742074529579,2.46656160850358,1.7114421562979,3.31132393843614,4.66939378443846,6.37544915600834,11.2024784919708,7148.02069787259,0.999488443975767
"E[1,20,1]",14.2113110166862,0.0777559526176153,6.83922834414106,4.73947830892653,9.34466628927005,12.9830314093458,17.4882805581601,30.9650396467153,7736.54248861256,0.999548462155922
"E[1,21,1]",13.5826570688548,0.0778366181499391,6.7923347889715,4.35845684954064,8.77352107640289,12.3108133287932,16.8234552716992,30.7824762724388,7615.00601604593,0.999703656023842
"E[1,22,1]",5.11766548097746,0.0303498771915061,2.52317171275871,1.66626973804004,3.3046212592335,4.66082519296373,6.37822896161652,11.1711233284902,6911.6181772244,0.999526498741007
"E[1,23,1]",5.13209006190696,0.0298950120717499,2.50682558123431,1.70825679134072,3.34641393038174,4.6562429202958,6.40124699138491,11.4805418135778,7031.54514578347,0.999617928243271
"E[1,24,1]",5.09235440619891,0.0298876325010352,2.50105941910449,1.72231210888223,3.3294114588119,4.60951677656788,6.32311086407543,11.2625221684634,7002.69143788671,0.999647630502558
"E[1,25,1]",5.1275875067683,0.029733358196605,2.54693729878605,1.67578522072842,3.29365753883461,4.62913696872434,6.39379252589991,11.459338290348,7337.50789234758,0.999612334020539
"E[1,26,1]",5.03290753590923,0.0285746608190532,2.42173753025873,1.6549113265628,3.25931381016619,4.60025761990499,6.28480285373232,10.8797273398233,7182.77026881744,0.999521313439849
"E[1,27,1]",13.6190228533148,0.0774656244003507,6.82942077699885,4.38080154929325,8.75356687777035,12.4180276060797,17.0188800631575,30.4963197270695,7772.30243266855,0.999621722976745
"E[1,28,1]",13.3585707196693,0.0749475051392246,6.55181694860037,4.43767327013508,8.59948184082615,12.0943918279428,16.5792292224522,29.4244706283624,7642.03723036314,0.999495274405446
"E[1,29,1]",5.05393663763903,0.029510422744042,2.45796924314424,1.69753069139352,3.29909376716559,4.56953988981622,6.35665341307724,11.1349044436013,6937.48451215468,0.999505129563884
"E[1,30,1]",5.10187304746908,0.0293850203978484,2.46916575241334,1.72846425996336,3.35832045058546,4.655139931143,6.3155199753535,11.2117346896444,7060.71198105401,0.999464869288966
"E[1,31,1]",5.12421785770903,0.0294299717682767,2.51752895034179,1.71177630605166,3.30911175576862,4.63288232901833,6.39313342662002,11.2841095281179,7317.60993780041,0.999504288808574
"E[1,32,1]",5.12930306822232,0.0295442775215193,2.53071305561233,1.67472889876258,3.2893705055102,4.64594504792731,6.43771521325661,11.4652155571578,7337.34707491926,0.999427370788573
"E[1,33,1]",5.12102659840046,0.0301007772682668,2.5283954952167,1.70014636447545,3.32528697921038,4.62652217004954,6.37947121862648,11.2603584072452,7055.610460174,0.999752154766301
"E[1,34,1]",12.9874930750348,0.0755111604778782,6.52479341973165,4.18804025058211,8.35416700866224,11.7352598218044,16.2726119820401,28.6840259940069,7466.39982861785,0.999493013376868
"E[1,35,1]",13.5967692255632,0.0768010191425226,6.76052309863261,4.48101370711912,8.83842600681699,12.3518402697058,16.7935927722577,30.4250474128836,7748.66054645394,0.999543597410087
"E[1,36,1]",5.12834939918789,0.0297637654928526,2.51364602235381,1.71705757465823,3.34723309517007,4.62222904643308,6.37934812101417,11.3841386048011,7132.34743046896,0.999508098245811
"E[1,37,1]",5.12480236967124,0.0302531443626814,2.51571521233077,1.68462914689995,3.35052005769428,4.64786980708927,6.34960633636658,11.5042228451192,6914.83644514835,0.999638100872658
"E[1,38,1]",5.14017649609734,0.0307299087452355,2.57305519155993,1.66701074882289,3.33390535236904,4.63245553191971,6.37909209177728,11.4649976768853,7010.93050944623,0.999693659486734
"E[1,39,1]",5.13345413038924,0.0305232853671131,2.53966452694181,1.71240791333105,3.34185943735424,4.61205653573638,6.40539388343755,11.3498769856327,6922.93337273249,0.999570471458219
"E[1,40,1]",5.11765961971843,0.0302846761408809,2.51972380270524,1.69580102660398,3.30670160869316,4.6497305387251,6.35621073205345,11.4107565524086,6922.45290241955,0.999615112581861
"E[1,41,1]",13.606825184265,0.0763011583353839,6.67046853096236,4.40102263391381,8.76120396397514,12.3559584537822,17.020934655786,30.2247054421596,7642.76343506958,0.999469322075009
"E[1,42,1]",13.5869273083981,0.0756866276833845,6.75554410118826,4.42699161463163,8.76972944919131,12.3353596037242,16.9755978281406,29.8544804692034,7966.77142004108,0.999482315460159
"E[1,43,1]",5.13323514106747,0.0302878954058373,2.53895755645948,1.6900346036334,3.31683962083423,4.6299892669469,6.43473211018739,11.243800910775,7027.0442448211,0.999576191249714
"E[1,44,1]",5.1065567709602,0.0289542580665961,2.49307734703298,1.68408885000212,3.30126173108256,4.63406073647524,6.3711515692002,11.2906649547382,7413.89828349338,0.999618156573343
"E[1,45,1]",5.11302640112845,0.0297745455241537,2.51900676406087,1.70552045144943,3.32371302063316,4.63525896969867,6.37838950423192,11.2301568678732,7157.61583257951,0.999496734895187
"E[1,46,1]",5.10637024129447,0.0288389376178484,2.46373550422381,1.70507123530408,3.3287131058116,4.65759451675827,6.3570352108643,11.1435281385078,7298.4333928727,0.999454441412505
"E[1,47,1]",2.14961546081174,0.0208999631135331,1.49359946365154,0.504186735495164,1.16361759089783,1.78617432156196,2.68547643340065,5.98643443238038,5107.13406806143,0.999946068079499
"E[1,48,1]",5.72361434737557,0.0557911681586812,4.04337508496633,1.26692064210348,3.04069238701447,4.70642165848478,7.21713370866187,16.3933644481636,5252.3922488604,0.999940861902911
"E[1,49,1]",5.7248683891302,0.0551525254323841,4.03707953719053,1.30574410415167,3.07268775142171,4.7466013175585,7.20927321912591,16.2721604326077,5358.01351229446,1.00000682097467
"E[1,50,1]",2.1390205054534,0.0199664311826356,1.44413305715637,0.511050512498338,1.15874726389029,1.78732858449413,2.65524525026319,5.91150181053753,5231.3469925447,0.999749613184992
"E[1,51,1]",2.14038180837844,0.0201771553624977,1.44362219108587,0.518254795401558,1.16799478466733,1.79077900705787,2.67927943770694,5.73977897199383,5119.02467041366,0.999935435105623
"E[1,52,1]",2.14141624702073,0.0201683539871321,1.45153729353007,0.516341204205655,1.1619874035271,1.79206445135335,2.70436106797928,5.90842687323958,5179.82975642704,0.999849418920972
"E[1,53,1]",2.13766540976139,0.0198547891171074,1.42948701700116,0.511209651227329,1.16520814635936,1.773999405544,2.69558950708357,5.8778524857412,5183.58080895782,1.00007409529606
"E[1,54,1]",2.13154114122376,0.0197537014926498,1.44124987168836,0.526580088802117,1.17166097697631,1.76224714808115,2.66654165644834,5.94385486928265,5323.30794267724,0.999757400126812
"E[1,55,1]",5.74328613176815,0.0568480417017342,4.13507323682756,1.25328607099093,3.04281013819419,4.67808260903461,7.14999941863125,16.2141343310036,5290.97115831415,0.999866217783
"E[1,56,1]",5.7224020877981,0.0567405327012677,4.08337184025725,1.26398339611232,3.08066149655335,4.70954642685805,7.16047452279038,16.0771495442497,5179.06118007448,0.999821310654949
"E[1,57,1]",9.17795961681668,0.20824349928569,14.5504801235291,0.489830646350538,2.11480809690456,4.7113807938598,10.4532446078491,45.4691292420697,4882.1570087654,0.999900502548137
"E[1,58,1]",2.14358832582706,0.0202129339154647,1.45995314894826,0.512629751343117,1.16523907361824,1.78373619674211,2.68640482961387,5.80956606966402,5216.97945093363,0.999950111923791
"E[1,59,1]",2.14353030782527,0.0203978504061927,1.45509919306416,0.513372248695287,1.17087095734769,1.78158491552081,2.67676189345828,5.95468355938796,5088.81186174351,0.999924287014274
"E[1,60,1]",2.14275057396646,0.0208204193422909,1.46115035115495,0.524520058950364,1.16648608283954,1.78081596079461,2.68289294571986,5.90231108011242,4925.05255106798,0.999761730756966
"E[1,61,1]",2.13685811437745,0.0199201589411177,1.44439047236422,0.511340955103189,1.15657381495959,1.78931381376027,2.68033819520134,5.95519339066384,5257.55266188873,1.00000239868844
"E[1,62,1]",5.74321366769288,0.0557548946615297,4.10678787470586,1.28417403012668,3.07529589623969,4.66512123410242,7.19424356064526,16.2295861290574,5425.48469786133,0.999738048167961
"E[1,63,1]",5.7614223826939,0.0586594693236736,4.23528877292717,1.28856384904685,3.06900659971344,4.68496171121184,7.1338969445572,16.5944831687316,5213.02484259214,0.99988666971083
"E[1,64,1]",2.13560874911374,0.0202098927882198,1.42990794423367,0.525567452255088,1.15935841891206,1.78619817682132,2.68691494875572,5.73864311855166,5005.9688028095,1.00018629071329
"E[1,65,1]",2.13742852356255,0.0208591261826149,1.46206878472224,0.512617756228056,1.17669854151917,1.76711568913135,2.67128016677585,5.83099199601297,4912.96180071701,0.999970384951517
"E[1,66,1]",2.13517797978735,0.0201010480412359,1.45455963071436,0.513545321003623,1.16383789953097,1.76204829508689,2.67118237713577,5.8728047579669,5236.31370775536,1.00006867950771
"E[1,67,1]",2.13564053565537,0.0201003236362095,1.45599322010525,0.524246510215118,1.15707858417859,1.77420860495823,2.67890755800668,5.91546235548021,5247.01861787873,0.999951556154901
"E[1,68,1]",2.13576278314334,0.0202720987446833,1.44394194951704,0.50576578167894,1.16875285668871,1.76556873720043,2.68556767393894,5.90274240059805,5073.4343093966,0.999822775182798
"E[1,69,1]",5.73236440179859,0.0563874293072299,4.04922590506456,1.26972742991469,3.04608023046111,4.71487855305221,7.17682799150377,16.3043930112952,5156.78971437599,0.999815537786096
"E[1,70,1]",5.72883666131575,0.0562208917494381,4.08172099134091,1.25604923503846,3.08530715851817,4.68665846159757,7.13955775837813,16.4722757546616,5270.97759303413,0.999944157994821
"E[1,71,1]",2.13237486307374,0.0205159042477892,1.43582335501464,0.496251402754825,1.16706205781326,1.77865002305278,2.65454277611991,5.99204782275354,4898.02164076389,0.999752699713981
"E[1,72,1]",2.13388529980085,0.0200710423516043,1.43268475892388,0.507079154322955,1.16340947915331,1.76986946113048,2.68728597745516,5.82753933518061,5095.20224229818,0.999931739571223
"E[1,73,1]",2.14199786916634,0.0202573063527041,1.44271171317088,0.507835180067975,1.17130328863557,1.76872701434055,2.6823882141447,5.94342796960308,5072.19245324134,0.999948252115423
"E[1,74,1]",9.11981102445286,0.198233905765027,14.1666573436608,0.49716550849952,2.13705382039917,4.68126080365986,10.5670611498556,43.2792647498704,5107.15340758933,1.00013975470392
"E[1,75,1]",9.23876080414443,0.209424782834827,14.8356279770487,0.488995738340592,2.11985221119449,4.64932921241424,10.4139834625391,45.3838650911428,5018.28960778254,1.00002937542406
"E[1,76,1]",5.73443691364496,0.0549821923345482,4.05052082131309,1.27418057473942,3.05907842621313,4.71705599527998,7.17031044404477,16.3696634070544,5427.22257219077,0.999970041886721
"E_sum",578.409064369897,2.89379528987973,246.511734989619,214.778227080282,402.805379972121,539.560755252965,713.67412467504,1150.89720058506,7256.70696098504,0.999562467106363
"R_G_out",1.4041242435526,0.00461734659592828,0.438886922990175,0.739778568714301,1.09057780417448,1.34081267838796,1.63940367199372,2.42448533288305,9034.83718273402,0.999914870722055
"R_G_boat_out",2.96230797646234,0.00368553062226084,0.393351424079952,2.24573526811912,2.6882012683838,2.94852725430315,3.21521314856493,3.79201668215943,11390.9882956733,0.999471275788278
"kappa_OSP_out",3.13222256479923,0.00954226524999395,0.974575166832397,1.65526747483677,2.44029042733357,2.99132619443679,3.65538104570212,5.49728433065397,10431.0424441461,0.999793838418403
"f_crab_out[1]",0.299223639073136,0.000989594854135315,0.0990338250904746,0.127664051949765,0.226200557345567,0.292339696714691,0.366861724060798,0.508499519927122,10015.0299082716,0.999508486567938
"f_lower_out[1]",0,NA,0,0,0,0,0,0,NA,NA
"osp_f_kappa_out",0,NA,0,0,0,0,0,0,NA,NA
"sigma_f_out",0,NA,0,0,0,0,0,0,NA,NA
"cfi_kappa_out",0,NA,0,0,0,0,0,0,NA,NA
"combo_c_out[1]",0,NA,0,0,0,0,0,0,NA,NA
"sigma_c_out",0,NA,0,0,0,0,0,0,NA,NA
"cfc_kappa_out",0,NA,0,0,0,0,0,0,NA,NA
"sigma_IE_out",0.197391764186628,0.0020514018903284,0.195788067402322,0.00554617233702475,0.0583451723888705,0.13870810427838,0.274384859211518,0.719133698832932,9109.00491352613,0.999469580186824
"B1_C_out",0.087574066330247,0.0064540011739433,0.59651698635776,-1.03825157167318,-0.307622060980035,0.0732613242569728,0.464131903884305,1.30628978051176,8542.55040644348,1.00010869133856
"B2_C_out",-0.00866139075931791,0.00913204379496248,0.96328995931566,-1.88684366409514,-0.653324551982794,-0.0107266997767448,0.63951576518265,1.87806966894961,11127.0002000407,0.999570000842039
"gamma_C_out",-0.00109308781471699,0.0101617299581205,0.996624885160285,-1.96388778263627,-0.652231134622343,0.00133532208608475,0.657614741577958,1.94144222977813,9618.96080060381,1.00036971080596
"L_out[1]",3.00111986332174,0.00991895568621656,0.902797265324652,1.64675212901851,2.35697044582321,2.87759738343172,3.50470524213709,5.09678743650698,8284.161744832,0.999695368178191
"L_out[2]",3.00036063900815,0.0103897940864039,0.898460271865983,1.64390391879674,2.35635330672277,2.86513790513149,3.5069534063364,5.11808520770225,7477.97270443216,0.999835060645867
"L_out[3]",3.11052483654777,0.00990545860412198,0.899187682364656,1.72740635393748,2.47254764976138,3.00144928362386,3.59757465074887,5.20649000054982,8240.46128502211,1.00022256813671
"L_out[4]",2.97895465191565,0.00966348169426057,0.871375654215731,1.67257026977501,2.36263025019243,2.85684798963513,3.45972421556587,4.96920382105036,8130.99299700077,0.999703695730356
"L_out[5]",2.95501977402355,0.0101930403874192,0.880862285709375,1.63706539302791,2.33046957355207,2.82909847923844,3.44704544658045,4.98256802898562,7468.07278434672,0.999899487147682
"L_out[6]",3.10504829647861,0.010549915331484,0.910930849502058,1.68986195964371,2.46293546745676,2.98067610637954,3.59305664131477,5.30694916409525,7455.43300190526,0.999940736115226
"L_out[7]",3.12026754779473,0.00976383924493898,0.905768051521598,1.74862881709233,2.45833766240128,3.00422601714935,3.63088197967492,5.20889556330353,8605.8298517022,0.999734106977989
"L_out[8]",3.00146094463727,0.0102704111028353,0.913602381892962,1.58407134607139,2.35599785822175,2.86567801227219,3.5016940646903,5.06954179958559,7912.95672578653,0.999854782737975
"L_out[9]",2.98962614126187,0.00969911450545381,0.880471958405141,1.6378830397451,2.37010771963561,2.87240852944665,3.47642806918419,4.97052560561539,8240.7527646277,1.0004055692937
"L_out[10]",2.98872566857286,0.00975689171360125,0.901134726945446,1.63707935035577,2.35619500378829,2.85769078067057,3.46417061080116,5.11100915175947,8530.1463575123,0.9999385972801
"L_out[11]",2.95049097710426,0.0096847454943975,0.863200821715294,1.63865373760788,2.33030706381393,2.82309614315073,3.42636897398077,4.96141204729254,7944.14688330676,0.999860379309395
"L_out[12]",2.92165295196124,0.00944377864436466,0.870683038286859,1.60354985373047,2.30127602567404,2.79807180221677,3.40269083340884,4.93985828193393,8500.18876444438,0.999795467983221
"L_out[13]",2.89199144654901,0.00978193731031288,0.858737598204385,1.57289558594301,2.27978040478683,2.76631185093121,3.37417936564402,4.9130775437296,7706.74883976239,0.999743006193677
"L_out[14]",2.94010986510113,0.0104001489427976,0.886266862918473,1.61641485495811,2.31253319404315,2.81740900113499,3.42211805157213,4.98944478800161,7261.89399708443,0.999934575893548
"L_out[15]",3.06323833523295,0.00982873788357068,0.900820919727114,1.69944538101064,2.42023319288186,2.92459045571224,3.57637232844274,5.16183541058712,8400.04127147199,1.00023247992945
"L_out[16]",3.00017051265044,0.00972114237474944,0.895570036179932,1.62032112056739,2.35529002590888,2.87549055152341,3.52566262177879,5.09155644031745,8487.20127409924,1.00011268347267
"L_out[17]",2.98484486096478,0.00969928367465671,0.868948087901501,1.6462019432006,2.35973461785768,2.87177690132995,3.47449162215269,4.9581786021994,8026.16975997618,0.999805156000435
"L_out[18]",3.00107178328126,0.0104207679445106,0.899841539975653,1.63506380397677,2.36187922799118,2.87970441159681,3.48346487116819,5.11446315797392,7456.45886004879,0.999935059127557
"L_out[19]",2.99796649935763,0.00994241156959426,0.898042565520434,1.62287083669753,2.36175304509654,2.87573308734188,3.49371005535887,5.05988617823667,8158.50097725901,0.999739821173313
"L_out[20]",3.14034108850621,0.00969854821685045,0.899292019569444,1.75445547664448,2.49868739211994,3.01568109027731,3.65131667854107,5.21894778213393,8597.81350046445,0.999618598705506
"L_out[21]",2.99079137307423,0.010247920478038,0.893151368384771,1.63164380644647,2.34678708867851,2.87081940413015,3.48637428499907,5.06094524193909,7595.88957328443,1.00033178534539
"L_out[22]",2.98923690829744,0.0101021419462464,0.895330345579684,1.62076573319624,2.35111531452691,2.87019219419748,3.48772342110311,5.08009345457345,7854.88218824328,1.00002657387053
"L_out[23]",3.00106566620441,0.010182760605595,0.891961683114257,1.61933259286374,2.3711863684051,2.8788595907577,3.48715251682227,5.14554175323054,7672.93164503339,1.00019865836502
"L_out[24]",2.97792895144209,0.0098203768773819,0.885534352342784,1.63835284656234,2.36069275027069,2.8406267509342,3.45445850493108,5.01922053987677,8131.19762592218,0.999976404992629
"L_out[25]",2.98972241157256,0.00978362887831626,0.892923195913787,1.62996759341371,2.3539072595221,2.85696234633588,3.47488869213859,5.11516433224674,8329.67907801906,1.00006419249036
"L_out[26]",2.94160587167929,0.00992659143408697,0.84421426312026,1.64004349470825,2.34367199456349,2.82833316778323,3.41394196470787,4.89256001283881,7232.77701707811,0.99973196289548
"L_out[27]",2.99588440517982,0.00994151345352635,0.900407859522899,1.63355146642486,2.37706937807174,2.8581215428966,3.48259490201622,5.10105909577368,8203.01574866709,1.00004247233982
"L_out[28]",2.94613908957317,0.0096390882014537,0.862473340317279,1.61144828590291,2.32638648292747,2.82898032360625,3.42182483266665,4.97438890533665,8006.07124790295,0.999811327107484
"L_out[29]",2.95419093482171,0.00987934137693185,0.869306607154938,1.64353517930493,2.33085888053369,2.82469539805185,3.45036157802893,5.00829357183194,7742.65620488591,0.999602555005695
"L_out[30]",2.9875261789995,0.00973316385521883,0.873379303312742,1.65473815337156,2.36519297440702,2.85108059768211,3.49182160843726,5.03011969426247,8051.88795532207,0.999858714634737
"L_out[31]",2.9938093187677,0.0101505856879281,0.899823352353681,1.63065501373346,2.34435300905708,2.86423842067115,3.47788465722291,5.07034178054511,7858.36716216845,0.999911882928529
"L_out[32]",2.99491614289848,0.00977934986871991,0.90288536052475,1.6011024311813,2.35225741670497,2.85894327748218,3.50639650120484,5.05685453111438,8524.03560461098,0.999584766506658
"L_out[33]",2.9901637809399,0.0101295874492701,0.878411428008892,1.644840212213,2.34732863851937,2.87008494686922,3.48894506520832,4.99052016602919,7519.90645833058,1.00052677150244
"L_out[34]",2.86099055188922,0.0101870897137471,0.867604236170938,1.57018448884848,2.25769176186991,2.73095384452233,3.33390611396862,4.81897276352064,7253.42401743052,1.00000860904907
"L_out[35]",2.99818540463793,0.0101221041469291,0.900525983234306,1.63970311358388,2.35945860985042,2.87841625795241,3.48858362379771,5.06546935927694,7914.99953093089,0.999747756121482
"L_out[36]",2.99574291417449,0.010265953206605,0.889211515819225,1.63918539571097,2.34999673653742,2.87437661376344,3.48795805776419,5.09960823486744,7502.59660400109,0.999748432273387
"L_out[37]",2.99679360803475,0.00998516817861267,0.892983871998502,1.62194858740102,2.34393862109752,2.87368774119083,3.48933443595279,5.11471359384201,7997.90907423222,0.99990110609011
"L_out[38]",3.00309345432187,0.0104487752268387,0.917927340034931,1.61123622079626,2.35792493628236,2.86715837451491,3.50189383377919,5.18269144050097,7717.66346829628,1.00024270466028
"L_out[39]",2.99874956590839,0.00979087296098611,0.89233129475382,1.66147319735472,2.36063958697329,2.87823147125883,3.48957050400831,5.04083542899884,8306.33452254328,1.00005522996439
"L_out[40]",2.98750596197293,0.0100832356288512,0.882309564545233,1.6371292220273,2.34780293816876,2.86797362589662,3.48313047704524,5.0178197818952,7656.70900920791,0.999982319399507
"L_out[41]",2.99889819928033,0.0100804224486763,0.880753579383039,1.65671374080048,2.38005216148065,2.88263017482679,3.49132503858604,4.99995246707237,7633.98615532045,1.00000052204868
"L_out[42]",2.99337380301287,0.00969818194738855,0.900028215808831,1.63202119946407,2.36864416365952,2.86929706328999,3.47710471794022,5.14215341028481,8612.54678723024,1.00003691408073
"L_out[43]",2.9953076576669,0.0101381936273701,0.893223762927633,1.6446377226088,2.36061511123093,2.86880084615173,3.48639042091547,5.12162296792932,7762.45997227364,1.00002438910525
"L_out[44]",2.9846563912578,0.00956485306900272,0.878492691574334,1.62978500472695,2.35929424651923,2.85210487653366,3.49094614537178,5.06730605380771,8435.67228676956,0.999976479119899
"L_out[45]",2.98493098658212,0.00996015095080769,0.883512594771614,1.6431229680163,2.35256974923847,2.85922038440965,3.47841967419781,5.04969344532446,7868.53079728634,1.00013815269586
"L_out[46]",2.98920151965535,0.00981858585296906,0.878785002468194,1.66269923906789,2.3586205681642,2.87353095464406,3.46455151538878,5.01387322403396,8010.64321667639,0.999682776100294
"L_out[47]",2.99907152232302,0.0101311978905221,0.906152682673788,1.63033817407594,2.35695235732843,2.86854303419471,3.48522054247377,5.13487379775904,7999.83747985012,1.00006585061472
"L_out[48]",2.98857118168226,0.0100139055948743,0.892880960401492,1.61895398098924,2.36182199526711,2.86855306083854,3.46844781331101,5.08503563046339,7950.23816324128,0.999861559737886
"L_out[49]",2.98917529923578,0.00977540302261175,0.865190419338686,1.68279431965454,2.36274203340713,2.87134063757077,3.47539677893242,5.06157312732592,7833.46775418268,1.00047224012331
"L_out[50]",2.99600269689895,0.00996716818852037,0.896311748628021,1.59769770438447,2.35879690854277,2.87678359278816,3.50909884553006,5.02717332417588,8086.76093997067,0.999744864420324
"L_out[51]",2.99588287762922,0.00999309713574628,0.884980204293658,1.63994827976083,2.3532701313655,2.87548260428963,3.49187477162519,5.07068372068956,7842.7233338058,1.00010021694567
"L_out[52]",2.99812769678306,0.0103919570512688,0.896388301313748,1.60897882261548,2.36672518461712,2.87023257468138,3.49660551509528,5.12815162382317,7440.42380473511,0.999757433552472
"L_out[53]",2.99414405255961,0.0101841272959398,0.883374232610235,1.62743588664295,2.3624649698925,2.86774265615296,3.48240672606608,5.04892121904928,7523.87923053249,0.999876752938262
"L_out[54]",2.9889212199721,0.00962129713504753,0.87935362585406,1.64229783089427,2.35178641087271,2.86409439124698,3.48349090394235,5.06920520668232,8353.33431412062,0.999681430076522
"L_out[55]",2.99240669106714,0.0096694866438307,0.88770141547831,1.63545310834136,2.36936864652675,2.87470023724844,3.48696325773826,5.08677234064044,8428.04778024299,0.999860382236003
"L_out[56]",2.99176053002059,0.0101653918113047,0.877809978837226,1.64434707193508,2.35166048622427,2.8850628759161,3.49056572989698,4.99202035212146,7456.80492671867,0.99996697939548
"L_out[57]",2.99059871281509,0.00996584315893645,0.883954589733903,1.63335039547633,2.35062601217522,2.86676204104469,3.50753672128992,5.00905414267246,7867.41055723755,1.00011006328081
"L_out[58]",2.99495115360985,0.00971807099693878,0.896679402734025,1.59716711432487,2.34620414427661,2.87886046300139,3.50338842360089,5.06584513315756,8513.61982013299,1.00021808961195
"L_out[59]",3.00099456943583,0.0103720529817703,0.902227262036245,1.62149080291377,2.3675699111138,2.87760369122008,3.48632380791534,5.0437236797595,7566.62896337552,0.999969136108339
"L_out[60]",2.99968665821725,0.0107084153925283,0.910147081095604,1.6430235722438,2.35703872805407,2.86750218578338,3.48108677097456,5.14355815522933,7223.91690780988,0.999601914611143
"L_out[61]",2.98477307289356,0.00973050125502514,0.879760482872087,1.62644111925554,2.35404971570283,2.86992176616097,3.46645475624154,5.06852348171341,8174.44874024522,0.999963474856721
"L_out[62]",2.99887612720408,0.00990160276163253,0.900781575884043,1.6194232959745,2.35109287735312,2.87333942338931,3.50728813533519,5.04932473033698,8276.1431020952,0.999888277299629
"L_out[63]",2.99872794078989,0.0100728048472534,0.916722955793178,1.61022987189694,2.34855009056072,2.86904574033747,3.49327080229309,5.12353542049617,8282.76564743703,0.999807132254028
"L_out[64]",2.99386179458069,0.00971123120826907,0.881655821089537,1.63678133054852,2.34901486102304,2.88139600756792,3.50029848211782,5.04895525651009,8242.32187525124,1.00031211758947
"L_out[65]",2.9921441153613,0.00998139621986457,0.888099607480715,1.63736769356214,2.35436749459435,2.87758289684932,3.48580707702623,5.0438653721299,7916.63760562634,1.00008589478625
"L_out[66]",2.98858955534546,0.00970723066435616,0.893547711715451,1.61825602972477,2.35014498142744,2.87448144602252,3.47555435006927,5.09117265362536,8473.1480520371,1.0000486525338
"L_out[67]",2.98928423997874,0.0098805261962789,0.902053457205351,1.63267004214132,2.35625496730222,2.85793855282934,3.45840586601208,5.08506096318291,8334.97694265809,0.999890788106329
"L_out[68]",2.9890845108276,0.0100943204951426,0.892451838145501,1.64382192601113,2.34757844510773,2.85810283638265,3.48399078644077,5.10700226002947,7816.5551746563,0.999772019269736
"L_out[69]",2.99334343280432,0.0102244318631099,0.898220725873336,1.61097796349046,2.34744608792943,2.86617838396479,3.50500296053358,5.09026760803279,7717.69788266475,1.00021920442634
"L_out[70]",2.98966313183568,0.0102479316202152,0.898609825859668,1.63747791918818,2.34468689846687,2.85283337822296,3.48868610865743,5.03153497863471,7689.00048624873,0.999964807793178
"L_out[71]",2.98717014710153,0.00999354854996516,0.901532289682822,1.61565982851595,2.33870168932248,2.85519777274226,3.495685284369,5.1300827499714,8138.10181768231,0.99956874098803
"L_out[72]",2.99022277830538,0.0100290332901859,0.886312820541427,1.62933215395158,2.35565864881063,2.87815762603796,3.47563335520315,5.0866867655744,7810.08781565048,0.999884199659124
"L_out[73]",3.00126274080814,0.0104175600254363,0.9039059340261,1.6462665552087,2.35083311825495,2.87639132634138,3.49081663157637,5.08827891337732,7528.60396232906,0.999899475392482
"L_out[74]",2.99381675443588,0.0103126912409005,0.889295833766618,1.62097033831494,2.36969847452398,2.87179592245369,3.47020589695807,5.10522503301299,7436.15587606392,0.999843564843841
"L_out[75]",2.99914468483744,0.0102217486989815,0.912403717912236,1.62882423220827,2.34369657315007,2.88094588275484,3.49379316143452,5.08968425977894,7967.52974134593,1.00020425463146
"L_out[76]",2.99439260749385,0.0102244586361777,0.890097644189473,1.64624620234057,2.36796757046299,2.86657088340173,3.47411845004393,5.10667295667478,7578.69899787529,1.00014574257212
"tau_bar_out",2.96142700905322,0.00878954306246508,0.756019632011994,1.78518957038072,2.42477024838376,2.86469551991565,3.38942818367432,4.6753926026652,7398.32746288647,1.00003643808594
"log_lik_trailer[1]",-2.58978096639662,0.00252071249685729,0.20459024878539,-3.00505123260621,-2.72367008262631,-2.58707407056934,-2.44743522312409,-2.19953520763994,6587.5394941909,0.999859168442189
"log_lik_trailer[2]",-3.62706793572672,0.00470359012061071,0.382351973352039,-4.53664643418972,-3.84213744909153,-3.56483515318087,-3.36067368310769,-3.03018989271142,6607.96498317437,0.999538074448559
"log_lik_trailer[3]",-2.16886506738158,0.00215142898039111,0.176965378132612,-2.53467996746385,-2.28847893157269,-2.16054264258714,-2.0455069030977,-1.84630086424432,6765.85347160736,0.999621513850998
"log_lik_trailer[4]",-1.92743421298391,0.00290799235115557,0.242355635652046,-2.49700426410704,-2.0603002184926,-1.89850065478675,-1.75561685387423,-1.54228266415344,6945.75925809172,0.99969679599564
"log_lik_trailer[5]",-2.01020730867665,0.00555566403647312,0.496775382716494,-3.13943006645306,-2.31392391685253,-1.95745387119925,-1.65289907833663,-1.19479742935093,7995.54704609965,0.999778002997181
"log_lik_trailer[6]",-2.16886506738158,0.00215142898039111,0.176965378132612,-2.53467996746385,-2.28847893157269,-2.16054264258714,-2.0455069030977,-1.84630086424432,6765.85347160736,0.999621513850998
"log_lik_trailer[7]",-2.58978096639662,0.00252071249685729,0.20459024878539,-3.00505123260621,-2.72367008262631,-2.58707407056934,-2.44743522312409,-2.19953520763994,6587.5394941909,0.999859168442189
"log_lik_trailer[8]",-3.39747468679165,0.00316564683270158,0.244501582185736,-3.88612202459625,-3.55739285892438,-3.39495052715529,-3.23115348541916,-2.92899793657489,5965.3842478282,0.999747983925616
"log_lik_trailer[9]",-4.22012503292515,0.00623177053869724,0.510146029166718,-5.39252381509709,-4.51940500950208,-4.15685581063593,-3.85791669595882,-3.39548969284876,6701.40883250909,0.999705523552626
"log_lik_trailer[10]",-2.68714508674697,0.00263689110793971,0.223937819062058,-3.16432777953304,-2.82744170699387,-2.67415818778722,-2.52894819557865,-2.2928275459178,7212.24542973591,0.99941726617533
"log_lik_trailer[11]",-3.18140961972264,0.00355141571030024,0.294882552741613,-3.83133008433826,-3.3589156657718,-3.15140085789187,-2.96893337153431,-2.68510130673926,6894.37865098779,0.999519000730093
"log_lik_trailer[12]",-4.04240219030377,0.00543456500499028,0.451883163845011,-5.13014870212899,-4.28165909039158,-3.97368349321468,-3.72893409026076,-3.359367326026,6913.89446024891,0.999700074501571
"log_lik_trailer[13]",-1.2482313023132,0.00285686428715629,0.257162478808494,-1.80436838424071,-1.41118837100356,-1.2278740895893,-1.06178842441562,-0.812561289596718,8102.81617604758,0.999454006319839
"log_lik_trailer[14]",-2.21905185683181,0.00205959603002423,0.180301078101693,-2.58532990398581,-2.33983690382576,-2.21124672972454,-2.09443077003632,-1.88841529019064,7663.59517082233,0.99943717753306
"log_lik_trailer[15]",-2.21905185683181,0.00205959603002423,0.180301078101693,-2.58532990398581,-2.33983690382576,-2.21124672972454,-2.09443077003632,-1.88841529019064,7663.59517082233,0.99943717753306
"log_lik_trailer[16]",-3.36075448788484,0.00352639415485843,0.29379099501941,-4.0209890981863,-3.5339855223706,-3.33401625798812,-3.16014520409121,-2.84682717038017,6940.89147924432,0.999515060808431
"log_lik_trailer[17]",-2.93875814010904,0.00276840759091516,0.231744922521146,-3.40801709627769,-3.08679065666291,-2.93108617025098,-2.77798374859893,-2.50747826122107,7007.45620920974,0.99945617884761
"log_lik_trailer[18]",-1.79156252670226,0.00170255237955827,0.149071943479297,-2.10431734266608,-1.88984619020201,-1.78282575796553,-1.68408914821886,-1.52628901454639,7666.38919366841,0.999619830118129
"log_lik_trailer[19]",-1.79156252670226,0.00170255237955827,0.149071943479297,-2.10431734266608,-1.88984619020201,-1.78282575796553,-1.68408914821886,-1.52628901454639,7666.38919366841,0.999619830118129
"log_lik_trailer[20]",-1.79156252670226,0.00170255237955827,0.149071943479297,-2.10431734266608,-1.88984619020201,-1.78282575796553,-1.68408914821886,-1.52628901454639,7666.38919366841,0.999619830118129
"log_lik_trailer[21]",-1.43617913855835,0.00141026619346722,0.116411648601269,-1.68561411768592,-1.51034274373157,-1.42730055536053,-1.35500805478297,-1.23009502859952,6813.82050537704,0.999784532059153
"log_lik_trailer[22]",-2.2749706858589,0.00692754215451471,0.597101188252874,-3.66924830539666,-2.62900532479143,-2.19668028217849,-1.84864799763416,-1.32872714020239,7429.12244847356,0.999521432069576
"log_lik_trailer[23]",-1.43617913855835,0.00141026619346722,0.116411648601269,-1.68561411768592,-1.51034274373157,-1.42730055536053,-1.35500805478297,-1.23009502859952,6813.82050537704,0.999784532059153
"log_lik_trailer[24]",-1.2482313023132,0.00285686428715629,0.257162478808494,-1.80436838424071,-1.41118837100356,-1.2278740895893,-1.06178842441562,-0.812561289596718,8102.81617604758,0.999454006319839
"log_lik_trailer[25]",-1.2482313023132,0.00285686428715629,0.257162478808494,-1.80436838424071,-1.41118837100356,-1.2278740895893,-1.06178842441562,-0.812561289596718,8102.81617604758,0.999454006319839
"log_lik_trailer[26]",-1.79156252670226,0.00170255237955827,0.149071943479297,-2.10431734266608,-1.88984619020201,-1.78282575796553,-1.68408914821886,-1.52628901454639,7666.38919366841,0.999619830118129
"log_lik_trailer[27]",-1.2482313023132,0.00285686428715629,0.257162478808494,-1.80436838424071,-1.41118837100356,-1.2278740895893,-1.06178842441562,-0.812561289596718,8102.81617604758,0.999454006319839
"log_lik_trailer[28]",-2.13318905405236,0.00379785493207002,0.305992884590761,-2.88977806454362,-2.29074487116929,-2.08451770330849,-1.92016525740176,-1.67930554061259,6491.51271068138,0.999492163485095
"log_lik_trailer[29]",-1.43617913855835,0.00141026619346722,0.116411648601269,-1.68561411768592,-1.51034274373157,-1.42730055536053,-1.35500805478297,-1.23009502859952,6813.82050537704,0.999784532059153
"log_lik_trailer[30]",-2.25819828016748,0.00425598876042773,0.330638957183446,-3.02588704121223,-2.44157929302279,-2.20366949449825,-2.02319525703037,-1.76724878601836,6035.4144780001,0.999510551309071
"log_lik_trailer[31]",-0.620111709075161,0.00278815434887161,0.192174636781337,-1.05050570888353,-0.733705680201764,-0.599309028596532,-0.480764397130204,-0.306865487574964,4750.7099258208,0.999718083105043
"log_lik_trailer[32]",-1.35543721867194,0.00167304681994071,0.129670328227534,-1.64792567304024,-1.43007154311009,-1.34040034517166,-1.26338715136923,-1.15077641731575,6007.10233796195,0.999465215736599
"log_lik_trailer[33]",-4.24853618691546,0.0117951684838717,0.878990376743673,-6.20858642181767,-4.76518711591331,-4.14089545964568,-3.59816980135895,-2.87938688796981,5553.41262478094,0.999724488878209
"log_lik_trailer[34]",-1.35543721867194,0.00167304681994071,0.129670328227534,-1.64792567304024,-1.43007154311009,-1.34040034517166,-1.26338715136923,-1.15077641731575,6007.10233796195,0.999465215736599
"log_lik_trailer[35]",-1.2830675261883,0.00488225261209568,0.400351328260109,-2.16053146881904,-1.52206386916104,-1.23515646860156,-0.998013848472079,-0.632344399357438,6724.22217534438,0.999518052514205
"log_lik_trailer[36]",-0.620111709075161,0.00278815434887161,0.192174636781337,-1.05050570888353,-0.733705680201764,-0.599309028596532,-0.480764397130204,-0.306865487574964,4750.7099258208,0.999718083105043
"log_lik_trailer[37]",-0.620111709075161,0.00278815434887161,0.192174636781337,-1.05050570888353,-0.733705680201764,-0.599309028596532,-0.480764397130204,-0.306865487574964,4750.7099258208,0.999718083105043
"log_lik_trailer[38]",-0.620111709075161,0.00278815434887161,0.192174636781337,-1.05050570888353,-0.733705680201764,-0.599309028596532,-0.480764397130204,-0.306865487574964,4750.7099258208,0.999718083105043
"log_lik_trailer[39]",-0.620111709075161,0.00278815434887161,0.192174636781337,-1.05050570888353,-0.733705680201764,-0.599309028596532,-0.480764397130204,-0.306865487574964,4750.7099258208,0.999718083105043
"log_lik_trailer[40]",-0.620111709075161,0.00278815434887161,0.192174636781337,-1.05050570888353,-0.733705680201764,-0.599309028596532,-0.480764397130204,-0.306865487574964,4750.7099258208,0.999718083105043
"log_lik_trailer[41]",-0.620111709075161,0.00278815434887161,0.192174636781337,-1.05050570888353,-0.733705680201764,-0.599309028596532,-0.480764397130204,-0.306865487574964,4750.7099258208,0.999718083105043
"log_lik_trailer[42]",-0.620111709075161,0.00278815434887161,0.192174636781337,-1.05050570888353,-0.733705680201764,-0.599309028596532,-0.480764397130204,-0.306865487574964,4750.7099258208,0.999718083105043
"log_lik_trailer[43]",-1.35543721867194,0.00167304681994071,0.129670328227534,-1.64792567304024,-1.43007154311009,-1.34040034517166,-1.26338715136923,-1.15077641731575,6007.10233796195,0.999465215736599
"log_lik_trailer[44]",-1.85174987123232,0.00267555688263859,0.181329910128048,-2.24943577488077,-1.96016411118595,-1.83395979438778,-1.72516030469692,-1.54922738062752,4593.1488043057,0.999724295682213
"log_lik_osp[1]",-4.35208772962131,0.00556549635837911,0.475672819481348,-5.49194216498334,-4.59677719452814,-4.27153465307858,-4.01549671960365,-3.64214066457353,7304.80902264741,0.999639287237712
"log_lik_osp[2]",-3.12058210043689,0.00274787748135617,0.209778525044126,-3.56602427707466,-3.25506056812709,-3.10855719148394,-2.97375097925731,-2.74654929044008,5828.10442912797,0.99994568556883
"log_lik_osp[3]",-2.93650418601344,0.00306811498769224,0.223052221058003,-3.4246600475866,-3.07165896623857,-2.92207304333117,-2.77770295388052,-2.55235952318792,5285.3023904274,0.999755871543013
"log_lik_osp[4]",-5.00152825606058,0.00563071756083217,0.463105999246442,-6.15547149205704,-5.2208640095534,-4.92141782441425,-4.68842494784929,-4.32388239457479,6764.46302277595,1.00005574334141
"log_lik_osp[5]",-5.22805220244211,0.0061973501903781,0.517806298381015,-6.50075973583523,-5.4790577840584,-5.1396565632421,-4.87088204335708,-4.48091090200365,6981.07948535893,0.99999874757672
"log_lik_osp[6]",-2.93478375355512,0.0028106048752678,0.224082391355241,-3.4154924313591,-3.07373543806466,-2.91628117067891,-2.77601343333924,-2.54835122534792,6356.46808152686,0.999950010997172
"log_lik_osp[7]",-2.89228083299575,0.00342067285885303,0.302372625270282,-3.59187595517799,-3.05828934320894,-2.85445276339149,-2.68346950861371,-2.40448195034724,7813.79220384859,0.999765581487968
"log_lik_osp[8]",-3.86236854582507,0.00521574381629271,0.409178458791314,-4.84792485703036,-4.06489406701351,-3.79987880519165,-3.58928307164137,-3.24374843207294,6154.50346773016,0.999564387164946
"log_lik_osp[9]",-3.82610772131649,0.00381944334443916,0.293644494124392,-4.49080784978148,-3.99636383448291,-3.80066149522499,-3.62792125578508,-3.32331611930592,5910.76345765223,0.999624046505976
"log_lik_osp[10]",-3.78374388704078,0.00383948505840583,0.318261547922603,-4.52322143440036,-3.96167495159897,-3.7437241221879,-3.56426767816118,-3.27053028297643,6871.03843270478,0.999950291769089
"log_lik_osp[11]",-2.43448125594139,0.00251580905114003,0.188320118153488,-2.85021301321523,-2.54716046821303,-2.42061834855579,-2.29805683299017,-2.11649610075158,5603.22530118885,0.999464787195839
"log_lik_osp[12]",-4.86321707621407,0.00775521415548935,0.670776331044904,-6.55335124816198,-5.16591043687787,-4.70576071616858,-4.39743499140284,-3.99240008868527,7481.141501839,0.999444686990104
"log_lik_osp[13]",-2.43668015476925,0.00255569300837332,0.190584347798855,-2.86331753167341,-2.5491737570421,-2.41917371091624,-2.30180758932969,-2.11899233867976,5561.05372558019,1.00016966560305
"log_lik_osp[14]",-2.21542381366982,0.00301788501599911,0.237137069647157,-2.74017670248846,-2.36413358085932,-2.19130340548125,-2.04219167466392,-1.83187551521401,6174.38235713971,0.999624088891803
"log_lik_osp[15]",-3.11288807075785,0.00352475793837124,0.272230356835827,-3.71621124633291,-3.27509940199443,-3.09037195043085,-2.92148378996301,-2.65193852424201,5965.05579452552,0.99953834207759
"log_lik_osp[16]",-2.30164120296661,0.00269473864229733,0.203455995551209,-2.76786305540141,-2.42447262803245,-2.28048839748594,-2.15422331298736,-1.9686183742934,5700.43088603516,0.999602379270659
"log_lik_osp[17]",-2.43534536382818,0.00247368876544346,0.188142994768177,-2.8577313093317,-2.54986907668414,-2.42100904420079,-2.29909943583287,-2.1149520220298,5784.76861013658,0.999864245331537
"log_lik_osp[18]",-4.48368690805689,0.0121232468148947,1.14190968341435,-6.98058675909246,-5.19798708999918,-4.37886733270228,-3.67126615726804,-2.56087509968391,8872.08344089848,0.999663554039851
"log_lik_catch[1]",-1.47721562391511,0.00585716953220638,0.522771297406807,-2.64040305200684,-1.79198173590343,-1.43253653643979,-1.10656058299581,-0.599963282519402,7966.1390044736,0.999723273550803
"log_lik_catch[2]",-3.38676414078745,0.00624018872426997,0.476930307870971,-4.64066604399383,-3.55702753195769,-3.29866109614985,-3.08987380176158,-2.77904821720887,5841.36568028275,0.999842959401645
"log_lik_catch[3]",-1.23941577903685,0.00513065980744906,0.445353629658025,-2.23609139300497,-1.51292285126779,-1.20466156157876,-0.928366054998862,-0.483125355159786,7534.65816123687,0.999819780838431
"log_lik_catch[4]",-3.15412586336672,0.00303545752428536,0.254139279616906,-3.67781211158689,-3.31490153131804,-3.1402140970051,-2.97459818895235,-2.70335561971944,7009.63281409516,0.999816461519578
"log_lik_catch[5]",-4.37959891267031,0.00653708527477397,0.485397968807175,-5.58180037153023,-4.58164111676584,-4.28711453853288,-4.06216065659447,-3.71237128687641,5513.50291800346,0.999683116691556
"log_lik_catch[6]",-3.57274982044323,0.00431699611980146,0.357467006627121,-4.38845512572588,-3.77128016116733,-3.5264111183067,-3.32753846366675,-2.99499509681695,6856.5967835491,1.00095061573164
"log_lik_catch[7]",-1.87921686710618,0.00670231661812125,0.633834720167123,-3.33352134796752,-2.25193102714396,-1.79933521960344,-1.42240862131721,-0.881899606500478,8943.39001276731,0.999530704336454
"log_lik_catch[8]",-1.69296886903565,0.00599208292820323,0.56657680210238,-3.00602529639633,-2.03333117840926,-1.62435581513682,-1.28112620401394,-0.795015227695118,8940.5028757669,0.999525809869454
"log_lik_catch[9]",-3.48321694786963,0.00403245866484982,0.285145796134815,-4.10890067046803,-3.65914137601212,-3.4630636274805,-3.28517713478037,-2.98927340873155,5000.27739447858,0.999821695536193
"log_lik_catch[10]",-1.96397528806467,0.00257862930836458,0.19031861953872,-2.38077666610248,-2.07588581079586,-1.95029831369571,-1.83341474178338,-1.62757955761103,5447.34308441528,1.00176719341769
"log_lik_catch[11]",-2.918516610267,0.00296750036886603,0.230378781165893,-3.39974284491348,-3.06730207792165,-2.909578439034,-2.75940927816925,-2.49736629252313,6027.03050153539,1.00081303898721
"log_lik_catch[12]",-2.77385473394858,0.00293251321810625,0.244644879826584,-3.28349242539312,-2.92750713101265,-2.75844501228236,-2.59875542488074,-2.34571239979674,6959.72861120626,0.999827742927324
"log_lik_catch[13]",-3.97845156913582,0.00355810470666607,0.289778495478184,-4.61633404940683,-4.15542365325337,-3.95201180890225,-3.77712008571904,-3.48507924399542,6632.76878220005,1.00015662280601
"log_lik_catch[14]",-3.86291942782605,0.00319427489799913,0.266810228744263,-4.4249395903377,-4.03099315802016,-3.84736041771881,-3.67588819576703,-3.38611729888568,6976.86585965951,0.999686811068395
"log_lik_catch[15]",-1.8603311778101,0.00657139206082086,0.605798686951164,-3.24403336485511,-2.20855628882764,-1.79659000730943,-1.41908920834215,-0.898002038261952,8498.49254704301,0.999522956189093
"log_lik_catch[16]",-4.80490772113745,0.00575782708021658,0.422089997966785,-5.8405566186067,-4.99329359775455,-4.73852018279155,-4.53047455949334,-4.18190897723095,5373.94090264916,1.00046074485566
"log_lik_catch[17]",-3.20762087801767,0.00346724953904839,0.274173372955314,-3.80557967985489,-3.37149980366642,-3.1817077810979,-3.01600564209796,-2.7415796779301,6252.88370661234,0.999828997253159
"log_lik_catch[18]",-3.20762087801767,0.00346724953904839,0.274173372955314,-3.80557967985489,-3.37149980366642,-3.1817077810979,-3.01600564209796,-2.7415796779301,6252.88370661234,0.999828997253159
"lp__",-276.046705347927,0.1582432885452,7.43227042957063,-291.823747773357,-280.86845161701,-275.626784572707,-270.8192435966,-262.866240769301,2205.93345676422,1.00053410011035
