"","mean","se_mean","sd","2.5%","25%","50%","75%","97.5%","n_eff","Rhat"
"C_sum",6864.077125,86.8162108075544,676.750970380703,5758.975,6361,6803,7296,8318.05,60.7653664178378,1.06156013200658
"E_sum",11125.1093271296,28.6293385579684,891.326197275313,9561.37824510098,10569.3914453956,10983.9926996424,11654.4061921983,13102.2296065467,969.283263106474,1.01825973298184
"C_sum_gear[1]",6864.077125,86.8162108075544,676.750970380703,5758.975,6361,6803,7296,8318.05,60.7653664178378,1.06156013200658
"B1",0.520087006197159,0.0106993136285045,0.138897047576299,0.234415036697728,0.423651836620292,0.533064742043813,0.610771572607862,0.784281780677918,168.528824843942,1.03784627311563
"B2",0.0779421339035895,0.0238305875873425,0.488741835615657,-0.867667984776613,-0.258326779316721,0.116027999123798,0.34440180055797,1.0999560524575,420.619622821772,1.02060053290511
"r_C_gear_out[1]",1.35844668516992,0.0116187710631296,0.122159103187058,1.1508989780687,1.26947979419779,1.33895143838013,1.43762681538743,1.62642894873822,110.543009169747,1.04943430191583
"sigma_eps_C_gear_out[1]",0.159900801382263,0.00890337976220525,0.111796431091904,0.0174465768885395,0.0845219318649521,0.140099913582481,0.216903345381721,0.428028751952294,157.668916532583,1.05746492393341
