"","mean","se_mean","sd","2.5%","25%","50%","75%","97.5%","n_eff","Rhat"
"C_sum",161061.51575,869.214631964809,39234.9099359954,100716.525,132745.5,155038,184023.75,250903.45,2037.47018926838,1.00113898289176
"E_sum",285947.140899666,516.250714914044,32777.7770179921,229067.628304253,263274.100052489,283354.893268625,305715.009362448,358368.066302618,4031.23077451566,0.999617705204637
"C_sum_gear[1]",161061.51575,869.214631964809,39234.9099359954,100716.525,132745.5,155038,184023.75,250903.45,2037.47018926838,1.00113898289176
"B1",0.262362200243772,0.00267099821578739,0.160346267194781,-0.0467323321789733,0.155426308949565,0.262976043374454,0.369583835274945,0.574247041435498,3603.88158359588,0.999834747710709
"B2",0.540030794619958,0.00763037048510551,0.397672898592951,-0.218294279778398,0.275850346735005,0.525357081020696,0.789286151754729,1.35861680833078,2716.19371045821,1.00101691640742
"r_C_gear_out[1]",0.817065716873565,0.00172536392923803,0.106125860265233,0.62500213526635,0.741619149283804,0.809710014081698,0.886402100091396,1.04047739389474,3783.38919031657,0.99949909744648
"sigma_eps_C_gear_out[1]",0.429958952677216,0.00624965689453849,0.232769564197745,0.0852097503469037,0.274843965568215,0.391045237202248,0.54416448333521,1.00348179854649,1387.20305447187,1.0019458621282
