"","mean","se_mean","sd","2.5%","25%","50%","75%","97.5%","n_eff","Rhat"
"C_sum",19726.470375,33.3302835655115,1192.66235385739,17515.975,18897,19693.5,20504.25,22176.05,1280.43343204005,1.00130634046276
"E_sum",53825.2038805571,124.212072070167,2382.36908939873,49365.4893795696,52176.6969251235,53751.8118476773,55401.3028729831,58810.3806403966,367.866701272313,1.00383231698177
"C_sum_gear[1]",19726.470375,33.3302835655115,1192.66235385739,17515.975,18897,19693.5,20504.25,22176.05,1280.43343204005,1.00130634046276
"B1",0.76769543813898,0.00334510723702972,0.0665429959465239,0.634766941220846,0.722772693488429,0.768201621329547,0.814711949592769,0.891072492531169,395.716911120696,1.01064514808425
"B2",0.385312215673031,0.00666531807356158,0.176597149210283,0.036864145293306,0.272787754472248,0.371426457035935,0.504966658191207,0.747087693858045,701.98142242317,1.00406084672775
"r_C_gear_out[1]",0.748238331268462,0.00163959865645946,0.0412921569114333,0.666638055902623,0.720470087240669,0.749172198353233,0.774261566631919,0.831255778474903,634.249349494522,1.00598989562354
"sigma_eps_C_gear_out[1]",0.352552086172356,0.00571945376482946,0.105729850044444,0.199292627694321,0.276231101631241,0.334278969478826,0.409941701078407,0.598452131343395,341.732375368882,1.01015831517893
