"Mode","PE_Catch","PE_Effort"
"Shore (Dock/Jetty/Beach)",45111.5955249241,47106.1033829207
"Private Boat",23041.5578350129,12469.7507099391
"Commercial/Charter",12007.1197463768,282.811594202899
"PORT TOTAL",80160.2731063138,59858.6656870628
