"stream","n_obs","elpd_loo","se_elpd_loo","p_loo","n_pareto_k_gt_0.7","sum_lpd"
"gear",311,-1393.27566843296,16.705124690773,11.056456278932,0,-1382.22
"catch",1651,-3233.91869166052,50.3515866493267,10.7909094229434,0,-3223.13
