"stream","n_obs","elpd_loo","se_elpd_loo","p_loo","n_pareto_k_gt_0.7","sum_lpd"
"trailer",195,-561.054727601008,23.8452295254737,12.331401911438,0,-548.72
"catch",131,-451.523690623612,9.70676182137549,10.3165103427611,1,-441.21
