"stream","n_obs","elpd_loo","se_elpd_loo","p_loo","n_pareto_k_gt_0.7","sum_lpd"
"gear",52,-227.145847234729,5.91302819045351,5.05868704262116,0,-222.09
"catch",627,-1485.18875737686,28.9514761044645,7.18215419487903,0,-1478.01
