"data_type","coverage_50","coverage_95","pit_mean","pit_sd","n","n_obs"
"gear",0.596153846153846,0.980769230769231,0.522836538461538,0.260607571052231,52,52
"catch",0.661881977671451,0.972886762360447,0.500215311004785,0.284120483903968,627,627
