"data_type","coverage_50","coverage_95","pit_mean","pit_sd","n","n_obs"
"trailer",0.682051282051282,0.984615384615385,0.495467948717949,0.267849541472269,195,195
"catch",0.511450381679389,0.977099236641221,0.512662213740458,0.292860699564959,131,131
