"data_type","coverage_50","coverage_95","pit_mean","pit_sd","n","n_obs"
"gear",0.562700964630225,0.951768488745981,0.508352090032154,0.277614854587346,311,311
"catch",0.736523319200485,0.976983646274985,0.500325560266505,0.275513126659018,1651,1651
