"chain","n_iter","divergent","mean_accept_stat","mean_treedepth","max_treedepth","mean_n_leapfrog","mean_stepsize","ebfmi","ebfmi_low_flag"
1,2000,1964,0.955774848819979,7.307,10,336.465,0.00486304546476332,0.903905003419397,FALSE
2,2000,1993,0.389586963132632,2.842,8,34.8115,0.0171672372978303,0.979872795793511,FALSE
3,2000,1971,0.958113135775029,6.905,10,258.536,0.00623500112569757,1.01222783278758,FALSE
4,2000,1890,0.980212858014027,7.8465,11,488.579,0.00329533970192402,0.825841168377217,FALSE
