"chain","n_iter","divergent","mean_accept_stat","mean_treedepth","max_treedepth","mean_n_leapfrog","mean_stepsize","ebfmi","ebfmi_low_flag"
1,2000,1949,0.968459230200252,7.267,10,330.972,0.00430746409159225,0.974931837301274,FALSE
2,2000,1929,0.917265171152339,6.464,9,184.143,0.00851113265466186,0.946212041773687,FALSE
3,2000,1987,0.913120779585056,5.7225,9,116.5775,0.0121207442164744,0.902103710463833,FALSE
4,2000,1942,0.697236457966336,4.8255,8,76.3785,0.0178118561526097,1.06831677508654,FALSE
