"chain","n_iter","divergent","mean_accept_stat","mean_treedepth","max_treedepth","mean_n_leapfrog","mean_stepsize","ebfmi","ebfmi_low_flag"
1,1000,26,0.943392741491966,8.95,9,504.411,0.010729527098636,1.05660635095466,FALSE
2,1000,17,0.93078339722759,8.629,9,440.701,0.0119097875582333,0.992931015768083,FALSE
3,1000,12,0.892546944484436,7.978,8,253.666,0.0174826680878309,0.937595604969016,FALSE
4,1000,28,0.834420877036728,7.942,8,250.991,0.0190276858861237,0.985174701595671,FALSE
