"data_type","coverage_50","coverage_95","pit_mean","pit_sd","n","n_obs"
"trailer",0.692307692307692,0.984615384615385,0.494673076923077,0.266774591820509,195,195
"catch",0.618320610687023,0.977099236641221,0.509532442748092,0.273980248089562,131,131
