"parameter","mean","se_mean","sd","2.5%","25%","50%","75%","97.5%","n_eff","Rhat"
"B1",1.04596479629909,0.0026345365157068,0.224882929519397,0.594982177007657,0.899724711007863,1.0504422045618,1.19175880908368,1.48638970037127,7286.25783582725,0.999662705800443
"B2",-0.0282585186836015,0.0109625807805238,1.00091519366629,-1.98904491327095,-0.682119293365138,-0.0296019929358887,0.654036136237525,1.90430156435103,8336.2158325277,0.99968893793687
"B1_C",0.106528916546721,0.00767160280974656,0.6063149783049,-1.03309658340048,-0.303138651403917,0.0984121623122302,0.486953982490177,1.34344584358553,6246.32209534157,0.99962291668516
"B2_C",0.00198561747701197,0.0112780042980058,1.01626902753705,-1.94986553257708,-0.702698385858759,0.00252758029471294,0.706977469855718,1.95309206130061,8119.94090141292,1.00014631798086
"B_open[1]",-0.83303104277609,0.00294344279114512,0.259779300365141,-1.3508238028583,-0.998669756316881,-0.834179078147815,-0.660812947603274,-0.311904152101367,7789.29024991475,1.00000460484678
"gamma_C",-0.0187335223902305,0.0116468132418858,1.00121036999096,-1.99836640247216,-0.67767599059661,-0.0178686929128323,0.625846404176802,1.946720893214,7389.86415784518,0.999627514243522
"sigma_eps_E",1.03658093170631,0.0128309362245652,0.707036803151554,0.270869953833857,0.594396767372263,0.862577267691571,1.2707643385807,2.76061314391938,3036.45848991692,1.00188847588075
"Lcorr_E[1,1]",1,NA,0,1,1,1,1,1,NA,NA
"sigma_r_E",0.750494116341447,0.00271915224626948,0.189862039578925,0.396318137478844,0.623847324645926,0.741874480019205,0.874714453917301,1.14565742892094,4875.38856916672,1.00064470411794
"phi_E_scaled",0.551637705870214,0.00284591531323687,0.21098089301062,0.141338328065529,0.393614241138654,0.560466891495058,0.716941614002701,0.920102645259267,5495.94410777598,0.999708224551038
"eps_E[1,1]",-0.0416266513809574,0.0111925483073241,0.699590910509032,-1.36311982243025,-0.498652889376404,-0.0819278533261826,0.390645606177929,1.40960001618583,3906.88260386334,1.00074413905382
"eps_E[2,1]",-0.932443798110954,0.0109566201786147,0.708333852484585,-2.38992013336805,-1.37995253241979,-0.901634423648207,-0.451773712305686,0.417178531975511,4179.4851121621,1.00114929786811
"omega_E_0_raw[1,1]",0.725314370701813,0.0114492148581658,0.717084850409498,-0.642052536329942,0.251891437862884,0.69540488920354,1.1728923773658,2.24931128468833,3922.74144407083,0.999865402969043
"mu_mu_E[1]",2.06958819258855,0.0190628279657929,1.11401154252378,-0.133190133591651,1.43791264579116,2.04479209655981,2.66502429604169,4.39548091568537,3415.11021598936,1.00034120231488
"sigma_mu_E",1.11943153295713,0.0197857375686539,1.29292665107952,0.0328951104577257,0.326694821553828,0.716272879576537,1.40841364558596,4.76070900693439,4270.15152809304,1.00016315168768
"eps_mu_E[1,1]",-0.0347398560777579,0.0122467279835647,0.87873145105987,-1.77561022173488,-0.59698895995106,-0.0332172068004334,0.540123795342822,1.69409276135518,5148.39900903822,0.999691952137023
"R_G",1.41539503851198,0.00512902041836642,0.455612669925534,0.725711700990211,1.09083125905812,1.34785197464858,1.66253971203673,2.48771052902449,7890.83076954722,1.0001252375279
"R_G_boat",2.96580017929239,0.00419116349999793,0.391008637025114,2.24237265733983,2.69215729531461,2.94644904590897,3.22000581744235,3.77892820890244,8703.69161267117,0.999844762008523
"kappa_OSP",3.14156408552561,0.0106126921811806,0.955888707470402,1.65166731001762,2.46867078428135,3.00226477205598,3.6712013219225,5.42065531523756,8112.66469466863,0.999457047276439
"sigma_r_OSP",0.541717133423435,0.00189364988942259,0.151214436099626,0.285443703346698,0.435076260084791,0.528188527313586,0.636338766224931,0.873832893823637,6376.57004747097,0.99992830813321
"z_f[1]",-0.533888841874324,0.00510065329486202,0.352239263087914,-1.2912286487459,-0.757017595790733,-0.513023982168472,-0.289495802908104,0.0897041511622322,4768.9626270581,1.00093317412528
"z_f[2]",1.02117435261866,0.012275336278175,0.769812209374045,-0.114404963563334,0.526245692548321,0.890199845844756,1.37569596056042,2.94049397737258,3932.80843831543,1.00030907454187
"z_f[3]",0.58660923098523,0.0163063392700334,0.861475303006583,-0.853673876466278,0.128536014782044,0.501936857390878,0.954638013818242,2.42369306761805,2791.08276486072,1.00080816687164
"sigma_f[1]",1.13374669017657,0.0119026249249926,0.688257053969787,0.163195897895597,0.632442795822738,1.00007346515006,1.50751826413071,2.78886429262413,3343.61177264567,0.999604607327052
"cfi_kappa[1]",26.3142128059936,0.337058842186927,22.36012000261,5.42176906449268,12.4710424061421,19.7806210277657,32.2391943098236,86.8248698173031,4400.85247818569,1.00248307361121
"z_c[1]",1.013901872946,0.010707213156335,0.714419734629932,-0.124380951895301,0.529694395391344,0.917272438901933,1.41029962966949,2.68285071609634,4451.98803249091,1.00126026514111
"z_c[2]",-0.712509312627468,0.020789234785153,0.871766245097486,-2.64881197946754,-1.12062829925373,-0.618780504422944,-0.201023211541915,0.742366914800426,1758.42192484356,1.00070612193223
"z_c[3]",-1.43417667896898,0.0302509791857516,1.42366954295437,-4.77777159698409,-1.9716075362291,-1.18887058707636,-0.613684232790595,0.606863416093237,2214.82549827507,1.0017606222371
"sigma_c[1]",1.53541127227692,0.0135652984747337,0.888098839739474,0.155051897870932,0.878238271974237,1.42728746753737,2.08828134723414,3.54874439991006,4286.11577180437,1.0006251969124
"cfc_kappa[1]",27.3374108610286,0.317318062802349,23.2656871160573,4.65185701161003,12.4193812446471,20.424025157596,34.2755806743574,90.4740739107998,5375.78855017974,1.00056544663443
"sigma_IE",0.202748416294839,0.00242872133079954,0.205693832389036,0.00545037926688804,0.0552275512048173,0.14112711177071,0.277013260020413,0.770367237142374,7172.77429906495,1.0000208822201
"sigma_eps_C",0.573130423770075,0.00948813933086871,0.664300509040856,0.0132592848481276,0.175358297001522,0.386651941796526,0.76019612904865,2.17729230728898,4901.92952743552,0.999977632708636
"Lcorr_C[1,1]",1,NA,0,1,1,1,1,1,NA,NA
"phi_C_scaled",0.526522527979952,0.00249683076381578,0.213327398364314,0.121956099590885,0.367944623068784,0.529140040750906,0.691418029332713,0.907035909727313,7299.86889853547,1.00007223045588
"sigma_r_C",1.27556459195692,0.00359312294671116,0.289486835429972,0.80733551059668,1.06795827684449,1.24023793371135,1.45025704254555,1.92776434280698,6491.02798983433,0.999722124185837
"eps_C[1,1]",0.165520112986725,0.0111224610458766,0.891607227508354,-1.63537134148906,-0.391478669815207,0.178582449198178,0.745130595690756,1.91428108234601,6426.06884150549,1.00000597323209
"eps_C[2,1]",0.208488432474839,0.0121177062360091,0.896905137437653,-1.63422537377653,-0.355894336665856,0.20719225597033,0.792148083602816,1.98350563297398,5478.38038267468,0.999792764167762
"omega_C_0_raw[1,1]",-0.213062884797153,0.0110873863687317,0.922950264777153,-2.03980431583805,-0.816788661413312,-0.221491097624533,0.387742593984484,1.60274586710834,6929.44151513832,0.999817290105172
"mu_mu_C[1]",0.354668353892589,0.0206746752283478,1.17474144320466,-2.36753727348735,-0.216490909775404,0.48975522334574,1.04167702594661,2.46840324139011,3228.54756023161,1.00135644568548
"sigma_mu_C",1.36858842554578,0.0326082649410316,2.09609604996366,0.0364720449718196,0.337684880410082,0.770326312312395,1.54117799396978,6.72701902418512,4132.06340682494,1.00032879884817
"eps_mu_C[1,1]",0.207007059884521,0.0132228020643635,0.897565092380325,-1.61568865852501,-0.36563121653262,0.220606392114734,0.77282817797839,1.99439806058745,4607.70762663121,1.00088758692411
"L_raw[1]",-0.00625517532360361,0.0105055252627299,0.999231675295189,-1.96713439056109,-0.681819094370059,0.00664053966262288,0.670359699444705,1.96044877084899,9046.83859740515,1.00027358600344
"L_raw[2]",0.00798613743725064,0.0111264239581261,0.966064172677539,-1.8950426990134,-0.656412382557138,-0.0002310545943103,0.672770338775544,1.9111554517704,7538.77434822851,1.00115666946142
"L_raw[3]",0.314374260696014,0.0107504305504599,0.988876796358756,-1.62752665283422,-0.340811534307614,0.309675728564657,0.981080070270084,2.25111221662522,8461.21356626358,1.0001395637711
"L_raw[4]",-0.0539859587894205,0.00971519832266202,0.985860950256179,-1.99262528349892,-0.715083035191892,-0.0569174586105147,0.632236253729698,1.84322182512953,10297.4096034548,0.999689310072839
"L_raw[5]",-0.15711436070292,0.0105668241368305,0.981546470097115,-2.05467915981215,-0.82348334762226,-0.167796399693066,0.517899344105827,1.80088075697232,8628.4497064621,0.999596932368771
"L_raw[6]",0.207303107671074,0.0101286966013095,0.981362511070486,-1.71797044155601,-0.447898010704549,0.208433440450569,0.852427730732421,2.11194385387139,9387.54004085504,1.00016027779573
"L_raw[7]",0.343000897289295,0.0103558418724076,0.965196291667804,-1.5369150016238,-0.301672282052765,0.350664345748439,0.986370196985644,2.23835633791371,8686.812918476,0.999886040068431
"L_raw[8]",0.00423587124217415,0.00995142636445247,0.985711215088351,-1.86653296417795,-0.666772911056054,0.00751467946790906,0.647407506299298,1.93866443530837,9811.34908567193,0.999539289662494
"L_raw[9]",0.00231123739698794,0.010931192849374,0.997326541719528,-2.01511845639444,-0.648410267826663,0.0123041974624777,0.664010494579921,1.96491013258521,8324.14509340631,0.999679173584002
"L_raw[10]",0.00666983285226859,0.0120988309964958,1.00957054232524,-2.00924595787865,-0.653669200988999,0.00320586904451779,0.664222166779071,2.00505399952401,6962.84166658228,0.999584201196507
"L_raw[11]",-0.00606971653459335,0.00976685789596999,0.970015526857372,-1.86028391609483,-0.679487977933065,0.00546557238021781,0.650263038607744,1.87230545828495,9863.87668225224,0.999928104068992
"L_raw[12]",-0.266539148014295,0.0104296943598543,0.969554978660081,-2.13245979023436,-0.937943738580108,-0.260406101714343,0.40181382017373,1.64359936114373,8641.75039589961,0.999709818625112
"L_raw[13]",-0.103907093859952,0.0103605812816448,0.972682505013262,-2.00071389117991,-0.744852227183669,-0.114830904914648,0.543960481468834,1.81971951929654,8814.01864134438,0.99960376599514
"L_raw[14]",-0.244350022016981,0.0106817642544013,1.00217199906859,-2.21938717527148,-0.927394931626013,-0.233091255229548,0.438291652040314,1.69486727130363,8802.34833259708,0.999659549020723
"L_raw[15]",0.198016081620834,0.0102631371942425,0.974494185991749,-1.70230163126428,-0.462378814561645,0.203980049902548,0.849941502561327,2.13098003969414,9015.67475368528,0.999508879035427
"L_raw[16]",-0.00260757270576957,0.0101308486558326,0.999181325451042,-1.98912806041755,-0.671556894285183,0.00540020040167646,0.661674251865155,1.99356420259889,9727.40419366993,0.999699876527015
"L_raw[17]",0.0589049782124645,0.0107659290781762,0.982479392697342,-1.88415070503723,-0.606489898431676,0.0597098584629637,0.7269508442267,2.01165364738354,8328.06048613927,0.999460684873419
"L_raw[18]",-0.00512693143506896,0.0108749885204112,0.995569968952726,-1.93814487350624,-0.663557789699035,-0.00572316983216681,0.653863444893197,1.9555570010592,8380.80934852166,0.999789746604057
"L_raw[19]",-0.0064652287673115,0.00996633066616929,0.995797400627466,-1.98778650776813,-0.694282295901239,-0.0035428456355855,0.660386346516861,1.93325338848424,9983.23724811025,0.999770740864323
"L_raw[20]",0.231034917791184,0.0109620115983715,0.953083119836833,-1.61187478068616,-0.411519792505418,0.228975617314313,0.881504468020968,2.10776967312546,7559.29059871904,1.00033398457815
"L_raw[21]",-0.0210125029534422,0.0103157624355579,0.989419429667301,-1.97293732063724,-0.672801207910176,-0.0296540185903094,0.640094873711657,1.94208105661646,9199.37250582646,0.999660374858755
"L_raw[22]",-0.0068427153882846,0.0111953445078495,1.00541066628879,-1.94297473614451,-0.69959457484568,-0.00198872479971299,0.671690013540281,1.942751135691,8065.14262236578,0.999899504245067
"L_raw[23]",-0.00151581903647243,0.0111222154732552,1.01412763426489,-1.99440730926403,-0.678957881242456,-0.00383449266074518,0.68306996833863,2.02989843546441,8313.85843365875,1.00013525763496
"L_raw[24]",0.139128655949847,0.0101174524042403,0.975510478184839,-1.8086790799984,-0.496556324476553,0.142207481806993,0.782079940065206,2.07197445530216,9296.54417311088,0.999565984040913
"L_raw[25]",0.00195673401103268,0.0106979786255444,0.996065934430556,-1.88849042031338,-0.683339878090121,0.000118754743319967,0.666467534585898,1.97434521609089,8669.07426011188,1.00008384241194
"L_raw[26]",-0.216726824920226,0.010396800484492,1.00396382936152,-2.17332759883981,-0.88886808928183,-0.220321154482031,0.450014216975833,1.77518206403279,9324.73960714332,0.999875437548597
"L_raw[27]",0.00679465292572175,0.0103032860437281,1.00604184192129,-1.95154537835912,-0.670745184094646,-0.00473231688281256,0.678148391624758,1.99734472449663,9534.11911000753,0.999626148545524
"L_raw[28]",-0.0150027594083763,0.010241307511545,0.974711487522027,-1.95223113910256,-0.678660736462968,-0.015764448570315,0.648714610500333,1.89216804670805,9058.18853121475,0.999667007522626
"L_raw[29]",0.0042911482753224,0.0102578925883807,0.973016772658609,-1.91006621063609,-0.633525702240456,0.00866888754069723,0.648900046438899,1.9221516632484,8997.55186615567,0.99950207015928
"L_raw[30]",-0.137527986991282,0.0100657835120645,0.971945141867368,-2.06086850711373,-0.787568233417931,-0.138686132357324,0.510803485314111,1.76396157984307,9323.70094882093,0.999912427112459
"L_raw[31]",0.0087293697152287,0.010476615020777,1.01086489621214,-2.00036156420036,-0.653197628450061,0.00593806338626424,0.688684251814781,2.00628492856897,9309.88378624596,0.999542848731057
"L_raw[32]",-0.0121681311378858,0.0100022457020844,0.986995105407865,-1.95653793893339,-0.673845955798835,8.842358532485e-05,0.658571511284233,1.88053124363627,9737.21951109506,0.999793660124807
"L_raw[33]",-0.005736815915687,0.0100745041040836,1.01572652900751,-1.93126641736989,-0.69302993749173,-0.0289030733811079,0.679135743549322,1.99807720587021,10164.9731304897,0.999629474892764
"L_raw[34]",-0.384159294883051,0.0110579512597513,1.01482583732007,-2.3227435065049,-1.07330981974914,-0.397958703237672,0.311907559061351,1.58665848633943,8422.3578302487,1.00045022949691
"L_raw[35]",0.0106193348879066,0.0102713216761081,1.00277982682103,-1.9623636926332,-0.654122870490971,0.02805567685345,0.670090165926863,1.97938543522154,9531.43994583557,0.99958695776567
"L_raw[36]",0.0153267512838329,0.00977183484349961,1.00514605422605,-1.95037210535623,-0.662793164324684,0.0097466389170208,0.688147792527712,2.03576851868216,10580.4979606056,0.9995364140399
"L_raw[37]",0.0138036539305786,0.0108868512197149,1.01135088425058,-1.95384907959966,-0.676041152023411,0.0085160014292305,0.707003674987427,2.02619701471466,8629.76841442461,0.999904092236038
"L_raw[38]",0.0154423126964574,0.0109308076945734,1.00882610336752,-1.94841054607175,-0.670063862271164,0.00587463541776768,0.704300044529373,2.02977120417814,8517.81325758237,0.999857167877865
"L_raw[39]",-0.00693419123710725,0.0113893931881396,1.00887743601053,-1.95729040683311,-0.68460007224393,-0.0157615264331312,0.661109534824067,1.99391232619147,7846.49397839783,0.999852161995743
"L_raw[40]",0.0091270364347356,0.0106129686302673,0.999619762589016,-1.95059942484299,-0.666472983771273,0.000669254946734025,0.669455004829171,1.98911411438961,8871.47649213835,0.99973646102001
"L_raw[41]",-0.00436878634882642,0.0118703209061161,1.00896039711366,-1.9897824852089,-0.689299439631192,0.00387280183969535,0.675578887482267,2.00321138327931,7224.7582575842,0.999863715802085
"L_raw[42]",0.00730083837191808,0.0107091889071411,1.01063982765041,-1.96509763638862,-0.692936857890246,0.00607296785669086,0.720661258874969,1.96402265081766,8905.93783183241,0.999819907134106
"L_raw[43]",0.00181664643710194,0.0107457215955145,0.997857449663817,-1.92624926000245,-0.66197569588522,-0.00328821436166371,0.66328505529933,1.96559429194067,8623.14797860338,0.999697062238104
"L_raw[44]",-0.00428957674776397,0.0108906714720517,1.01195861602975,-1.9504734448702,-0.680762006314049,-0.00844665290300735,0.680391037055617,1.96717545880462,8634.08242313786,0.9995316423506
"L_raw[45]",0.0078366795648291,0.0107768654677041,1.03718770499594,-1.98601102297736,-0.692901279962213,0.0141698441089411,0.706496253457064,2.01775684737534,9262.53361367603,0.999686828543512
"L_raw[46]",-0.000981306618977008,0.0106350298594639,0.988148867174722,-1.96134963950685,-0.653680690056217,0.0108003041652252,0.654136146996235,1.93291552395645,8633.11104266877,0.999676788536656
"L_raw[47]",0.00872058261296343,0.0111657578029091,1.01770991487472,-2.00714775651554,-0.672871966063068,-0.00574421537783036,0.71627504511655,1.99209061520958,8307.52399879809,0.999682013198575
"L_raw[48]",-0.002252029637424,0.0103692068663994,1.02303049727274,-1.99813553288389,-0.695404614825876,-0.00485799539699036,0.689143864692869,1.96998286559494,9733.8821428345,0.999809029600805
"L_raw[49]",-0.0138817966380392,0.0104591144637449,0.983346728307282,-1.93878400906203,-0.671968714289385,-0.0156372896960849,0.667420812777488,1.85902360083616,8839.41497064513,1.00007939156462
"L_raw[50]",0.00773894947952057,0.0111407388324203,0.993287624402057,-1.88948485811313,-0.680524979381395,0.0122850467841965,0.673151530428571,1.93760700091758,7949.17507871854,0.999760104122924
"L_raw[51]",0.00953727323843576,0.011593743545637,0.99884543867446,-1.97628798724884,-0.668001582235679,0.0151903841346126,0.69801675216943,1.96515714877031,7422.48284248436,0.999784729701529
"L_raw[52]",-0.00243484442314324,0.0127100677048157,0.975573600519143,-1.9667462333405,-0.648276567114135,-0.0119932730598034,0.650844566673884,1.92661212942675,5891.47923343999,1.00067694284686
"L_raw[53]",-0.000797187535608302,0.00986439152143543,0.967841604626292,-1.88611709823842,-0.652027280817926,-0.00518892221348865,0.64837523363752,1.91245128898879,9626.4901750048,1.00007799998183
"L_raw[54]",-0.000786848726414773,0.00961691934698063,0.972677641518531,-1.92904735327929,-0.663397213930892,0.0171107462617349,0.667970157930263,1.84465005945409,10229.7711564168,0.999755052595891
"L_raw[55]",-0.00944771988403146,0.00969228535169409,0.997557113442209,-1.93346004228154,-0.699848604437554,-0.0229440952322731,0.691416281535423,1.98752073794627,10593.1020514833,0.999656842866533
"L_raw[56]",0.0215153319576617,0.011588525657732,1.03438871604846,-1.99990075212222,-0.674925399849102,0.0280317507258175,0.701571812543365,2.03438040477685,7967.30008890475,1.00000322926286
"L_raw[57]",-0.00158536535320961,0.0108916155260356,0.998527570052424,-1.93742129470166,-0.680415074511823,0.00857089794935743,0.677238060099066,1.95297187375612,8404.95739655079,1.00021597737956
"L_raw[58]",0.0262085081852301,0.0105635100168906,1.00584044888491,-1.92442503729273,-0.664755612186583,0.01710210503747,0.701056947360275,2.05891349000988,9066.54237698951,1.00003125224301
"L_raw[59]",-0.00740305616194995,0.0102983422962017,1.00338003101187,-1.95366062905219,-0.691546998694191,-0.00627273103435213,0.687669340363647,1.95395185710517,9492.84219767094,0.999738830803932
"L_raw[60]",0.00723899542840943,0.0103995852936848,1.00250965765472,-1.93266873264402,-0.678945160405137,-0.00338867533323135,0.685763635642117,1.99226205852826,9292.76784854546,0.999931772548426
"L_raw[61]",0.00935778643715242,0.00997319273262704,0.982212577655885,-1.91942144836738,-0.641061584065531,0.0147413125429615,0.651667135852603,1.90621547980918,9699.34837973909,0.99995070016466
"L_raw[62]",0.0112793865050525,0.0103052048481078,0.99470962813522,-1.93283643452892,-0.658616342523846,0.0208550903743416,0.670016198211425,1.96745856604041,9317.07057023762,0.999829600827073
"L_raw[63]",-0.0184773493133626,0.0103575174340797,0.992099234411469,-1.90899798252262,-0.693623190379151,-0.0173731069996716,0.673980918064339,1.8965122821522,9174.84810562595,0.999928140811578
"L_raw[64]",-0.0157711817261074,0.0112045913941716,1.01112183591883,-1.98428196323233,-0.691547535830863,-0.00553226047240735,0.663581332993492,1.95474489451517,8143.57183989583,0.999985582626838
"L_raw[65]",-0.00967224312838667,0.0119200297113886,1.0104951304722,-2.0148710163963,-0.699125870603455,-0.00547167303497656,0.679825506540781,1.94078599683478,7186.43950727459,0.99957217212847
"L_raw[66]",-0.00579657878959246,0.00981410442447068,0.98805544269714,-1.96874769843098,-0.676913690814657,0.000545770277214372,0.658355257829,1.9319390547048,10135.8758001836,0.999942788120391
"L_raw[67]",0.0139325083994866,0.010269168458485,0.994823632928417,-1.91290255687082,-0.670955395324017,0.0212411571294476,0.678301842092848,1.94730993305341,9384.72673063819,0.999484348868548
"L_raw[68]",0.00807813237173738,0.0101918029956178,0.992559495423466,-1.90448278900818,-0.670835874187862,-0.0022310682848814,0.69190499853186,1.90973009336058,9484.42608501392,0.999608846634569
"L_raw[69]",-0.00188046715706874,0.00987484590479581,1.02673209169091,-2.07521210633701,-0.682240370786673,0.00150502478063228,0.680434210357972,2.0416523153156,10810.6950953509,0.99978523880329
"L_raw[70]",-0.0167081310841618,0.0111295635515973,1.01027225176145,-2.01189294272675,-0.668588932090083,-0.0243278059711129,0.660395538980263,1.99901889028916,8239.87421626646,1.00009687378449
"L_raw[71]",0.0136254759453595,0.0105085829037659,1.00623460164503,-1.95246302926948,-0.686975958878808,0.0297894278643773,0.709515662387794,1.95728357622067,9168.75114229002,1.00011632387289
"L_raw[72]",0.00570557396469159,0.0120260109964691,0.985354509632518,-1.89645343034248,-0.670331960240947,0.00464037777607078,0.676540699204213,1.93481690873524,6713.38917328094,0.999610798202195
"L_raw[73]",-0.0148477807564964,0.0100108413457487,0.993794103805345,-2.01347586015392,-0.675032974901105,0.00369244715146531,0.656850063437247,1.88288094631282,9854.88757595736,0.999469485072849
"L_raw[74]",0.0117762280924057,0.0103294792501311,0.999304086386658,-1.9295459747463,-0.654425294711738,0.0181695900454478,0.665773736290367,1.96153663964531,9359.19447416739,1.00014961911622
"L_raw[75]",0.0132563326303371,0.0103499864197493,1.00070471674697,-1.91424160815673,-0.663901313600879,0.0157104449822234,0.698458886353289,1.94977041816875,9348.29338400225,0.999515470571284
"L_raw[76]",0.00665155342943945,0.0111251500345293,1.0106540919608,-1.98708899200365,-0.67954585336292,0.0164494833588697,0.693968722016095,1.96012710215254,8252.64805036259,0.999596508649967
"tau_bar[1]",2.8026587116374,0.00871130114152362,0.67095029294327,1.72416485165906,2.32748473943859,2.71900378481137,3.18846699055272,4.28379953794094,5932.18435791333,1.00025821460135
"mu_E[1,1]",2.00087390789942,0.0232366666676325,0.885151328497618,0.30012911275305,1.60330598685357,2.0221698440157,2.43282848598456,3.71943735024046,1451.066764162,1.00282171955387
"phi_E",0.103275411740428,0.00569183062647373,0.42196178602124,-0.717323343868943,-0.212771517722693,0.120933782990116,0.433883228005402,0.840205290518533,5495.944107776,0.999708224551038
"omega_E[1,1]",0.661826470122914,0.0223247824783498,0.87315215731414,-1.01142390258859,0.245503637192147,0.617799078336705,1.04718118892778,2.3903777244211,1529.69691441396,1.00260519526459
"omega_E[2,1]",0.0591554646287783,0.0222874713580914,0.864267671488883,-1.66615367966222,-0.334280518174541,0.038560923861003,0.431639889932046,1.7981378692419,1503.74757615661,1.00252646561661
"omega_E[3,1]",-0.777871104927647,0.0211192559309259,0.89663891880349,-2.65387547233413,-1.22349567643446,-0.728978869459781,-0.321065648925542,0.893878944084288,1802.51108765471,1.00179821464621
"omega_E_0[1,1]",0.661826470122914,0.0223247824783498,0.87315215731414,-1.01142390258859,0.245503637192147,0.617799078336705,1.04718118892778,2.3903777244211,1529.69691441396,1.00260519526459
"lambda_E_S[1,1,1]",13.7814971173187,0.0491096631689754,3.9856400540641,7.67985547160107,10.9679711866061,13.2467547140876,16.0580718707727,23.0275939197972,6586.61438867584,0.999863984551108
"lambda_E_S[1,2,1]",14.9337114842042,0.0541730570747079,4.38468083119342,8.25291167489601,11.8702805710165,14.334794356252,17.3841598690687,25.1553335413401,6551.02539675036,0.999926946255609
"lambda_E_S[1,3,1]",14.9337114842042,0.0541730570747079,4.38468083119342,8.25291167489601,11.8702805710165,14.334794356252,17.3841598690687,25.1553335413401,6551.02539675036,0.999926946255609
"lambda_E_S[1,4,1]",14.9337114842042,0.0541730570747079,4.38468083119342,8.25291167489601,11.8702805710165,14.334794356252,17.3841598690687,25.1553335413401,6551.02539675036,0.999926946255609
"lambda_E_S[1,5,1]",14.9337114842042,0.0541730570747079,4.38468083119342,8.25291167489601,11.8702805710165,14.334794356252,17.3841598690687,25.1553335413401,6551.02539675036,0.999926946255609
"lambda_E_S[1,6,1]",42.9899871194443,0.176129795568155,14.3271803597686,21.554615917134,32.6967915537473,40.8284651328315,50.7247568649845,77.8030361814013,6616.9186319657,1.00014267276267
"lambda_E_S[1,7,1]",39.6559821246013,0.160011896378537,13.000836668986,20.0713181500632,30.3278723049308,37.6499257132355,46.761438250526,71.4552492059621,6601.43056882704,1.00011046291688
"lambda_E_S[1,8,1]",13.7814971173187,0.0491096631689754,3.9856400540641,7.67985547160107,10.9679711866061,13.2467547140876,16.0580718707727,23.0275939197972,6586.61438867584,0.999863984551108
"lambda_E_S[1,9,1]",6.61528923513273,0.0274299793910388,2.35736597236005,3.1767680926004,4.95812145178433,6.17602347816678,7.8628207060576,12.289396882946,7385.89378961464,0.999403636025109
"lambda_E_S[1,10,1]",6.61528923513273,0.0274299793910388,2.35736597236005,3.1767680926004,4.95812145178433,6.17602347816678,7.8628207060576,12.289396882946,7385.89378961464,0.999403636025109
"lambda_E_S[1,11,1]",9.06658113492955,0.0322025691271545,2.75888227400806,4.86745029653454,7.11527453305623,8.62998899809243,10.6031405600547,15.5363062602337,7339.81806967453,0.999535897104829
"lambda_E_S[1,12,1]",14.9337114842042,0.0541730570747079,4.38468083119342,8.25291167489601,11.8702805710165,14.334794356252,17.3841598690687,25.1553335413401,6551.02539675036,0.999926946255609
"lambda_E_S[1,13,1]",18.9584555212948,0.0877710600041497,7.1890436426374,8.73374189643016,13.9411913043547,17.7855327369499,22.5760472706928,36.4578611209123,6708.71825929147,0.999776074775026
"lambda_E_S[1,14,1]",39.6559821246013,0.160011896378537,13.000836668986,20.0713181500632,30.3278723049308,37.6499257132355,46.761438250526,71.4552492059621,6601.43056882704,1.00011046291688
"lambda_E_S[1,15,1]",13.7814971173187,0.0491096631689754,3.9856400540641,7.67985547160107,10.9679711866061,13.2467547140876,16.0580718707727,23.0275939197972,6586.61438867584,0.999863984551108
"lambda_E_S[1,16,1]",8.13094880582273,0.0264299737269834,2.23455105331586,4.6217172696685,6.59202989642193,7.85428168371193,9.35538305343037,13.2420478539912,7148.04207576535,0.999830644092464
"lambda_E_S[1,17,1]",4.46958235361026,0.0129308336551278,1.15617786787502,2.58112897561313,3.65667983991845,4.33332093732456,5.13067824636822,7.18430283094713,7994.59105841983,0.999517858531327
"lambda_E_S[1,18,1]",3.55317033986132,0.0115557922592065,1.03672936586357,1.93141054203476,2.81240444970286,3.42017715028705,4.12756802450511,6.00252141395958,8048.80394653017,0.999500618611279
"lambda_E_S[1,19,1]",8.13094880582273,0.0264299737269834,2.23455105331586,4.6217172696685,6.59202989642193,7.85428168371193,9.35538305343037,13.2420478539912,7148.04207576535,0.999830644092464
"lambda_E_S[1,20,1]",23.3858810445262,0.0879288491480352,7.33046745471787,12.3253669861828,18.2954040806494,22.2811681917886,27.3442214040869,40.2052327397463,6950.25216933676,1.00002314265591
"lambda_E_S[1,21,1]",20.5953980913794,0.0732103229672225,6.12652123106793,11.1896952863315,16.2724743622387,19.7402779331006,23.9625050508657,34.4727052577928,7002.98571161414,1.00000417327117
"lambda_E_S[1,22,1]",7.16550381937676,0.0217175416743585,1.86000965755956,4.18753842680102,5.88208287414858,6.95322033233271,8.18376296733144,11.412296889734,7335.15121348763,0.999753676585944
"lambda_E_S[1,23,1]",3.55317033986132,0.0115557922592065,1.03672936586357,1.93141054203476,2.81240444970286,3.42017715028705,4.12756802450511,6.00252141395958,8048.80394653017,0.999500618611279
"lambda_E_S[1,24,1]",3.55317033986132,0.0115557922592065,1.03672936586357,1.93141054203476,2.81240444970286,3.42017715028705,4.12756802450511,6.00252141395958,8048.80394653017,0.999500618611279
"lambda_E_S[1,25,1]",7.16550381937676,0.0217175416743585,1.86000965755956,4.18753842680102,5.88208287414858,6.95322033233271,8.18376296733144,11.412296889734,7335.15121348763,0.999753676585944
"lambda_E_S[1,26,1]",8.13094880582273,0.0264299737269834,2.23455105331586,4.6217172696685,6.59202989642193,7.85428168371193,9.35538305343037,13.2420478539912,7148.04207576535,0.999830644092464
"lambda_E_S[1,27,1]",23.3858810445262,0.0879288491480352,7.33046745471787,12.3253669861828,18.2954040806494,22.2811681917886,27.3442214040869,40.2052327397463,6950.25216933676,1.00002314265591
"lambda_E_S[1,28,1]",10.173350945337,0.0369683753546418,3.18424230035237,5.23294733396847,7.92639636192248,9.70981426713971,11.9403346303018,17.5493229918224,7419.10443522523,0.99992254632151
"lambda_E_S[1,29,1]",4.46958235361026,0.0129308336551278,1.15617786787502,2.58112897561313,3.65667983991845,4.33332093732456,5.13067824636822,7.18430283094713,7994.59105841983,0.999517858531327
"lambda_E_S[1,30,1]",8.13094880582273,0.0264299737269834,2.23455105331586,4.6217172696685,6.59202989642193,7.85428168371193,9.35538305343037,13.2420478539912,7148.04207576535,0.999830644092464
"lambda_E_S[1,31,1]",8.13094880582273,0.0264299737269834,2.23455105331586,4.6217172696685,6.59202989642193,7.85428168371193,9.35538305343037,13.2420478539912,7148.04207576535,0.999830644092464
"lambda_E_S[1,32,1]",3.55317033986132,0.0115557922592065,1.03672936586357,1.93141054203476,2.81240444970286,3.42017715028705,4.12756802450511,6.00252141395958,8048.80394653017,0.999500618611279
"lambda_E_S[1,33,1]",3.55317033986132,0.0115557922592065,1.03672936586357,1.93141054203476,2.81240444970286,3.42017715028705,4.12756802450511,6.00252141395958,8048.80394653017,0.999500618611279
"lambda_E_S[1,34,1]",10.173350945337,0.0369683753546418,3.18424230035237,5.23294733396847,7.92639636192248,9.70981426713971,11.9403346303018,17.5493229918224,7419.10443522523,0.99992254632151
"lambda_E_S[1,35,1]",16.5195774686638,0.0552244810860489,4.66051939904108,9.17457472244061,13.2657469488143,15.9445591732197,19.1407150001522,27.1591331580018,7122.05548214657,0.999971480029781
"lambda_E_S[1,36,1]",3.55317033986132,0.0115557922592065,1.03672936586357,1.93141054203476,2.81240444970286,3.42017715028705,4.12756802450511,6.00252141395958,8048.80394653017,0.999500618611279
"lambda_E_S[1,37,1]",8.13094880582273,0.0264299737269834,2.23455105331586,4.6217172696685,6.59202989642193,7.85428168371193,9.35538305343037,13.2420478539912,7148.04207576535,0.999830644092464
"lambda_E_S[1,38,1]",8.13094880582273,0.0264299737269834,2.23455105331586,4.6217172696685,6.59202989642193,7.85428168371193,9.35538305343037,13.2420478539912,7148.04207576535,0.999830644092464
"lambda_E_S[1,39,1]",8.13094880582273,0.0264299737269834,2.23455105331586,4.6217172696685,6.59202989642193,7.85428168371193,9.35538305343037,13.2420478539912,7148.04207576535,0.999830644092464
"lambda_E_S[1,40,1]",8.13094880582273,0.0264299737269834,2.23455105331586,4.6217172696685,6.59202989642193,7.85428168371193,9.35538305343037,13.2420478539912,7148.04207576535,0.999830644092464
"lambda_E_S[1,41,1]",10.173350945337,0.0369683753546418,3.18424230035237,5.23294733396847,7.92639636192248,9.70981426713971,11.9403346303018,17.5493229918224,7419.10443522523,0.99992254632151
"lambda_E_S[1,42,1]",10.173350945337,0.0369683753546418,3.18424230035237,5.23294733396847,7.92639636192248,9.70981426713971,11.9403346303018,17.5493229918224,7419.10443522523,0.99992254632151
"lambda_E_S[1,43,1]",4.46958235361026,0.0129308336551278,1.15617786787502,2.58112897561313,3.65667983991845,4.33332093732456,5.13067824636822,7.18430283094713,7994.59105841983,0.999517858531327
"lambda_E_S[1,44,1]",5.75421288056394,0.0161870152073487,1.42313515024164,3.42415642188459,4.76810825273636,5.60760647708747,6.54807920577757,9.02704768931229,7729.63063746293,0.999618087568143
"lambda_E_S[1,45,1]",3.55317033986132,0.0115557922592065,1.03672936586357,1.93141054203476,2.81240444970286,3.42017715028705,4.12756802450511,6.00252141395958,8048.80394653017,0.999500618611279
"lambda_E_S[1,46,1]",3.55317033986132,0.0115557922592065,1.03672936586357,1.93141054203476,2.81240444970286,3.42017715028705,4.12756802450511,6.00252141395958,8048.80394653017,0.999500618611279
"lambda_E_S[1,47,1]",1.61227511062651,0.0105023520229511,0.70103100686603,0.647532633222135,1.11302404012769,1.4805546410723,1.95225069305816,3.32135982733362,4455.54990721968,0.99992911722607
"lambda_E_S[1,48,1]",10.84233133586,0.0852263397151913,5.51976537420484,3.75961919283984,6.98161111022777,9.61286195496772,13.3923140057103,24.8901007259512,4194.62906597102,1.00023157347531
"lambda_E_S[1,49,1]",5.88428312501693,0.0413692147216337,2.7352605816668,2.24483708617266,3.93920246988195,5.33268369291689,7.2153980644471,12.7276130566512,4371.62458258294,1.00023524576936
"lambda_E_S[1,50,1]",2.03603282151915,0.0134635339398845,0.862380734838268,0.845446855489532,1.42514170748741,1.87280134672277,2.46132306622301,4.13228668564042,4102.7962801464,1.00006093302462
"lambda_E_S[1,51,1]",1.61227511062651,0.0105023520229511,0.70103100686603,0.647532633222135,1.11302404012769,1.4805546410723,1.95225069305816,3.32135982733362,4455.54990721968,0.99992911722607
"lambda_E_S[1,52,1]",3.73956772796074,0.0275377071180842,1.72605748989344,1.44275658696828,2.51590986270105,3.40732786572563,4.56372559385448,8.11339564079996,3928.75512142451,1.00019832293091
"lambda_E_S[1,53,1]",3.73956772796074,0.0275377071180842,1.72605748989344,1.44275658696828,2.51590986270105,3.40732786572563,4.56372559385448,8.11339564079996,3928.75512142451,1.00019832293091
"lambda_E_S[1,54,1]",1.61227511062651,0.0105023520229511,0.70103100686603,0.647532633222135,1.11302404012769,1.4805546410723,1.95225069305816,3.32135982733362,4455.54990721968,0.99992911722607
"lambda_E_S[1,55,1]",4.65376400904523,0.0323708573845627,2.20049233659769,1.73360756852095,3.10759256828715,4.1986672148795,5.72618402277317,10.1209765189402,4620.95049676633,1.0001546812317
"lambda_E_S[1,56,1]",5.88428312501693,0.0413692147216337,2.7352605816668,2.24483708617266,3.93920246988195,5.33268369291689,7.2153980644471,12.7276130566512,4371.62458258294,1.00023524576936
"lambda_E_S[1,57,1]",9.47089506062612,0.224262293864933,15.2477228463363,0.585185452188176,2.51914477884401,5.21682764888965,10.7144935189945,44.0624566703717,4622.71861361554,1.00091837507872
"lambda_E_S[1,58,1]",1.61227511062651,0.0105023520229511,0.70103100686603,0.647532633222135,1.11302404012769,1.4805546410723,1.95225069305816,3.32135982733362,4455.54990721968,0.99992911722607
"lambda_E_S[1,59,1]",1.61227511062651,0.0105023520229511,0.70103100686603,0.647532633222135,1.11302404012769,1.4805546410723,1.95225069305816,3.32135982733362,4455.54990721968,0.99992911722607
"lambda_E_S[1,60,1]",1.61227511062651,0.0105023520229511,0.70103100686603,0.647532633222135,1.11302404012769,1.4805546410723,1.95225069305816,3.32135982733362,4455.54990721968,0.99992911722607
"lambda_E_S[1,61,1]",3.73956772796074,0.0275377071180842,1.72605748989344,1.44275658696828,2.51590986270105,3.40732786572563,4.56372559385448,8.11339564079996,3928.75512142451,1.00019832293091
"lambda_E_S[1,62,1]",10.84233133586,0.0852263397151913,5.51976537420484,3.75961919283984,6.98161111022777,9.61286195496772,13.3923140057103,24.8901007259512,4194.62906597102,1.00023157347531
"lambda_E_S[1,63,1]",5.88428312501693,0.0413692147216337,2.7352605816668,2.24483708617266,3.93920246988195,5.33268369291689,7.2153980644471,12.7276130566512,4371.62458258294,1.00023524576936
"lambda_E_S[1,64,1]",2.03603282151915,0.0134635339398845,0.862380734838268,0.845446855489532,1.42514170748741,1.87280134672277,2.46132306622301,4.13228668564042,4102.7962801464,1.00006093302462
"lambda_E_S[1,65,1]",1.61227511062651,0.0105023520229511,0.70103100686603,0.647532633222135,1.11302404012769,1.4805546410723,1.95225069305816,3.32135982733362,4455.54990721968,0.99992911722607
"lambda_E_S[1,66,1]",1.61227511062651,0.0105023520229511,0.70103100686603,0.647532633222135,1.11302404012769,1.4805546410723,1.95225069305816,3.32135982733362,4455.54990721968,0.99992911722607
"lambda_E_S[1,67,1]",1.61227511062651,0.0105023520229511,0.70103100686603,0.647532633222135,1.11302404012769,1.4805546410723,1.95225069305816,3.32135982733362,4455.54990721968,0.99992911722607
"lambda_E_S[1,68,1]",1.61227511062651,0.0105023520229511,0.70103100686603,0.647532633222135,1.11302404012769,1.4805546410723,1.95225069305816,3.32135982733362,4455.54990721968,0.99992911722607
"lambda_E_S[1,69,1]",4.65376400904523,0.0323708573845627,2.20049233659769,1.73360756852095,3.10759256828715,4.1986672148795,5.72618402277317,10.1209765189402,4620.95049676633,1.0001546812317
"lambda_E_S[1,70,1]",7.61736771222374,0.0554233027406384,3.60155564616405,2.85076284226273,5.06149096054837,6.86602729337513,9.38786861520136,16.7146012890203,4222.75080956859,1.00027056682903
"lambda_E_S[1,71,1]",3.28909821284919,0.0235452668949463,1.46790676443241,1.30982646440063,2.2487926092356,3.00951101400879,3.99100993605543,6.95858635816146,3886.77775241789,1.00019758094254
"lambda_E_S[1,72,1]",3.73956772796074,0.0275377071180842,1.72605748989344,1.44275658696828,2.51590986270105,3.40732786572563,4.56372559385448,8.11339564079996,3928.75512142451,1.00019832293091
"lambda_E_S[1,73,1]",3.73956772796074,0.0275377071180842,1.72605748989344,1.44275658696828,2.51590986270105,3.40732786572563,4.56372559385448,8.11339564079996,3928.75512142451,1.00019832293091
"lambda_E_S[1,74,1]",15.235725846347,0.368795116900772,24.9707896872897,0.92629865063388,4.03815331022205,8.32906492845218,17.0758439332608,69.606503605684,4584.52377879746,1.00115607200382
"lambda_E_S[1,75,1]",17.3029365116441,0.422949303556487,28.5827714200942,1.04082555369507,4.5365543889883,9.45503128653917,19.3625191971481,78.6050536998741,4567.01085747687,1.00121278685919
"lambda_E_S[1,76,1]",10.84233133586,0.0852263397151913,5.51976537420484,3.75961919283984,6.98161111022777,9.61286195496772,13.3923140057103,24.8901007259512,4194.62906597102,1.00023157347531
"r_E",2.26672941410156,0.0547105608430989,1.87067660798532,0.761886836269081,1.3069753468645,1.81693396996309,2.56946890544856,6.36666655877914,1169.10925259824,1.00478866106559
"r_OSP",4.52961402845926,0.11377290332753,5.42102885274804,1.30961396675184,2.46958078623112,3.5844462513665,5.28286154960052,12.2732384207395,2270.31310414143,1.00130217764538
"mu_C[1,1]",0.69166369582495,0.010892490983972,0.68795220996628,-0.881190835976845,0.39803002129451,0.726443475006126,1.04995384050051,1.9415367805368,3988.98241675544,1.00014274900895
"phi_C",0.0530450559599047,0.00499366152763156,0.426654796728629,-0.75608780081823,-0.264110753862432,0.0582800815018115,0.382836058665427,0.814071819454625,7299.8688985355,1.00007223045588
"r_C",0.714856247611805,0.00431842287377713,0.340557503645494,0.269086631814159,0.475455685688408,0.650114689388533,0.87678160636824,1.5342350283763,6219.14342062417,0.999742056820064
"omega_C[1,1]",-0.137623614030305,0.00974777093306312,0.697779145604342,-1.73932827418107,-0.383324413925042,-0.0508473160332884,0.113791018407745,1.19299550378681,5124.19137733927,1.00029404882962
"omega_C[2,1]",0.142490110568156,0.00992730987166252,0.642928650575994,-1.0096252786889,-0.109404415090136,0.0383908269942506,0.332880363194461,1.64500084861987,4194.32812504836,1.00018785449958
"omega_C[3,1]",0.197452820340155,0.0112587777775976,0.692067053305908,-0.883728361198535,-0.0938190251733711,0.0525124344951883,0.379901610737001,1.97521019821171,3778.45152382058,1.00038691243313
"omega_C_0[1,1]",-0.137623614030305,0.00974777093306312,0.697779145604342,-1.73932827418107,-0.383324413925042,-0.0508473160332884,0.113791018407745,1.19299550378681,5124.19137733927,1.00029404882962
"lambda_C_S[1,1,1]",2.21866199575026,0.0515336250328146,3.95617379762801,0.362106170961747,1.20345159906307,1.85831069990705,2.66174339456528,5.94747097170753,5893.4464016608,0.99980844989099
"lambda_C_S[1,2,1]",2.21866199575026,0.0515336250328146,3.95617379762801,0.362106170961747,1.20345159906307,1.85831069990705,2.66174339456528,5.94747097170753,5893.4464016608,0.99980844989099
"lambda_C_S[1,3,1]",2.21866199575026,0.0515336250328146,3.95617379762801,0.362106170961747,1.20345159906307,1.85831069990705,2.66174339456528,5.94747097170753,5893.4464016608,0.99980844989099
"lambda_C_S[1,4,1]",2.21866199575026,0.0515336250328146,3.95617379762801,0.362106170961747,1.20345159906307,1.85831069990705,2.66174339456528,5.94747097170753,5893.4464016608,0.99980844989099
"lambda_C_S[1,5,1]",2.21866199575026,0.0515336250328146,3.95617379762801,0.362106170961747,1.20345159906307,1.85831069990705,2.66174339456528,5.94747097170753,5893.4464016608,0.99980844989099
"lambda_C_S[1,6,1]",2.66405675078346,0.106627589321792,8.22961431178249,0.464319260054182,1.21854224930021,1.92191546585046,3.0439420490265,8.86789274934708,5956.89277696461,0.99977470423004
"lambda_C_S[1,7,1]",2.66405675078346,0.106627589321792,8.22961431178249,0.464319260054182,1.21854224930021,1.92191546585046,3.0439420490265,8.86789274934708,5956.89277696461,0.99977470423004
"lambda_C_S[1,8,1]",2.21866199575026,0.0515336250328146,3.95617379762801,0.362106170961747,1.20345159906307,1.85831069990705,2.66174339456528,5.94747097170753,5893.4464016608,0.99980844989099
"lambda_C_S[1,9,1]",2.21866199575026,0.0515336250328146,3.95617379762801,0.362106170961747,1.20345159906307,1.85831069990705,2.66174339456528,5.94747097170753,5893.4464016608,0.99980844989099
"lambda_C_S[1,10,1]",2.21866199575026,0.0515336250328146,3.95617379762801,0.362106170961747,1.20345159906307,1.85831069990705,2.66174339456528,5.94747097170753,5893.4464016608,0.99980844989099
"lambda_C_S[1,11,1]",2.21866199575026,0.0515336250328146,3.95617379762801,0.362106170961747,1.20345159906307,1.85831069990705,2.66174339456528,5.94747097170753,5893.4464016608,0.99980844989099
"lambda_C_S[1,12,1]",2.21866199575026,0.0515336250328146,3.95617379762801,0.362106170961747,1.20345159906307,1.85831069990705,2.66174339456528,5.94747097170753,5893.4464016608,0.99980844989099
"lambda_C_S[1,13,1]",2.66405675078346,0.106627589321792,8.22961431178249,0.464319260054182,1.21854224930021,1.92191546585046,3.0439420490265,8.86789274934708,5956.89277696461,0.99977470423004
"lambda_C_S[1,14,1]",2.66405675078346,0.106627589321792,8.22961431178249,0.464319260054182,1.21854224930021,1.92191546585046,3.0439420490265,8.86789274934708,5956.89277696461,0.99977470423004
"lambda_C_S[1,15,1]",2.21866199575026,0.0515336250328146,3.95617379762801,0.362106170961747,1.20345159906307,1.85831069990705,2.66174339456528,5.94747097170753,5893.4464016608,0.99980844989099
"lambda_C_S[1,16,1]",2.52447929026585,0.0184443551570198,1.37193212382341,1.06740886035912,1.76136186084178,2.2485775927939,2.93726681287991,5.58207884317409,5532.71498100914,0.999703813168632
"lambda_C_S[1,17,1]",2.52447929026585,0.0184443551570198,1.37193212382341,1.06740886035912,1.76136186084178,2.2485775927939,2.93726681287991,5.58207884317409,5532.71498100914,0.999703813168632
"lambda_C_S[1,18,1]",2.52447929026585,0.0184443551570198,1.37193212382341,1.06740886035912,1.76136186084178,2.2485775927939,2.93726681287991,5.58207884317409,5532.71498100914,0.999703813168632
"lambda_C_S[1,19,1]",2.52447929026585,0.0184443551570198,1.37193212382341,1.06740886035912,1.76136186084178,2.2485775927939,2.93726681287991,5.58207884317409,5532.71498100914,0.999703813168632
"lambda_C_S[1,20,1]",3.10819329384813,0.0386055661486432,2.59484022348326,0.890176610749847,1.74079433426752,2.47829567061215,3.58237196170921,9.20513093899734,4517.7416452092,0.999538136201966
"lambda_C_S[1,21,1]",3.10819329384813,0.0386055661486432,2.59484022348326,0.890176610749847,1.74079433426752,2.47829567061215,3.58237196170921,9.20513093899734,4517.7416452092,0.999538136201966
"lambda_C_S[1,22,1]",2.52447929026585,0.0184443551570198,1.37193212382341,1.06740886035912,1.76136186084178,2.2485775927939,2.93726681287991,5.58207884317409,5532.71498100914,0.999703813168632
"lambda_C_S[1,23,1]",2.52447929026585,0.0184443551570198,1.37193212382341,1.06740886035912,1.76136186084178,2.2485775927939,2.93726681287991,5.58207884317409,5532.71498100914,0.999703813168632
"lambda_C_S[1,24,1]",2.52447929026585,0.0184443551570198,1.37193212382341,1.06740886035912,1.76136186084178,2.2485775927939,2.93726681287991,5.58207884317409,5532.71498100914,0.999703813168632
"lambda_C_S[1,25,1]",2.52447929026585,0.0184443551570198,1.37193212382341,1.06740886035912,1.76136186084178,2.2485775927939,2.93726681287991,5.58207884317409,5532.71498100914,0.999703813168632
"lambda_C_S[1,26,1]",2.52447929026585,0.0184443551570198,1.37193212382341,1.06740886035912,1.76136186084178,2.2485775927939,2.93726681287991,5.58207884317409,5532.71498100914,0.999703813168632
"lambda_C_S[1,27,1]",3.10819329384813,0.0386055661486432,2.59484022348326,0.890176610749847,1.74079433426752,2.47829567061215,3.58237196170921,9.20513093899734,4517.7416452092,0.999538136201966
"lambda_C_S[1,28,1]",3.10819329384813,0.0386055661486432,2.59484022348326,0.890176610749847,1.74079433426752,2.47829567061215,3.58237196170921,9.20513093899734,4517.7416452092,0.999538136201966
"lambda_C_S[1,29,1]",2.52447929026585,0.0184443551570198,1.37193212382341,1.06740886035912,1.76136186084178,2.2485775927939,2.93726681287991,5.58207884317409,5532.71498100914,0.999703813168632
"lambda_C_S[1,30,1]",2.52447929026585,0.0184443551570198,1.37193212382341,1.06740886035912,1.76136186084178,2.2485775927939,2.93726681287991,5.58207884317409,5532.71498100914,0.999703813168632
"lambda_C_S[1,31,1]",2.52447929026585,0.0184443551570198,1.37193212382341,1.06740886035912,1.76136186084178,2.2485775927939,2.93726681287991,5.58207884317409,5532.71498100914,0.999703813168632
"lambda_C_S[1,32,1]",2.52447929026585,0.0184443551570198,1.37193212382341,1.06740886035912,1.76136186084178,2.2485775927939,2.93726681287991,5.58207884317409,5532.71498100914,0.999703813168632
"lambda_C_S[1,33,1]",2.52447929026585,0.0184443551570198,1.37193212382341,1.06740886035912,1.76136186084178,2.2485775927939,2.93726681287991,5.58207884317409,5532.71498100914,0.999703813168632
"lambda_C_S[1,34,1]",3.10819329384813,0.0386055661486432,2.59484022348326,0.890176610749847,1.74079433426752,2.47829567061215,3.58237196170921,9.20513093899734,4517.7416452092,0.999538136201966
"lambda_C_S[1,35,1]",3.10819329384813,0.0386055661486432,2.59484022348326,0.890176610749847,1.74079433426752,2.47829567061215,3.58237196170921,9.20513093899734,4517.7416452092,0.999538136201966
"lambda_C_S[1,36,1]",2.52447929026585,0.0184443551570198,1.37193212382341,1.06740886035912,1.76136186084178,2.2485775927939,2.93726681287991,5.58207884317409,5532.71498100914,0.999703813168632
"lambda_C_S[1,37,1]",2.52447929026585,0.0184443551570198,1.37193212382341,1.06740886035912,1.76136186084178,2.2485775927939,2.93726681287991,5.58207884317409,5532.71498100914,0.999703813168632
"lambda_C_S[1,38,1]",2.52447929026585,0.0184443551570198,1.37193212382341,1.06740886035912,1.76136186084178,2.2485775927939,2.93726681287991,5.58207884317409,5532.71498100914,0.999703813168632
"lambda_C_S[1,39,1]",2.52447929026585,0.0184443551570198,1.37193212382341,1.06740886035912,1.76136186084178,2.2485775927939,2.93726681287991,5.58207884317409,5532.71498100914,0.999703813168632
"lambda_C_S[1,40,1]",2.52447929026585,0.0184443551570198,1.37193212382341,1.06740886035912,1.76136186084178,2.2485775927939,2.93726681287991,5.58207884317409,5532.71498100914,0.999703813168632
"lambda_C_S[1,41,1]",3.10819329384813,0.0386055661486432,2.59484022348326,0.890176610749847,1.74079433426752,2.47829567061215,3.58237196170921,9.20513093899734,4517.7416452092,0.999538136201966
"lambda_C_S[1,42,1]",3.10819329384813,0.0386055661486432,2.59484022348326,0.890176610749847,1.74079433426752,2.47829567061215,3.58237196170921,9.20513093899734,4517.7416452092,0.999538136201966
"lambda_C_S[1,43,1]",2.52447929026585,0.0184443551570198,1.37193212382341,1.06740886035912,1.76136186084178,2.2485775927939,2.93726681287991,5.58207884317409,5532.71498100914,0.999703813168632
"lambda_C_S[1,44,1]",2.52447929026585,0.0184443551570198,1.37193212382341,1.06740886035912,1.76136186084178,2.2485775927939,2.93726681287991,5.58207884317409,5532.71498100914,0.999703813168632
"lambda_C_S[1,45,1]",2.52447929026585,0.0184443551570198,1.37193212382341,1.06740886035912,1.76136186084178,2.2485775927939,2.93726681287991,5.58207884317409,5532.71498100914,0.999703813168632
"lambda_C_S[1,46,1]",2.52447929026585,0.0184443551570198,1.37193212382341,1.06740886035912,1.76136186084178,2.2485775927939,2.93726681287991,5.58207884317409,5532.71498100914,0.999703813168632
"lambda_C_S[1,47,1]",2.81203817993028,0.028010416391104,2.19649036600233,1.00826538422645,1.76977558807433,2.33837810803338,3.22937644143626,7.66500498833089,6149.21213676354,0.999667990618672
"lambda_C_S[1,48,1]",3.67179926617978,0.0584962590017422,4.33235371437576,0.72902709028924,1.67335500960541,2.60890120134152,4.11432650172514,13.3791670273799,5485.1894161834,0.999509019173494
"lambda_C_S[1,49,1]",3.67179926617978,0.0584962590017422,4.33235371437576,0.72902709028924,1.67335500960541,2.60890120134152,4.11432650172514,13.3791670273799,5485.1894161834,0.999509019173494
"lambda_C_S[1,50,1]",2.81203817993028,0.028010416391104,2.19649036600233,1.00826538422645,1.76977558807433,2.33837810803338,3.22937644143626,7.66500498833089,6149.21213676354,0.999667990618672
"lambda_C_S[1,51,1]",2.81203817993028,0.028010416391104,2.19649036600233,1.00826538422645,1.76977558807433,2.33837810803338,3.22937644143626,7.66500498833089,6149.21213676354,0.999667990618672
"lambda_C_S[1,52,1]",2.81203817993028,0.028010416391104,2.19649036600233,1.00826538422645,1.76977558807433,2.33837810803338,3.22937644143626,7.66500498833089,6149.21213676354,0.999667990618672
"lambda_C_S[1,53,1]",2.81203817993028,0.028010416391104,2.19649036600233,1.00826538422645,1.76977558807433,2.33837810803338,3.22937644143626,7.66500498833089,6149.21213676354,0.999667990618672
"lambda_C_S[1,54,1]",2.81203817993028,0.028010416391104,2.19649036600233,1.00826538422645,1.76977558807433,2.33837810803338,3.22937644143626,7.66500498833089,6149.21213676354,0.999667990618672
"lambda_C_S[1,55,1]",3.67179926617978,0.0584962590017422,4.33235371437576,0.72902709028924,1.67335500960541,2.60890120134152,4.11432650172514,13.3791670273799,5485.1894161834,0.999509019173494
"lambda_C_S[1,56,1]",3.67179926617978,0.0584962590017422,4.33235371437576,0.72902709028924,1.67335500960541,2.60890120134152,4.11432650172514,13.3791670273799,5485.1894161834,0.999509019173494
"lambda_C_S[1,57,1]",6.23617752853357,0.228324824405932,15.3769109208843,0.251177710138822,1.16063275496395,2.69475442113,6.22978369621417,33.008260329382,4535.57060864292,0.999937771520468
"lambda_C_S[1,58,1]",2.81203817993028,0.028010416391104,2.19649036600233,1.00826538422645,1.76977558807433,2.33837810803338,3.22937644143626,7.66500498833089,6149.21213676354,0.999667990618672
"lambda_C_S[1,59,1]",2.81203817993028,0.028010416391104,2.19649036600233,1.00826538422645,1.76977558807433,2.33837810803338,3.22937644143626,7.66500498833089,6149.21213676354,0.999667990618672
"lambda_C_S[1,60,1]",2.81203817993028,0.028010416391104,2.19649036600233,1.00826538422645,1.76977558807433,2.33837810803338,3.22937644143626,7.66500498833089,6149.21213676354,0.999667990618672
"lambda_C_S[1,61,1]",2.81203817993028,0.028010416391104,2.19649036600233,1.00826538422645,1.76977558807433,2.33837810803338,3.22937644143626,7.66500498833089,6149.21213676354,0.999667990618672
"lambda_C_S[1,62,1]",3.67179926617978,0.0584962590017422,4.33235371437576,0.72902709028924,1.67335500960541,2.60890120134152,4.11432650172514,13.3791670273799,5485.1894161834,0.999509019173494
"lambda_C_S[1,63,1]",3.67179926617978,0.0584962590017422,4.33235371437576,0.72902709028924,1.67335500960541,2.60890120134152,4.11432650172514,13.3791670273799,5485.1894161834,0.999509019173494
"lambda_C_S[1,64,1]",2.81203817993028,0.028010416391104,2.19649036600233,1.00826538422645,1.76977558807433,2.33837810803338,3.22937644143626,7.66500498833089,6149.21213676354,0.999667990618672
"lambda_C_S[1,65,1]",2.81203817993028,0.028010416391104,2.19649036600233,1.00826538422645,1.76977558807433,2.33837810803338,3.22937644143626,7.66500498833089,6149.21213676354,0.999667990618672
"lambda_C_S[1,66,1]",2.81203817993028,0.028010416391104,2.19649036600233,1.00826538422645,1.76977558807433,2.33837810803338,3.22937644143626,7.66500498833089,6149.21213676354,0.999667990618672
"lambda_C_S[1,67,1]",2.81203817993028,0.028010416391104,2.19649036600233,1.00826538422645,1.76977558807433,2.33837810803338,3.22937644143626,7.66500498833089,6149.21213676354,0.999667990618672
"lambda_C_S[1,68,1]",2.81203817993028,0.028010416391104,2.19649036600233,1.00826538422645,1.76977558807433,2.33837810803338,3.22937644143626,7.66500498833089,6149.21213676354,0.999667990618672
"lambda_C_S[1,69,1]",3.67179926617978,0.0584962590017422,4.33235371437576,0.72902709028924,1.67335500960541,2.60890120134152,4.11432650172514,13.3791670273799,5485.1894161834,0.999509019173494
"lambda_C_S[1,70,1]",3.67179926617978,0.0584962590017422,4.33235371437576,0.72902709028924,1.67335500960541,2.60890120134152,4.11432650172514,13.3791670273799,5485.1894161834,0.999509019173494
"lambda_C_S[1,71,1]",2.81203817993028,0.028010416391104,2.19649036600233,1.00826538422645,1.76977558807433,2.33837810803338,3.22937644143626,7.66500498833089,6149.21213676354,0.999667990618672
"lambda_C_S[1,72,1]",2.81203817993028,0.028010416391104,2.19649036600233,1.00826538422645,1.76977558807433,2.33837810803338,3.22937644143626,7.66500498833089,6149.21213676354,0.999667990618672
"lambda_C_S[1,73,1]",2.81203817993028,0.028010416391104,2.19649036600233,1.00826538422645,1.76977558807433,2.33837810803338,3.22937644143626,7.66500498833089,6149.21213676354,0.999667990618672
"lambda_C_S[1,74,1]",6.23617752853357,0.228324824405932,15.3769109208843,0.251177710138822,1.16063275496395,2.69475442113,6.22978369621417,33.008260329382,4535.57060864292,0.999937771520468
"lambda_C_S[1,75,1]",6.23617752853357,0.228324824405932,15.3769109208843,0.251177710138822,1.16063275496395,2.69475442113,6.22978369621417,33.008260329382,4535.57060864292,0.999937771520468
"lambda_C_S[1,76,1]",3.67179926617978,0.0584962590017422,4.33235371437576,0.72902709028924,1.67335500960541,2.60890120134152,4.11432650172514,13.3791670273799,5485.1894161834,0.999509019173494
"L[1]",2.82920649239816,0.00973620869432795,0.793038144143812,1.57973096093266,2.26593682794085,2.71840382665343,3.27451742209598,4.67101138844781,6634.50315501043,0.999767350384965
"L[2]",2.83721923661662,0.00988291896934118,0.804616487184363,1.57735985966768,2.25196230205696,2.7187587024441,3.30840383028254,4.74783795161344,6628.37980618476,1.0014305446433
"L[3]",2.96540515298405,0.0101486360778734,0.820995104007058,1.66174229857588,2.37570782120909,2.86089092995768,3.43218442977075,4.82958706351579,6544.33881715275,0.99966793263078
"L[4]",2.80837384575427,0.00942943348404495,0.790720207552027,1.6161669447179,2.23439244829384,2.70463195476006,3.25942099410744,4.64288409489523,7031.92893053628,1.00006463249818
"L[5]",2.7664900628948,0.0105594965128699,0.783849263290646,1.55711973930946,2.21551632493446,2.65503594252908,3.17924268153712,4.63016166605315,5510.34368203092,1.00012080582359
"L[6]",2.91622699066436,0.010124611952933,0.799575277648232,1.65101095731261,2.35695633411033,2.80596066485323,3.37760119470773,4.74564242060413,6236.80177712431,1.00026717032006
"L[7]",2.97776244787544,0.0106052567385502,0.821567583987561,1.68483784157109,2.39910680241775,2.86348451307025,3.44636944553118,4.91250280257326,6001.28452233395,0.999817875260111
"L[8]",2.83806374868997,0.00967116625449292,0.817294556655478,1.57066442779927,2.26188099122649,2.72721899165643,3.29215852869023,4.71390608403041,7141.66565718904,1.00012289660615
"L[9]",2.83502098891173,0.009555726478958,0.808952270266355,1.5781890520786,2.26602817794749,2.72908358055599,3.27655059987795,4.7004424111987,7166.68598902081,1.00031408468462
"L[10]",2.83531412624311,0.00965170735536284,0.800579158170698,1.574000312741,2.26858192600709,2.71776715868198,3.28871849512133,4.69679602737451,6880.18741755058,0.999943928451921
"L[11]",2.82649568972744,0.00944262534427658,0.785743531710264,1.59765971632365,2.26021541584207,2.7262617084174,3.27487899073491,4.63532565112841,6924.30376953498,0.999993725008424
"L[12]",2.72006556630927,0.00953485974065423,0.763107592155603,1.53736765878097,2.17255121721419,2.61907433509728,3.14939327732919,4.46290726971579,6405.35096749366,1.00027148325541
"L[13]",2.78946831631253,0.00982924098630369,0.792828610026039,1.55656247810386,2.22584561141884,2.67161431788486,3.23333210165793,4.60674939416836,6506.06895090465,1.00012706164225
"L[14]",2.73141668312593,0.0100302085031007,0.778343345337819,1.54498234173146,2.17134702976723,2.62361102642051,3.16558979201354,4.50643881068402,6021.74708753016,1.00031395054336
"L[15]",2.91201581139627,0.00951543379845461,0.798632982694332,1.66482636689438,2.3436393560022,2.80808482774525,3.37012564851319,4.71373333329507,7044.29118939683,0.999845682902465
"L[16]",2.83387696320568,0.010197771580843,0.813141539404982,1.58846805907855,2.26409284254437,2.71072798334556,3.26960110607841,4.71151916317503,6358.01773774398,1.00041868692627
"L[17]",2.8544272555267,0.00941543459444879,0.793869148145719,1.61509699425681,2.28885794175848,2.75018100369375,3.29697190809543,4.7175246959029,7109.14066064386,0.999849407575363
"L[18]",2.83364697630687,0.0102891900190089,0.815960417584482,1.58042712982186,2.25624611775863,2.7167801604669,3.29854704872653,4.67780725037412,6288.91619661164,1.00051309861081
"L[19]",2.82925602920875,0.00938857000127826,0.796599954972355,1.57930966841704,2.27200995809817,2.72687509072599,3.27479249572217,4.71145197597491,7199.15721202284,1.00006797674169
"L[20]",2.92212082459586,0.00932456688335558,0.786143469925743,1.70284576382536,2.35037931075887,2.81749735433955,3.37061605218882,4.74871420379994,7107.9814512879,1.00020393826205
"L[21]",2.82940589804597,0.0099035812533697,0.818073547934161,1.5649246620646,2.23993984978987,2.72206163885215,3.29725010569156,4.68163495007845,6823.38948925976,0.999802265339889
"L[22]",2.83167948636718,0.00959802612564336,0.812708209382803,1.57614584091951,2.26293811804493,2.72172274989342,3.27715851900776,4.77000002327874,7169.77352994853,1.00045518673715
"L[23]",2.83640197706958,0.0101939087050268,0.815095210637948,1.57784392676955,2.24632240865223,2.72633873113032,3.30380181699622,4.78813043909386,6393.44896777961,1.00016361684406
"L[24]",2.88800768123045,0.00988391268148881,0.800255699993878,1.64482807114371,2.32392242069491,2.77334631636033,3.35096495430647,4.70656541265814,6555.40838573617,0.999910202918433
"L[25]",2.8325373372279,0.010733710414562,0.798043382253593,1.58906368484472,2.26476669537553,2.72836610926345,3.26512330740458,4.66113885754359,5527.81185128818,1.00043494470265
"L[26]",2.73982249255915,0.00930528082109917,0.765394827273615,1.55915932568218,2.20087586727093,2.61882400579228,3.17850227986102,4.51581383908809,6765.68973009943,1.00047195045085
"L[27]",2.83942415042481,0.0098171003164891,0.820654528483894,1.57558676759291,2.25356349514259,2.72611864081755,3.2932030876392,4.72932071298474,6988.02231124571,1.00036454014113
"L[28]",2.81983994508934,0.00902676518705989,0.772653214054854,1.59967363547922,2.27268034388276,2.71911413951084,3.25189426803908,4.60573922426672,7326.64147938104,1.00020908105628
"L[29]",2.83214132439176,0.00977360418694111,0.790334138264161,1.59928101763509,2.27447694005385,2.73042241305785,3.27294501487794,4.60395550826048,6539.00981616635,1.00011844879562
"L[30]",2.77455511754101,0.0102942867923858,0.783294463494235,1.56982528204799,2.21821790987057,2.65834715253885,3.21132470429528,4.56933758534474,5789.72034849811,1.0004399631913
"L[31]",2.83537990629085,0.0107160691538738,0.798941077488201,1.59428356892349,2.26864909778925,2.71739780096613,3.28381966245587,4.68002992649345,5558.51122149061,1.00006393446999
"L[32]",2.82583338224184,0.0102688051772647,0.792748749832046,1.5999440310191,2.25740843653407,2.71443094019185,3.26834756672696,4.7022641242735,5959.79474445365,1.00030522225377
"L[33]",2.83408585504381,0.00991342430398733,0.816514082197966,1.55536682890824,2.25004388714318,2.71388330717971,3.27768297121521,4.70847949089983,6783.90830313351,1.00037953519912
"L[34]",2.67648579306643,0.00957902105997859,0.766664827323677,1.49507372371161,2.1292242645639,2.55899670081524,3.10898815620093,4.43887737456519,6405.7328505566,1.00027976872567
"L[35]",2.83774413282626,0.00988934604327271,0.805665459329061,1.59843450088468,2.26635330728611,2.72790738420846,3.28022067823671,4.73940254686608,6637.03858074995,1.00015890064287
"L[36]",2.84123065512889,0.00992219220803066,0.813481780436264,1.57752223372292,2.26662159076184,2.73563391176864,3.28553108256127,4.71251937873806,6721.71956612211,0.99998699975915
"L[37]",2.8369500567797,0.00954524423136695,0.793141183843563,1.59753175133363,2.28628312653462,2.73571163771155,3.27383801020383,4.6554299834129,6904.41539618706,0.999852765750323
"L[38]",2.84118780804941,0.0111610087192555,0.808783206865405,1.58654585104001,2.26069054437997,2.73663834189859,3.29709527289988,4.79863629059842,5251.18544494654,1.00005302823145
"L[39]",2.83328887752999,0.00995210731123265,0.813810808450299,1.57082385968766,2.24591134819128,2.71316652012703,3.29678248192711,4.68320605658259,6686.7764852819,1.00049786398875
"L[40]",2.83821149199517,0.010103653271584,0.811169758114536,1.57582159017224,2.26860982441501,2.72922582094089,3.28422919430565,4.78212484857806,6445.64872861043,1.00003458559565
"L[41]",2.83831264530799,0.0120563474492862,0.833665354125579,1.56516279920727,2.25141353182125,2.71999069828179,3.28595571115662,4.86073886294551,4781.36607559289,1.00008223757523
"L[42]",2.83802460427881,0.0095647912696029,0.808415959649592,1.57304820790957,2.26064214892915,2.71853313340303,3.30533392012367,4.70737216080325,7143.62689263557,0.999997992892847
"L[43]",2.83551228752377,0.0110792909534659,0.814418015723471,1.58111223814773,2.26968029760402,2.72290084890018,3.2601079214512,4.78949097339374,5403.44591929678,0.999856299206684
"L[44]",2.8342400592192,0.0117055543629168,0.81493825369156,1.58270568553115,2.2554146881488,2.72370793771382,3.29277758188477,4.753698660104,4846.91536319083,0.999880006890472
"L[45]",2.84116638613564,0.00999561367484114,0.820253136239721,1.57227752959435,2.25139897190484,2.7309917359456,3.31285521339034,4.73334783195223,6734.05833338615,1.00036959988233
"L[46]",2.82999212302832,0.010045769174026,0.792100870999101,1.59151803897281,2.26692234415474,2.71604578033056,3.28762808467561,4.67806093746043,6217.19647003057,0.999885589999794
"L[47]",2.83895831714648,0.0103587743168926,0.813124450589655,1.58816868947434,2.26738468313599,2.72496288741735,3.28463778553526,4.74557136482419,6161.65386995359,1.00026531213285
"L[48]",2.83422228443134,0.00985464997764253,0.809607075424413,1.56336414999593,2.26375127777184,2.7310901539669,3.29586589314608,4.68811065744923,6749.41578890274,0.999904258921767
"L[49]",2.82470617149684,0.00942488514252007,0.793845576616048,1.59444169648918,2.27003626692944,2.71503657397726,3.26520100860112,4.68510498144441,7094.46949625997,1.00021456101367
"L[50]",2.83461596104565,0.00936870793507619,0.79799545844431,1.60391519374938,2.26261540650713,2.7303400534987,3.28102780494438,4.66682625129004,7255.06719121271,1.00014098993844
"L[51]",2.84100396286651,0.0112988930646357,0.820463740256882,1.56968416097934,2.26354978848225,2.72271814399441,3.28092999558696,4.76286034003804,5272.86907828476,1.00039952284219
"L[52]",2.8294270664712,0.00966622157883194,0.791383576706458,1.58237256795549,2.26590737667598,2.73265683707881,3.2780039175466,4.64255909670203,6702.86656691489,1.00043932006949
"L[53]",2.83270023311818,0.00972706934392724,0.800773444157155,1.57220373809221,2.25867640326243,2.73874140839187,3.29139330243916,4.69014506072287,6777.2780031818,1.00023360019137
"L[54]",2.82970885488378,0.0100887298186615,0.792167293089562,1.60023804745445,2.27057103175794,2.71924015775448,3.28088799401776,4.66331219342062,6165.39394479225,1.00012461252186
"L[55]",2.83008445812066,0.00953305529064801,0.80493279763743,1.5770254355551,2.25556782021931,2.72811357908667,3.28374146809857,4.62861549770757,7129.4335100405,0.999901593026843
"L[56]",2.84551364356539,0.0105764823115752,0.818651442813085,1.58935771161751,2.27052870714462,2.73636033874045,3.29927271593493,4.69677533981114,5991.22415212733,1.00007052158146
"L[57]",2.83560954184699,0.0111339775031939,0.817863019244742,1.58000331833147,2.24889403726113,2.71983697806495,3.29377790666374,4.79136475070052,5395.85740256036,1.00009441831546
"L[58]",2.8467809823007,0.0106205478922999,0.81609346788206,1.57576563058366,2.27138750932977,2.73760718494753,3.28869118813992,4.75390927489381,5904.53851827077,1.00005253760372
"L[59]",2.83010250632819,0.00940842331858677,0.800378147351818,1.58935238600007,2.25297621032892,2.73381510962132,3.27628302839137,4.71847830282144,7236.96956127924,0.999689970154389
"L[60]",2.83609005131213,0.00963702721746948,0.802852334363559,1.60007994069292,2.2632559870303,2.7184628322513,3.28766542947028,4.68553556976096,6940.41081441216,1.00067602626155
"L[61]",2.83816764629257,0.0106832113438603,0.807466770679113,1.57733760585022,2.27139651103145,2.72236556830654,3.29461558166344,4.70340898403118,5712.7560379898,1.00003521153447
"L[62]",2.84050033839831,0.00968075394385548,0.81545378249917,1.59047734051164,2.25897511130681,2.72214806282969,3.29205234046341,4.70867964620614,7095.45646185595,1.00073296038159
"L[63]",2.82442748173499,0.010246974589969,0.800586189198723,1.60324157625854,2.25829759561574,2.70837707284132,3.26911538262536,4.6511258401186,6104.14539049698,1.00011985749457
"L[64]",2.82782749401621,0.011470362412944,0.809822331384601,1.5676053910085,2.25838507775301,2.71494450562543,3.26772412972808,4.81255538674861,4984.54151277376,0.999918783970712
"L[65]",2.83245664756897,0.0116488017937385,0.81354180958485,1.55490053643127,2.26105096584442,2.71961341805763,3.27903540697375,4.77453829299598,4877.4996038104,1.00008474933719
"L[66]",2.82849679128663,0.00978387672246664,0.794263557869436,1.6028368607279,2.26030366643064,2.71620456924933,3.2929911242004,4.64547559376785,6590.33255151025,1.00035207326409
"L[67]",2.84247829691202,0.0105061781398161,0.817879149842989,1.58228951862194,2.25217487776827,2.72713064411182,3.29858624116139,4.71861497703389,6060.22506267416,1.00022156955121
"L[68]",2.83742675860976,0.00991626258760309,0.807673083459941,1.57372815358962,2.26478264066647,2.7298822057394,3.29411119575081,4.72903144144088,6633.9956506454,1.00037306054517
"L[69]",2.83605244483288,0.0100839850352513,0.817004770509818,1.57637381019389,2.24670103701576,2.72456304225766,3.29450511420508,4.74311239093578,6564.24526817823,1.0001295221272
"L[70]",2.82196946338491,0.00936742347411859,0.782957695283507,1.60812714122698,2.26707406035418,2.7174804811267,3.26356165756141,4.67361487279168,6986.12393943834,1.00032114564662
"L[71]",2.84408526144401,0.010632997283363,0.830721311303981,1.58853494559865,2.26136017815371,2.73041725824682,3.29965895799852,4.76730407262581,6103.7859912785,0.999995172048821
"L[72]",2.83464423335582,0.0101053975107265,0.797347472598252,1.5862413227591,2.26873049131416,2.72869939915839,3.28745218832789,4.68752166049475,6225.7035975423,1.00050039203982
"L[73]",2.82691171177344,0.00975038847138754,0.800640399867101,1.57571742106696,2.25190226807152,2.7232419865023,3.28827223504825,4.66863240284991,6742.65848203908,1.00004816040369
"L[74]",2.84075449304166,0.0103613879093317,0.814218808485782,1.59109115903092,2.25559202178087,2.73086522295403,3.30830716206825,4.71664603463559,6175.13411857145,1.00035939852231
"L[75]",2.84081184635913,0.00985962022082822,0.811671537358675,1.59024356711975,2.26594672999464,2.71646024222154,3.29249125325708,4.7668477290029,6777.04329703235,1.00039215663081
"L[76]",2.83932440216182,0.0114186126722621,0.816343586083963,1.59509165729186,2.25416749803308,2.72211456595487,3.29171693427827,4.79428030812424,5111.15776649727,1.00026680125205
"E_scale",1,NA,0,1,1,1,1,1,NA,NA
"f_crab[1]",0.173430251727688,0.0010640889242219,0.0706825777335629,0.0581881015500447,0.121018850597205,0.165642654926945,0.217288496423817,0.328993665094305,4412.3394216551,1.00103843746409
"f_crab[2]",0.341099371049161,0.000993638222080579,0.0749509933951178,0.207369061492657,0.288052796489111,0.337078994979864,0.389986448733419,0.498042599642485,5689.81582075513,1.00012983858666
"f_crab[3]",0.472876258927816,0.00199978836781948,0.14647394587353,0.219808618930058,0.361707075929145,0.462436870008791,0.572578238340877,0.771437177679897,5364.78950697207,1.00023543193707
"f_lower[1]",0.0646029027638924,0.000644436559034066,0.0446159131719015,0.00549122744735151,0.0302931366132048,0.0557635242703342,0.0896194771284347,0.172811200864977,4793.1302680876,1.00174603732024
"f_lower[2]",0.197657076996555,0.000779465825059779,0.0598982102281508,0.0964313062165313,0.154964281754338,0.192683765946053,0.234312360452389,0.330564339127057,5905.1853561921,1.00017665651326
"f_lower[3]",0.397711291758655,0.0019815188338282,0.143242557055223,0.152590952110578,0.292230082328635,0.386332356770321,0.491188663989787,0.705996241724593,5225.7390727317,1.00087643253905
"eta_f[1]",-1.64813112319869,0.00765097994229303,0.528358894631871,-2.78414083350605,-1.9828242540733,-1.61683383363991,-1.28154156474936,-0.712741633643855,4768.96262705809,1.00093317412528
"eta_f[2]",-0.676238390364873,0.00465340023621125,0.340392168717525,-1.34086118737139,-0.904862038812752,-0.676339986911731,-0.447370105608562,-0.00782965713069054,5350.79490212482,1.00011559000973
"eta_f[3]",-0.113829275873833,0.00865202432854011,0.6429111871768,-1.26678526400697,-0.56796380419394,-0.150536456454245,0.292378722204623,1.21644721269494,5521.61983312171,1.00013808417492
"eta_c[1]",0.673554949031792,0.0160608197345026,1.0716296019449,-1.03386928823015,-0.0527562673001878,0.528610797965695,1.26815158411703,3.1769782137573,4451.98803249091,1.00126026514111
"eta_c[2]",-0.343057642949547,0.00672406337085382,0.519455338047288,-1.37316460757767,-0.682532696135165,-0.34110378188316,0.004917978667115,0.681598086290204,5968.05520172526,0.999821859972414
"eta_c[3]",-2.572421683221,0.0380393806473736,2.45843330955553,-8.34934642787957,-3.37810954654802,-2.01724604714794,-1.08166989871714,0.0605176739819131,4176.86067287741,1.00134119618052
"combo_c[1]",0.627681421213933,0.00273106940317688,0.191898271468963,0.26233514792889,0.486814018209277,0.629158786082196,0.780425603100887,0.959957755741673,4937.15375160836,1.00106180053842
"combo_c[2]",0.420044978954839,0.00153652442871922,0.119000294592779,0.202109633427347,0.335696594832686,0.415541549106964,0.501229489729479,0.664094947311252,5998.14740413558,0.999823693532292
"combo_c[3]",0.159341446159767,0.00220563403399065,0.148615112067831,0.000237496073555279,0.0329875785040614,0.117404965176155,0.253190628907678,0.515124772427478,4540.03329242767,1.00183687690342
"Omega_C[1,1]",1,NA,0,1,1,1,1,1,NA,NA
"Omega_E[1,1]",1,NA,0,1,1,1,1,1,NA,NA
"theta_C_out",0,NA,0,0,0,0,0,0,NA,NA
"zi_scale",1,NA,0,1,1,1,1,1,NA,NA
"lambda_Ctot_S[1,1,1]",14.3151472696488,0.279940570158572,20.4525627085652,1.56972104322721,5.8161408868793,10.5268642843483,17.7551532318152,48.3073018514972,5337.81822553467,0.999752648609205
"lambda_Ctot_S[1,2,1]",15.5275103351133,0.296805480601246,21.6729813234761,1.70297484645655,6.30001342654278,11.4077165723344,19.3462409704032,53.3955985450323,5332.04101429477,0.999631500041938
"lambda_Ctot_S[1,3,1]",16.1640951097251,0.304769421335613,21.8972033795802,1.8243790952213,6.66298388033171,11.8549719837827,20.1346492765255,53.9397464732139,5162.19639585421,0.999888518538389
"lambda_Ctot_S[1,4,1]",15.4226160181957,0.298940465417332,21.7769174544631,1.69724499735243,6.22755434757755,11.2482548966508,19.4210082314805,53.1111421887143,5306.68607679487,0.999696845998065
"lambda_Ctot_S[1,5,1]",15.0738227082808,0.270912555530145,19.6748123245433,1.70160790113767,6.17768595067007,10.9931028459031,18.6483091699626,49.973538835767,5274.27695045997,0.99964909953688
"lambda_Ctot_S[1,6,1]",53.5127651837814,1.24916227792477,87.6924978816318,6.01234710520137,19.441093090848,35.597288082956,63.8428119534746,190.953533171468,4928.186786163,0.999651734335635
"lambda_Ctot_S[1,7,1]",50.9827429981556,1.4176025969897,100.385285942652,5.57207588001969,18.4860320795947,33.6010523144938,59.6978251247872,183.676196820614,5014.54023719185,0.999726889275338
"lambda_Ctot_S[1,8,1]",14.3384108781383,0.275018748729397,20.243239295582,1.56279516285184,5.84734971687328,10.4977794272242,17.8442717291081,49.4618362125238,5417.95525813347,0.999769834944256
"lambda_Ctot_S[1,9,1]",6.92615187088211,0.165315505708405,12.3608118408675,0.75702027491829,2.68516437147704,4.866684520609,8.55625637332273,24.4325651441485,5590.70801645391,0.999699403295132
"lambda_Ctot_S[1,10,1]",6.91592994920185,0.154553077886195,11.3589520139645,0.753208617650091,2.69716492256296,4.90290875082614,8.41041857947405,24.7357715651274,5401.58498053401,0.999732583726683
"lambda_Ctot_S[1,11,1]",9.41113516371921,0.190392803067281,14.0265103380028,1.02455223060403,3.7394867477818,6.87584970836259,11.6908142092556,32.3264104459064,5427.47981054416,0.999608363506989
"lambda_Ctot_S[1,12,1]",14.8612403505471,0.277934890124013,20.5719477834782,1.69173114794495,6.04925716358848,10.8721977869079,18.4158083715956,49.9988513186466,5478.53813776398,0.999698295342731
"lambda_Ctot_S[1,13,1]",23.1145963891091,0.781723712291264,56.2904801418159,2.38279758295847,8.01841409530618,14.671259247891,26.4076938320428,87.005493776916,5185.17399961746,0.999694485305873
"lambda_Ctot_S[1,14,1]",46.569306016506,1.27290990411679,91.9750856077737,5.04101873034596,16.9972106874589,30.6484588888158,54.6353302688031,172.326198420751,5220.8963374817,0.999626085114388
"lambda_Ctot_S[1,15,1]",14.6332586780218,0.260787440565789,18.8264206742312,1.64901099240867,5.98900414862456,10.7034304720952,18.3545257061182,49.1702591634633,5211.49317398587,0.999761976866737
"lambda_Ctot_S[1,16,1]",19.3678878216584,0.187496588072755,13.6277320202676,5.56340660864111,11.314852382729,16.1333117120205,23.7780008257574,52.3201226745664,5282.75453425851,1.00012850482032
"lambda_Ctot_S[1,17,1]",10.7121199576464,0.0957466796017624,7.18971426692215,3.1108356980188,6.31353755353486,8.88477409362983,13.1447680515285,27.6287999258879,5638.6588283343,1.00001652735318
"lambda_Ctot_S[1,18,1]",8.46914520031076,0.0805651621478162,5.94679277886789,2.40693366348417,4.84864526834529,7.00345686052512,10.3962459858612,22.59833402847,5448.42578740544,1.0000569893967
"lambda_Ctot_S[1,19,1]",19.3259821028924,0.170319476593232,13.2087131004155,5.52800438557731,11.1797742458027,16.0103740302516,23.769261425396,51.7622256119647,6014.40108587994,0.999952653025138
"lambda_Ctot_S[1,20,1]",70.3027261912627,1.03210626055655,70.2188247321449,14.41300586516,33.7005825023464,52.8169852434296,82.5865751401101,231.60535268904,4628.69204964392,0.999611287137619
"lambda_Ctot_S[1,21,1]",60.1171997413421,0.894187537538875,60.4704788509974,12.0311373549156,28.5095186469644,44.9539269449838,71.185707715372,201.029323182672,4573.29893323068,0.999667647848934
"lambda_Ctot_S[1,22,1]",17.0502725581867,0.151750328896343,11.4112227287055,4.97413982101767,9.98396911370749,14.1428573069828,20.9816887948767,44.6152645054085,5654.64157989688,0.999965014474166
"lambda_Ctot_S[1,23,1]",8.46985284912082,0.0793444918055949,5.86405785934776,2.34941197511614,4.82957318690098,7.04664664547796,10.3722789028564,23.1708782221279,5462.14126280598,0.999814977677427
"lambda_Ctot_S[1,24,1]",8.59245321649197,0.0768454096291695,5.82301296318933,2.42593085237871,4.95441846366471,7.15138861864739,10.5006148826003,22.5955329482485,5741.95327252807,0.999939546934125
"lambda_Ctot_S[1,25,1]",17.0767286348581,0.154095052936601,11.8016797830577,4.93826948185365,10.0062215939986,14.251120318951,20.8847285015395,44.8218485951347,5865.5705210644,0.999969405058623
"lambda_Ctot_S[1,26,1]",18.7275830906605,0.170846338721834,12.8992764500245,5.46560658337348,10.8408749596108,15.4523015985286,23.0274967456699,49.6016083710753,5700.58398544939,1.00003290678495
"lambda_Ctot_S[1,27,1]",68.2386377718856,0.99692093053929,67.0668553458319,13.8648899015052,32.2394836203035,51.1976332618536,80.4370360311784,225.880263178427,4525.79062586031,0.999635927377733
"lambda_Ctot_S[1,28,1]",29.7368392484418,0.445120806366934,30.5207133054536,5.93368199119858,13.9086597367366,21.8766251170112,35.1156073412419,100.006981018155,4701.46891096,0.999981552252874
"lambda_Ctot_S[1,29,1]",10.6298843757356,0.0959916712143371,7.16979602021915,3.10465277039617,6.26526299341992,8.8431982794638,13.0115108780868,27.7318054221004,5578.8732541829,1.00002226253986
"lambda_Ctot_S[1,30,1]",18.9715901941042,0.174953507251665,13.0728174652133,5.47039701719597,11.1428025581394,15.6722910627727,23.181669787475,50.3930588204207,5583.32731072777,1.00006565957591
"lambda_Ctot_S[1,31,1]",19.4221456364385,0.178753259287378,13.8906350006239,5.57257356177978,11.2119435944213,16.0747204919461,23.4571540354287,51.2664971507301,6038.59997483618,0.999903658707536
"lambda_Ctot_S[1,32,1]",8.44208736411172,0.0792179381607011,5.95481464814512,2.33521145680141,4.86896342812368,7.03398020097101,10.367695438178,22.4333638805578,5650.53314463575,1.00007639326304
"lambda_Ctot_S[1,33,1]",8.47653450656263,0.07998968789095,5.93850808100849,2.34331722240076,4.81800075376685,7.02086682391889,10.4419426339412,22.8203165590574,5511.71431655363,0.999997782372696
"lambda_Ctot_S[1,34,1]",28.2685732520122,0.419202396178171,28.87621800941,5.60222300883574,13.0935381197336,20.8163269938687,33.30230583305,97.1746152832544,4744.96606855167,0.999666915843302
"lambda_Ctot_S[1,35,1]",48.3678124297182,0.706766948648972,47.3928892229235,9.88237662895263,23.1394579138414,36.1353097486549,57.4832040495598,160.712378939731,4496.49285023668,0.999667387118884
"lambda_Ctot_S[1,36,1]",8.50241689485144,0.0818974894036095,5.92032739463388,2.35856954507379,4.84305844311482,7.01081274726203,10.3829954625655,23.0261497813623,5225.76975252546,1.00000091595245
"lambda_Ctot_S[1,37,1]",19.4187896812752,0.174342275643509,13.3635098807677,5.62891680148093,11.2312402924338,15.9751785239879,23.7401083811412,51.5198572445813,5875.37589809149,1.00004905964167
"lambda_Ctot_S[1,38,1]",19.4164539470263,0.181140219621448,13.5673262478407,5.67400399644562,11.1750270784679,16.1512537959778,23.8180559777339,52.0485573139244,5609.94698252948,0.999876705044547
"lambda_Ctot_S[1,39,1]",19.3931023033989,0.187880914671438,14.4272681334711,5.65517752184852,11.1493004267274,16.0592539225887,23.5920003112946,51.5221378508323,5896.61638640819,1.00011211681101
"lambda_Ctot_S[1,40,1]",19.3518484416556,0.176064657556773,13.2462260264008,5.62473250061896,11.2052671030792,16.1608224995935,23.9923800991888,51.2735744034446,5660.30651986328,0.999936928246934
"lambda_Ctot_S[1,41,1]",29.897011775687,0.432079647926167,29.9612396753347,5.96915562089317,13.8822959965599,22.0390560037689,35.3204828899016,100.881976037994,4808.30421081741,0.999759930437231
"lambda_Ctot_S[1,42,1]",30.0681952868709,0.463405421164717,31.3209434566432,5.84014538840191,13.8841702711038,22.0071740166638,36.1228358662519,100.870427575133,4568.22462794931,0.99991369527797
"lambda_Ctot_S[1,43,1]",10.6537024027358,0.100060290279275,7.27538469863863,3.09687932026358,6.20104121466791,8.85032532085802,12.9573451181241,27.8399819653467,5286.74554232595,0.999991314433348
"lambda_Ctot_S[1,44,1]",13.6650941281597,0.123031690820091,9.26409183127257,4.06564072568497,8.06787898525342,11.4266016662534,16.7386032441782,35.0919150134931,5669.85193526325,1.00000190833718
"lambda_Ctot_S[1,45,1]",8.47472039255188,0.0796165650227953,5.83512550618972,2.33918713744329,4.84611540512184,7.03665700112752,10.3583464128333,22.5034122103929,5371.47464804156,1.00005317432694
"lambda_Ctot_S[1,46,1]",8.48322257938127,0.0809188062600314,5.88008484932072,2.36685804743525,4.79658142347301,6.98330987657852,10.4423395589304,22.5273193620799,5280.41737414521,0.999837972807513
"lambda_Ctot_S[1,47,1]",6.16882431708234,0.0996447352749548,7.45080740697303,0.942619414422569,2.58230840004199,4.34799368071521,7.37021014419101,22.1798311074606,5591.1090106094,1.00029769668855
"lambda_Ctot_S[1,48,1]",53.2741102794737,1.15947764385695,82.2615131468084,4.93108160581594,16.8015390199629,31.3626605763718,59.3977285931056,236.702977259469,5033.48326418253,0.999929924408313
"lambda_Ctot_S[1,49,1]",28.9866955794308,0.622127505973809,45.075780318226,2.74499061817069,9.37020779229376,17.2866282407797,32.4698129299769,125.873885543818,5249.61798634461,0.999943627552613
"lambda_Ctot_S[1,50,1]",7.75549627861846,0.120327802767638,8.78419023825931,1.24053468578601,3.29933576098366,5.48185079893435,9.37508287326217,27.1457574893152,5329.31624821567,1.00029948901312
"lambda_Ctot_S[1,51,1]",6.15550091528825,0.0979089375663767,7.16190161008463,0.943182447575932,2.57026842929467,4.33871619206901,7.41360469376987,21.945115085951,5350.71753196566,1.00029277579635
"lambda_Ctot_S[1,52,1]",14.2056744573565,0.232904214803766,16.5706057531841,2.15878230355231,5.98112580143832,9.91048171429608,16.9776925613736,49.7475330590455,5061.9992168352,1.00038127734384
"lambda_Ctot_S[1,53,1]",14.2396485458661,0.226788405304142,16.0314005781496,2.16149449914188,5.95502837765156,9.98114331985293,17.0184715809318,50.7495141231815,4996.90666567505,1.00028804000125
"lambda_Ctot_S[1,54,1]",6.17002746037971,0.0976171407931053,7.25397092907804,0.949424821945709,2.58017143019759,4.29345910334799,7.38099384402492,22.7616600727286,5522.03882133346,1.00024995642035
"lambda_Ctot_S[1,55,1]",22.9284681287283,0.492554299775123,35.1626336658006,2.19869610203965,7.38299510442203,13.6348211523959,25.8047227812991,99.1599967036223,5096.2950430235,1.00007012217454
"lambda_Ctot_S[1,56,1]",29.3132275607537,0.641818956457434,45.5544583199841,2.72946578166986,9.38200174185077,17.2012208463181,32.8280312826907,132.790455668383,5037.75095066967,0.9999867957127
"lambda_Ctot_S[1,57,1]",86.4452423151332,11.5683270756919,879.100533105104,0.673000233837013,5.39248608327318,16.9920646613093,53.7991867143128,514.188596910335,5774.78698021767,0.99990604944388
"lambda_Ctot_S[1,58,1]",6.17815870993484,0.0963079288963362,7.11672819328875,0.954852550310679,2.61155432938428,4.36042588363646,7.43059265985926,22.0812837626263,5460.55356528373,1.00028524100598
"lambda_Ctot_S[1,59,1]",6.11950490531307,0.0936807455283281,6.86961329724699,0.937017225180175,2.58102854600289,4.32180174941567,7.37301817123863,21.7665233499704,5377.29551852149,1.00045554452785
"lambda_Ctot_S[1,60,1]",6.17209564079952,0.0975977250972581,7.2662061142328,0.943019106328321,2.57256169471067,4.30932169918282,7.47114410090126,21.8104064075208,5542.88714453454,1.00021638477906
"lambda_Ctot_S[1,61,1]",14.3004960493179,0.227268569809918,16.3082967474515,2.15029921550346,5.96367993186597,9.94184272461985,17.0892846874139,50.373887031198,5149.18449332042,1.00010114565739
"lambda_Ctot_S[1,62,1]",53.4389071521557,1.15998909721759,82.410137496424,4.84105905040883,16.8026763207911,31.4764655847814,60.2021831017139,234.327139003818,5047.23426621623,0.999988170848801
"lambda_Ctot_S[1,63,1]",29.1260230540121,0.641752995675947,46.5540939647013,2.65450520107319,9.3120232430538,17.2485707864183,32.5064047701874,127.07862792581,5262.35265003106,0.999913495626956
"lambda_Ctot_S[1,64,1]",7.74990300827597,0.120524236601874,8.83197934253187,1.21027985532099,3.29494510567339,5.48512576873797,9.21901462079753,28.4519413665696,5369.91375308802,1.00028937973907
"lambda_Ctot_S[1,65,1]",6.16720385364748,0.0982162367529173,7.17063126481271,0.916182414382617,2.58534495392837,4.33941818667947,7.33552764870608,22.0867855449829,5330.25763968341,1.00036495804288
"lambda_Ctot_S[1,66,1]",6.1465943976337,0.099111738531676,7.1320324310343,0.948489355198438,2.59959528597507,4.33812641343097,7.43109061151144,22.222347601421,5178.17150206579,1.00032692310501
"lambda_Ctot_S[1,67,1]",6.1904843333177,0.10262458794685,7.47948487636294,0.937948359883063,2.59468438916966,4.36310535306495,7.35218585500745,22.4595500164584,5311.78543769756,1.00032063063571
"lambda_Ctot_S[1,68,1]",6.16020709639924,0.101629098224519,7.6017482453744,0.919659079250836,2.61291324458232,4.37694023732121,7.4077882159158,21.7616138101697,5594.88057876057,1.00018611884802
"lambda_Ctot_S[1,69,1]",23.0688060143366,0.496335035907111,35.4087609205512,2.14761514933003,7.37043948604029,13.4628648579803,25.5672211569867,100.02562174625,5089.45868742288,1.00000966363162
"lambda_Ctot_S[1,70,1]",37.5756504019982,0.820915007689083,59.2268143101499,3.48973502232327,12.0895012933947,22.0465814683343,42.1034558998453,161.830654653355,5205.23517810223,1.00008839862092
"lambda_Ctot_S[1,71,1]",12.5072184391793,0.193984428855623,13.8055568654979,1.97823079912713,5.24214025875498,8.84486324539772,15.2243197634419,44.3716060082916,5064.93781185794,1.00030886510562
"lambda_Ctot_S[1,72,1]",14.2410428054608,0.233072686001115,16.6471103286712,2.15378444792829,5.93596160073947,10.0456748104358,17.0865930220524,51.1214568147366,5101.46549307695,1.00039657985023
"lambda_Ctot_S[1,73,1]",14.2129463958069,0.237973534977434,16.7583505245295,2.11879900571497,5.94931184684286,9.91814258721447,16.85000397509,50.1304766301292,4959.12683937941,1.00034313285871
"lambda_Ctot_S[1,74,1]",137.285389875237,17.9806293763357,1365.0407836799,1.07377706510677,8.6006319246055,26.9151719830364,84.6824088289196,806.862646784446,5763.43600970777,0.999919554846019
"lambda_Ctot_S[1,75,1]",164.932702799855,27.7646372741299,2120.01750380827,1.18452448743825,9.61167490334661,30.6699872893725,99.1074428762102,964.663364020841,5830.35347202075,0.999922620202548
"lambda_Ctot_S[1,76,1]",53.4725541700886,1.16560663030086,82.7789701292537,4.86020130930577,16.7180296606149,31.5356527607777,59.5715288784193,232.654585468942,5043.54638770089,0.999638925228942
"C_expected[1,1,1]",14.3151472696488,0.279940570158572,20.4525627085652,1.56972104322721,5.8161408868793,10.5268642843483,17.7551532318152,48.3073018514972,5337.81822553467,0.999752648609205
"C_expected[1,2,1]",15.5275103351133,0.296805480601246,21.6729813234761,1.70297484645655,6.30001342654278,11.4077165723344,19.3462409704032,53.3955985450323,5332.04101429477,0.999631500041938
"C_expected[1,3,1]",16.1640951097251,0.304769421335613,21.8972033795802,1.8243790952213,6.66298388033171,11.8549719837827,20.1346492765255,53.9397464732139,5162.19639585421,0.999888518538389
"C_expected[1,4,1]",15.4226160181957,0.298940465417332,21.7769174544631,1.69724499735243,6.22755434757755,11.2482548966508,19.4210082314805,53.1111421887143,5306.68607679487,0.999696845998065
"C_expected[1,5,1]",15.0738227082808,0.270912555530145,19.6748123245433,1.70160790113767,6.17768595067007,10.9931028459031,18.6483091699626,49.973538835767,5274.27695045997,0.99964909953688
"C_expected[1,6,1]",53.5127651837814,1.24916227792477,87.6924978816318,6.01234710520137,19.441093090848,35.597288082956,63.8428119534746,190.953533171468,4928.186786163,0.999651734335635
"C_expected[1,7,1]",50.9827429981556,1.4176025969897,100.385285942652,5.57207588001969,18.4860320795947,33.6010523144938,59.6978251247872,183.676196820614,5014.54023719185,0.999726889275338
"C_expected[1,8,1]",14.3384108781383,0.275018748729397,20.243239295582,1.56279516285184,5.84734971687328,10.4977794272242,17.8442717291081,49.4618362125238,5417.95525813347,0.999769834944256
"C_expected[1,9,1]",6.92615187088211,0.165315505708405,12.3608118408675,0.75702027491829,2.68516437147704,4.866684520609,8.55625637332273,24.4325651441485,5590.70801645391,0.999699403295132
"C_expected[1,10,1]",6.91592994920185,0.154553077886195,11.3589520139645,0.753208617650091,2.69716492256296,4.90290875082614,8.41041857947405,24.7357715651274,5401.58498053401,0.999732583726683
"C_expected[1,11,1]",9.41113516371921,0.190392803067281,14.0265103380028,1.02455223060403,3.7394867477818,6.87584970836259,11.6908142092556,32.3264104459064,5427.47981054416,0.999608363506989
"C_expected[1,12,1]",14.8612403505471,0.277934890124013,20.5719477834782,1.69173114794495,6.04925716358848,10.8721977869079,18.4158083715956,49.9988513186466,5478.53813776398,0.999698295342731
"C_expected[1,13,1]",23.1145963891091,0.781723712291264,56.2904801418159,2.38279758295847,8.01841409530618,14.671259247891,26.4076938320428,87.005493776916,5185.17399961746,0.999694485305873
"C_expected[1,14,1]",46.569306016506,1.27290990411679,91.9750856077737,5.04101873034596,16.9972106874589,30.6484588888158,54.6353302688031,172.326198420751,5220.8963374817,0.999626085114388
"C_expected[1,15,1]",14.6332586780218,0.260787440565789,18.8264206742312,1.64901099240867,5.98900414862456,10.7034304720952,18.3545257061182,49.1702591634633,5211.49317398587,0.999761976866737
"C_expected[1,16,1]",19.3678878216584,0.187496588072755,13.6277320202676,5.56340660864111,11.314852382729,16.1333117120205,23.7780008257574,52.3201226745664,5282.75453425851,1.00012850482032
"C_expected[1,17,1]",10.7121199576464,0.0957466796017624,7.18971426692215,3.1108356980188,6.31353755353486,8.88477409362983,13.1447680515285,27.6287999258879,5638.6588283343,1.00001652735318
"C_expected[1,18,1]",8.46914520031076,0.0805651621478162,5.94679277886789,2.40693366348417,4.84864526834529,7.00345686052512,10.3962459858612,22.59833402847,5448.42578740544,1.0000569893967
"C_expected[1,19,1]",19.3259821028924,0.170319476593232,13.2087131004155,5.52800438557731,11.1797742458027,16.0103740302516,23.769261425396,51.7622256119647,6014.40108587994,0.999952653025138
"C_expected[1,20,1]",70.3027261912627,1.03210626055655,70.2188247321449,14.41300586516,33.7005825023464,52.8169852434296,82.5865751401101,231.60535268904,4628.69204964392,0.999611287137619
"C_expected[1,21,1]",60.1171997413421,0.894187537538875,60.4704788509974,12.0311373549156,28.5095186469644,44.9539269449838,71.185707715372,201.029323182672,4573.29893323068,0.999667647848934
"C_expected[1,22,1]",17.0502725581867,0.151750328896343,11.4112227287055,4.97413982101767,9.98396911370749,14.1428573069828,20.9816887948767,44.6152645054085,5654.64157989688,0.999965014474166
"C_expected[1,23,1]",8.46985284912082,0.0793444918055949,5.86405785934776,2.34941197511614,4.82957318690098,7.04664664547796,10.3722789028564,23.1708782221279,5462.14126280598,0.999814977677427
"C_expected[1,24,1]",8.59245321649197,0.0768454096291695,5.82301296318933,2.42593085237871,4.95441846366471,7.15138861864739,10.5006148826003,22.5955329482485,5741.95327252807,0.999939546934125
"C_expected[1,25,1]",17.0767286348581,0.154095052936601,11.8016797830577,4.93826948185365,10.0062215939986,14.251120318951,20.8847285015395,44.8218485951347,5865.5705210644,0.999969405058623
"C_expected[1,26,1]",18.7275830906605,0.170846338721834,12.8992764500245,5.46560658337348,10.8408749596108,15.4523015985286,23.0274967456699,49.6016083710753,5700.58398544939,1.00003290678495
"C_expected[1,27,1]",68.2386377718856,0.99692093053929,67.0668553458319,13.8648899015052,32.2394836203035,51.1976332618536,80.4370360311784,225.880263178427,4525.79062586031,0.999635927377733
"C_expected[1,28,1]",29.7368392484418,0.445120806366934,30.5207133054536,5.93368199119858,13.9086597367366,21.8766251170112,35.1156073412419,100.006981018155,4701.46891096,0.999981552252874
"C_expected[1,29,1]",10.6298843757356,0.0959916712143371,7.16979602021915,3.10465277039617,6.26526299341992,8.8431982794638,13.0115108780868,27.7318054221004,5578.8732541829,1.00002226253986
"C_expected[1,30,1]",18.9715901941042,0.174953507251665,13.0728174652133,5.47039701719597,11.1428025581394,15.6722910627727,23.181669787475,50.3930588204207,5583.32731072777,1.00006565957591
"C_expected[1,31,1]",19.4221456364385,0.178753259287378,13.8906350006239,5.57257356177978,11.2119435944213,16.0747204919461,23.4571540354287,51.2664971507301,6038.59997483618,0.999903658707536
"C_expected[1,32,1]",8.44208736411172,0.0792179381607011,5.95481464814512,2.33521145680141,4.86896342812368,7.03398020097101,10.367695438178,22.4333638805578,5650.53314463575,1.00007639326304
"C_expected[1,33,1]",8.47653450656263,0.07998968789095,5.93850808100849,2.34331722240076,4.81800075376685,7.02086682391889,10.4419426339412,22.8203165590574,5511.71431655363,0.999997782372696
"C_expected[1,34,1]",28.2685732520122,0.419202396178171,28.87621800941,5.60222300883574,13.0935381197336,20.8163269938687,33.30230583305,97.1746152832544,4744.96606855167,0.999666915843302
"C_expected[1,35,1]",48.3678124297182,0.706766948648972,47.3928892229235,9.88237662895263,23.1394579138414,36.1353097486549,57.4832040495598,160.712378939731,4496.49285023668,0.999667387118884
"C_expected[1,36,1]",8.50241689485144,0.0818974894036095,5.92032739463388,2.35856954507379,4.84305844311482,7.01081274726203,10.3829954625655,23.0261497813623,5225.76975252546,1.00000091595245
"C_expected[1,37,1]",19.4187896812752,0.174342275643509,13.3635098807677,5.62891680148093,11.2312402924338,15.9751785239879,23.7401083811412,51.5198572445813,5875.37589809149,1.00004905964167
"C_expected[1,38,1]",19.4164539470263,0.181140219621448,13.5673262478407,5.67400399644562,11.1750270784679,16.1512537959778,23.8180559777339,52.0485573139244,5609.94698252948,0.999876705044547
"C_expected[1,39,1]",19.3931023033989,0.187880914671438,14.4272681334711,5.65517752184852,11.1493004267274,16.0592539225887,23.5920003112946,51.5221378508323,5896.61638640819,1.00011211681101
"C_expected[1,40,1]",19.3518484416556,0.176064657556773,13.2462260264008,5.62473250061896,11.2052671030792,16.1608224995935,23.9923800991888,51.2735744034446,5660.30651986328,0.999936928246934
"C_expected[1,41,1]",29.897011775687,0.432079647926167,29.9612396753347,5.96915562089317,13.8822959965599,22.0390560037689,35.3204828899016,100.881976037994,4808.30421081741,0.999759930437231
"C_expected[1,42,1]",30.0681952868709,0.463405421164717,31.3209434566432,5.84014538840191,13.8841702711038,22.0071740166638,36.1228358662519,100.870427575133,4568.22462794931,0.99991369527797
"C_expected[1,43,1]",10.6537024027358,0.100060290279275,7.27538469863863,3.09687932026358,6.20104121466791,8.85032532085802,12.9573451181241,27.8399819653467,5286.74554232595,0.999991314433348
"C_expected[1,44,1]",13.6650941281597,0.123031690820091,9.26409183127257,4.06564072568497,8.06787898525342,11.4266016662534,16.7386032441782,35.0919150134931,5669.85193526325,1.00000190833718
"C_expected[1,45,1]",8.47472039255188,0.0796165650227953,5.83512550618972,2.33918713744329,4.84611540512184,7.03665700112752,10.3583464128333,22.5034122103929,5371.47464804156,1.00005317432694
"C_expected[1,46,1]",8.48322257938127,0.0809188062600314,5.88008484932072,2.36685804743525,4.79658142347301,6.98330987657852,10.4423395589304,22.5273193620799,5280.41737414521,0.999837972807513
"C_expected[1,47,1]",6.16882431708234,0.0996447352749548,7.45080740697303,0.942619414422569,2.58230840004199,4.34799368071521,7.37021014419101,22.1798311074606,5591.1090106094,1.00029769668855
"C_expected[1,48,1]",53.2741102794737,1.15947764385695,82.2615131468084,4.93108160581594,16.8015390199629,31.3626605763718,59.3977285931056,236.702977259469,5033.48326418253,0.999929924408313
"C_expected[1,49,1]",28.9866955794308,0.622127505973809,45.075780318226,2.74499061817069,9.37020779229376,17.2866282407797,32.4698129299769,125.873885543818,5249.61798634461,0.999943627552613
"C_expected[1,50,1]",7.75549627861846,0.120327802767638,8.78419023825931,1.24053468578601,3.29933576098366,5.48185079893435,9.37508287326217,27.1457574893152,5329.31624821567,1.00029948901312
"C_expected[1,51,1]",6.15550091528825,0.0979089375663767,7.16190161008463,0.943182447575932,2.57026842929467,4.33871619206901,7.41360469376987,21.945115085951,5350.71753196566,1.00029277579635
"C_expected[1,52,1]",14.2056744573565,0.232904214803766,16.5706057531841,2.15878230355231,5.98112580143832,9.91048171429608,16.9776925613736,49.7475330590455,5061.9992168352,1.00038127734384
"C_expected[1,53,1]",14.2396485458661,0.226788405304142,16.0314005781496,2.16149449914188,5.95502837765156,9.98114331985293,17.0184715809318,50.7495141231815,4996.90666567505,1.00028804000125
"C_expected[1,54,1]",6.17002746037971,0.0976171407931053,7.25397092907804,0.949424821945709,2.58017143019759,4.29345910334799,7.38099384402492,22.7616600727286,5522.03882133346,1.00024995642035
"C_expected[1,55,1]",22.9284681287283,0.492554299775123,35.1626336658006,2.19869610203965,7.38299510442203,13.6348211523959,25.8047227812991,99.1599967036223,5096.2950430235,1.00007012217454
"C_expected[1,56,1]",29.3132275607537,0.641818956457434,45.5544583199841,2.72946578166986,9.38200174185077,17.2012208463181,32.8280312826907,132.790455668383,5037.75095066967,0.9999867957127
"C_expected[1,57,1]",86.4452423151332,11.5683270756919,879.100533105104,0.673000233837013,5.39248608327318,16.9920646613093,53.7991867143128,514.188596910335,5774.78698021767,0.99990604944388
"C_expected[1,58,1]",6.17815870993484,0.0963079288963362,7.11672819328875,0.954852550310679,2.61155432938428,4.36042588363646,7.43059265985926,22.0812837626263,5460.55356528373,1.00028524100598
"C_expected[1,59,1]",6.11950490531307,0.0936807455283281,6.86961329724699,0.937017225180175,2.58102854600289,4.32180174941567,7.37301817123863,21.7665233499704,5377.29551852149,1.00045554452785
"C_expected[1,60,1]",6.17209564079952,0.0975977250972581,7.2662061142328,0.943019106328321,2.57256169471067,4.30932169918282,7.47114410090126,21.8104064075208,5542.88714453454,1.00021638477906
"C_expected[1,61,1]",14.3004960493179,0.227268569809918,16.3082967474515,2.15029921550346,5.96367993186597,9.94184272461985,17.0892846874139,50.373887031198,5149.18449332042,1.00010114565739
"C_expected[1,62,1]",53.4389071521557,1.15998909721759,82.410137496424,4.84105905040883,16.8026763207911,31.4764655847814,60.2021831017139,234.327139003818,5047.23426621623,0.999988170848801
"C_expected[1,63,1]",29.1260230540121,0.641752995675947,46.5540939647013,2.65450520107319,9.3120232430538,17.2485707864183,32.5064047701874,127.07862792581,5262.35265003106,0.999913495626956
"C_expected[1,64,1]",7.74990300827597,0.120524236601874,8.83197934253187,1.21027985532099,3.29494510567339,5.48512576873797,9.21901462079753,28.4519413665696,5369.91375308802,1.00028937973907
"C_expected[1,65,1]",6.16720385364748,0.0982162367529173,7.17063126481271,0.916182414382617,2.58534495392837,4.33941818667947,7.33552764870608,22.0867855449829,5330.25763968341,1.00036495804288
"C_expected[1,66,1]",6.1465943976337,0.099111738531676,7.1320324310343,0.948489355198438,2.59959528597507,4.33812641343097,7.43109061151144,22.222347601421,5178.17150206579,1.00032692310501
"C_expected[1,67,1]",6.1904843333177,0.10262458794685,7.47948487636294,0.937948359883063,2.59468438916966,4.36310535306495,7.35218585500745,22.4595500164584,5311.78543769756,1.00032063063571
"C_expected[1,68,1]",6.16020709639924,0.101629098224519,7.6017482453744,0.919659079250836,2.61291324458232,4.37694023732121,7.4077882159158,21.7616138101697,5594.88057876057,1.00018611884802
"C_expected[1,69,1]",23.0688060143366,0.496335035907111,35.4087609205512,2.14761514933003,7.37043948604029,13.4628648579803,25.5672211569867,100.02562174625,5089.45868742288,1.00000966363162
"C_expected[1,70,1]",37.5756504019982,0.820915007689083,59.2268143101499,3.48973502232327,12.0895012933947,22.0465814683343,42.1034558998453,161.830654653355,5205.23517810223,1.00008839862092
"C_expected[1,71,1]",12.5072184391793,0.193984428855623,13.8055568654979,1.97823079912713,5.24214025875498,8.84486324539772,15.2243197634419,44.3716060082916,5064.93781185794,1.00030886510562
"C_expected[1,72,1]",14.2410428054608,0.233072686001115,16.6471103286712,2.15378444792829,5.93596160073947,10.0456748104358,17.0865930220524,51.1214568147366,5101.46549307695,1.00039657985023
"C_expected[1,73,1]",14.2129463958069,0.237973534977434,16.7583505245295,2.11879900571497,5.94931184684286,9.91814258721447,16.85000397509,50.1304766301292,4959.12683937941,1.00034313285871
"C_expected[1,74,1]",137.285389875237,17.9806293763357,1365.0407836799,1.07377706510677,8.6006319246055,26.9151719830364,84.6824088289196,806.862646784446,5763.43600970777,0.999919554846019
"C_expected[1,75,1]",164.932702799855,27.7646372741299,2120.01750380827,1.18452448743825,9.61167490334661,30.6699872893725,99.1074428762102,964.663364020841,5830.35347202075,0.999922620202548
"C_expected[1,76,1]",53.4725541700886,1.16560663030086,82.7789701292537,4.86020130930577,16.7180296606149,31.5356527607777,59.5715288784193,232.654585468942,5043.54638770089,0.999638925228942
"C_expected_sum",1884.54814783694,61.5854020230082,4675.20614665151,532.014726435611,990.05897501963,1401.36199470965,2046.95357234425,5902.78308012932,5762.96482579167,0.999945595592011
"C[1,1,1]",14.3076666666667,0.286351052169966,21.1297125397916,1,5,10,18,50,5444.89627610929,0.999728265235622
"C[1,2,1]",15.5696666666667,0.298563986289775,21.8675218373605,1,6,11,20,55.0249999999996,5364.43881915063,0.999641347797505
"C[1,3,1]",16.199,0.31682057521781,22.6812067254608,1,6,12,21,55,5125.13792745215,0.999938077789085
"C[1,4,1]",15.4708333333333,0.295585385776813,22.0022915346944,1,6,11,20,54,5540.76733257461,0.999727115023538
"C[1,5,1]",14.9918333333333,0.271407463352285,19.7109238763407,1,6,11,19,52,5274.36753250573,0.999680584869912
"C[1,6,1]",53.4761666666667,1.24465737808688,87.3317214432072,5,19,36,64,191.049999999999,4923.16516516235,0.999601102086797
"C[1,7,1]",50.857,1.40523442861944,99.1338042051719,4,18,33,60,185.049999999999,4976.7517914959,0.999753233593264
"C[1,8,1]",14.374,0.280622548574979,20.859753407428,1,5,10,18,52,5525.52071281991,0.999661394008634
"C[1,9,1]",6.90716666666667,0.172534061899629,13.1542916141539,0,2,5,9,25,5812.798080073,0.999731481200215
"C[1,10,1]",6.902,0.156127370466474,11.252310803404,0,2,5,9,26,5194.27989883374,0.999953466990743
"C[1,11,1]",9.39566666666667,0.19119674670982,14.2260387289836,0,3,7,12,34,5536.13888551088,0.999751057864914
"C[1,12,1]",14.8411666666667,0.283481319408493,21.0524457696575,1,6,11,19,51,5515.13596674192,0.999604266920324
"C[1,13,1]",23.1506666666667,0.774253308464116,55.7509999481751,1,8,15,27,88,5184.88565287221,0.999657484202398
"C[1,14,1]",46.6036666666667,1.27245111377051,91.778079023191,4,17,31,55,176,5202.3038501472,0.999635052060802
"C[1,15,1]",14.5928333333333,0.260417667708763,18.7748714493214,1,6,11,19,50,5197.72207790133,0.999789250056802
"C[1,16,1]",19.3345,0.190797681252808,14.2662491237423,4,11,16,24,53,5590.79312291125,0.999852650983876
"C[1,17,1]",10.6948333333333,0.106590578023439,7.9211424295018,2,6,9,14,30,5522.52906338485,1.00034897405642
"C[1,18,1]",8.408,0.0847546490915916,6.46520191532853,1,4,7,11,24,5818.84951289217,0.999867825064442
"C[1,19,1]",19.27,0.178321260709108,13.7170621113085,4,11,16,24,53,5917.19604771918,0.999910938837782
"C[1,20,1]",70.2815,1.02353203848717,70.4457594554435,13,33,53,83,235.025,4737.03755806397,0.999642958201273
"C[1,21,1]",60.0406666666667,0.889599794610718,60.6201133776011,10,28,45,71.25,200.025,4643.48600157936,0.999684454377514
"C[1,22,1]",17.0591666666667,0.160332690350886,12.073495524823,3,9,14,22,47,5670.5070004514,0.999966408936836
"C[1,23,1]",8.4875,0.0856500331492155,6.66440140780506,1,4,7,11,25,6054.34582289863,1.00014863067559
"C[1,24,1]",8.66466666666667,0.0863776870602439,6.52633003452237,1,4,7,11,25,5708.66979306038,1.00044211981692
"C[1,25,1]",17.0828333333333,0.154791316798224,12.5383614183326,3,9,14,21,47,6561.27709045523,0.999642443156112
"C[1,26,1]",18.6553333333333,0.182644249756454,13.5631436142095,4,10,16,23,51,5514.53265996071,1.00009592535029
"C[1,27,1]",68.2133333333333,1.00149062229661,67.50178445078,13,32,51,80,231.025,4542.93720286492,0.999569701313397
"C[1,28,1]",29.646,0.441067673538265,30.8036982948169,5,14,22,35,101,4877.47738408523,0.999939522876082
"C[1,29,1]",10.6191666666667,0.102487494608658,7.81828968388563,2,6,9,14,29,5819.44760855454,1.00007445780983
"C[1,30,1]",18.9603333333333,0.188120453324493,13.7905205231083,4,10,16,23,53,5373.89633728421,1.00006534800584
"C[1,31,1]",19.4271666666667,0.186489860362722,14.8558791335179,4,11,16,24,53,6345.79834611427,0.999894571421922
"C[1,32,1]",8.4115,0.086510516670662,6.60942119186054,1,4,7,11,24,5836.99129501532,1.00012894035709
"C[1,33,1]",8.53616666666667,0.0950863835307565,6.7422499925012,1,4,7,11,25,5027.74268724986,0.99991114375093
"C[1,34,1]",28.3898333333333,0.435517084331928,29.3812764620596,4,13,21,34,97,4551.25246598945,0.999710736765755
"C[1,35,1]",48.3801666666667,0.712241099945217,47.9397226678858,8,23,36,58,161,4530.4044214705,0.99969687405307
"C[1,36,1]",8.544,0.0889713021750575,6.68651744826341,1,4,7,11,25,5648.07000101962,1.00037478974389
"C[1,37,1]",19.406,0.1819730356517,14.1645073880077,4,11,16,24,53,6058.83144271011,1.00016826937166
"C[1,38,1]",19.4803333333333,0.191235906023054,14.3079837720819,4,11,16,24,53,5597.80804968048,0.999652313921829
"C[1,39,1]",19.3851666666667,0.194485981938446,15.0882655044092,4,11,16,24,53,6018.69072568949,0.999820084954247
"C[1,40,1]",19.3625,0.187506034128242,14.0588774714043,4,11,16,25,53.0249999999996,5621.74050666902,1.00013260997017
"C[1,41,1]",29.7893333333333,0.432431078225745,30.4419459228132,4,13,22,36,104.025,4955.76864041922,0.999780642238595
"C[1,42,1]",30.0635,0.473628284667077,31.745085070832,4,13.75,22,36,101.025,4492.39287861764,0.999808821912688
"C[1,43,1]",10.6541666666667,0.113174839610205,8.02618439306878,2,6,9,13,30,5029.42678716045,1.00000429986908
"C[1,44,1]",13.7041666666667,0.136514635406297,9.80450597234672,3,7,11,17,37,5158.13855493206,1.00023251666129
"C[1,45,1]",8.46016666666667,0.0915889573868333,6.49898346691538,1,4,7,11,24,5035.05981116427,1.00009869708275
"C[1,46,1]",8.4575,0.0919812381662084,6.39987136398688,1,4,7,11,24,4841.09925626304,1.00014887278818
"C[1,47,1]",6.23266666666667,0.104364132141046,7.87317369507966,0,2,4,8,24,5691.11201375925,1.00007832754036
"C[1,48,1]",53.243,1.16738661855681,82.4946008992685,4,17,31,59,236.025,4993.69059148847,0.999876776450192
"C[1,49,1]",29.1281666666667,0.628850816010363,45.595203260858,2,9,17,33,127.025,5257.06146306189,1.00002379153658
"C[1,50,1]",7.72966666666667,0.12689702696759,9.05642992810795,0,3,6,10,29,5093.43968720546,1.00046214135548
"C[1,51,1]",6.17316666666667,0.104420067829691,7.58846344361809,0,2,4,8,23,5281.28677799969,1.00016027195509
"C[1,52,1]",14.2528333333333,0.233220218354961,16.7479150169543,1,6,10,18,51.0249999999996,5156.90465338339,1.00014912315911
"C[1,53,1]",14.231,0.231887576838758,16.4323454198115,1,5,10,17,52.0249999999996,5021.6234809138,1.0004104412294
"C[1,54,1]",6.18183333333333,0.104479820725737,7.56491735808537,0,2,4,8,24,5242.56155648076,1.00018020278695
"C[1,55,1]",22.9745,0.49828283713757,35.7222693825337,1,7,14,26,100,5139.56336968425,1.00001192338448
"C[1,56,1]",29.3495,0.643090421311993,45.9893812411933,2,9,17,33,133,5114.1216107221,0.999914275183522
"C[1,57,1]",86.5458333333333,11.5361504382817,877.076990296247,0,5,17,54,519.074999999999,5780.34304986133,0.999908397553044
"C[1,58,1]",6.20566666666667,0.0989975131952775,7.53541626622399,0,2,4,8,24,5793.83237211758,1.00026851049472
"C[1,59,1]",6.13466666666667,0.0964381331689302,7.30071331844009,0,2,4,8,22,5731.03420559187,1.00067380315585
"C[1,60,1]",6.19416666666667,0.102281144587999,7.57625892214828,0,2,4,8,23,5486.79151212467,1.00025534325431
"C[1,61,1]",14.3768333333333,0.229395055904301,16.820225423661,1,6,10,17,52,5376.4488317769,1.00012345419583
"C[1,62,1]",53.4731666666667,1.16396825715615,82.6642577532185,4,16,32,61,235.099999999999,5043.74669662866,1.00005950980787
"C[1,63,1]",29.1793333333333,0.641107519483931,46.5710602216002,2,9,17,33,128.025,5276.79847784055,0.999952509252203
"C[1,64,1]",7.732,0.125982926402299,9.28478381735887,0,3,5,10,29,5431.50530716603,1.0003060680081
"C[1,65,1]",6.21133333333333,0.104026892980609,7.59420504160406,0,2,4,8,23.0249999999996,5329.33944346643,1.00023280083473
"C[1,66,1]",6.17833333333333,0.103787368823039,7.65575811579821,0,2,4,8,23,5441.10870826735,0.999995149222578
"C[1,67,1]",6.18383333333333,0.105438925572907,7.92600207484017,0,2,4,8,23,5650.75424276501,1.00005248622712
"C[1,68,1]",6.18383333333333,0.109260912599839,8.10573803777783,0,2,4,8,24,5503.70922363562,1.00047744954275
"C[1,69,1]",23.1138333333333,0.499684946892515,35.6556694383853,1,7,13.5,26,101.025,5091.72168176496,1.00004987446698
"C[1,70,1]",37.4635,0.819593974326428,59.131123356274,3,12,22,42,159.025,5205.16793493,0.999953472510346
"C[1,71,1]",12.4613333333333,0.201104393283884,14.3001837085369,1,5,9,16,46,5056.38479846865,1.00021143136889
"C[1,72,1]",14.2503333333333,0.238250116316982,17.0752723953905,1,5.75,10,18,52,5136.52064993575,1.00037462803037
"C[1,73,1]",14.1271666666667,0.243513945239204,17.0745107824099,1,6,10,17,51.0249999999996,4916.41873049484,1.0004845011709
"C[1,74,1]",137.1225,17.9831236309983,1364.69408653321,0,9,27,85,811,5758.9109006402,0.999921524422379
"C[1,75,1]",164.824333333333,27.7343073104581,2115.31127546434,1,9,31,98,965.025,5817.19901398446,0.999924130669837
"C[1,76,1]",53.412,1.16719563994839,83.1303195651573,4,17,31,61,233,5072.61132339459,0.999617711778266
"C_sum",1884.37916666667,61.4809874885264,4666.44943643342,527,989.75,1404,2048,5924.175,5760.91490092403,0.999954311135559
"E[1,1,1]",6.51639897948972,0.0468834898993878,3.35442676870688,1.87292642320377,4.12650164867343,5.9220939784198,8.21937089695508,14.5949287300165,5119.13716061981,1.00011624987877
"E[1,2,1]",7.06325028978716,0.0508897311914143,3.61926090663565,1.99882483310367,4.45956377864205,6.3730202648035,8.98117994002755,15.9184348279855,5058.00751097818,0.999934499736866
"E[1,3,1]",7.36432599425741,0.0520426157275638,3.71810539518598,2.13361082683518,4.71974845904811,6.70634422686935,9.2864516779892,16.2914505810753,5104.17033840153,1.00010386690815
"E[1,4,1]",7.00184411936831,0.0510701739738374,3.58632355293086,1.98564834938852,4.41613373349669,6.3501584547529,8.88051968932082,15.6803665164253,4931.33222694932,0.999948199622648
"E[1,5,1]",6.88455559834734,0.0501008747946994,3.51685647821317,1.96272124973485,4.38384987809932,6.25597256599353,8.69683821241735,15.5862861907473,4927.4096817533,0.999709335967896
"E[1,6,1]",20.7043784892468,0.148658039505727,10.6590590252683,5.87707557079392,13.1179905326556,18.7522940522516,26.1362976845067,45.8115051509967,5141.15777773185,0.999922493299109
"E[1,7,1]",19.4692683638416,0.1409124951831,9.90782570768409,5.61623795535531,12.4451748708308,17.7056242675604,24.5784884458538,42.8131727046477,4943.76371833291,0.999954489380829
"E[1,8,1]",6.52060160478386,0.0476218337065371,3.34259874621796,1.90484475552934,4.14903239592204,5.89047172845974,8.24089523626803,14.7874033251467,4926.70165461169,1.00017437465612
"E[1,9,1]",3.13452326108681,0.0246421267301212,1.7722026013663,0.828479962599317,1.86609119559211,2.75433860616362,3.97145290577179,7.61515291710581,5172.14111995073,1.00024339148114
"E[1,10,1]",3.13838310831169,0.0255683034372537,1.79316889227663,0.834250524062994,1.87253243458213,2.77722452957004,3.95479126054707,7.53983324302554,4918.56674139417,1.00034115191098
"E[1,11,1]",4.2762685892654,0.0320615291862222,2.21388221830488,1.20084444736253,2.68859796451888,3.86072930405016,5.44255830047653,9.78032566054875,4768.04734841083,1.00010945253051
"E[1,12,1]",6.77345604185851,0.0477358879702617,3.47039458244049,1.93857807232897,4.30551539294776,6.14948566073637,8.50362725094113,15.2394546225667,5285.27637558764,0.999757757359461
"E[1,13,1]",8.75242338550159,0.0737125214259182,4.98681300680058,2.26131635476722,5.29980406923259,7.70990331366383,11.0572333319337,20.7282380183425,4576.81789752756,1.00020229296914
"E[1,14,1]",17.9213799477791,0.132341814141898,9.39289361714971,5.06945177842761,11.2551044410868,16.223865294354,22.5623448629848,40.7426581318989,5037.37914541827,0.999916757195133
"E[1,15,1]",6.67864143771408,0.0488432551233098,3.33965925138174,1.93852544350006,4.30627360588469,6.09275014108059,8.37482988199496,14.6007513818634,4675.14533512958,1.00001294182129
"E[1,16,1]",7.69976491863922,0.0406418972192828,3.20677920091055,3.23832763010069,5.44326811852741,7.09528369015992,9.220836607802,15.6258397217659,6225.72839030187,1.00113064535048
"E[1,17,1]",4.26214580680389,0.0205117895415443,1.68102005626551,1.85156030627613,3.09167087122916,3.95708646492318,5.13436778400429,8.31291507376344,6716.43299400229,1.00037947059525
"E[1,18,1]",3.36926209264238,0.0187789404427419,1.45371305794392,1.32096693459788,2.35966768162017,3.11095284025344,4.07598949170113,6.99610284451606,5992.59894964876,1.00073182094262
"E[1,19,1]",7.68154398886968,0.0380630966550473,3.14215626459632,3.24068712434028,5.48910891448585,7.08969142957892,9.2149040747599,15.299993470044,6814.70912316093,1.00079289498252
"E[1,20,1]",22.624489861898,0.110534780500559,9.07184234408962,9.75440509083885,16.1286325083418,21.0192969279334,27.414600660848,45.5171431105052,6735.8604647289,1.00102558212718
"E[1,21,1]",19.3924127369597,0.104982932466863,8.10189178867025,7.92407228108919,13.6049699960279,17.9354445267492,23.6174649529393,39.0872590883159,5955.73653186768,1.00060845158163
"E[1,22,1]",6.78149864156641,0.0343938801630915,2.72703650430586,2.90427862301518,4.88527867116631,6.30901039659325,8.12608584591863,13.5349394548991,6286.65395415858,1.00139738828568
"E[1,23,1]",3.37169833113867,0.0189742131804132,1.45610456407258,1.33182672436529,2.36663435976731,3.09032724260796,4.09628066730442,6.97182075502134,5889.2172419799,1.00013420569317
"E[1,24,1]",3.42343129831316,0.0182993371551731,1.42168188869163,1.43089490598869,2.4223173571204,3.18824352793512,4.11345360480527,6.94639887638985,6035.79031617329,1.00039296682894
"E[1,25,1]",6.78872800731139,0.0340118163223802,2.71545079890563,2.88634858117759,4.9025735606862,6.30052579885634,8.21764517895109,13.2272608944964,6374.1785774644,1.00094197047947
"E[1,26,1]",7.43590058188227,0.0373068223983515,3.05969739022168,3.27192240402276,5.29544763041494,6.87818466576098,8.9316720938427,14.8820594142125,6726.36504035419,1.00133796338552
"E[1,27,1]",22.039174480971,0.114339233379778,9.28317823401747,8.91043514758367,15.3451483829671,20.459506346221,26.9276549434072,44.9237005486146,6591.78183998279,1.00105377156362
"E[1,28,1]",9.52991472802702,0.0530878251547584,3.99434115835251,3.92052916055813,6.76288098780555,8.81293227376186,11.482818523703,19.2097339630369,5661.09499826461,1.00068180730266
"E[1,29,1]",4.23004874077457,0.0218233976146477,1.68180040804595,1.82037371456072,3.05198556065489,3.94154952380264,5.08641936920203,8.35602901570538,5938.87488682068,1.00067953912746
"E[1,30,1]",7.53080880932242,0.0387428863305493,3.0842017832321,3.25672098159143,5.34230879198443,6.94311121463768,9.06495407298618,15.0548361219807,6337.26142646923,1.00093526897315
"E[1,31,1]",7.71632432352392,0.038682955820066,3.20999695816502,3.20263475258875,5.48075223258206,7.10022526883012,9.29037554088178,15.3910792775123,6886.04629645761,1.00085323818802
"E[1,32,1]",3.35752234727405,0.0181234986533518,1.41632999102973,1.33521346341414,2.35224535470747,3.10157137570814,4.09330782751079,6.85475447562573,6107.23769654781,1.00061725977235
"E[1,33,1]",3.37211799491329,0.0180361274285529,1.46391011001122,1.34940604868161,2.33911991279615,3.07808972501805,4.11258068540348,6.98299822703423,6587.82767274904,1.00047469349139
"E[1,34,1]",9.07802788420435,0.0517231739716575,3.96142019513412,3.60577670601887,6.28679524515753,8.36279728209385,11.0529083452262,18.7779890398308,5865.85722257361,1.00050719776332
"E[1,35,1]",15.5968799123792,0.0839163044679733,6.28811064457884,6.46801703995601,11.1175023935508,14.613755445372,18.6721280497605,30.3517913309489,5614.97270853705,1.00055669267465
"E[1,36,1]",3.38241639359323,0.0182613626488787,1.46444241496593,1.36010677194326,2.35448177060867,3.12569784323223,4.09271506777818,7.0574775280669,6430.99594374543,1.00016269805408
"E[1,37,1]",7.70895515653092,0.0389916470859916,3.18445884826587,3.28130239035377,5.47572170206052,7.14162188071627,9.26272228899965,15.3890726798405,6670.03510903296,1.0006973836636
"E[1,38,1]",7.72229744576974,0.0398512667393849,3.19255156878206,3.25712303279896,5.4746547137332,7.1576450139075,9.30587162084722,15.4172837666175,6417.87982568095,1.00055682990205
"E[1,39,1]",7.69455488352633,0.0396236624302735,3.18847435292221,3.26317982382997,5.45554414896091,7.05368539217248,9.30704398868626,15.5094244182326,6475.25127237483,1.00140590432534
"E[1,40,1]",7.7074980860176,0.0390816102458748,3.16467285449821,3.2685940955969,5.46595970211885,7.10491466892124,9.32337032457109,15.4309070465386,6557.11416407644,1.00096024991738
"E[1,41,1]",9.62358880139334,0.0674709388465567,4.25227822997273,3.77787321240152,6.67350043833462,8.84417544290618,11.6804902304969,20.2631197978819,3972.00548340244,1.00029804711789
"E[1,42,1]",9.62945691815253,0.0568372710242117,4.19488110109134,3.82606321563482,6.62927293011887,8.8914633994828,11.6701675766648,20.0651140207903,5447.19442066199,1.00034724660858
"E[1,43,1]",4.24111994554352,0.0227556369571434,1.73077743181269,1.81827593380575,3.0208821540386,3.90417087986889,5.0842345853487,8.54865301882838,5785.01453477955,1.00027185962917
"E[1,44,1]",5.44853618742256,0.028443591456792,2.1489794383515,2.38263803141002,3.94313668200727,5.06177070568351,6.52072820175628,10.6633305423564,5708.15366649888,1.00052672256287
"E[1,45,1]",3.37588125135313,0.0189355750399988,1.45020122356736,1.3608927574406,2.33678717171202,3.10493844244129,4.1173225345078,6.81263571566889,5865.42569792642,1.00041817003016
"E[1,46,1]",3.37283553938016,0.0189960520901265,1.45645496220597,1.35788226537604,2.33141920157142,3.10588968511927,4.09042005969258,7.040622971307,5878.51208608417,1.00022635161091
"E[1,47,1]",2.18511964509043,0.021246542641372,1.44294365211249,0.540887143444064,1.19031291637072,1.82592186253341,2.76062494353974,6.09493672296878,4612.34946713555,1.00028104526848
"E[1,48,1]",14.527984661131,0.164991393678513,10.3697378074924,3.48540365196013,7.58405746122826,11.8716830595443,18.2219687074097,41.1756347895601,3950.14437662649,1.00023408614029
"E[1,49,1]",7.87136262889236,0.0798291092313809,5.26343129066169,1.96075408018785,4.28634063307579,6.46734854340767,9.92651206355262,21.7325367126983,4347.25734053804,1.00002598924089
"E[1,50,1]",2.75338732703496,0.0272112403598025,1.78975646040416,0.711964508944311,1.5221018247909,2.29611735015655,3.45991570739224,7.60287227132198,4326.04667105452,1.00038975712631
"E[1,51,1]",2.18467962242587,0.0211658249465741,1.44316258997658,0.534369978270941,1.20110552504072,1.80364183397959,2.75669230607238,5.87718485804019,4649.0061962976,1.00001317601447
"E[1,52,1]",5.03636429815517,0.054038503686414,3.42827736319176,1.24918167210387,2.73611548484652,4.18192600309005,6.27848011556054,14.1399752592053,4024.80896912061,1.00043699720833
"E[1,53,1]",5.05596755397996,0.0555467621132591,3.49900157019521,1.24340291915262,2.7361869490949,4.13006951206592,6.31254392786601,14.3765390349554,3967.99190785873,1.00059660874643
"E[1,54,1]",2.18156111681373,0.0216831112962969,1.45627712519445,0.543770610548337,1.19859711643217,1.79770839935805,2.75693479046126,6.01544728135924,4510.70949127992,1.00009800837924
"E[1,55,1]",6.21612696825143,0.0612461192153089,4.12299923576444,1.49755122156172,3.38434929972744,5.14643411075511,7.92377031465652,17.0815520316845,4531.78562883838,1.00004346949925
"E[1,56,1]",7.95112966620593,0.0846105358712392,5.50228950739714,1.96696976891895,4.28197765309823,6.48631587352418,10.0144997879005,22.1756698495028,4229.00290613076,1.00001172777018
"E[1,57,1]",12.4711326450836,0.30953214757476,20.9823728103082,0.645204551530305,2.89048703736759,6.31910715603626,13.9576213363643,62.005285095386,4595.12866845846,1.00136856156771
"E[1,58,1]",2.18523707786295,0.0209899183689825,1.42107577739105,0.548137844108223,1.20223460961573,1.81717505492162,2.77080350990584,5.8789642745552,4583.66610903543,1.0000942883391
"E[1,59,1]",2.17520585575959,0.0211249052162152,1.4286459661414,0.541557581350993,1.2026635677235,1.81406929990482,2.70674204337004,5.88282690624735,4573.61602095594,1.0002304068179
"E[1,60,1]",2.18413419644479,0.0211619182664655,1.43852118804394,0.52598712478659,1.19629336246485,1.8131999653035,2.76729077148436,6.00444111613792,4620.85627540355,1.00029842782985
"E[1,61,1]",5.06788020061599,0.0549399078508589,3.53782040642248,1.25950769386539,2.7414902185062,4.15247187714482,6.31625500726111,14.2684731184877,4146.63407311585,1.00022204350222
"E[1,62,1]",14.57349528945,0.161734836703032,10.426107390402,3.47081929523887,7.65258772524916,12.0063661457203,18.3097056645243,41.5212215474695,4155.63350430206,1.00048416108764
"E[1,63,1]",7.86220912256284,0.0806480994513972,5.30378241644942,1.95308495098474,4.32146631659715,6.52533930569896,9.98658195644137,21.8437453998085,4324.97024320935,1.00012539038123
"E[1,64,1]",2.74555445529908,0.0273144660675106,1.79217176816579,0.703851407181926,1.54418596870075,2.26759825468927,3.43673182919734,7.53303995556579,4305.00670591442,1.00004778490873
"E[1,65,1]",2.17957217316805,0.0213968674475134,1.44982721658664,0.54383612879567,1.19756273645681,1.81473623911973,2.76654434910262,5.86748442295412,4591.26229003024,1.00029254587925
"E[1,66,1]",2.17816085746622,0.0211236795517663,1.44221278007135,0.536900326240603,1.19895496709786,1.80717998476195,2.75250351444246,5.92013610293702,4661.43398637216,1.00039834483406
"E[1,67,1]",2.19175750155168,0.0216652402835208,1.46328985470214,0.536265421513189,1.20528015233222,1.81680939973211,2.74224074715822,6.03168671269308,4561.77334263078,1.00040599037342
"E[1,68,1]",2.18326741306265,0.0213278562842325,1.45033355604204,0.5385679140301,1.20457262405483,1.81275987662588,2.75387884126638,5.95261613386582,4624.25078833929,1.00020634317965
"E[1,69,1]",6.24655984082532,0.0653225460182075,4.26585283930485,1.50194732313243,3.38491827190405,5.14204800077887,7.89925187688816,17.3247390903213,4264.6709878307,1.00033793415412
"E[1,70,1]",10.1867985669298,0.106522280521128,6.89738478903021,2.56804788672889,5.45522212752867,8.4146569456348,12.8933976415108,27.6737843156501,4192.64410515292,1.00048934981191
"E[1,71,1]",4.45054211848402,0.0468176283685997,2.99206886606546,1.1127084047768,2.45418692967428,3.69361831832975,5.56668906222489,12.2866215605703,4084.36316034543,1.00028786954796
"E[1,72,1]",5.04409543524163,0.053705158581476,3.4357104553842,1.2313658703561,2.74566731312142,4.14643062374832,6.28755647475556,13.9305006943805,4092.61702366179,1.00061048730913
"E[1,73,1]",5.02995807431528,0.0538504413315689,3.43657273432314,1.22608399081425,2.75044042406592,4.15707602262723,6.28244730753223,14.1724610201888,4072.60740294547,1.00047063817879
"E[1,74,1]",20.0572761431578,0.486146554666934,33.6806151490926,1.04663231776161,4.56758164353108,10.2820959737201,22.5326924074796,99.2095826217968,4799.82723198637,1.00150577004496
"E[1,75,1]",22.8791159244097,0.536194249848011,37.845737583147,1.15518751308347,5.27305660296782,11.6144078448924,25.4568181744616,115.475196759967,4981.8384799186,1.00129752517779
"E[1,76,1]",14.537873516035,0.162401385529322,10.2828875270206,3.3774512884505,7.62517020005994,11.9379202201614,18.3818822205619,41.0976472458802,4009.13528047977,1.00016573329403
"E_sum",579.782045202444,2.95012489508438,212.002125908995,294.795532719863,438.460606253961,539.759852142608,674.728648454474,1095.64937461969,5164.15925751819,1.00091966865085
"R_G_out",1.41539503851198,0.00512902041836642,0.455612669925534,0.725711700990211,1.09083125905812,1.34785197464858,1.66253971203673,2.48771052902449,7890.83076954722,1.0001252375279
"R_G_boat_out",2.96580017929239,0.00419116349999793,0.391008637025114,2.24237265733983,2.69215729531461,2.94644904590897,3.22000581744235,3.77892820890244,8703.69161267117,0.999844762008523
"kappa_OSP_out",3.14156408552561,0.0106126921811806,0.955888707470402,1.65166731001762,2.46867078428135,3.00226477205598,3.6712013219225,5.42065531523756,8112.66469466863,0.999457047276439
"f_crab_out[1]",0.173430251727688,0.0010640889242219,0.0706825777335629,0.0581881015500447,0.121018850597205,0.165642654926945,0.217288496423817,0.328993665094305,4412.3394216551,1.00103843746409
"f_crab_out[2]",0.341099371049161,0.000993638222080579,0.0749509933951178,0.207369061492657,0.288052796489111,0.337078994979864,0.389986448733419,0.498042599642485,5689.81582075513,1.00012983858666
"f_crab_out[3]",0.472876258927816,0.00199978836781948,0.14647394587353,0.219808618930058,0.361707075929145,0.462436870008791,0.572578238340877,0.771437177679897,5364.78950697207,1.00023543193707
"f_lower_out[1]",0.0646029027638924,0.000644436559034066,0.0446159131719015,0.00549122744735151,0.0302931366132048,0.0557635242703342,0.0896194771284347,0.172811200864977,4793.1302680876,1.00174603732024
"f_lower_out[2]",0.197657076996555,0.000779465825059779,0.0598982102281508,0.0964313062165313,0.154964281754338,0.192683765946053,0.234312360452389,0.330564339127057,5905.1853561921,1.00017665651326
"f_lower_out[3]",0.397711291758655,0.0019815188338282,0.143242557055223,0.152590952110578,0.292230082328635,0.386332356770321,0.491188663989787,0.705996241724593,5225.7390727317,1.00087643253905
"osp_f_kappa_out",0,NA,0,0,0,0,0,0,NA,NA
"sigma_f_out",1.13374669017657,0.0119026249249926,0.688257053969787,0.163195897895597,0.632442795822738,1.00007346515006,1.50751826413071,2.78886429262413,3343.61177264567,0.999604607327052
"cfi_kappa_out",26.3142128059936,0.337058842186927,22.36012000261,5.42176906449268,12.4710424061421,19.7806210277657,32.2391943098236,86.8248698173031,4400.85247818569,1.00248307361121
"combo_c_out[1]",0.627681421213933,0.00273106940317688,0.191898271468963,0.26233514792889,0.486814018209277,0.629158786082196,0.780425603100887,0.959957755741673,4937.15375160836,1.00106180053842
"combo_c_out[2]",0.420044978954839,0.00153652442871922,0.119000294592779,0.202109633427347,0.335696594832686,0.415541549106964,0.501229489729479,0.664094947311252,5998.14740413558,0.999823693532292
"combo_c_out[3]",0.159341446159767,0.00220563403399065,0.148615112067831,0.000237496073555279,0.0329875785040614,0.117404965176155,0.253190628907678,0.515124772427478,4540.03329242767,1.00183687690342
"sigma_c_out",1.53541127227692,0.0135652984747337,0.888098839739474,0.155051897870932,0.878238271974237,1.42728746753737,2.08828134723414,3.54874439991006,4286.11577180437,1.0006251969124
"cfc_kappa_out",27.3374108610286,0.317318062802349,23.2656871160573,4.65185701161003,12.4193812446471,20.424025157596,34.2755806743574,90.4740739107998,5375.78855017974,1.00056544663443
"sigma_IE_out",0.202748416294839,0.00242872133079954,0.205693832389036,0.00545037926688804,0.0552275512048173,0.14112711177071,0.277013260020413,0.770367237142374,7172.77429906495,1.0000208822201
"B1_C_out",0.106528916546721,0.00767160280974656,0.6063149783049,-1.03309658340048,-0.303138651403917,0.0984121623122302,0.486953982490177,1.34344584358553,6246.32209534157,0.99962291668516
"B2_C_out",0.00198561747701197,0.0112780042980058,1.01626902753705,-1.94986553257708,-0.702698385858759,0.00252758029471294,0.706977469855718,1.95309206130061,8119.94090141292,1.00014631798086
"B_open_out[1]",-0.83303104277609,0.00294344279114512,0.259779300365141,-1.3508238028583,-0.998669756316881,-0.834179078147815,-0.660812947603274,-0.311904152101367,7789.29024991475,1.00000460484678
"gamma_C_out",-0.0187335223902305,0.0116468132418858,1.00121036999096,-1.99836640247216,-0.67767599059661,-0.0178686929128323,0.625846404176802,1.946720893214,7389.86415784518,0.999627514243522
"L_out[1]",2.82920649239816,0.00973620869432795,0.793038144143812,1.57973096093266,2.26593682794085,2.71840382665343,3.27451742209598,4.67101138844781,6634.50315501043,0.999767350384965
"L_out[2]",2.83721923661662,0.00988291896934118,0.804616487184363,1.57735985966768,2.25196230205696,2.7187587024441,3.30840383028254,4.74783795161344,6628.37980618476,1.0014305446433
"L_out[3]",2.96540515298405,0.0101486360778734,0.820995104007058,1.66174229857588,2.37570782120909,2.86089092995768,3.43218442977075,4.82958706351579,6544.33881715275,0.99966793263078
"L_out[4]",2.80837384575427,0.00942943348404495,0.790720207552027,1.6161669447179,2.23439244829384,2.70463195476006,3.25942099410744,4.64288409489523,7031.92893053628,1.00006463249818
"L_out[5]",2.7664900628948,0.0105594965128699,0.783849263290646,1.55711973930946,2.21551632493446,2.65503594252908,3.17924268153712,4.63016166605315,5510.34368203092,1.00012080582359
"L_out[6]",2.91622699066436,0.010124611952933,0.799575277648232,1.65101095731261,2.35695633411033,2.80596066485323,3.37760119470773,4.74564242060413,6236.80177712431,1.00026717032006
"L_out[7]",2.97776244787544,0.0106052567385502,0.821567583987561,1.68483784157109,2.39910680241775,2.86348451307025,3.44636944553118,4.91250280257326,6001.28452233395,0.999817875260111
"L_out[8]",2.83806374868997,0.00967116625449292,0.817294556655478,1.57066442779927,2.26188099122649,2.72721899165643,3.29215852869023,4.71390608403041,7141.66565718904,1.00012289660615
"L_out[9]",2.83502098891173,0.009555726478958,0.808952270266355,1.5781890520786,2.26602817794749,2.72908358055599,3.27655059987795,4.7004424111987,7166.68598902081,1.00031408468462
"L_out[10]",2.83531412624311,0.00965170735536284,0.800579158170698,1.574000312741,2.26858192600709,2.71776715868198,3.28871849512133,4.69679602737451,6880.18741755058,0.999943928451921
"L_out[11]",2.82649568972744,0.00944262534427658,0.785743531710264,1.59765971632365,2.26021541584207,2.7262617084174,3.27487899073491,4.63532565112841,6924.30376953498,0.999993725008424
"L_out[12]",2.72006556630927,0.00953485974065423,0.763107592155603,1.53736765878097,2.17255121721419,2.61907433509728,3.14939327732919,4.46290726971579,6405.35096749366,1.00027148325541
"L_out[13]",2.78946831631253,0.00982924098630369,0.792828610026039,1.55656247810386,2.22584561141884,2.67161431788486,3.23333210165793,4.60674939416836,6506.06895090465,1.00012706164225
"L_out[14]",2.73141668312593,0.0100302085031007,0.778343345337819,1.54498234173146,2.17134702976723,2.62361102642051,3.16558979201354,4.50643881068402,6021.74708753016,1.00031395054336
"L_out[15]",2.91201581139627,0.00951543379845461,0.798632982694332,1.66482636689438,2.3436393560022,2.80808482774525,3.37012564851319,4.71373333329507,7044.29118939683,0.999845682902465
"L_out[16]",2.83387696320568,0.010197771580843,0.813141539404982,1.58846805907855,2.26409284254437,2.71072798334556,3.26960110607841,4.71151916317503,6358.01773774398,1.00041868692627
"L_out[17]",2.8544272555267,0.00941543459444879,0.793869148145719,1.61509699425681,2.28885794175848,2.75018100369375,3.29697190809543,4.7175246959029,7109.14066064386,0.999849407575363
"L_out[18]",2.83364697630687,0.0102891900190089,0.815960417584482,1.58042712982186,2.25624611775863,2.7167801604669,3.29854704872653,4.67780725037412,6288.91619661164,1.00051309861081
"L_out[19]",2.82925602920875,0.00938857000127826,0.796599954972355,1.57930966841704,2.27200995809817,2.72687509072599,3.27479249572217,4.71145197597491,7199.15721202284,1.00006797674169
"L_out[20]",2.92212082459586,0.00932456688335558,0.786143469925743,1.70284576382536,2.35037931075887,2.81749735433955,3.37061605218882,4.74871420379994,7107.9814512879,1.00020393826205
"L_out[21]",2.82940589804597,0.0099035812533697,0.818073547934161,1.5649246620646,2.23993984978987,2.72206163885215,3.29725010569156,4.68163495007845,6823.38948925976,0.999802265339889
"L_out[22]",2.83167948636718,0.00959802612564336,0.812708209382803,1.57614584091951,2.26293811804493,2.72172274989342,3.27715851900776,4.77000002327874,7169.77352994853,1.00045518673715
"L_out[23]",2.83640197706958,0.0101939087050268,0.815095210637948,1.57784392676955,2.24632240865223,2.72633873113032,3.30380181699622,4.78813043909386,6393.44896777961,1.00016361684406
"L_out[24]",2.88800768123045,0.00988391268148881,0.800255699993878,1.64482807114371,2.32392242069491,2.77334631636033,3.35096495430647,4.70656541265814,6555.40838573617,0.999910202918433
"L_out[25]",2.8325373372279,0.010733710414562,0.798043382253593,1.58906368484472,2.26476669537553,2.72836610926345,3.26512330740458,4.66113885754359,5527.81185128818,1.00043494470265
"L_out[26]",2.73982249255915,0.00930528082109917,0.765394827273615,1.55915932568218,2.20087586727093,2.61882400579228,3.17850227986102,4.51581383908809,6765.68973009943,1.00047195045085
"L_out[27]",2.83942415042481,0.0098171003164891,0.820654528483894,1.57558676759291,2.25356349514259,2.72611864081755,3.2932030876392,4.72932071298474,6988.02231124571,1.00036454014113
"L_out[28]",2.81983994508934,0.00902676518705989,0.772653214054854,1.59967363547922,2.27268034388276,2.71911413951084,3.25189426803908,4.60573922426672,7326.64147938104,1.00020908105628
"L_out[29]",2.83214132439176,0.00977360418694111,0.790334138264161,1.59928101763509,2.27447694005385,2.73042241305785,3.27294501487794,4.60395550826048,6539.00981616635,1.00011844879562
"L_out[30]",2.77455511754101,0.0102942867923858,0.783294463494235,1.56982528204799,2.21821790987057,2.65834715253885,3.21132470429528,4.56933758534474,5789.72034849811,1.0004399631913
"L_out[31]",2.83537990629085,0.0107160691538738,0.798941077488201,1.59428356892349,2.26864909778925,2.71739780096613,3.28381966245587,4.68002992649345,5558.51122149061,1.00006393446999
"L_out[32]",2.82583338224184,0.0102688051772647,0.792748749832046,1.5999440310191,2.25740843653407,2.71443094019185,3.26834756672696,4.7022641242735,5959.79474445365,1.00030522225377
"L_out[33]",2.83408585504381,0.00991342430398733,0.816514082197966,1.55536682890824,2.25004388714318,2.71388330717971,3.27768297121521,4.70847949089983,6783.90830313351,1.00037953519912
"L_out[34]",2.67648579306643,0.00957902105997859,0.766664827323677,1.49507372371161,2.1292242645639,2.55899670081524,3.10898815620093,4.43887737456519,6405.7328505566,1.00027976872567
"L_out[35]",2.83774413282626,0.00988934604327271,0.805665459329061,1.59843450088468,2.26635330728611,2.72790738420846,3.28022067823671,4.73940254686608,6637.03858074995,1.00015890064287
"L_out[36]",2.84123065512889,0.00992219220803066,0.813481780436264,1.57752223372292,2.26662159076184,2.73563391176864,3.28553108256127,4.71251937873806,6721.71956612211,0.99998699975915
"L_out[37]",2.8369500567797,0.00954524423136695,0.793141183843563,1.59753175133363,2.28628312653462,2.73571163771155,3.27383801020383,4.6554299834129,6904.41539618706,0.999852765750323
"L_out[38]",2.84118780804941,0.0111610087192555,0.808783206865405,1.58654585104001,2.26069054437997,2.73663834189859,3.29709527289988,4.79863629059842,5251.18544494654,1.00005302823145
"L_out[39]",2.83328887752999,0.00995210731123265,0.813810808450299,1.57082385968766,2.24591134819128,2.71316652012703,3.29678248192711,4.68320605658259,6686.7764852819,1.00049786398875
"L_out[40]",2.83821149199517,0.010103653271584,0.811169758114536,1.57582159017224,2.26860982441501,2.72922582094089,3.28422919430565,4.78212484857806,6445.64872861043,1.00003458559565
"L_out[41]",2.83831264530799,0.0120563474492862,0.833665354125579,1.56516279920727,2.25141353182125,2.71999069828179,3.28595571115662,4.86073886294551,4781.36607559289,1.00008223757523
"L_out[42]",2.83802460427881,0.0095647912696029,0.808415959649592,1.57304820790957,2.26064214892915,2.71853313340303,3.30533392012367,4.70737216080325,7143.62689263557,0.999997992892847
"L_out[43]",2.83551228752377,0.0110792909534659,0.814418015723471,1.58111223814773,2.26968029760402,2.72290084890018,3.2601079214512,4.78949097339374,5403.44591929678,0.999856299206684
"L_out[44]",2.8342400592192,0.0117055543629168,0.81493825369156,1.58270568553115,2.2554146881488,2.72370793771382,3.29277758188477,4.753698660104,4846.91536319083,0.999880006890472
"L_out[45]",2.84116638613564,0.00999561367484114,0.820253136239721,1.57227752959435,2.25139897190484,2.7309917359456,3.31285521339034,4.73334783195223,6734.05833338615,1.00036959988233
"L_out[46]",2.82999212302832,0.010045769174026,0.792100870999101,1.59151803897281,2.26692234415474,2.71604578033056,3.28762808467561,4.67806093746043,6217.19647003057,0.999885589999794
"L_out[47]",2.83895831714648,0.0103587743168926,0.813124450589655,1.58816868947434,2.26738468313599,2.72496288741735,3.28463778553526,4.74557136482419,6161.65386995359,1.00026531213285
"L_out[48]",2.83422228443134,0.00985464997764253,0.809607075424413,1.56336414999593,2.26375127777184,2.7310901539669,3.29586589314608,4.68811065744923,6749.41578890274,0.999904258921767
"L_out[49]",2.82470617149684,0.00942488514252007,0.793845576616048,1.59444169648918,2.27003626692944,2.71503657397726,3.26520100860112,4.68510498144441,7094.46949625997,1.00021456101367
"L_out[50]",2.83461596104565,0.00936870793507619,0.79799545844431,1.60391519374938,2.26261540650713,2.7303400534987,3.28102780494438,4.66682625129004,7255.06719121271,1.00014098993844
"L_out[51]",2.84100396286651,0.0112988930646357,0.820463740256882,1.56968416097934,2.26354978848225,2.72271814399441,3.28092999558696,4.76286034003804,5272.86907828476,1.00039952284219
"L_out[52]",2.8294270664712,0.00966622157883194,0.791383576706458,1.58237256795549,2.26590737667598,2.73265683707881,3.2780039175466,4.64255909670203,6702.86656691489,1.00043932006949
"L_out[53]",2.83270023311818,0.00972706934392724,0.800773444157155,1.57220373809221,2.25867640326243,2.73874140839187,3.29139330243916,4.69014506072287,6777.2780031818,1.00023360019137
"L_out[54]",2.82970885488378,0.0100887298186615,0.792167293089562,1.60023804745445,2.27057103175794,2.71924015775448,3.28088799401776,4.66331219342062,6165.39394479225,1.00012461252186
"L_out[55]",2.83008445812066,0.00953305529064801,0.80493279763743,1.5770254355551,2.25556782021931,2.72811357908667,3.28374146809857,4.62861549770757,7129.4335100405,0.999901593026843
"L_out[56]",2.84551364356539,0.0105764823115752,0.818651442813085,1.58935771161751,2.27052870714462,2.73636033874045,3.29927271593493,4.69677533981114,5991.22415212733,1.00007052158146
"L_out[57]",2.83560954184699,0.0111339775031939,0.817863019244742,1.58000331833147,2.24889403726113,2.71983697806495,3.29377790666374,4.79136475070052,5395.85740256036,1.00009441831546
"L_out[58]",2.8467809823007,0.0106205478922999,0.81609346788206,1.57576563058366,2.27138750932977,2.73760718494753,3.28869118813992,4.75390927489381,5904.53851827077,1.00005253760372
"L_out[59]",2.83010250632819,0.00940842331858677,0.800378147351818,1.58935238600007,2.25297621032892,2.73381510962132,3.27628302839137,4.71847830282144,7236.96956127924,0.999689970154389
"L_out[60]",2.83609005131213,0.00963702721746948,0.802852334363559,1.60007994069292,2.2632559870303,2.7184628322513,3.28766542947028,4.68553556976096,6940.41081441216,1.00067602626155
"L_out[61]",2.83816764629257,0.0106832113438603,0.807466770679113,1.57733760585022,2.27139651103145,2.72236556830654,3.29461558166344,4.70340898403118,5712.7560379898,1.00003521153447
"L_out[62]",2.84050033839831,0.00968075394385548,0.81545378249917,1.59047734051164,2.25897511130681,2.72214806282969,3.29205234046341,4.70867964620614,7095.45646185595,1.00073296038159
"L_out[63]",2.82442748173499,0.010246974589969,0.800586189198723,1.60324157625854,2.25829759561574,2.70837707284132,3.26911538262536,4.6511258401186,6104.14539049698,1.00011985749457
"L_out[64]",2.82782749401621,0.011470362412944,0.809822331384601,1.5676053910085,2.25838507775301,2.71494450562543,3.26772412972808,4.81255538674861,4984.54151277376,0.999918783970712
"L_out[65]",2.83245664756897,0.0116488017937385,0.81354180958485,1.55490053643127,2.26105096584442,2.71961341805763,3.27903540697375,4.77453829299598,4877.4996038104,1.00008474933719
"L_out[66]",2.82849679128663,0.00978387672246664,0.794263557869436,1.6028368607279,2.26030366643064,2.71620456924933,3.2929911242004,4.64547559376785,6590.33255151025,1.00035207326409
"L_out[67]",2.84247829691202,0.0105061781398161,0.817879149842989,1.58228951862194,2.25217487776827,2.72713064411182,3.29858624116139,4.71861497703389,6060.22506267416,1.00022156955121
"L_out[68]",2.83742675860976,0.00991626258760309,0.807673083459941,1.57372815358962,2.26478264066647,2.7298822057394,3.29411119575081,4.72903144144088,6633.9956506454,1.00037306054517
"L_out[69]",2.83605244483288,0.0100839850352513,0.817004770509818,1.57637381019389,2.24670103701576,2.72456304225766,3.29450511420508,4.74311239093578,6564.24526817823,1.0001295221272
"L_out[70]",2.82196946338491,0.00936742347411859,0.782957695283507,1.60812714122698,2.26707406035418,2.7174804811267,3.26356165756141,4.67361487279168,6986.12393943834,1.00032114564662
"L_out[71]",2.84408526144401,0.010632997283363,0.830721311303981,1.58853494559865,2.26136017815371,2.73041725824682,3.29965895799852,4.76730407262581,6103.7859912785,0.999995172048821
"L_out[72]",2.83464423335582,0.0101053975107265,0.797347472598252,1.5862413227591,2.26873049131416,2.72869939915839,3.28745218832789,4.68752166049475,6225.7035975423,1.00050039203982
"L_out[73]",2.82691171177344,0.00975038847138754,0.800640399867101,1.57571742106696,2.25190226807152,2.7232419865023,3.28827223504825,4.66863240284991,6742.65848203908,1.00004816040369
"L_out[74]",2.84075449304166,0.0103613879093317,0.814218808485782,1.59109115903092,2.25559202178087,2.73086522295403,3.30830716206825,4.71664603463559,6175.13411857145,1.00035939852231
"L_out[75]",2.84081184635913,0.00985962022082822,0.811671537358675,1.59024356711975,2.26594672999464,2.71646024222154,3.29249125325708,4.7668477290029,6777.04329703235,1.00039215663081
"L_out[76]",2.83932440216182,0.0114186126722621,0.816343586083963,1.59509165729186,2.25416749803308,2.72211456595487,3.29171693427827,4.79428030812424,5111.15776649727,1.00026680125205
"tau_bar_out",2.8026587116374,0.00871130114152362,0.67095029294327,1.72416485165906,2.32748473943859,2.71900378481137,3.18846699055272,4.28379953794094,5932.18435791333,1.00025821460135
"log_lik_trailer[1]",-2.48117963207549,0.00331122535162426,0.20827420370636,-2.89087606041466,-2.62088235221932,-2.47982238660589,-2.34134012340646,-2.07351153825996,3956.33892071748,1.00069159465903
"log_lik_trailer[2]",-3.37594977589665,0.00483852737253781,0.33740560395872,-4.17828441156405,-3.55612342546608,-3.33800540683996,-3.14536941475505,-2.83696378045619,4862.70785389954,0.999834090652441
"log_lik_trailer[3]",-2.18342051891879,0.0026317112225291,0.191172705496053,-2.56874548692024,-2.30273945178323,-2.1784476462744,-2.05256529887004,-1.82514994250368,5276.85678925999,1.00044400266008
"log_lik_trailer[4]",-2.15119112642504,0.00443666829542207,0.330685326919467,-2.95883759956605,-2.32596601411365,-2.09531926409471,-1.91772065700761,-1.65575165741327,5555.40761144064,1.00004830260251
"log_lik_trailer[5]",-2.42743617799329,0.00926486266691806,0.634666911983814,-3.87156075005161,-2.80284931712941,-2.35634930630574,-1.96301346822933,-1.42345157072809,4692.6022238208,1.00039728847412
"log_lik_trailer[6]",-2.14795456053464,0.0036557709577893,0.222367089440818,-2.63219969879374,-2.27821863033831,-2.13106056620787,-1.99438337060917,-1.75269928303077,3699.84104886085,1.00044639540051
"log_lik_trailer[7]",-2.48117963207549,0.00331122535162426,0.20827420370636,-2.89087606041466,-2.62088235221932,-2.47982238660589,-2.34134012340646,-2.07351153825996,3956.33892071748,1.00069159465903
"log_lik_trailer[8]",-3.81536511270915,0.00811201701779542,0.558691557677782,-5.20960996912486,-4.0710692475981,-3.71503052755696,-3.44039423895688,-3.01646769915946,4743.3646374279,0.999780605679777
"log_lik_trailer[9]",-3.62371505335112,0.00601831554521599,0.43298946958694,-4.66266899413363,-3.86485169114388,-3.55769489732087,-3.31776889944288,-2.96596264953452,5176.12504905207,1.00053554226601
"log_lik_trailer[10]",-3.36100018517548,0.00505184865132436,0.437920677979873,-4.34957769116984,-3.62844077753613,-3.32108168240337,-3.05495116762447,-2.62374892625681,7514.32963945109,0.999902173262165
"log_lik_trailer[11]",-2.78218507946397,0.00301096181563092,0.249705993413673,-3.34585498555475,-2.93147498207281,-2.76017001785854,-2.61207605089208,-2.35478656258366,6877.76664942726,0.99971860790475
"log_lik_trailer[12]",-3.49607558500897,0.00417518795272706,0.321635333458753,-4.22023435053486,-3.67519778636045,-3.47317627556238,-3.28247389519539,-2.93869815594433,5934.38124394735,0.999940405280291
"log_lik_trailer[13]",-0.909726286881186,0.00282078356355988,0.210919701114635,-1.38078342082621,-1.03665091278455,-0.889783758746588,-0.757747423126186,-0.559894956575312,5591.06788990924,0.999944049214552
"log_lik_trailer[14]",-2.59033329751527,0.00367989362809087,0.293529794753558,-3.2351556124246,-2.77218711386925,-2.56403328655467,-2.38396031571483,-2.08885691250882,6362.58872794326,0.999854134297416
"log_lik_trailer[15]",-2.057056262021,0.00260020619576777,0.176586241048485,-2.42156921440388,-2.17381073749017,-2.04963812663116,-1.93580450409889,-1.72727837122411,4612.09395878956,1.00055360183321
"log_lik_trailer[16]",-3.03879663970307,0.00395287101379,0.248561266022771,-3.52304867754553,-3.19874352265908,-3.0416535319026,-2.87813390604201,-2.54519036319701,3954.04509806333,1.00099438023446
"log_lik_trailer[17]",-3.28007189796054,0.0055674530225831,0.396320314770649,-4.19365085320774,-3.49804350249829,-3.2334578019612,-3.0052380443856,-2.63495606727743,5067.33417882167,0.999719239222752
"log_lik_trailer[18]",-1.77463050613765,0.00234222855981764,0.156002730612453,-2.10928018999503,-1.87449669639543,-1.76553102523394,-1.66662825766173,-1.48760676419794,4436.14625422062,1.00096847559076
"log_lik_trailer[19]",-1.77463050613765,0.00234222855981764,0.156002730612453,-2.10928018999503,-1.87449669639543,-1.76553102523394,-1.66662825766173,-1.48760676419794,4436.14625422062,1.00096847559076
"log_lik_trailer[20]",-1.8800515038722,0.00282809068524345,0.184175863188303,-2.27014835492813,-1.99511453729707,-1.86736029135922,-1.75188884959383,-1.55604705197774,4241.10246520473,1.00010264624678
"log_lik_trailer[21]",-1.2750221252158,0.00142734886307959,0.107204739498741,-1.51427596066622,-1.34134040359794,-1.26592502561482,-1.19891729733851,-1.09427481276013,5641.15073900257,1.00041959471417
"log_lik_trailer[22]",-1.93531319871001,0.00983771294200309,0.538835243503282,-3.21645258593591,-2.22832335706107,-1.86725252385839,-1.556320651637,-1.07874287919961,3000.0168613704,1.00092520798775
"log_lik_trailer[23]",-1.2750221252158,0.00142734886307959,0.107204739498741,-1.51427596066622,-1.34134040359794,-1.26592502561482,-1.19891729733851,-1.09427481276013,5641.15073900257,1.00041959471417
"log_lik_trailer[24]",-1.66001736466609,0.00446128452617703,0.36478762127,-2.44931918423971,-1.88311451588198,-1.63163812523776,-1.40054763526912,-1.03775641039105,6685.90714940442,0.999740129355008
"log_lik_trailer[25]",-1.66001736466609,0.00446128452617703,0.36478762127,-2.44931918423971,-1.88311451588198,-1.63163812523776,-1.40054763526912,-1.03775641039105,6685.90714940442,0.999740129355008
"log_lik_trailer[26]",-1.77463050613765,0.00234222855981764,0.156002730612453,-2.10928018999503,-1.87449669639543,-1.76553102523394,-1.66662825766173,-1.48760676419794,4436.14625422062,1.00096847559076
"log_lik_trailer[27]",-1.66001736466609,0.00446128452617703,0.36478762127,-2.44931918423971,-1.88311451588198,-1.63163812523776,-1.40054763526912,-1.03775641039105,6685.90714940442,0.999740129355008
"log_lik_trailer[28]",-1.7843331436514,0.00451358956754092,0.257238016487684,-2.42799221955682,-1.9139413024484,-1.74093090561948,-1.60794594991811,-1.40968239248248,3248.0759386472,1.00084276038846
"log_lik_trailer[29]",-1.2750221252158,0.00142734886307959,0.107204739498741,-1.51427596066622,-1.34134040359794,-1.26592502561482,-1.19891729733851,-1.09427481276013,5641.15073900257,1.00041959471417
"log_lik_trailer[30]",-2.62739592450554,0.00606798113458065,0.457095569272638,-3.68454390775926,-2.90451474507126,-2.56857099219699,-2.29088898977286,-1.90824931275551,5674.4735945139,0.9998259302688
"log_lik_trailer[31]",-0.462617290583078,0.00225554350904071,0.158518958459471,-0.829508410869943,-0.55644012161207,-0.441821096137725,-0.34870482734356,-0.210944232907882,4939.23855697098,0.999856143471653
"log_lik_trailer[32]",-1.30685431435832,0.00235835932005964,0.134724947529308,-1.62723172427583,-1.38223217213651,-1.28742162468361,-1.21128530192548,-1.09765622363472,3263.44348587019,1.00015601218034
"log_lik_trailer[33]",-3.46629946850651,0.0111649966960698,0.746193518630927,-5.23093746216441,-3.89356325716975,-3.33036184946183,-2.89993483869389,-2.42372199438717,4466.68932975707,1.00066543134942
"log_lik_trailer[34]",-1.42513983738342,0.00219110848245928,0.174535932504268,-1.84746305873684,-1.51862351712438,-1.39801015930336,-1.30083883864662,-1.16262693836321,6345.15069746309,0.999755658069418
"log_lik_trailer[35]",-1.08884456033566,0.00492139934567091,0.364056669945922,-1.92637268306751,-1.30173821148884,-1.04643811107575,-0.823633200738779,-0.50341320768649,5472.18498535499,1.00001266092421
"log_lik_trailer[36]",-0.462617290583078,0.00225554350904071,0.158518958459471,-0.829508410869943,-0.55644012161207,-0.441821096137725,-0.34870482734356,-0.210944232907882,4939.23855697098,0.999856143471653
"log_lik_trailer[37]",-0.462617290583078,0.00225554350904071,0.158518958459471,-0.829508410869943,-0.55644012161207,-0.441821096137725,-0.34870482734356,-0.210944232907882,4939.23855697098,0.999856143471653
"log_lik_trailer[38]",-0.462617290583078,0.00225554350904071,0.158518958459471,-0.829508410869943,-0.55644012161207,-0.441821096137725,-0.34870482734356,-0.210944232907882,4939.23855697098,0.999856143471653
"log_lik_trailer[39]",-0.462617290583078,0.00225554350904071,0.158518958459471,-0.829508410869943,-0.55644012161207,-0.441821096137725,-0.34870482734356,-0.210944232907882,4939.23855697098,0.999856143471653
"log_lik_trailer[40]",-0.462617290583078,0.00225554350904071,0.158518958459471,-0.829508410869943,-0.55644012161207,-0.441821096137725,-0.34870482734356,-0.210944232907882,4939.23855697098,0.999856143471653
"log_lik_trailer[41]",-0.462617290583078,0.00225554350904071,0.158518958459471,-0.829508410869943,-0.55644012161207,-0.441821096137725,-0.34870482734356,-0.210944232907882,4939.23855697098,0.999856143471653
"log_lik_trailer[42]",-0.462617290583078,0.00225554350904071,0.158518958459471,-0.829508410869943,-0.55644012161207,-0.441821096137725,-0.34870482734356,-0.210944232907882,4939.23855697098,0.999856143471653
"log_lik_trailer[43]",-1.30685431435832,0.00235835932005964,0.134724947529308,-1.62723172427583,-1.38223217213651,-1.28742162468361,-1.21128530192548,-1.09765622363472,3263.44348587019,1.00015601218034
"log_lik_trailer[44]",-1.91452030766776,0.00439024905685537,0.262089360791238,-2.53619275694066,-2.05487576970982,-1.87267868171399,-1.73128929874725,-1.51945965462747,3563.85861742447,1.00039322438231
"log_lik_osp[1]",-4.1036335918031,0.00604227961731786,0.508140833299512,-5.32866635696347,-4.3456471147912,-4.02198303884349,-3.76488981024049,-3.35229875533641,7072.39571882668,1.00007319240817
"log_lik_osp[2]",-2.9725953802517,0.0034857708663234,0.246989827543937,-3.49235842476772,-3.12696209758335,-2.96407830698995,-2.80396989201985,-2.52497064209536,5020.65595756188,1.0005424548423
"log_lik_osp[3]",-2.93017205172254,0.00430099646941317,0.305847787855784,-3.61646572658851,-3.1025909923993,-2.89975795300973,-2.7212418327087,-2.43447292411105,5056.76201733429,1.00018974520291
"log_lik_osp[4]",-4.61894165864197,0.00574126561715505,0.432202587035344,-5.60814608370038,-4.84018323923385,-4.57703606367788,-4.33632828957504,-3.90735394535029,5667.08132074266,0.999844718887108
"log_lik_osp[5]",-4.96075698294762,0.00696399314361141,0.548691296943916,-6.34905957450694,-5.22165174728735,-4.87101270988512,-4.59736470562075,-4.14322034314107,6207.8251159159,0.999859152186391
"log_lik_osp[6]",-2.66648140239551,0.00320414437300087,0.221025020198127,-3.13040246102011,-2.80522021329055,-2.65568946123319,-2.51370662721102,-2.26881793057012,4758.37565717699,0.999853587868711
"log_lik_osp[7]",-3.13275045033718,0.00573276669883093,0.46823815490609,-4.27817603193845,-3.37719889718895,-3.05269297362905,-2.80539337509802,-2.43804879316775,6671.21693730896,1.00026312009863
"log_lik_osp[8]",-3.16345228977357,0.00480133884996638,0.330241353243259,-3.91906977947903,-3.34036498815596,-3.13143703224505,-2.93908499321928,-2.63598424805757,4730.83930663938,0.999774052000248
"log_lik_osp[9]",-3.92783600613465,0.00604684972246431,0.46137273667781,-5.03573694406163,-4.14066663413135,-3.8512782026481,-3.62846800352721,-3.24872275359793,5821.64212318302,1.0001993758438
"log_lik_osp[10]",-3.60972154873909,0.00485167487892298,0.368582968646187,-4.47665578649764,-3.80345152300396,-3.56746821121382,-3.36130784538254,-3.02456655562413,5771.47936032143,0.999548109370372
"log_lik_osp[11]",-2.34023448283566,0.00301969049510405,0.217989924971257,-2.83043375096383,-2.45997463972868,-2.31580968083546,-2.18857307539149,-1.9898838657369,5211.32285717668,0.999539121664786
"log_lik_osp[12]",-4.2229169500988,0.00680617285250786,0.521379761769902,-5.61285522166449,-4.44888867162827,-4.13299275370088,-3.88221622967058,-3.4744909937385,5868.16598588976,0.999805905901614
"log_lik_osp[13]",-2.5199657870547,0.0041325372585229,0.326550785695642,-3.34271890487459,-2.66628243543334,-2.45962546755139,-2.30084356310629,-2.06449423898591,6244.07211773299,0.999766002884583
"log_lik_osp[14]",-2.47846113396543,0.00477303901589028,0.406598938741664,-3.46349008233148,-2.68990000056234,-2.41580517619288,-2.19325215889942,-1.86723535786387,7256.75586688519,1.00055387176168
"log_lik_osp[15]",-2.79577424353566,0.00394240132578107,0.253520661746864,-3.34690944156376,-2.94486734111846,-2.77717246418034,-2.62183841345105,-2.36301399449729,4135.28127789773,1.00072436580245
"log_lik_osp[16]",-2.1077089385993,0.00264818972372604,0.180197725335486,-2.51478009276661,-2.21557442365722,-2.09136862657087,-1.97761250103797,-1.80987479842458,4630.20710558699,1.0001642184586
"log_lik_osp[17]",-2.40933941898099,0.00375311507982439,0.270816975453697,-3.02375704976791,-2.55776601366737,-2.37552976523544,-2.21979271592744,-1.99746438205256,5206.76533309065,1.00144264294487
"log_lik_osp[18]",-4.38581287751357,0.0137683071983919,1.16498408431351,-6.94077507162468,-5.10379561668821,-4.25893841622109,-3.56049976160873,-2.4576499261228,7159.43729255547,0.999593030099325
"log_lik_catch[1]",-1.46422452936978,0.00705660700223241,0.529175227677153,-2.64099456528566,-1.78877437601317,-1.4156249093381,-1.08979391737136,-0.578977876124421,5623.50580835252,0.999874413235447
"log_lik_catch[2]",-3.40509372158769,0.00676372459605414,0.528096719937283,-4.70763922835866,-3.55809577133238,-3.30863691049417,-3.09170044487659,-2.78868141881241,6096.14247586005,1.0003026429507
"log_lik_catch[3]",-1.22889172639196,0.00613299307855558,0.450657076159959,-2.22826043448599,-1.50262219999488,-1.18821748262826,-0.910846763823299,-0.457285675974079,5399.42409518652,0.999925383251222
"log_lik_catch[4]",-3.16244634927302,0.00351098572449594,0.257904163839135,-3.68784711507851,-3.33172590463773,-3.14452348022711,-2.98387502942067,-2.69436254802539,5395.83400023708,0.999698781861811
"log_lik_catch[5]",-4.37513020428537,0.00655348677722457,0.482489488634078,-5.63489400737662,-4.57418702371624,-4.28695937238411,-4.06838056526429,-3.72027607727084,5420.39402340394,1.00040058778221
"log_lik_catch[6]",-3.57239880161905,0.00486751200838268,0.364172801018271,-4.43994331992876,-3.77684247237798,-3.52394878045885,-3.3203882513911,-2.99275903241973,5597.58825659145,1.00018802911173
"log_lik_catch[7]",-1.88324735381826,0.00748058972799903,0.643061729641687,-3.315455469923,-2.24565638421323,-1.79811559779336,-1.42428023537811,-0.869874819009752,7389.81651879826,0.999857071356208
"log_lik_catch[8]",-1.69808133184316,0.00665443835142421,0.57499072863216,-2.98782045152339,-2.02235570628598,-1.62535759430055,-1.28846502361078,-0.784116672677052,7466.18715262843,0.999844866396169
"log_lik_catch[9]",-3.49094121720486,0.00432316501573048,0.287898031177882,-4.11094037982908,-3.66381184074452,-3.47463432857503,-3.28874715124524,-2.99165858869462,4434.79719320302,1.00046950431421
"log_lik_catch[10]",-1.9706936881827,0.00272087434488465,0.194865834018965,-2.39492830892799,-2.08853837785946,-1.95547612759592,-1.83667504882349,-1.63492472913847,5129.25664533579,1.00009958142785
"log_lik_catch[11]",-2.92740347996091,0.00326355078300217,0.233200829889471,-3.42145115779508,-3.07995552546035,-2.91812412355882,-2.76211022353946,-2.50408052480653,5105.98380786204,0.99979237276616
"log_lik_catch[12]",-2.78190087930634,0.0033801363021042,0.248320194702482,-3.29261282642207,-2.94404707257673,-2.76213969940585,-2.60841258448624,-2.33799486959724,5397.04020797225,0.999700920708894
"log_lik_catch[13]",-3.98249251944012,0.00408771944084069,0.296967113309033,-4.66359640166671,-4.15912335685783,-3.9582533162123,-3.7749551010646,-3.47662570581195,5277.81974804037,1.00006742793496
"log_lik_catch[14]",-3.86945784278958,0.00379807583729233,0.272805377314366,-4.44609265942072,-4.04437379611505,-3.85838914057718,-3.67604170661815,-3.37885369449097,5159.15515237993,0.999854524004017
"log_lik_catch[15]",-1.85732640923181,0.0076302264503512,0.625705916392718,-3.30978358386309,-2.20225849210611,-1.78176550236389,-1.40641291245388,-0.866511494291283,6724.58780458588,0.999668712219738
"log_lik_catch[16]",-4.79768783496949,0.00536749882325499,0.40945282802375,-5.80747844112202,-4.98862987703601,-4.74716813619319,-4.53280673726753,-4.17206039478877,5819.20737787341,1.00046645614162
"log_lik_catch[17]",-3.20965971807586,0.0038381366881653,0.275594816285178,-3.79642187877025,-3.37745375770064,-3.19278888888523,-3.01530187186442,-2.72916443903064,5155.86116854192,0.999968762830285
"log_lik_catch[18]",-3.20965971807586,0.0038381366881653,0.275594816285178,-3.79642187877025,-3.37745375770064,-3.19278888888523,-3.01530187186442,-2.72916443903064,5155.86116854192,0.999968762830285
"lp__",-323.089715645108,0.181724360613394,8.21825026717331,-340.25591603302,-328.322982681376,-322.849300886474,-317.363439396769,-307.809601505862,2045.18418649094,1.00035673517645
