"Mode","PE_Catch","PE_Effort"
"Shore (Dock/Jetty/Beach)",21616.4739348162,22589.7888888889
"Private Boat",23041.5578350129,12469.7507099391
"Commercial/Charter",12007.1197463768,282.811594202899
"PORT TOTAL",56665.1515162059,35342.3511930309
