"stream","n_obs","elpd_loo","se_elpd_loo","p_loo","n_pareto_k_gt_0.7","sum_lpd"
"trailer",195,-561.117210242286,23.8669851077503,12.324865006306,2,-548.79
"catch",131,-451.7333140117,9.77914664187331,10.428620224406,1,-441.3
