"data_type","coverage_50","coverage_95","pit_mean","pit_sd","n","n_obs"
"trailer",0.692307692307692,0.984615384615385,0.495224358974359,0.268592148529178,195,195
"catch",0.603053435114504,0.984732824427481,0.507919847328244,0.273537044438183,131,131
