"data_type","coverage_50","coverage_95","pit_mean","pit_sd","n","n_obs"
"gear",0.752411575562701,0.980707395498392,0.501824758842444,0.223777021791328,311,311
"catch",0.731958762886598,0.992722862340813,0.498681018799272,0.277543575845772,1649,1649
