"Mode","PE_Catch","PE_Effort"
"Shore (Dock/Jetty/Beach)",21533.2564333598,22589.7888888889
"Private Boat",22823.4945783359,12469.7507099391
"Commercial/Charter",12007.1197463768,282.811594202899
"PORT TOTAL",56363.8707580726,35342.3511930309
