"Component","Effort_hrs","Dungeness"
"Shore (ring-net)",23350.8439765363,13403.4162685285
"Shore (all-gear)",116219.588034714,36577.7658086814
"Private Boat (ring-net)",1687.34337962963,944.546445828573
"Private Boat (all-gear)",34667.9057739572,11162.0949555325
"Commercial/Charter",282.811594202899,12007.1197463768
"PORT TOTAL",176208.49275904,74094.9432249478
