"data_type","day_index","event_date","observed","fitted_mean","pit","p_zero","p_one","in_50","in_95"
"gear",1,"2024-12-01",76,74.366,0.6006,0,1e-05,TRUE,TRUE
"gear",3,"2024-12-03",27,23.249,0.6811,0.00019,0.00077,TRUE,TRUE
"gear",4,"2024-12-04",30,23.249,0.7557,0.00019,0.00077,FALSE,TRUE
"gear",5,"2024-12-05",20,23.249,0.4523,0.00019,0.00077,TRUE,TRUE
"gear",6,"2024-12-06",25,23.249,0.6231,0.00019,0.00077,TRUE,TRUE
"gear",7,"2024-12-07",31,63.385,0.1221,0,1e-05,FALSE,TRUE
"gear",10,"2024-12-10",23,22.03,0.601,0.00023,0.00094,TRUE,TRUE
"gear",11,"2024-12-11",20,22.03,0.4939,0.00023,0.00094,TRUE,TRUE
"gear",12,"2024-12-12",39,22.03,0.9186,0.00023,0.00094,FALSE,TRUE
"gear",13,"2024-12-13",22,22.03,0.5668,0.00023,0.00094,TRUE,TRUE
"gear",14,"2024-12-14",37,60.087,0.2238,0,1e-05,FALSE,TRUE
"gear",15,"2024-12-15",33,60.087,0.1683,0,1e-05,FALSE,TRUE
"gear",18,"2024-12-18",32,20.615,0.8587,0.00034,0.00135,FALSE,TRUE
"gear",20,"2024-12-20",22,20.615,0.6197,0.00034,0.00135,TRUE,TRUE
"gear",21,"2024-12-21",20,56.222,0.053,0,2e-05,FALSE,TRUE
"gear",22,"2024-12-22",19,56.222,0.0453,0,2e-05,FALSE,TRUE
"gear",23,"2024-12-23",29,30.248,0.5346,6e-05,0.00027,TRUE,TRUE
"gear",24,"2024-12-24",31,30.248,0.5872,6e-05,0.00027,TRUE,TRUE
"gear",26,"2024-12-26",33,30.248,0.636,6e-05,0.00027,TRUE,TRUE
"gear",27,"2024-12-27",50,30.248,0.896,6e-05,0.00027,FALSE,TRUE
"gear",28,"2024-12-28",58,82.524,0.3003,0,0,TRUE,TRUE
"gear",31,"2024-12-31",96,94.106,0.5989,0,0,TRUE,TRUE
"gear",32,"2025-01-01",55,90.624,0.2289,0,0,FALSE,TRUE
"gear",33,"2025-01-02",28,30.532,0.5041,6e-05,0.00028,TRUE,TRUE
"gear",34,"2025-01-03",55,30.532,0.9253,6e-05,0.00028,FALSE,TRUE
"gear",35,"2025-01-04",39,83.232,0.1099,0,0,FALSE,TRUE
"gear",38,"2025-01-07",19,33.458,0.1928,4e-05,0.00018,FALSE,TRUE
"gear",39,"2025-01-08",29,33.458,0.4568,4e-05,0.00018,TRUE,TRUE
"gear",40,"2025-01-09",35,33.458,0.6042,4e-05,0.00018,TRUE,TRUE
"gear",41,"2025-01-10",34,33.458,0.5813,4e-05,0.00018,TRUE,TRUE
"gear",42,"2025-01-11",149,91.188,0.8976,0,0,FALSE,TRUE
"gear",45,"2025-01-14",50,29.983,0.8988,7e-05,0.00029,FALSE,TRUE
"gear",47,"2025-01-16",16,29.983,0.169,7e-05,0.00029,FALSE,TRUE
"gear",48,"2025-01-17",47,29.983,0.8714,7e-05,0.00029,FALSE,TRUE
"gear",49,"2025-01-18",62,81.739,0.3534,0,0,TRUE,TRUE
"gear",52,"2025-01-21",16,16.595,0.5413,0.00075,0.00284,TRUE,TRUE
"gear",53,"2025-01-22",8,16.595,0.1513,0.00075,0.00284,FALSE,TRUE
"gear",54,"2025-01-23",16,16.595,0.5413,0.00075,0.00284,TRUE,TRUE
"gear",55,"2025-01-24",9,16.595,0.195,0.00075,0.00284,FALSE,TRUE
"gear",56,"2025-01-25",68,45.257,0.8527,1e-05,5e-05,FALSE,TRUE
"gear",60,"2025-01-29",32,20.059,0.8729,0.00036,0.00144,FALSE,TRUE
"gear",61,"2025-01-30",24,20.059,0.7017,0.00036,0.00144,TRUE,TRUE
"gear",62,"2025-01-31",14,20.059,0.3179,0.00036,0.00144,TRUE,TRUE
"gear",63,"2025-02-01",48,54.711,0.4678,1e-05,2e-05,TRUE,TRUE
"gear",67,"2025-02-05",2,15.183,0.0101,0.00115,0.00424,FALSE,FALSE
"gear",68,"2025-02-06",4,15.183,0.0428,0.00115,0.00424,FALSE,TRUE
"gear",69,"2025-02-07",13,15.183,0.4622,0.00115,0.00424,TRUE,TRUE
"gear",70,"2025-02-08",65,44.905,0.8278,2e-05,7e-05,FALSE,TRUE
"gear",73,"2025-02-11",20,19.402,0.5922,0.00041,0.00161,TRUE,TRUE
"gear",74,"2025-02-12",11,19.402,0.209,0.00041,0.00161,FALSE,TRUE
"gear",76,"2025-02-14",23,19.402,0.6949,0.00041,0.00161,TRUE,TRUE
"gear",77,"2025-02-15",65,52.934,0.7289,1e-05,3e-05,TRUE,TRUE
"gear",81,"2025-02-19",12,19.88,0.2405,0.00038,0.00151,FALSE,TRUE
"gear",82,"2025-02-20",30,19.88,0.8449,0.00038,0.00151,FALSE,TRUE
"gear",83,"2025-02-21",18,19.88,0.497,0.00038,0.00151,TRUE,TRUE
"gear",84,"2025-02-22",28,54.241,0.1508,1e-05,2e-05,FALSE,TRUE
"gear",87,"2025-02-25",11,25.824,0.1007,0.00013,0.00053,FALSE,TRUE
"gear",88,"2025-02-26",32,25.824,0.7292,0.00013,0.00053,TRUE,TRUE
"gear",89,"2025-02-27",32,25.824,0.7292,0.00013,0.00053,TRUE,TRUE
"gear",90,"2025-02-28",16,25.824,0.2441,0.00013,0.00053,FALSE,TRUE
"gear",91,"2025-03-01",105,70.381,0.8521,0,1e-05,FALSE,TRUE
"gear",94,"2025-03-04",1,14.369,0.0031,0.00109,0.0041,FALSE,FALSE
"gear",94,"2025-03-04",3,14.369,0.0225,0.00109,0.0041,FALSE,FALSE
"gear",94,"2025-03-04",9,14.369,0.2555,0.00109,0.0041,TRUE,TRUE
"gear",95,"2025-03-05",0,14.369,5e-04,0.00109,0.0041,FALSE,FALSE
"gear",95,"2025-03-05",7,14.369,0.1512,0.00109,0.0041,FALSE,TRUE
"gear",95,"2025-03-05",1,14.369,0.0031,0.00109,0.0041,FALSE,FALSE
"gear",96,"2025-03-06",17,14.369,0.688,0.00109,0.0041,TRUE,TRUE
"gear",96,"2025-03-06",35,14.369,0.9854,0.00109,0.0041,FALSE,FALSE
"gear",96,"2025-03-06",20,14.369,0.7976,0.00109,0.0041,FALSE,TRUE
"gear",97,"2025-03-07",13,14.369,0.4878,0.00109,0.0041,TRUE,TRUE
"gear",97,"2025-03-07",9,14.369,0.2555,0.00109,0.0041,TRUE,TRUE
"gear",97,"2025-03-07",9,14.369,0.2555,0.00109,0.0041,TRUE,TRUE
"gear",98,"2025-03-08",58,39.164,0.85,2e-05,8e-05,FALSE,TRUE
"gear",98,"2025-03-08",54,39.164,0.8075,2e-05,8e-05,FALSE,TRUE
"gear",98,"2025-03-08",69,39.164,0.9279,2e-05,8e-05,FALSE,TRUE
"gear",101,"2025-03-11",18,14.754,0.7106,0.00101,0.00382,TRUE,TRUE
"gear",101,"2025-03-11",13,14.754,0.4697,0.00101,0.00382,TRUE,TRUE
"gear",101,"2025-03-11",12,14.754,0.4132,0.00101,0.00382,TRUE,TRUE
"gear",102,"2025-03-12",13,14.754,0.4697,0.00101,0.00382,TRUE,TRUE
"gear",102,"2025-03-12",17,14.754,0.6694,0.00101,0.00382,TRUE,TRUE
"gear",102,"2025-03-12",22,14.754,0.8376,0.00101,0.00382,FALSE,TRUE
"gear",104,"2025-03-14",13,14.754,0.4697,0.00101,0.00382,TRUE,TRUE
"gear",104,"2025-03-14",18,14.754,0.7106,0.00101,0.00382,TRUE,TRUE
"gear",104,"2025-03-14",33,14.754,0.9744,0.00101,0.00382,FALSE,TRUE
"gear",105,"2025-03-15",6,40.245,0.0034,2e-05,7e-05,FALSE,FALSE
"gear",105,"2025-03-15",14,40.245,0.0467,2e-05,7e-05,FALSE,TRUE
"gear",105,"2025-03-15",29,40.245,0.3151,2e-05,7e-05,TRUE,TRUE
"gear",108,"2025-03-18",10,14.902,0.2916,0.00096,0.00363,TRUE,TRUE
"gear",108,"2025-03-18",15,14.902,0.568,0.00096,0.00363,TRUE,TRUE
"gear",108,"2025-03-18",20,14.902,0.7754,0.00096,0.00363,FALSE,TRUE
"gear",109,"2025-03-19",15,14.902,0.568,0.00096,0.00363,TRUE,TRUE
"gear",109,"2025-03-19",13,14.902,0.4615,0.00096,0.00363,TRUE,TRUE
"gear",109,"2025-03-19",16,14.902,0.6168,0.00096,0.00363,TRUE,TRUE
"gear",110,"2025-03-20",4,14.902,0.0384,0.00096,0.00363,FALSE,TRUE
"gear",110,"2025-03-20",4,14.902,0.0384,0.00096,0.00363,FALSE,TRUE
"gear",110,"2025-03-20",1,14.902,0.0028,0.00096,0.00363,FALSE,FALSE
"gear",111,"2025-03-21",14,14.902,0.516,0.00096,0.00363,TRUE,TRUE
"gear",111,"2025-03-21",8,14.902,0.1853,0.00096,0.00363,FALSE,TRUE
"gear",111,"2025-03-21",9,14.902,0.2368,0.00096,0.00363,FALSE,TRUE
"gear",112,"2025-03-22",56,40.612,0.8078,1e-05,7e-05,FALSE,TRUE
"gear",112,"2025-03-22",63,40.612,0.8745,1e-05,7e-05,FALSE,TRUE
"gear",112,"2025-03-22",65,40.612,0.8894,1e-05,7e-05,FALSE,TRUE
"gear",115,"2025-03-25",40,28.957,0.8051,7e-05,0.00028,FALSE,TRUE
"gear",115,"2025-03-25",22,28.957,0.353,7e-05,0.00028,TRUE,TRUE
"gear",115,"2025-03-25",13,28.957,0.103,7e-05,0.00028,FALSE,TRUE
"gear",117,"2025-03-27",18,28.957,0.2307,7e-05,0.00028,FALSE,TRUE
"gear",117,"2025-03-27",13,28.957,0.103,7e-05,0.00028,FALSE,TRUE
"gear",117,"2025-03-27",17,28.957,0.2021,7e-05,0.00028,FALSE,TRUE
"gear",118,"2025-03-28",17,28.957,0.2021,7e-05,0.00028,FALSE,TRUE
"gear",118,"2025-03-28",33,28.957,0.6678,7e-05,0.00028,TRUE,TRUE
"gear",118,"2025-03-28",31,28.957,0.6184,7e-05,0.00028,TRUE,TRUE
"gear",119,"2025-03-29",91,78.889,0.6828,0,0,TRUE,TRUE
"gear",119,"2025-03-29",151,78.889,0.9556,0,0,FALSE,TRUE
"gear",119,"2025-03-29",161,78.889,0.9692,0,0,FALSE,TRUE
"gear",122,"2025-04-01",54,38.102,0.8252,2e-05,8e-05,FALSE,TRUE
"gear",122,"2025-04-01",62,38.102,0.8978,2e-05,8e-05,FALSE,TRUE
"gear",122,"2025-04-01",68,38.102,0.9333,2e-05,8e-05,FALSE,TRUE
"gear",123,"2025-04-02",9,38.102,0.0138,2e-05,8e-05,FALSE,FALSE
"gear",123,"2025-04-02",18,38.102,0.1096,2e-05,8e-05,FALSE,TRUE
"gear",123,"2025-04-02",39,38.102,0.5816,2e-05,8e-05,TRUE,TRUE
"gear",124,"2025-04-03",36,38.102,0.5153,2e-05,8e-05,TRUE,TRUE
"gear",124,"2025-04-03",37,38.102,0.5379,2e-05,8e-05,TRUE,TRUE
"gear",124,"2025-04-03",31,38.102,0.3966,2e-05,8e-05,TRUE,TRUE
"gear",125,"2025-04-04",56,38.102,0.8465,2e-05,8e-05,FALSE,TRUE
"gear",125,"2025-04-04",42,38.102,0.6425,2e-05,8e-05,TRUE,TRUE
"gear",125,"2025-04-04",29,38.102,0.3478,2e-05,8e-05,TRUE,TRUE
"gear",126,"2025-04-05",104,103.918,0.5643,0,0,TRUE,TRUE
"gear",126,"2025-04-05",91,103.918,0.4512,0,0,TRUE,TRUE
"gear",126,"2025-04-05",91,103.918,0.4512,0,0,TRUE,TRUE
"gear",131,"2025-04-10",27,37.607,0.3179,2e-05,0.00011,TRUE,TRUE
"gear",131,"2025-04-10",38,37.607,0.5755,2e-05,0.00011,TRUE,TRUE
"gear",131,"2025-04-10",27,37.607,0.3179,2e-05,0.00011,TRUE,TRUE
"gear",132,"2025-04-11",37,37.607,0.5541,2e-05,0.00011,TRUE,TRUE
"gear",132,"2025-04-11",58,37.607,0.8676,2e-05,0.00011,FALSE,TRUE
"gear",132,"2025-04-11",36,37.607,0.5321,2e-05,0.00011,TRUE,TRUE
"gear",136,"2025-04-15",24,37.079,0.2583,3e-05,0.00012,TRUE,TRUE
"gear",136,"2025-04-15",35,37.079,0.523,3e-05,0.00012,TRUE,TRUE
"gear",136,"2025-04-15",23,37.079,0.2348,3e-05,0.00012,FALSE,TRUE
"gear",140,"2025-04-19",196,101.022,0.954,0,0,FALSE,TRUE
"gear",144,"2025-04-23",20,28.835,0.2986,7e-05,3e-04,TRUE,TRUE
"gear",144,"2025-04-23",12,28.835,0.0872,7e-05,3e-04,FALSE,TRUE
"gear",144,"2025-04-23",14,28.835,0.1304,7e-05,3e-04,FALSE,TRUE
"gear",145,"2025-04-24",32,28.835,0.6485,7e-05,3e-04,TRUE,TRUE
"gear",145,"2025-04-24",36,28.835,0.7364,7e-05,3e-04,TRUE,TRUE
"gear",145,"2025-04-24",22,28.835,0.361,7e-05,3e-04,TRUE,TRUE
"gear",146,"2025-04-25",27,28.835,0.5142,7e-05,3e-04,TRUE,TRUE
"gear",146,"2025-04-25",52,28.835,0.9299,7e-05,3e-04,FALSE,TRUE
"gear",146,"2025-04-25",21,28.835,0.3297,7e-05,3e-04,TRUE,TRUE
"gear",150,"2025-04-29",39,36.684,0.6121,2e-05,1e-04,TRUE,TRUE
"gear",150,"2025-04-29",43,36.684,0.691,2e-05,1e-04,TRUE,TRUE
"gear",150,"2025-04-29",40,36.684,0.6329,2e-05,1e-04,TRUE,TRUE
"gear",151,"2025-04-30",63,36.684,0.9201,2e-05,1e-04,FALSE,TRUE
"gear",151,"2025-04-30",56,36.684,0.8673,2e-05,1e-04,FALSE,TRUE
"gear",151,"2025-04-30",45,36.684,0.7259,2e-05,1e-04,TRUE,TRUE
"gear",152,"2025-05-01",16,36.684,0.0877,2e-05,1e-04,FALSE,TRUE
"gear",152,"2025-05-01",43,36.684,0.691,2e-05,1e-04,TRUE,TRUE
"gear",152,"2025-05-01",59,36.684,0.8928,2e-05,1e-04,FALSE,TRUE
"gear",153,"2025-05-02",49,36.684,0.787,2e-05,1e-04,FALSE,TRUE
"gear",153,"2025-05-02",36,36.684,0.5458,2e-05,1e-04,TRUE,TRUE
"gear",153,"2025-05-02",34,36.684,0.4987,2e-05,1e-04,TRUE,TRUE
"gear",154,"2025-05-03",62,100.023,0.2085,0,0,FALSE,TRUE
"gear",154,"2025-05-03",84,100.023,0.4155,0,0,TRUE,TRUE
"gear",154,"2025-05-03",104,100.023,0.5961,0,0,TRUE,TRUE
"gear",155,"2025-05-04",67,100.023,0.2532,0,0,TRUE,TRUE
"gear",155,"2025-05-04",80,100.023,0.3769,0,0,TRUE,TRUE
"gear",155,"2025-05-04",83,100.023,0.4059,0,0,TRUE,TRUE
"gear",158,"2025-05-07",12,19.997,0.2574,0.00052,0.00198,TRUE,TRUE
"gear",158,"2025-05-07",8,19.997,0.1094,0.00052,0.00198,FALSE,TRUE
"gear",158,"2025-05-07",5,19.997,0.0364,0.00052,0.00198,FALSE,TRUE
"gear",164,"2025-05-13",44,30.441,0.8343,5e-05,0.00022,FALSE,TRUE
"gear",164,"2025-05-13",37,30.441,0.7173,5e-05,0.00022,TRUE,TRUE
"gear",164,"2025-05-13",38,30.441,0.737,5e-05,0.00022,TRUE,TRUE
"gear",165,"2025-05-14",42,30.441,0.8058,5e-05,0.00022,FALSE,TRUE
"gear",165,"2025-05-14",53,30.441,0.9227,5e-05,0.00022,FALSE,TRUE
"gear",165,"2025-05-14",34,30.441,0.6516,5e-05,0.00022,TRUE,TRUE
"gear",166,"2025-05-15",33,30.441,0.6276,5e-05,0.00022,TRUE,TRUE
"gear",166,"2025-05-15",37,30.441,0.7173,5e-05,0.00022,TRUE,TRUE
"gear",166,"2025-05-15",32,30.441,0.6027,5e-05,0.00022,TRUE,TRUE
"gear",167,"2025-05-16",4,30.441,0.003,5e-05,0.00022,FALSE,FALSE
"gear",167,"2025-05-16",10,30.441,0.0417,5e-05,0.00022,FALSE,TRUE
"gear",167,"2025-05-16",25,30.441,0.4057,5e-05,0.00022,TRUE,TRUE
"gear",168,"2025-05-17",58,83.042,0.283,0,0,TRUE,TRUE
"gear",168,"2025-05-17",83,83.042,0.5629,0,0,TRUE,TRUE
"gear",168,"2025-05-17",75,83.042,0.4772,0,0,TRUE,TRUE
"gear",172,"2025-05-21",20,32.868,0.2175,4e-05,0.00017,FALSE,TRUE
"gear",172,"2025-05-21",9,32.868,0.0243,4e-05,0.00017,FALSE,FALSE
"gear",172,"2025-05-21",13,32.868,0.0709,4e-05,0.00017,FALSE,TRUE
"gear",173,"2025-05-22",22,32.868,0.27,4e-05,0.00017,TRUE,TRUE
"gear",173,"2025-05-22",17,32.868,0.146,4e-05,0.00017,FALSE,TRUE
"gear",173,"2025-05-22",11,32.868,0.0439,4e-05,0.00017,FALSE,TRUE
"gear",174,"2025-05-23",60,32.868,0.9374,4e-05,0.00017,FALSE,TRUE
"gear",174,"2025-05-23",44,32.868,0.7861,4e-05,0.00017,FALSE,TRUE
"gear",174,"2025-05-23",78,32.868,0.9866,4e-05,0.00017,FALSE,FALSE
"gear",175,"2025-05-24",152,97.441,0.877,0,0,FALSE,TRUE
"gear",175,"2025-05-24",126,97.441,0.7685,0,0,FALSE,TRUE
"gear",175,"2025-05-24",77,97.441,0.3829,0,0,TRUE,TRUE
"gear",186,"2025-06-04",12,25.664,0.1177,0.00011,0.00046,FALSE,TRUE
"gear",186,"2025-06-04",14,25.664,0.1724,0.00011,0.00046,FALSE,TRUE
"gear",186,"2025-06-04",18,25.664,0.3026,0.00011,0.00046,TRUE,TRUE
"gear",187,"2025-06-05",18,25.664,0.3026,0.00011,0.00046,TRUE,TRUE
"gear",187,"2025-06-05",15,25.664,0.2029,0.00011,0.00046,FALSE,TRUE
"gear",187,"2025-06-05",12,25.664,0.1177,0.00011,0.00046,FALSE,TRUE
"gear",188,"2025-06-06",30,25.664,0.6863,0.00011,0.00046,TRUE,TRUE
"gear",188,"2025-06-06",34,25.664,0.7763,0.00011,0.00046,FALSE,TRUE
"gear",188,"2025-06-06",21,25.664,0.4075,0.00011,0.00046,TRUE,TRUE
"gear",189,"2025-06-07",135,69.941,0.9571,0,1e-05,FALSE,TRUE
"gear",189,"2025-06-07",102,69.941,0.8458,0,1e-05,FALSE,TRUE
"gear",189,"2025-06-07",69,69.941,0.5528,0,1e-05,TRUE,TRUE
"gear",202,"2025-06-20",73,39.431,0.9394,2e-05,8e-05,FALSE,TRUE
"gear",202,"2025-06-20",63,39.431,0.8846,2e-05,8e-05,FALSE,TRUE
"gear",202,"2025-06-20",34,39.431,0.4499,2e-05,8e-05,TRUE,TRUE
"gear",203,"2025-06-21",52,107.512,0.1124,0,0,FALSE,TRUE
"gear",203,"2025-06-21",85,107.512,0.3797,0,0,TRUE,TRUE
"gear",203,"2025-06-21",57,107.512,0.1459,0,0,FALSE,TRUE
"gear",214,"2025-07-02",61,53.138,0.6783,1e-05,2e-05,TRUE,TRUE
"gear",214,"2025-07-02",82,53.138,0.8701,1e-05,2e-05,FALSE,TRUE
"gear",214,"2025-07-02",58,53.138,0.6387,1e-05,2e-05,TRUE,TRUE
"gear",217,"2025-07-05",135,144.79,0.5104,0,0,TRUE,TRUE
"gear",217,"2025-07-05",122,144.79,0.4278,0,0,TRUE,TRUE
"gear",217,"2025-07-05",123,144.79,0.4343,0,0,TRUE,TRUE
"gear",228,"2025-07-16",27,46.883,0.1845,1e-05,4e-05,FALSE,TRUE
"gear",228,"2025-07-16",47,46.883,0.5666,1e-05,4e-05,TRUE,TRUE
"gear",228,"2025-07-16",55,46.883,0.6938,1e-05,4e-05,TRUE,TRUE
"gear",229,"2025-07-17",44,46.883,0.5121,1e-05,4e-05,TRUE,TRUE
"gear",229,"2025-07-17",49,46.883,0.601,1e-05,4e-05,TRUE,TRUE
"gear",229,"2025-07-17",23,46.883,0.1208,1e-05,4e-05,FALSE,TRUE
"gear",231,"2025-07-19",182,127.752,0.8341,0,0,FALSE,TRUE
"gear",231,"2025-07-19",140,127.752,0.6424,0,0,TRUE,TRUE
"gear",231,"2025-07-19",136,127.752,0.6182,0,0,TRUE,TRUE
"gear",234,"2025-07-22",40,49.186,0.4091,1e-05,4e-05,TRUE,TRUE
"gear",234,"2025-07-22",70,49.186,0.8238,1e-05,4e-05,FALSE,TRUE
"gear",234,"2025-07-22",42,49.186,0.446,1e-05,4e-05,TRUE,TRUE
"gear",241,"2025-07-29",50,47.363,0.6077,1e-05,3e-05,TRUE,TRUE
"gear",241,"2025-07-29",46,47.363,0.538,1e-05,3e-05,TRUE,TRUE
"gear",241,"2025-07-29",49,47.363,0.5909,1e-05,3e-05,TRUE,TRUE
"gear",242,"2025-07-30",33,47.363,0.2857,1e-05,3e-05,TRUE,TRUE
"gear",242,"2025-07-30",40,47.363,0.4238,1e-05,3e-05,TRUE,TRUE
"gear",242,"2025-07-30",27,47.363,0.1761,1e-05,3e-05,FALSE,TRUE
"gear",243,"2025-07-31",52,47.363,0.6402,1e-05,3e-05,TRUE,TRUE
"gear",243,"2025-07-31",45,47.363,0.5196,1e-05,3e-05,TRUE,TRUE
"gear",243,"2025-07-31",37,47.363,0.3644,1e-05,3e-05,TRUE,TRUE
"gear",244,"2025-08-01",57,47.363,0.7134,1e-05,3e-05,TRUE,TRUE
"gear",244,"2025-08-01",62,47.363,0.7752,1e-05,3e-05,FALSE,TRUE
"gear",244,"2025-08-01",90,47.363,0.953,1e-05,3e-05,FALSE,TRUE
"gear",245,"2025-08-02",118,129.173,0.4863,0,0,TRUE,TRUE
"gear",245,"2025-08-02",106,129.173,0.398,0,0,TRUE,TRUE
"gear",245,"2025-08-02",100,129.173,0.353,0,0,TRUE,TRUE
"gear",248,"2025-08-05",64,48.908,0.7739,1e-05,3e-05,FALSE,TRUE
"gear",248,"2025-08-05",45,48.908,0.4978,1e-05,3e-05,TRUE,TRUE
"gear",248,"2025-08-05",45,48.908,0.4978,1e-05,3e-05,TRUE,TRUE
"gear",249,"2025-08-06",33,48.908,0.272,1e-05,3e-05,TRUE,TRUE
"gear",249,"2025-08-06",68,48.908,0.8134,1e-05,3e-05,FALSE,TRUE
"gear",249,"2025-08-06",50,48.908,0.5842,1e-05,3e-05,TRUE,TRUE
"gear",256,"2025-08-13",50,41.108,0.7206,1e-05,6e-05,TRUE,TRUE
"gear",256,"2025-08-13",56,41.108,0.8002,1e-05,6e-05,FALSE,TRUE
"gear",256,"2025-08-13",63,41.108,0.8686,1e-05,6e-05,FALSE,TRUE
"gear",257,"2025-08-14",26,41.108,0.2328,1e-05,6e-05,FALSE,TRUE
"gear",257,"2025-08-14",41,41.108,0.5617,1e-05,6e-05,TRUE,TRUE
"gear",257,"2025-08-14",54,41.108,0.776,1e-05,6e-05,FALSE,TRUE
"gear",258,"2025-08-15",30,41.108,0.3205,1e-05,6e-05,TRUE,TRUE
"gear",258,"2025-08-15",39,41.108,0.5204,1e-05,6e-05,TRUE,TRUE
"gear",258,"2025-08-15",27,41.108,0.2541,1e-05,6e-05,TRUE,TRUE
"gear",259,"2025-08-16",62,112.14,0.1567,0,0,FALSE,TRUE
"gear",259,"2025-08-16",78,112.14,0.2815,0,0,TRUE,TRUE
"gear",259,"2025-08-16",74,112.14,0.2483,0,0,FALSE,TRUE
"gear",262,"2025-08-19",89,62.208,0.8318,0,1e-05,FALSE,TRUE
"gear",262,"2025-08-19",57,62.208,0.4943,0,1e-05,TRUE,TRUE
"gear",262,"2025-08-19",53,62.208,0.4358,0,1e-05,TRUE,TRUE
"gear",263,"2025-08-20",48,62.208,0.3605,0,1e-05,TRUE,TRUE
"gear",263,"2025-08-20",97,62.208,0.8778,0,1e-05,FALSE,TRUE
"gear",263,"2025-08-20",91,62.208,0.8445,0,1e-05,FALSE,TRUE
"gear",269,"2025-08-26",8,45.096,0.005,1e-05,4e-05,FALSE,FALSE
"gear",269,"2025-08-26",25,45.096,0.1655,1e-05,4e-05,FALSE,TRUE
"gear",269,"2025-08-26",54,45.096,0.7092,1e-05,4e-05,TRUE,TRUE
"gear",271,"2025-08-28",41,45.096,0.4842,1e-05,4e-05,TRUE,TRUE
"gear",271,"2025-08-28",44,45.096,0.5425,1e-05,4e-05,TRUE,TRUE
"gear",271,"2025-08-28",55,45.096,0.7232,1e-05,4e-05,TRUE,TRUE
"gear",272,"2025-08-29",54,45.096,0.7092,1e-05,4e-05,TRUE,TRUE
"gear",272,"2025-08-29",50,45.096,0.6483,1e-05,4e-05,TRUE,TRUE
"gear",272,"2025-08-29",64,45.096,0.8271,1e-05,4e-05,FALSE,TRUE
"gear",273,"2025-08-30",109,122.979,0.4618,0,0,TRUE,TRUE
"gear",273,"2025-08-30",112,122.979,0.4846,0,0,TRUE,TRUE
"gear",273,"2025-08-30",124,122.979,0.5714,0,0,TRUE,TRUE
"gear",275,"2025-09-01",60,103.62,0.1914,0,0,FALSE,TRUE
"gear",275,"2025-09-01",72,103.62,0.2955,0,0,TRUE,TRUE
"gear",275,"2025-09-01",70,103.62,0.2775,0,0,TRUE,TRUE
"gear",277,"2025-09-03",33,34.86,0.5191,3e-05,0.00013,TRUE,TRUE
"gear",277,"2025-09-03",37,34.86,0.6124,3e-05,0.00013,TRUE,TRUE
"gear",277,"2025-09-03",26,34.86,0.3376,3e-05,0.00013,TRUE,TRUE
"gear",278,"2025-09-04",54,34.86,0.8724,3e-05,0.00013,FALSE,TRUE
"gear",278,"2025-09-04",42,34.86,0.7122,3e-05,0.00013,TRUE,TRUE
"gear",278,"2025-09-04",30,34.86,0.443,3e-05,0.00013,TRUE,TRUE
"gear",280,"2025-09-06",101,95,0.6166,0,0,TRUE,TRUE
"gear",280,"2025-09-06",115,95,0.7217,0,0,TRUE,TRUE
"gear",280,"2025-09-06",87,95,0.4901,0,0,TRUE,TRUE
"gear",283,"2025-09-09",36,36.856,0.5432,2e-05,1e-04,TRUE,TRUE
"gear",283,"2025-09-09",43,36.856,0.6878,2e-05,1e-04,TRUE,TRUE
"gear",283,"2025-09-09",45,36.856,0.7227,2e-05,1e-04,TRUE,TRUE
"gear",284,"2025-09-10",35,36.856,0.52,2e-05,1e-04,TRUE,TRUE
"gear",284,"2025-09-10",44,36.856,0.7056,2e-05,1e-04,TRUE,TRUE
"gear",284,"2025-09-10",39,36.856,0.6093,2e-05,1e-04,TRUE,TRUE
"gear",285,"2025-09-11",26,36.856,0.2975,2e-05,1e-04,TRUE,TRUE
"gear",285,"2025-09-11",27,36.856,0.3224,2e-05,1e-04,TRUE,TRUE
"gear",285,"2025-09-11",20,36.856,0.1597,2e-05,1e-04,FALSE,TRUE
"gear",286,"2025-09-12",40,36.856,0.63,2e-05,1e-04,TRUE,TRUE
"gear",286,"2025-09-12",42,36.856,0.6692,2e-05,1e-04,TRUE,TRUE
"gear",286,"2025-09-12",49,36.856,0.7836,2e-05,1e-04,FALSE,TRUE
"gear",287,"2025-09-13",95,100.512,0.5158,0,0,TRUE,TRUE
"gear",287,"2025-09-13",93,100.512,0.4978,0,0,TRUE,TRUE
"gear",287,"2025-09-13",110,100.512,0.6405,0,0,TRUE,TRUE
"catch",1,"2024-12-01",2,2.093,0.6068,0.35749,0.17903,TRUE,TRUE
"catch",1,"2024-12-01",3,2.093,0.7284,0.35749,0.17903,TRUE,TRUE
"catch",1,"2024-12-01",0,1.047,0.2509,0.50178,0.22897,TRUE,TRUE
"catch",1,"2024-12-01",6,2.093,0.9173,0.35749,0.17903,FALSE,TRUE
"catch",1,"2024-12-01",8,4.186,0.8285,0.25912,0.10521,FALSE,TRUE
"catch",1,"2024-12-01",4,1.047,0.9473,0.50178,0.22897,FALSE,TRUE
"catch",1,"2024-12-01",4,1.047,0.9473,0.50178,0.22897,FALSE,TRUE
"catch",1,"2024-12-01",7,6.279,0.6491,0.22408,0.06918,TRUE,TRUE
"catch",1,"2024-12-01",4,8.372,0.395,0.20713,0.0495,TRUE,TRUE
"catch",1,"2024-12-01",4,2.093,0.8155,0.35749,0.17903,FALSE,TRUE
"catch",1,"2024-12-01",4,1.047,0.9473,0.50178,0.22897,FALSE,TRUE
"catch",1,"2024-12-01",12,4.186,0.9301,0.25912,0.10521,FALSE,TRUE
"catch",1,"2024-12-01",0,1.047,0.2509,0.50178,0.22897,TRUE,TRUE
"catch",1,"2024-12-01",12,8.372,0.7393,0.20713,0.0495,TRUE,TRUE
"catch",1,"2024-12-01",2,2.093,0.6068,0.35749,0.17903,TRUE,TRUE
"catch",1,"2024-12-01",0,1.047,0.2509,0.50178,0.22897,TRUE,TRUE
"catch",1,"2024-12-01",5,4.186,0.6731,0.25912,0.10521,TRUE,TRUE
"catch",1,"2024-12-01",3,4.186,0.5129,0.25912,0.10521,TRUE,TRUE
"catch",1,"2024-12-01",0,3.14,0.1468,0.29366,0.13538,FALSE,TRUE
"catch",1,"2024-12-01",0,1.047,0.2509,0.50178,0.22897,TRUE,TRUE
"catch",1,"2024-12-01",1,2.093,0.447,0.35749,0.17903,TRUE,TRUE
"catch",1,"2024-12-01",3,1.047,0.8953,0.50178,0.22897,FALSE,TRUE
"catch",1,"2024-12-01",1,2.093,0.447,0.35749,0.17903,TRUE,TRUE
"catch",1,"2024-12-01",0,4.186,0.1296,0.25912,0.10521,FALSE,TRUE
"catch",1,"2024-12-01",0,3.14,0.1468,0.29366,0.13538,FALSE,TRUE
"catch",1,"2024-12-01",0,2.093,0.1787,0.35749,0.17903,FALSE,TRUE
"catch",1,"2024-12-01",3,4.186,0.5129,0.25912,0.10521,TRUE,TRUE
"catch",1,"2024-12-01",4,2.093,0.8155,0.35749,0.17903,FALSE,TRUE
"catch",1,"2024-12-01",0,1.047,0.2509,0.50178,0.22897,TRUE,TRUE
"catch",1,"2024-12-01",1,1.047,0.6163,0.50178,0.22897,TRUE,TRUE
"catch",1,"2024-12-01",1,6.279,0.2587,0.22408,0.06918,TRUE,TRUE
"catch",2,"2024-12-02",0,2.814,0.1538,0.30761,0.14681,FALSE,TRUE
"catch",3,"2024-12-03",1,1.407,0.5415,0.43435,0.21424,TRUE,TRUE
"catch",3,"2024-12-03",3,2.814,0.6352,0.30761,0.14681,TRUE,TRUE
"catch",3,"2024-12-03",6,2.814,0.8532,0.30761,0.14681,FALSE,TRUE
"catch",3,"2024-12-03",0,1.407,0.2172,0.43435,0.21424,FALSE,TRUE
"catch",3,"2024-12-03",11,5.628,0.839,0.2311,0.07719,FALSE,TRUE
"catch",3,"2024-12-03",10,5.628,0.809,0.2311,0.07719,FALSE,TRUE
"catch",3,"2024-12-03",0,2.814,0.1538,0.30761,0.14681,FALSE,TRUE
"catch",3,"2024-12-03",4,2.814,0.728,0.30761,0.14681,TRUE,TRUE
"catch",3,"2024-12-03",3,2.814,0.6352,0.30761,0.14681,TRUE,TRUE
"catch",3,"2024-12-03",6,2.814,0.8532,0.30761,0.14681,FALSE,TRUE
"catch",3,"2024-12-03",5,5.628,0.5707,0.2311,0.07719,TRUE,TRUE
"catch",4,"2024-12-04",6,2.814,0.8532,0.30761,0.14681,FALSE,TRUE
"catch",4,"2024-12-04",3,2.814,0.6352,0.30761,0.14681,TRUE,TRUE
"catch",4,"2024-12-04",2,2.814,0.5187,0.30761,0.14681,TRUE,TRUE
"catch",4,"2024-12-04",12,5.628,0.8645,0.2311,0.07719,FALSE,TRUE
"catch",4,"2024-12-04",6,2.814,0.8532,0.30761,0.14681,FALSE,TRUE
"catch",4,"2024-12-04",12,5.628,0.8645,0.2311,0.07719,FALSE,TRUE
"catch",4,"2024-12-04",8,5.628,0.7332,0.2311,0.07719,TRUE,TRUE
"catch",4,"2024-12-04",2,4.221,0.4114,0.25699,0.10362,TRUE,TRUE
"catch",4,"2024-12-04",3,5.628,0.4275,0.2311,0.07719,TRUE,TRUE
"catch",4,"2024-12-04",5,1.407,0.9456,0.43435,0.21424,FALSE,TRUE
"catch",4,"2024-12-04",2,5.628,0.3485,0.2311,0.07719,TRUE,TRUE
"catch",4,"2024-12-04",2,2.814,0.5187,0.30761,0.14681,TRUE,TRUE
"catch",4,"2024-12-04",1,2.814,0.381,0.30761,0.14681,TRUE,TRUE
"catch",5,"2024-12-05",0,1.407,0.2172,0.43435,0.21424,FALSE,TRUE
"catch",5,"2024-12-05",0,2.814,0.1538,0.30761,0.14681,FALSE,TRUE
"catch",5,"2024-12-05",7,4.221,0.7832,0.25699,0.10362,FALSE,TRUE
"catch",5,"2024-12-05",1,2.814,0.381,0.30761,0.14681,TRUE,TRUE
"catch",5,"2024-12-05",3,4.221,0.5083,0.25699,0.10362,TRUE,TRUE
"catch",5,"2024-12-05",8,5.628,0.7332,0.2311,0.07719,TRUE,TRUE
"catch",5,"2024-12-05",3,2.814,0.6352,0.30761,0.14681,TRUE,TRUE
"catch",5,"2024-12-05",1,4.221,0.3088,0.25699,0.10362,TRUE,TRUE
"catch",5,"2024-12-05",1,1.407,0.5415,0.43435,0.21424,TRUE,TRUE
"catch",5,"2024-12-05",2,4.221,0.4114,0.25699,0.10362,TRUE,TRUE
"catch",6,"2024-12-06",3,1.407,0.8348,0.43435,0.21424,FALSE,TRUE
"catch",6,"2024-12-06",0,1.407,0.2172,0.43435,0.21424,FALSE,TRUE
"catch",6,"2024-12-06",1,2.814,0.381,0.30761,0.14681,TRUE,TRUE
"catch",6,"2024-12-06",1,1.407,0.5415,0.43435,0.21424,TRUE,TRUE
"catch",6,"2024-12-06",6,2.814,0.8532,0.30761,0.14681,FALSE,TRUE
"catch",6,"2024-12-06",12,5.628,0.8645,0.2311,0.07719,FALSE,TRUE
"catch",6,"2024-12-06",17,8.442,0.8521,0.20599,0.04832,FALSE,TRUE
"catch",6,"2024-12-06",4,2.814,0.728,0.30761,0.14681,TRUE,TRUE
"catch",6,"2024-12-06",4,5.628,0.5023,0.2311,0.07719,TRUE,TRUE
"catch",6,"2024-12-06",2,4.221,0.4114,0.25699,0.10362,TRUE,TRUE
"catch",6,"2024-12-06",4,2.814,0.728,0.30761,0.14681,TRUE,TRUE
"catch",7,"2024-12-07",5,1.966,0.8897,0.36778,0.18521,FALSE,TRUE
"catch",7,"2024-12-07",6,5.897,0.6162,0.22791,0.07358,TRUE,TRUE
"catch",7,"2024-12-07",0,1.966,0.1839,0.36778,0.18521,FALSE,TRUE
"catch",7,"2024-12-07",1,1.966,0.4604,0.36778,0.18521,TRUE,TRUE
"catch",10,"2024-12-10",0,2.947,0.1505,0.30104,0.14169,FALSE,TRUE
"catch",10,"2024-12-10",2,4.421,0.4006,0.25241,0.09908,TRUE,TRUE
"catch",10,"2024-12-10",1,4.421,0.302,0.25241,0.09908,TRUE,TRUE
"catch",10,"2024-12-10",8,5.894,0.7171,0.22771,0.07342,TRUE,TRUE
"catch",10,"2024-12-10",1,1.474,0.53,0.42459,0.21081,TRUE,TRUE
"catch",10,"2024-12-10",4,5.894,0.4883,0.22771,0.07342,TRUE,TRUE
"catch",10,"2024-12-10",4,2.947,0.7132,0.30104,0.14169,TRUE,TRUE
"catch",10,"2024-12-10",0,2.947,0.1505,0.30104,0.14169,FALSE,TRUE
"catch",10,"2024-12-10",0,1.474,0.2123,0.42459,0.21081,FALSE,TRUE
"catch",11,"2024-12-11",4,2.947,0.7132,0.30104,0.14169,TRUE,TRUE
"catch",11,"2024-12-11",1,2.947,0.3719,0.30104,0.14169,TRUE,TRUE
"catch",11,"2024-12-11",12,5.894,0.8517,0.22771,0.07342,FALSE,TRUE
"catch",11,"2024-12-11",2,5.894,0.3397,0.22771,0.07342,TRUE,TRUE
"catch",11,"2024-12-11",5,5.894,0.5553,0.22771,0.07342,TRUE,TRUE
"catch",11,"2024-12-11",8,5.894,0.7171,0.22771,0.07342,TRUE,TRUE
"catch",12,"2024-12-12",6,1.474,0.965,0.42459,0.21081,FALSE,TRUE
"catch",12,"2024-12-12",16,11.789,0.7193,0.19286,0.03173,TRUE,TRUE
"catch",12,"2024-12-12",4,5.894,0.4883,0.22771,0.07342,TRUE,TRUE
"catch",12,"2024-12-12",19,11.789,0.7815,0.19286,0.03173,FALSE,TRUE
"catch",12,"2024-12-12",4,2.947,0.7132,0.30104,0.14169,TRUE,TRUE
"catch",12,"2024-12-12",0,2.947,0.1505,0.30104,0.14169,FALSE,TRUE
"catch",12,"2024-12-12",0,2.947,0.1505,0.30104,0.14169,FALSE,TRUE
"catch",12,"2024-12-12",5,2.947,0.7856,0.30104,0.14169,FALSE,TRUE
"catch",12,"2024-12-12",2,1.474,0.707,0.42459,0.21081,TRUE,TRUE
"catch",12,"2024-12-12",2,4.421,0.4006,0.25241,0.09908,TRUE,TRUE
"catch",12,"2024-12-12",5,1.474,0.9395,0.42459,0.21081,FALSE,TRUE
"catch",12,"2024-12-12",0,4.421,0.1262,0.25241,0.09908,FALSE,TRUE
"catch",12,"2024-12-12",6,4.421,0.7157,0.25241,0.09908,TRUE,TRUE
"catch",12,"2024-12-12",3,5.894,0.4157,0.22771,0.07342,TRUE,TRUE
"catch",13,"2024-12-13",6,2.947,0.841,0.30104,0.14169,FALSE,TRUE
"catch",13,"2024-12-13",10,5.894,0.7943,0.22771,0.07342,FALSE,TRUE
"catch",13,"2024-12-13",6,5.894,0.6158,0.22771,0.07342,TRUE,TRUE
"catch",13,"2024-12-13",0,1.474,0.2123,0.42459,0.21081,FALSE,TRUE
"catch",13,"2024-12-13",8,5.894,0.7171,0.22771,0.07342,TRUE,TRUE
"catch",13,"2024-12-13",4,4.421,0.5793,0.25241,0.09908,TRUE,TRUE
"catch",13,"2024-12-13",0,1.474,0.2123,0.42459,0.21081,FALSE,TRUE
"catch",13,"2024-12-13",2,5.894,0.3397,0.22771,0.07342,TRUE,TRUE
"catch",13,"2024-12-13",1,4.421,0.302,0.25241,0.09908,TRUE,TRUE
"catch",13,"2024-12-13",6,1.474,0.965,0.42459,0.21081,FALSE,TRUE
"catch",13,"2024-12-13",2,2.947,0.5057,0.30104,0.14169,TRUE,TRUE
"catch",14,"2024-12-14",4,2.058,0.8197,0.3594,0.18051,FALSE,TRUE
"catch",14,"2024-12-14",0,2.058,0.1797,0.3594,0.18051,FALSE,TRUE
"catch",14,"2024-12-14",0,2.058,0.1797,0.3594,0.18051,FALSE,TRUE
"catch",14,"2024-12-14",18,3.088,0.9954,0.295,0.1367,FALSE,FALSE
"catch",14,"2024-12-14",13,4.117,0.9474,0.26011,0.10631,FALSE,TRUE
"catch",14,"2024-12-14",6,2.058,0.9205,0.3594,0.18051,FALSE,TRUE
"catch",15,"2024-12-15",0,3.088,0.1475,0.295,0.1367,FALSE,TRUE
"catch",15,"2024-12-15",0,1.029,0.2523,0.50458,0.22988,TRUE,TRUE
"catch",15,"2024-12-15",0,2.058,0.1797,0.3594,0.18051,FALSE,TRUE
"catch",15,"2024-12-15",2,2.058,0.6106,0.3594,0.18051,TRUE,TRUE
"catch",15,"2024-12-15",3,3.088,0.606,0.295,0.1367,TRUE,TRUE
"catch",15,"2024-12-15",0,2.058,0.1797,0.3594,0.18051,FALSE,TRUE
"catch",18,"2024-12-18",4,4.102,0.6059,0.26116,0.10724,TRUE,TRUE
"catch",18,"2024-12-18",7,4.102,0.7928,0.26116,0.10724,FALSE,TRUE
"catch",18,"2024-12-18",6,2.735,0.8604,0.31328,0.1505,FALSE,TRUE
"catch",18,"2024-12-18",6,2.735,0.8604,0.31328,0.1505,FALSE,TRUE
"catch",18,"2024-12-18",10,5.469,0.8183,0.23427,0.08038,FALSE,TRUE
"catch",18,"2024-12-18",10,5.469,0.8183,0.23427,0.08038,FALSE,TRUE
"catch",20,"2024-12-20",2,2.735,0.5288,0.31328,0.1505,TRUE,TRUE
"catch",20,"2024-12-20",3,2.735,0.6458,0.31328,0.1505,TRUE,TRUE
"catch",20,"2024-12-20",10,5.469,0.8183,0.23427,0.08038,FALSE,TRUE
"catch",20,"2024-12-20",0,4.102,0.1306,0.26116,0.10724,FALSE,TRUE
"catch",20,"2024-12-20",6,4.102,0.7419,0.26116,0.10724,TRUE,TRUE
"catch",20,"2024-12-20",6,2.735,0.8604,0.31328,0.1505,FALSE,TRUE
"catch",20,"2024-12-20",0,2.735,0.1566,0.31328,0.1505,FALSE,TRUE
"catch",20,"2024-12-20",7,8.204,0.556,0.20804,0.05068,TRUE,TRUE
"catch",21,"2024-12-21",0,0.955,0.2616,0.52315,0.23108,TRUE,TRUE
"catch",21,"2024-12-21",3,3.82,0.5411,0.26946,0.11468,TRUE,TRUE
"catch",21,"2024-12-21",3,1.91,0.7552,0.37466,0.18817,FALSE,TRUE
"catch",21,"2024-12-21",3,1.91,0.7552,0.37466,0.18817,FALSE,TRUE
"catch",21,"2024-12-21",4,1.91,0.8391,0.37466,0.18817,FALSE,TRUE
"catch",21,"2024-12-21",0,1.91,0.1873,0.37466,0.18817,FALSE,TRUE
"catch",22,"2024-12-22",1,1.91,0.4687,0.37466,0.18817,TRUE,TRUE
"catch",22,"2024-12-22",2,2.865,0.516,0.30684,0.14549,TRUE,TRUE
"catch",22,"2024-12-22",0,1.91,0.1873,0.37466,0.18817,FALSE,TRUE
"catch",22,"2024-12-22",0,0.955,0.2616,0.52315,0.23108,TRUE,TRUE
"catch",22,"2024-12-22",2,2.865,0.516,0.30684,0.14549,TRUE,TRUE
"catch",23,"2024-12-23",3,2.286,0.7011,0.3412,0.16967,TRUE,TRUE
"catch",23,"2024-12-23",3,2.286,0.7011,0.3412,0.16967,TRUE,TRUE
"catch",23,"2024-12-23",0,2.286,0.1706,0.3412,0.16967,FALSE,TRUE
"catch",23,"2024-12-23",0,2.286,0.1706,0.3412,0.16967,FALSE,TRUE
"catch",23,"2024-12-23",0,2.286,0.1706,0.3412,0.16967,FALSE,TRUE
"catch",23,"2024-12-23",0,2.286,0.1706,0.3412,0.16967,FALSE,TRUE
"catch",23,"2024-12-23",17,6.858,0.9055,0.21777,0.06219,FALSE,TRUE
"catch",23,"2024-12-23",3,2.286,0.7011,0.3412,0.16967,TRUE,TRUE
"catch",23,"2024-12-23",2,2.286,0.5799,0.3412,0.16967,TRUE,TRUE
"catch",24,"2024-12-24",5,4.572,0.6422,0.24955,0.09618,TRUE,TRUE
"catch",24,"2024-12-24",2,5.715,0.3464,0.23036,0.07626,TRUE,TRUE
"catch",24,"2024-12-24",16,6.858,0.8907,0.21777,0.06219,FALSE,TRUE
"catch",24,"2024-12-24",2,2.286,0.5799,0.3412,0.16967,TRUE,TRUE
"catch",24,"2024-12-24",2,3.429,0.465,0.28135,0.12549,TRUE,TRUE
"catch",24,"2024-12-24",0,2.286,0.1706,0.3412,0.16967,FALSE,TRUE
"catch",26,"2024-12-26",2,3.429,0.465,0.28135,0.12549,TRUE,TRUE
"catch",26,"2024-12-26",3,2.286,0.7011,0.3412,0.16967,TRUE,TRUE
"catch",26,"2024-12-26",0,1.143,0.2404,0.48086,0.22599,FALSE,TRUE
"catch",26,"2024-12-26",11,11.431,0.5939,0.19403,0.03323,TRUE,TRUE
"catch",26,"2024-12-26",5,2.286,0.8554,0.3412,0.16967,FALSE,TRUE
"catch",27,"2024-12-27",0,2.286,0.1706,0.3412,0.16967,FALSE,TRUE
"catch",27,"2024-12-27",2,2.286,0.5799,0.3412,0.16967,TRUE,TRUE
"catch",27,"2024-12-27",5,2.286,0.8554,0.3412,0.16967,FALSE,TRUE
"catch",27,"2024-12-27",0,2.286,0.1706,0.3412,0.16967,FALSE,TRUE
"catch",27,"2024-12-27",0,2.286,0.1706,0.3412,0.16967,FALSE,TRUE
"catch",27,"2024-12-27",4,3.429,0.6643,0.28135,0.12549,TRUE,TRUE
"catch",27,"2024-12-27",0,2.286,0.1706,0.3412,0.16967,FALSE,TRUE
"catch",27,"2024-12-27",1,1.143,0.5939,0.48086,0.22599,TRUE,TRUE
"catch",27,"2024-12-27",0,2.286,0.1706,0.3412,0.16967,FALSE,TRUE
"catch",27,"2024-12-27",8,4.572,0.8019,0.24955,0.09618,FALSE,TRUE
"catch",27,"2024-12-27",6,2.286,0.9008,0.3412,0.16967,FALSE,TRUE
"catch",27,"2024-12-27",4,2.286,0.791,0.3412,0.16967,FALSE,TRUE
"catch",27,"2024-12-27",3,2.286,0.7011,0.3412,0.16967,TRUE,TRUE
"catch",27,"2024-12-27",0,3.429,0.1407,0.28135,0.12549,FALSE,TRUE
"catch",27,"2024-12-27",10,6.858,0.7437,0.21777,0.06219,TRUE,TRUE
"catch",27,"2024-12-27",5,2.286,0.8554,0.3412,0.16967,FALSE,TRUE
"catch",27,"2024-12-27",6,4.572,0.7048,0.24955,0.09618,TRUE,TRUE
"catch",27,"2024-12-27",0,2.286,0.1706,0.3412,0.16967,FALSE,TRUE
"catch",27,"2024-12-27",6,6.858,0.5646,0.21777,0.06219,TRUE,TRUE
"catch",28,"2024-12-28",0,0.799,0.282,0.56405,0.23248,TRUE,TRUE
"catch",28,"2024-12-28",7,3.195,0.8631,0.29102,0.13333,FALSE,TRUE
"catch",28,"2024-12-28",3,1.597,0.8036,0.40905,0.20427,FALSE,TRUE
"catch",28,"2024-12-28",1,1.597,0.5112,0.40905,0.20427,TRUE,TRUE
"catch",28,"2024-12-28",0,2.396,0.167,0.3339,0.16472,FALSE,TRUE
"catch",28,"2024-12-28",0,1.597,0.2045,0.40905,0.20427,FALSE,TRUE
"catch",28,"2024-12-28",3,1.597,0.8036,0.40905,0.20427,FALSE,TRUE
"catch",28,"2024-12-28",0,5.59,0.1162,0.23244,0.07837,FALSE,TRUE
"catch",28,"2024-12-28",1,1.597,0.5112,0.40905,0.20427,TRUE,TRUE
"catch",28,"2024-12-28",1,1.597,0.5112,0.40905,0.20427,TRUE,TRUE
"catch",28,"2024-12-28",3,4.792,0.473,0.24556,0.09201,TRUE,TRUE
"catch",28,"2024-12-28",5,3.195,0.7614,0.29102,0.13333,FALSE,TRUE
"catch",31,"2024-12-31",0,1.912,0.1866,0.37329,0.18794,FALSE,TRUE
"catch",31,"2024-12-31",0,1.912,0.1866,0.37329,0.18794,FALSE,TRUE
"catch",31,"2024-12-31",15,3.824,0.9742,0.26844,0.114,FALSE,TRUE
"catch",31,"2024-12-31",6,3.824,0.764,0.26844,0.114,FALSE,TRUE
"catch",31,"2024-12-31",8,4.78,0.7878,0.24549,0.09201,FALSE,TRUE
"catch",31,"2024-12-31",4,1.912,0.8387,0.37329,0.18794,FALSE,TRUE
"catch",31,"2024-12-31",3,1.912,0.7543,0.37329,0.18794,FALSE,TRUE
"catch",31,"2024-12-31",12,5.735,0.8592,0.23021,0.07601,FALSE,TRUE
"catch",31,"2024-12-31",2,3.824,0.4368,0.26844,0.114,TRUE,TRUE
"catch",31,"2024-12-31",0,1.912,0.1866,0.37329,0.18794,FALSE,TRUE
"catch",31,"2024-12-31",1,3.824,0.3254,0.26844,0.114,TRUE,TRUE
"catch",31,"2024-12-31",1,1.912,0.4673,0.37329,0.18794,TRUE,TRUE
"catch",31,"2024-12-31",0,1.912,0.1866,0.37329,0.18794,FALSE,TRUE
"catch",31,"2024-12-31",0,1.912,0.1866,0.37329,0.18794,FALSE,TRUE
"catch",31,"2024-12-31",3,3.824,0.5392,0.26844,0.114,TRUE,TRUE
"catch",31,"2024-12-31",2,2.868,0.5143,0.30564,0.14493,TRUE,TRUE
"catch",31,"2024-12-31",1,1.912,0.4673,0.37329,0.18794,TRUE,TRUE
"catch",31,"2024-12-31",6,1.912,0.9326,0.37329,0.18794,FALSE,TRUE
"catch",31,"2024-12-31",10,2.868,0.9571,0.30564,0.14493,FALSE,TRUE
"catch",31,"2024-12-31",9,3.824,0.8851,0.26844,0.114,FALSE,TRUE
"catch",31,"2024-12-31",0,1.912,0.1866,0.37329,0.18794,FALSE,TRUE
"catch",31,"2024-12-31",3,1.912,0.7543,0.37329,0.18794,FALSE,TRUE
"catch",31,"2024-12-31",4,1.912,0.8387,0.37329,0.18794,FALSE,TRUE
"catch",31,"2024-12-31",0,0.956,0.2609,0.52188,0.23157,TRUE,TRUE
"catch",31,"2024-12-31",3,2.868,0.6298,0.30564,0.14493,TRUE,TRUE
"catch",31,"2024-12-31",2,0.956,0.8161,0.52188,0.23157,FALSE,TRUE
"catch",31,"2024-12-31",18,5.735,0.9498,0.23021,0.07601,FALSE,TRUE
"catch",31,"2024-12-31",0,0.956,0.2609,0.52188,0.23157,TRUE,TRUE
"catch",31,"2024-12-31",7,3.824,0.8137,0.26844,0.114,FALSE,TRUE
"catch",31,"2024-12-31",0,3.824,0.1342,0.26844,0.114,FALSE,TRUE
"catch",31,"2024-12-31",0,1.912,0.1866,0.37329,0.18794,FALSE,TRUE
"catch",31,"2024-12-31",0,2.868,0.1528,0.30564,0.14493,FALSE,TRUE
"catch",31,"2024-12-31",0,0.956,0.2609,0.52188,0.23157,TRUE,TRUE
"catch",31,"2024-12-31",3,0.956,0.9103,0.52188,0.23157,FALSE,TRUE
"catch",31,"2024-12-31",3,7.647,0.3566,0.21151,0.05481,TRUE,TRUE
"catch",31,"2024-12-31",0,2.868,0.1528,0.30564,0.14493,FALSE,TRUE
"catch",31,"2024-12-31",0,0.956,0.2609,0.52188,0.23157,TRUE,TRUE
"catch",31,"2024-12-31",1,1.912,0.4673,0.37329,0.18794,TRUE,TRUE
"catch",31,"2024-12-31",12,3.824,0.9453,0.26844,0.114,FALSE,TRUE
"catch",32,"2025-01-01",0,0.634,0.3088,0.61762,0.22703,TRUE,TRUE
"catch",32,"2025-01-01",1,1.269,0.5689,0.45878,0.22032,TRUE,TRUE
"catch",32,"2025-01-01",1,0.634,0.7311,0.61762,0.22703,TRUE,TRUE
"catch",32,"2025-01-01",6,1.269,0.9765,0.45878,0.22032,FALSE,FALSE
"catch",32,"2025-01-01",3,1.903,0.7563,0.37535,0.18852,FALSE,TRUE
"catch",32,"2025-01-01",0,1.269,0.2294,0.45878,0.22032,FALSE,TRUE
"catch",32,"2025-01-01",4,1.903,0.84,0.37535,0.18852,FALSE,TRUE
"catch",32,"2025-01-01",8,3.172,0.8983,0.29261,0.13443,FALSE,TRUE
"catch",32,"2025-01-01",3,3.806,0.5423,0.26988,0.11507,TRUE,TRUE
"catch",32,"2025-01-01",4,0.634,0.9843,0.61762,0.22703,FALSE,FALSE
"catch",32,"2025-01-01",0,2.538,0.1627,0.32532,0.15873,FALSE,TRUE
"catch",32,"2025-01-01",2,1.903,0.6351,0.37535,0.18852,TRUE,TRUE
"catch",32,"2025-01-01",0,1.269,0.2294,0.45878,0.22032,FALSE,TRUE
"catch",32,"2025-01-01",3,1.269,0.858,0.45878,0.22032,FALSE,TRUE
"catch",32,"2025-01-01",1,0.634,0.7311,0.61762,0.22703,TRUE,TRUE
"catch",33,"2025-01-02",0,1.978,0.1838,0.36768,0.18475,FALSE,TRUE
"catch",33,"2025-01-02",7,4.945,0.7321,0.24284,0.08928,TRUE,TRUE
"catch",33,"2025-01-02",5,1.978,0.8883,0.36768,0.18475,FALSE,TRUE
"catch",33,"2025-01-02",0,0.989,0.2574,0.5147,0.23056,TRUE,TRUE
"catch",33,"2025-01-02",0,0.989,0.2574,0.5147,0.23056,TRUE,TRUE
"catch",33,"2025-01-02",0,0.989,0.2574,0.5147,0.23056,TRUE,TRUE
"catch",33,"2025-01-02",1,5.934,0.2648,0.22802,0.07361,TRUE,TRUE
"catch",33,"2025-01-02",1,2.967,0.3722,0.30139,0.14155,TRUE,TRUE
"catch",33,"2025-01-02",4,4.945,0.545,0.24284,0.08928,TRUE,TRUE
"catch",33,"2025-01-02",6,7.912,0.5186,0.20994,0.05294,TRUE,TRUE
"catch",34,"2025-01-03",3,3.956,0.5299,0.26513,0.11091,TRUE,TRUE
"catch",34,"2025-01-03",0,0.989,0.2574,0.5147,0.23056,TRUE,TRUE
"catch",34,"2025-01-03",1,0.989,0.63,0.5147,0.23056,TRUE,TRUE
"catch",34,"2025-01-03",3,1.978,0.745,0.36768,0.18475,TRUE,TRUE
"catch",34,"2025-01-03",0,1.978,0.1838,0.36768,0.18475,FALSE,TRUE
"catch",34,"2025-01-03",0,3.956,0.1326,0.26513,0.11091,FALSE,TRUE
"catch",34,"2025-01-03",0,2.967,0.1507,0.30139,0.14155,FALSE,TRUE
"catch",34,"2025-01-03",2,3.956,0.4293,0.26513,0.11091,TRUE,TRUE
"catch",34,"2025-01-03",16,7.912,0.8527,0.20994,0.05294,FALSE,TRUE
"catch",34,"2025-01-03",6,1.978,0.9269,0.36768,0.18475,FALSE,TRUE
"catch",34,"2025-01-03",4,1.978,0.8303,0.36768,0.18475,FALSE,TRUE
"catch",35,"2025-01-04",0,2.072,0.1798,0.35963,0.18008,FALSE,TRUE
"catch",35,"2025-01-04",0,2.072,0.1798,0.35963,0.18008,FALSE,TRUE
"catch",35,"2025-01-04",2,2.763,0.5263,0.31218,0.14944,TRUE,TRUE
"catch",35,"2025-01-04",3,1.381,0.8392,0.44021,0.21507,FALSE,TRUE
"catch",35,"2025-01-04",1,2.072,0.4497,0.35963,0.18008,TRUE,TRUE
"catch",35,"2025-01-04",0,2.763,0.1561,0.31218,0.14944,FALSE,TRUE
"catch",35,"2025-01-04",1,1.381,0.5477,0.44021,0.21507,TRUE,TRUE
"catch",35,"2025-01-04",1,0.691,0.713,0.59816,0.22973,TRUE,TRUE
"catch",38,"2025-01-07",0,2.529,0.1624,0.3248,0.15879,FALSE,TRUE
"catch",38,"2025-01-07",0,1.265,0.2292,0.45846,0.2208,FALSE,TRUE
"catch",38,"2025-01-07",0,1.265,0.2292,0.45846,0.2208,FALSE,TRUE
"catch",38,"2025-01-07",1,2.529,0.4042,0.3248,0.15879,TRUE,TRUE
"catch",39,"2025-01-08",0,1.265,0.2292,0.45846,0.2208,FALSE,TRUE
"catch",39,"2025-01-08",2,2.529,0.5505,0.3248,0.15879,TRUE,TRUE
"catch",39,"2025-01-08",3,3.162,0.599,0.29209,0.13435,TRUE,TRUE
"catch",39,"2025-01-08",3,1.265,0.8587,0.45846,0.2208,FALSE,TRUE
"catch",40,"2025-01-09",3,3.794,0.5419,0.26939,0.1149,TRUE,TRUE
"catch",40,"2025-01-09",13,7.588,0.8,0.21195,0.05537,FALSE,TRUE
"catch",40,"2025-01-09",0,1.265,0.2292,0.45846,0.2208,FALSE,TRUE
"catch",40,"2025-01-09",8,1.897,0.973,0.37487,0.18877,FALSE,TRUE
"catch",41,"2025-01-10",0,2.529,0.1624,0.3248,0.15879,FALSE,TRUE
"catch",41,"2025-01-10",0,1.265,0.2292,0.45846,0.2208,FALSE,TRUE
"catch",41,"2025-01-10",2,1.265,0.7487,0.45846,0.2208,TRUE,TRUE
"catch",41,"2025-01-10",2,0.632,0.8928,0.61766,0.2275,FALSE,TRUE
"catch",41,"2025-01-10",3,1.265,0.8587,0.45846,0.2208,FALSE,TRUE
"catch",41,"2025-01-10",0,1.265,0.2292,0.45846,0.2208,FALSE,TRUE
"catch",41,"2025-01-10",5,1.265,0.9576,0.45846,0.2208,FALSE,TRUE
"catch",41,"2025-01-10",2,2.529,0.5505,0.3248,0.15879,TRUE,TRUE
"catch",41,"2025-01-10",0,2.529,0.1624,0.3248,0.15879,FALSE,TRUE
"catch",41,"2025-01-10",0,0.632,0.3088,0.61766,0.2275,TRUE,TRUE
"catch",41,"2025-01-10",1,0.632,0.7314,0.61766,0.2275,TRUE,TRUE
"catch",41,"2025-01-10",0,1.265,0.2292,0.45846,0.2208,FALSE,TRUE
"catch",42,"2025-01-11",1,1.323,0.5576,0.44856,0.21804,TRUE,TRUE
"catch",42,"2025-01-11",4,0.882,0.9644,0.54067,0.23257,FALSE,TRUE
"catch",42,"2025-01-11",2,1.764,0.6562,0.38887,0.19555,TRUE,TRUE
"catch",42,"2025-01-11",3,1.764,0.777,0.38887,0.19555,FALSE,TRUE
"catch",42,"2025-01-11",0,1.764,0.1944,0.38887,0.19555,FALSE,TRUE
"catch",42,"2025-01-11",0,0.441,0.3482,0.69636,0.20727,TRUE,TRUE
"catch",42,"2025-01-11",0,1.764,0.1944,0.38887,0.19555,FALSE,TRUE
"catch",42,"2025-01-11",0,0.441,0.3482,0.69636,0.20727,TRUE,TRUE
"catch",42,"2025-01-11",0,0.882,0.2703,0.54067,0.23257,TRUE,TRUE
"catch",42,"2025-01-11",0,0.882,0.2703,0.54067,0.23257,TRUE,TRUE
"catch",42,"2025-01-11",2,1.323,0.7368,0.44856,0.21804,TRUE,TRUE
"catch",42,"2025-01-11",0,0.882,0.2703,0.54067,0.23257,TRUE,TRUE
"catch",42,"2025-01-11",0,0.441,0.3482,0.69636,0.20727,TRUE,TRUE
"catch",42,"2025-01-11",1,0.882,0.657,0.54067,0.23257,TRUE,TRUE
"catch",42,"2025-01-11",0,0.882,0.2703,0.54067,0.23257,TRUE,TRUE
"catch",42,"2025-01-11",0,0.441,0.3482,0.69636,0.20727,TRUE,TRUE
"catch",42,"2025-01-11",0,1.323,0.2243,0.44856,0.21804,FALSE,TRUE
"catch",42,"2025-01-11",0,0.441,0.3482,0.69636,0.20727,TRUE,TRUE
"catch",42,"2025-01-11",5,3.528,0.7294,0.27809,0.12249,TRUE,TRUE
"catch",42,"2025-01-11",0,0.441,0.3482,0.69636,0.20727,TRUE,TRUE
"catch",42,"2025-01-11",0,0.882,0.2703,0.54067,0.23257,TRUE,TRUE
"catch",42,"2025-01-11",0,0.441,0.3482,0.69636,0.20727,TRUE,TRUE
"catch",42,"2025-01-11",0,0.882,0.2703,0.54067,0.23257,TRUE,TRUE
"catch",42,"2025-01-11",0,1.764,0.1944,0.38887,0.19555,FALSE,TRUE
"catch",42,"2025-01-11",3,3.528,0.5644,0.27809,0.12249,TRUE,TRUE
"catch",42,"2025-01-11",0,0.882,0.2703,0.54067,0.23257,TRUE,TRUE
"catch",42,"2025-01-11",6,1.323,0.9739,0.44856,0.21804,FALSE,TRUE
"catch",42,"2025-01-11",0,0.882,0.2703,0.54067,0.23257,TRUE,TRUE
"catch",42,"2025-01-11",0,0.882,0.2703,0.54067,0.23257,TRUE,TRUE
"catch",42,"2025-01-11",0,0.882,0.2703,0.54067,0.23257,TRUE,TRUE
"catch",42,"2025-01-11",1,0.882,0.657,0.54067,0.23257,TRUE,TRUE
"catch",42,"2025-01-11",0,1.323,0.2243,0.44856,0.21804,FALSE,TRUE
"catch",42,"2025-01-11",1,0.882,0.657,0.54067,0.23257,TRUE,TRUE
"catch",42,"2025-01-11",0,0.441,0.3482,0.69636,0.20727,TRUE,TRUE
"catch",42,"2025-01-11",0,0.441,0.3482,0.69636,0.20727,TRUE,TRUE
"catch",42,"2025-01-11",7,2.646,0.9058,0.3178,0.15379,FALSE,TRUE
"catch",42,"2025-01-11",0,0.882,0.2703,0.54067,0.23257,TRUE,TRUE
"catch",42,"2025-01-11",4,0.882,0.9644,0.54067,0.23257,FALSE,TRUE
"catch",42,"2025-01-11",0,0.441,0.3482,0.69636,0.20727,TRUE,TRUE
"catch",42,"2025-01-11",0,0.882,0.2703,0.54067,0.23257,TRUE,TRUE
"catch",42,"2025-01-11",0,1.764,0.1944,0.38887,0.19555,FALSE,TRUE
"catch",42,"2025-01-11",0,0.882,0.2703,0.54067,0.23257,TRUE,TRUE
"catch",42,"2025-01-11",9,2.646,0.9523,0.3178,0.15379,FALSE,TRUE
"catch",42,"2025-01-11",0,1.764,0.1944,0.38887,0.19555,FALSE,TRUE
"catch",42,"2025-01-11",0,0.441,0.3482,0.69636,0.20727,TRUE,TRUE
"catch",42,"2025-01-11",0,0.882,0.2703,0.54067,0.23257,TRUE,TRUE
"catch",42,"2025-01-11",0,1.323,0.2243,0.44856,0.21804,FALSE,TRUE
"catch",42,"2025-01-11",4,0.882,0.9644,0.54067,0.23257,FALSE,TRUE
"catch",42,"2025-01-11",0,1.764,0.1944,0.38887,0.19555,FALSE,TRUE
"catch",42,"2025-01-11",0,0.882,0.2703,0.54067,0.23257,TRUE,TRUE
"catch",42,"2025-01-11",1,1.323,0.5576,0.44856,0.21804,TRUE,TRUE
"catch",42,"2025-01-11",0,1.323,0.2243,0.44856,0.21804,FALSE,TRUE
"catch",42,"2025-01-11",0,0.441,0.3482,0.69636,0.20727,TRUE,TRUE
"catch",42,"2025-01-11",0,0.441,0.3482,0.69636,0.20727,TRUE,TRUE
"catch",42,"2025-01-11",0,0.882,0.2703,0.54067,0.23257,TRUE,TRUE
"catch",42,"2025-01-11",1,1.323,0.5576,0.44856,0.21804,TRUE,TRUE
"catch",42,"2025-01-11",0,0.441,0.3482,0.69636,0.20727,TRUE,TRUE
"catch",45,"2025-01-14",2,1.405,0.7206,0.43567,0.21407,TRUE,TRUE
"catch",45,"2025-01-14",1,1.405,0.5427,0.43567,0.21407,TRUE,TRUE
"catch",45,"2025-01-14",0,0.703,0.2968,0.5936,0.23064,TRUE,TRUE
"catch",45,"2025-01-14",0,1.405,0.2178,0.43567,0.21407,FALSE,TRUE
"catch",45,"2025-01-14",0,1.405,0.2178,0.43567,0.21407,FALSE,TRUE
"catch",45,"2025-01-14",3,2.81,0.6366,0.30883,0.14725,TRUE,TRUE
"catch",45,"2025-01-14",7,2.81,0.8932,0.30883,0.14725,FALSE,TRUE
"catch",45,"2025-01-14",6,5.621,0.6335,0.23192,0.07781,TRUE,TRUE
"catch",45,"2025-01-14",3,1.405,0.8352,0.43567,0.21407,FALSE,TRUE
"catch",45,"2025-01-14",5,2.81,0.8,0.30883,0.14725,FALSE,TRUE
"catch",45,"2025-01-14",0,1.405,0.2178,0.43567,0.21407,FALSE,TRUE
"catch",45,"2025-01-14",2,1.405,0.7206,0.43567,0.21407,TRUE,TRUE
"catch",45,"2025-01-14",0,0.703,0.2968,0.5936,0.23064,TRUE,TRUE
"catch",45,"2025-01-14",5,3.513,0.7309,0.27869,0.12302,TRUE,TRUE
"catch",45,"2025-01-14",0,1.405,0.2178,0.43567,0.21407,FALSE,TRUE
"catch",47,"2025-01-16",7,4.215,0.7839,0.25799,0.10422,FALSE,TRUE
"catch",47,"2025-01-16",1,1.405,0.5427,0.43567,0.21407,TRUE,TRUE
"catch",47,"2025-01-16",5,7.026,0.5003,0.21653,0.06065,TRUE,TRUE
"catch",48,"2025-01-17",4,6.323,0.4691,0.22332,0.06837,TRUE,TRUE
"catch",48,"2025-01-17",0,1.405,0.2178,0.43567,0.21407,FALSE,TRUE
"catch",48,"2025-01-17",0,1.405,0.2178,0.43567,0.21407,FALSE,TRUE
"catch",48,"2025-01-17",0,1.405,0.2178,0.43567,0.21407,FALSE,TRUE
"catch",48,"2025-01-17",6,2.81,0.8535,0.30883,0.14725,FALSE,TRUE
"catch",48,"2025-01-17",2,1.405,0.7206,0.43567,0.21407,TRUE,TRUE
"catch",48,"2025-01-17",1,1.405,0.5427,0.43567,0.21407,TRUE,TRUE
"catch",48,"2025-01-17",0,1.405,0.2178,0.43567,0.21407,FALSE,TRUE
"catch",48,"2025-01-17",2,2.81,0.5203,0.30883,0.14725,TRUE,TRUE
"catch",48,"2025-01-17",1,4.215,0.3101,0.25799,0.10422,TRUE,TRUE
"catch",48,"2025-01-17",2,2.108,0.6042,0.35569,0.17818,TRUE,TRUE
"catch",49,"2025-01-18",0,0.981,0.2582,0.51637,0.2308,TRUE,TRUE
"catch",49,"2025-01-18",0,0.981,0.2582,0.51637,0.2308,TRUE,TRUE
"catch",49,"2025-01-18",2,0.981,0.8105,0.51637,0.2308,FALSE,TRUE
"catch",49,"2025-01-18",0,1.961,0.1845,0.36901,0.1854,FALSE,TRUE
"catch",49,"2025-01-18",3,0.981,0.9062,0.51637,0.2308,FALSE,TRUE
"catch",49,"2025-01-18",0,0.981,0.2582,0.51637,0.2308,TRUE,TRUE
"catch",49,"2025-01-18",0,0.981,0.2582,0.51637,0.2308,TRUE,TRUE
"catch",49,"2025-01-18",6,0.981,0.9896,0.51637,0.2308,FALSE,FALSE
"catch",49,"2025-01-18",6,0.981,0.9896,0.51637,0.2308,FALSE,FALSE
"catch",49,"2025-01-18",10,1.961,0.9876,0.36901,0.1854,FALSE,FALSE
"catch",49,"2025-01-18",0,0.49,0.3371,0.67415,0.21434,TRUE,TRUE
"catch",49,"2025-01-18",0,0.49,0.3371,0.67415,0.21434,TRUE,TRUE
"catch",49,"2025-01-18",3,1.961,0.7471,0.36901,0.1854,TRUE,TRUE
"catch",49,"2025-01-18",0,1.471,0.2131,0.42615,0.21066,FALSE,TRUE
"catch",49,"2025-01-18",0,1.961,0.1845,0.36901,0.1854,FALSE,TRUE
"catch",49,"2025-01-18",0,1.471,0.2131,0.42615,0.21066,FALSE,TRUE
"catch",52,"2025-01-21",2,1.194,0.7645,0.47348,0.2232,FALSE,TRUE
"catch",52,"2025-01-21",0,0.597,0.3161,0.63218,0.22392,TRUE,TRUE
"catch",53,"2025-01-22",1,1.194,0.5851,0.47348,0.2232,TRUE,TRUE
"catch",53,"2025-01-22",0,1.194,0.2367,0.47348,0.2232,FALSE,TRUE
"catch",53,"2025-01-22",4,1.194,0.9301,0.47348,0.2232,FALSE,TRUE
"catch",53,"2025-01-22",1,0.597,0.7441,0.63218,0.22392,TRUE,TRUE
"catch",53,"2025-01-22",0,1.194,0.2367,0.47348,0.2232,FALSE,TRUE
"catch",53,"2025-01-22",0,1.194,0.2367,0.47348,0.2232,FALSE,TRUE
"catch",53,"2025-01-22",0,2.387,0.1682,0.33637,0.16563,FALSE,TRUE
"catch",54,"2025-01-23",1,1.194,0.5851,0.47348,0.2232,TRUE,TRUE
"catch",54,"2025-01-23",0,1.194,0.2367,0.47348,0.2232,FALSE,TRUE
"catch",54,"2025-01-23",1,3.581,0.3391,0.27807,0.12201,TRUE,TRUE
"catch",54,"2025-01-23",0,1.194,0.2367,0.47348,0.2232,FALSE,TRUE
"catch",54,"2025-01-23",0,0.597,0.3161,0.63218,0.22392,TRUE,TRUE
"catch",54,"2025-01-23",0,2.387,0.1682,0.33637,0.16563,FALSE,TRUE
"catch",56,"2025-01-25",4,2.913,0.719,0.30555,0.14407,TRUE,TRUE
"catch",56,"2025-01-25",0,1.248,0.2317,0.46346,0.22086,FALSE,TRUE
"catch",56,"2025-01-25",0,1.665,0.2013,0.40262,0.20065,FALSE,TRUE
"catch",56,"2025-01-25",0,0.416,0.3546,0.70923,0.20185,TRUE,TRUE
"catch",56,"2025-01-25",10,1.665,0.993,0.40262,0.20065,FALSE,FALSE
"catch",56,"2025-01-25",0,1.665,0.2013,0.40262,0.20065,FALSE,TRUE
"catch",56,"2025-01-25",0,0.416,0.3546,0.70923,0.20185,TRUE,TRUE
"catch",56,"2025-01-25",0,1.665,0.2013,0.40262,0.20065,FALSE,TRUE
"catch",56,"2025-01-25",1,0.832,0.6718,0.55596,0.23166,TRUE,TRUE
"catch",56,"2025-01-25",0,1.248,0.2317,0.46346,0.22086,FALSE,TRUE
"catch",56,"2025-01-25",0,2.497,0.1645,0.32905,0.16075,FALSE,TRUE
"catch",56,"2025-01-25",8,3.329,0.8874,0.28728,0.12966,FALSE,TRUE
"catch",56,"2025-01-25",0,0.832,0.278,0.55596,0.23166,TRUE,TRUE
"catch",56,"2025-01-25",0,1.665,0.2013,0.40262,0.20065,FALSE,TRUE
"catch",56,"2025-01-25",3,0.832,0.9296,0.55596,0.23166,FALSE,TRUE
"catch",56,"2025-01-25",0,1.248,0.2317,0.46346,0.22086,FALSE,TRUE
"catch",60,"2025-01-29",1,1.204,0.5824,0.47095,0.2229,TRUE,TRUE
"catch",60,"2025-01-29",11,4.817,0.8805,0.24602,0.09221,FALSE,TRUE
"catch",60,"2025-01-29",1,1.204,0.5824,0.47095,0.2229,TRUE,TRUE
"catch",60,"2025-01-29",0,1.204,0.2355,0.47095,0.2229,FALSE,TRUE
"catch",60,"2025-01-29",3,1.204,0.8689,0.47095,0.2229,FALSE,TRUE
"catch",60,"2025-01-29",0,1.806,0.193,0.38596,0.19344,FALSE,TRUE
"catch",60,"2025-01-29",0,0.602,0.3149,0.62981,0.22461,TRUE,TRUE
"catch",60,"2025-01-29",0,1.204,0.2355,0.47095,0.2229,FALSE,TRUE
"catch",60,"2025-01-29",0,0.602,0.3149,0.62981,0.22461,TRUE,TRUE
"catch",60,"2025-01-29",0,1.204,0.2355,0.47095,0.2229,FALSE,TRUE
"catch",60,"2025-01-29",1,1.204,0.5824,0.47095,0.2229,TRUE,TRUE
"catch",61,"2025-01-30",5,1.204,0.9619,0.47095,0.2229,FALSE,TRUE
"catch",61,"2025-01-30",8,2.409,0.9463,0.33437,0.16449,FALSE,TRUE
"catch",61,"2025-01-30",3,1.204,0.8689,0.47095,0.2229,FALSE,TRUE
"catch",61,"2025-01-30",1,1.204,0.5824,0.47095,0.2229,TRUE,TRUE
"catch",61,"2025-01-30",0,1.204,0.2355,0.47095,0.2229,FALSE,TRUE
"catch",61,"2025-01-30",0,1.204,0.2355,0.47095,0.2229,FALSE,TRUE
"catch",61,"2025-01-30",1,2.409,0.4166,0.33437,0.16449,TRUE,TRUE
"catch",61,"2025-01-30",1,1.806,0.4827,0.38596,0.19344,TRUE,TRUE
"catch",61,"2025-01-30",0,1.806,0.193,0.38596,0.19344,FALSE,TRUE
"catch",62,"2025-01-31",0,1.204,0.2355,0.47095,0.2229,FALSE,TRUE
"catch",62,"2025-01-31",10,3.613,0.9206,0.27657,0.12077,FALSE,TRUE
"catch",62,"2025-01-31",1,3.011,0.3705,0.30036,0.14031,TRUE,TRUE
"catch",63,"2025-02-01",2,1.683,0.6715,0.40043,0.19969,TRUE,TRUE
"catch",63,"2025-02-01",0,0.421,0.3535,0.70702,0.20268,TRUE,TRUE
"catch",63,"2025-02-01",1,0.841,0.6693,0.55342,0.23167,TRUE,TRUE
"catch",63,"2025-02-01",0,0.841,0.2767,0.55342,0.23167,TRUE,TRUE
"catch",67,"2025-02-05",0,1.093,0.2468,0.49369,0.22679,FALSE,TRUE
"catch",68,"2025-02-06",1,1.093,0.6071,0.49369,0.22679,TRUE,TRUE
"catch",68,"2025-02-06",0,0.547,0.326,0.65195,0.2194,TRUE,TRUE
"catch",68,"2025-02-06",0,1.093,0.2468,0.49369,0.22679,FALSE,TRUE
"catch",69,"2025-02-07",6,1.093,0.9845,0.49369,0.22679,FALSE,FALSE
"catch",69,"2025-02-07",1,2.186,0.4392,0.35173,0.17499,TRUE,TRUE
"catch",69,"2025-02-07",1,0.547,0.7616,0.65195,0.2194,FALSE,TRUE
"catch",69,"2025-02-07",0,2.186,0.1759,0.35173,0.17499,FALSE,TRUE
"catch",70,"2025-02-08",0,1.055,0.2515,0.50291,0.2275,TRUE,TRUE
"catch",70,"2025-02-08",0,2.109,0.1796,0.35928,0.17878,FALSE,TRUE
"catch",70,"2025-02-08",1,1.055,0.6167,0.50291,0.2275,TRUE,TRUE
"catch",70,"2025-02-08",1,0.703,0.7105,0.59614,0.22863,TRUE,TRUE
"catch",70,"2025-02-08",2,2.109,0.6078,0.35928,0.17878,TRUE,TRUE
"catch",70,"2025-02-08",0,2.461,0.1665,0.33293,0.16286,FALSE,TRUE
"catch",70,"2025-02-08",0,1.055,0.2515,0.50291,0.2275,TRUE,TRUE
"catch",70,"2025-02-08",1,0.703,0.7105,0.59614,0.22863,TRUE,TRUE
"catch",70,"2025-02-08",0,0.352,0.3714,0.74277,0.18747,TRUE,TRUE
"catch",70,"2025-02-08",4,0.703,0.9789,0.59614,0.22863,FALSE,FALSE
"catch",70,"2025-02-08",4,1.406,0.9038,0.43924,0.2134,FALSE,TRUE
"catch",70,"2025-02-08",0,0.703,0.2981,0.59614,0.22863,TRUE,TRUE
"catch",70,"2025-02-08",1,0.703,0.7105,0.59614,0.22863,TRUE,TRUE
"catch",70,"2025-02-08",0,0.352,0.3714,0.74277,0.18747,TRUE,TRUE
"catch",70,"2025-02-08",4,2.109,0.8142,0.35928,0.17878,FALSE,TRUE
"catch",70,"2025-02-08",0,0.703,0.2981,0.59614,0.22863,TRUE,TRUE
"catch",70,"2025-02-08",0,0.703,0.2981,0.59614,0.22863,TRUE,TRUE
"catch",70,"2025-02-08",0,0.352,0.3714,0.74277,0.18747,TRUE,TRUE
"catch",70,"2025-02-08",0,0.703,0.2981,0.59614,0.22863,TRUE,TRUE
"catch",70,"2025-02-08",1,2.109,0.4487,0.35928,0.17878,TRUE,TRUE
"catch",70,"2025-02-08",1,1.758,0.4915,0.39348,0.19601,TRUE,TRUE
"catch",73,"2025-02-11",0,0.51,0.3338,0.66759,0.21479,TRUE,TRUE
"catch",73,"2025-02-11",0,1.021,0.2553,0.51053,0.22839,TRUE,TRUE
"catch",73,"2025-02-11",0,0.51,0.3338,0.66759,0.21479,TRUE,TRUE
"catch",73,"2025-02-11",0,0.51,0.3338,0.66759,0.21479,TRUE,TRUE
"catch",73,"2025-02-11",0,1.021,0.2553,0.51053,0.22839,TRUE,TRUE
"catch",73,"2025-02-11",1,0.51,0.775,0.66759,0.21479,FALSE,TRUE
"catch",73,"2025-02-11",4,2.552,0.7609,0.3272,0.15912,FALSE,TRUE
"catch",73,"2025-02-11",1,1.021,0.6247,0.51053,0.22839,TRUE,TRUE
"catch",74,"2025-02-12",2,1.021,0.8025,0.51053,0.22839,FALSE,TRUE
"catch",74,"2025-02-12",0,1.021,0.2553,0.51053,0.22839,TRUE,TRUE
"catch",74,"2025-02-12",0,1.021,0.2553,0.51053,0.22839,TRUE,TRUE
"catch",76,"2025-02-14",0,1.021,0.2553,0.51053,0.22839,TRUE,TRUE
"catch",76,"2025-02-14",0,1.021,0.2553,0.51053,0.22839,TRUE,TRUE
"catch",76,"2025-02-14",0,1.021,0.2553,0.51053,0.22839,TRUE,TRUE
"catch",76,"2025-02-14",3,2.552,0.6707,0.3272,0.15912,TRUE,TRUE
"catch",76,"2025-02-14",0,1.531,0.2107,0.4215,0.2074,FALSE,TRUE
"catch",77,"2025-02-15",0,1.068,0.2501,0.50026,0.227,TRUE,TRUE
"catch",77,"2025-02-15",2,2.137,0.6043,0.35727,0.17754,TRUE,TRUE
"catch",77,"2025-02-15",1,2.137,0.446,0.35727,0.17754,TRUE,TRUE
"catch",77,"2025-02-15",2,0.712,0.8737,0.59341,0.22877,FALSE,TRUE
"catch",77,"2025-02-15",4,0.712,0.9781,0.59341,0.22877,FALSE,FALSE
"catch",77,"2025-02-15",0,1.425,0.2184,0.43679,0.21249,FALSE,TRUE
"catch",81,"2025-02-19",0,1.149,0.2418,0.48354,0.22453,FALSE,TRUE
"catch",81,"2025-02-19",0,0.574,0.3209,0.64171,0.22132,TRUE,TRUE
"catch",82,"2025-02-20",0,1.149,0.2418,0.48354,0.22453,FALSE,TRUE
"catch",82,"2025-02-20",1,1.149,0.5958,0.48354,0.22453,TRUE,TRUE
"catch",82,"2025-02-20",2,0.574,0.9064,0.64171,0.22132,FALSE,TRUE
"catch",82,"2025-02-20",3,1.149,0.8782,0.48354,0.22453,FALSE,TRUE
"catch",82,"2025-02-20",1,1.149,0.5958,0.48354,0.22453,TRUE,TRUE
"catch",82,"2025-02-20",0,0.574,0.3209,0.64171,0.22132,TRUE,TRUE
"catch",82,"2025-02-20",0,1.149,0.2418,0.48354,0.22453,FALSE,TRUE
"catch",83,"2025-02-21",0,0.574,0.3209,0.64171,0.22132,TRUE,TRUE
"catch",83,"2025-02-21",0,1.149,0.2418,0.48354,0.22453,FALSE,TRUE
"catch",83,"2025-02-21",1,1.149,0.5958,0.48354,0.22453,TRUE,TRUE
"catch",83,"2025-02-21",3,1.149,0.8782,0.48354,0.22453,FALSE,TRUE
"catch",84,"2025-02-22",0,0.803,0.283,0.56608,0.23052,TRUE,TRUE
"catch",84,"2025-02-22",2,1.605,0.6866,0.41206,0.20368,TRUE,TRUE
"catch",84,"2025-02-22",0,0.803,0.283,0.56608,0.23052,TRUE,TRUE
"catch",84,"2025-02-22",3,1.605,0.8036,0.41206,0.20368,FALSE,TRUE
"catch",87,"2025-02-25",1,2.548,0.4016,0.32278,0.15766,TRUE,TRUE
"catch",87,"2025-02-25",0,1.274,0.228,0.45593,0.22058,FALSE,TRUE
"catch",88,"2025-02-26",6,2.548,0.8774,0.32278,0.15766,FALSE,TRUE
"catch",88,"2025-02-26",0,1.274,0.228,0.45593,0.22058,FALSE,TRUE
"catch",88,"2025-02-26",4,1.274,0.9212,0.45593,0.22058,FALSE,TRUE
"catch",88,"2025-02-26",10,2.548,0.9703,0.32278,0.15766,FALSE,TRUE
"catch",88,"2025-02-26",1,1.274,0.5662,0.45593,0.22058,TRUE,TRUE
"catch",88,"2025-02-26",0,1.274,0.228,0.45593,0.22058,FALSE,TRUE
"catch",88,"2025-02-26",1,2.548,0.4016,0.32278,0.15766,TRUE,TRUE
"catch",88,"2025-02-26",0,0.637,0.3077,0.61536,0.22829,TRUE,TRUE
"catch",88,"2025-02-26",3,1.274,0.8571,0.45593,0.22058,FALSE,TRUE
"catch",88,"2025-02-26",0,1.274,0.228,0.45593,0.22058,FALSE,TRUE
"catch",88,"2025-02-26",1,1.274,0.5662,0.45593,0.22058,TRUE,TRUE
"catch",88,"2025-02-26",2,1.274,0.7463,0.45593,0.22058,TRUE,TRUE
"catch",88,"2025-02-26",0,1.911,0.1863,0.37257,0.18792,FALSE,TRUE
"catch",89,"2025-02-27",3,1.274,0.8571,0.45593,0.22058,FALSE,TRUE
"catch",89,"2025-02-27",2,2.548,0.5473,0.32278,0.15766,TRUE,TRUE
"catch",89,"2025-02-27",6,1.274,0.9769,0.45593,0.22058,FALSE,FALSE
"catch",89,"2025-02-27",0,1.274,0.228,0.45593,0.22058,FALSE,TRUE
"catch",89,"2025-02-27",12,3.185,0.9686,0.29034,0.13312,FALSE,TRUE
"catch",89,"2025-02-27",4,1.911,0.8388,0.37257,0.18792,FALSE,TRUE
"catch",90,"2025-02-28",2,0.637,0.8917,0.61536,0.22829,FALSE,TRUE
"catch",90,"2025-02-28",0,1.274,0.228,0.45593,0.22058,FALSE,TRUE
"catch",90,"2025-02-28",0,1.274,0.228,0.45593,0.22058,FALSE,TRUE
"catch",90,"2025-02-28",0,0.637,0.3077,0.61536,0.22829,TRUE,TRUE
"catch",90,"2025-02-28",5,2.548,0.8273,0.32278,0.15766,FALSE,TRUE
"catch",90,"2025-02-28",0,0.637,0.3077,0.61536,0.22829,TRUE,TRUE
"catch",90,"2025-02-28",0,1.274,0.228,0.45593,0.22058,FALSE,TRUE
"catch",90,"2025-02-28",4,1.911,0.8388,0.37257,0.18792,FALSE,TRUE
"catch",90,"2025-02-28",0,1.274,0.228,0.45593,0.22058,FALSE,TRUE
"catch",90,"2025-02-28",0,1.274,0.228,0.45593,0.22058,FALSE,TRUE
"catch",90,"2025-02-28",6,1.274,0.9769,0.45593,0.22058,FALSE,FALSE
"catch",90,"2025-02-28",4,2.548,0.7586,0.32278,0.15766,FALSE,TRUE
"catch",90,"2025-02-28",0,1.274,0.228,0.45593,0.22058,FALSE,TRUE
"catch",90,"2025-02-28",2,2.548,0.5473,0.32278,0.15766,TRUE,TRUE
"catch",90,"2025-02-28",0,0.637,0.3077,0.61536,0.22829,TRUE,TRUE
"catch",90,"2025-02-28",1,1.274,0.5662,0.45593,0.22058,TRUE,TRUE
"catch",90,"2025-02-28",0,2.548,0.1614,0.32278,0.15766,FALSE,TRUE
"catch",90,"2025-02-28",3,2.548,0.6666,0.32278,0.15766,TRUE,TRUE
"catch",90,"2025-02-28",0,1.274,0.228,0.45593,0.22058,FALSE,TRUE
"catch",90,"2025-02-28",5,1.274,0.9571,0.45593,0.22058,FALSE,TRUE
"catch",90,"2025-02-28",1,1.274,0.5662,0.45593,0.22058,TRUE,TRUE
"catch",90,"2025-02-28",9,2.548,0.9574,0.32278,0.15766,FALSE,TRUE
"catch",90,"2025-02-28",2,1.911,0.632,0.37257,0.18792,TRUE,TRUE
"catch",90,"2025-02-28",0,1.911,0.1863,0.37257,0.18792,FALSE,TRUE
"catch",90,"2025-02-28",1,1.274,0.5662,0.45593,0.22058,TRUE,TRUE
"catch",90,"2025-02-28",0,1.274,0.228,0.45593,0.22058,FALSE,TRUE
"catch",90,"2025-02-28",1,3.185,0.3569,0.29034,0.13312,TRUE,TRUE
"catch",90,"2025-02-28",2,1.274,0.7463,0.45593,0.22058,TRUE,TRUE
"catch",90,"2025-02-28",0,1.274,0.228,0.45593,0.22058,FALSE,TRUE
"catch",90,"2025-02-28",2,1.274,0.7463,0.45593,0.22058,TRUE,TRUE
"catch",90,"2025-02-28",2,1.274,0.7463,0.45593,0.22058,TRUE,TRUE
"catch",90,"2025-02-28",0,0.637,0.3077,0.61536,0.22829,TRUE,TRUE
"catch",90,"2025-02-28",0,1.911,0.1863,0.37257,0.18792,FALSE,TRUE
"catch",90,"2025-02-28",0,0.637,0.3077,0.61536,0.22829,TRUE,TRUE
"catch",90,"2025-02-28",1,1.274,0.5662,0.45593,0.22058,TRUE,TRUE
"catch",90,"2025-02-28",1,2.548,0.4016,0.32278,0.15766,TRUE,TRUE
"catch",90,"2025-02-28",2,2.548,0.5473,0.32278,0.15766,TRUE,TRUE
"catch",91,"2025-03-01",1,0.89,0.6545,0.53819,0.23271,TRUE,TRUE
"catch",91,"2025-03-01",4,0.89,0.9638,0.53819,0.23271,FALSE,TRUE
"catch",91,"2025-03-01",3,1.78,0.7743,0.38666,0.19468,FALSE,TRUE
"catch",91,"2025-03-01",0,2.225,0.1728,0.34565,0.17235,FALSE,TRUE
"catch",91,"2025-03-01",0,0.89,0.2691,0.53819,0.23271,TRUE,TRUE
"catch",91,"2025-03-01",0,0.89,0.2691,0.53819,0.23271,TRUE,TRUE
"catch",91,"2025-03-01",1,1.78,0.484,0.38666,0.19468,TRUE,TRUE
"catch",91,"2025-03-01",0,0.445,0.3471,0.69428,0.20816,TRUE,TRUE
"catch",91,"2025-03-01",2,0.89,0.8314,0.53819,0.23271,FALSE,TRUE
"catch",91,"2025-03-01",0,0.89,0.2691,0.53819,0.23271,TRUE,TRUE
"catch",91,"2025-03-01",0,0.445,0.3471,0.69428,0.20816,TRUE,TRUE
"catch",91,"2025-03-01",0,1.78,0.1933,0.38666,0.19468,FALSE,TRUE
"catch",91,"2025-03-01",4,3.56,0.6514,0.27665,0.1213,TRUE,TRUE
"catch",91,"2025-03-01",1,0.89,0.6545,0.53819,0.23271,TRUE,TRUE
"catch",91,"2025-03-01",0,1.78,0.1933,0.38666,0.19468,FALSE,TRUE
"catch",91,"2025-03-01",0,0.89,0.2691,0.53819,0.23271,TRUE,TRUE
"catch",91,"2025-03-01",2,1.78,0.6532,0.38666,0.19468,TRUE,TRUE
"catch",91,"2025-03-01",2,1.78,0.6532,0.38666,0.19468,TRUE,TRUE
"catch",91,"2025-03-01",0,1.335,0.2231,0.44615,0.21755,FALSE,TRUE
"catch",91,"2025-03-01",0,0.445,0.3471,0.69428,0.20816,TRUE,TRUE
"catch",91,"2025-03-01",0,0.445,0.3471,0.69428,0.20816,TRUE,TRUE
"catch",91,"2025-03-01",0,0.89,0.2691,0.53819,0.23271,TRUE,TRUE
"catch",94,"2025-03-04",0,1.183,0.2376,0.47517,0.22382,FALSE,TRUE
"catch",95,"2025-03-05",1,1.183,0.5871,0.47517,0.22382,TRUE,TRUE
"catch",95,"2025-03-05",0,0.591,0.317,0.63401,0.22373,TRUE,TRUE
"catch",96,"2025-03-06",0,3.548,0.1394,0.27879,0.12284,FALSE,TRUE
"catch",96,"2025-03-06",1,1.183,0.5871,0.47517,0.22382,TRUE,TRUE
"catch",96,"2025-03-06",2,3.548,0.4587,0.27879,0.12284,TRUE,TRUE
"catch",96,"2025-03-06",0,0.591,0.317,0.63401,0.22373,TRUE,TRUE
"catch",96,"2025-03-06",1,4.731,0.2947,0.24768,0.09402,TRUE,TRUE
"catch",97,"2025-03-07",1,1.183,0.5871,0.47517,0.22382,TRUE,TRUE
"catch",97,"2025-03-07",6,3.548,0.7885,0.27879,0.12284,FALSE,TRUE
"catch",97,"2025-03-07",2,1.774,0.6563,0.38961,0.19523,TRUE,TRUE
"catch",98,"2025-03-08",1,0.825,0.6737,0.55779,0.23184,TRUE,TRUE
"catch",98,"2025-03-08",0,0.825,0.2789,0.55779,0.23184,TRUE,TRUE
"catch",98,"2025-03-08",3,1.65,0.7957,0.40406,0.20151,FALSE,TRUE
"catch",98,"2025-03-08",1,1.65,0.5048,0.40406,0.20151,TRUE,TRUE
"catch",98,"2025-03-08",0,0.825,0.2789,0.55779,0.23184,TRUE,TRUE
"catch",98,"2025-03-08",1,2.475,0.411,0.33011,0.16169,TRUE,TRUE
"catch",98,"2025-03-08",3,1.237,0.8633,0.46512,0.2215,FALSE,TRUE
"catch",98,"2025-03-08",3,1.237,0.8633,0.46512,0.2215,FALSE,TRUE
"catch",98,"2025-03-08",4,1.237,0.925,0.46512,0.2215,FALSE,TRUE
"catch",98,"2025-03-08",0,0.412,0.3555,0.71092,0.20132,TRUE,TRUE
"catch",98,"2025-03-08",2,1.65,0.677,0.40406,0.20151,TRUE,TRUE
"catch",98,"2025-03-08",0,0.412,0.3555,0.71092,0.20132,TRUE,TRUE
"catch",98,"2025-03-08",2,1.237,0.7552,0.46512,0.2215,FALSE,TRUE
"catch",98,"2025-03-08",0,0.825,0.2789,0.55779,0.23184,TRUE,TRUE
"catch",98,"2025-03-08",0,0.825,0.2789,0.55779,0.23184,TRUE,TRUE
"catch",101,"2025-03-11",2,1.379,0.7266,0.44116,0.21509,TRUE,TRUE
"catch",101,"2025-03-11",10,2.758,0.9609,0.31296,0.14984,FALSE,TRUE
"catch",101,"2025-03-11",0,1.379,0.2206,0.44116,0.21509,FALSE,TRUE
"catch",101,"2025-03-11",6,1.379,0.9701,0.44116,0.21509,FALSE,TRUE
"catch",101,"2025-03-11",0,2.758,0.1565,0.31296,0.14984,FALSE,TRUE
"catch",101,"2025-03-11",3,1.379,0.8397,0.44116,0.21509,FALSE,TRUE
"catch",102,"2025-03-12",2,2.758,0.5275,0.31296,0.14984,TRUE,TRUE
"catch",102,"2025-03-12",2,2.758,0.5275,0.31296,0.14984,TRUE,TRUE
"catch",102,"2025-03-12",0,2.068,0.1803,0.36051,0.18035,FALSE,TRUE
"catch",104,"2025-03-14",0,2.758,0.1565,0.31296,0.14984,FALSE,TRUE
"catch",104,"2025-03-14",0,2.068,0.1803,0.36051,0.18035,FALSE,TRUE
"catch",104,"2025-03-14",5,2.758,0.8058,0.31296,0.14984,FALSE,TRUE
"catch",105,"2025-03-15",0,1.444,0.2158,0.43159,0.21182,FALSE,TRUE
"catch",105,"2025-03-15",0,0.481,0.3395,0.67892,0.21235,TRUE,TRUE
"catch",105,"2025-03-15",0,0.481,0.3395,0.67892,0.21235,TRUE,TRUE
"catch",105,"2025-03-15",0,0.962,0.261,0.52199,0.23056,TRUE,TRUE
"catch",105,"2025-03-15",1,2.406,0.417,0.33469,0.16456,TRUE,TRUE
"catch",105,"2025-03-15",0,0.481,0.3395,0.67892,0.21235,TRUE,TRUE
"catch",105,"2025-03-15",0,0.962,0.261,0.52199,0.23056,TRUE,TRUE
"catch",105,"2025-03-15",0,1.444,0.2158,0.43159,0.21182,FALSE,TRUE
"catch",105,"2025-03-15",0,0.962,0.261,0.52199,0.23056,TRUE,TRUE
"catch",105,"2025-03-15",0,0.962,0.261,0.52199,0.23056,TRUE,TRUE
"catch",105,"2025-03-15",9,1.925,0.9813,0.374,0.18738,FALSE,FALSE
"catch",105,"2025-03-15",4,2.887,0.7215,0.30647,0.14485,TRUE,TRUE
"catch",105,"2025-03-15",4,1.925,0.8372,0.374,0.18738,FALSE,TRUE
"catch",105,"2025-03-15",0,1.925,0.187,0.374,0.18738,FALSE,TRUE
"catch",105,"2025-03-15",0,0.481,0.3395,0.67892,0.21235,TRUE,TRUE
"catch",105,"2025-03-15",2,1.925,0.6323,0.374,0.18738,TRUE,TRUE
"catch",108,"2025-03-18",0,0.687,0.2999,0.59981,0.22935,TRUE,TRUE
"catch",108,"2025-03-18",4,3.434,0.6655,0.28252,0.12612,TRUE,TRUE
"catch",108,"2025-03-18",1,1.374,0.5496,0.44186,0.21546,TRUE,TRUE
"catch",108,"2025-03-18",0,2.061,0.1805,0.36104,0.18083,FALSE,TRUE
"catch",108,"2025-03-18",0,0.687,0.2999,0.59981,0.22935,TRUE,TRUE
"catch",108,"2025-03-18",6,2.747,0.8593,0.31336,0.15031,FALSE,TRUE
"catch",108,"2025-03-18",1,0.687,0.7145,0.59981,0.22935,TRUE,TRUE
"catch",108,"2025-03-18",1,1.374,0.5496,0.44186,0.21546,TRUE,TRUE
"catch",108,"2025-03-18",0,1.374,0.2209,0.44186,0.21546,FALSE,TRUE
"catch",109,"2025-03-19",0,1.374,0.2209,0.44186,0.21546,FALSE,TRUE
"catch",109,"2025-03-19",1,2.747,0.3885,0.31336,0.15031,TRUE,TRUE
"catch",109,"2025-03-19",0,1.374,0.2209,0.44186,0.21546,FALSE,TRUE
"catch",109,"2025-03-19",0,2.747,0.1567,0.31336,0.15031,FALSE,TRUE
"catch",109,"2025-03-19",1,0.687,0.7145,0.59981,0.22935,TRUE,TRUE
"catch",110,"2025-03-20",3,1.374,0.8406,0.44186,0.21546,FALSE,TRUE
"catch",110,"2025-03-20",0,0.687,0.2999,0.59981,0.22935,TRUE,TRUE
"catch",111,"2025-03-21",2,2.747,0.5285,0.31336,0.15031,TRUE,TRUE
"catch",111,"2025-03-21",0,0.687,0.2999,0.59981,0.22935,TRUE,TRUE
"catch",111,"2025-03-21",1,1.374,0.5496,0.44186,0.21546,TRUE,TRUE
"catch",111,"2025-03-21",0,0.687,0.2999,0.59981,0.22935,TRUE,TRUE
"catch",111,"2025-03-21",5,0.687,0.9923,0.59981,0.22935,FALSE,FALSE
"catch",112,"2025-03-22",1,0.959,0.6382,0.5228,0.23073,TRUE,TRUE
"catch",112,"2025-03-22",0,0.959,0.2614,0.5228,0.23073,TRUE,TRUE
"catch",112,"2025-03-22",0,2.397,0.1676,0.33515,0.16505,FALSE,TRUE
"catch",112,"2025-03-22",2,1.918,0.6335,0.37456,0.18786,TRUE,TRUE
"catch",112,"2025-03-22",4,1.918,0.8382,0.37456,0.18786,FALSE,TRUE
"catch",112,"2025-03-22",1,1.438,0.5384,0.43228,0.21221,TRUE,TRUE
"catch",112,"2025-03-22",3,5.753,0.4256,0.23101,0.07667,TRUE,TRUE
"catch",112,"2025-03-22",3,0.959,0.9096,0.5228,0.23073,FALSE,TRUE
"catch",115,"2025-03-25",0,1.652,0.201,0.40205,0.20147,FALSE,TRUE
"catch",115,"2025-03-25",1,1.652,0.5028,0.40205,0.20147,TRUE,TRUE
"catch",115,"2025-03-25",0,3.303,0.1432,0.28643,0.12964,FALSE,TRUE
"catch",115,"2025-03-25",11,3.303,0.9524,0.28643,0.12964,FALSE,TRUE
"catch",115,"2025-03-25",4,1.652,0.8728,0.40205,0.20147,FALSE,TRUE
"catch",115,"2025-03-25",4,1.652,0.8728,0.40205,0.20147,FALSE,TRUE
"catch",115,"2025-03-25",0,0.826,0.2781,0.55611,0.23272,TRUE,TRUE
"catch",115,"2025-03-25",0,1.652,0.201,0.40205,0.20147,FALSE,TRUE
"catch",115,"2025-03-25",5,0.826,0.9867,0.55611,0.23272,FALSE,FALSE
"catch",117,"2025-03-27",2,0.826,0.8466,0.55611,0.23272,FALSE,TRUE
"catch",117,"2025-03-27",2,4.955,0.3762,0.24238,0.08884,TRUE,TRUE
"catch",117,"2025-03-27",3,1.652,0.7949,0.40205,0.20147,FALSE,TRUE
"catch",117,"2025-03-27",0,1.652,0.201,0.40205,0.20147,FALSE,TRUE
"catch",117,"2025-03-27",0,4.955,0.1212,0.24238,0.08884,FALSE,TRUE
"catch",117,"2025-03-27",0,4.955,0.1212,0.24238,0.08884,FALSE,TRUE
"catch",117,"2025-03-27",1,1.652,0.5028,0.40205,0.20147,TRUE,TRUE
"catch",117,"2025-03-27",0,6.607,0.1102,0.22036,0.06508,FALSE,TRUE
"catch",118,"2025-03-28",0,3.303,0.1432,0.28643,0.12964,FALSE,TRUE
"catch",118,"2025-03-28",2,3.303,0.4755,0.28643,0.12964,TRUE,TRUE
"catch",118,"2025-03-28",1,1.652,0.5028,0.40205,0.20147,TRUE,TRUE
"catch",118,"2025-03-28",1,1.652,0.5028,0.40205,0.20147,TRUE,TRUE
"catch",118,"2025-03-28",1,0.826,0.6725,0.55611,0.23272,TRUE,TRUE
"catch",118,"2025-03-28",1,1.652,0.5028,0.40205,0.20147,TRUE,TRUE
"catch",118,"2025-03-28",0,1.652,0.201,0.40205,0.20147,FALSE,TRUE
"catch",118,"2025-03-28",8,4.955,0.7764,0.24238,0.08884,FALSE,TRUE
"catch",118,"2025-03-28",1,0.826,0.6725,0.55611,0.23272,TRUE,TRUE
"catch",118,"2025-03-28",6,1.652,0.9525,0.40205,0.20147,FALSE,TRUE
"catch",118,"2025-03-28",1,2.478,0.4088,0.32824,0.16106,TRUE,TRUE
"catch",118,"2025-03-28",4,1.652,0.8728,0.40205,0.20147,FALSE,TRUE
"catch",119,"2025-03-29",5,2.305,0.8533,0.34034,0.1688,FALSE,TRUE
"catch",119,"2025-03-29",1,1.153,0.5922,0.47946,0.22539,TRUE,TRUE
"catch",119,"2025-03-29",6,1.153,0.9825,0.47946,0.22539,FALSE,FALSE
"catch",119,"2025-03-29",0,1.729,0.1966,0.39313,0.19738,FALSE,TRUE
"catch",119,"2025-03-29",0,1.153,0.2397,0.47946,0.22539,FALSE,TRUE
"catch",119,"2025-03-29",0,2.305,0.1702,0.34034,0.1688,FALSE,TRUE
"catch",119,"2025-03-29",0,0.576,0.3194,0.63876,0.2234,TRUE,TRUE
"catch",119,"2025-03-29",4,2.305,0.7887,0.34034,0.1688,FALSE,TRUE
"catch",119,"2025-03-29",7,2.305,0.9307,0.34034,0.1688,FALSE,TRUE
"catch",119,"2025-03-29",3,2.305,0.6988,0.34034,0.1688,TRUE,TRUE
"catch",119,"2025-03-29",0,0.576,0.3194,0.63876,0.2234,TRUE,TRUE
"catch",119,"2025-03-29",2,1.729,0.6623,0.39313,0.19738,TRUE,TRUE
"catch",119,"2025-03-29",0,0.576,0.3194,0.63876,0.2234,TRUE,TRUE
"catch",119,"2025-03-29",0,1.729,0.1966,0.39313,0.19738,FALSE,TRUE
"catch",119,"2025-03-29",2,2.305,0.578,0.34034,0.1688,TRUE,TRUE
"catch",122,"2025-04-01",0,1.172,0.2381,0.47613,0.22448,FALSE,TRUE
"catch",122,"2025-04-01",0,2.931,0.1517,0.30335,0.14294,FALSE,TRUE
"catch",122,"2025-04-01",0,1.172,0.2381,0.47613,0.22448,FALSE,TRUE
"catch",122,"2025-04-01",1,1.172,0.5884,0.47613,0.22448,TRUE,TRUE
"catch",122,"2025-04-01",2,1.172,0.7684,0.47613,0.22448,FALSE,TRUE
"catch",122,"2025-04-01",3,1.172,0.8742,0.47613,0.22448,FALSE,TRUE
"catch",122,"2025-04-01",6,2.931,0.8426,0.30335,0.14294,FALSE,TRUE
"catch",123,"2025-04-02",1,0.586,0.7472,0.63529,0.22391,TRUE,TRUE
"catch",123,"2025-04-02",6,1.172,0.9814,0.47613,0.22448,FALSE,FALSE
"catch",123,"2025-04-02",1,0.586,0.7472,0.63529,0.22391,TRUE,TRUE
"catch",124,"2025-04-03",1,1.172,0.5884,0.47613,0.22448,TRUE,TRUE
"catch",124,"2025-04-03",3,1.172,0.8742,0.47613,0.22448,FALSE,TRUE
"catch",124,"2025-04-03",2,1.172,0.7684,0.47613,0.22448,FALSE,TRUE
"catch",124,"2025-04-03",0,0.586,0.3176,0.63529,0.22391,TRUE,TRUE
"catch",124,"2025-04-03",0,0.586,0.3176,0.63529,0.22391,TRUE,TRUE
"catch",124,"2025-04-03",0,0.586,0.3176,0.63529,0.22391,TRUE,TRUE
"catch",124,"2025-04-03",0,1.172,0.2381,0.47613,0.22448,FALSE,TRUE
"catch",124,"2025-04-03",0,0.586,0.3176,0.63529,0.22391,TRUE,TRUE
"catch",124,"2025-04-03",0,1.172,0.2381,0.47613,0.22448,FALSE,TRUE
"catch",124,"2025-04-03",1,2.345,0.4215,0.33796,0.16717,TRUE,TRUE
"catch",124,"2025-04-03",0,0.586,0.3176,0.63529,0.22391,TRUE,TRUE
"catch",124,"2025-04-03",0,0.586,0.3176,0.63529,0.22391,TRUE,TRUE
"catch",124,"2025-04-03",1,0.586,0.7472,0.63529,0.22391,TRUE,TRUE
"catch",124,"2025-04-03",0,0.586,0.3176,0.63529,0.22391,TRUE,TRUE
"catch",124,"2025-04-03",0,1.759,0.1951,0.39029,0.19591,FALSE,TRUE
"catch",125,"2025-04-04",1,1.172,0.5884,0.47613,0.22448,TRUE,TRUE
"catch",125,"2025-04-04",3,2.931,0.624,0.30335,0.14294,TRUE,TRUE
"catch",125,"2025-04-04",1,1.172,0.5884,0.47613,0.22448,TRUE,TRUE
"catch",125,"2025-04-04",0,1.172,0.2381,0.47613,0.22448,FALSE,TRUE
"catch",125,"2025-04-04",0,1.172,0.2381,0.47613,0.22448,FALSE,TRUE
"catch",125,"2025-04-04",2,1.172,0.7684,0.47613,0.22448,FALSE,TRUE
"catch",125,"2025-04-04",0,1.172,0.2381,0.47613,0.22448,FALSE,TRUE
"catch",125,"2025-04-04",5,2.345,0.8491,0.33796,0.16717,FALSE,TRUE
"catch",125,"2025-04-04",0,2.345,0.169,0.33796,0.16717,FALSE,TRUE
"catch",125,"2025-04-04",0,1.759,0.1951,0.39029,0.19591,FALSE,TRUE
"catch",125,"2025-04-04",0,1.172,0.2381,0.47613,0.22448,FALSE,TRUE
"catch",125,"2025-04-04",4,1.172,0.933,0.47613,0.22448,FALSE,TRUE
"catch",126,"2025-04-05",0,0.819,0.2795,0.55897,0.23211,TRUE,TRUE
"catch",126,"2025-04-05",0,1.228,0.2331,0.46614,0.222,FALSE,TRUE
"catch",126,"2025-04-05",2,2.456,0.5604,0.33074,0.16224,TRUE,TRUE
"catch",126,"2025-04-05",1,0.819,0.675,0.55897,0.23211,TRUE,TRUE
"catch",126,"2025-04-05",3,0.819,0.9318,0.55897,0.23211,FALSE,TRUE
"catch",126,"2025-04-05",0,2.456,0.1654,0.33074,0.16224,FALSE,TRUE
"catch",126,"2025-04-05",0,0.819,0.2795,0.55897,0.23211,TRUE,TRUE
"catch",126,"2025-04-05",0,0.819,0.2795,0.55897,0.23211,TRUE,TRUE
"catch",126,"2025-04-05",0,1.228,0.2331,0.46614,0.222,FALSE,TRUE
"catch",126,"2025-04-05",2,3.275,0.4792,0.28856,0.131,TRUE,TRUE
"catch",126,"2025-04-05",0,0.819,0.2795,0.55897,0.23211,TRUE,TRUE
"catch",126,"2025-04-05",0,1.638,0.2025,0.40492,0.20208,FALSE,TRUE
"catch",126,"2025-04-05",0,1.638,0.2025,0.40492,0.20208,FALSE,TRUE
"catch",126,"2025-04-05",4,3.275,0.6806,0.28856,0.131,TRUE,TRUE
"catch",126,"2025-04-05",0,0.819,0.2795,0.55897,0.23211,TRUE,TRUE
"catch",126,"2025-04-05",0,0.819,0.2795,0.55897,0.23211,TRUE,TRUE
"catch",126,"2025-04-05",2,2.866,0.5162,0.30702,0.14549,TRUE,TRUE
"catch",126,"2025-04-05",0,0.409,0.356,0.71209,0.20107,TRUE,TRUE
"catch",126,"2025-04-05",2,2.456,0.5604,0.33074,0.16224,TRUE,TRUE
"catch",126,"2025-04-05",1,0.819,0.675,0.55897,0.23211,TRUE,TRUE
"catch",126,"2025-04-05",3,1.638,0.7974,0.40492,0.20208,FALSE,TRUE
"catch",131,"2025-04-10",0,2.356,0.1692,0.33841,0.16711,FALSE,TRUE
"catch",131,"2025-04-10",0,0.785,0.2847,0.56944,0.23144,TRUE,TRUE
"catch",131,"2025-04-10",0,2.356,0.1692,0.33841,0.16711,FALSE,TRUE
"catch",131,"2025-04-10",1,1.571,0.5171,0.41434,0.20563,TRUE,TRUE
"catch",131,"2025-04-10",1,1.571,0.5171,0.41434,0.20563,TRUE,TRUE
"catch",131,"2025-04-10",8,3.141,0.9002,0.29479,0.13602,FALSE,TRUE
"catch",131,"2025-04-10",6,4.712,0.6968,0.24824,0.09455,TRUE,TRUE
"catch",131,"2025-04-10",4,1.571,0.8832,0.41434,0.20563,FALSE,TRUE
"catch",131,"2025-04-10",1,1.571,0.5171,0.41434,0.20563,TRUE,TRUE
"catch",131,"2025-04-10",2,0.785,0.8564,0.56944,0.23144,FALSE,TRUE
"catch",131,"2025-04-10",2,1.571,0.6912,0.41434,0.20563,TRUE,TRUE
"catch",131,"2025-04-10",1,1.571,0.5171,0.41434,0.20563,TRUE,TRUE
"catch",132,"2025-04-11",0,0.785,0.2847,0.56944,0.23144,TRUE,TRUE
"catch",132,"2025-04-11",0,3.926,0.1335,0.26709,0.11246,FALSE,TRUE
"catch",132,"2025-04-11",0,0.785,0.2847,0.56944,0.23144,TRUE,TRUE
"catch",132,"2025-04-11",0,3.926,0.1335,0.26709,0.11246,FALSE,TRUE
"catch",132,"2025-04-11",0,0.785,0.2847,0.56944,0.23144,TRUE,TRUE
"catch",132,"2025-04-11",2,3.926,0.4332,0.26709,0.11246,TRUE,TRUE
"catch",132,"2025-04-11",2,2.356,0.5738,0.33841,0.16711,TRUE,TRUE
"catch",132,"2025-04-11",8,1.571,0.9846,0.41434,0.20563,FALSE,FALSE
"catch",132,"2025-04-11",1,2.356,0.422,0.33841,0.16711,TRUE,TRUE
"catch",136,"2025-04-15",4,4.261,0.5916,0.25628,0.10279,TRUE,TRUE
"catch",136,"2025-04-15",0,2.131,0.1765,0.353,0.17697,FALSE,TRUE
"catch",136,"2025-04-15",1,2.131,0.4415,0.353,0.17697,TRUE,TRUE
"catch",136,"2025-04-15",3,4.261,0.5058,0.25628,0.10279,TRUE,TRUE
"catch",136,"2025-04-15",2,3.196,0.4835,0.29011,0.13289,TRUE,TRUE
"catch",136,"2025-04-15",1,1.065,0.6109,0.49648,0.22889,TRUE,TRUE
"catch",140,"2025-04-19",7,2.226,0.9368,0.34503,0.17219,FALSE,TRUE
"catch",140,"2025-04-19",8,2.968,0.9126,0.29999,0.14077,FALSE,TRUE
"catch",140,"2025-04-19",0,3.71,0.1356,0.27129,0.11669,FALSE,TRUE
"catch",140,"2025-04-19",1,2.968,0.3704,0.29999,0.14077,TRUE,TRUE
"catch",140,"2025-04-19",5,2.226,0.8618,0.34503,0.17219,FALSE,TRUE
"catch",140,"2025-04-19",1,2.968,0.3704,0.29999,0.14077,TRUE,TRUE
"catch",140,"2025-04-19",1,1.484,0.5281,0.42296,0.21018,TRUE,TRUE
"catch",140,"2025-04-19",9,2.968,0.9359,0.29999,0.14077,FALSE,TRUE
"catch",140,"2025-04-19",6,5.936,0.613,0.22722,0.07278,TRUE,TRUE
"catch",140,"2025-04-19",2,2.226,0.5868,0.34503,0.17219,TRUE,TRUE
"catch",140,"2025-04-19",0,1.484,0.2115,0.42296,0.21018,FALSE,TRUE
"catch",140,"2025-04-19",1,1.484,0.5281,0.42296,0.21018,TRUE,TRUE
"catch",140,"2025-04-19",0,3.71,0.1356,0.27129,0.11669,FALSE,TRUE
"catch",140,"2025-04-19",2,2.226,0.5868,0.34503,0.17219,TRUE,TRUE
"catch",140,"2025-04-19",0,1.484,0.2115,0.42296,0.21018,FALSE,TRUE
"catch",140,"2025-04-19",0,0.742,0.2901,0.58011,0.23232,TRUE,TRUE
"catch",140,"2025-04-19",0,1.484,0.2115,0.42296,0.21018,FALSE,TRUE
"catch",140,"2025-04-19",4,2.226,0.7981,0.34503,0.17219,FALSE,TRUE
"catch",140,"2025-04-19",2,1.484,0.7048,0.42296,0.21018,TRUE,TRUE
"catch",140,"2025-04-19",0,1.484,0.2115,0.42296,0.21018,FALSE,TRUE
"catch",140,"2025-04-19",0,1.484,0.2115,0.42296,0.21018,FALSE,TRUE
"catch",140,"2025-04-19",0,1.484,0.2115,0.42296,0.21018,FALSE,TRUE
"catch",140,"2025-04-19",0,2.968,0.15,0.29999,0.14077,FALSE,TRUE
"catch",140,"2025-04-19",4,1.484,0.8947,0.42296,0.21018,FALSE,TRUE
"catch",140,"2025-04-19",0,5.936,0.1136,0.22722,0.07278,FALSE,TRUE
"catch",140,"2025-04-19",6,1.484,0.9645,0.42296,0.21018,FALSE,TRUE
"catch",140,"2025-04-19",0,1.484,0.2115,0.42296,0.21018,FALSE,TRUE
"catch",140,"2025-04-19",3,5.936,0.4138,0.22722,0.07278,TRUE,TRUE
"catch",140,"2025-04-19",3,2.226,0.7085,0.34503,0.17219,TRUE,TRUE
"catch",140,"2025-04-19",0,2.226,0.1725,0.34503,0.17219,FALSE,TRUE
"catch",140,"2025-04-19",5,1.484,0.9385,0.42296,0.21018,FALSE,TRUE
"catch",140,"2025-04-19",5,1.484,0.9385,0.42296,0.21018,FALSE,TRUE
"catch",140,"2025-04-19",2,5.936,0.3382,0.22722,0.07278,TRUE,TRUE
"catch",140,"2025-04-19",0,2.968,0.15,0.29999,0.14077,FALSE,TRUE
"catch",140,"2025-04-19",0,1.484,0.2115,0.42296,0.21018,FALSE,TRUE
"catch",140,"2025-04-19",0,0.742,0.2901,0.58011,0.23232,TRUE,TRUE
"catch",140,"2025-04-19",1,1.484,0.5281,0.42296,0.21018,TRUE,TRUE
"catch",140,"2025-04-19",2,4.452,0.3987,0.25172,0.09829,TRUE,TRUE
"catch",140,"2025-04-19",0,1.484,0.2115,0.42296,0.21018,FALSE,TRUE
"catch",140,"2025-04-19",0,1.484,0.2115,0.42296,0.21018,FALSE,TRUE
"catch",140,"2025-04-19",6,1.484,0.9645,0.42296,0.21018,FALSE,TRUE
"catch",140,"2025-04-19",5,1.484,0.9385,0.42296,0.21018,FALSE,TRUE
"catch",140,"2025-04-19",4,2.968,0.7106,0.29999,0.14077,TRUE,TRUE
"catch",140,"2025-04-19",0,1.484,0.2115,0.42296,0.21018,FALSE,TRUE
"catch",140,"2025-04-19",5,2.968,0.7833,0.29999,0.14077,FALSE,TRUE
"catch",140,"2025-04-19",0,1.484,0.2115,0.42296,0.21018,FALSE,TRUE
"catch",140,"2025-04-19",7,2.968,0.8811,0.29999,0.14077,FALSE,TRUE
"catch",140,"2025-04-19",8,2.226,0.9575,0.34503,0.17219,FALSE,TRUE
"catch",140,"2025-04-19",0,2.968,0.15,0.29999,0.14077,FALSE,TRUE
"catch",140,"2025-04-19",10,5.936,0.7917,0.22722,0.07278,FALSE,TRUE
"catch",140,"2025-04-19",0,1.484,0.2115,0.42296,0.21018,FALSE,TRUE
"catch",140,"2025-04-19",0,0.742,0.2901,0.58011,0.23232,TRUE,TRUE
"catch",140,"2025-04-19",4,2.226,0.7981,0.34503,0.17219,FALSE,TRUE
"catch",140,"2025-04-19",0,1.484,0.2115,0.42296,0.21018,FALSE,TRUE
"catch",140,"2025-04-19",0,1.484,0.2115,0.42296,0.21018,FALSE,TRUE
"catch",140,"2025-04-19",0,3.71,0.1356,0.27129,0.11669,FALSE,TRUE
"catch",140,"2025-04-19",0,4.452,0.1259,0.25172,0.09829,FALSE,TRUE
"catch",140,"2025-04-19",8,5.936,0.7142,0.22722,0.07278,TRUE,TRUE
"catch",140,"2025-04-19",18,4.452,0.9786,0.25172,0.09829,FALSE,FALSE
"catch",140,"2025-04-19",0,1.484,0.2115,0.42296,0.21018,FALSE,TRUE
"catch",140,"2025-04-19",1,2.226,0.4311,0.34503,0.17219,TRUE,TRUE
"catch",140,"2025-04-19",1,1.484,0.5281,0.42296,0.21018,TRUE,TRUE
"catch",140,"2025-04-19",5,4.452,0.6502,0.25172,0.09829,TRUE,TRUE
"catch",140,"2025-04-19",3,1.484,0.8218,0.42296,0.21018,FALSE,TRUE
"catch",140,"2025-04-19",0,2.968,0.15,0.29999,0.14077,FALSE,TRUE
"catch",140,"2025-04-19",4,2.226,0.7981,0.34503,0.17219,FALSE,TRUE
"catch",140,"2025-04-19",8,3.71,0.8614,0.27129,0.11669,FALSE,TRUE
"catch",140,"2025-04-19",0,0.742,0.2901,0.58011,0.23232,TRUE,TRUE
"catch",144,"2025-04-23",6,4.725,0.6943,0.24704,0.09348,TRUE,TRUE
"catch",144,"2025-04-23",6,2.362,0.8939,0.33651,0.16633,FALSE,TRUE
"catch",144,"2025-04-23",0,1.181,0.2371,0.47426,0.2242,FALSE,TRUE
"catch",144,"2025-04-23",1,2.362,0.4197,0.33651,0.16633,TRUE,TRUE
"catch",144,"2025-04-23",5,3.544,0.7285,0.278,0.12235,TRUE,TRUE
"catch",145,"2025-04-24",8,2.362,0.9494,0.33651,0.16633,FALSE,TRUE
"catch",145,"2025-04-24",3,2.362,0.6916,0.33651,0.16633,TRUE,TRUE
"catch",145,"2025-04-24",2,3.544,0.4574,0.278,0.12235,TRUE,TRUE
"catch",145,"2025-04-24",0,1.181,0.2371,0.47426,0.2242,FALSE,TRUE
"catch",145,"2025-04-24",10,4.725,0.86,0.24704,0.09348,FALSE,TRUE
"catch",145,"2025-04-24",2,2.362,0.5712,0.33651,0.16633,TRUE,TRUE
"catch",145,"2025-04-24",6,2.362,0.8939,0.33651,0.16633,FALSE,TRUE
"catch",145,"2025-04-24",2,2.362,0.5712,0.33651,0.16633,TRUE,TRUE
"catch",145,"2025-04-24",5,2.362,0.8473,0.33651,0.16633,FALSE,TRUE
"catch",145,"2025-04-24",4,2.362,0.7818,0.33651,0.16633,FALSE,TRUE
"catch",146,"2025-04-25",7,2.362,0.9266,0.33651,0.16633,FALSE,TRUE
"catch",146,"2025-04-25",2,2.362,0.5712,0.33651,0.16633,TRUE,TRUE
"catch",146,"2025-04-25",0,2.362,0.1683,0.33651,0.16633,FALSE,TRUE
"catch",146,"2025-04-25",6,2.362,0.8939,0.33651,0.16633,FALSE,TRUE
"catch",146,"2025-04-25",5,2.362,0.8473,0.33651,0.16633,FALSE,TRUE
"catch",146,"2025-04-25",2,4.725,0.3873,0.24704,0.09348,TRUE,TRUE
"catch",146,"2025-04-25",0,1.181,0.2371,0.47426,0.2242,FALSE,TRUE
"catch",146,"2025-04-25",1,2.362,0.4197,0.33651,0.16633,TRUE,TRUE
"catch",146,"2025-04-25",0,1.181,0.2371,0.47426,0.2242,FALSE,TRUE
"catch",150,"2025-04-29",3,3.805,0.5399,0.26838,0.11421,TRUE,TRUE
"catch",150,"2025-04-29",0,1.522,0.2089,0.41783,0.20832,FALSE,TRUE
"catch",150,"2025-04-29",9,3.805,0.8865,0.26838,0.11421,FALSE,TRUE
"catch",150,"2025-04-29",3,2.283,0.701,0.34081,0.16967,TRUE,TRUE
"catch",150,"2025-04-29",3,3.044,0.6102,0.29651,0.13816,TRUE,TRUE
"catch",150,"2025-04-29",12,6.088,0.8424,0.22536,0.07085,FALSE,TRUE
"catch",150,"2025-04-29",0,1.522,0.2089,0.41783,0.20832,FALSE,TRUE
"catch",150,"2025-04-29",0,1.522,0.2089,0.41783,0.20832,FALSE,TRUE
"catch",150,"2025-04-29",2,1.522,0.698,0.41783,0.20832,TRUE,TRUE
"catch",151,"2025-04-30",9,3.044,0.9317,0.29651,0.13816,FALSE,TRUE
"catch",151,"2025-04-30",4,1.522,0.8898,0.41783,0.20832,FALSE,TRUE
"catch",151,"2025-04-30",3,3.044,0.6102,0.29651,0.13816,TRUE,TRUE
"catch",151,"2025-04-30",0,0.761,0.2872,0.5744,0.23263,TRUE,TRUE
"catch",151,"2025-04-30",0,0.761,0.2872,0.5744,0.23263,TRUE,TRUE
"catch",151,"2025-04-30",1,2.283,0.4256,0.34081,0.16967,TRUE,TRUE
"catch",151,"2025-04-30",0,1.522,0.2089,0.41783,0.20832,FALSE,TRUE
"catch",151,"2025-04-30",0,2.283,0.1704,0.34081,0.16967,FALSE,TRUE
"catch",151,"2025-04-30",2,2.283,0.5796,0.34081,0.16967,TRUE,TRUE
"catch",151,"2025-04-30",3,1.522,0.8157,0.41783,0.20832,FALSE,TRUE
"catch",151,"2025-04-30",12,3.044,0.9728,0.29651,0.13816,FALSE,TRUE
"catch",151,"2025-04-30",3,0.761,0.941,0.5744,0.23263,FALSE,TRUE
"catch",151,"2025-04-30",5,2.283,0.8558,0.34081,0.16967,FALSE,TRUE
"catch",151,"2025-04-30",2,3.044,0.4967,0.29651,0.13816,TRUE,TRUE
"catch",151,"2025-04-30",3,2.283,0.701,0.34081,0.16967,TRUE,TRUE
"catch",151,"2025-04-30",2,1.522,0.698,0.41783,0.20832,TRUE,TRUE
"catch",152,"2025-05-01",0,1.522,0.2089,0.41783,0.20832,FALSE,TRUE
"catch",152,"2025-05-01",4,3.044,0.7028,0.29651,0.13816,TRUE,TRUE
"catch",152,"2025-05-01",0,1.522,0.2089,0.41783,0.20832,FALSE,TRUE
"catch",152,"2025-05-01",1,1.522,0.522,0.41783,0.20832,TRUE,TRUE
"catch",152,"2025-05-01",1,2.283,0.4256,0.34081,0.16967,TRUE,TRUE
"catch",152,"2025-05-01",3,1.522,0.8157,0.41783,0.20832,FALSE,TRUE
"catch",152,"2025-05-01",2,3.044,0.4967,0.29651,0.13816,TRUE,TRUE
"catch",152,"2025-05-01",0,0.761,0.2872,0.5744,0.23263,TRUE,TRUE
"catch",152,"2025-05-01",3,3.044,0.6102,0.29651,0.13816,TRUE,TRUE
"catch",153,"2025-05-02",12,3.044,0.9728,0.29651,0.13816,FALSE,TRUE
"catch",153,"2025-05-02",2,1.522,0.698,0.41783,0.20832,TRUE,TRUE
"catch",153,"2025-05-02",1,3.044,0.3656,0.29651,0.13816,TRUE,TRUE
"catch",153,"2025-05-02",3,2.283,0.701,0.34081,0.16967,TRUE,TRUE
"catch",153,"2025-05-02",0,1.522,0.2089,0.41783,0.20832,FALSE,TRUE
"catch",153,"2025-05-02",0,1.522,0.2089,0.41783,0.20832,FALSE,TRUE
"catch",153,"2025-05-02",1,2.283,0.4256,0.34081,0.16967,TRUE,TRUE
"catch",153,"2025-05-02",1,2.283,0.4256,0.34081,0.16967,TRUE,TRUE
"catch",153,"2025-05-02",1,2.283,0.4256,0.34081,0.16967,TRUE,TRUE
"catch",153,"2025-05-02",0,2.283,0.1704,0.34081,0.16967,FALSE,TRUE
"catch",153,"2025-05-02",3,0.761,0.941,0.5744,0.23263,FALSE,TRUE
"catch",153,"2025-05-02",0,1.522,0.2089,0.41783,0.20832,FALSE,TRUE
"catch",153,"2025-05-02",0,1.522,0.2089,0.41783,0.20832,FALSE,TRUE
"catch",154,"2025-05-03",0,0.532,0.3281,0.65626,0.21956,TRUE,TRUE
"catch",154,"2025-05-03",0,0.532,0.3281,0.65626,0.21956,TRUE,TRUE
"catch",154,"2025-05-03",2,1.063,0.7918,0.49718,0.22883,FALSE,TRUE
"catch",154,"2025-05-03",0,1.063,0.2486,0.49718,0.22883,FALSE,TRUE
"catch",154,"2025-05-03",7,2.126,0.9433,0.35363,0.17718,FALSE,TRUE
"catch",154,"2025-05-03",0,1.595,0.2043,0.40867,0.20443,FALSE,TRUE
"catch",154,"2025-05-03",0,2.126,0.1768,0.35363,0.17718,FALSE,TRUE
"catch",154,"2025-05-03",0,2.126,0.1768,0.35363,0.17718,FALSE,TRUE
"catch",154,"2025-05-03",0,1.063,0.2486,0.49718,0.22883,FALSE,TRUE
"catch",154,"2025-05-03",1,1.595,0.5109,0.40867,0.20443,TRUE,TRUE
"catch",154,"2025-05-03",1,1.595,0.5109,0.40867,0.20443,TRUE,TRUE
"catch",154,"2025-05-03",0,0.532,0.3281,0.65626,0.21956,TRUE,TRUE
"catch",154,"2025-05-03",0,0.532,0.3281,0.65626,0.21956,TRUE,TRUE
"catch",154,"2025-05-03",1,1.595,0.5109,0.40867,0.20443,TRUE,TRUE
"catch",154,"2025-05-03",2,2.126,0.6011,0.35363,0.17718,TRUE,TRUE
"catch",154,"2025-05-03",0,0.532,0.3281,0.65626,0.21956,TRUE,TRUE
"catch",154,"2025-05-03",0,1.063,0.2486,0.49718,0.22883,FALSE,TRUE
"catch",154,"2025-05-03",0,0.532,0.3281,0.65626,0.21956,TRUE,TRUE
"catch",154,"2025-05-03",1,1.595,0.5109,0.40867,0.20443,TRUE,TRUE
"catch",154,"2025-05-03",1,2.126,0.4422,0.35363,0.17718,TRUE,TRUE
"catch",154,"2025-05-03",1,3.19,0.3572,0.29064,0.13319,TRUE,TRUE
"catch",154,"2025-05-03",0,0.532,0.3281,0.65626,0.21956,TRUE,TRUE
"catch",154,"2025-05-03",2,2.126,0.6011,0.35363,0.17718,TRUE,TRUE
"catch",154,"2025-05-03",2,1.063,0.7918,0.49718,0.22883,FALSE,TRUE
"catch",155,"2025-05-04",0,4.784,0.1226,0.24525,0.0918,FALSE,TRUE
"catch",155,"2025-05-04",2,1.063,0.7918,0.49718,0.22883,FALSE,TRUE
"catch",155,"2025-05-04",4,2.126,0.811,0.35363,0.17718,FALSE,TRUE
"catch",155,"2025-05-04",2,1.063,0.7918,0.49718,0.22883,FALSE,TRUE
"catch",155,"2025-05-04",0,1.063,0.2486,0.49718,0.22883,FALSE,TRUE
"catch",155,"2025-05-04",0,3.19,0.1453,0.29064,0.13319,FALSE,TRUE
"catch",155,"2025-05-04",3,3.721,0.5473,0.27139,0.11671,TRUE,TRUE
"catch",155,"2025-05-04",0,1.063,0.2486,0.49718,0.22883,FALSE,TRUE
"catch",155,"2025-05-04",2,4.253,0.4103,0.25672,0.10311,TRUE,TRUE
"catch",155,"2025-05-04",0,1.595,0.2043,0.40867,0.20443,FALSE,TRUE
"catch",155,"2025-05-04",0,1.595,0.2043,0.40867,0.20443,FALSE,TRUE
"catch",158,"2025-05-07",12,4.569,0.9126,0.25201,0.09807,FALSE,TRUE
"catch",158,"2025-05-07",2,1.142,0.7759,0.48441,0.22493,FALSE,TRUE
"catch",158,"2025-05-07",4,2.284,0.7926,0.34476,0.17066,FALSE,TRUE
"catch",158,"2025-05-07",2,2.284,0.5841,0.34476,0.17066,TRUE,TRUE
"catch",164,"2025-05-13",0,2.62,0.1592,0.3184,0.15468,FALSE,TRUE
"catch",164,"2025-05-13",1,2.62,0.3957,0.3184,0.15468,TRUE,TRUE
"catch",164,"2025-05-13",0,6.549,0.1102,0.22033,0.06521,FALSE,TRUE
"catch",164,"2025-05-13",4,2.62,0.7503,0.3184,0.15468,FALSE,TRUE
"catch",164,"2025-05-13",5,2.62,0.8198,0.3184,0.15468,FALSE,TRUE
"catch",164,"2025-05-13",0,5.239,0.1184,0.23685,0.08331,FALSE,TRUE
"catch",164,"2025-05-13",2,2.62,0.5393,0.3184,0.15468,TRUE,TRUE
"catch",164,"2025-05-13",0,2.62,0.1592,0.3184,0.15468,FALSE,TRUE
"catch",164,"2025-05-13",11,13.098,0.5446,0.18969,0.02759,TRUE,TRUE
"catch",164,"2025-05-13",6,2.62,0.871,0.3184,0.15468,FALSE,TRUE
"catch",164,"2025-05-13",6,2.62,0.871,0.3184,0.15468,FALSE,TRUE
"catch",164,"2025-05-13",6,2.62,0.871,0.3184,0.15468,FALSE,TRUE
"catch",164,"2025-05-13",6,2.62,0.871,0.3184,0.15468,FALSE,TRUE
"catch",164,"2025-05-13",10,5.239,0.8309,0.23685,0.08331,FALSE,TRUE
"catch",164,"2025-05-13",6,5.239,0.6569,0.23685,0.08331,TRUE,TRUE
"catch",164,"2025-05-13",6,2.62,0.871,0.3184,0.15468,FALSE,TRUE
"catch",165,"2025-05-14",6,2.62,0.871,0.3184,0.15468,FALSE,TRUE
"catch",165,"2025-05-14",0,2.62,0.1592,0.3184,0.15468,FALSE,TRUE
"catch",165,"2025-05-14",24,5.239,0.9881,0.23685,0.08331,FALSE,FALSE
"catch",165,"2025-05-14",8,5.239,0.7575,0.23685,0.08331,FALSE,TRUE
"catch",165,"2025-05-14",1,2.62,0.3957,0.3184,0.15468,TRUE,TRUE
"catch",165,"2025-05-14",0,1.31,0.2249,0.44984,0.21898,FALSE,TRUE
"catch",165,"2025-05-14",2,1.31,0.7391,0.44984,0.21898,TRUE,TRUE
"catch",165,"2025-05-14",2,2.62,0.5393,0.3184,0.15468,TRUE,TRUE
"catch",165,"2025-05-14",3,2.62,0.6579,0.3184,0.15468,TRUE,TRUE
"catch",165,"2025-05-14",4,2.62,0.7503,0.3184,0.15468,FALSE,TRUE
"catch",165,"2025-05-14",1,2.62,0.3957,0.3184,0.15468,TRUE,TRUE
"catch",165,"2025-05-14",12,5.239,0.883,0.23685,0.08331,FALSE,TRUE
"catch",165,"2025-05-14",6,15.717,0.3352,0.18523,0.0216,TRUE,TRUE
"catch",165,"2025-05-14",6,1.31,0.9749,0.44984,0.21898,FALSE,TRUE
"catch",165,"2025-05-14",6,1.31,0.9749,0.44984,0.21898,FALSE,TRUE
"catch",165,"2025-05-14",2,2.62,0.5393,0.3184,0.15468,TRUE,TRUE
"catch",165,"2025-05-14",2,2.62,0.5393,0.3184,0.15468,TRUE,TRUE
"catch",166,"2025-05-15",1,7.859,0.236,0.20962,0.05269,FALSE,TRUE
"catch",166,"2025-05-15",4,2.62,0.7503,0.3184,0.15468,FALSE,TRUE
"catch",166,"2025-05-15",1,2.62,0.3957,0.3184,0.15468,TRUE,TRUE
"catch",166,"2025-05-15",1,7.859,0.236,0.20962,0.05269,FALSE,TRUE
"catch",166,"2025-05-15",12,5.239,0.883,0.23685,0.08331,FALSE,TRUE
"catch",166,"2025-05-15",1,2.62,0.3957,0.3184,0.15468,TRUE,TRUE
"catch",166,"2025-05-15",1,1.31,0.5593,0.44984,0.21898,TRUE,TRUE
"catch",166,"2025-05-15",5,2.62,0.8198,0.3184,0.15468,FALSE,TRUE
"catch",167,"2025-05-16",6,2.62,0.871,0.3184,0.15468,FALSE,TRUE
"catch",167,"2025-05-16",3,2.62,0.6579,0.3184,0.15468,TRUE,TRUE
"catch",167,"2025-05-16",1,2.62,0.3957,0.3184,0.15468,TRUE,TRUE
"catch",167,"2025-05-16",0,1.31,0.2249,0.44984,0.21898,FALSE,TRUE
"catch",168,"2025-05-17",0,4.575,0.1247,0.2494,0.09598,FALSE,TRUE
"catch",168,"2025-05-17",1,2.745,0.3866,0.3118,0.14963,TRUE,TRUE
"catch",168,"2025-05-17",1,0.915,0.648,0.53176,0.23241,TRUE,TRUE
"catch",168,"2025-05-17",6,1.83,0.9392,0.38129,0.19214,FALSE,TRUE
"catch",168,"2025-05-17",1,2.745,0.3866,0.3118,0.14963,TRUE,TRUE
"catch",168,"2025-05-17",0,1.83,0.1906,0.38129,0.19214,FALSE,TRUE
"catch",168,"2025-05-17",1,2.745,0.3866,0.3118,0.14963,TRUE,TRUE
"catch",168,"2025-05-17",3,2.745,0.6434,0.3118,0.14963,TRUE,TRUE
"catch",168,"2025-05-17",4,3.66,0.6423,0.27327,0.11842,TRUE,TRUE
"catch",168,"2025-05-17",1,3.66,0.3325,0.27327,0.11842,TRUE,TRUE
"catch",168,"2025-05-17",1,1.83,0.4774,0.38129,0.19214,TRUE,TRUE
"catch",168,"2025-05-17",0,1.83,0.1906,0.38129,0.19214,FALSE,TRUE
"catch",168,"2025-05-17",1,2.745,0.3866,0.3118,0.14963,TRUE,TRUE
"catch",172,"2025-05-21",12,6.764,0.8104,0.21872,0.06323,FALSE,TRUE
"catch",172,"2025-05-21",1,1.127,0.5973,0.48404,0.22653,TRUE,TRUE
"catch",172,"2025-05-21",18,6.764,0.9211,0.21872,0.06323,FALSE,TRUE
"catch",173,"2025-05-22",0,1.127,0.242,0.48404,0.22653,FALSE,TRUE
"catch",173,"2025-05-22",6,2.255,0.9035,0.34364,0.1711,FALSE,TRUE
"catch",173,"2025-05-22",5,9.019,0.4272,0.20328,0.04489,TRUE,TRUE
"catch",173,"2025-05-22",12,3.382,0.9617,0.28319,0.12697,FALSE,TRUE
"catch",173,"2025-05-22",3,1.127,0.8819,0.48404,0.22653,FALSE,TRUE
"catch",173,"2025-05-22",0,2.255,0.1718,0.34364,0.1711,FALSE,TRUE
"catch",173,"2025-05-22",3,1.127,0.8819,0.48404,0.22653,FALSE,TRUE
"catch",173,"2025-05-22",8,6.764,0.6689,0.21872,0.06323,TRUE,TRUE
"catch",174,"2025-05-23",11,4.509,0.8966,0.25098,0.09752,FALSE,TRUE
"catch",174,"2025-05-23",6,2.255,0.9035,0.34364,0.1711,FALSE,TRUE
"catch",174,"2025-05-23",2,3.382,0.4688,0.28319,0.12697,TRUE,TRUE
"catch",174,"2025-05-23",0,1.127,0.242,0.48404,0.22653,FALSE,TRUE
"catch",174,"2025-05-23",0,4.509,0.1255,0.25098,0.09752,FALSE,TRUE
"catch",174,"2025-05-23",5,4.509,0.6469,0.25098,0.09752,TRUE,TRUE
"catch",174,"2025-05-23",10,4.509,0.8722,0.25098,0.09752,FALSE,TRUE
"catch",174,"2025-05-23",2,2.255,0.584,0.34364,0.1711,TRUE,TRUE
"catch",174,"2025-05-23",2,2.255,0.584,0.34364,0.1711,TRUE,TRUE
"catch",174,"2025-05-23",8,3.382,0.8843,0.28319,0.12697,FALSE,TRUE
"catch",174,"2025-05-23",0,5.637,0.1158,0.23151,0.07745,FALSE,TRUE
"catch",174,"2025-05-23",0,3.382,0.1416,0.28319,0.12697,FALSE,TRUE
"catch",174,"2025-05-23",1,2.255,0.4292,0.34364,0.1711,TRUE,TRUE
"catch",174,"2025-05-23",0,2.255,0.1718,0.34364,0.1711,FALSE,TRUE
"catch",175,"2025-05-24",5,5.816,0.5635,0.23026,0.07583,TRUE,TRUE
"catch",175,"2025-05-24",0,2.181,0.1757,0.35132,0.17497,FALSE,TRUE
"catch",175,"2025-05-24",0,0.727,0.2935,0.58695,0.23047,TRUE,TRUE
"catch",175,"2025-05-24",2,3.635,0.4524,0.2759,0.12021,TRUE,TRUE
"catch",175,"2025-05-24",0,1.454,0.215,0.43008,0.21139,FALSE,TRUE
"catch",175,"2025-05-24",0,0.727,0.2935,0.58695,0.23047,TRUE,TRUE
"catch",175,"2025-05-24",0,1.454,0.215,0.43008,0.21139,FALSE,TRUE
"catch",175,"2025-05-24",0,1.454,0.215,0.43008,0.21139,FALSE,TRUE
"catch",175,"2025-05-24",1,2.908,0.3775,0.30538,0.14415,TRUE,TRUE
"catch",175,"2025-05-24",0,1.454,0.215,0.43008,0.21139,FALSE,TRUE
"catch",175,"2025-05-24",3,4.362,0.5023,0.25569,0.10172,TRUE,TRUE
"catch",175,"2025-05-24",1,1.454,0.5358,0.43008,0.21139,TRUE,TRUE
"catch",175,"2025-05-24",1,0.727,0.7022,0.58695,0.23047,TRUE,TRUE
"catch",175,"2025-05-24",1,5.816,0.2682,0.23026,0.07583,TRUE,TRUE
"catch",175,"2025-05-24",2,1.454,0.7123,0.43008,0.21139,TRUE,TRUE
"catch",175,"2025-05-24",4,3.635,0.647,0.2759,0.12021,TRUE,TRUE
"catch",175,"2025-05-24",0,0.727,0.2935,0.58695,0.23047,TRUE,TRUE
"catch",175,"2025-05-24",1,1.454,0.5358,0.43008,0.21139,TRUE,TRUE
"catch",175,"2025-05-24",0,0.727,0.2935,0.58695,0.23047,TRUE,TRUE
"catch",175,"2025-05-24",9,2.908,0.938,0.30538,0.14415,FALSE,TRUE
"catch",175,"2025-05-24",0,0.727,0.2935,0.58695,0.23047,TRUE,TRUE
"catch",175,"2025-05-24",0,3.635,0.138,0.2759,0.12021,FALSE,TRUE
"catch",175,"2025-05-24",0,2.181,0.1757,0.35132,0.17497,FALSE,TRUE
"catch",175,"2025-05-24",2,0.727,0.8702,0.58695,0.23047,FALSE,TRUE
"catch",175,"2025-05-24",0,2.908,0.1527,0.30538,0.14415,FALSE,TRUE
"catch",175,"2025-05-24",0,2.908,0.1527,0.30538,0.14415,FALSE,TRUE
"catch",175,"2025-05-24",0,1.454,0.215,0.43008,0.21139,FALSE,TRUE
"catch",175,"2025-05-24",3,2.908,0.6275,0.30538,0.14415,TRUE,TRUE
"catch",175,"2025-05-24",9,2.908,0.938,0.30538,0.14415,FALSE,TRUE
"catch",186,"2025-06-04",1,1.875,0.4725,0.37755,0.18989,TRUE,TRUE
"catch",186,"2025-06-04",1,0.938,0.6427,0.5269,0.23166,TRUE,TRUE
"catch",187,"2025-06-05",2,1.875,0.6389,0.37755,0.18989,TRUE,TRUE
"catch",187,"2025-06-05",1,1.875,0.4725,0.37755,0.18989,TRUE,TRUE
"catch",187,"2025-06-05",9,3.75,0.8896,0.27112,0.11631,FALSE,TRUE
"catch",187,"2025-06-05",12,2.813,0.9786,0.309,0.1473,FALSE,FALSE
"catch",187,"2025-06-05",4,1.875,0.8436,0.37755,0.18989,FALSE,TRUE
"catch",187,"2025-06-05",6,1.875,0.9353,0.37755,0.18989,FALSE,TRUE
"catch",187,"2025-06-05",11,3.75,0.933,0.27112,0.11631,FALSE,TRUE
"catch",187,"2025-06-05",0,1.875,0.1888,0.37755,0.18989,FALSE,TRUE
"catch",187,"2025-06-05",0,0.938,0.2635,0.5269,0.23166,TRUE,TRUE
"catch",188,"2025-06-06",4,1.875,0.8436,0.37755,0.18989,FALSE,TRUE
"catch",188,"2025-06-06",8,3.75,0.8586,0.27112,0.11631,FALSE,TRUE
"catch",188,"2025-06-06",1,0.938,0.6427,0.5269,0.23166,TRUE,TRUE
"catch",188,"2025-06-06",1,1.875,0.4725,0.37755,0.18989,TRUE,TRUE
"catch",188,"2025-06-06",2,1.875,0.6389,0.37755,0.18989,TRUE,TRUE
"catch",188,"2025-06-06",0,0.938,0.2635,0.5269,0.23166,TRUE,TRUE
"catch",189,"2025-06-07",0,1.31,0.2258,0.45164,0.21845,FALSE,TRUE
"catch",189,"2025-06-07",0,1.31,0.2258,0.45164,0.21845,FALSE,TRUE
"catch",189,"2025-06-07",0,1.964,0.1846,0.36926,0.18533,FALSE,TRUE
"catch",189,"2025-06-07",0,1.31,0.2258,0.45164,0.21845,FALSE,TRUE
"catch",189,"2025-06-07",0,1.964,0.1846,0.36926,0.18533,FALSE,TRUE
"catch",189,"2025-06-07",0,1.964,0.1846,0.36926,0.18533,FALSE,TRUE
"catch",189,"2025-06-07",0,3.929,0.1331,0.26621,0.11167,FALSE,TRUE
"catch",189,"2025-06-07",6,2.619,0.8707,0.32021,0.15516,FALSE,TRUE
"catch",189,"2025-06-07",1,1.31,0.5609,0.45164,0.21845,TRUE,TRUE
"catch",189,"2025-06-07",0,1.31,0.2258,0.45164,0.21845,FALSE,TRUE
"catch",189,"2025-06-07",0,1.31,0.2258,0.45164,0.21845,FALSE,TRUE
"catch",189,"2025-06-07",0,0.655,0.3051,0.61026,0.22823,TRUE,TRUE
"catch",189,"2025-06-07",0,2.619,0.1601,0.32021,0.15516,FALSE,TRUE
"catch",189,"2025-06-07",0,2.619,0.1601,0.32021,0.15516,FALSE,TRUE
"catch",189,"2025-06-07",0,0.655,0.3051,0.61026,0.22823,TRUE,TRUE
"catch",189,"2025-06-07",0,5.238,0.1191,0.23813,0.08422,FALSE,TRUE
"catch",189,"2025-06-07",3,1.31,0.8512,0.45164,0.21845,FALSE,TRUE
"catch",189,"2025-06-07",0,1.31,0.2258,0.45164,0.21845,FALSE,TRUE
"catch",189,"2025-06-07",0,3.274,0.1442,0.2883,0.13085,FALSE,TRUE
"catch",189,"2025-06-07",5,1.31,0.9535,0.45164,0.21845,FALSE,TRUE
"catch",189,"2025-06-07",1,3.274,0.3537,0.2883,0.13085,TRUE,TRUE
"catch",189,"2025-06-07",0,1.31,0.2258,0.45164,0.21845,FALSE,TRUE
"catch",189,"2025-06-07",1,3.929,0.322,0.26621,0.11167,TRUE,TRUE
"catch",189,"2025-06-07",2,3.929,0.4313,0.26621,0.11167,TRUE,TRUE
"catch",189,"2025-06-07",0,0.655,0.3051,0.61026,0.22823,TRUE,TRUE
"catch",189,"2025-06-07",3,2.619,0.6595,0.32021,0.15516,TRUE,TRUE
"catch",189,"2025-06-07",4,3.274,0.6803,0.2883,0.13085,TRUE,TRUE
"catch",189,"2025-06-07",0,1.31,0.2258,0.45164,0.21845,FALSE,TRUE
"catch",189,"2025-06-07",3,3.929,0.5323,0.26621,0.11167,TRUE,TRUE
"catch",189,"2025-06-07",0,2.619,0.1601,0.32021,0.15516,FALSE,TRUE
"catch",202,"2025-06-20",10,5.36,0.8245,0.23625,0.08236,FALSE,TRUE
"catch",202,"2025-06-20",6,2.68,0.8654,0.31683,0.15287,FALSE,TRUE
"catch",202,"2025-06-20",0,4.02,0.1319,0.26375,0.10952,FALSE,TRUE
"catch",202,"2025-06-20",10,4.02,0.8992,0.26375,0.10952,FALSE,TRUE
"catch",202,"2025-06-20",4,8.04,0.4056,0.20931,0.05215,TRUE,TRUE
"catch",202,"2025-06-20",7,10.721,0.4708,0.19666,0.03655,TRUE,TRUE
"catch",202,"2025-06-20",0,5.36,0.1181,0.23625,0.08236,FALSE,TRUE
"catch",202,"2025-06-20",2,5.36,0.3609,0.23625,0.08236,TRUE,TRUE
"catch",202,"2025-06-20",5,5.36,0.5899,0.23625,0.08236,TRUE,TRUE
"catch",202,"2025-06-20",0,2.68,0.1584,0.31683,0.15287,FALSE,TRUE
"catch",202,"2025-06-20",3,2.68,0.6527,0.31683,0.15287,TRUE,TRUE
"catch",202,"2025-06-20",1,5.36,0.2774,0.23625,0.08236,TRUE,TRUE
"catch",202,"2025-06-20",1,1.34,0.5555,0.44691,0.21711,TRUE,TRUE
"catch",202,"2025-06-20",1,2.68,0.3933,0.31683,0.15287,TRUE,TRUE
"catch",202,"2025-06-20",7,5.36,0.705,0.23625,0.08236,TRUE,TRUE
"catch",202,"2025-06-20",0,1.34,0.2235,0.44691,0.21711,FALSE,TRUE
"catch",202,"2025-06-20",0,1.34,0.2235,0.44691,0.21711,FALSE,TRUE
"catch",203,"2025-06-21",0,7.479,0.1067,0.21339,0.05688,FALSE,TRUE
"catch",203,"2025-06-21",18,4.674,0.9733,0.24851,0.09478,FALSE,TRUE
"catch",203,"2025-06-21",4,3.739,0.6371,0.2721,0.11695,TRUE,TRUE
"catch",203,"2025-06-21",3,2.804,0.6383,0.31015,0.14787,TRUE,TRUE
"catch",203,"2025-06-21",12,3.739,0.948,0.2721,0.11695,FALSE,TRUE
"catch",203,"2025-06-21",8,2.804,0.9225,0.31015,0.14787,FALSE,TRUE
"catch",203,"2025-06-21",12,3.739,0.948,0.2721,0.11695,FALSE,TRUE
"catch",203,"2025-06-21",7,3.739,0.8206,0.2721,0.11695,FALSE,TRUE
"catch",203,"2025-06-21",0,0.935,0.2641,0.52824,0.23136,TRUE,TRUE
"catch",203,"2025-06-21",0,0.935,0.2641,0.52824,0.23136,TRUE,TRUE
"catch",203,"2025-06-21",2,1.87,0.6404,0.37888,0.19021,TRUE,TRUE
"catch",214,"2025-07-02",1,3.608,0.3389,0.27798,0.12176,TRUE,TRUE
"catch",214,"2025-07-02",0,0.902,0.2692,0.53834,0.23086,TRUE,TRUE
"catch",214,"2025-07-02",0,0.902,0.2692,0.53834,0.23086,TRUE,TRUE
"catch",214,"2025-07-02",0,1.804,0.1939,0.38787,0.19374,FALSE,TRUE
"catch",214,"2025-07-02",0,0.902,0.2692,0.53834,0.23086,TRUE,TRUE
"catch",214,"2025-07-02",3,3.608,0.5618,0.27798,0.12176,TRUE,TRUE
"catch",217,"2025-07-05",0,1.257,0.2314,0.46283,0.22028,FALSE,TRUE
"catch",217,"2025-07-05",6,1.886,0.9336,0.37919,0.18954,FALSE,TRUE
"catch",217,"2025-07-05",0,0.629,0.3105,0.62108,0.22554,TRUE,TRUE
"catch",217,"2025-07-05",0,0.629,0.3105,0.62108,0.22554,TRUE,TRUE
"catch",217,"2025-07-05",6,2.514,0.8799,0.32878,0.16033,FALSE,TRUE
"catch",217,"2025-07-05",1,1.257,0.573,0.46283,0.22028,TRUE,TRUE
"catch",217,"2025-07-05",1,1.257,0.573,0.46283,0.22028,TRUE,TRUE
"catch",217,"2025-07-05",1,2.514,0.4089,0.32878,0.16033,TRUE,TRUE
"catch",217,"2025-07-05",6,1.257,0.9764,0.46283,0.22028,FALSE,FALSE
"catch",217,"2025-07-05",0,1.257,0.2314,0.46283,0.22028,FALSE,TRUE
"catch",217,"2025-07-05",0,2.514,0.1644,0.32878,0.16033,FALSE,TRUE
"catch",217,"2025-07-05",0,1.886,0.1896,0.37919,0.18954,FALSE,TRUE
"catch",217,"2025-07-05",8,3.771,0.8571,0.27261,0.117,FALSE,TRUE
"catch",217,"2025-07-05",7,6.285,0.6515,0.22534,0.0703,TRUE,TRUE
"catch",217,"2025-07-05",3,1.257,0.86,0.46283,0.22028,FALSE,TRUE
"catch",217,"2025-07-05",1,1.257,0.573,0.46283,0.22028,TRUE,TRUE
"catch",217,"2025-07-05",0,2.514,0.1644,0.32878,0.16033,FALSE,TRUE
"catch",217,"2025-07-05",0,1.257,0.2314,0.46283,0.22028,FALSE,TRUE
"catch",217,"2025-07-05",0,1.886,0.1896,0.37919,0.18954,FALSE,TRUE
"catch",217,"2025-07-05",0,2.514,0.1644,0.32878,0.16033,FALSE,TRUE
"catch",217,"2025-07-05",0,1.257,0.2314,0.46283,0.22028,FALSE,TRUE
"catch",228,"2025-07-16",0,5.782,0.1151,0.23014,0.07582,FALSE,TRUE
"catch",228,"2025-07-16",2,4.626,0.3924,0.24921,0.09559,TRUE,TRUE
"catch",228,"2025-07-16",1,2.313,0.4246,0.34028,0.16863,TRUE,TRUE
"catch",228,"2025-07-16",0,3.469,0.1404,0.28081,0.12469,FALSE,TRUE
"catch",229,"2025-07-17",3,3.469,0.5708,0.28081,0.12469,TRUE,TRUE
"catch",229,"2025-07-17",7,4.626,0.7544,0.24921,0.09559,FALSE,TRUE
"catch",229,"2025-07-17",1,2.313,0.4246,0.34028,0.16863,TRUE,TRUE
"catch",229,"2025-07-17",7,4.626,0.7544,0.24921,0.09559,FALSE,TRUE
"catch",229,"2025-07-17",0,3.469,0.1404,0.28081,0.12469,FALSE,TRUE
"catch",229,"2025-07-17",1,2.313,0.4246,0.34028,0.16863,TRUE,TRUE
"catch",229,"2025-07-17",0,3.469,0.1404,0.28081,0.12469,FALSE,TRUE
"catch",229,"2025-07-17",2,3.469,0.4633,0.28081,0.12469,TRUE,TRUE
"catch",231,"2025-07-19",5,4.838,0.6239,0.24506,0.09133,TRUE,TRUE
"catch",231,"2025-07-19",1,0.806,0.6783,0.56217,0.23229,TRUE,TRUE
"catch",231,"2025-07-19",8,4.838,0.7843,0.24506,0.09133,FALSE,TRUE
"catch",231,"2025-07-19",11,3.225,0.9553,0.2902,0.13243,FALSE,TRUE
"catch",231,"2025-07-19",8,3.225,0.8948,0.2902,0.13243,FALSE,TRUE
"catch",231,"2025-07-19",10,2.419,0.9741,0.33281,0.16374,FALSE,TRUE
"catch",231,"2025-07-19",8,4.838,0.7843,0.24506,0.09133,FALSE,TRUE
"catch",231,"2025-07-19",12,3.225,0.9664,0.2902,0.13243,FALSE,TRUE
"catch",231,"2025-07-19",4,1.613,0.8778,0.40757,0.20338,FALSE,TRUE
"catch",231,"2025-07-19",0,0.806,0.2811,0.56217,0.23229,TRUE,TRUE
"catch",231,"2025-07-19",3,3.225,0.5935,0.2902,0.13243,TRUE,TRUE
"catch",231,"2025-07-19",0,1.613,0.2038,0.40757,0.20338,FALSE,TRUE
"catch",231,"2025-07-19",2,6.45,0.3252,0.22237,0.06718,TRUE,TRUE
"catch",231,"2025-07-19",3,3.225,0.5935,0.2902,0.13243,TRUE,TRUE
"catch",231,"2025-07-19",0,1.613,0.2038,0.40757,0.20338,FALSE,TRUE
"catch",231,"2025-07-19",1,1.613,0.5093,0.40757,0.20338,TRUE,TRUE
"catch",231,"2025-07-19",5,4.838,0.6239,0.24506,0.09133,TRUE,TRUE
"catch",231,"2025-07-19",0,2.419,0.1664,0.33281,0.16374,FALSE,TRUE
"catch",231,"2025-07-19",0,2.419,0.1664,0.33281,0.16374,FALSE,TRUE
"catch",234,"2025-07-22",0,1.178,0.2392,0.47838,0.22319,FALSE,TRUE
"catch",234,"2025-07-22",1,4.713,0.2976,0.24984,0.09559,TRUE,TRUE
"catch",234,"2025-07-22",0,4.713,0.1249,0.24984,0.09559,FALSE,TRUE
"catch",234,"2025-07-22",0,2.357,0.1703,0.34056,0.16751,FALSE,TRUE
"catch",234,"2025-07-22",12,2.357,0.9875,0.34056,0.16751,FALSE,FALSE
"catch",234,"2025-07-22",1,1.178,0.59,0.47838,0.22319,TRUE,TRUE
"catch",234,"2025-07-22",3,2.357,0.6953,0.34056,0.16751,TRUE,TRUE
"catch",234,"2025-07-22",0,2.357,0.1703,0.34056,0.16751,FALSE,TRUE
"catch",241,"2025-07-29",1,2.326,0.4219,0.33808,0.16763,TRUE,TRUE
"catch",241,"2025-07-29",0,2.326,0.169,0.33808,0.16763,FALSE,TRUE
"catch",241,"2025-07-29",5,2.326,0.851,0.33808,0.16763,FALSE,TRUE
"catch",241,"2025-07-29",0,2.326,0.169,0.33808,0.16763,FALSE,TRUE
"catch",241,"2025-07-29",10,2.326,0.9777,0.33808,0.16763,FALSE,FALSE
"catch",241,"2025-07-29",12,2.326,0.9897,0.33808,0.16763,FALSE,FALSE
"catch",241,"2025-07-29",6,4.653,0.6984,0.24784,0.09436,TRUE,TRUE
"catch",241,"2025-07-29",4,4.653,0.563,0.24784,0.09436,TRUE,TRUE
"catch",241,"2025-07-29",0,3.49,0.1395,0.27908,0.12344,FALSE,TRUE
"catch",242,"2025-07-30",3,2.326,0.6954,0.33808,0.16763,TRUE,TRUE
"catch",242,"2025-07-30",0,2.326,0.169,0.33808,0.16763,FALSE,TRUE
"catch",242,"2025-07-30",0,3.49,0.1395,0.27908,0.12344,FALSE,TRUE
"catch",242,"2025-07-30",1,3.49,0.3408,0.27908,0.12344,TRUE,TRUE
"catch",242,"2025-07-30",1,2.326,0.4219,0.33808,0.16763,TRUE,TRUE
"catch",242,"2025-07-30",0,1.163,0.2383,0.47669,0.2252,FALSE,TRUE
"catch",242,"2025-07-30",0,1.163,0.2383,0.47669,0.2252,FALSE,TRUE
"catch",242,"2025-07-30",0,3.49,0.1395,0.27908,0.12344,FALSE,TRUE
"catch",242,"2025-07-30",1,6.979,0.2471,0.2167,0.06086,FALSE,TRUE
"catch",242,"2025-07-30",12,4.653,0.9101,0.24784,0.09436,FALSE,TRUE
"catch",243,"2025-07-31",4,2.326,0.7857,0.33808,0.16763,FALSE,TRUE
"catch",243,"2025-07-31",4,5.816,0.4929,0.22903,0.07471,TRUE,TRUE
"catch",243,"2025-07-31",1,1.163,0.5893,0.47669,0.2252,TRUE,TRUE
"catch",243,"2025-07-31",3,2.326,0.6954,0.33808,0.16763,TRUE,TRUE
"catch",243,"2025-07-31",0,2.326,0.169,0.33808,0.16763,FALSE,TRUE
"catch",243,"2025-07-31",0,1.163,0.2383,0.47669,0.2252,FALSE,TRUE
"catch",243,"2025-07-31",0,1.163,0.2383,0.47669,0.2252,FALSE,TRUE
"catch",243,"2025-07-31",2,2.326,0.5744,0.33808,0.16763,TRUE,TRUE
"catch",243,"2025-07-31",0,3.49,0.1395,0.27908,0.12344,FALSE,TRUE
"catch",244,"2025-08-01",0,2.326,0.169,0.33808,0.16763,FALSE,TRUE
"catch",244,"2025-08-01",12,4.653,0.9101,0.24784,0.09436,FALSE,TRUE
"catch",244,"2025-08-01",0,2.326,0.169,0.33808,0.16763,FALSE,TRUE
"catch",244,"2025-08-01",3,4.653,0.4803,0.24784,0.09436,TRUE,TRUE
"catch",244,"2025-08-01",0,5.816,0.1145,0.22903,0.07471,FALSE,TRUE
"catch",244,"2025-08-01",0,2.326,0.169,0.33808,0.16763,FALSE,TRUE
"catch",244,"2025-08-01",0,2.326,0.169,0.33808,0.16763,FALSE,TRUE
"catch",244,"2025-08-01",0,1.163,0.2383,0.47669,0.2252,FALSE,TRUE
"catch",244,"2025-08-01",8,6.979,0.6573,0.2167,0.06086,TRUE,TRUE
"catch",245,"2025-08-02",0,2.436,0.1654,0.33077,0.16266,FALSE,TRUE
"catch",245,"2025-08-02",0,1.624,0.2026,0.40518,0.20278,FALSE,TRUE
"catch",245,"2025-08-02",3,1.624,0.7991,0.40518,0.20278,FALSE,TRUE
"catch",245,"2025-08-02",0,2.436,0.1654,0.33077,0.16266,FALSE,TRUE
"catch",245,"2025-08-02",0,2.436,0.1654,0.33077,0.16266,FALSE,TRUE
"catch",245,"2025-08-02",6,1.624,0.9546,0.40518,0.20278,FALSE,TRUE
"catch",245,"2025-08-02",0,1.624,0.2026,0.40518,0.20278,FALSE,TRUE
"catch",245,"2025-08-02",0,1.624,0.2026,0.40518,0.20278,FALSE,TRUE
"catch",245,"2025-08-02",0,1.624,0.2026,0.40518,0.20278,FALSE,TRUE
"catch",245,"2025-08-02",0,0.812,0.2799,0.55976,0.23279,TRUE,TRUE
"catch",245,"2025-08-02",5,2.436,0.8392,0.33077,0.16266,FALSE,TRUE
"catch",245,"2025-08-02",6,1.624,0.9546,0.40518,0.20278,FALSE,TRUE
"catch",245,"2025-08-02",0,0.812,0.2799,0.55976,0.23279,TRUE,TRUE
"catch",245,"2025-08-02",0,2.436,0.1654,0.33077,0.16266,FALSE,TRUE
"catch",245,"2025-08-02",2,1.624,0.6799,0.40518,0.20278,TRUE,TRUE
"catch",245,"2025-08-02",0,0.812,0.2799,0.55976,0.23279,TRUE,TRUE
"catch",245,"2025-08-02",11,1.624,0.9965,0.40518,0.20278,FALSE,FALSE
"catch",245,"2025-08-02",0,1.624,0.2026,0.40518,0.20278,FALSE,TRUE
"catch",245,"2025-08-02",0,3.248,0.1443,0.2885,0.13122,FALSE,TRUE
"catch",245,"2025-08-02",3,1.624,0.7991,0.40518,0.20278,FALSE,TRUE
"catch",245,"2025-08-02",0,0.812,0.2799,0.55976,0.23279,TRUE,TRUE
"catch",245,"2025-08-02",1,0.812,0.6762,0.55976,0.23279,TRUE,TRUE
"catch",245,"2025-08-02",0,1.624,0.2026,0.40518,0.20278,FALSE,TRUE
"catch",245,"2025-08-02",0,1.624,0.2026,0.40518,0.20278,FALSE,TRUE
"catch",245,"2025-08-02",0,0.812,0.2799,0.55976,0.23279,TRUE,TRUE
"catch",245,"2025-08-02",1,1.624,0.5066,0.40518,0.20278,TRUE,TRUE
"catch",245,"2025-08-02",1,1.624,0.5066,0.40518,0.20278,TRUE,TRUE
"catch",245,"2025-08-02",0,1.624,0.2026,0.40518,0.20278,FALSE,TRUE
"catch",245,"2025-08-02",5,2.436,0.8392,0.33077,0.16266,FALSE,TRUE
"catch",245,"2025-08-02",0,0.812,0.2799,0.55976,0.23279,TRUE,TRUE
"catch",245,"2025-08-02",0,1.624,0.2026,0.40518,0.20278,FALSE,TRUE
"catch",245,"2025-08-02",15,7.307,0.8561,0.21417,0.05782,FALSE,TRUE
"catch",245,"2025-08-02",4,0.812,0.9709,0.55976,0.23279,FALSE,TRUE
"catch",248,"2025-08-05",1,2.564,0.401,0.32242,0.15724,TRUE,TRUE
"catch",248,"2025-08-05",0,2.564,0.1612,0.32242,0.15724,FALSE,TRUE
"catch",248,"2025-08-05",3,2.564,0.6653,0.32242,0.15724,TRUE,TRUE
"catch",248,"2025-08-05",6,6.411,0.5876,0.22214,0.06716,TRUE,TRUE
"catch",248,"2025-08-05",0,2.564,0.1612,0.32242,0.15724,FALSE,TRUE
"catch",248,"2025-08-05",13,5.129,0.9074,0.23912,0.08556,FALSE,TRUE
"catch",248,"2025-08-05",2,3.847,0.4352,0.26764,0.11338,TRUE,TRUE
"catch",248,"2025-08-05",1,3.847,0.3243,0.26764,0.11338,TRUE,TRUE
"catch",248,"2025-08-05",12,5.129,0.8881,0.23912,0.08556,FALSE,TRUE
"catch",248,"2025-08-05",2,5.129,0.3684,0.23912,0.08556,TRUE,TRUE
"catch",248,"2025-08-05",0,2.564,0.1612,0.32242,0.15724,FALSE,TRUE
"catch",248,"2025-08-05",6,2.564,0.8759,0.32242,0.15724,FALSE,TRUE
"catch",248,"2025-08-05",7,7.693,0.5767,0.21109,0.05437,TRUE,TRUE
"catch",248,"2025-08-05",4,2.564,0.7572,0.32242,0.15724,FALSE,TRUE
"catch",248,"2025-08-05",4,1.282,0.9201,0.45523,0.22009,FALSE,TRUE
"catch",248,"2025-08-05",2,5.129,0.3684,0.23912,0.08556,TRUE,TRUE
"catch",248,"2025-08-05",1,2.564,0.401,0.32242,0.15724,TRUE,TRUE
"catch",248,"2025-08-05",9,5.129,0.8042,0.23912,0.08556,FALSE,TRUE
"catch",248,"2025-08-05",6,7.693,0.5264,0.21109,0.05437,TRUE,TRUE
"catch",248,"2025-08-05",15,10.258,0.7467,0.19789,0.03817,TRUE,TRUE
"catch",248,"2025-08-05",5,2.564,0.8257,0.32242,0.15724,FALSE,TRUE
"catch",248,"2025-08-05",3,2.564,0.6653,0.32242,0.15724,TRUE,TRUE
"catch",249,"2025-08-06",1,5.129,0.2819,0.23912,0.08556,TRUE,TRUE
"catch",249,"2025-08-06",3,8.976,0.325,0.20344,0.04511,TRUE,TRUE
"catch",249,"2025-08-06",0,2.564,0.1612,0.32242,0.15724,FALSE,TRUE
"catch",249,"2025-08-06",0,2.564,0.1612,0.32242,0.15724,FALSE,TRUE
"catch",249,"2025-08-06",12,5.129,0.8881,0.23912,0.08556,FALSE,TRUE
"catch",249,"2025-08-06",6,2.564,0.8759,0.32242,0.15724,FALSE,TRUE
"catch",249,"2025-08-06",12,5.129,0.8881,0.23912,0.08556,FALSE,TRUE
"catch",249,"2025-08-06",7,2.564,0.9121,0.32242,0.15724,FALSE,TRUE
"catch",249,"2025-08-06",5,2.564,0.8257,0.32242,0.15724,FALSE,TRUE
"catch",249,"2025-08-06",10,8.976,0.6473,0.20344,0.04511,TRUE,TRUE
"catch",256,"2025-08-13",7,2.354,0.9275,0.33623,0.16649,FALSE,TRUE
"catch",256,"2025-08-13",3,4.708,0.4772,0.24677,0.09336,TRUE,TRUE
"catch",256,"2025-08-13",0,1.177,0.2371,0.47421,0.22465,FALSE,TRUE
"catch",256,"2025-08-13",0,1.177,0.2371,0.47421,0.22465,FALSE,TRUE
"catch",256,"2025-08-13",1,2.354,0.4195,0.33623,0.16649,TRUE,TRUE
"catch",256,"2025-08-13",2,2.354,0.5712,0.33623,0.16649,TRUE,TRUE
"catch",256,"2025-08-13",3,2.354,0.692,0.33623,0.16649,TRUE,TRUE
"catch",256,"2025-08-13",36,14.124,0.9171,0.1879,0.02515,FALSE,TRUE
"catch",256,"2025-08-13",0,2.354,0.1681,0.33623,0.16649,FALSE,TRUE
"catch",256,"2025-08-13",5,4.708,0.6321,0.24677,0.09336,TRUE,TRUE
"catch",256,"2025-08-13",0,1.177,0.2371,0.47421,0.22465,FALSE,TRUE
"catch",256,"2025-08-13",7,3.531,0.8366,0.2777,0.12231,FALSE,TRUE
"catch",256,"2025-08-13",1,2.354,0.4195,0.33623,0.16649,TRUE,TRUE
"catch",256,"2025-08-13",3,1.177,0.8735,0.47421,0.22465,FALSE,TRUE
"catch",257,"2025-08-14",0,3.531,0.1389,0.2777,0.12231,FALSE,TRUE
"catch",257,"2025-08-14",0,1.177,0.2371,0.47421,0.22465,FALSE,TRUE
"catch",257,"2025-08-14",3,4.708,0.4772,0.24677,0.09336,TRUE,TRUE
"catch",257,"2025-08-14",0,1.177,0.2371,0.47421,0.22465,FALSE,TRUE
"catch",257,"2025-08-14",2,3.531,0.4572,0.2777,0.12231,TRUE,TRUE
"catch",257,"2025-08-14",6,1.177,0.9815,0.47421,0.22465,FALSE,FALSE
"catch",257,"2025-08-14",0,3.531,0.1389,0.2777,0.12231,FALSE,TRUE
"catch",257,"2025-08-14",15,4.708,0.9503,0.24677,0.09336,FALSE,TRUE
"catch",257,"2025-08-14",3,3.531,0.5638,0.2777,0.12231,TRUE,TRUE
"catch",257,"2025-08-14",0,1.177,0.2371,0.47421,0.22465,FALSE,TRUE
"catch",258,"2025-08-15",0,2.354,0.1681,0.33623,0.16649,FALSE,TRUE
"catch",258,"2025-08-15",2,2.354,0.5712,0.33623,0.16649,TRUE,TRUE
"catch",258,"2025-08-15",0,1.177,0.2371,0.47421,0.22465,FALSE,TRUE
"catch",258,"2025-08-15",0,2.354,0.1681,0.33623,0.16649,FALSE,TRUE
"catch",258,"2025-08-15",1,5.885,0.2651,0.22817,0.07383,TRUE,TRUE
"catch",258,"2025-08-15",0,2.354,0.1681,0.33623,0.16649,FALSE,TRUE
"catch",258,"2025-08-15",0,2.354,0.1681,0.33623,0.16649,FALSE,TRUE
"catch",258,"2025-08-15",1,3.531,0.3389,0.2777,0.12231,TRUE,TRUE
"catch",258,"2025-08-15",0,7.062,0.108,0.21599,0.0601,FALSE,TRUE
"catch",258,"2025-08-15",0,1.177,0.2371,0.47421,0.22465,FALSE,TRUE
"catch",258,"2025-08-15",0,1.177,0.2371,0.47421,0.22465,FALSE,TRUE
"catch",258,"2025-08-15",0,1.177,0.2371,0.47421,0.22465,FALSE,TRUE
"catch",258,"2025-08-15",3,4.708,0.4772,0.24677,0.09336,TRUE,TRUE
"catch",258,"2025-08-15",0,1.177,0.2371,0.47421,0.22465,FALSE,TRUE
"catch",258,"2025-08-15",0,1.177,0.2371,0.47421,0.22465,FALSE,TRUE
"catch",259,"2025-08-16",1,1.643,0.5039,0.40297,0.20185,TRUE,TRUE
"catch",259,"2025-08-16",4,0.822,0.97,0.55719,0.23275,FALSE,TRUE
"catch",259,"2025-08-16",1,0.822,0.6736,0.55719,0.23275,TRUE,TRUE
"catch",259,"2025-08-16",6,0.822,0.9944,0.55719,0.23275,FALSE,FALSE
"catch",259,"2025-08-16",3,1.643,0.7961,0.40297,0.20185,FALSE,TRUE
"catch",259,"2025-08-16",0,1.643,0.2015,0.40297,0.20185,FALSE,TRUE
"catch",259,"2025-08-16",0,1.643,0.2015,0.40297,0.20185,FALSE,TRUE
"catch",259,"2025-08-16",0,1.643,0.2015,0.40297,0.20185,FALSE,TRUE
"catch",259,"2025-08-16",3,1.643,0.7961,0.40297,0.20185,FALSE,TRUE
"catch",259,"2025-08-16",2,1.643,0.6767,0.40297,0.20185,TRUE,TRUE
"catch",259,"2025-08-16",0,1.643,0.2015,0.40297,0.20185,FALSE,TRUE
"catch",259,"2025-08-16",0,0.822,0.2786,0.55719,0.23275,TRUE,TRUE
"catch",259,"2025-08-16",5,1.643,0.9228,0.40297,0.20185,FALSE,TRUE
"catch",259,"2025-08-16",6,2.465,0.8848,0.329,0.16151,FALSE,TRUE
"catch",259,"2025-08-16",6,3.287,0.8105,0.28706,0.13008,FALSE,TRUE
"catch",259,"2025-08-16",2,2.465,0.558,0.329,0.16151,TRUE,TRUE
"catch",259,"2025-08-16",3,1.643,0.7961,0.40297,0.20185,FALSE,TRUE
"catch",259,"2025-08-16",4,0.822,0.97,0.55719,0.23275,FALSE,TRUE
"catch",262,"2025-08-19",0,1.829,0.1914,0.3827,0.19223,FALSE,TRUE
"catch",262,"2025-08-19",6,1.829,0.9389,0.3827,0.19223,FALSE,TRUE
"catch",262,"2025-08-19",10,8.229,0.6797,0.20809,0.05062,TRUE,TRUE
"catch",262,"2025-08-19",0,1.829,0.1914,0.3827,0.19223,FALSE,TRUE
"catch",262,"2025-08-19",0,3.657,0.1372,0.2744,0.11905,FALSE,TRUE
"catch",262,"2025-08-19",0,7.315,0.1072,0.21449,0.05819,FALSE,TRUE
"catch",262,"2025-08-19",7,3.657,0.8268,0.2744,0.11905,FALSE,TRUE
"catch",262,"2025-08-19",4,4.572,0.5704,0.25037,0.09666,TRUE,TRUE
"catch",262,"2025-08-19",7,3.657,0.8268,0.2744,0.11905,FALSE,TRUE
"catch",262,"2025-08-19",5,1.829,0.9038,0.3827,0.19223,FALSE,TRUE
"catch",262,"2025-08-19",0,3.657,0.1372,0.2744,0.11905,FALSE,TRUE
"catch",262,"2025-08-19",4,3.657,0.6439,0.2744,0.11905,TRUE,TRUE
"catch",262,"2025-08-19",3,2.743,0.6449,0.31309,0.15011,TRUE,TRUE
"catch",263,"2025-08-20",0,1.829,0.1914,0.3827,0.19223,FALSE,TRUE
"catch",263,"2025-08-20",0,1.829,0.1914,0.3827,0.19223,FALSE,TRUE
"catch",263,"2025-08-20",3,1.829,0.7673,0.3827,0.19223,FALSE,TRUE
"catch",263,"2025-08-20",0,1.829,0.1914,0.3827,0.19223,FALSE,TRUE
"catch",263,"2025-08-20",2,1.829,0.6464,0.3827,0.19223,TRUE,TRUE
"catch",263,"2025-08-20",0,1.829,0.1914,0.3827,0.19223,FALSE,TRUE
"catch",263,"2025-08-20",6,3.657,0.7785,0.2744,0.11905,FALSE,TRUE
"catch",263,"2025-08-20",1,1.829,0.4788,0.3827,0.19223,TRUE,TRUE
"catch",263,"2025-08-20",0,0.914,0.2665,0.53299,0.23184,TRUE,TRUE
"catch",263,"2025-08-20",4,3.657,0.6439,0.2744,0.11905,TRUE,TRUE
"catch",263,"2025-08-20",2,1.829,0.6464,0.3827,0.19223,TRUE,TRUE
"catch",263,"2025-08-20",4,3.657,0.6439,0.2744,0.11905,TRUE,TRUE
"catch",263,"2025-08-20",9,7.315,0.6841,0.21449,0.05819,TRUE,TRUE
"catch",263,"2025-08-20",0,3.657,0.1372,0.2744,0.11905,FALSE,TRUE
"catch",263,"2025-08-20",0,1.829,0.1914,0.3827,0.19223,FALSE,TRUE
"catch",263,"2025-08-20",0,1.829,0.1914,0.3827,0.19223,FALSE,TRUE
"catch",263,"2025-08-20",3,1.829,0.7673,0.3827,0.19223,FALSE,TRUE
"catch",263,"2025-08-20",7,3.657,0.8268,0.2744,0.11905,FALSE,TRUE
"catch",269,"2025-08-26",0,1.605,0.2037,0.40736,0.20375,FALSE,TRUE
"catch",269,"2025-08-26",0,2.408,0.1663,0.3325,0.16386,FALSE,TRUE
"catch",269,"2025-08-26",2,2.408,0.5644,0.3325,0.16386,TRUE,TRUE
"catch",269,"2025-08-26",0,0.803,0.2812,0.56231,0.23281,TRUE,TRUE
"catch",269,"2025-08-26",0,1.605,0.2037,0.40736,0.20375,FALSE,TRUE
"catch",269,"2025-08-26",0,3.211,0.1449,0.28988,0.1324,FALSE,TRUE
"catch",269,"2025-08-26",5,1.605,0.9267,0.40736,0.20375,FALSE,TRUE
"catch",269,"2025-08-26",0,4.013,0.1315,0.26299,0.10888,FALSE,TRUE
"catch",269,"2025-08-26",0,3.211,0.1449,0.28988,0.1324,FALSE,TRUE
"catch",269,"2025-08-26",10,3.211,0.9416,0.28988,0.1324,FALSE,TRUE
"catch",269,"2025-08-26",4,1.605,0.8788,0.40736,0.20375,FALSE,TRUE
"catch",269,"2025-08-26",0,1.605,0.2037,0.40736,0.20375,FALSE,TRUE
"catch",269,"2025-08-26",4,2.408,0.7756,0.3325,0.16386,FALSE,TRUE
"catch",269,"2025-08-26",3,3.211,0.5936,0.28988,0.1324,TRUE,TRUE
"catch",269,"2025-08-26",0,0.803,0.2812,0.56231,0.23281,TRUE,TRUE
"catch",269,"2025-08-26",0,1.605,0.2037,0.40736,0.20375,FALSE,TRUE
"catch",269,"2025-08-26",0,0.803,0.2812,0.56231,0.23281,TRUE,TRUE
"catch",269,"2025-08-26",3,3.211,0.5936,0.28988,0.1324,TRUE,TRUE
"catch",269,"2025-08-26",0,1.605,0.2037,0.40736,0.20375,FALSE,TRUE
"catch",269,"2025-08-26",0,1.605,0.2037,0.40736,0.20375,FALSE,TRUE
"catch",269,"2025-08-26",5,0.803,0.988,0.56231,0.23281,FALSE,FALSE
"catch",269,"2025-08-26",4,1.605,0.8788,0.40736,0.20375,FALSE,TRUE
"catch",269,"2025-08-26",12,3.211,0.9675,0.28988,0.1324,FALSE,TRUE
"catch",269,"2025-08-26",1,1.605,0.5092,0.40736,0.20375,TRUE,TRUE
"catch",269,"2025-08-26",0,1.605,0.2037,0.40736,0.20375,FALSE,TRUE
"catch",269,"2025-08-26",2,1.605,0.683,0.40736,0.20375,TRUE,TRUE
"catch",269,"2025-08-26",1,0.803,0.6787,0.56231,0.23281,TRUE,TRUE
"catch",269,"2025-08-26",0,1.605,0.2037,0.40736,0.20375,FALSE,TRUE
"catch",269,"2025-08-26",3,1.605,0.802,0.40736,0.20375,FALSE,TRUE
"catch",269,"2025-08-26",5,0.803,0.988,0.56231,0.23281,FALSE,FALSE
"catch",269,"2025-08-26",4,4.013,0.6117,0.26299,0.10888,TRUE,TRUE
"catch",269,"2025-08-26",2,0.803,0.852,0.56231,0.23281,FALSE,TRUE
"catch",269,"2025-08-26",0,1.605,0.2037,0.40736,0.20375,FALSE,TRUE
"catch",269,"2025-08-26",0,0.803,0.2812,0.56231,0.23281,TRUE,TRUE
"catch",269,"2025-08-26",0,1.605,0.2037,0.40736,0.20375,FALSE,TRUE
"catch",269,"2025-08-26",0,1.605,0.2037,0.40736,0.20375,FALSE,TRUE
"catch",271,"2025-08-28",1,6.421,0.2556,0.22215,0.06699,TRUE,TRUE
"catch",271,"2025-08-28",4,3.211,0.6855,0.28988,0.1324,TRUE,TRUE
"catch",271,"2025-08-28",6,1.605,0.956,0.40736,0.20375,FALSE,TRUE
"catch",271,"2025-08-28",0,1.605,0.2037,0.40736,0.20375,FALSE,TRUE
"catch",271,"2025-08-28",0,3.211,0.1449,0.28988,0.1324,FALSE,TRUE
"catch",271,"2025-08-28",9,3.211,0.922,0.28988,0.1324,FALSE,TRUE
"catch",271,"2025-08-28",6,1.605,0.956,0.40736,0.20375,FALSE,TRUE
"catch",272,"2025-08-29",0,2.408,0.1663,0.3325,0.16386,FALSE,TRUE
"catch",272,"2025-08-29",0,1.605,0.2037,0.40736,0.20375,FALSE,TRUE
"catch",272,"2025-08-29",1,1.605,0.5092,0.40736,0.20375,TRUE,TRUE
"catch",272,"2025-08-29",2,1.605,0.683,0.40736,0.20375,TRUE,TRUE
"catch",272,"2025-08-29",0,0.803,0.2812,0.56231,0.23281,TRUE,TRUE
"catch",272,"2025-08-29",0,1.605,0.2037,0.40736,0.20375,FALSE,TRUE
"catch",272,"2025-08-29",0,1.605,0.2037,0.40736,0.20375,FALSE,TRUE
"catch",272,"2025-08-29",0,2.408,0.1663,0.3325,0.16386,FALSE,TRUE
"catch",272,"2025-08-29",1,1.605,0.5092,0.40736,0.20375,TRUE,TRUE
"catch",272,"2025-08-29",0,1.605,0.2037,0.40736,0.20375,FALSE,TRUE
"catch",272,"2025-08-29",2,3.211,0.4825,0.28988,0.1324,TRUE,TRUE
"catch",272,"2025-08-29",0,2.408,0.1663,0.3325,0.16386,FALSE,TRUE
"catch",272,"2025-08-29",2,1.605,0.683,0.40736,0.20375,TRUE,TRUE
"catch",272,"2025-08-29",0,0.803,0.2812,0.56231,0.23281,TRUE,TRUE
"catch",272,"2025-08-29",0,1.605,0.2037,0.40736,0.20375,FALSE,TRUE
"catch",273,"2025-08-30",0,1.683,0.1992,0.39847,0.19961,FALSE,TRUE
"catch",273,"2025-08-30",0,1.122,0.2427,0.48548,0.22645,FALSE,TRUE
"catch",273,"2025-08-30",1,2.244,0.4307,0.34497,0.17149,TRUE,TRUE
"catch",273,"2025-08-30",0,1.122,0.2427,0.48548,0.22645,FALSE,TRUE
"catch",273,"2025-08-30",0,1.683,0.1992,0.39847,0.19961,FALSE,TRUE
"catch",273,"2025-08-30",6,2.805,0.8538,0.30938,0.14735,FALSE,TRUE
"catch",273,"2025-08-30",0,2.805,0.1547,0.30938,0.14735,FALSE,TRUE
"catch",273,"2025-08-30",1,2.244,0.4307,0.34497,0.17149,TRUE,TRUE
"catch",273,"2025-08-30",1,1.683,0.4983,0.39847,0.19961,TRUE,TRUE
"catch",273,"2025-08-30",0,1.683,0.1992,0.39847,0.19961,FALSE,TRUE
"catch",273,"2025-08-30",0,1.122,0.2427,0.48548,0.22645,FALSE,TRUE
"catch",273,"2025-08-30",0,1.683,0.1992,0.39847,0.19961,FALSE,TRUE
"catch",273,"2025-08-30",0,1.683,0.1992,0.39847,0.19961,FALSE,TRUE
"catch",273,"2025-08-30",0,2.244,0.1725,0.34497,0.17149,FALSE,TRUE
"catch",273,"2025-08-30",1,2.244,0.4307,0.34497,0.17149,TRUE,TRUE
"catch",273,"2025-08-30",0,1.122,0.2427,0.48548,0.22645,FALSE,TRUE
"catch",273,"2025-08-30",0,0.561,0.3223,0.64468,0.2221,TRUE,TRUE
"catch",273,"2025-08-30",0,4.488,0.126,0.25194,0.09812,FALSE,TRUE
"catch",273,"2025-08-30",5,1.683,0.9188,0.39847,0.19961,FALSE,TRUE
"catch",273,"2025-08-30",0,0.561,0.3223,0.64468,0.2221,TRUE,TRUE
"catch",273,"2025-08-30",4,1.122,0.939,0.48548,0.22645,FALSE,TRUE
"catch",275,"2025-09-01",0,2.143,0.1772,0.35444,0.1768,FALSE,TRUE
"catch",275,"2025-09-01",0,1.429,0.2169,0.43384,0.21264,FALSE,TRUE
"catch",275,"2025-09-01",10,3.572,0.9227,0.27805,0.12208,FALSE,TRUE
"catch",275,"2025-09-01",1,3.572,0.3391,0.27805,0.12208,TRUE,TRUE
"catch",275,"2025-09-01",5,1.429,0.9427,0.43384,0.21264,FALSE,TRUE
"catch",275,"2025-09-01",1,2.143,0.4428,0.35444,0.1768,TRUE,TRUE
"catch",275,"2025-09-01",0,0.714,0.2955,0.59102,0.23008,TRUE,TRUE
"catch",275,"2025-09-01",0,2.858,0.154,0.30795,0.14609,FALSE,TRUE
"catch",275,"2025-09-01",0,1.429,0.2169,0.43384,0.21264,FALSE,TRUE
"catch",275,"2025-09-01",5,2.143,0.8706,0.35444,0.1768,FALSE,TRUE
"catch",275,"2025-09-01",0,1.429,0.2169,0.43384,0.21264,FALSE,TRUE
"catch",275,"2025-09-01",0,0.714,0.2955,0.59102,0.23008,TRUE,TRUE
"catch",275,"2025-09-01",0,2.143,0.1772,0.35444,0.1768,FALSE,TRUE
"catch",275,"2025-09-01",0,1.429,0.2169,0.43384,0.21264,FALSE,TRUE
"catch",275,"2025-09-01",3,2.858,0.6331,0.30795,0.14609,TRUE,TRUE
"catch",275,"2025-09-01",0,2.858,0.154,0.30795,0.14609,FALSE,TRUE
"catch",275,"2025-09-01",0,1.429,0.2169,0.43384,0.21264,FALSE,TRUE
"catch",275,"2025-09-01",0,1.429,0.2169,0.43384,0.21264,FALSE,TRUE
"catch",275,"2025-09-01",0,1.429,0.2169,0.43384,0.21264,FALSE,TRUE
"catch",277,"2025-09-03",6,2.211,0.9075,0.34645,0.17305,FALSE,TRUE
"catch",277,"2025-09-03",8,4.422,0.8119,0.25251,0.09911,FALSE,TRUE
"catch",277,"2025-09-03",6,2.211,0.9075,0.34645,0.17305,FALSE,TRUE
"catch",277,"2025-09-03",0,1.105,0.244,0.48796,0.22754,FALSE,TRUE
"catch",277,"2025-09-03",6,4.422,0.7157,0.25251,0.09911,TRUE,TRUE
"catch",277,"2025-09-03",4,4.422,0.5793,0.25251,0.09911,TRUE,TRUE
"catch",277,"2025-09-03",11,4.422,0.9012,0.25251,0.09911,FALSE,TRUE
"catch",277,"2025-09-03",0,2.211,0.1732,0.34645,0.17305,FALSE,TRUE
"catch",278,"2025-09-04",18,6.632,0.9253,0.21969,0.06438,FALSE,TRUE
"catch",278,"2025-09-04",1,7.738,0.2375,0.2106,0.05379,FALSE,TRUE
"catch",278,"2025-09-04",6,2.211,0.9075,0.34645,0.17305,FALSE,TRUE
"catch",278,"2025-09-04",4,4.422,0.5793,0.25251,0.09911,TRUE,TRUE
"catch",278,"2025-09-04",3,3.316,0.583,0.28522,0.12882,TRUE,TRUE
"catch",278,"2025-09-04",3,4.422,0.4947,0.25251,0.09911,TRUE,TRUE
"catch",278,"2025-09-04",0,2.211,0.1732,0.34645,0.17305,FALSE,TRUE
"catch",278,"2025-09-04",2,3.316,0.4733,0.28522,0.12882,TRUE,TRUE
"catch",278,"2025-09-04",18,6.632,0.9253,0.21969,0.06438,FALSE,TRUE
"catch",278,"2025-09-04",2,6.632,0.3185,0.21969,0.06438,TRUE,TRUE
"catch",278,"2025-09-04",0,3.316,0.1426,0.28522,0.12882,FALSE,TRUE
"catch",278,"2025-09-04",0,2.211,0.1732,0.34645,0.17305,FALSE,TRUE
"catch",278,"2025-09-04",2,2.211,0.5892,0.34645,0.17305,TRUE,TRUE
"catch",280,"2025-09-06",0,1.543,0.2077,0.41534,0.20705,FALSE,TRUE
"catch",280,"2025-09-06",0,3.087,0.1475,0.29505,0.13669,FALSE,TRUE
"catch",280,"2025-09-06",0,4.63,0.1242,0.24832,0.09482,FALSE,TRUE
"catch",280,"2025-09-06",0,1.543,0.2077,0.41534,0.20705,FALSE,TRUE
"catch",280,"2025-09-06",0,0.772,0.2857,0.57141,0.23256,TRUE,TRUE
"catch",280,"2025-09-06",7,3.087,0.8716,0.29505,0.13669,FALSE,TRUE
"catch",280,"2025-09-06",18,4.63,0.9751,0.24832,0.09482,FALSE,FALSE
"catch",280,"2025-09-06",1,2.315,0.423,0.33891,0.16813,TRUE,TRUE
"catch",280,"2025-09-06",0,1.543,0.2077,0.41534,0.20705,FALSE,TRUE
"catch",280,"2025-09-06",10,4.63,0.8653,0.24832,0.09482,FALSE,TRUE
"catch",280,"2025-09-06",6,3.087,0.8283,0.29505,0.13669,FALSE,TRUE
"catch",280,"2025-09-06",2,1.543,0.6942,0.41534,0.20705,TRUE,TRUE
"catch",280,"2025-09-06",3,1.543,0.8122,0.41534,0.20705,FALSE,TRUE
"catch",280,"2025-09-06",0,0.772,0.2857,0.57141,0.23256,TRUE,TRUE
"catch",280,"2025-09-06",3,2.315,0.6969,0.33891,0.16813,TRUE,TRUE
"catch",280,"2025-09-06",0,3.087,0.1475,0.29505,0.13669,FALSE,TRUE
"catch",280,"2025-09-06",18,9.26,0.8419,0.20209,0.04336,FALSE,TRUE
"catch",280,"2025-09-06",2,3.858,0.4341,0.26723,0.11288,TRUE,TRUE
"catch",280,"2025-09-06",0,0.772,0.2857,0.57141,0.23256,TRUE,TRUE
"catch",283,"2025-09-09",5,3.047,0.7755,0.29643,0.13803,FALSE,TRUE
"catch",283,"2025-09-09",12,6.095,0.8421,0.22535,0.07079,FALSE,TRUE
"catch",283,"2025-09-09",5,3.047,0.7755,0.29643,0.13803,FALSE,TRUE
"catch",283,"2025-09-09",2,4.571,0.3929,0.24921,0.09589,TRUE,TRUE
"catch",283,"2025-09-09",8,3.047,0.9073,0.29643,0.13803,FALSE,TRUE
"catch",283,"2025-09-09",6,3.047,0.8319,0.29643,0.13803,FALSE,TRUE
"catch",283,"2025-09-09",6,6.095,0.6043,0.22535,0.07079,TRUE,TRUE
"catch",283,"2025-09-09",0,3.047,0.1482,0.29643,0.13803,FALSE,TRUE
"catch",283,"2025-09-09",6,4.571,0.7043,0.24921,0.09589,TRUE,TRUE
"catch",283,"2025-09-09",18,7.618,0.8951,0.2114,0.05476,FALSE,TRUE
"catch",283,"2025-09-09",6,3.047,0.8319,0.29643,0.13803,FALSE,TRUE
"catch",283,"2025-09-09",9,6.095,0.747,0.22535,0.07079,TRUE,TRUE
"catch",284,"2025-09-10",1,1.524,0.5218,0.41765,0.20821,TRUE,TRUE
"catch",284,"2025-09-10",6,10.666,0.427,0.19628,0.03613,TRUE,TRUE
"catch",284,"2025-09-10",2,1.524,0.6977,0.41765,0.20821,TRUE,TRUE
"catch",284,"2025-09-10",1,9.142,0.2244,0.20244,0.04388,FALSE,TRUE
"catch",284,"2025-09-10",6,3.047,0.8319,0.29643,0.13803,FALSE,TRUE
"catch",284,"2025-09-10",1,1.524,0.5218,0.41765,0.20821,TRUE,TRUE
"catch",285,"2025-09-11",6,3.047,0.8319,0.29643,0.13803,FALSE,TRUE
"catch",285,"2025-09-11",12,6.095,0.8421,0.22535,0.07079,FALSE,TRUE
"catch",285,"2025-09-11",2,3.047,0.4964,0.29643,0.13803,TRUE,TRUE
"catch",285,"2025-09-11",5,3.047,0.7755,0.29643,0.13803,FALSE,TRUE
"catch",285,"2025-09-11",0,3.047,0.1482,0.29643,0.13803,FALSE,TRUE
"catch",285,"2025-09-11",9,7.618,0.6678,0.2114,0.05476,TRUE,TRUE
"catch",285,"2025-09-11",4,3.047,0.7024,0.29643,0.13803,TRUE,TRUE
"catch",285,"2025-09-11",5,3.047,0.7755,0.29643,0.13803,FALSE,TRUE
"catch",286,"2025-09-12",6,3.047,0.8319,0.29643,0.13803,FALSE,TRUE
"catch",286,"2025-09-12",4,6.095,0.4784,0.22535,0.07079,TRUE,TRUE
"catch",286,"2025-09-12",6,6.095,0.6043,0.22535,0.07079,TRUE,TRUE
"catch",286,"2025-09-12",0,1.524,0.2088,0.41765,0.20821,FALSE,TRUE
"catch",286,"2025-09-12",6,7.618,0.5287,0.2114,0.05476,TRUE,TRUE
"catch",286,"2025-09-12",0,3.047,0.1482,0.29643,0.13803,FALSE,TRUE
"catch",286,"2025-09-12",0,1.524,0.2088,0.41765,0.20821,FALSE,TRUE
"catch",286,"2025-09-12",6,1.524,0.9617,0.41765,0.20821,FALSE,TRUE
"catch",287,"2025-09-13",2,2.127,0.6007,0.35341,0.17707,TRUE,TRUE
"catch",287,"2025-09-13",6,2.127,0.9148,0.35341,0.17707,FALSE,TRUE
"catch",287,"2025-09-13",0,2.127,0.1767,0.35341,0.17707,FALSE,TRUE
"catch",287,"2025-09-13",3,2.127,0.7227,0.35341,0.17707,TRUE,TRUE
"catch",287,"2025-09-13",3,2.127,0.7227,0.35341,0.17707,TRUE,TRUE
"catch",287,"2025-09-13",0,2.127,0.1767,0.35341,0.17707,FALSE,TRUE
"catch",287,"2025-09-13",1,3.19,0.357,0.29048,0.13304,TRUE,TRUE
"catch",287,"2025-09-13",1,2.127,0.442,0.35341,0.17707,TRUE,TRUE
"catch",287,"2025-09-13",1,3.19,0.357,0.29048,0.13304,TRUE,TRUE
"catch",287,"2025-09-13",5,2.127,0.8725,0.35341,0.17707,FALSE,TRUE
"catch",287,"2025-09-13",0,1.063,0.2485,0.49693,0.22888,FALSE,TRUE
"catch",287,"2025-09-13",7,4.254,0.7807,0.2566,0.10296,FALSE,TRUE
"catch",287,"2025-09-13",0,6.38,0.1112,0.22239,0.06736,FALSE,TRUE
"catch",287,"2025-09-13",5,2.127,0.8725,0.35341,0.17707,FALSE,TRUE
"catch",287,"2025-09-13",0,4.254,0.1283,0.2566,0.10296,FALSE,TRUE
"catch",287,"2025-09-13",0,4.254,0.1283,0.2566,0.10296,FALSE,TRUE
"catch",287,"2025-09-13",18,5.317,0.9604,0.23599,0.08219,FALSE,TRUE
"catch",287,"2025-09-13",0,2.127,0.1767,0.35341,0.17707,FALSE,TRUE
"catch",287,"2025-09-13",0,1.063,0.2485,0.49693,0.22888,FALSE,TRUE
"catch",287,"2025-09-13",0,1.063,0.2485,0.49693,0.22888,FALSE,TRUE
"catch",287,"2025-09-13",1,4.254,0.3081,0.2566,0.10296,TRUE,TRUE
"catch",287,"2025-09-13",6,2.127,0.9148,0.35341,0.17707,FALSE,TRUE
