"Mode","PE_Catch","PE_Effort"
"Shore (Dock/Jetty/Beach)",19767.0454534796,53567.6608429536
"Private Boat",22823.4945783359,12469.7507099391
"Commercial/Charter",12007.1197463768,282.811594202899
"PORT TOTAL",54597.6597781923,66320.2231470957
