"chain","n_iter","divergent","mean_accept_stat","mean_treedepth","max_treedepth","mean_n_leapfrog","mean_stepsize","ebfmi","ebfmi_low_flag"
1,2000,6,0.959100079279862,6.2825,7,89.071,0.0492268785402654,1.0077553775557,FALSE
2,2000,0,0.970554436291306,6,6,63.128,0.0512391551333579,0.949597921450506,FALSE
3,2000,4,0.949135147517093,5.9975,6,62.9575,0.0638605473801565,0.975864428995341,FALSE
4,2000,2,0.938825520485665,5.999,6,62.9935,0.0665151764632864,1.05875187276197,FALSE
