"","mean","se_mean","sd","2.5%","25%","50%","75%","97.5%","n_eff","Rhat"
"C_sum",6810.12,8.83113660633683,664.993943649751,5613.95,6341,6780,7232,8180.025,5670.24957211186,0.999874651764041
"C_expected_sum",6810.08544473106,8.96627572906216,661.208365168259,5627.84522215919,6351.38466683097,6775.34516475662,7234.04271219107,8180.03114994968,5438.1664789288,0.99980841834544
"E_sum",11258.407188873,18.3738977658118,975.691330651974,9513.83657311502,10572.949776463,11195.5291673643,11900.1249466076,13256.3150691813,2819.82593851947,0.999845401030108
"B1",0.475458925016397,0.00364382863791293,0.164776810958362,0.152874907466045,0.363218709354256,0.471513745991226,0.583350375668375,0.801134514355557,2044.91988116871,1.00145287767048
"B2",0.137839083505469,0.00849327931717927,0.529404716083616,-0.8171089097855,-0.232670544052872,0.112784800205363,0.47244219602629,1.25843465294042,3885.30214448826,0.999957699276153
"B1_C_out",-0.295959219138622,0.00178550317349439,0.100394148376104,-0.489994286394083,-0.363782227853702,-0.29605865711773,-0.228559938817902,-0.101326248460389,3161.51718774576,1.00032360435751
"sigma_IE_out",0.156310721771105,0.00301437737262936,0.142387268567731,0.00928041895323946,0.0540004637395567,0.115540192552691,0.214929185032848,0.528738771702086,2231.24405214586,1.00363424528151
