"Mode","PE_Catch","PE_Effort"
"Shore (Dock/Jetty/Beach)",21533.2564333598,22589.7888888889
"Private Boat",47047.2933194323,15587.1883874239
"Commercial/Charter",11985.6830227743,282.811594202899
"PORT TOTAL",80566.2327755665,38459.7888705157
