"","mean","se_mean","sd","2.5%","25%","50%","75%","97.5%","n_eff","Rhat"
"C_sum",19693.745125,12.3233146287072,1184.84902585329,17500.925,18867.75,19641.5,20457,22145.175,9244.2345963759,0.999647782269568
"E_sum",53860.9953728902,24.6472118687166,2344.65907339798,49466.9181627086,52240.6725180913,53768.1925716332,55397.5975229696,58600.8914449418,9049.4838419666,0.999979022883505
"C_sum_gear[1]",19693.745125,12.3233146287072,1184.84902585329,17500.925,18867.75,19641.5,20457,22145.175,9244.2345963759,0.999647782269568
"B1",0.764630395288139,0.00068137679541211,0.0701201999631708,0.628033041287473,0.717546272244726,0.763890101017882,0.811936941418403,0.903715748400215,10590.3816937049,0.999895791439146
"B2",0.397941588292735,0.00200307014284533,0.196417025352526,0.02874187190415,0.26175292435769,0.393227689926554,0.530506963015073,0.79774720257065,9615.36874843485,1.00048984615378
"r_C_gear_out[1]",0.751725660158916,0.000404763523955411,0.0438242673280398,0.669769167388776,0.721641567413555,0.75001665413268,0.781405515044691,0.841610236021659,11722.671406063,1.00015925928627
"sigma_eps_C_gear_out[1]",0.363951168539791,0.0023141737464971,0.114333225257304,0.204165138481853,0.283163634908627,0.344022410304241,0.418700189903869,0.645433304678711,2440.91684709205,1.00048093535043
