"stream","n_obs","elpd_loo","se_elpd_loo","p_loo","n_pareto_k_gt_0.7","sum_lpd"
"gear",311,-1393.43246039009,16.7230654440759,11.2867173546725,0,-1382.15
"catch",1649,-3227.7326303767,50.2540266493438,10.726044815307,0,-3217.01
