"stream","n_obs","elpd_loo","se_elpd_loo","p_loo","n_pareto_k_gt_0.7","sum_lpd"
"gear",311,-1393.47706660273,16.7163857751401,11.28731099722,0,-1382.19
"catch",1651,-3233.99809337484,50.360201548094,10.838064138378,0,-3223.16
