"data_type","coverage_50","coverage_95","pit_mean","pit_sd","n","n_obs"
"gear",0.576923076923077,0.980769230769231,0.522836538461538,0.264423058069381,52,52
"catch",0.66347687400319,0.977671451355662,0.501555023923445,0.283554138470187,627,627
