"","mean","se_mean","sd","2.5%","25%","50%","75%","97.5%","n_eff","Rhat"
"C_sum",19146.3541,21.6919847801002,1386.01606194358,16691,18219,19009,19936,22263.125,4082.61046269501,1.00412099108246
"C_expected_sum",19147.1173754667,21.5770496720523,1379.46104880998,16733.2176387636,18236.0180923972,19000.2682585603,19931.7667966104,22243.6088782254,4087.28349321074,1.00399590166011
"E_sum",55490.5517187326,262.447152816183,3452.7205877034,49758.4039209521,53128.6778629357,54938.8039347718,57533.1015013256,63432.8099021146,173.076911785905,1.02588030412247
"B1",0.503466858509397,0.0116635914034585,0.113273408100047,0.292480828253049,0.429209655007033,0.490942416323601,0.579352752030427,0.740329218356865,94.3172958552072,1.03947847361281
"B2",0.532445800003089,0.00388026690990623,0.276316778698628,-0.0417919537213132,0.360853362983778,0.584841780688121,0.686766785012019,1.07483799240703,5070.97318548869,1.00527136374684
"B1_C_out",-0.437029903871699,0.00336672008738538,0.0754985436449752,-0.580233623361605,-0.480200962635908,-0.449764931697538,-0.387576084594626,-0.277683326246103,502.878569288674,1.01368245336575
"sigma_IE_out",0.483425239853554,0.015310556816196,0.201752843353987,0.136068565667251,0.36280857696207,0.444483313624829,0.594299107338983,0.953111095906692,173.643030681529,1.02919354467222
