"data_type","coverage_50","coverage_95","pit_mean","pit_sd","n","n_obs"
"gear",0.634615384615385,0.980769230769231,0.522331730769231,0.244235003760009,52,52
"catch",0.679906542056075,0.985981308411215,0.500698014018692,0.279333993711533,856,856
