"data_type","coverage_50","coverage_95","pit_mean","pit_sd","n","n_obs"
"gear",0.752411575562701,0.987138263665595,0.500864147909968,0.222283788191445,311,311
"catch",0.739970824215901,0.983223924142961,0.500764040846098,0.27079410914457,2742,2742
