"data_type","coverage_50","coverage_95","pit_mean","pit_sd","n","n_obs"
"gear",0.615384615384615,0.961538461538462,0.526514423076923,0.250361055030792,52,52
"catch",0.672897196261682,0.983644859813084,0.50140625,0.27969684411357,856,856
