"data_type","coverage_50","coverage_95","pit_mean","pit_sd","n","n_obs"
"trailer",0.707692307692308,0.98974358974359,0.491570512820513,0.260025418493312,195,195
"catch",0.531034482758621,0.986206896551724,0.510568965517241,0.283563018854922,145,145
