"data_type","coverage_50","coverage_95","pit_mean","pit_sd","n","n_obs"
"gear",0.762057877813505,0.980707395498392,0.501165594855305,0.222403698600489,311,311
"catch",0.74835886214442,0.985776805251641,0.500795040116703,0.270449514375253,2742,2742
