"Component","Effort_hrs","Dungeness"
"Shore (ring-net)",11026.2951383396,6070.296873139
"Shore (all-gear)",8171.45426876954,3123.93211023491
"Private Boat (ring-net)",11678.1176470588,6171.26722689076
"Private Boat (all-gear)",10053.12,7500.11110262854
"Commercial/Charter",282.811594202899,12007.1197463768
"PORT TOTAL",41211.7986483708,34872.72705927
