"parameter","mean","se_mean","sd","2.5%","25%","50%","75%","97.5%","n_eff","Rhat"
"theta_C[1]",0.170659048270393,0.00034529128902485,0.0276389852702527,0.112586299611168,0.153187673578833,0.171721995280851,0.189763147979661,0.221633239106045,6407.26880764356,1.00029644272684
"B1",1.00513433187143,0.000585586874716192,0.0639610703238986,0.879730794919352,0.963039471703348,1.00451697217113,1.04719161311478,1.1310589930086,11930.2289276892,0.999721334989247
"B2",0.0711227782043297,0.00177521682967656,0.178068364977171,-0.273384472606335,-0.0502238977497172,0.0702562528891586,0.189710996148062,0.42384125585145,10061.6852837496,0.999899714814246
"B1_C",-0.361284334654046,0.000693933621412887,0.0719487107716921,-0.500247396546653,-0.409734145185926,-0.362041860641053,-0.313330670075522,-0.220767039198586,10750.0422998659,0.999656775246373
"B2_C",-0.0879307419857471,0.00209028195813765,0.171672901432982,-0.420472644140564,-0.203824051936313,-0.0884336644037402,0.0272585760704066,0.253772718057368,6745.18320970594,0.999762143569114
"gamma_C",-0.00396054226090502,0.00821068442900394,0.989749048465904,-1.94137269910173,-0.664476845662943,-0.0173218246006648,0.67748364396423,1.92352444604966,14530.8648815307,0.999786552145825
"sigma_eps_E",0.322019097821394,0.00134387635175793,0.0651874027531372,0.207563377928634,0.276171629700242,0.317338386380009,0.363972906712696,0.459826748664549,2352.92851179443,1.00083808731676
"Lcorr_E[1,1]",1,NA,0,1,1,1,1,1,NA,NA
"sigma_r_E",0.432496563264816,0.00024823977304491,0.0223954284941869,0.390602954942189,0.417228721996223,0.43178860871896,0.447399061038536,0.478562656092893,8139.09319839122,1.00004415306016
"phi_E_scaled",0.83000060788919,0.00161265935724644,0.0735207726370723,0.665969364184112,0.78318534979069,0.836938776420064,0.882597136328453,0.954620850869372,2078.42732382056,1.00150844792206
"eps_E[1,1]",-0.609751926272607,0.00725904686932136,0.681173457178126,-1.9345823044523,-1.06350175429349,-0.616252873551193,-0.150823901765493,0.723953800133331,8805.54483087025,1.00014916467845
"eps_E[2,1]",-0.385742364465367,0.00577295827813674,0.602030424792715,-1.56793604639136,-0.790045866468685,-0.390646867350281,0.0195743721988593,0.803725911133397,10875.2698467097,0.999768148161819
"eps_E[3,1]",-0.497507681732622,0.00817527199229182,0.689770872597101,-1.83270869980549,-0.958522193947041,-0.514657149914185,-0.0436904340122239,0.907187983971147,7118.77523869707,1.00064556842912
"eps_E[4,1]",0.805573835795111,0.00659620423795815,0.633514804581429,-0.397311786533708,0.377185147425287,0.79996247209688,1.21835476881737,2.10841716269968,9224.12858141842,0.99973941116375
"eps_E[5,1]",0.116396270497696,0.00754316098561917,0.773169778599617,-1.37833475335699,-0.400606630170519,0.107755383697423,0.622036174381927,1.66583432732668,10506.1352477046,0.999738932949195
"eps_E[6,1]",-0.0364528936618471,0.0069087661380052,0.680623242085594,-1.36086095070471,-0.485145601409863,-0.0445588087826713,0.411850052584128,1.31689041121625,9705.38050258583,0.99983175753445
"eps_E[7,1]",0.29089183125623,0.00641153437060166,0.625461109179483,-0.929688825539652,-0.124592837943122,0.287945420529382,0.702938344822987,1.52741071647958,9516.4872890319,0.99996309700086
"eps_E[8,1]",-0.261126206845868,0.00720915436436874,0.642018857947136,-1.57977596726993,-0.668861984034039,-0.249344946319085,0.169478211905373,0.959284803250823,7930.98118837865,1.00007997808902
"eps_E[9,1]",-1.77157059074832,0.00661813455546206,0.640915849046079,-3.02841454088762,-2.1941443269658,-1.76663106310763,-1.34179330362103,-0.514068431154749,9378.44502863301,0.999928874103477
"eps_E[10,1]",-0.13355434052426,0.00681003336970834,0.657595362022042,-1.45180749694428,-0.558353183902277,-0.122535269380229,0.292408545684186,1.14025135634787,9324.35936320263,0.99992789376738
"eps_E[11,1]",-1.27025448127638,0.00754020944961386,0.701997933424376,-2.62201948109283,-1.74318592250609,-1.27772345804902,-0.794890081619965,0.123555939754291,8667.7194864932,1.00007448712574
"eps_E[12,1]",0.0174692160320934,0.00755186161618906,0.686841898701842,-1.30995848991875,-0.45020336237536,0.0103383848586409,0.487069126765666,1.36551196195095,8271.90454037761,0.99976991332164
"eps_E[13,1]",-0.39494007837743,0.0070441584911653,0.677895779099645,-1.7156118746854,-0.841376325239589,-0.401025929583297,0.0386132229736172,0.97116690195038,9261.20764971075,1.00030666145031
"eps_E[14,1]",0.170534403737338,0.00658601406049639,0.628762526128009,-1.06794264544482,-0.245334788523863,0.173652068152769,0.584664387715945,1.40277771340151,9114.3980848098,0.999782192708203
"eps_E[15,1]",-1.81257319364012,0.00594066523480551,0.544825573476245,-2.91463239089768,-2.16686471735744,-1.79667905592393,-1.44982641675992,-0.780309818718505,8410.94531677965,0.999855057405282
"eps_E[16,1]",-0.675406093666551,0.00709034858731817,0.547101374007686,-1.72910767268319,-1.04222352678456,-0.679072108881885,-0.312828325796345,0.428627810425334,5953.88492610493,0.99996596699812
"eps_E[17,1]",-0.677568321850479,0.00853220192653524,0.575039946258135,-1.76535218375616,-1.06707088881631,-0.700883445642446,-0.296991335943297,0.498879801990809,4542.27871940617,1.00094660024327
"eps_E[18,1]",1.36865431683028,0.0102704455443599,0.603761608302762,0.261944109104255,0.953404939884296,1.33027465811817,1.75662834951543,2.65985472479434,3455.83038873165,1.00076784241263
"eps_E[19,1]",0.876383292284336,0.00573282969739743,0.473539354200709,0.0392919822276386,0.555279461002073,0.845616181337792,1.16737635051074,1.88581263188862,6822.97961783701,1.00032563528847
"eps_E[20,1]",0.193351854862482,0.00563420221066574,0.538672509896089,-0.836743813651292,-0.168700646744306,0.191323017095751,0.541264170261555,1.27917830428697,9140.81177338142,1.00022896347792
"eps_E[21,1]",0.189342235286151,0.00645526608116052,0.609237781842797,-0.991401431484458,-0.222004531720548,0.188790492523431,0.598570658297067,1.41441678968639,8907.2852383692,0.999762423747382
"eps_E[22,1]",-0.522272108711238,0.00592202783962589,0.554871916766094,-1.63660055766608,-0.882431286574178,-0.508086868192278,-0.152179048030571,0.536673346283614,8778.9909282793,0.999948028486611
"eps_E[23,1]",0.691668579143989,0.0048519372953947,0.453946213182326,-0.199367619448254,0.396520585623507,0.68408559199801,0.983845308494631,1.60563590085556,8753.43348462459,1.00001294174283
"eps_E[24,1]",-1.66762454521228,0.00849892850622719,0.726080894617229,-3.02591184860239,-2.16576821927688,-1.68568508861136,-1.18729679077065,-0.201813625035075,7298.63535873118,1.00003816591023
"eps_E[25,1]",0.857387701546826,0.00706091543081488,0.575546760313889,-0.27613174669795,0.483706433703268,0.858476961093774,1.239879935897,1.97473344747613,6644.14661616392,1.00001316080496
"eps_E[26,1]",0.256428802955863,0.00510022863708289,0.470894036292632,-0.665342350506642,-0.0516662953641651,0.255576332977015,0.561121237651308,1.19354000698129,8524.46417079638,1.00042613498881
"eps_E[27,1]",-0.270805990211308,0.00951695710460136,0.883241164589868,-1.99246128111647,-0.8644092786098,-0.264562674436793,0.31442923624419,1.48755175801515,8613.1573206262,1.00009810009036
"eps_E[28,1]",-0.405059450353084,0.00788959531745086,0.650446690616016,-1.67437111810256,-0.831265534784536,-0.406118136013342,0.0121774928343996,0.913495604372788,6796.94822806259,1.00044368718155
"eps_E[29,1]",0.474131564938086,0.00986300312815245,0.88402324562731,-1.24311955043919,-0.126994762269948,0.481473510320302,1.07064805413844,2.21714900998252,8033.57825272137,0.99998943863588
"eps_E[30,1]",0.730775821583976,0.00783395076885458,0.693279489643962,-0.63991670262507,0.264985728858665,0.730992525632302,1.1940065104223,2.09225489413168,7831.68169530807,1.0001519839738
"eps_E[31,1]",0.633160539768902,0.00966208895192938,0.893858075563773,-1.13333255708,0.0331267660108501,0.634765544024326,1.24565278079634,2.39899216178527,8558.44912636246,1.00007387857363
"eps_E[32,1]",0.990558323130975,0.00782632518107852,0.712854005379089,-0.425029971912821,0.514266673999732,0.996928619090178,1.46712765964433,2.3866258655677,8296.31839251645,1.00067981855975
"eps_E[33,1]",0.250041425093963,0.00915996369957518,0.880182716534492,-1.5053386146902,-0.337508625378349,0.256331574750131,0.841149261187506,1.97300958116506,9233.32596221503,1.00028421617819
"eps_E[34,1]",0.427998219153905,0.00866022952271362,0.706933039632592,-0.992463540533172,-0.0381536555854417,0.444866928537402,0.912077868956527,1.76855447923465,6663.42869211666,1.00026485419914
"eps_E[35,1]",0.586422836039558,0.00705763005059018,0.659746123033885,-0.707080317564084,0.150161788749731,0.589066905050622,1.02094838392608,1.87479406112487,8738.48035729859,0.999705245577871
"eps_E[36,1]",0.431421568245375,0.00669376250096823,0.559123028532853,-0.698773798907099,0.0607957992438278,0.452153793094667,0.808445449207089,1.49150586764702,6977.08736682453,1.00080703621603
"eps_E[37,1]",0.56133862316607,0.00623247843891572,0.558324529721602,-0.542519647713512,0.186680276832907,0.565104485479844,0.92639412272054,1.64273560651737,8025.12578251198,0.999834122815171
"eps_E[38,1]",0.013032360143908,0.00584009126051893,0.525365355435934,-1.04879502018719,-0.336387723872614,0.0241814465677009,0.364378841679172,1.03112879860238,8092.51649660437,0.999924512042945
"eps_E[39,1]",1.56997301442176,0.00600994909420153,0.565615338743055,0.463075958407426,1.19067993861323,1.56725179677098,1.94155546084531,2.68929136268681,8857.28807683468,1.00011023305195
"eps_E[40,1]",-0.276803313462472,0.00766888754757228,0.566771820716231,-1.46623967271752,-0.65008488602453,-0.254129775687067,0.114249072294998,0.775791290899751,5462.00080492384,1.00018345686386
"eps_E[41,1]",-0.333205552895975,0.00651539050803582,0.506098624266327,-1.37224939339631,-0.658139571090969,-0.319596662057208,0.0103316858110481,0.634953997303508,6033.77917696625,1.00009435308442
"eps_E[42,1]",0.329902746640071,0.0047940225215744,0.452677101516467,-0.592773369319433,0.0383991782767015,0.336571643736609,0.631881293200977,1.18865989043271,8916.14069585327,0.999862072942494
"eps_E[43,1]",-0.00329955812569361,0.00823713197079821,0.9694025788358,-1.93291313534776,-0.656433247795886,0.00205250156355308,0.630974512636415,1.92585726151588,13850.2079261159,0.999800913103612
"omega_E_0_raw[1,1]",-0.295419690142894,0.00788531762111502,0.672642275746388,-1.59090164079751,-0.754912215893668,-0.29523742975764,0.151330196613565,1.04099734305582,7276.62402287143,1.00016616541965
"mu_mu_E[1]",3.13359459603058,0.0147956168828757,0.915937953024962,1.13244196045963,2.74648079888179,3.13730056693277,3.51274373228025,5.19229449924379,3832.35697215921,1.00110438298339
"sigma_mu_E",1.09847733407499,0.0190144842522791,1.38337345699839,0.0279644809368612,0.30205222786497,0.6965042521322,1.38958791246892,4.71431125037119,5293.09607366533,1.00168847252425
"eps_mu_E[1,1]",0.000808807648015142,0.0107383294079229,0.881881641768182,-1.80192158804267,-0.558145026283194,0.000118518605855719,0.571010535956393,1.75623630609046,6744.4596298287,1.00041011808747
"R_G",1.28030230379747,0.000153703680599181,0.0186996917401817,1.24404031552805,1.2678672449701,1.28017856849262,1.29259443176272,1.31753814701513,14801.3170054145,0.999972255408219
"R_G_boat",4.52785146247376,0.0237336135001377,2.43880306041226,1.50895491984126,2.85545283776006,3.96166382327927,5.59398107673657,10.6995006169811,10559.0715174656,0.999810686213056
"kappa_OSP",3.13469317381243,0.00851985820537285,0.966325515001988,1.65895751992432,2.45031907706506,2.99310126309534,3.66652320796282,5.43614027208444,12864.1815290877,1.00000752267182
"sigma_r_OSP",5.32730996897285,0.445547656108719,36.2457036505414,0.0346340450374772,0.402844215767721,0.998831792078345,2.5170836958336,28.3015618752612,6617.96923507422,1.00000016561314
"sigma_IE",0.576520652947871,0.00197170993906995,0.18834157587235,0.287065462183099,0.443946876535618,0.550402308399453,0.680704045385057,1.02716792404954,9124.44270488096,1.0000095189484
"sigma_eps_C",0.289303891025194,0.00107001673977694,0.0582271160146329,0.186441291429362,0.248651540139836,0.285552620697554,0.325714333403132,0.414569762031081,2961.21142345333,1.00115834581934
"Lcorr_C[1,1]",1,NA,0,1,1,1,1,1,NA,NA
"phi_C_scaled",0.830908145206687,0.00151779030131852,0.0761138396376966,0.664430739662984,0.782617989139244,0.83781572508216,0.886776675096605,0.956386484892282,2514.80152535874,1.00088293604546
"sigma_r_C",0.792331195090631,0.000626073157170886,0.0500246553292413,0.700438216836107,0.758295367239655,0.789591153931653,0.824421281982781,0.895593287664681,6384.36991411705,1.00069216260903
"eps_C[1,1]",0.288531991206031,0.00757115050229956,0.613859960961711,-0.931195502667435,-0.112636294595441,0.298642773383069,0.702186376716699,1.45786814359986,6573.77531373696,1.00037189139295
"eps_C[2,1]",0.587723962570084,0.00617878219425586,0.560169611480599,-0.531032939791839,0.217062702160302,0.594062297843392,0.958644035266809,1.68789385049719,8219.2713356106,1.00028840037816
"eps_C[3,1]",0.18713578254749,0.00725491323915319,0.645239264879984,-1.10727963905546,-0.241116447807249,0.196732023598811,0.63073675052696,1.41772090103055,7910.01176110838,0.999993896228559
"eps_C[4,1]",-0.219306743168385,0.00658491287639098,0.604064583934069,-1.44929264185908,-0.60308108782146,-0.206150695166411,0.186251017862818,0.942231784409164,8415.24338985652,0.999946783840066
"eps_C[5,1]",1.04321778524675,0.00941938865268785,0.719188436873557,-0.397712514434737,0.571115827293015,1.05427158120589,1.52862933338389,2.43017596000107,5829.61614184975,0.99998804034739
"eps_C[6,1]",-0.934681928794887,0.00840006655501623,0.643177499503569,-2.23298956557175,-1.35460155609977,-0.924171815056819,-0.495881328184686,0.301720978799435,5862.68056457273,1.00098337699129
"eps_C[7,1]",-1.5579298247545,0.00677008162745764,0.603102834392065,-2.79689615984951,-1.94941652081008,-1.54532980651244,-1.15173334483723,-0.407215376019195,7935.87701811729,1.00027373777518
"eps_C[8,1]",-0.15947213578214,0.00589144848700356,0.605155031784719,-1.37410193350871,-0.56067870270714,-0.147823595447632,0.244001709929573,1.01672616876053,10550.8907976523,1.00031162761982
"eps_C[9,1]",-0.966777656947726,0.00629138482472039,0.681294552975424,-2.31638960519773,-1.42764962394507,-0.961569916803436,-0.51724642239946,0.383445417379456,11726.7409787338,1.00011385261968
"eps_C[10,1]",-0.558418461580355,0.006990283314697,0.709390281479632,-1.95837206815565,-1.03845130515243,-0.556208417517227,-0.0654004523450508,0.800936077662094,10298.6645607347,1.000003387529
"eps_C[11,1]",-0.893691127439486,0.00719254876119814,0.740414310044834,-2.38161787353197,-1.37863369243588,-0.890288141074633,-0.397567936629806,0.544666863586149,10597.025464731,1.00005394566812
"eps_C[12,1]",-0.922497250471327,0.00744128475042951,0.784173563043997,-2.44236615919306,-1.4582150377088,-0.928639258450479,-0.391167126600566,0.605699621505534,11105.2552773881,0.999822894155457
"eps_C[13,1]",-0.368075126558772,0.00857774670977017,0.796033627519554,-1.9161023628784,-0.899920868372859,-0.376519008908977,0.176113816338779,1.20016769076869,8612.24533470187,0.999911337226257
"eps_C[14,1]",-0.186417588113351,0.00790930617794123,0.661704303273181,-1.43850879945786,-0.642008225425098,-0.203223212624984,0.249414427709573,1.16717169986411,6999.24413813323,0.999946030966409
"eps_C[15,1]",-0.79949319472729,0.00710407141086649,0.692617355259346,-2.13330041917372,-1.26202492225614,-0.810173285623419,-0.337780097736526,0.568536456659931,9505.43732515486,1.00012078597802
"eps_C[16,1]",-0.0274084477360346,0.00715217644268262,0.697110003982502,-1.39736262426843,-0.491235274754113,-0.0239174053581094,0.438185595477378,1.36652595891327,9500.05655343706,0.999731039407486
"eps_C[17,1]",-0.430574134162013,0.00705095112728858,0.699176474923912,-1.78183371777466,-0.900929185720362,-0.439240885453086,0.0242911631915439,0.967695475204652,9832.82263954792,0.999995008515914
"eps_C[18,1]",0.239293829374442,0.00640527072958698,0.620206529035145,-0.981773691599347,-0.176163397094257,0.245134650064735,0.6571272634187,1.47312609642229,9375.5701217055,1.00045595544615
"eps_C[19,1]",-1.36445135059747,0.00636420088297876,0.621681431735103,-2.58352241786898,-1.78428290133584,-1.37535901194608,-0.953764135874377,-0.115523767600396,9542.18941766425,0.999713820593071
"eps_C[20,1]",0.402113936794762,0.00813817525522802,0.712618678867257,-0.968725633115467,-0.0703871420416916,0.398797934624748,0.873533810573746,1.80437240541258,7667.61550936472,1.00078354928527
"eps_C[21,1]",0.861765588857106,0.00702885127220105,0.607000213120675,-0.297312921967577,0.454936116734968,0.84249944244391,1.24911265221916,2.12600405171752,7457.76989432913,1.00009611474793
"eps_C[22,1]",0.397240042694943,0.00690475667091068,0.61737548045501,-0.848024143708,-0.0121400058801755,0.405658535082818,0.810794539769151,1.59080427582375,7994.69679949921,0.999824824125793
"eps_C[23,1]",-1.25734035545774,0.00611182178149426,0.555872100227073,-2.37031871145362,-1.62414277057623,-1.25583693189963,-0.887822333933671,-0.164119665394434,8271.95932170059,1.00017870496872
"eps_C[24,1]",1.06994222982665,0.00803841183428073,0.761204793561338,-0.474394603491631,0.579886727112541,1.07028770398086,1.57896474206151,2.58788065519113,8967.31701903008,0.999755212531751
"eps_C[25,1]",0.720137394669946,0.00733966597235928,0.629813339433104,-0.49837648729203,0.302851243976641,0.710426188045084,1.13664723079547,1.99366104670821,7363.27665442464,1.00012379437253
"eps_C[26,1]",-0.171899466186577,0.00671184353047499,0.5954908488547,-1.37921211985017,-0.565140932501106,-0.165949076704649,0.230612835507282,0.972320489150238,7871.66379663032,1.00016500650535
"eps_C[27,1]",-0.202615563305714,0.0088638367626931,0.886597578521642,-1.92387947309847,-0.793268168789374,-0.198980415821013,0.397470543372675,1.54313862264919,10004.8269855938,1.00003339645275
"eps_C[28,1]",-0.260450578755966,0.00742000954374704,0.705301002042237,-1.62645347733075,-0.73486785968659,-0.258683357657309,0.207854273087841,1.13016832005014,9035.24792441877,1.00004547162308
"eps_C[29,1]",0.50241077918138,0.00890265617543327,0.891637715738487,-1.24162846683203,-0.0902589598514922,0.505303374556992,1.09678550838417,2.28341358814069,10030.8482215424,0.999970439248417
"eps_C[30,1]",0.800177150218617,0.00773862930124831,0.727963909520395,-0.653138053465733,0.312182828815785,0.802252641858145,1.28680172586618,2.24173173524993,8848.94733874268,1.00029171841066
"eps_C[31,1]",-0.363356181605295,0.00874416796588285,0.913103557659439,-2.17004516587079,-0.974152311285489,-0.360572352861147,0.247377508646522,1.43251527564833,10904.4329673287,0.999900299061003
"eps_C[32,1]",-0.572525261188602,0.00785260245043405,0.757230108596111,-2.05255374017423,-1.08359003386414,-0.573784521725685,-0.067356586932469,0.916777413581896,9298.83464988212,0.999899908157903
"eps_C[33,1]",0.308020019667346,0.00879180658564629,0.905520370212952,-1.47058232993445,-0.312997925729603,0.303863626081819,0.923635577951918,2.08923857143078,10608.1633431339,0.999931437547553
"eps_C[34,1]",0.485303230988122,0.0077751040713663,0.731397034400222,-0.946635459829468,-0.00626432660891389,0.490209452542798,0.98314002170247,1.89610580677604,8848.99538124097,0.999787725825869
"eps_C[35,1]",0.235326027450328,0.00783841960547775,0.784304606495592,-1.29445196088947,-0.288882380410734,0.242351131984691,0.764353296422227,1.76262981020265,10011.8080558211,0.999790762709311
"eps_C[36,1]",0.208519128336616,0.00732043303988433,0.646438526744102,-1.08543494478443,-0.213840687339046,0.216049624068993,0.634527295293913,1.46006673014838,7797.95848354913,0.99988900791587
"eps_C[37,1]",0.540376896643879,0.00617255589160712,0.591789871842622,-0.632043699946411,0.154177463520286,0.540846874231123,0.932881623063314,1.71079587971386,9191.89371839074,0.999943049275833
"eps_C[38,1]",0.00361675240718849,0.00656242988224322,0.592473561706153,-1.20282519268999,-0.391927738607591,0.019719280670372,0.403240688827303,1.13971756272377,8150.95693224128,0.999853783088066
"eps_C[39,1]",-0.656605314695706,0.00714469099672293,0.636493537104879,-1.93852787381844,-1.07985506460029,-0.648795106863624,-0.23087240419415,0.591607421705118,7936.3551709178,1.00023526947853
"eps_C[40,1]",-0.532886422894501,0.00663080299900272,0.578278161433893,-1.67737608508131,-0.920854435783004,-0.530759783425172,-0.151056987802655,0.626393016802051,7605.73750578421,1.0000732021286
"eps_C[41,1]",0.918749170784422,0.0061230506851266,0.553252830766156,-0.120402643426862,0.539686831419794,0.901251481484094,1.27619087522824,2.06032837306179,8164.16137577437,1.00011328440749
"eps_C[42,1]",1.26358693044265,0.00597559833370106,0.535984863726661,0.273829018785491,0.895873159707189,1.24866877497887,1.60973882680427,2.35978937279264,8045.30023385801,1.00003793098608
"eps_C[43,1]",0.00705070658360796,0.0081958555498605,1.0144817119427,-1.97293215299709,-0.678633863270726,0.0128941813271099,0.68089235706809,1.99214224160772,15321.4494947526,0.999759490941049
"omega_C_0_raw[1,1]",1.06470788856426,0.00742646181687247,0.58880963505199,-0.0840682063665551,0.671194472079944,1.06160108236842,1.45297503635267,2.24045263987401,6286.16695180095,0.999860990314941
"mu_mu_C[1]",-0.0152044149649049,0.0145384747220762,0.936027041896113,-2.33736823271957,-0.368725727064609,0.09188930214625,0.419618822071857,1.802239475976,4145.13901554253,1.00042368943128
"sigma_mu_C",1.13169266733469,0.01871839418472,1.45825379138635,0.0326135982876423,0.317020939967519,0.713211556833891,1.41306330667844,4.89240615950356,6069.16648744952,1.00261216356723
"eps_mu_C[1,1]",0.126799283856961,0.0103959000530084,0.87828946631753,-1.63939623725251,-0.416786925771081,0.120965249515777,0.684287307526488,1.86047371175718,7137.58276491438,1.00012725484292
"L_raw[1]",0.00137456637234239,0.00879121862270158,1.00813612805382,-1.96527735302057,-0.678911020730818,0.0048402415154852,0.690972113770167,1.945732124481,13150.4373473406,0.999771094228502
"L_raw[2]",0.00464868210580999,0.00805826968892087,1.02277396215406,-1.98729261723355,-0.687470616675701,0.00287419587049245,0.693949578757228,1.99913948310833,16109.2651724107,1.00018229497813
"L_raw[3]",-0.00651593315971059,0.00804929664304284,0.996273070488899,-1.98315476638113,-0.674678262934967,-0.00352020742208946,0.662652498324587,1.95412447544448,15319.3704050516,1.00054422586047
"L_raw[4]",0.00265407858926639,0.00831850315516001,0.993869235847029,-1.93949910523729,-0.67147944749396,0.00584195797536568,0.666649119002949,1.97041880333872,14274.7372811722,0.999872219311483
"L_raw[5]",0.00631595124563389,0.00855417748044907,1.00626042163238,-1.92232458342541,-0.675753069311216,0.0109843196336476,0.665862967799728,1.98494373270707,13837.7114176507,0.999922439614692
"L_raw[6]",-0.225876873298123,0.00826567190655926,0.963324108436,-2.10926764474128,-0.87695517495469,-0.22198067363609,0.426561067276205,1.67308737715803,13582.7758303301,0.999711286201137
"L_raw[7]",-0.00237098053453743,0.00820956256037513,1.00178780719865,-2.00345519676804,-0.672892247242307,0.00372780817185121,0.67381802106875,1.93978326486688,14890.5743597817,0.999808422230137
"L_raw[8]",-0.00365311858921684,0.00848599775106836,0.985377103180513,-1.92812131871282,-0.673983869745114,0.00182209678898071,0.664505659658114,1.91320750594194,13483.3903706824,0.999797043797825
"L_raw[9]",-0.00216435415316779,0.00855477134648215,0.995353422181688,-1.94739814652702,-0.661713644311878,-0.00933481137958182,0.667613305678367,1.9423463600437,13537.4796150587,0.999710774897853
"L_raw[10]",0.000274978522267443,0.00849331432463676,0.998238226577912,-1.97243358564262,-0.664558034364423,-0.00522957598620993,0.667102781704239,1.96805532810544,13813.826580875,0.999765895928787
"L_raw[11]",0.0154873261105697,0.00806410809992435,0.992621907884544,-1.93576581994088,-0.639386856559867,0.0193902366778958,0.672416358485211,1.96747047089534,15151.4790807896,0.999880114754982
"L_raw[12]",-0.00329887205933406,0.00880759123768872,0.993444311257404,-1.92187826675505,-0.674597313484462,-0.0254550336690059,0.654458345843927,1.96635240160268,12722.5085961299,0.999831596892906
"L_raw[13]",0.000325998899962888,0.00791485404769132,0.979579142246635,-1.92301924738897,-0.653443389918464,0.00574594778994738,0.646951561005166,1.93800015474535,15317.6886281845,0.999762093036514
"L_raw[14]",-0.008663935810891,0.00814582673074354,1.01232991285156,-2.00037424508401,-0.691285755102928,0.000751194756558212,0.661781658006831,1.95064522061776,15444.498242011,0.999888773464992
"L_raw[15]",0.00420752807541971,0.00864706324817409,1.00937651839601,-1.97324147940502,-0.683734971431649,0.0103389490338371,0.691194014487872,1.98255155717483,13626.0231811256,1.00007777406672
"L_raw[16]",0.00938780243108493,0.00867465603902996,1.01031270412889,-1.94220847303869,-0.673056051871204,-0.00444013335648779,0.684813412385815,1.98091383865554,13564.6034208463,1.00011826767584
"L_raw[17]",0.00765445476273069,0.0082522738094112,0.997859841070466,-1.93740758114594,-0.66165695086537,0.015763882243753,0.671692299534903,1.96047955441664,14621.496707107,0.999823893352396
"L_raw[18]",0.00948189387759746,0.00827253245593596,0.99241721594522,-1.9327179836748,-0.665101582295387,0.00545773093819674,0.684060511685407,1.971762667671,14391.6841704981,0.99979017524613
"L_raw[19]",-0.0101869549989438,0.00843381543452218,0.981717636170231,-1.9110077630506,-0.684182531478648,-0.00156142216385086,0.649614645290557,1.89367394896965,13549.5540153576,0.999668597384819
"L_raw[20]",-0.0122842300051177,0.00858591058265484,0.999747261262586,-1.98574323705404,-0.688879196979834,-0.0124710656954647,0.647228579918196,1.99623264402558,13558.3775650942,0.999772917815038
"L_raw[21]",0.000762641443225634,0.00822988927743371,0.986702905162638,-1.92996417361022,-0.67293460503152,-0.00701986650410825,0.672169336587436,1.94093981581861,14374.2379232914,1.00013941890785
"L_raw[22]",-0.00963836837225421,0.00871193161171522,1.00225256078591,-1.97766852007421,-0.693546545522339,-0.0116910050461085,0.67621008148329,1.92914466444161,13235.0453569767,0.999914620593725
"L_raw[23]",0.0148899432483574,0.00900773587723236,1.00483049118889,-1.96252031777032,-0.670616974562225,0.0187265654160076,0.695073886265044,2.02077002660142,12443.8372763208,1.00067976377495
"L_raw[24]",-0.00240035857524673,0.00826000421114631,0.990932628392415,-1.95164629675291,-0.656538164584125,0.00123090591903519,0.657945133339163,1.9422166411598,14392.2177062167,0.999939720540278
"L_raw[25]",0.00899864472130204,0.00853388517849306,0.991547924583329,-1.92719682998619,-0.660887077262798,0.0157193880309696,0.687071427874928,1.89190322890693,13500.0018881615,0.999990288591111
"L_raw[26]",-0.00879065581664351,0.0081489525282486,0.996811541547331,-1.96502942144159,-0.689433626068321,-4.94226839043255e-05,0.672336455408422,1.91284839212072,14963.1331300463,1.00000120202043
"L_raw[27]",0.00119424711690017,0.00822953264140049,1.00011301238988,-1.94718129161356,-0.671247744093807,-0.001341901910224,0.69028615632267,1.92099779884731,14768.8884912234,0.999738789559168
"L_raw[28]",0.00288682339688244,0.00866420815147439,0.981864091672914,-1.92038956670649,-0.659627350496336,-0.000337423890883463,0.660628876932412,1.93973461623996,12842.3647385467,0.999652246944405
"L_raw[29]",0.00655682626222157,0.0084377906055369,0.983957720068232,-1.90180389553888,-0.664428265882738,0.000565605663164796,0.669932697417617,1.96195012275309,13598.6372153701,0.999946355773875
"L_raw[30]",0.00855630151874512,0.00801711042181064,0.98008461775688,-1.88589498700218,-0.658604771851908,0.00906522575195727,0.670314772718407,1.93077380246623,14944.8450153041,0.999692707874077
"L_raw[31]",-0.00146748327128804,0.00875797022609678,0.99813292891585,-1.93486130265564,-0.690107325446793,-0.00626112645772913,0.688432678687006,1.90969240587066,12988.8241767532,0.99977772539331
"L_raw[32]",-0.00846216553554143,0.00844474366861296,1.00187858783643,-1.9856666374283,-0.677386202354345,-0.00485497074719316,0.655069287922312,1.95441871729364,14075.2866040342,0.999922267808044
"L_raw[33]",-0.00896215208443473,0.00844597633784171,0.990446892436658,-1.94115379395143,-0.679757242240119,-0.00699787403877325,0.652572116429995,1.92890782758607,13751.8987669358,0.99996934683742
"L_raw[34]",-0.00377769677973318,0.00850603277375112,1.0070349645085,-1.97746708124316,-0.677741715856111,-0.00545993582291108,0.666727210356936,1.94572869431736,14016.3520063461,0.999963590929159
"L_raw[35]",-0.000336205410969168,0.00876018183508977,1.00379331683934,-1.98737206743581,-0.662289484709046,-0.00132318608631409,0.674422957883257,1.95692250976815,13129.9284029946,0.999880076200731
"L_raw[36]",0.000254946850042491,0.00792797995574781,0.989126642497451,-1.92222822087355,-0.672646956157094,-0.00285965956338577,0.672263133172238,1.94129661834531,15566.060458023,1.00004535556713
"L_raw[37]",-0.0008885134354459,0.00824484561895018,0.983513692572293,-1.92308733052341,-0.66547692992091,0.00285694737512653,0.648968987168657,1.96640184943231,14229.700684962,0.999785410225438
"L_raw[38]",-0.00696171950212354,0.00812009830678386,0.990044237888229,-1.94085789717891,-0.679082337231307,-0.00324733475148173,0.673119721425749,1.90089394363902,14865.7432181185,1.00000357075873
"L_raw[39]",-0.00230187008375375,0.00881253119550306,1.00888334901028,-1.98705434631945,-0.669749143847651,-0.00824147467921453,0.656671567775503,2.01796640495719,13106.3141631792,1.00001927167738
"L_raw[40]",-0.00418609647419286,0.00822029507632412,0.987447047360505,-1.92627630623948,-0.678427209321138,-0.00404549190648537,0.668716656169115,1.90363330040594,14429.5509667622,0.999995625783185
"L_raw[41]",0.00144386174107221,0.00844308286753397,0.987613272544533,-1.93496305262311,-0.665481425980786,0.00198672900785429,0.683804938866649,1.92492440145609,13682.6976994195,0.999780855815937
"L_raw[42]",-0.00394936244221201,0.00788790097176371,0.986145516569489,-1.90568596099023,-0.674358865399828,-0.00816332945448306,0.673508871808676,1.94405970875837,15630.004745311,0.999966934817719
"L_raw[43]",0.00396247449811445,0.00771271604957349,0.982459607661458,-1.92159007930956,-0.656738436534768,-0.00260918352255376,0.653291162936612,1.96887925553166,16226.1214642676,1.00005124062038
"L_raw[44]",0.00936318741525552,0.0083927290345799,0.995013575213445,-1.91040405747443,-0.663823472258004,0.00542889969929965,0.677541514629554,1.95327534968291,14055.6718152109,0.999739521824363
"L_raw[45]",0.00592272206619513,0.00857514717041287,0.999455794837993,-1.99755697955897,-0.676953104505274,0.0117851364725197,0.689379993299024,1.94218612605769,13584.5111966236,0.999846301326893
"L_raw[46]",-0.00394673218380571,0.00902859602903724,1.02310042914301,-1.98224203961749,-0.699349350475413,-0.00627285503376329,0.675231988905956,2.0358192656153,12840.9185265244,1.00030358754439
"L_raw[47]",0.00483548425148782,0.00880791124846515,1.02307828920313,-1.98628158266411,-0.689416022643329,0.00787762364038282,0.695407465153415,2.01048432881798,13491.861595452,0.999964071969315
"L_raw[48]",-0.0051636498565687,0.00862818663425036,1.00704129963512,-1.97237948353369,-0.686847008666264,-0.00751806352198645,0.67093686974801,2.01057553498965,13622.4587694823,0.9998184710494
"L_raw[49]",0.0044702160979983,0.00837701280130362,1.00601982174888,-1.98361932380208,-0.679458140650869,0.00579976547450402,0.684003460954152,1.98707959740768,14422.3063823617,1.00024445123764
"L_raw[50]",-0.00143669862681437,0.00868204562923554,1.02351048006197,-2.0095530345262,-0.7111359934219,-0.0114363469806341,0.698065667686622,2.00690729347129,13897.6208696779,0.99970708033102
"L_raw[51]",0.000594621544419235,0.00815077340687082,0.987417953437819,-1.88920054589007,-0.667385349143908,-0.00239606810001767,0.672545734593441,1.95719597992889,14675.8883501343,0.999946287726232
"L_raw[52]",0.00520578763064137,0.00845031968401327,0.99712298057617,-1.92360204733219,-0.6646641669323,0.000341207856904789,0.685468884325747,1.91753956376279,13923.5882855517,0.999932078740285
"L_raw[53]",-0.586622478539553,0.00907813682055893,1.00722446008051,-2.53662358690991,-1.26721384505924,-0.584281260431505,0.0814869318708246,1.37290051805278,12310.0291129122,0.999693268906455
"L_raw[54]",-0.00767347797034057,0.00894856710303405,1.00460097759105,-1.9673715113116,-0.703933478285794,-0.011805854508965,0.685405461996206,1.96874092186969,12603.1816171362,0.999953609451744
"L_raw[55]",0.0142766468599308,0.00832355660570152,1.01605220516448,-2.00129111741789,-0.652649410369607,0.00716983062915809,0.697135757481051,2.01728531460535,14900.9573184925,0.999713235966056
"L_raw[56]",0.00837636555126756,0.00814944050072577,0.991339982346793,-1.95443729490876,-0.642676881696913,0.00470287398553842,0.668225339751313,1.95074130185304,14797.5446148417,0.99983385008291
"L_raw[57]",0.00822559803432803,0.00826813116624126,0.997073155489344,-1.96296751853301,-0.663144875274816,0.0128396056573468,0.682635030454343,1.97887341713956,14542.5086956837,1.00010282579002
"L_raw[58]",0.0142430029671473,0.00896332308566529,1.00003746410053,-1.92356947307194,-0.665903697137733,0.00859840798141911,0.684116285512822,1.98510081497105,12447.8526376499,0.999914096629446
"L_raw[59]",-0.0183982170947169,0.00863861588653859,0.996986873658188,-1.94542081703866,-0.692995459368387,-0.00929055608613917,0.666028019634255,1.88990969214247,13319.580701607,0.999876341983416
"L_raw[60]",-0.00874012409301315,0.00846013282571696,1.01100910591953,-2.00752753338277,-0.686913414023257,-0.0116425628998685,0.670753347882642,1.982806167359,14280.9063501775,0.999879024571485
"L_raw[61]",-0.0128386071185338,0.00811488501430903,1.00547900372162,-1.97268443497905,-0.695363781853724,-0.00727912947446246,0.665081003495533,1.942416986766,15352.5765514615,1.00004594814667
"L_raw[62]",0.00564235486745572,0.00836312053393783,0.988073939039202,-1.96682516275995,-0.64041903571652,0.00361416326610475,0.660851962748095,1.92304709230863,13958.6101226717,1.00000041690334
"L_raw[63]",-0.0191945947760631,0.00836778707073907,0.996016411365538,-1.96445122839273,-0.686507681561395,-0.0253186186453704,0.652301589561672,1.93673235653604,14168.104380311,0.999888464008167
"L_raw[64]",0.00670767343135808,0.00831995704370576,1.00187304670279,-1.98058104771229,-0.682327535929497,-8.25534689815379e-05,0.688336174496027,1.98984697155237,14500.508022556,1.00000640638967
"L_raw[65]",-0.00142954921906261,0.00842355545669098,0.981017362862675,-1.93948249542704,-0.65574596234353,0.00067357342650679,0.663040362758333,1.89921950450302,13563.2107213603,0.999934400884668
"L_raw[66]",0.00447683391594077,0.0084787339985025,1.01106388604502,-1.98452523994522,-0.676476087566066,0.00518468078798078,0.690831383225915,1.9531987356618,14219.8552485562,0.999784760786483
"L_raw[67]",0.00853954332378815,0.00804167633200246,0.990391520808207,-1.93688743598983,-0.658365677376154,0.0204534512261601,0.685578443497007,1.91223671633139,15167.732068807,0.999918117328645
"L_raw[68]",-0.00205949947443989,0.00839253103994734,0.992515104177892,-1.95182602942777,-0.657244166970629,0.000963981469085324,0.665615779633866,1.93659321933391,13985.8329586358,0.999807651539349
"L_raw[69]",-0.00892729153242875,0.00835995959253132,0.998754821698013,-1.96038952452296,-0.673969629475922,-0.019819617210599,0.661246076529125,1.97844935173255,14272.8079247061,0.999727934202889
"L_raw[70]",-0.0126169552985177,0.00856986068635379,1.00829420145056,-1.9783835681123,-0.686023187288602,-0.0181338590959346,0.665358535155889,2.00332966459055,13842.8978864242,1.00029109135878
"L_raw[71]",-0.0170148398591192,0.00866583872724675,1.0090706032376,-2.00498759850726,-0.685646756189775,-0.0199438465827963,0.66107179360787,2.00070486273824,13558.8202585401,0.999855742799145
"L_raw[72]",0.00278459598150879,0.00925479781758186,1.00733011504021,-1.96548891408506,-0.673019717119861,0.0035981724530375,0.674542742512007,1.98312021704671,11847.0375380214,1.00006857316939
"L_raw[73]",-0.00683818171681595,0.00848381283761652,0.983662079301559,-1.94436062121842,-0.655625821391912,-0.00852154378749545,0.641406351377419,1.92851409909289,13443.4179539744,1.00006459059449
"L_raw[74]",0.000105107429779768,0.00865762776261182,1.00682926878133,-1.95017463036444,-0.675724900166308,-0.00853765318503258,0.67625121766754,1.96224617518865,13524.270412064,1.00001336592924
"L_raw[75]",0.00108840833060728,0.00819859279130256,0.981341727503437,-1.90724057064055,-0.655002970550562,0.00604471408942069,0.671038583822567,1.95833894302239,14327.2189844982,0.999699191405772
"L_raw[76]",-0.0122951521118316,0.0081494516527444,1.00234313092783,-1.98941316526361,-0.688131108319787,0.00100232364214311,0.658302380865188,1.92931114724287,15127.8100168937,1.00018291409741
"L_raw[77]",-0.0117451146910507,0.00844727871681337,1.01400821645083,-2.01403741852567,-0.689550632612369,-0.00311220408217611,0.671294872673191,1.96206651564864,14409.5129063229,0.999857783803858
"L_raw[78]",-0.00587753932282629,0.00832080786251101,0.983668543095349,-1.92950906867583,-0.663066179559971,-0.0121749960359149,0.651734097630497,1.9279824067891,13975.475042597,1.00015513842316
"L_raw[79]",-0.0118252010320913,0.00791092746313783,0.996781941374852,-1.95067384132936,-0.683561579467369,-0.0121670283272011,0.653914859929793,1.95541010749947,15876.161854622,0.999793923117783
"L_raw[80]",0.00894336456090694,0.00864255254958762,1.01871727908223,-1.99563495709719,-0.664575303499809,0.00345028152911666,0.684541619696294,2.04632240917432,13893.8718022254,0.999956329010513
"L_raw[81]",0.0131975084319788,0.00823494232156879,0.997669152647237,-1.91659459824788,-0.670915842837958,0.0179659685553638,0.681100563825253,1.94273660575253,14677.4958157872,0.999930434031931
"L_raw[82]",0.00770059725779215,0.00838925577726342,1.00409684358071,-1.99234759562499,-0.663065757752477,0.00917022678523885,0.682222117827908,1.93649779316243,14325.3200114033,0.999822873889518
"L_raw[83]",-0.00956456530240649,0.00854302110864926,0.997772026776428,-1.9799685965347,-0.691755164163787,-0.00432054116691053,0.660396939439785,1.952441832359,13640.7952187476,0.99998202095993
"L_raw[84]",-0.00988331992219631,0.00787666371479653,0.971728038604562,-1.92184732784237,-0.669996760616221,-0.00884576552063349,0.649509706940034,1.90996582325714,15219.6568281449,0.999920368930409
"L_raw[85]",0.014096387809841,0.0078898947550154,1.00385349520534,-1.95753135121209,-0.658600416361754,0.00267563791131511,0.704755413554927,1.95198630462654,16188.1884217126,1.0000635887773
"L_raw[86]",0.0034667597557744,0.00883300272237621,1.02682814437387,-1.99738673592214,-0.712193431861238,0.00147942402584169,0.712252714707779,1.97496868102491,13513.8408165216,0.999918655633727
"L_raw[87]",0.00576148729432045,0.00793824473585151,1.00238289803866,-1.9551822821115,-0.668440081744542,0.0123443397939535,0.689220515766589,1.9566167190569,15944.7725587187,0.999918977779191
"L_raw[88]",-0.0171625877487814,0.00849525356047759,1.01697039925084,-1.98303361158605,-0.713418237570242,-0.0137700768199776,0.677715133147373,1.94068737782017,14330.5854321577,1.00003565072396
"L_raw[89]",0.00326721021707797,0.00848813007673302,1.00053758148134,-1.95233607705698,-0.677792677334368,-0.00610509616544051,0.677287591375261,1.99068976330781,13894.4947579651,0.999738937780449
"L_raw[90]",0.269576833434824,0.00866573245603774,0.971390864436572,-1.61108721409606,-0.38611939267767,0.276832550290494,0.927305744207121,2.14979870013904,12565.4335084313,0.999705277136145
"L_raw[91]",0.0124661908995507,0.0084754984410004,1.00885709887323,-1.97029078501178,-0.690769955024226,0.0164271445630269,0.696687320166911,1.96539823618355,14168.6610792684,1.00029746060669
"L_raw[92]",-0.00463675893761792,0.00836998993137138,0.9876608423881,-1.89058549903281,-0.673748825315365,-0.0123248727116687,0.660568133708688,1.96550769297603,13924.0572515927,1.00018950851812
"L_raw[93]",-0.00661030239966622,0.0089700509950858,0.987861008014046,-1.91790468860295,-0.693246001071961,-0.00371199299422107,0.684097152284421,1.89267460670249,12128.3539641746,0.999947390495165
"L_raw[94]",-0.00796516928751696,0.00842993350317338,1.0031351321723,-1.97247971711125,-0.693931067373057,-0.0025385398341729,0.675848953805123,1.94077508299745,14160.2390054228,0.999896336135208
"L_raw[95]",-0.00156381278596125,0.00840816799570457,0.990793577721368,-1.92200963477223,-0.664411560386233,-0.00918072420773049,0.660150078309388,1.95275346628002,13885.5665744563,0.999901904589601
"L_raw[96]",-0.0200659655620055,0.0089205328522365,0.996308786780141,-1.95714819776981,-0.703573362178886,-0.016809770011993,0.665835076200138,1.94488615899021,12474.0168717274,0.999931340090739
"L_raw[97]",0.00549050959328636,0.00880680899915616,0.996339089325727,-1.91859129748815,-0.675081631136082,0.00676708009507633,0.681956606655945,1.9551688999198,12799.0337292102,0.999931143017069
"L_raw[98]",0.00528076847550208,0.00801738401427391,0.987126286558142,-1.93205655244865,-0.653065763036442,0.0176279047220233,0.660653380563233,1.94287770459168,15159.331933136,0.999956484728249
"L_raw[99]",-0.00594242519758421,0.00840382390803054,1.01846108437659,-1.99353677973848,-0.691876051985478,-0.00904883497489108,0.682873635253487,1.99311272946658,14687.0641202719,0.999700250433659
"L_raw[100]",-0.0163593785458127,0.00828403605913147,0.993038138203753,-1.98083892609882,-0.684774007801227,-0.00868951775237588,0.659409594113434,1.94239635941922,14369.7064076793,1.00008587973662
"L_raw[101]",0.0157446768848122,0.00836499965727676,0.986278761718925,-1.93213605501703,-0.649190496140018,0.0229672599553572,0.682153303515325,1.96167882106271,13901.6870456771,0.999833495768662
"L_raw[102]",0.00588809973723863,0.00800724649405708,1.00963776284858,-1.96845030321103,-0.686771297534085,-0.00122645086838395,0.698760434367392,1.97359378194593,15898.8157268368,0.999646842110629
"L_raw[103]",-0.00083996701706947,0.00918666655065186,1.00558548895316,-1.98522259607873,-0.674393811043911,0.00358936531686532,0.673366047124702,1.95384145267267,11981.8006394807,0.999796163838623
"L_raw[104]",-0.00184072241778149,0.00864107376451572,1.0283573177244,-1.97873353047716,-0.696817462184515,-0.00130029039738636,0.692526779321464,2.03139411852021,14162.9153892063,0.999977821704598
"L_raw[105]",0.0113738480410504,0.00825956991105355,1.00130106582547,-1.93731280221402,-0.677065744361497,0.0172136541069443,0.700832667222404,1.9753830833751,14696.5193190783,0.999792279269949
"L_raw[106]",0.00578559595074511,0.00858427421836027,0.99354186781347,-1.92834187258643,-0.661569583186002,-0.000992062022066227,0.670253028715061,1.96911600035856,13395.6928539925,0.999896055352871
"L_raw[107]",0.00865803618544272,0.00904220609726452,1.0167244169185,-1.95251955048291,-0.68720805546051,0.0201813452376462,0.697501669520798,1.99188788318586,12643.2202493172,1.00012934860344
"L_raw[108]",-0.00154197711820602,0.00839232941540317,1.00311163852341,-1.96276257082722,-0.686128986007038,-0.007837657424479,0.681156116974773,1.9815637331616,14286.7515974545,0.999708921557098
"L_raw[109]",-0.000286481286016688,0.00819010345444331,0.993286029520479,-1.98591233999941,-0.660342191021969,0.0093970311996981,0.667312625790732,1.92658750105419,14708.5506076207,0.999995354918433
"L_raw[110]",0.00479254278939554,0.00831134057824973,1.00030952927307,-1.91898528146916,-0.665116541453532,0.00205227420905121,0.679107328433716,1.95708361488534,14485.271982,0.9997200830443
"L_raw[111]",0.00270808347111992,0.00909612285509231,0.99072684148762,-1.96479880529712,-0.657157860269453,-0.00376878786991869,0.668775468435965,1.94026977628975,11863.0189424891,1.00024428288495
"L_raw[112]",0.00223644803919535,0.00808880100270702,1.0043892509027,-1.98217648515195,-0.687098377410404,0.00415432453465762,0.694017692321673,1.97802362453056,15418.2757981291,0.999729289815699
"L_raw[113]",0.00670715928680568,0.00852468595576255,1.00620454227484,-1.95364820752143,-0.672420375288112,-0.000579053028140628,0.681054898559168,2.01910058508595,13932.0738992306,1.00004830720323
"L_raw[114]",-0.00635816413646111,0.00846273914324249,1.00038294170353,-1.9518652975972,-0.689490818866722,-0.00150734846103011,0.659628755752779,1.97892987796969,13973.6752707898,0.999790508268305
"L_raw[115]",-0.00177039667250926,0.00851116534996915,1.00180876755108,-1.98493446990996,-0.677502220351919,-0.000384240025666556,0.680823466753341,1.9530274239069,13854.5237268419,0.999879873131507
"L_raw[116]",-0.00972657116331205,0.00837996755888781,1.00010480600826,-1.97527758103459,-0.680949353658647,-0.0091849699112584,0.665130498142137,1.98459091748388,14243.1600295291,1.00003552737485
"L_raw[117]",-0.00183717156876355,0.00782302070369302,0.998951888172769,-1.96505757850504,-0.673823941620787,-0.0074372681723467,0.669882665169689,1.96919897428394,16305.7276814733,0.999885371125826
"L_raw[118]",-0.00313634271069318,0.00823705139283824,0.998811988063275,-1.98393215515795,-0.679979630376827,-0.0104663364685072,0.686773586755385,1.93780738901974,14703.6088580973,0.999967807613917
"L_raw[119]",0.00690142218500546,0.00806644816444033,1.00834973717031,-1.97578512521172,-0.669271658562386,0.0174895087374404,0.67899645237782,1.96637317540248,15626.3549198505,1.00009911726927
"L_raw[120]",-0.00496269942801568,0.00865392006171636,1.00210532216908,-1.97965397450955,-0.680406404525275,-0.00969254934851656,0.685389677116057,1.94855414420371,13409.1416618676,1.00000580335043
"L_raw[121]",-0.0128748195239577,0.00839208417250435,0.993523712457182,-1.93986892608766,-0.677529217328448,-0.00736915461913225,0.650579517052372,1.92525811012824,14015.7651381859,0.999791777206956
"L_raw[122]",0.00208136132294134,0.0081979065999341,1.01203478318654,-1.99044895673054,-0.670782029523806,-0.009838965774697,0.663914378020038,2.0060100947843,15239.9992802942,0.999782546638332
"L_raw[123]",-0.00979482703190315,0.00850185911477599,1.00499537301352,-2.0104165553001,-0.674432540699451,-0.00889260838010531,0.656449154538803,1.98324256703287,13973.3429018962,0.999773369203257
"L_raw[124]",0.0116190604225184,0.00784053103144898,0.997647981688403,-1.96053371482795,-0.647530087634684,0.0115069806012335,0.682104918090742,1.96115980437546,16190.6282270325,0.99991089557909
"L_raw[125]",0.000481557044385427,0.00828964890603372,0.984440393396515,-1.93117997339361,-0.657051874710995,-0.00838842510922767,0.656171035884547,1.97249268425737,14102.839920626,0.999735689773756
"L_raw[126]",-0.00218801167649207,0.00830984576470381,1.00405568703194,-1.99236700787645,-0.675748485171979,0.00159264899205687,0.667418256548174,1.96528709476455,14599.2207179289,0.999864350645612
"L_raw[127]",0.00604253776039809,0.00822059064883764,1.00367902126729,-1.93841537142196,-0.66584201150297,0.0107315260336721,0.663873396862212,1.9809604999934,14906.7733405554,0.999909626713216
"L_raw[128]",0.00582107941719702,0.00859740351553736,1.01680169126405,-1.96501538483335,-0.686620485650723,-0.0035745300348752,0.690580985868663,2.03753034740684,13987.4291117706,0.999819952556895
"L_raw[129]",-0.0205607246862917,0.00845027292105228,1.00962340296305,-1.98981287479264,-0.703334037375912,-0.0139668600807941,0.649908017710336,1.99343383028349,14275.0404123028,1.00019580894354
"L_raw[130]",-0.0151080435879523,0.00867295152243334,0.979312740975713,-1.92994058954206,-0.677080700540954,-0.00714881679452055,0.652633766153285,1.90298516898005,12749.9643875551,0.999842283019463
"L_raw[131]",-0.0259142930091733,0.00807053180319978,0.995984508087354,-1.9682838178987,-0.69448121501804,-0.015407384958434,0.653802415745734,1.92961610318136,15230.0335515332,0.999821496279308
"L_raw[132]",-0.00384596582995448,0.00832327172071779,0.996259810795242,-1.94203781495664,-0.677687536165027,-0.0126042852733858,0.66368469171403,1.98367280973809,14327.0599051526,0.999795831032088
"L_raw[133]",-0.00756324357866507,0.00841486327949404,0.987830278023455,-1.97803048940517,-0.671433345055356,0.00199990844831475,0.654817910381432,1.94972190766742,13780.6765335121,1.00011791274664
"L_raw[134]",0.0120945114431076,0.00865381122881103,1.00822928195989,-1.96328756619032,-0.669636802544634,0.0228136694132069,0.693335028907166,2.01021907992105,13573.872893732,0.999941620693347
"L_raw[135]",0.0106359835120742,0.00821001625010051,1.00522784017323,-1.96629609549749,-0.662101271420145,0.00777620433803306,0.692907796495707,1.99495196678133,14991.3582491492,0.999929265201776
"L_raw[136]",-0.00360608553983912,0.00822940744191378,0.996623211485668,-1.94443354088937,-0.685994361269864,-0.000976838204362334,0.658464535730043,1.97635290135087,14666.4452546029,0.99970209661445
"L_raw[137]",0.00501227619746792,0.00855876310421334,0.992318630160018,-1.90901243197071,-0.666078703383589,0.00850356521995578,0.688875664154176,1.91054128770513,13442.5072209325,0.999887848621663
"L_raw[138]",0.00329618917757094,0.00832824602013772,1.00966277992909,-2.00765046341131,-0.664713697633215,0.013096286468734,0.684286988874273,1.98086235145094,14697.5721792679,0.999670985212288
"L_raw[139]",0.0077550965558751,0.00806124775088526,0.991974252780451,-1.93610964708062,-0.666890451838404,-0.000641820878663972,0.684051121663229,1.96732887837866,15142.4539766485,0.999815048366521
"L_raw[140]",-0.0133489919958984,0.00832008179555347,1.00314128715107,-1.9942007823632,-0.686520208825672,-0.0139549235886945,0.654861433677764,1.97346445440842,14536.806816316,0.999887937216172
"L_raw[141]",0.0201741717429705,0.00909271957909707,1.00257794639981,-1.9286401634215,-0.662194320868423,0.00901937685742961,0.699508083003397,1.98260058713436,12157.6237634219,1.00000911133152
"L_raw[142]",0.00479052209186232,0.00864387361488347,1.00170526961559,-1.94277092473309,-0.67722559330654,0.00526992552810019,0.690835810615063,1.95328703542284,13429.6007083427,0.999907847752224
"L_raw[143]",-0.0106315569135434,0.00868717954944032,1.01943609507362,-2.04717551711183,-0.696874045909096,-0.0059432729632842,0.6763977905683,1.95322840563574,13770.9029493765,0.999663960502129
"L_raw[144]",-0.00908664435158633,0.00888590255695582,0.981788107766946,-1.94778530741949,-0.660117202973873,-0.0123495978845984,0.663780531758298,1.90855143441407,12207.6604650185,0.999825879252867
"L_raw[145]",-0.00323254358122509,0.00868845107681325,1.00236819789163,-1.99938662550116,-0.683284881662787,0.00283088102837325,0.685196097583267,1.93874091952997,13309.7481785515,1.00000253453964
"L_raw[146]",-0.000645262434176847,0.00868267304089734,1.00076817771074,-1.93949094898087,-0.686256017263771,-0.0154436754466386,0.676829610090401,1.98357530838504,13284.9547623632,0.999837535559552
"L_raw[147]",-0.000682318943890891,0.00857432677537515,1.0029144927841,-1.95557628391211,-0.677933695408901,-0.00410392288657986,0.662502239633617,1.99541092875345,13681.3121792646,1.00005191872218
"L_raw[148]",-0.0017422472300294,0.00814675448677077,0.998750872692275,-1.95385884075911,-0.663672630193045,-0.00270342396610538,0.666964582663069,1.97483128186967,15029.5191688954,0.999850393950161
"L_raw[149]",0.00333775621747312,0.00829394611022291,1.00265974386907,-1.96745481636672,-0.67560932606782,0.00896453987230248,0.688899866903313,1.93258290988217,14614.5261559807,1.00008607762314
"L_raw[150]",0.00759496397728022,0.00853378226637654,0.99907708045381,-1.96237736358728,-0.650420629436525,0.00942510114987371,0.663227132006349,1.99141871531036,13706.1309322893,0.999904657235342
"L_raw[151]",0.00556279829343577,0.00847828384878931,0.987985837626013,-1.93500201803784,-0.663425647958736,-0.00021640096608581,0.674119474424532,1.96556239371373,13579.5548467812,1.00007292312741
"L_raw[152]",0.000455231818878897,0.00793528054708231,0.986679366929168,-1.94332064661105,-0.660760660236605,0.00802174933678961,0.656700379368612,1.94834017014111,15460.6419243008,0.999803776000358
"L_raw[153]",0.0067527494155812,0.00856617206136186,1.01029671259097,-1.94986681695241,-0.675420855727644,0.00321367271592497,0.698649343601107,1.95898060784935,13909.909127303,0.99999348043133
"L_raw[154]",0.00881596694031017,0.0084507688848155,1.00515848776718,-1.99702319031221,-0.662317703849205,0.00161044045854018,0.686485375524568,1.97693581799363,14147.4002125748,0.999903911181606
"L_raw[155]",-0.00079999440099668,0.0084383794536413,0.990044393759461,-1.95401793976006,-0.66616006793523,0.000178471715786966,0.664508219980467,1.93870415945867,13765.4760902103,0.999637651116516
"L_raw[156]",-0.0200147689728617,0.00825718337905833,1.00994013036466,-2.01204125526467,-0.689770154303298,-0.0298113191465654,0.659012635592103,1.98900806011579,14959.8555271326,0.999660799616479
"L_raw[157]",0.0182843427725044,0.00799693091958971,0.992983564466333,-1.94143217226662,-0.650823667051538,0.020191430733296,0.691770580143156,2.02119818922599,15418.3333710874,0.999862266541845
"L_raw[158]",-0.0029125731183787,0.00863393517587228,1.01207817291386,-1.99642444300177,-0.692938516537607,0.00879114032482936,0.691617827295353,1.96674883485654,13740.7535453346,0.999870123453381
"L_raw[159]",0.000506410495083464,0.00839969826137138,1.00083318354545,-1.96993072479001,-0.681143148556165,0.00151701017905591,0.669436744301969,1.97552979613015,14196.9816816879,0.999713921222139
"L_raw[160]",-0.00831641770856248,0.00873776039087274,1.00426711763799,-1.97823441108225,-0.684944141676824,-0.00711985097187317,0.661128243808388,1.96659350053556,13209.8602623333,0.999743916274721
"L_raw[161]",0.0079028114059752,0.0084173449969546,1.00545072682753,-1.96572492267839,-0.665981039116412,0.00890096895295461,0.690644375895103,1.97283366026381,14268.2703416924,0.999984634545074
"L_raw[162]",-0.00567143951539412,0.0082239742654243,0.989207969251761,-1.94094076108942,-0.676760715295301,-0.00536967139529219,0.655107177912985,1.93794744794105,14468.1075217869,1.00007838639982
"L_raw[163]",0.00744316762538134,0.00871091313676451,0.998147505949592,-1.9755536285576,-0.656546137169937,0.00878960606431392,0.685060475530493,1.92434938316832,13129.9201745487,0.999879213573538
"L_raw[164]",0.00622504024012448,0.00829810954067755,1.00931485291987,-2.01439001532378,-0.674413126944522,0.016272105128944,0.680932447073609,1.97016759569365,14794.319774188,0.999806311063936
"L_raw[165]",-0.0152459753624919,0.00793151673531514,1.00287608306079,-1.94895688764166,-0.708953142910956,-0.0135729648470241,0.672266614918678,1.93254929199289,15987.5552605807,0.999839559346768
"L_raw[166]",-0.000315002348581496,0.00858540825069281,1.01482697668569,-1.96935014829736,-0.688181246043322,-0.00931335420030938,0.683776856355843,2.00040240767885,13972.1134667779,0.999962872962352
"L_raw[167]",0.00825949811095483,0.00857358071318979,1.00580554716488,-1.96408088948999,-0.670096166967475,0.0248408016223345,0.693725879290572,1.97070801065654,13762.6977280255,0.999734528065799
"L_raw[168]",-0.0181442214364781,0.00876881254317666,0.998427846126735,-1.99028966221167,-0.693016522059212,-0.0187082610039187,0.67149557829169,1.91104203690546,12964.3813675084,0.999897618588305
"L_raw[169]",-2.34213492872209e-05,0.00817816844829681,0.988355002901246,-1.93987162025407,-0.661853309467379,0.00650333891358915,0.661529841364865,1.9366282814172,14605.4124804829,0.999826379955393
"L_raw[170]",-0.00143044970665098,0.00820875847226597,0.999082167433572,-1.97280516165322,-0.675484601938878,-0.00600903063057933,0.667617187401027,1.95948758369416,14813.1513313916,0.999983998006453
"L_raw[171]",0.0153740619771944,0.00814841824901538,0.9993777538404,-1.9445758549718,-0.659447164178698,0.018193681606677,0.691206721306563,1.94997811684989,15042.2475004704,0.999819361867623
"L_raw[172]",-0.0106404238053357,0.008260669654555,0.993691212896948,-1.99090247215434,-0.67617758238155,-0.00948442069153924,0.66604357076942,1.91943153377155,14470.128533122,0.999721171847932
"L_raw[173]",-0.0092560662460778,0.00814151368800906,0.994166579816855,-1.93881642207731,-0.693915890455212,-0.00179457458114538,0.669272014158411,1.94065266584489,14911.0423820307,0.999837360578378
"L_raw[174]",-0.00320553085121874,0.00879185301050719,0.998354422820544,-1.97007632134458,-0.674088763304149,0.00464919411080751,0.673865522973765,1.94190035234524,12894.6231822504,0.999900667496088
"L_raw[175]",-0.0010607506838756,0.0080759669481366,0.999923665186044,-1.91219185410811,-0.686984417986704,-0.00589872760869821,0.682750389456091,1.93742211465608,15330.0873040645,0.999750045813404
"L_raw[176]",0.0129726119146069,0.00866611015939692,1.01503816491364,-1.98027726319041,-0.68113950649601,0.0198996874697717,0.702066149497971,1.9841448820565,13718.8065796973,0.9997675136795
"L_raw[177]",0.00534521448288679,0.00829126283679335,0.99255595614195,-1.95685827693255,-0.656191247970576,0.0275272366939242,0.679861715096945,1.92772409759283,14330.7405779198,0.999670683569984
"L_raw[178]",0.0115305825190752,0.00871755534875169,0.993439289487854,-1.95910916970713,-0.655998065061574,0.012715961855974,0.671433678661199,1.95939720374713,12986.5334025031,0.999662226845567
"L_raw[179]",-0.00571177257719049,0.00817427388565421,1.01659096289923,-1.97068436317384,-0.681654805629386,-0.00766220823282594,0.66124682838001,1.96737322375468,15466.5738407729,0.999869966352225
"L_raw[180]",-0.0293632298963536,0.00865022986300762,1.01053064490957,-2.00995996785499,-0.72246533690577,-0.0451122937775164,0.645821543216031,1.9783106204639,13647.2038985519,1.00009834948389
"L_raw[181]",-0.00910360947490684,0.00886286659012044,1.01281351120968,-1.95092660356482,-0.69238881794854,-0.00824338760654517,0.658335290384101,1.97579051710683,13059.0188428805,0.9996995146377
"L_raw[182]",-0.000772362724155913,0.00829742437830932,1.00234341744337,-2.01024925846818,-0.669526439469594,-0.00163062355326442,0.666753731240773,1.98704448608331,14593.0637363184,0.999915654793904
"L_raw[183]",0.0124519691677407,0.00844505341578972,0.98856760104203,-1.93916252381628,-0.651165437512492,0.00742675038425235,0.679169017204404,1.98425957945729,13702.7566209813,1.00002496822797
"L_raw[184]",-0.00193695824388048,0.00824698858253481,0.992493245869506,-1.9270095299766,-0.672147491942704,0.00467264913951358,0.668906707066284,1.94128281601408,14483.1935103024,0.999734112149944
"L_raw[185]",-0.0157156324801186,0.00860611704717477,1.00026771380225,-1.97219295147213,-0.708603310427648,-0.0185201308658895,0.671178932912009,1.93193624431954,13508.8383657524,1.00006954634793
"L_raw[186]",-0.00611080064243611,0.00836765884777349,0.991557303397488,-1.95676862094087,-0.678761256643881,-0.0120974926315003,0.66779431279193,1.95968522494737,14041.9591190584,0.999835174826728
"L_raw[187]",0.00575652287473401,0.00886985961329715,0.991040833160733,-1.97471884633513,-0.644567819743481,0.00630370761140833,0.653786438450865,1.97619079811291,12483.880571711,0.999976539927609
"L_raw[188]",-0.00146000471272141,0.00773599550320712,0.995283091703546,-1.96236135524516,-0.668329065614063,-0.00104893359014783,0.670568100646208,1.9571456138273,16552.3947495444,0.999803680056289
"L_raw[189]",0.0306846249535652,0.0084533033626245,0.998023022731449,-1.90817209515179,-0.646929557897105,0.0291081329606086,0.718542108546292,1.96227243923203,13938.8906234895,0.999841478570348
"L_raw[190]",-9.38217167619924e-05,0.00810625807258345,1.00271720484482,-2.02840546578103,-0.670249586756798,0.00832508460782558,0.675396365397848,1.94626174063849,15300.8684612233,0.999844402976707
"L_raw[191]",-0.00673902157413004,0.00847310582282359,1.00902079685127,-1.96676414746194,-0.674884684303687,-0.0083057203597545,0.674961171528755,1.96710161089993,14181.2650511842,0.99982114539716
"L_raw[192]",-0.00745388987547137,0.00885954373823161,1.01126783709162,-2.01378407169246,-0.707941348272338,-0.00992600332342677,0.687515156123453,1.94250726988769,13028.9577807667,0.999803896312592
"L_raw[193]",0.00205420232664784,0.00823698719829543,0.991646220992128,-1.92082572703061,-0.66038253916104,-0.0115412904999649,0.676306429997592,1.97086877260159,14493.6156529256,0.999802517378416
"L_raw[194]",0.0163473282917592,0.0085008333253921,1.00681357675399,-1.95474144485607,-0.658564200952261,0.0215248010078775,0.689191721193189,1.99895288471208,14027.3335630455,0.999788959821535
"L_raw[195]",-0.00157051903742327,0.00830770658317604,1.00158523386347,-1.96663449776517,-0.676252986244432,-0.0129905024808759,0.680691833964261,1.9796535656764,14534.9495108975,1.00005318575605
"L_raw[196]",-0.000347394656939677,0.00850683634379396,0.984960998337327,-1.92155500645141,-0.649048434930841,0.00799038545838,0.656676017935592,1.93974963566968,13406.0832609637,1.00000451238399
"L_raw[197]",-0.0154394404258782,0.00871594893677101,0.990609517996187,-1.94951168134025,-0.692075822991493,-0.0108248754422653,0.676440474051725,1.91087280396418,12917.4157740083,0.999978200713845
"L_raw[198]",0.004637417343122,0.00853547881235777,1.02092429241682,-1.99379597919707,-0.691273362174282,0.00926830963144647,0.703856081431165,2.01858500620228,14306.4307921317,0.999949283095765
"L_raw[199]",0.00208280283109631,0.00833456114563868,1.01500334951024,-2.01193055337362,-0.690548668397425,-0.00325332927929421,0.686999354933902,2.00485133952463,14830.9672764998,1.00036851110294
"L_raw[200]",0.00312431102831032,0.00905461906505795,1.01344091232608,-1.97515574871095,-0.688315297939931,0.001997232391185,0.687076667021157,1.9789953288326,12527.2717191036,0.999736759845404
"L_raw[201]",0.00599076964888069,0.0085404516670246,1.01033720056046,-1.98123366043046,-0.661200780536327,0.00452201103754289,0.68181180395716,1.98163158092581,13994.9389894839,0.999838187052673
"L_raw[202]",-0.0203229524347659,0.00857205773244729,0.996095231214512,-1.96417361728516,-0.695871836037936,-0.0210056636515783,0.664916231873011,1.94012373289581,13503.0397828871,0.999847222679598
"L_raw[203]",0.000238863290665762,0.00865806809793195,0.994526778261825,-1.95685686903826,-0.671110738101138,-0.00945156445600009,0.680249677748817,1.93973940361591,13194.4401615314,0.99986947579017
"L_raw[204]",0.000414022674530325,0.00906212599307572,1.00728484397252,-1.94935933019232,-0.682496419117658,0.000379670274847758,0.680379638127727,1.9449392501268,12355.0471426728,0.999900289287157
"L_raw[205]",0.00104422318131015,0.00838136138216379,0.99296601546216,-1.93825335933694,-0.662301370238865,0.0035841395842712,0.659891311853802,1.94608058074516,14035.8796725962,0.999881651293183
"L_raw[206]",0.0119520875607679,0.00805487963470386,0.992111343304244,-1.95110991870133,-0.650344866860499,0.0159829670328483,0.688834300179601,1.95178028759506,15170.5986946868,0.999886283455528
"L_raw[207]",0.00704057502457754,0.00815445183892758,1.00796342510896,-1.97446557938888,-0.664711402243108,0.0060151262210725,0.684099428094781,1.989681540901,15279.17844626,1.00017902947659
"L_raw[208]",0.00405298949715995,0.00859385689721209,1.0044925060721,-1.95973953307183,-0.677089333686714,0.0223761442037243,0.674056187047571,1.95690979164267,13662.090783941,0.999791840101691
"L_raw[209]",-0.00341286469199696,0.00819121298985207,0.974706243502679,-1.94246767872123,-0.64552763632928,-0.00526518326742851,0.654678344906479,1.90186525293608,14159.6023971676,0.999695867800354
"L_raw[210]",-0.00418552251694914,0.00849112315848291,0.987061698156494,-1.9601166794312,-0.670020598822723,0.00617642040137378,0.663348661648407,1.95701922663479,13513.2035817553,0.999917842399693
"L_raw[211]",-0.00272052783692606,0.00812886481544965,0.989923755203615,-1.98327368441671,-0.671813149847177,-0.0105925883681301,0.664222860264243,1.96391390179773,14830.0866945445,0.999721829956819
"L_raw[212]",0.0149004315067525,0.00825506425203364,0.993953939600803,-1.93740659363105,-0.67453478773902,0.0119655435332533,0.697459309037043,1.95563731670678,14497.4494481166,0.999980075055002
"L_raw[213]",0.00250358820632062,0.00850385578935386,0.996333233216123,-1.96355162971035,-0.661059346562161,0.00485941687745713,0.671415958034686,1.97359116310107,13727.0577245345,1.00002232100024
"L_raw[214]",-0.00106462570406284,0.00824123890616778,1.00285352247165,-1.95631064181246,-0.67918060887488,0.0143714463033649,0.676601140091613,1.94904455585804,14807.7815969541,0.999863507946779
"L_raw[215]",0.00916484396308107,0.00832437817279804,0.99850156599451,-1.92771622576548,-0.664696429139836,0.00565011378020824,0.685753937767058,1.97958479387269,14387.7835967648,0.999856257632353
"L_raw[216]",-0.0046932453314041,0.00826186449779459,1.00022532554786,-1.95841485436193,-0.657353784545968,-0.0187205618515677,0.645499126090655,1.94469020540974,14656.8133574414,0.999867055597103
"L_raw[217]",-0.00167460318977311,0.00771224119968562,0.992641386645659,-1.95801721278384,-0.65878662010495,-0.00294316449542938,0.673001961537081,1.94600019964009,16566.2247750785,1.00006992305443
"L_raw[218]",0.00188985572445777,0.00842969300798538,1.00500621628085,-1.95360150084985,-0.676528177486623,-0.0060087969441317,0.674074528652221,2.02059433064149,14213.9236537729,0.999847445008132
"L_raw[219]",0.00641169965043881,0.00858483602068222,0.999800422605944,-1.92221732713109,-0.6754636245173,-0.0167946838906752,0.68264257582659,1.98349230819783,13563.2143024953,0.999819382689988
"L_raw[220]",0.00775817608639172,0.00832324396345158,0.998761313180816,-1.92742562874281,-0.668676187305546,0.017255079192021,0.682614989913425,1.94597319376238,14399.1937170053,1.00032645460978
"L_raw[221]",-0.00900981979708667,0.00831921762397711,1.00351165232819,-1.98112467159856,-0.680997330183647,-0.0138370092456254,0.673693494745834,1.96210113270399,14550.5653868712,0.999730452231387
"L_raw[222]",0.00578979558573323,0.00803577042639896,0.995470712604221,-1.93525843135157,-0.665152970737822,0.00786742485437295,0.679712417470625,1.94979274842491,15346.2381262432,0.999696326998975
"L_raw[223]",0.00524553275096885,0.0088386618533181,1.0004398425408,-1.95063046237674,-0.668294257106714,-0.000733017337522843,0.682805296479001,1.95758578584264,12811.7637059464,0.999817211117302
"L_raw[224]",0.0044177395977288,0.00782765422455315,0.994709604980519,-1.90745590953653,-0.681620614237757,0.0118877020211553,0.679540365980331,1.9775997657759,16148.3947377096,0.999822273947654
"L_raw[225]",0.0112554633369917,0.00807762235538866,0.986782450043587,-1.89476760823328,-0.664942209544562,0.0230209712753232,0.681633846396525,1.93409141822017,14923.6736553759,0.999771632096414
"L_raw[226]",-0.00242270051274531,0.00818763026244825,1.01091960361135,-1.97400449090799,-0.688831725240525,-0.0113662716780983,0.698673809947233,1.99253447377878,15244.6266162463,0.99980683689411
"L_raw[227]",0.00312346492127963,0.0086025986562601,1.00387100974322,-1.97156177513799,-0.659409333309167,4.20169178261295e-05,0.671702975385064,2.02049872594406,13617.4723311613,0.999742594902514
"L_raw[228]",-0.00824506063545273,0.00832519211350902,1.01195816460943,-1.98228510378582,-0.687388537318539,-0.0101685238134119,0.676620473009186,1.97795998153506,14775.3095761057,0.999746102535668
"L_raw[229]",0.00591072026482253,0.00871734783060259,0.986583429687805,-1.91559806764541,-0.658766661536372,0.000280042740119157,0.651238836343948,1.9365505921627,12808.5180212823,0.999951724801047
"L_raw[230]",0.00285967788204305,0.00854180493276139,1.02267515760791,-1.97385772210541,-0.69392676334021,-0.00992872612100686,0.685669977942331,2.04388430605955,14334.2876101159,0.999911214523065
"L_raw[231]",0.00869191839320777,0.00873735522228014,0.994378133935875,-1.95141423529839,-0.654494499182945,0.0174345958207268,0.683438870832777,1.93604967516728,12952.1882028851,0.999938434345791
"L_raw[232]",0.0136286403957155,0.00848957131785298,1.01579933816898,-1.98231091786035,-0.669953043089386,0.0197679614670756,0.697856073652907,1.98931737152685,14316.7462963716,0.999830669825943
"L_raw[233]",-0.0155296249470159,0.00853152156326923,1.00640520730384,-2.00957845630229,-0.693487886183195,-0.0107786841028337,0.663962689098768,1.99016151619573,13915.3061242171,0.999702834512005
"L_raw[234]",-0.0051928875081625,0.00841902856206693,0.994700023347998,-1.96294067710874,-0.694930347444726,-0.00196663438010954,0.670396999292439,1.90272159766386,13959.1923131341,1.00004501912623
"L_raw[235]",-0.00972500781783356,0.00856486530482303,1.011436078999,-1.97837166797426,-0.70392458579199,-0.01166003665713,0.667795053781801,1.98270215307116,13945.5551585104,0.999851064242881
"L_raw[236]",-0.00385081446033173,0.00916509750001612,1.01616039699071,-1.96211926707975,-0.689780094706696,-0.00204640986125645,0.680264174228617,2.00001727273661,12292.7868501665,0.999766770040491
"L_raw[237]",-0.00344430885932287,0.00795037519377101,0.998207211100688,-1.98461739209339,-0.672110703019269,0.000140967121645058,0.655852527707856,1.97954534383103,15763.9902332082,0.999747336646877
"L_raw[238]",-0.00900980312752726,0.00821332300023678,1.00174365948798,-1.96874522294378,-0.675969897388415,-0.0111348464653246,0.663114893514019,1.94379916003392,14875.6310985142,1.00015362547405
"L_raw[239]",-0.0122594891677761,0.00797563621269159,0.987546005367982,-1.9750840146234,-0.664884617993191,-0.0160093523059053,0.647728248444728,1.94339715778359,15331.4771502812,0.999729100332484
"L_raw[240]",0.0102515067867953,0.00797305831403649,0.985499005528197,-1.93565814255346,-0.647653727562249,0.00701725192170371,0.670891612089974,1.95559251895618,15277.8590765334,0.999869508859899
"L_raw[241]",0.00711465887338361,0.00847328705589426,1.01713023518801,-2.00878236505274,-0.664684747486541,0.00922827653264106,0.685352329540901,1.97907032611909,14409.5125471166,1.00000497594098
"L_raw[242]",-0.0103399426800714,0.00879076163761992,0.989751737515117,-1.9552810705542,-0.680376963499058,-0.0167795718674171,0.669699919909833,1.9339679768692,12676.5051474389,0.99988860137076
"L_raw[243]",-0.0124700643061596,0.00856301536537837,1.00013257320107,-1.99642267474488,-0.685939182364792,-0.0133833294005957,0.666972072811995,1.93208316452332,13641.4864935289,0.999746923037286
"L_raw[244]",0.018505345105006,0.00850065221769636,1.00938237205772,-1.96211607646952,-0.656828889923598,0.0207257041124657,0.690513666354999,1.99648173329406,14099.6046342552,0.999892246463947
"L_raw[245]",-0.00677545437281643,0.00841161338713419,0.996222796211527,-1.94066706342736,-0.688738817944813,-0.021859047026836,0.665232497587147,1.951035046143,14026.6623765662,1.00003756353997
"L_raw[246]",-0.00178718548558472,0.00802323130364962,0.990915333716819,-1.92220758868988,-0.662388225932473,-0.00645074171769616,0.663267079668318,1.94829794752982,15253.6744127154,0.999645611748137
"L_raw[247]",-0.00434537352421929,0.00820868977055591,1.02289750780567,-1.99310915801708,-0.693939810184574,0.00988962016925383,0.684146126718781,1.98164441039872,15528.0369369167,0.999903734951141
"L_raw[248]",0.00782986027448784,0.00865422503365126,1.01025932583933,-1.94221099119492,-0.68859039780823,-0.01337262583717,0.694705635251325,2.02119617469176,13627.2859347838,0.999721668960723
"L_raw[249]",-0.00462367989127754,0.00821195872045187,0.993779449529861,-1.95950478412888,-0.673877853774434,-0.00748425464015294,0.672933974696252,1.97172536238839,14644.9032916675,1.00023008191653
"L_raw[250]",0.000435576957322471,0.00867502911989046,1.01624900069274,-2.00402732442008,-0.691049055202434,0.0101495939947282,0.680583408542979,2.00654040926918,13723.2944112278,1.00010938693539
"L_raw[251]",0.00434432826343707,0.0080218370840604,1.00585690297488,-1.98043558932368,-0.677090305440453,0.0153256712376092,0.674915751982604,1.98267744303736,15722.6130537216,0.999761785358398
"L_raw[252]",0.00630269653686773,0.00827863574539096,0.999760311715062,-1.94323810596355,-0.672482036381595,0.00831526535157777,0.680035625653046,1.94101639082249,14583.9187386336,0.9998700722921
"L_raw[253]",0.00160581537056306,0.00816880434971961,0.975064365275703,-1.91642878628054,-0.651695874345991,0.00870529122176491,0.641943007223464,1.91652918535273,14247.8580981173,0.999671570769625
"L_raw[254]",0.00470041886475803,0.00817068706804423,1.00783406245373,-2.00967031766834,-0.65465991193609,0.00737563243761328,0.673351834990066,1.97946759685643,15214.6129822106,0.999713336249801
"L_raw[255]",-0.00529970170027517,0.00833816613572678,1.00404616877024,-1.95809182959881,-0.693683416156518,0.00409998485677894,0.674404892439931,1.94183641409512,14499.9424476348,0.999814030085832
"L_raw[256]",-0.0137151727181221,0.00811904990436089,0.989893191767077,-1.96977108564145,-0.689962560013366,-0.00712032141980768,0.659526237960134,1.93007029503097,14865.0458441082,0.999730769386421
"L_raw[257]",0.0058727184542443,0.00858562790688111,1.00516881224156,-1.9931506978247,-0.671495154535092,0.00530797861160079,0.682621348848501,1.97343887575881,13706.7308514072,1.00003727083403
"L_raw[258]",-0.0029737686136038,0.00849083315737413,0.998516792575074,-1.98185837971368,-0.67081599916086,0.00777081624273011,0.665912207243709,1.91719858054586,13829.6163254978,0.999781196833298
"L_raw[259]",-0.00343295508334598,0.00827395185280221,0.992192458720734,-1.93622650903987,-0.668764798603465,-0.00650283165966231,0.675452010087491,1.96913393283665,14380.2310801246,0.999807173834757
"L_raw[260]",0.00915470276783249,0.00860441562334023,0.993927125072433,-1.9387036235863,-0.67544363620486,-0.000753933862752602,0.695555436277628,1.95592490384025,13343.3944840179,0.999798845972748
"L_raw[261]",0.00338902711373371,0.00893827557242382,1.01712897031069,-1.98708412588674,-0.676494305791838,-0.00177046965586142,0.681505930586117,1.98002518889686,12949.2485933862,0.999663989711487
"L_raw[262]",0.00250622458165164,0.00849378368117115,0.987011290625809,-1.94193529970455,-0.659647949189101,-0.000964925140143746,0.66364289864981,1.91951056543319,13503.3600868394,0.999832334413429
"L_raw[263]",-0.00343578117056199,0.00831418519765918,1.00594166105276,-1.97959491926984,-0.681899803686972,-0.00620738464886001,0.659355950030471,1.97591370325209,14638.8244036372,0.999865616397195
"L_raw[264]",0.00471866981999989,0.00838179468356556,0.99394814974392,-1.94968738026913,-0.644870516996409,0.00913367408800223,0.653009990162057,1.94998991677376,14062.2049242038,0.999868132297165
"L_raw[265]",0.00627640956305964,0.00828012797310779,1.00409013432246,-1.96165323820931,-0.68287816594785,-0.00384451075208801,0.687239316502447,1.97568400358632,14705.2124000413,0.999778651516821
"L_raw[266]",0.00431444597251328,0.00790374473095824,1.00752944266411,-1.96157481458958,-0.66752349766668,-0.000502233338235836,0.682800081150253,1.94976876453934,16249.8621766402,0.999903319549103
"L_raw[267]",-0.00729328991621218,0.00852249661930501,1.0012760177111,-1.97203420052748,-0.680906003629987,-0.0131844694745574,0.661608540486456,1.95990184183374,13803.0147833435,1.00014591979327
"L_raw[268]",-0.00474917962282927,0.00846566848909574,0.995870140902684,-1.92820522172095,-0.672120992493323,-0.0173307746221447,0.669549347103633,1.95541130706572,13838.3052701343,1.0000257916965
"L_raw[269]",-0.00856674469493371,0.00835741800437272,0.966820909369559,-1.8808201106475,-0.664783408135166,-0.0200799833537038,0.653055781343388,1.88937465628256,13382.8256435522,0.999714880045432
"L_raw[270]",-0.0118666369109478,0.00823303546148421,0.998140187598506,-2.00191248471133,-0.688499693317725,-0.0100272833025493,0.650138807663402,1.95660754620433,14698.1647623757,0.999874522009676
"L_raw[271]",-0.00597154100272218,0.00792292459147536,0.996380548495671,-1.97431375653803,-0.679137719771843,-0.00649522246840045,0.657785653123171,1.9823255712219,15815.3728993297,1.00001593779665
"L_raw[272]",-0.0139083124409261,0.00892874933938238,1.00117026724507,-1.99487734170403,-0.687412218903523,-0.0137621500583216,0.662987701704464,1.93378738528392,12572.8757844613,0.999847151801208
"L_raw[273]",-0.00800632905932681,0.00828122323374446,0.992737190316521,-1.93224032005987,-0.67663345216023,-0.0134954677243205,0.660380520870075,1.9398935961271,14370.755483235,0.999994790384898
"L_raw[274]",0.0110976495666074,0.00853478628564109,0.993026973947298,-1.95533544252862,-0.656164301397114,0.00759413322366271,0.688459672149897,1.94015507825081,13537.4476355766,0.999922115404252
"L_raw[275]",-0.00589739291998867,0.00823530040391486,1.02672692790598,-2.01134495210941,-0.702202235488573,-0.00681945320358803,0.69066471330525,1.99443598292296,15543.5785822356,0.999825754827457
"L_raw[276]",0.00791967443028335,0.00856402957791908,0.990093678681001,-1.94312091870682,-0.674446322496085,0.00795546811708395,0.684605071799068,1.92711207660607,13365.8400119378,0.999795288469553
"L_raw[277]",-0.000789767848767452,0.00841663192982592,1.01187815973182,-1.97006446669801,-0.682209637170264,-0.0145620318979154,0.679149671094112,1.98742199113386,14453.7245458251,1.00039058309661
"L_raw[278]",0.0109620317186403,0.00831772476410431,1.01392857640594,-1.94530555899378,-0.672464686060463,0.0210204645165221,0.703599580315862,1.97735549228285,14859.549257959,0.99978157545254
"L_raw[279]",-0.00487774896775842,0.00923789911980493,1.00983338102069,-2.04121668897433,-0.684915663664767,0.00173987860011027,0.682385903621544,1.9417291504334,11949.59027606,0.999879811066306
"L_raw[280]",-0.00337226405072464,0.00843838436954908,1.01734108347993,-1.95474531642276,-0.682648422295029,-0.0179243871182929,0.686072596168249,1.97021328610044,14534.9840241676,0.999956274833045
"L_raw[281]",0.00442744597084206,0.00871247564984931,1.00039995877696,-1.95585996613166,-0.673018486396788,0.0085177257665031,0.69068954470562,1.98543977680055,13184.5155174476,0.999958019355631
"L_raw[282]",-0.000368688982278007,0.00823753278196355,0.98900054100353,-1.91134752390105,-0.669139470647988,-0.00615609746004979,0.667755943331553,1.94135343132882,14414.4722530238,0.999663698971499
"L_raw[283]",-0.0228387621339575,0.00774424124960613,0.987014003102643,-1.98328790555307,-0.680389664934021,-0.012818667797542,0.630210785431055,1.91372082870805,16243.8466535115,0.999975460825477
"L_raw[284]",0.00283171677364429,0.00829371798868814,0.988611194188894,-1.94709835316301,-0.662753298300178,0.00689295550536946,0.673708838073795,1.92632935826227,14208.6402856433,0.999767317468519
"L_raw[285]",-0.00694260160668777,0.00847912353106973,0.982079368576077,-1.94131824384741,-0.67491023393071,-0.00341321166334547,0.66686095454278,1.88532750457532,13415.017701879,0.999799916198173
"L_raw[286]",0.00261064978378996,0.00815572857907754,0.983586516409873,-1.94723119973068,-0.639118449513715,0.0097768637458578,0.651303577236125,1.93686140162821,14544.5270885902,0.999957374243907
"L_raw[287]",0.0149581444014788,0.00891450049225418,1.01053917952532,-1.96649012120235,-0.673159883908248,0.0177824906338031,0.711110964501127,1.98340351950201,12850.2709742288,0.99994752179544
"L_raw[288]",0.00985586889217311,0.00866396557432092,1.00673776158516,-1.98781873065788,-0.668890467834948,0.0194849134845281,0.682738775752328,2.00172490472291,13502.0366234924,0.999840539730913
"L_raw[289]",-0.00490712858155455,0.00842862064150742,1.00130170387602,-1.95739786862734,-0.682279916191364,-0.00481972783848546,0.666039927511533,1.97180242454957,14112.9205161715,0.999769853725181
"tau_bar[1]",2.40371441002945,0.00200741616338554,0.227018325579107,1.99296097547626,2.24454172742407,2.39244591754526,2.5532381620958,2.86739963494824,12789.3065985617,1.00011666997802
"mu_E[1,1]",3.13924336741557,0.00271020176600472,0.190260634372933,2.78170298399836,3.04219184971834,3.14133814216786,3.24107344684023,3.48826060004945,4928.2715884587,1.00031962191124
"phi_E",0.66000121577838,0.00322531871449289,0.147041545274145,0.331938728368224,0.566370699581381,0.673877552840129,0.765194272656907,0.909241701738745,2078.42732382055,1.00150844792206
"omega_E[1,1]",-0.129900464244185,0.00366504569450913,0.309843383258644,-0.730196261253592,-0.331861941689661,-0.13105032795852,0.0682466786692886,0.483215992274794,7147.03098721968,1.00026229786879
"omega_E[2,1]",-0.286499941102302,0.00297744903904476,0.243145119230178,-0.75544853675106,-0.432778807184432,-0.285300979690699,-0.137805107127027,0.17801846374527,6668.71931436336,1.00031446763192
"omega_E[3,1]",-0.313201453448625,0.00303766176443926,0.246162617368669,-0.775011631790748,-0.464989107024731,-0.315448592077232,-0.162523210387621,0.15662977600622,6566.97514559471,1.00009443925557
"omega_E[4,1]",-0.373338962356786,0.00346082122040666,0.273174032779671,-0.900760616168236,-0.544482152149396,-0.378444002364845,-0.202216086411007,0.159012677378037,6230.46553610304,1.00032704393131
"omega_E[5,1]",0.0122768508609842,0.00296016958459323,0.251132747290916,-0.469738656703222,-0.141197655619791,0.0111861894224361,0.163784938540208,0.500606505017019,7197.36473096769,1.0001394678259
"omega_E[6,1]",0.0411398300239587,0.00352794220804302,0.307296299946713,-0.562691894476861,-0.156125370310288,0.0402892964945945,0.234730472551202,0.654938347861617,7587.02888831426,0.999872124634254
"omega_E[7,1]",0.0116429006448759,0.0030815729753224,0.261354724582919,-0.495440562906126,-0.148685324963299,0.00991503433162266,0.172664195163707,0.519244480996592,7193.09501695226,1.00006056226365
"omega_E[8,1]",0.103491411697881,0.00311421983438789,0.251799267826625,-0.376101940371409,-0.0502879915593012,0.102008252209566,0.256593573466812,0.595374507010797,6537.48029916146,1.00011442122517
"omega_E[9,1]",-0.00903219285571208,0.00325239858973484,0.259937544929925,-0.502103886555781,-0.170745554745012,-0.00828703221744231,0.155771155962551,0.48906974862819,6387.49388527699,1.00015309297506
"omega_E[10,1]",-0.576303420247618,0.00354661328760225,0.265002349710843,-1.08214449496359,-0.741369920252654,-0.577874915395499,-0.41478731315248,-0.0591969887009573,5583.05332327618,1.000004064039
"omega_E[11,1]",-0.412617815647862,0.00315002412568064,0.264566307400816,-0.931446736328142,-0.573961628199195,-0.412004504397015,-0.247691764299459,0.0903829696411772,7054.09512149832,0.999907215751041
"omega_E[12,1]",-0.689473927861959,0.00341543996800081,0.280783444362497,-1.24922974949004,-0.860707503280556,-0.68664895493141,-0.509739850846222,-0.158520931127435,6758.49009794182,1.00002387508528
"omega_E[13,1]",-0.447022891700393,0.00316695053447637,0.263437805161474,-0.954927453384967,-0.61436448215773,-0.446242927725575,-0.283447673655797,0.0558477799887053,6919.48287229865,0.999885581029566
"omega_E[14,1]",-0.42901956324206,0.00304677042014564,0.261864985784019,-0.940971841782409,-0.591502487010478,-0.429616984813838,-0.261932957820442,0.0777363005253518,7387.1242469494,0.999795946112478
"omega_E[15,1]",-0.226780731597171,0.00337337278234976,0.25771454845646,-0.72038458422477,-0.386264499696103,-0.225781119999291,-0.0675321563283002,0.268249801246011,5836.45577157486,0.999920511554185
"omega_E[16,1]",-0.733474672644676,0.00293226139679817,0.223607945376264,-1.16126671936813,-0.864545071805316,-0.734046136195378,-0.603962673029226,-0.305441933235154,5815.25945872435,1.00032721220387
"omega_E[17,1]",-0.700580328102833,0.00292408620520183,0.227295466610082,-1.12911846695697,-0.834021645950323,-0.701687307571365,-0.566699681247672,-0.268344334522802,6042.28496880308,1.00013124007757
"omega_E[18,1]",-0.68845429250644,0.00298359244371826,0.224215628875608,-1.11804593776447,-0.818715227354434,-0.692170638138145,-0.55783955070569,-0.255907952243112,5647.45483229643,1.00020361741871
"omega_E[19,1]",-0.031020409558212,0.00287200317118562,0.222314554190023,-0.456660809035795,-0.161011192763641,-0.0309592595038582,0.101519675742493,0.386636699901956,5991.91936991519,1.00013854383292
"omega_E[20,1]",0.248132248937825,0.00289279294420584,0.217650209254933,-0.173786863400243,0.124225615063086,0.247574643669639,0.374025460926802,0.655799917920985,5660.87387753474,1.00032455376553
"omega_E[21,1]",0.224712227655834,0.00309198271728239,0.242938962531834,-0.230635160455139,0.0744712236010078,0.223640165575302,0.372158324181006,0.685455477166387,6173.34046738171,1.00044073796425
"omega_E[22,1]",0.213044703865193,0.00311104194805785,0.251994156791608,-0.259365724194954,0.0564035120586487,0.209539181245282,0.365902480192567,0.70524450845512,6560.98745045662,0.99996923264808
"omega_E[23,1]",-0.026601102645756,0.00296944941077904,0.23385889064596,-0.4721835030239,-0.168573482944322,-0.0282775946348169,0.113437127273713,0.433455684279773,6202.34484265379,1.00003081815961
"omega_E[24,1]",0.205945243571351,0.00287473719300046,0.213705135736032,-0.201981626315414,0.0832836952814736,0.204708913953733,0.32875614664574,0.623305908100498,5526.28938000083,1.00016017905305
"omega_E[25,1]",-0.410305013079264,0.00524252354540377,0.327200229223357,-1.0599756696926,-0.620904344169159,-0.405736652261695,-0.192787715757136,0.200288249051528,3895.34940572099,1.0007861557108
"omega_E[26,1]",0.0247521087595622,0.00287670842539715,0.216714699637828,-0.397460977971474,-0.101022052130595,0.0238791727540562,0.146107623578139,0.4420283586036,5675.25068652582,1.0001462129553
"omega_E[27,1]",0.0970367672553106,0.00302081247867929,0.224775614120449,-0.339348481065297,-0.0354046375809704,0.0993200483819041,0.228167638330843,0.521634660253034,5536.69821661689,1.0005892818001
"omega_E[28,1]",-0.0222628133018032,0.00399132657078081,0.342886957410084,-0.70300051414453,-0.241061786014061,-0.0179874038395661,0.195688795239063,0.658895195363469,7380.18766532121,0.99998238640328
"omega_E[29,1]",-0.143485281375529,0.00290729568940675,0.223526337739422,-0.566056125043688,-0.275997030733416,-0.145355300816495,-0.0129831528237898,0.296596514801874,5911.2455029604,1.00038619151118
"omega_E[30,1]",0.0511534610601306,0.00395881412051693,0.33899304616015,-0.606756937640045,-0.164665709305381,0.052323163815275,0.267058818812786,0.716629113045504,7332.48794597131,1.0000840048983
"omega_E[31,1]",0.265819518243402,0.00304048412300914,0.244026677351497,-0.189915262640127,0.11391330716801,0.26367427522242,0.412532087393969,0.740455056691673,6441.53147813938,1.00018728273233
"omega_E[32,1]",0.374031896094307,0.00453922371164492,0.351821850999202,-0.302667456439756,0.144356210754498,0.370393452207917,0.595266472305927,1.09483219350835,6007.34320333926,1.00024503415477
"omega_E[33,1]",0.570539572341431,0.00299483369697354,0.245059182521746,0.111543846972414,0.420247783682039,0.562947893614649,0.716675641222804,1.06117972320122,6695.70850888544,1.00005137904619
"omega_E[34,1]",0.455195694883374,0.00414121395913821,0.351279025030795,-0.240976527168334,0.231034060080815,0.454223059314097,0.676628639193716,1.14356309303684,7195.30319524516,0.999931701717791
"omega_E[35,1]",0.449329249443036,0.00293767689996899,0.232385419749238,0.0244376758648856,0.308424084288667,0.444112318128687,0.5853362850524,0.908666079134837,6257.62733758686,1.00017648269604
"omega_E[36,1]",0.488836034277923,0.0032622870436785,0.263989842937695,-0.0205234556284682,0.325932967400772,0.48281214883446,0.653016312239221,1.00859495772364,6548.32299316964,1.00007923535604
"omega_E[37,1]",0.463335330029841,0.00290316542267486,0.217597372895656,0.0646031729828981,0.335455353252902,0.459993574240332,0.58576391058564,0.889807182961829,5617.76709619525,1.00057796187567
"omega_E[38,1]",0.489650754516516,0.00304432061165203,0.238474474828473,0.042006674854704,0.343165112858023,0.48655836524253,0.635485931312561,0.957619249073683,6136.24972888916,1.000025047771
"omega_E[39,1]",0.327604561170365,0.00296718322083181,0.226479661143257,-0.0913492674232456,0.192191340530983,0.323484843593687,0.458185941091803,0.778051615160303,5825.98932165076,1.00032081611016
"omega_E[40,1]",0.723284992673722,0.00308553345975155,0.243868119992532,0.263586552833716,0.571272634872319,0.721126196210518,0.871133399516791,1.20095618327791,6246.68404326266,1.00005123181617
"omega_E[41,1]",0.391966863345003,0.00282760245015303,0.219847988554595,-0.0223540368305789,0.262279012761916,0.392087120173468,0.519542586514342,0.806830074075136,6045.16688131328,1.00008755402509
"omega_E[42,1]",0.159095640249138,0.00293910652639529,0.225175724421525,-0.267816986894917,0.0244757347434165,0.156635740336944,0.290745456927395,0.589864365400064,5869.65374861387,1.0002168534062
"omega_E[43,1]",0.214396646708031,0.00284713373958002,0.21367331668678,-0.194715874155213,0.0896757866907859,0.210725970166435,0.336504280695538,0.62025403695696,5632.28790820754,1.00017960591239
"omega_E[44,1]",0.139139935914084,0.00353608241331189,0.356409711051668,-0.549145120582133,-0.09013050740536,0.139995614879822,0.368727474897484,0.843513566915651,10159.0781405551,0.999756492136189
"omega_E_0[1,1]",-0.129900464244185,0.00366504569450913,0.309843383258644,-0.730196261253592,-0.331861941689661,-0.13105032795852,0.0682466786692886,0.483215992274794,7147.03098721968,1.00026229786879
"lambda_E_S[1,1,1]",57.4634471686205,0.170807406095487,16.0351223836849,33.3009813164076,46.0217741658523,55.2205509757048,66.0817340100078,94.8837181020881,8813.1500197548,1.00066691466998
"lambda_E_S[1,2,1]",17.584126303214,0.0270152091270676,3.00308815505389,12.5593645677178,15.4628263627564,17.300666371481,19.4038348761165,24.1208221127453,12357.1834595696,0.999747702076458
"lambda_E_S[1,3,1]",17.584126303214,0.0270152091270676,3.00308815505389,12.5593645677178,15.4628263627564,17.300666371481,19.4038348761165,24.1208221127453,12357.1834595696,0.999747702076458
"lambda_E_S[1,4,1]",17.584126303214,0.0270152091270676,3.00308815505389,12.5593645677178,15.4628263627564,17.300666371481,19.4038348761165,24.1208221127453,12357.1834595696,0.999747702076458
"lambda_E_S[1,5,1]",17.584126303214,0.0270152091270676,3.00308815505389,12.5593645677178,15.4628263627564,17.300666371481,19.4038348761165,24.1208221127453,12357.1834595696,0.999747702076458
"lambda_E_S[1,6,1]",17.584126303214,0.0270152091270676,3.00308815505389,12.5593645677178,15.4628263627564,17.300666371481,19.4038348761165,24.1208221127453,12357.1834595696,0.999747702076458
"lambda_E_S[1,7,1]",48.1001636531591,0.080550643214155,8.5444796214925,33.7826436369733,42.0035324979761,47.3170602862608,53.1707266460906,67.1905484863495,11252.0903634786,0.999814956619505
"lambda_E_S[1,8,1]",48.1001636531591,0.080550643214155,8.5444796214925,33.7826436369733,42.0035324979761,47.3170602862608,53.1707266460906,67.1905484863495,11252.0903634786,0.999814956619505
"lambda_E_S[1,9,1]",17.1123142172065,0.0247554364287863,2.87222696954642,12.2899955869214,15.1013314084685,16.8331969078648,18.8184250718107,23.5447292643964,13461.5893229449,0.999899481362905
"lambda_E_S[1,10,1]",17.1123142172065,0.0247554364287863,2.87222696954642,12.2899955869214,15.1013314084685,16.8331969078648,18.8184250718107,23.5447292643964,13461.5893229449,0.999899481362905
"lambda_E_S[1,11,1]",17.1123142172065,0.0247554364287863,2.87222696954642,12.2899955869214,15.1013314084685,16.8331969078648,18.8184250718107,23.5447292643964,13461.5893229449,0.999899481362905
"lambda_E_S[1,12,1]",17.1123142172065,0.0247554364287863,2.87222696954642,12.2899955869214,15.1013314084685,16.8331969078648,18.8184250718107,23.5447292643964,13461.5893229449,0.999899481362905
"lambda_E_S[1,13,1]",17.1123142172065,0.0247554364287863,2.87222696954642,12.2899955869214,15.1013314084685,16.8331969078648,18.8184250718107,23.5447292643964,13461.5893229449,0.999899481362905
"lambda_E_S[1,14,1]",46.8032864711931,0.0724887153454471,8.14582969813893,33.005022513169,41.086437906923,46.0021705687257,51.6321516763425,65.1990003502197,12627.8625479502,0.999945449272886
"lambda_E_S[1,15,1]",46.8032864711931,0.0724887153454471,8.14582969813893,33.005022513169,41.086437906923,46.0021705687257,51.6321516763425,65.1990003502197,12627.8625479502,0.999945449272886
"lambda_E_S[1,16,1]",16.2248644624276,0.0363191176465628,3.33062998958117,10.6875902000036,13.8166648817398,15.9000485468981,18.2388629507749,23.6669447146535,8409.73282009424,0.999957369792252
"lambda_E_S[1,17,1]",16.2248644624276,0.0363191176465628,3.33062998958117,10.6875902000036,13.8166648817398,15.9000485468981,18.2388629507749,23.6669447146535,8409.73282009424,0.999957369792252
"lambda_E_S[1,18,1]",16.2248644624276,0.0363191176465628,3.33062998958117,10.6875902000036,13.8166648817398,15.9000485468981,18.2388629507749,23.6669447146535,8409.73282009424,0.999957369792252
"lambda_E_S[1,19,1]",16.2248644624276,0.0363191176465628,3.33062998958117,10.6875902000036,13.8166648817398,15.9000485468981,18.2388629507749,23.6669447146535,8409.73282009424,0.999957369792252
"lambda_E_S[1,20,1]",16.2248644624276,0.0363191176465628,3.33062998958117,10.6875902000036,13.8166648817398,15.9000485468981,18.2388629507749,23.6669447146535,8409.73282009424,0.999957369792252
"lambda_E_S[1,21,1]",44.3742259013273,0.101794828923405,9.3425119774835,29.0161731707247,37.699291027947,43.3615087231854,49.9110538795165,65.4734855124708,8423.17634320923,0.999855854454598
"lambda_E_S[1,22,1]",44.3742259013273,0.101794828923405,9.3425119774835,29.0161731707247,37.699291027947,43.3615087231854,49.9110538795165,65.4734855124708,8423.17634320923,0.999855854454598
"lambda_E_S[1,23,1]",23.7223449993602,0.0364671049973973,4.15858632515832,16.8508246791744,20.824117721779,23.2529305340417,26.1723576424478,33.155517848099,13004.3565178861,1.00004390802768
"lambda_E_S[1,24,1]",23.7223449993602,0.0364671049973973,4.15858632515832,16.8508246791744,20.824117721779,23.2529305340417,26.1723576424478,33.155517848099,13004.3565178861,1.00004390802768
"lambda_E_S[1,25,1]",23.7223449993602,0.0364671049973973,4.15858632515832,16.8508246791744,20.824117721779,23.2529305340417,26.1723576424478,33.155517848099,13004.3565178861,1.00004390802768
"lambda_E_S[1,26,1]",23.7223449993602,0.0364671049973973,4.15858632515832,16.8508246791744,20.824117721779,23.2529305340417,26.1723576424478,33.155517848099,13004.3565178861,1.00004390802768
"lambda_E_S[1,27,1]",23.7223449993602,0.0364671049973973,4.15858632515832,16.8508246791744,20.824117721779,23.2529305340417,26.1723576424478,33.155517848099,13004.3565178861,1.00004390802768
"lambda_E_S[1,28,1]",64.9000034536296,0.108533206576808,11.8630855699874,45.1912153466306,56.5659682999219,63.6775878549824,71.6361877671235,91.8010578088543,11947.3079343995,1.00001229714205
"lambda_E_S[1,29,1]",64.9000034536296,0.108533206576808,11.8630855699874,45.1912153466306,56.5659682999219,63.6775878549824,71.6361877671235,91.8010578088543,11947.3079343995,1.00001229714205
"lambda_E_S[1,30,1]",24.8486678813102,0.064217346921237,6.53599892918558,14.8425775093358,20.3449615590583,23.9242495021665,28.310911035894,40.0850916204424,10359.0332361585,0.999939649103076
"lambda_E_S[1,31,1]",73.1506370888533,0.186252552719462,20.2998715745153,42.4988417775804,58.9778649388908,70.2293005849655,83.9757424240331,121.195202806539,11879.0610212609,0.999863335547618
"lambda_E_S[1,32,1]",70.3861821316501,0.151009713970069,16.6008660851955,43.8424893429677,58.5093979333366,68.6322091323772,79.7816104669395,109.060376211542,12085.1410218578,1.0000674692834
"lambda_E_S[1,33,1]",23.7874704771826,0.0411933145816985,4.61730698188875,16.1128053993118,20.5379022770436,23.3289720660622,26.469368322474,34.3213208929662,12563.8870170908,0.999819670392899
"lambda_E_S[1,34,1]",23.7874704771826,0.0411933145816985,4.61730698188875,16.1128053993118,20.5379022770436,23.3289720660622,26.469368322474,34.3213208929662,12563.8870170908,0.999819670392899
"lambda_E_S[1,35,1]",65.0644863470693,0.120637455834076,13.0145444120828,43.4479112585557,55.9304638224986,63.7492327435441,72.6089856679937,94.2407425552041,11638.4085997727,0.999807225921758
"lambda_E_S[1,36,1]",65.0644863470693,0.120637455834076,13.0145444120828,43.4479112585557,55.9304638224986,63.7492327435441,72.6089856679937,94.2407425552041,11638.4085997727,0.999807225921758
"lambda_E_S[1,37,1]",25.9780557010659,0.041881014202691,4.49769940981246,18.5007846237925,22.8391040262943,25.5349255362482,28.5772380689297,36.1529615501429,11533.1110649247,1.00022112404798
"lambda_E_S[1,38,1]",25.9780557010659,0.041881014202691,4.49769940981246,18.5007846237925,22.8391040262943,25.5349255362482,28.5772380689297,36.1529615501429,11533.1110649247,1.00022112404798
"lambda_E_S[1,39,1]",25.9780557010659,0.041881014202691,4.49769940981246,18.5007846237925,22.8391040262943,25.5349255362482,28.5772380689297,36.1529615501429,11533.1110649247,1.00022112404798
"lambda_E_S[1,40,1]",25.9780557010659,0.041881014202691,4.49769940981246,18.5007846237925,22.8391040262943,25.5349255362482,28.5772380689297,36.1529615501429,11533.1110649247,1.00022112404798
"lambda_E_S[1,41,1]",25.9780557010659,0.041881014202691,4.49769940981246,18.5007846237925,22.8391040262943,25.5349255362482,28.5772380689297,36.1529615501429,11533.1110649247,1.00022112404798
"lambda_E_S[1,42,1]",71.0427783085738,0.117682139843422,12.6771610582976,50.0822210502027,62.1613396917194,69.6565712368289,78.502378978722,99.2507425588695,11604.4056665963,1.00007645815884
"lambda_E_S[1,43,1]",71.0427783085738,0.117682139843422,12.6771610582976,50.0822210502027,62.1613396917194,69.6565712368289,78.502378978722,99.2507425588695,11604.4056665963,1.00007645815884
"lambda_E_S[1,44,1]",23.2581563983218,0.0457301609626284,4.29724818451878,16.2616921730627,20.2473904749051,22.7227951736951,25.7809594083023,32.9648436091116,8830.29908463056,1.00032935903486
"lambda_E_S[1,45,1]",23.2581563983218,0.0457301609626284,4.29724818451878,16.2616921730627,20.2473904749051,22.7227951736951,25.7809594083023,32.9648436091116,8830.29908463056,1.00032935903486
"lambda_E_S[1,46,1]",23.2581563983218,0.0457301609626284,4.29724818451878,16.2616921730627,20.2473904749051,22.7227951736951,25.7809594083023,32.9648436091116,8830.29908463056,1.00032935903486
"lambda_E_S[1,47,1]",23.2581563983218,0.0457301609626284,4.29724818451878,16.2616921730627,20.2473904749051,22.7227951736951,25.7809594083023,32.9648436091116,8830.29908463056,1.00032935903486
"lambda_E_S[1,48,1]",23.2581563983218,0.0457301609626284,4.29724818451878,16.2616921730627,20.2473904749051,22.7227951736951,25.7809594083023,32.9648436091116,8830.29908463056,1.00032935903486
"lambda_E_S[1,49,1]",63.6014149549635,0.122002198943606,12.0688790309814,43.8313893337939,55.2358962213496,62.2726596379463,70.5120871433226,90.5690956340206,9785.84993921646,1.00030765314363
"lambda_E_S[1,50,1]",63.6014149549635,0.122002198943606,12.0688790309814,43.8313893337939,55.2358962213496,62.2726596379463,70.5120871433226,90.5690956340206,9785.84993921646,1.00030765314363
"lambda_E_S[1,51,1]",13.2112554000482,0.0290932857588087,2.53207150609942,8.88709681909864,11.4212510964616,12.9851801597223,14.775627930455,18.729864621903,7574.71656417549,0.999709854247791
"lambda_E_S[1,52,1]",13.2112554000482,0.0290932857588087,2.53207150609942,8.88709681909864,11.4212510964616,12.9851801597223,14.775627930455,18.729864621903,7574.71656417549,0.999709854247791
"lambda_E_S[1,53,1]",13.2112554000482,0.0290932857588087,2.53207150609942,8.88709681909864,11.4212510964616,12.9851801597223,14.775627930455,18.729864621903,7574.71656417549,0.999709854247791
"lambda_E_S[1,54,1]",13.2112554000482,0.0290932857588087,2.53207150609942,8.88709681909864,11.4212510964616,12.9851801597223,14.775627930455,18.729864621903,7574.71656417549,0.999709854247791
"lambda_E_S[1,55,1]",13.2112554000482,0.0290932857588087,2.53207150609942,8.88709681909864,11.4212510964616,12.9851801597223,14.775627930455,18.729864621903,7574.71656417549,0.999709854247791
"lambda_E_S[1,56,1]",36.1258588638369,0.0822942767812948,7.08349239362161,24.1521535551272,31.0849540410327,35.536296093216,40.4731214895252,51.4934817596467,7408.93181471168,0.99966458154612
"lambda_E_S[1,57,1]",36.1258588638369,0.0822942767812948,7.08349239362161,24.1521535551272,31.0849540410327,35.536296093216,40.4731214895252,51.4934817596467,7408.93181471168,0.99966458154612
"lambda_E_S[1,58,1]",15.5535790410388,0.0274721370458621,2.96897767528041,10.6276070163675,13.4377506114619,15.2262409940043,17.326425483755,22.2318697625847,11679.627053374,1.00010826429252
"lambda_E_S[1,59,1]",15.5535790410388,0.0274721370458621,2.96897767528041,10.6276070163675,13.4377506114619,15.2262409940043,17.326425483755,22.2318697625847,11679.627053374,1.00010826429252
"lambda_E_S[1,60,1]",15.5535790410388,0.0274721370458621,2.96897767528041,10.6276070163675,13.4377506114619,15.2262409940043,17.326425483755,22.2318697625847,11679.627053374,1.00010826429252
"lambda_E_S[1,61,1]",15.5535790410388,0.0274721370458621,2.96897767528041,10.6276070163675,13.4377506114619,15.2262409940043,17.326425483755,22.2318697625847,11679.627053374,1.00010826429252
"lambda_E_S[1,62,1]",15.5535790410388,0.0274721370458621,2.96897767528041,10.6276070163675,13.4377506114619,15.2262409940043,17.326425483755,22.2318697625847,11679.627053374,1.00010826429252
"lambda_E_S[1,63,1]",42.5405542272299,0.0783462570838551,8.36918753420823,28.8587913629105,36.6365135831546,41.600921014945,47.4002027700191,61.410879294657,11411.1678192847,1.00019157552421
"lambda_E_S[1,64,1]",42.5405542272299,0.0783462570838551,8.36918753420823,28.8587913629105,36.6365135831546,41.600921014945,47.4002027700191,61.410879294657,11411.1678192847,1.00019157552421
"lambda_E_S[1,65,1]",11.8471172744934,0.0258138780212832,2.50851344679372,7.55620287502141,10.074474117091,11.6165921666881,13.4018687432246,17.3358614203615,9443.35594475773,0.999776386485366
"lambda_E_S[1,66,1]",11.8471172744934,0.0258138780212832,2.50851344679372,7.55620287502141,10.074474117091,11.6165921666881,13.4018687432246,17.3358614203615,9443.35594475773,0.999776386485366
"lambda_E_S[1,67,1]",11.8471172744934,0.0258138780212832,2.50851344679372,7.55620287502141,10.074474117091,11.6165921666881,13.4018687432246,17.3358614203615,9443.35594475773,0.999776386485366
"lambda_E_S[1,68,1]",11.8471172744934,0.0258138780212832,2.50851344679372,7.55620287502141,10.074474117091,11.6165921666881,13.4018687432246,17.3358614203615,9443.35594475773,0.999776386485366
"lambda_E_S[1,69,1]",11.8471172744934,0.0258138780212832,2.50851344679372,7.55620287502141,10.074474117091,11.6165921666881,13.4018687432246,17.3358614203615,9443.35594475773,0.999776386485366
"lambda_E_S[1,70,1]",34.9939671278704,0.0813734393707791,8.60464534279017,21.3792544319716,28.7869359999045,33.9395979989563,39.9877709816011,54.2580931002636,11181.5138093676,0.99970413251282
"lambda_E_S[1,71,1]",32.4176789636865,0.0765710935702349,7.10919612136353,20.4646816711481,27.3947732876378,31.7617812486599,36.7665470323245,48.2674582654069,8620.07989891947,0.999789680655372
"lambda_E_S[1,72,1]",15.0371399771194,0.0252710877777377,2.92841786337597,10.2537903611526,13.0112130296768,14.6726689653792,16.74378544644,21.5749482281512,13428.2130252616,0.999759417901555
"lambda_E_S[1,73,1]",15.0371399771194,0.0252710877777377,2.92841786337597,10.2537903611526,13.0112130296768,14.6726689653792,16.74378544644,21.5749482281512,13428.2130252616,0.999759417901555
"lambda_E_S[1,74,1]",15.0371399771194,0.0252710877777377,2.92841786337597,10.2537903611526,13.0112130296768,14.6726689653792,16.74378544644,21.5749482281512,13428.2130252616,0.999759417901555
"lambda_E_S[1,75,1]",15.0371399771194,0.0252710877777377,2.92841786337597,10.2537903611526,13.0112130296768,14.6726689653792,16.74378544644,21.5749482281512,13428.2130252616,0.999759417901555
"lambda_E_S[1,76,1]",15.0371399771194,0.0252710877777377,2.92841786337597,10.2537903611526,13.0112130296768,14.6726689653792,16.74378544644,21.5749482281512,13428.2130252616,0.999759417901555
"lambda_E_S[1,77,1]",41.1162484906145,0.0706574902217127,8.17790357896071,27.5379543403338,35.3922550070022,40.2461194196362,45.9038402960608,59.5358961942596,13395.7661449442,0.999724874171481
"lambda_E_S[1,78,1]",41.1162484906145,0.0706574902217127,8.17790357896071,27.5379543403338,35.3922550070022,40.2461194196362,45.9038402960608,59.5358961942596,13395.7661449442,0.999724874171481
"lambda_E_S[1,79,1]",15.3139600283006,0.027019992215323,2.98213332912553,10.2886517700954,13.2040300937047,15.0178312891577,17.0746479076844,22.0563237506233,12181.0204972499,0.999933018499742
"lambda_E_S[1,80,1]",15.3139600283006,0.027019992215323,2.98213332912553,10.2886517700954,13.2040300937047,15.0178312891577,17.0746479076844,22.0563237506233,12181.0204972499,0.999933018499742
"lambda_E_S[1,81,1]",15.3139600283006,0.027019992215323,2.98213332912553,10.2886517700954,13.2040300937047,15.0178312891577,17.0746479076844,22.0563237506233,12181.0204972499,0.999933018499742
"lambda_E_S[1,82,1]",15.3139600283006,0.027019992215323,2.98213332912553,10.2886517700954,13.2040300937047,15.0178312891577,17.0746479076844,22.0563237506233,12181.0204972499,0.999933018499742
"lambda_E_S[1,83,1]",15.3139600283006,0.027019992215323,2.98213332912553,10.2886517700954,13.2040300937047,15.0178312891577,17.0746479076844,22.0563237506233,12181.0204972499,0.999933018499742
"lambda_E_S[1,84,1]",41.8813511375222,0.0748036560323317,8.35841562648628,27.8624711833087,36.0113350051179,41.0310033859755,46.8923727693368,60.6163584522588,12485.3947113863,0.99990387091782
"lambda_E_S[1,85,1]",41.8813511375222,0.0748036560323317,8.35841562648628,27.8624711833087,36.0113350051179,41.0310033859755,46.8923727693368,60.6163584522588,12485.3947113863,0.99990387091782
"lambda_E_S[1,86,1]",18.6983520400239,0.0392521785483746,3.40992542100925,13.3058043270893,16.2828135096493,18.2688675105595,20.6843058900662,26.5532492741104,7546.78938305757,0.999949218391489
"lambda_E_S[1,87,1]",18.6983520400239,0.0392521785483746,3.40992542100925,13.3058043270893,16.2828135096493,18.2688675105595,20.6843058900662,26.5532492741104,7546.78938305757,0.999949218391489
"lambda_E_S[1,88,1]",18.6983520400239,0.0392521785483746,3.40992542100925,13.3058043270893,16.2828135096493,18.2688675105595,20.6843058900662,26.5532492741104,7546.78938305757,0.999949218391489
"lambda_E_S[1,89,1]",18.6983520400239,0.0392521785483746,3.40992542100925,13.3058043270893,16.2828135096493,18.2688675105595,20.6843058900662,26.5532492741104,7546.78938305757,0.999949218391489
"lambda_E_S[1,90,1]",18.6983520400239,0.0392521785483746,3.40992542100925,13.3058043270893,16.2828135096493,18.2688675105595,20.6843058900662,26.5532492741104,7546.78938305757,0.999949218391489
"lambda_E_S[1,91,1]",51.1342344697708,0.108313076753817,9.57525275373429,35.6817448613102,44.3281327746412,50.0722449212203,56.6782931566891,72.9452035337095,7815.17501360868,0.999931985339497
"lambda_E_S[1,92,1]",51.1342344697708,0.108313076753817,9.57525275373429,35.6817448613102,44.3281327746412,50.0722449212203,56.6782931566891,72.9452035337095,7815.17501360868,0.999931985339497
"lambda_E_S[1,93,1]",11.1708538566296,0.0127821516713054,1.37763419553512,8.73397925329147,10.2104357055718,11.0783217457892,12.0434193431388,14.0944464617441,11616.0880545161,0.99980969385471
"lambda_E_S[1,94,1]",11.1708538566296,0.0127821516713054,1.37763419553512,8.73397925329147,10.2104357055718,11.0783217457892,12.0434193431388,14.0944464617441,11616.0880545161,0.99980969385471
"lambda_E_S[1,95,1]",11.1708538566296,0.0127821516713054,1.37763419553512,8.73397925329147,10.2104357055718,11.0783217457892,12.0434193431388,14.0944464617441,11616.0880545161,0.99980969385471
"lambda_E_S[1,96,1]",11.1708538566296,0.0127821516713054,1.37763419553512,8.73397925329147,10.2104357055718,11.0783217457892,12.0434193431388,14.0944464617441,11616.0880545161,0.99980969385471
"lambda_E_S[1,97,1]",11.1708538566296,0.0127821516713054,1.37763419553512,8.73397925329147,10.2104357055718,11.0783217457892,12.0434193431388,14.0944464617441,11616.0880545161,0.99980969385471
"lambda_E_S[1,98,1]",30.5420916292956,0.0360117400959447,3.93533463413014,23.6836732934283,27.7810690218677,30.2465489619256,32.9817324614681,38.9842183169964,11941.9465012298,0.999900867955545
"lambda_E_S[1,99,1]",30.5420916292956,0.0360117400959447,3.93533463413014,23.6836732934283,27.7810690218677,30.2465489619256,32.9817324614681,38.9842183169964,11941.9465012298,0.999900867955545
"lambda_E_S[1,100,1]",11.5553937332671,0.0135516684715696,1.51958288323799,8.91171046496538,10.5016657053501,11.416273351194,12.486441777255,14.8566494634342,12573.7044794721,1.00001401990889
"lambda_E_S[1,101,1]",11.5553937332671,0.0135516684715696,1.51958288323799,8.91171046496538,10.5016657053501,11.416273351194,12.486441777255,14.8566494634342,12573.7044794721,1.00001401990889
"lambda_E_S[1,102,1]",11.5553937332671,0.0135516684715696,1.51958288323799,8.91171046496538,10.5016657053501,11.416273351194,12.486441777255,14.8566494634342,12573.7044794721,1.00001401990889
"lambda_E_S[1,103,1]",11.5553937332671,0.0135516684715696,1.51958288323799,8.91171046496538,10.5016657053501,11.416273351194,12.486441777255,14.8566494634342,12573.7044794721,1.00001401990889
"lambda_E_S[1,104,1]",11.5553937332671,0.0135516684715696,1.51958288323799,8.91171046496538,10.5016657053501,11.416273351194,12.486441777255,14.8566494634342,12573.7044794721,1.00001401990889
"lambda_E_S[1,105,1]",31.6140573745736,0.0405208092705296,4.46199182896972,23.8680218883331,28.4941816037967,31.2387936515023,34.4038886740081,41.3054271955004,12125.546474738,1.00008042242357
"lambda_E_S[1,106,1]",31.6140573745736,0.0405208092705296,4.46199182896972,23.8680218883331,28.4941816037967,31.2387936515023,34.4038886740081,41.3054271955004,12125.546474738,1.00008042242357
"lambda_E_S[1,107,1]",11.688508186722,0.0143408378935356,1.46903127498817,9.09636074355658,10.6470010786175,11.5888589968335,12.6245135895683,14.8234332525715,10493.3227355914,1.00002574374464
"lambda_E_S[1,108,1]",11.688508186722,0.0143408378935356,1.46903127498817,9.09636074355658,10.6470010786175,11.5888589968335,12.6245135895683,14.8234332525715,10493.3227355914,1.00002574374464
"lambda_E_S[1,109,1]",11.688508186722,0.0143408378935356,1.46903127498817,9.09636074355658,10.6470010786175,11.5888589968335,12.6245135895683,14.8234332525715,10493.3227355914,1.00002574374464
"lambda_E_S[1,110,1]",11.688508186722,0.0143408378935356,1.46903127498817,9.09636074355658,10.6470010786175,11.5888589968335,12.6245135895683,14.8234332525715,10493.3227355914,1.00002574374464
"lambda_E_S[1,111,1]",11.688508186722,0.0143408378935356,1.46903127498817,9.09636074355658,10.6470010786175,11.5888589968335,12.6245135895683,14.8234332525715,10493.3227355914,1.00002574374464
"lambda_E_S[1,112,1]",31.9547088996082,0.0414282770519724,4.16146379199379,24.7018292656845,29.0670279444876,31.6846594231585,34.5488691423963,40.8627730289262,10090.1703106721,1.00012937230499
"lambda_E_S[1,113,1]",31.9547088996082,0.0414282770519724,4.16146379199379,24.7018292656845,29.0670279444876,31.6846594231585,34.5488691423963,40.8627730289262,10090.1703106721,1.00012937230499
"lambda_E_S[1,114,1]",22.548261754013,0.0256673364556482,2.77388112306046,17.7320230281626,20.6054857948111,22.335026032379,24.2664783188764,28.4388908713532,11679.2265588649,0.999973397470425
"lambda_E_S[1,115,1]",22.548261754013,0.0256673364556482,2.77388112306046,17.7320230281626,20.6054857948111,22.335026032379,24.2664783188764,28.4388908713532,11679.2265588649,0.999973397470425
"lambda_E_S[1,116,1]",22.548261754013,0.0256673364556482,2.77388112306046,17.7320230281626,20.6054857948111,22.335026032379,24.2664783188764,28.4388908713532,11679.2265588649,0.999973397470425
"lambda_E_S[1,117,1]",22.548261754013,0.0256673364556482,2.77388112306046,17.7320230281626,20.6054857948111,22.335026032379,24.2664783188764,28.4388908713532,11679.2265588649,0.999973397470425
"lambda_E_S[1,118,1]",22.548261754013,0.0256673364556482,2.77388112306046,17.7320230281626,20.6054857948111,22.335026032379,24.2664783188764,28.4388908713532,11679.2265588649,0.999973397470425
"lambda_E_S[1,119,1]",61.634473056327,0.0710394084829445,7.78468963711911,47.8170256350439,56.1634804733604,61.1059218628718,66.4240255805603,78.2818952826099,12008.3664398652,0.999912695706012
"lambda_E_S[1,120,1]",61.634473056327,0.0710394084829445,7.78468963711911,47.8170256350439,56.1634804733604,61.1059218628718,66.4240255805603,78.2818952826099,12008.3664398652,0.999912695706012
"lambda_E_S[1,121,1]",29.768991034762,0.0321044828779967,3.30352527793884,23.8922135582032,27.4502559307536,29.5700331028004,31.8687160170582,36.8001760065364,10588.2432669131,0.999935974996396
"lambda_E_S[1,122,1]",29.768991034762,0.0321044828779967,3.30352527793884,23.8922135582032,27.4502559307536,29.5700331028004,31.8687160170582,36.8001760065364,10588.2432669131,0.999935974996396
"lambda_E_S[1,123,1]",29.768991034762,0.0321044828779967,3.30352527793884,23.8922135582032,27.4502559307536,29.5700331028004,31.8687160170582,36.8001760065364,10588.2432669131,0.999935974996396
"lambda_E_S[1,124,1]",29.768991034762,0.0321044828779967,3.30352527793884,23.8922135582032,27.4502559307536,29.5700331028004,31.8687160170582,36.8001760065364,10588.2432669131,0.999935974996396
"lambda_E_S[1,125,1]",29.768991034762,0.0321044828779967,3.30352527793884,23.8922135582032,27.4502559307536,29.5700331028004,31.8687160170582,36.8001760065364,10588.2432669131,0.999935974996396
"lambda_E_S[1,126,1]",81.4305118296098,0.0920432478453779,9.8535948802512,63.9758808081501,74.4277642206629,80.8391283515737,87.4895218782072,102.957498731739,11460.5519966118,0.999954803434181
"lambda_E_S[1,127,1]",81.4305118296098,0.0920432478453779,9.8535948802512,63.9758808081501,74.4277642206629,80.8391283515737,87.4895218782072,102.957498731739,11460.5519966118,0.999954803434181
"lambda_E_S[1,128,1]",29.2534563809001,0.0408764016599083,4.59295743898921,21.4882440134696,26.0061189506141,28.8298293326471,32.0986939693116,39.5433781046421,12625.2366127168,1.00009848871046
"lambda_E_S[1,129,1]",29.2534563809001,0.0408764016599083,4.59295743898921,21.4882440134696,26.0061189506141,28.8298293326471,32.0986939693116,39.5433781046421,12625.2366127168,1.00009848871046
"lambda_E_S[1,130,1]",29.2534563809001,0.0408764016599083,4.59295743898921,21.4882440134696,26.0061189506141,28.8298293326471,32.0986939693116,39.5433781046421,12625.2366127168,1.00009848871046
"lambda_E_S[1,131,1]",29.2534563809001,0.0408764016599083,4.59295743898921,21.4882440134696,26.0061189506141,28.8298293326471,32.0986939693116,39.5433781046421,12625.2366127168,1.00009848871046
"lambda_E_S[1,132,1]",29.2534563809001,0.0408764016599083,4.59295743898921,21.4882440134696,26.0061189506141,28.8298293326471,32.0986939693116,39.5433781046421,12625.2366127168,1.00009848871046
"lambda_E_S[1,133,1]",80.0483772419485,0.123892994479157,13.3268890881548,57.7244114987299,70.5152938301824,78.8707760175209,88.0779119586221,109.628636426498,11570.8181160213,0.999974490365641
"lambda_E_S[1,134,1]",80.0483772419485,0.123892994479157,13.3268890881548,57.7244114987299,70.5152938301824,78.8707760175209,88.0779119586221,109.628636426498,11570.8181160213,0.999974490365641
"lambda_E_S[1,135,1]",29.0184042651439,0.0487723577940334,5.23578892794898,20.4959899956791,25.3067410388858,28.4537903418112,32.1083976458967,40.8741998582764,11524.3584640138,0.999861152253028
"lambda_E_S[1,136,1]",29.0184042651439,0.0487723577940334,5.23578892794898,20.4959899956791,25.3067410388858,28.4537903418112,32.1083976458967,40.8741998582764,11524.3584640138,0.999861152253028
"lambda_E_S[1,137,1]",29.0184042651439,0.0487723577940334,5.23578892794898,20.4959899956791,25.3067410388858,28.4537903418112,32.1083976458967,40.8741998582764,11524.3584640138,0.999861152253028
"lambda_E_S[1,138,1]",29.0184042651439,0.0487723577940334,5.23578892794898,20.4959899956791,25.3067410388858,28.4537903418112,32.1083976458967,40.8741998582764,11524.3584640138,0.999861152253028
"lambda_E_S[1,139,1]",29.0184042651439,0.0487723577940334,5.23578892794898,20.4959899956791,25.3067410388858,28.4537903418112,32.1083976458967,40.8741998582764,11524.3584640138,0.999861152253028
"lambda_E_S[1,140,1]",79.3336416604487,0.131619143391465,14.5700167470973,55.5068350415451,69.087063601948,77.8868093078236,87.894103598292,111.894895470896,12254.1158537014,0.99978080206861
"lambda_E_S[1,141,1]",79.3336416604487,0.131619143391465,14.5700167470973,55.5068350415451,69.087063601948,77.8868093078236,87.894103598292,111.894895470896,12254.1158537014,0.99978080206861
"lambda_E_S[1,142,1]",22.7104362641647,0.0321450998211544,3.25225833787271,16.947109452422,20.4031824019997,22.5477897241461,24.6939436101577,29.5589632295108,10236.2412783453,0.999776376323026
"lambda_E_S[1,143,1]",22.7104362641647,0.0321450998211544,3.25225833787271,16.947109452422,20.4031824019997,22.5477897241461,24.6939436101577,29.5589632295108,10236.2412783453,0.999776376323026
"lambda_E_S[1,144,1]",22.7104362641647,0.0321450998211544,3.25225833787271,16.947109452422,20.4031824019997,22.5477897241461,24.6939436101577,29.5589632295108,10236.2412783453,0.999776376323026
"lambda_E_S[1,145,1]",22.7104362641647,0.0321450998211544,3.25225833787271,16.947109452422,20.4031824019997,22.5477897241461,24.6939436101577,29.5589632295108,10236.2412783453,0.999776376323026
"lambda_E_S[1,146,1]",22.7104362641647,0.0321450998211544,3.25225833787271,16.947109452422,20.4031824019997,22.5477897241461,24.6939436101577,29.5589632295108,10236.2412783453,0.999776376323026
"lambda_E_S[1,147,1]",62.1610587820411,0.0965333852964784,9.66371499074026,45.321886277054,55.4484856113519,61.4475728245452,68.1215242921992,83.1460705917149,10021.5097355937,0.999721805176333
"lambda_E_S[1,148,1]",62.1610587820411,0.0965333852964784,9.66371499074026,45.321886277054,55.4484856113519,61.4475728245452,68.1215242921992,83.1460705917149,10021.5097355937,0.999721805176333
"lambda_E_S[1,149,1]",28.5165553163679,0.0287924625629768,2.94780888594152,23.2421267178626,26.4511130728851,28.3510616748784,30.3809809588904,34.8816453851509,10481.9244632871,0.999698990711205
"lambda_E_S[1,150,1]",28.5165553163679,0.0287924625629768,2.94780888594152,23.2421267178626,26.4511130728851,28.3510616748784,30.3809809588904,34.8816453851509,10481.9244632871,0.999698990711205
"lambda_E_S[1,151,1]",28.5165553163679,0.0287924625629768,2.94780888594152,23.2421267178626,26.4511130728851,28.3510616748784,30.3809809588904,34.8816453851509,10481.9244632871,0.999698990711205
"lambda_E_S[1,152,1]",28.5165553163679,0.0287924625629768,2.94780888594152,23.2421267178626,26.4511130728851,28.3510616748784,30.3809809588904,34.8816453851509,10481.9244632871,0.999698990711205
"lambda_E_S[1,153,1]",28.5165553163679,0.0287924625629768,2.94780888594152,23.2421267178626,26.4511130728851,28.3510616748784,30.3809809588904,34.8816453851509,10481.9244632871,0.999698990711205
"lambda_E_S[1,154,1]",77.9931618635804,0.0786474705204872,8.79368688107471,62.1284483040701,71.871503681559,77.3759039351422,83.6436910223856,96.744975013521,12501.7979721981,0.999706023603595
"lambda_E_S[1,155,1]",77.9931618635804,0.0786474705204872,8.79368688107471,62.1284483040701,71.871503681559,77.3759039351422,83.6436910223856,96.744975013521,12501.7979721981,0.999706023603595
"lambda_E_S[1,156,1]",15.8783537370195,0.0682350822114801,4.2307607385075,8.69100267268007,12.8359219944448,15.551965966122,18.5282190269624,24.9987323997125,3844.33736367546,1.00049416273291
"lambda_E_S[1,157,1]",15.8783537370195,0.0682350822114801,4.2307607385075,8.69100267268007,12.8359219944448,15.551965966122,18.5282190269624,24.9987323997125,3844.33736367546,1.00049416273291
"lambda_E_S[1,158,1]",15.8783537370195,0.0682350822114801,4.2307607385075,8.69100267268007,12.8359219944448,15.551965966122,18.5282190269624,24.9987323997125,3844.33736367546,1.00049416273291
"lambda_E_S[1,159,1]",15.8783537370195,0.0682350822114801,4.2307607385075,8.69100267268007,12.8359219944448,15.551965966122,18.5282190269624,24.9987323997125,3844.33736367546,1.00049416273291
"lambda_E_S[1,160,1]",15.8783537370195,0.0682350822114801,4.2307607385075,8.69100267268007,12.8359219944448,15.551965966122,18.5282190269624,24.9987323997125,3844.33736367546,1.00049416273291
"lambda_E_S[1,161,1]",43.4559449211332,0.191977042908775,11.8570065621588,23.407563683095,34.9558266991985,42.4099470842815,50.7633939960563,69.3787664448074,3814.62213796589,1.00050237307783
"lambda_E_S[1,162,1]",43.4559449211332,0.191977042908775,11.8570065621588,23.407563683095,34.9558266991985,42.4099470842815,50.7633939960563,69.3787664448074,3814.62213796589,1.00050237307783
"lambda_E_S[1,163,1]",23.8091203389241,0.0252958540446364,2.64097450398904,19.1843631230403,21.9464602548133,23.6192099188044,25.4837079897646,29.4533237800435,10900.0809582471,0.999669523934976
"lambda_E_S[1,164,1]",23.8091203389241,0.0252958540446364,2.64097450398904,19.1843631230403,21.9464602548133,23.6192099188044,25.4837079897646,29.4533237800435,10900.0809582471,0.999669523934976
"lambda_E_S[1,165,1]",23.8091203389241,0.0252958540446364,2.64097450398904,19.1843631230403,21.9464602548133,23.6192099188044,25.4837079897646,29.4533237800435,10900.0809582471,0.999669523934976
"lambda_E_S[1,166,1]",23.8091203389241,0.0252958540446364,2.64097450398904,19.1843631230403,21.9464602548133,23.6192099188044,25.4837079897646,29.4533237800435,10900.0809582471,0.999669523934976
"lambda_E_S[1,167,1]",23.8091203389241,0.0252958540446364,2.64097450398904,19.1843631230403,21.9464602548133,23.6192099188044,25.4837079897646,29.4533237800435,10900.0809582471,0.999669523934976
"lambda_E_S[1,168,1]",65.1381701988247,0.0720923348631826,7.9659935584019,51.1951253137378,59.5940270875228,64.5924837162773,70.0430682243976,82.3295364420003,12209.6079551677,0.999697523371888
"lambda_E_S[1,169,1]",65.1381701988247,0.0720923348631826,7.9659935584019,51.1951253137378,59.5940270875228,64.5924837162773,70.0430682243976,82.3295364420003,12209.6079551677,0.999697523371888
"lambda_E_S[1,170,1]",25.6522479114487,0.0309474510225695,3.33830837411913,19.8149600555835,23.3087750656907,25.3949399341607,27.7338364891491,32.9777204899753,11635.9845292878,1.00002936990966
"lambda_E_S[1,171,1]",25.6522479114487,0.0309474510225695,3.33830837411913,19.8149600555835,23.3087750656907,25.3949399341607,27.7338364891491,32.9777204899753,11635.9845292878,1.00002936990966
"lambda_E_S[1,172,1]",25.6522479114487,0.0309474510225695,3.33830837411913,19.8149600555835,23.3087750656907,25.3949399341607,27.7338364891491,32.9777204899753,11635.9845292878,1.00002936990966
"lambda_E_S[1,173,1]",25.6522479114487,0.0309474510225695,3.33830837411913,19.8149600555835,23.3087750656907,25.3949399341607,27.7338364891491,32.9777204899753,11635.9845292878,1.00002936990966
"lambda_E_S[1,174,1]",25.6522479114487,0.0309474510225695,3.33830837411913,19.8149600555835,23.3087750656907,25.3949399341607,27.7338364891491,32.9777204899753,11635.9845292878,1.00002936990966
"lambda_E_S[1,175,1]",75.7735070050832,0.115445091460958,13.4095633987586,53.6961886287367,66.2790021910313,74.4086518537209,83.7330590355906,106.043205486903,13492.0621025233,1.00002759246755
"lambda_E_S[1,176,1]",75.7735070050832,0.115445091460958,13.4095633987586,53.6961886287367,66.2790021910313,74.4086518537209,83.7330590355906,106.043205486903,13492.0621025233,1.00002759246755
"lambda_E_S[1,177,1]",69.9414495477451,0.265886192948441,23.9197439097231,34.3313540587688,53.6228643377017,66.3433874761155,81.8528777079078,129.784014434372,8093.22249538033,1.00007098517057
"lambda_E_S[1,178,1]",23.5708552093411,0.0811424896604775,7.13914496814516,12.3970083109196,18.8272035029002,22.68270745543,27.2057678257535,40.5291413352275,7740.9764112942,1.00015175490247
"lambda_E_S[1,179,1]",23.5708552093411,0.0811424896604775,7.13914496814516,12.3970083109196,18.8272035029002,22.68270745543,27.2057678257535,40.5291413352275,7740.9764112942,1.00015175490247
"lambda_E_S[1,180,1]",23.5708552093411,0.0811424896604775,7.13914496814516,12.3970083109196,18.8272035029002,22.68270745543,27.2057678257535,40.5291413352275,7740.9764112942,1.00015175490247
"lambda_E_S[1,181,1]",23.5708552093411,0.0811424896604775,7.13914496814516,12.3970083109196,18.8272035029002,22.68270745543,27.2057678257535,40.5291413352275,7740.9764112942,1.00015175490247
"lambda_E_S[1,182,1]",64.4852478341913,0.22548134493397,19.8372754748674,33.6938022717762,51.3308244731276,61.9384891769876,74.5173918726925,112.189669345685,7740.03305461524,1.00008323700872
"lambda_E_S[1,183,1]",64.4852478341913,0.22548134493397,19.8372754748674,33.6938022717762,51.3308244731276,61.9384891769876,74.5173918726925,112.189669345685,7740.03305461524,1.00008323700872
"lambda_E_S[1,184,1]",20.1758301157131,0.0257490373798432,2.68741964807718,15.4599301387743,18.3099783113078,19.9617459560593,21.8487156008183,26.0139876336961,10893.0370461523,0.999836850318737
"lambda_E_S[1,185,1]",20.1758301157131,0.0257490373798432,2.68741964807718,15.4599301387743,18.3099783113078,19.9617459560593,21.8487156008183,26.0139876336961,10893.0370461523,0.999836850318737
"lambda_E_S[1,186,1]",20.1758301157131,0.0257490373798432,2.68741964807718,15.4599301387743,18.3099783113078,19.9617459560593,21.8487156008183,26.0139876336961,10893.0370461523,0.999836850318737
"lambda_E_S[1,187,1]",20.1758301157131,0.0257490373798432,2.68741964807718,15.4599301387743,18.3099783113078,19.9617459560593,21.8487156008183,26.0139876336961,10893.0370461523,0.999836850318737
"lambda_E_S[1,188,1]",20.1758301157131,0.0257490373798432,2.68741964807718,15.4599301387743,18.3099783113078,19.9617459560593,21.8487156008183,26.0139876336961,10893.0370461523,0.999836850318737
"lambda_E_S[1,189,1]",55.1538116417167,0.0721506586189843,7.55815271043796,41.9677851666174,49.8313482167989,54.4804477309033,59.8154642707078,71.4651795030935,10973.640418376,0.999785653071123
"lambda_E_S[1,190,1]",55.1538116417167,0.0721506586189843,7.55815271043796,41.9677851666174,49.8313482167989,54.4804477309033,59.8154642707078,71.4651795030935,10973.640418376,0.999785653071123
"lambda_E_S[1,191,1]",25.3552339631589,0.083511698396392,7.61410366673856,13.5989333754006,20.1511872667485,24.3605692848078,29.3017481704761,43.3914659493679,8312.71591247744,0.999860198957635
"lambda_E_S[1,192,1]",25.3552339631589,0.083511698396392,7.61410366673856,13.5989333754006,20.1511872667485,24.3605692848078,29.3017481704761,43.3914659493679,8312.71591247744,0.999860198957635
"lambda_E_S[1,193,1]",25.3552339631589,0.083511698396392,7.61410366673856,13.5989333754006,20.1511872667485,24.3605692848078,29.3017481704761,43.3914659493679,8312.71591247744,0.999860198957635
"lambda_E_S[1,194,1]",25.3552339631589,0.083511698396392,7.61410366673856,13.5989333754006,20.1511872667485,24.3605692848078,29.3017481704761,43.3914659493679,8312.71591247744,0.999860198957635
"lambda_E_S[1,195,1]",25.3552339631589,0.083511698396392,7.61410366673856,13.5989333754006,20.1511872667485,24.3605692848078,29.3017481704761,43.3914659493679,8312.71591247744,0.999860198957635
"lambda_E_S[1,196,1]",69.3316705557803,0.232034163248,21.0326259697391,37.1072292090495,54.9609900441338,66.5170897652203,80.1985758980625,119.352282062262,8216.42948928409,0.999846709842111
"lambda_E_S[1,197,1]",75.4354916363537,0.279558809980503,26.3055297344006,36.6145570773785,57.0991242168006,71.535293928968,88.6746112178944,138.458912650754,8854.16758370396,1.00006218203258
"lambda_E_S[1,198,1]",30.5324019089969,0.0446957343288122,5.11706121384986,21.96568364579,26.8831108254872,30.0787580823101,33.6106805031544,41.9891972910304,13107.1741822568,0.999691561255919
"lambda_E_S[1,199,1]",30.5324019089969,0.0446957343288122,5.11706121384986,21.96568364579,26.8831108254872,30.0787580823101,33.6106805031544,41.9891972910304,13107.1741822568,0.999691561255919
"lambda_E_S[1,200,1]",30.5324019089969,0.0446957343288122,5.11706121384986,21.96568364579,26.8831108254872,30.0787580823101,33.6106805031544,41.9891972910304,13107.1741822568,0.999691561255919
"lambda_E_S[1,201,1]",90.842157563913,0.200819026759619,21.7991031412929,56.0262801993064,75.5410700196464,88.329792576135,103.303876145357,141.01902374045,11783.3163226268,0.999881383052375
"lambda_E_S[1,202,1]",30.5324019089969,0.0446957343288122,5.11706121384986,21.96568364579,26.8831108254872,30.0787580823101,33.6106805031544,41.9891972910304,13107.1741822568,0.999691561255919
"lambda_E_S[1,203,1]",83.4849803729408,0.128356962296321,14.3877072913214,59.6996612341351,73.3500607309599,82.0667306715595,91.8619395317381,115.81764672418,12564.4744224208,0.999692859222516
"lambda_E_S[1,204,1]",83.4849803729408,0.128356962296321,14.3877072913214,59.6996612341351,73.3500607309599,82.0667306715595,91.8619395317381,115.81764672418,12564.4744224208,0.999692859222516
"lambda_E_S[1,205,1]",35.1713282681963,0.128171447771954,11.1223181726739,18.1710138397007,27.6605507001115,33.5708509448819,40.6744769715969,62.2953126859882,7530.22667226154,1.00019866307372
"lambda_E_S[1,206,1]",35.1713282681963,0.128171447771954,11.1223181726739,18.1710138397007,27.6605507001115,33.5708509448819,40.6744769715969,62.2953126859882,7530.22667226154,1.00019866307372
"lambda_E_S[1,207,1]",35.1713282681963,0.128171447771954,11.1223181726739,18.1710138397007,27.6605507001115,33.5708509448819,40.6744769715969,62.2953126859882,7530.22667226154,1.00019866307372
"lambda_E_S[1,208,1]",35.1713282681963,0.128171447771954,11.1223181726739,18.1710138397007,27.6605507001115,33.5708509448819,40.6744769715969,62.2953126859882,7530.22667226154,1.00019866307372
"lambda_E_S[1,209,1]",35.1713282681963,0.128171447771954,11.1223181726739,18.1710138397007,27.6605507001115,33.5708509448819,40.6744769715969,62.2953126859882,7530.22667226154,1.00019866307372
"lambda_E_S[1,210,1]",96.1426371264542,0.350195716212822,30.4378381262188,49.125020415767,75.4567520522457,91.8267189265136,111.812474409096,169.597071397596,7554.50386288828,1.00017463786205
"lambda_E_S[1,211,1]",96.1426371264542,0.350195716212822,30.4378381262188,49.125020415767,75.4567520522457,91.8267189265136,111.812474409096,169.597071397596,7554.50386288828,1.00017463786205
"lambda_E_S[1,212,1]",41.3992641454123,0.060923220798733,6.88663689984312,29.8946913447804,36.5832748124614,40.7095907222036,45.5281091292539,56.4481429072362,12777.581529518,0.999823563738593
"lambda_E_S[1,213,1]",41.3992641454123,0.060923220798733,6.88663689984312,29.8946913447804,36.5832748124614,40.7095907222036,45.5281091292539,56.4481429072362,12777.581529518,0.999823563738593
"lambda_E_S[1,214,1]",41.3992641454123,0.060923220798733,6.88663689984312,29.8946913447804,36.5832748124614,40.7095907222036,45.5281091292539,56.4481429072362,12777.581529518,0.999823563738593
"lambda_E_S[1,215,1]",41.3992641454123,0.060923220798733,6.88663689984312,29.8946913447804,36.5832748124614,40.7095907222036,45.5281091292539,56.4481429072362,12777.581529518,0.999823563738593
"lambda_E_S[1,216,1]",123.211645184033,0.272302445293817,29.6287754743914,76.1831313729475,101.830390329824,119.596294676916,140.537482109533,190.18382523509,11839.2535940838,0.999851752839091
"lambda_E_S[1,217,1]",113.150164253534,0.172460189439005,19.0484984424765,81.1045596918756,99.6745024287011,111.14475695784,124.668873883973,155.56875997479,12199.5490034917,0.999741856103959
"lambda_E_S[1,218,1]",113.150164253534,0.172460189439005,19.0484984424765,81.1045596918756,99.6745024287011,111.14475695784,124.668873883973,155.56875997479,12199.5490034917,0.999741856103959
"lambda_E_S[1,219,1]",38.0999503931926,0.130062335147295,11.7391862797581,19.6457054184278,29.9368838865813,36.5494550671078,44.686403902641,65.1774138844834,8146.53436964166,1.00017756308858
"lambda_E_S[1,220,1]",38.0999503931926,0.130062335147295,11.7391862797581,19.6457054184278,29.9368838865813,36.5494550671078,44.686403902641,65.1774138844834,8146.53436964166,1.00017756308858
"lambda_E_S[1,221,1]",38.0999503931926,0.130062335147295,11.7391862797581,19.6457054184278,29.9368838865813,36.5494550671078,44.686403902641,65.1774138844834,8146.53436964166,1.00017756308858
"lambda_E_S[1,222,1]",38.0999503931926,0.130062335147295,11.7391862797581,19.6457054184278,29.9368838865813,36.5494550671078,44.686403902641,65.1774138844834,8146.53436964166,1.00017756308858
"lambda_E_S[1,223,1]",38.0999503931926,0.130062335147295,11.7391862797581,19.6457054184278,29.9368838865813,36.5494550671078,44.686403902641,65.1774138844834,8146.53436964166,1.00017756308858
"lambda_E_S[1,224,1]",104.1358851718,0.358275645875761,32.2641132320394,53.6925839705923,81.8972923928364,99.7674058286842,121.592461772241,179.550456756538,8109.70191204459,1.0001638359993
"lambda_E_S[1,225,1]",104.1358851718,0.358275645875761,32.2641132320394,53.6925839705923,81.8972923928364,99.7674058286842,121.592461772241,179.550456756538,8109.70191204459,1.0001638359993
"lambda_E_S[1,226,1]",36.5561140749431,0.0480693647613121,5.2994556813485,27.5557261266252,32.7776566017529,36.1113336312788,39.8217849153164,48.382796427027,12154.1827813727,0.999832581176128
"lambda_E_S[1,227,1]",36.5561140749431,0.0480693647613121,5.2994556813485,27.5557261266252,32.7776566017529,36.1113336312788,39.8217849153164,48.382796427027,12154.1827813727,0.999832581176128
"lambda_E_S[1,228,1]",36.5561140749431,0.0480693647613121,5.2994556813485,27.5557261266252,32.7776566017529,36.1113336312788,39.8217849153164,48.382796427027,12154.1827813727,0.999832581176128
"lambda_E_S[1,229,1]",36.5561140749431,0.0480693647613121,5.2994556813485,27.5557261266252,32.7776566017529,36.1113336312788,39.8217849153164,48.382796427027,12154.1827813727,0.999832581176128
"lambda_E_S[1,230,1]",36.5561140749431,0.0480693647613121,5.2994556813485,27.5557261266252,32.7776566017529,36.1113336312788,39.8217849153164,48.382796427027,12154.1827813727,0.999832581176128
"lambda_E_S[1,231,1]",99.9226763837656,0.134292395968908,14.7833054975681,74.8672715725011,89.4382303911953,98.4463852851677,108.980725562823,132.794724008181,12118.259793652,0.999811032415452
"lambda_E_S[1,232,1]",99.9226763837656,0.134292395968908,14.7833054975681,74.8672715725011,89.4382303911953,98.4463852851677,108.980725562823,132.794724008181,12118.259793652,0.999811032415452
"lambda_E_S[1,233,1]",38.3416067255049,0.0754226451577448,7.47650787765749,26.1534562692598,33.1433402329141,37.4790912272588,42.7627694568332,55.3837963276174,9826.39168660988,0.999919452153033
"lambda_E_S[1,234,1]",38.3416067255049,0.0754226451577448,7.47650787765749,26.1534562692598,33.1433402329141,37.4790912272588,42.7627694568332,55.3837963276174,9826.39168660988,0.999919452153033
"lambda_E_S[1,235,1]",38.3416067255049,0.0754226451577448,7.47650787765749,26.1534562692598,33.1433402329141,37.4790912272588,42.7627694568332,55.3837963276174,9826.39168660988,0.999919452153033
"lambda_E_S[1,236,1]",38.3416067255049,0.0754226451577448,7.47650787765749,26.1534562692598,33.1433402329141,37.4790912272588,42.7627694568332,55.3837963276174,9826.39168660988,0.999919452153033
"lambda_E_S[1,237,1]",38.3416067255049,0.0754226451577448,7.47650787765749,26.1534562692598,33.1433402329141,37.4790912272588,42.7627694568332,55.3837963276174,9826.39168660988,0.999919452153033
"lambda_E_S[1,238,1]",104.93095011621,0.215261978982612,21.3562010374397,69.8804973672063,89.9678545826265,102.673469214698,117.524091677089,154.232070926343,9842.6795002603,0.9998060057984
"lambda_E_S[1,239,1]",104.93095011621,0.215261978982612,21.3562010374397,69.8804973672063,89.9678545826265,102.673469214698,117.524091677089,154.232070926343,9842.6795002603,0.9998060057984
"lambda_E_S[1,240,1]",36.9146073728778,0.0369567171249193,4.08275317318652,29.7568906839675,34.0721623724069,36.623367159599,39.4195624393808,45.5978979011406,12204.4855776618,1.00013617246142
"lambda_E_S[1,241,1]",36.9146073728778,0.0369567171249193,4.08275317318652,29.7568906839675,34.0721623724069,36.623367159599,39.4195624393808,45.5978979011406,12204.4855776618,1.00013617246142
"lambda_E_S[1,242,1]",36.9146073728778,0.0369567171249193,4.08275317318652,29.7568906839675,34.0721623724069,36.623367159599,39.4195624393808,45.5978979011406,12204.4855776618,1.00013617246142
"lambda_E_S[1,243,1]",36.9146073728778,0.0369567171249193,4.08275317318652,29.7568906839675,34.0721623724069,36.623367159599,39.4195624393808,45.5978979011406,12204.4855776618,1.00013617246142
"lambda_E_S[1,244,1]",36.9146073728778,0.0369567171249193,4.08275317318652,29.7568906839675,34.0721623724069,36.623367159599,39.4195624393808,45.5978979011406,12204.4855776618,1.00013617246142
"lambda_E_S[1,245,1]",101.012130754174,0.114977208935162,12.4875327649424,79.1559447569035,92.3136018237267,100.149377383072,108.602199162197,128.142801227562,11795.8640225147,0.9999796681626
"lambda_E_S[1,246,1]",101.012130754174,0.114977208935162,12.4875327649424,79.1559447569035,92.3136018237267,100.149377383072,108.602199162197,128.142801227562,11795.8640225147,0.9999796681626
"lambda_E_S[1,247,1]",38.108903377664,0.0559846494786735,5.85356005158834,28.1618841133981,34.0256032599539,37.6474320087302,41.6209598299649,51.1067039718776,10932.0656081111,0.999815954958824
"lambda_E_S[1,248,1]",38.108903377664,0.0559846494786735,5.85356005158834,28.1618841133981,34.0256032599539,37.6474320087302,41.6209598299649,51.1067039718776,10932.0656081111,0.999815954958824
"lambda_E_S[1,249,1]",38.108903377664,0.0559846494786735,5.85356005158834,28.1618841133981,34.0256032599539,37.6474320087302,41.6209598299649,51.1067039718776,10932.0656081111,0.999815954958824
"lambda_E_S[1,250,1]",38.108903377664,0.0559846494786735,5.85356005158834,28.1618841133981,34.0256032599539,37.6474320087302,41.6209598299649,51.1067039718776,10932.0656081111,0.999815954958824
"lambda_E_S[1,251,1]",38.108903377664,0.0559846494786735,5.85356005158834,28.1618841133981,34.0256032599539,37.6474320087302,41.6209598299649,51.1067039718776,10932.0656081111,0.999815954958824
"lambda_E_S[1,252,1]",104.30518711881,0.164338224961696,17.1912039975812,75.1401915600552,92.2917600624724,102.727276500137,114.575198951105,142.500452530058,10942.9749266135,0.999779805445267
"lambda_E_S[1,253,1]",104.30518711881,0.164338224961696,17.1912039975812,75.1401915600552,92.2917600624724,102.727276500137,114.575198951105,142.500452530058,10942.9749266135,0.999779805445267
"lambda_E_S[1,254,1]",32.2982079056086,0.0385099824795642,4.16185531621243,25.10541716922,29.3799730792623,31.9993968931259,34.89345383168,41.4419838454857,11679.5823831319,0.999761220803835
"lambda_E_S[1,255,1]",32.2982079056086,0.0385099824795642,4.16185531621243,25.10541716922,29.3799730792623,31.9993968931259,34.89345383168,41.4419838454857,11679.5823831319,0.999761220803835
"lambda_E_S[1,256,1]",32.2982079056086,0.0385099824795642,4.16185531621243,25.10541716922,29.3799730792623,31.9993968931259,34.89345383168,41.4419838454857,11679.5823831319,0.999761220803835
"lambda_E_S[1,257,1]",32.2982079056086,0.0385099824795642,4.16185531621243,25.10541716922,29.3799730792623,31.9993968931259,34.89345383168,41.4419838454857,11679.5823831319,0.999761220803835
"lambda_E_S[1,258,1]",32.2982079056086,0.0385099824795642,4.16185531621243,25.10541716922,29.3799730792623,31.9993968931259,34.89345383168,41.4419838454857,11679.5823831319,0.999761220803835
"lambda_E_S[1,259,1]",88.3598634526396,0.116914364260083,12.2372032511978,66.8890914340118,79.8048309371033,87.3145793986889,96.0401822407476,114.867031104253,10955.4091547236,0.999770488699929
"lambda_E_S[1,260,1]",88.3598634526396,0.116914364260083,12.2372032511978,66.8890914340118,79.8048309371033,87.3145793986889,96.0401822407476,114.867031104253,10955.4091547236,0.999770488699929
"lambda_E_S[1,261,1]",48.1703586695867,0.0781975578526422,7.62959059322276,35.6936580446274,42.6938937292341,47.3470406210143,52.8280257129543,65.3275343136308,9519.5427440868,1.00010889574961
"lambda_E_S[1,262,1]",48.1703586695867,0.0781975578526422,7.62959059322276,35.6936580446274,42.6938937292341,47.3470406210143,52.8280257129543,65.3275343136308,9519.5427440868,1.00010889574961
"lambda_E_S[1,263,1]",48.1703586695867,0.0781975578526422,7.62959059322276,35.6936580446274,42.6938937292341,47.3470406210143,52.8280257129543,65.3275343136308,9519.5427440868,1.00010889574961
"lambda_E_S[1,264,1]",48.1703586695867,0.0781975578526422,7.62959059322276,35.6936580446274,42.6938937292341,47.3470406210143,52.8280257129543,65.3275343136308,9519.5427440868,1.00010889574961
"lambda_E_S[1,265,1]",48.1703586695867,0.0781975578526422,7.62959059322276,35.6936580446274,42.6938937292341,47.3470406210143,52.8280257129543,65.3275343136308,9519.5427440868,1.00010889574961
"lambda_E_S[1,266,1]",131.845377324191,0.218716339165958,22.3219340564286,94.3306135187527,116.156849781078,129.407830508307,145.118648010299,181.241689878406,10416.0051349217,1.00008687737565
"lambda_E_S[1,267,1]",131.845377324191,0.218716339165958,22.3219340564286,94.3306135187527,116.156849781078,129.407830508307,145.118648010299,181.241689878406,10416.0051349217,1.00008687737565
"lambda_E_S[1,268,1]",34.4056535675442,0.0355312582096685,4.09092999055452,27.0931210286136,31.5624300792514,34.1074315956033,36.972983859383,43.2516111816171,13256.3182322445,0.99973120508868
"lambda_E_S[1,269,1]",34.4056535675442,0.0355312582096685,4.09092999055452,27.0931210286136,31.5624300792514,34.1074315956033,36.972983859383,43.2516111816171,13256.3182322445,0.99973120508868
"lambda_E_S[1,270,1]",34.4056535675442,0.0355312582096685,4.09092999055452,27.0931210286136,31.5624300792514,34.1074315956033,36.972983859383,43.2516111816171,13256.3182322445,0.99973120508868
"lambda_E_S[1,271,1]",34.4056535675442,0.0355312582096685,4.09092999055452,27.0931210286136,31.5624300792514,34.1074315956033,36.972983859383,43.2516111816171,13256.3182322445,0.99973120508868
"lambda_E_S[1,272,1]",34.4056535675442,0.0355312582096685,4.09092999055452,27.0931210286136,31.5624300792514,34.1074315956033,36.972983859383,43.2516111816171,13256.3182322445,0.99973120508868
"lambda_E_S[1,273,1]",94.1192743467226,0.106055120138049,12.1212314329158,73.0591076717012,85.3717767908891,93.3952873189683,101.863671203392,120.620583867617,13062.6173859979,0.999700745292623
"lambda_E_S[1,274,1]",94.1192743467226,0.106055120138049,12.1212314329158,73.0591076717012,85.3717767908891,93.3952873189683,101.863671203392,120.620583867617,13062.6173859979,0.999700745292623
"lambda_E_S[1,275,1]",80.8758772886751,0.145765675732805,15.7072209449358,54.7527193901661,69.794360127866,79.1141698934844,90.3283348372264,116.824125996329,11611.4956827717,1.0001231919898
"lambda_E_S[1,276,1]",27.2830103446663,0.0330707317176034,3.45983166291887,21.2256719162095,24.8531148067917,27.0380350977155,29.4510265574542,34.7714790887288,10945.1654125783,0.999792422333708
"lambda_E_S[1,277,1]",27.2830103446663,0.0330707317176034,3.45983166291887,21.2256719162095,24.8531148067917,27.0380350977155,29.4510265574542,34.7714790887288,10945.1654125783,0.999792422333708
"lambda_E_S[1,278,1]",27.2830103446663,0.0330707317176034,3.45983166291887,21.2256719162095,24.8531148067917,27.0380350977155,29.4510265574542,34.7714790887288,10945.1654125783,0.999792422333708
"lambda_E_S[1,279,1]",27.2830103446663,0.0330707317176034,3.45983166291887,21.2256719162095,24.8531148067917,27.0380350977155,29.4510265574542,34.7714790887288,10945.1654125783,0.999792422333708
"lambda_E_S[1,280,1]",74.6046465823939,0.0969607752489003,9.95452586207435,57.8364652287048,67.4418867941362,73.8805642727887,80.7254149149059,96.1112906498329,10540.2036000769,0.999806181188079
"lambda_E_S[1,281,1]",74.6046465823939,0.0969607752489003,9.95452586207435,57.8364652287048,67.4418867941362,73.8805642727887,80.7254149149059,96.1112906498329,10540.2036000769,0.999806181188079
"lambda_E_S[1,282,1]",28.7897416087885,0.0280901730697225,3.27597204054323,23.1360030524632,26.4954122788961,28.5400808797793,30.807404560315,35.8917107772207,13601.0219991675,1.00007617319799
"lambda_E_S[1,283,1]",28.7897416087885,0.0280901730697225,3.27597204054323,23.1360030524632,26.4954122788961,28.5400808797793,30.807404560315,35.8917107772207,13601.0219991675,1.00007617319799
"lambda_E_S[1,284,1]",28.7897416087885,0.0280901730697225,3.27597204054323,23.1360030524632,26.4954122788961,28.5400808797793,30.807404560315,35.8917107772207,13601.0219991675,1.00007617319799
"lambda_E_S[1,285,1]",28.7897416087885,0.0280901730697225,3.27597204054323,23.1360030524632,26.4954122788961,28.5400808797793,30.807404560315,35.8917107772207,13601.0219991675,1.00007617319799
"lambda_E_S[1,286,1]",28.7897416087885,0.0280901730697225,3.27597204054323,23.1360030524632,26.4954122788961,28.5400808797793,30.807404560315,35.8917107772207,13601.0219991675,1.00007617319799
"lambda_E_S[1,287,1]",78.7504200002692,0.0848757210706265,9.70350369058301,61.6835856106548,71.9644901356155,78.1415004890192,84.7823371912561,99.2844334902879,13070.4396732534,0.999946509116245
"lambda_E_S[1,288,1]",78.7504200002692,0.0848757210706265,9.70350369058301,61.6835856106548,71.9644901356155,78.1415004890192,84.7823371912561,99.2844334902879,13070.4396732534,0.999946509116245
"lambda_E_S[1,289,1]",28.0243829927329,0.0892321734845081,9.54692821289723,13.8251475765185,21.3437244660637,26.5872254705759,33.0071595860685,50.8112951844003,11446.8072761046,1.00002477610911
"r_E",5.3890805216821,0.00620295105447632,0.557691912072059,4.36638863386822,4.99585544336924,5.36361551646155,5.74449169375821,6.55433977413788,8083.36116933469,1.00009166109564
"r_OSP",20136.8824068083,11999.1011652323,911975.373761633,0.00124847886520278,0.157835503239971,1.00234052610291,6.16205741618794,833.668852366524,5776.55340062213,1.00019356872944
"mu_C[1,1]",0.163209255870824,0.00262581596629003,0.181405578605924,-0.162625122539445,0.0624433894207544,0.155292727529918,0.253915571170806,0.54613850694222,4772.79419007494,1.00033773908327
"phi_C",0.661816290413375,0.00303558060263703,0.152227679275393,0.328861479325968,0.565235978278488,0.67563145016432,0.773553350193209,0.912772969784563,2514.80152535875,1.00088293604546
"r_C",1.61193981012636,0.00245917659582593,0.20325777465277,1.24674702613142,1.47130127631067,1.6039670846527,1.73909455219045,2.03826352856366,6831.48153736557,1.00057891478867
"omega_C[1,1]",0.418626657539412,0.00287420397251766,0.238141257597126,-0.0394516338119924,0.272212869413517,0.417997644995593,0.563795443862273,0.882931338082727,6864.89841297932,0.999832007804025
"omega_C[2,1]",0.35823401218583,0.00281477483276858,0.21338237880112,-0.069642671283783,0.236454415798166,0.364016093030403,0.487365626127283,0.75731614197907,5746.84900077443,1.00015114337037
"omega_C[3,1]",0.405667768779013,0.00272647313743924,0.215303337022945,-0.0228548520063822,0.281837084553476,0.408559822502211,0.534708404460023,0.81288553725685,6235.89904787091,1.00042523086522
"omega_C[4,1]",0.323496722227498,0.00293527629645382,0.235294269840985,-0.137991302340207,0.179740551268699,0.323914767976755,0.471776695291433,0.771300181207477,6425.76334374165,1.0001638027268
"omega_C[5,1]",0.151543736465719,0.00273484041528055,0.218588427593975,-0.275420565961895,0.0250462830980735,0.15223803324572,0.283827306804203,0.570953354916105,6388.3742947254,1.00028869399152
"omega_C[6,1]",0.409701412494193,0.00387591173740493,0.267211532994807,-0.123140375889803,0.245902507323945,0.41237123630367,0.582806298426881,0.91584615393388,4752.94336955766,1.00008104027501
"omega_C[7,1]",-0.000771422709100497,0.00314375206835766,0.235003790794879,-0.474662722847558,-0.139363634191455,0.00464182352027073,0.145347607688186,0.448265767300491,5587.95833686641,0.999955204593401
"omega_C[8,1]",-0.448624230645478,0.00278855818487917,0.221903001822629,-0.898637530134216,-0.579209810997532,-0.445421327742142,-0.309029314391108,-0.0359427117716557,6332.37948205587,1.00011077326895
"omega_C[9,1]",-0.340179078995652,0.00302977839863058,0.234303901808574,-0.826824350281415,-0.474843938824151,-0.331128142094196,-0.193515958690199,0.0925625875356448,5980.49748334207,1.00036628433883
"omega_C[10,1]",-0.510265384261685,0.00303673029517468,0.254591426309828,-1.02216105792379,-0.665048981371237,-0.501742177186247,-0.345151391257857,-0.0380706826276085,7028.70156962211,1.00028484319217
"omega_C[11,1]",-0.501092801512135,0.00310874097735601,0.254773332545031,-1.01181649683265,-0.653774235365776,-0.498197500042935,-0.335615154911491,-0.0246326341803213,6716.4356808855,1.00008465814077
"omega_C[12,1]",-0.594900686026756,0.00342191958570376,0.270728998787793,-1.14305849485324,-0.760749404922172,-0.584959435477362,-0.418748069794995,-0.0938885782060384,6259.36036131015,0.999977031513688
"omega_C[13,1]",-0.673851165461203,0.00326894396757677,0.278285683708284,-1.23363755186494,-0.838570118238118,-0.665018490308514,-0.49325461336405,-0.159933957288287,7247.14209562511,1.00020543215776
"omega_C[14,1]",-0.560029417961246,0.00339970803956892,0.27734527186097,-1.1254389574663,-0.730350724461221,-0.550401936755006,-0.384544660891906,-0.035007832058983,6655.15674263652,0.999949658468464
"omega_C[15,1]",-0.435229882471173,0.00282120885483814,0.218007831624635,-0.889536113069224,-0.55793923549686,-0.425857770140623,-0.299082708815008,-0.0362169176585532,5971.36631690884,1.0002022599906
"omega_C[16,1]",-0.529163560390689,0.00307523391696131,0.25066754841192,-1.03799374608281,-0.682468447517087,-0.520407641800423,-0.369131263127269,-0.0616572252356634,6644.15744590162,1.0000910880387
"omega_C[17,1]",-0.362243779201688,0.00301633837656126,0.251604376884154,-0.87545257988209,-0.514162957520021,-0.354166672969467,-0.199563652794086,0.101525166716853,6957.86926524342,1.00001350004667
"omega_C[18,1]",-0.375704543258431,0.00291630945611864,0.250199179667737,-0.877567576164868,-0.527467992933437,-0.369467514111601,-0.213204927257338,0.0943798485285458,7360.45311684291,1.0005279768335
"omega_C[19,1]",-0.183195544151363,0.00313398308857104,0.234979089991903,-0.668722558107763,-0.32103630752277,-0.173188843856206,-0.0337872491267021,0.247174596788989,5621.66727617695,1.00053907194988
"omega_C[20,1]",-0.526470236439946,0.00281794983416231,0.233947544284889,-0.987912691876477,-0.669652472371089,-0.522516357701714,-0.378881698873192,-0.079339893674989,6892.39988947815,0.999986518456694
"omega_C[21,1]",-0.23913930605808,0.00306641847005741,0.255054258373212,-0.749381577989127,-0.395293188546973,-0.231943898156379,-0.0745397277935898,0.236258783536573,6918.34656278247,1.00040056592742
"omega_C[22,1]",0.0804756820062711,0.00289493554210146,0.217681366068852,-0.363256223496071,-0.0425549210306755,0.0854886747199084,0.214432610861821,0.482925297906284,5654.11596907296,1.00032627081364
"omega_C[23,1]",0.165765710665567,0.0032854041705323,0.241159575301164,-0.314008544715864,0.0235143546135928,0.171159639755781,0.319572747717846,0.610561808311181,5388.04746040537,1.00024897059566
"omega_C[24,1]",-0.259947026970157,0.00269168391996364,0.213690152557638,-0.690732870607591,-0.384150492326991,-0.257773503210379,-0.128839748094779,0.144900749955334,6302.61673262985,1.00000577021305
"omega_C[25,1]",0.135743888757121,0.00362614951945643,0.282824805599406,-0.424829341457107,-0.0404143730701489,0.133678406196527,0.319154872242815,0.687868406202671,6083.36085967914,1.00035756458606
"omega_C[26,1]",0.285597557985371,0.00289250931664243,0.215824879500791,-0.15310277889692,0.164284342634437,0.293047103753019,0.416215394000156,0.684563526864996,5567.41353951988,1.00049158054809
"omega_C[27,1]",0.137326375103128,0.00295162411106029,0.227227903425346,-0.319351642979703,0.00877596730824293,0.143057940573522,0.275191857336382,0.563180472675045,5926.5400566297,1.00025110921896
"omega_C[28,1]",0.0294647368971262,0.00365294998920734,0.315460715865332,-0.601621729809627,-0.168539993035215,0.0333761803390131,0.22955255837834,0.647761126196397,7457.66920889664,1.00030870169188
"omega_C[29,1]",-0.0563797806150262,0.00271795277050405,0.233869271286286,-0.532724533140485,-0.200279867172126,-0.0507465431599032,0.0921990171408091,0.38172027423696,7403.93356664036,1.00034389503208
"omega_C[30,1]",0.104751813510022,0.0035673902392178,0.316910272116438,-0.526275797379364,-0.0954224427880866,0.106062506633559,0.307185961371445,0.723091755384566,7891.71500838108,0.999808547473115
"omega_C[31,1]",0.298895653006123,0.00298893339706861,0.239965791850311,-0.182633865661202,0.153584151047355,0.300589105072928,0.450062835176112,0.751599092744821,6445.64222682743,1.00036852294573
"omega_C[32,1]",0.0893373713717238,0.00349763725970562,0.324144868234944,-0.54667871632167,-0.11352333210417,0.0932899896782156,0.296462277942543,0.726309848839078,8588.72638084962,1.00002031651273
"omega_C[33,1]",-0.107751192723914,0.00287310747214611,0.261571380860332,-0.606104474879698,-0.271768900621276,-0.105396712075662,0.0638891095259481,0.386507496011247,8288.51460184146,0.999855134506389
"omega_C[34,1]",0.0181974366700483,0.00355900891660097,0.323634409583749,-0.621699294942103,-0.186056465329267,0.0201274234775921,0.229319603680038,0.647573566235403,8268.96643575897,0.99996487317015
"omega_C[35,1]",0.150788486808056,0.00283586345164679,0.2377107969363,-0.321848573499145,0.00783877792497871,0.156350861201344,0.301218668590747,0.602151946404049,7026.30802891471,1.0001097149927
"omega_C[36,1]",0.164081135610754,0.0031831177871836,0.281274610424864,-0.396102453792897,-0.0132776276122211,0.167872279166054,0.343199518801401,0.708041446881284,7808.28478914344,1.00007883578603
"omega_C[37,1]",0.166127949499553,0.00280663670377528,0.21909134949428,-0.270153284395428,0.0367976423211882,0.168592599446672,0.300608864381917,0.588849602780584,6093.65777223611,0.999770061175527
"omega_C[38,1]",0.264142785216881,0.00294454718424217,0.225727362725321,-0.185462074364338,0.132358195096275,0.270185958736158,0.405211943799133,0.691532998528715,5876.6710182423,0.999930065743976
"omega_C[39,1]",0.175065255148331,0.00290272530749578,0.222611915956949,-0.267755578906894,0.0467157424300452,0.181100892685688,0.309421594052545,0.597048139549156,5881.45713712063,0.999891606022024
"omega_C[40,1]",-0.0737063049623342,0.00288130787577197,0.236136267993644,-0.546289969481151,-0.214563102511011,-0.0659078659688958,0.073958828265155,0.379710981293186,6716.54699275794,1.00022949621551
"omega_C[41,1]",-0.204081887923884,0.00283226155732802,0.220829115958027,-0.639578406113805,-0.336045675213641,-0.200029167231117,-0.0647376367351103,0.21366501681986,6079.19329346965,0.99999682059074
"omega_C[42,1]",0.124100299401825,0.00289337423743822,0.21902968812792,-0.31304874040893,-0.00368616404423343,0.128732875322904,0.259916895669481,0.536736230032078,5730.5558453778,0.99998161250667
"omega_C[43,1]",0.435746917166593,0.00283646355476878,0.21156256045109,0.0089392441500466,0.315436174913886,0.440227728036367,0.561710052622231,0.839108618490356,5563.18129851847,1.00008069867381
"omega_C[44,1]",0.285461271495443,0.00341790377862866,0.343340364996022,-0.389761876689235,0.0688688408485155,0.282146202992056,0.501716309977074,0.970357769319489,10090.9037677195,0.999857930591557
"omega_C_0[1,1]",0.418626657539412,0.00287420397251766,0.238141257597126,-0.0394516338119924,0.272212869413517,0.417997644995593,0.563795443862273,0.882931338082727,6864.89841297932,0.999832007804025
"lambda_C_S[1,1,1]",1.26514888654799,0.00197438147605039,0.218952135697787,0.897299161297922,1.10890090101295,1.24521943063844,1.39509996936027,1.75918749217625,12298.0494772935,1.00006552940732
"lambda_C_S[1,2,1]",1.69772115268523,0.00202356353722556,0.213364194119452,1.31761565891492,1.54927638310324,1.68683743886987,1.83262698694021,2.1467895327592,11117.5576212258,0.999844343854638
"lambda_C_S[1,3,1]",1.69772115268523,0.00202356353722556,0.213364194119452,1.31761565891492,1.54927638310324,1.68683743886987,1.83262698694021,2.1467895327592,11117.5576212258,0.999844343854638
"lambda_C_S[1,4,1]",1.69772115268523,0.00202356353722556,0.213364194119452,1.31761565891492,1.54927638310324,1.68683743886987,1.83262698694021,2.1467895327592,11117.5576212258,0.999844343854638
"lambda_C_S[1,5,1]",1.69772115268523,0.00202356353722556,0.213364194119452,1.31761565891492,1.54927638310324,1.68683743886987,1.83262698694021,2.1467895327592,11117.5576212258,0.999844343854638
"lambda_C_S[1,6,1]",1.69772115268523,0.00202356353722556,0.213364194119452,1.31761565891492,1.54927638310324,1.68683743886987,1.83262698694021,2.1467895327592,11117.5576212258,0.999844343854638
"lambda_C_S[1,7,1]",1.18489304969453,0.00162302265190965,0.163806259209537,0.892365474916554,1.07043958366302,1.17481714995611,1.28888259817469,1.53142723791263,10186.1911773208,0.999741988246528
"lambda_C_S[1,8,1]",1.18489304969453,0.00162302265190965,0.163806259209537,0.892365474916554,1.07043958366302,1.17481714995611,1.28888259817469,1.53142723791263,10186.1911773208,0.999741988246528
"lambda_C_S[1,9,1]",1.78085543402654,0.00198013289516693,0.229731666987212,1.37662243233388,1.6193500378439,1.76556357326975,1.92471810040502,2.27756858212913,13460.2476593297,1.00037394603752
"lambda_C_S[1,10,1]",1.78085543402654,0.00198013289516693,0.229731666987212,1.37662243233388,1.6193500378439,1.76556357326975,1.92471810040502,2.27756858212913,13460.2476593297,1.00037394603752
"lambda_C_S[1,11,1]",1.78085543402654,0.00198013289516693,0.229731666987212,1.37662243233388,1.6193500378439,1.76556357326975,1.92471810040502,2.27756858212913,13460.2476593297,1.00037394603752
"lambda_C_S[1,12,1]",1.78085543402654,0.00198013289516693,0.229731666987212,1.37662243233388,1.6193500378439,1.76556357326975,1.92471810040502,2.27756858212913,13460.2476593297,1.00037394603752
"lambda_C_S[1,13,1]",1.78085543402654,0.00198013289516693,0.229731666987212,1.37662243233388,1.6193500378439,1.76556357326975,1.92471810040502,2.27756858212913,13460.2476593297,1.00037394603752
"lambda_C_S[1,14,1]",1.24312351695384,0.00159816528853314,0.177208980928393,0.932450217226699,1.12151499369688,1.23037749751522,1.35063506457704,1.62496633123247,12294.9868537031,1.00014915914313
"lambda_C_S[1,15,1]",1.24312351695384,0.00159816528853314,0.177208980928393,0.932450217226699,1.12151499369688,1.23037749751522,1.35063506457704,1.62496633123247,12294.9868537031,1.00014915914313
"lambda_C_S[1,16,1]",1.64859052943443,0.00245041143263088,0.27036885791649,1.18259043470299,1.45876693828021,1.62646737510353,1.81174241440823,2.24236988409457,12174.056498163,0.999861593512797
"lambda_C_S[1,17,1]",1.64859052943443,0.00245041143263088,0.27036885791649,1.18259043470299,1.45876693828021,1.62646737510353,1.81174241440823,2.24236988409457,12174.056498163,0.999861593512797
"lambda_C_S[1,18,1]",1.64859052943443,0.00245041143263088,0.27036885791649,1.18259043470299,1.45876693828021,1.62646737510353,1.81174241440823,2.24236988409457,12174.056498163,0.999861593512797
"lambda_C_S[1,19,1]",1.64859052943443,0.00245041143263088,0.27036885791649,1.18259043470299,1.45876693828021,1.62646737510353,1.81174241440823,2.24236988409457,12174.056498163,0.999861593512797
"lambda_C_S[1,20,1]",1.64859052943443,0.00245041143263088,0.27036885791649,1.18259043470299,1.45876693828021,1.62646737510353,1.81174241440823,2.24236988409457,12174.056498163,0.999861593512797
"lambda_C_S[1,21,1]",1.15070905352166,0.00187565624834675,0.200776579108257,0.810922650700113,1.00952073775656,1.1328907182544,1.27521781539724,1.5862769969633,11458.2845817152,0.999805572166213
"lambda_C_S[1,22,1]",1.15070905352166,0.00187565624834675,0.200776579108257,0.810922650700113,1.00952073775656,1.1328907182544,1.27521781539724,1.5862769969633,11458.2845817152,0.999805572166213
"lambda_C_S[1,23,1]",1.38352715312048,0.00176677258399325,0.195759418370768,1.04096700203891,1.24659690946809,1.36800456016083,1.50302484002649,1.80922605696573,12276.7674416634,1.00028478904825
"lambda_C_S[1,24,1]",1.38352715312048,0.00176677258399325,0.195759418370768,1.04096700203891,1.24659690946809,1.36800456016083,1.50302484002649,1.80922605696573,12276.7674416634,1.00028478904825
"lambda_C_S[1,25,1]",1.38352715312048,0.00176677258399325,0.195759418370768,1.04096700203891,1.24659690946809,1.36800456016083,1.50302484002649,1.80922605696573,12276.7674416634,1.00028478904825
"lambda_C_S[1,26,1]",1.38352715312048,0.00176677258399325,0.195759418370768,1.04096700203891,1.24659690946809,1.36800456016083,1.50302484002649,1.80922605696573,12276.7674416634,1.00028478904825
"lambda_C_S[1,27,1]",1.38352715312048,0.00176677258399325,0.195759418370768,1.04096700203891,1.24659690946809,1.36800456016083,1.50302484002649,1.80922605696573,12276.7674416634,1.00028478904825
"lambda_C_S[1,28,1]",0.965447654253105,0.00134894929735324,0.146389914575689,0.707702535451181,0.865273145245968,0.955067223508984,1.0547026562148,1.28525605401608,11776.9020289808,1.00011131197025
"lambda_C_S[1,29,1]",0.965447654253105,0.00134894929735324,0.146389914575689,0.707702535451181,0.865273145245968,0.955067223508984,1.0547026562148,1.28525605401608,11776.9020289808,1.00011131197025
"lambda_C_S[1,30,1]",1.81054457884492,0.00471747083616911,0.377279087124914,1.21325552259551,1.54531692114599,1.76369282951568,2.02443965714342,2.67715286433199,6395.97882361538,0.999883522740651
"lambda_C_S[1,31,1]",1.14560307695,0.00176485263925956,0.181208386999547,0.842315452132863,1.01664366830767,1.12754262725888,1.25457162291022,1.54877054540012,10542.4048902446,0.999815071469351
"lambda_C_S[1,32,1]",0.762974098301149,0.00134918708777496,0.138364882396623,0.525381277766193,0.665431391977532,0.752635317908676,0.847358580133421,1.0634480532642,10517.3760933867,1.00019131571673
"lambda_C_S[1,33,1]",1.19226212554502,0.001944441797357,0.197767315441762,0.859429868365973,1.0531654550485,1.1746321920838,1.31027372341698,1.6263332940395,10344.7295392217,0.999832882494576
"lambda_C_S[1,34,1]",1.19226212554502,0.001944441797357,0.197767315441762,0.859429868365973,1.0531654550485,1.1746321920838,1.31027372341698,1.6263332940395,10344.7295392217,0.999832882494576
"lambda_C_S[1,35,1]",0.831824691596052,0.00152129822694491,0.144385631302285,0.589288485488586,0.729822351937271,0.817720695789818,0.917780046312162,1.14581296130748,9007.81034939497,0.999876608064807
"lambda_C_S[1,36,1]",0.831824691596052,0.00152129822694491,0.144385631302285,0.589288485488586,0.729822351937271,0.817720695789818,0.917780046312162,1.14581296130748,9007.81034939497,0.999876608064807
"lambda_C_S[1,37,1]",0.759826637255204,0.00116348719005132,0.111785117818041,0.562417040654394,0.680053464290482,0.751200643783586,0.831499730877401,1.00017318241201,9230.91529076749,1.00018345222967
"lambda_C_S[1,38,1]",0.759826637255204,0.00116348719005132,0.111785117818041,0.562417040654394,0.680053464290482,0.751200643783586,0.831499730877401,1.00017318241201,9230.91529076749,1.00018345222967
"lambda_C_S[1,39,1]",0.759826637255204,0.00116348719005132,0.111785117818041,0.562417040654394,0.680053464290482,0.751200643783586,0.831499730877401,1.00017318241201,9230.91529076749,1.00018345222967
"lambda_C_S[1,40,1]",0.759826637255204,0.00116348719005132,0.111785117818041,0.562417040654394,0.680053464290482,0.751200643783586,0.831499730877401,1.00017318241201,9230.91529076749,1.00018345222967
"lambda_C_S[1,41,1]",0.759826637255204,0.00116348719005132,0.111785117818041,0.562417040654394,0.680053464290482,0.751200643783586,0.831499730877401,1.00017318241201,9230.91529076749,1.00018345222967
"lambda_C_S[1,42,1]",0.529483185297763,0.000816905851385716,0.0785088328748537,0.392559863370007,0.473979869097306,0.522732867051926,0.577602853088156,0.699649390735261,9236.19361933382,1.00004604211681
"lambda_C_S[1,43,1]",0.529483185297763,0.000816905851385716,0.0785088328748537,0.392559863370007,0.473979869097306,0.522732867051926,0.577602853088156,0.699649390735261,9236.19361933382,1.00004604211681
"lambda_C_S[1,44,1]",0.847897509776578,0.00119518022558882,0.13247620487096,0.621542965081393,0.755340499989223,0.837890665389777,0.927293090774945,1.13786103161364,12285.9560691065,0.999926357111358
"lambda_C_S[1,45,1]",0.847897509776578,0.00119518022558882,0.13247620487096,0.621542965081393,0.755340499989223,0.837890665389777,0.927293090774945,1.13786103161364,12285.9560691065,0.999926357111358
"lambda_C_S[1,46,1]",0.847897509776578,0.00119518022558882,0.13247620487096,0.621542965081393,0.755340499989223,0.837890665389777,0.927293090774945,1.13786103161364,12285.9560691065,0.999926357111358
"lambda_C_S[1,47,1]",0.847897509776578,0.00119518022558882,0.13247620487096,0.621542965081393,0.755340499989223,0.837890665389777,0.927293090774945,1.13786103161364,12285.9560691065,0.999926357111358
"lambda_C_S[1,48,1]",0.847897509776578,0.00119518022558882,0.13247620487096,0.621542965081393,0.755340499989223,0.837890665389777,0.927293090774945,1.13786103161364,12285.9560691065,0.999926357111358
"lambda_C_S[1,49,1]",0.591435588645277,0.000900940152673018,0.0964462507789588,0.426415990866133,0.523379935818934,0.582827385731603,0.649618555927938,0.802414689756409,11459.8468517746,0.999911486639937
"lambda_C_S[1,50,1]",0.591435588645277,0.000900940152673018,0.0964462507789588,0.426415990866133,0.523379935818934,0.582827385731603,0.649618555927938,0.802414689756409,11459.8468517746,0.999911486639937
"lambda_C_S[1,51,1]",0.720149382190753,0.00131594220722664,0.140513670769344,0.482199586549045,0.621554120798716,0.707110655994702,0.805364203682087,1.03476654690407,11401.5402723392,1.00015499847093
"lambda_C_S[1,52,1]",0.720149382190753,0.00131594220722664,0.140513670769344,0.482199586549045,0.621554120798716,0.707110655994702,0.805364203682087,1.03476654690407,11401.5402723392,1.00015499847093
"lambda_C_S[1,53,1]",0.720149382190753,0.00131594220722664,0.140513670769344,0.482199586549045,0.621554120798716,0.707110655994702,0.805364203682087,1.03476654690407,11401.5402723392,1.00015499847093
"lambda_C_S[1,54,1]",0.720149382190753,0.00131594220722664,0.140513670769344,0.482199586549045,0.621554120798716,0.707110655994702,0.805364203682087,1.03476654690407,11401.5402723392,1.00015499847093
"lambda_C_S[1,55,1]",0.720149382190753,0.00131594220722664,0.140513670769344,0.482199586549045,0.621554120798716,0.707110655994702,0.805364203682087,1.03476654690407,11401.5402723392,1.00015499847093
"lambda_C_S[1,56,1]",0.502113737522736,0.000950748288536502,0.0997509125009689,0.333800674246459,0.431879317224548,0.49234163007636,0.563534819228452,0.725592938533418,11007.8537226108,1.00012846784337
"lambda_C_S[1,57,1]",0.502113737522736,0.000950748288536502,0.0997509125009689,0.333800674246459,0.431879317224548,0.49234163007636,0.563534819228452,0.725592938533418,11007.8537226108,1.00012846784337
"lambda_C_S[1,58,1]",0.725892434339877,0.00118828003791527,0.137667459122715,0.495121718730357,0.627024170542643,0.714168933862439,0.80596433720246,1.03099493534497,13422.2397175397,0.99972535302822
"lambda_C_S[1,59,1]",0.725892434339877,0.00118828003791527,0.137667459122715,0.495121718730357,0.627024170542643,0.714168933862439,0.80596433720246,1.03099493534497,13422.2397175397,0.99972535302822
"lambda_C_S[1,60,1]",0.725892434339877,0.00118828003791527,0.137667459122715,0.495121718730357,0.627024170542643,0.714168933862439,0.80596433720246,1.03099493534497,13422.2397175397,0.99972535302822
"lambda_C_S[1,61,1]",0.725892434339877,0.00118828003791527,0.137667459122715,0.495121718730357,0.627024170542643,0.714168933862439,0.80596433720246,1.03099493534497,13422.2397175397,0.99972535302822
"lambda_C_S[1,62,1]",0.725892434339877,0.00118828003791527,0.137667459122715,0.495121718730357,0.627024170542643,0.714168933862439,0.80596433720246,1.03099493534497,13422.2397175397,0.99972535302822
"lambda_C_S[1,63,1]",0.506681893638766,0.0009155969246674,0.100874578866778,0.339886758448392,0.43509678000522,0.497289676991317,0.566500909121932,0.729555366352995,12138.2148033989,0.999775943348896
"lambda_C_S[1,64,1]",0.506681893638766,0.0009155969246674,0.100874578866778,0.339886758448392,0.43509678000522,0.497289676991317,0.566500909121932,0.729555366352995,12138.2148033989,0.999775943348896
"lambda_C_S[1,65,1]",0.663613946526635,0.00135129221767145,0.139687952390304,0.428937981862584,0.566584353750256,0.650912494541662,0.743791965038316,0.978201911694884,10686.102890192,0.999779352498345
"lambda_C_S[1,66,1]",0.663613946526635,0.00135129221767145,0.139687952390304,0.428937981862584,0.566584353750256,0.650912494541662,0.743791965038316,0.978201911694884,10686.102890192,0.999779352498345
"lambda_C_S[1,67,1]",0.663613946526635,0.00135129221767145,0.139687952390304,0.428937981862584,0.566584353750256,0.650912494541662,0.743791965038316,0.978201911694884,10686.102890192,0.999779352498345
"lambda_C_S[1,68,1]",0.663613946526635,0.00135129221767145,0.139687952390304,0.428937981862584,0.566584353750256,0.650912494541662,0.743791965038316,0.978201911694884,10686.102890192,0.999779352498345
"lambda_C_S[1,69,1]",0.663613946526635,0.00135129221767145,0.139687952390304,0.428937981862584,0.566584353750256,0.650912494541662,0.743791965038316,0.978201911694884,10686.102890192,0.999779352498345
"lambda_C_S[1,70,1]",0.425204414845262,0.000873531173272155,0.0978343307301802,0.265017071116775,0.357483522530406,0.413182198958702,0.482742881374001,0.649198041669907,12543.7023690085,0.999841617296563
"lambda_C_S[1,71,1]",0.463293243253047,0.00103725402938509,0.10189800881913,0.294807430959432,0.391545258758833,0.452939195185452,0.522654242287972,0.691617780866826,9650.75152163684,0.999745851569937
"lambda_C_S[1,72,1]",0.615044963451222,0.0012301229410243,0.137547807697302,0.383383048052213,0.52057117855867,0.601347893568363,0.696428051561173,0.923002036062026,12502.8871066826,1.00012853035167
"lambda_C_S[1,73,1]",0.615044963451222,0.0012301229410243,0.137547807697302,0.383383048052213,0.52057117855867,0.601347893568363,0.696428051561173,0.923002036062026,12502.8871066826,1.00012853035167
"lambda_C_S[1,74,1]",0.615044963451222,0.0012301229410243,0.137547807697302,0.383383048052213,0.52057117855867,0.601347893568363,0.696428051561173,0.923002036062026,12502.8871066826,1.00012853035167
"lambda_C_S[1,75,1]",0.615044963451222,0.0012301229410243,0.137547807697302,0.383383048052213,0.52057117855867,0.601347893568363,0.696428051561173,0.923002036062026,12502.8871066826,1.00012853035167
"lambda_C_S[1,76,1]",0.615044963451222,0.0012301229410243,0.137547807697302,0.383383048052213,0.52057117855867,0.601347893568363,0.696428051561173,0.923002036062026,12502.8871066826,1.00012853035167
"lambda_C_S[1,77,1]",0.429006219595912,0.000905552525105028,0.098031898832382,0.264001927417921,0.361447052423205,0.418574968830724,0.486934102980595,0.6446812929994,11719.458291393,1.00005335019202
"lambda_C_S[1,78,1]",0.429006219595912,0.000905552525105028,0.098031898832382,0.264001927417921,0.361447052423205,0.418574968830724,0.486934102980595,0.6446812929994,11719.458291393,1.00005335019202
"lambda_C_S[1,79,1]",0.68870691177559,0.00157687502193955,0.152717908931609,0.439778024920762,0.58281669865948,0.67130230587841,0.778003872159348,1.03478285849619,9379.6231534239,0.999709963032197
"lambda_C_S[1,80,1]",0.68870691177559,0.00157687502193955,0.152717908931609,0.439778024920762,0.58281669865948,0.67130230587841,0.778003872159348,1.03478285849619,9379.6231534239,0.999709963032197
"lambda_C_S[1,81,1]",0.68870691177559,0.00157687502193955,0.152717908931609,0.439778024920762,0.58281669865948,0.67130230587841,0.778003872159348,1.03478285849619,9379.6231534239,0.999709963032197
"lambda_C_S[1,82,1]",0.68870691177559,0.00157687502193955,0.152717908931609,0.439778024920762,0.58281669865948,0.67130230587841,0.778003872159348,1.03478285849619,9379.6231534239,0.999709963032197
"lambda_C_S[1,83,1]",0.68870691177559,0.00157687502193955,0.152717908931609,0.439778024920762,0.58281669865948,0.67130230587841,0.778003872159348,1.03478285849619,9379.6231534239,0.999709963032197
"lambda_C_S[1,84,1]",0.480663686982128,0.00114740670225842,0.110531040137823,0.300859058035686,0.403554985385498,0.467471144154583,0.544438857124381,0.738259550934101,9279.69599997211,0.999712105334271
"lambda_C_S[1,85,1]",0.480663686982128,0.00114740670225842,0.110531040137823,0.300859058035686,0.403554985385498,0.467471144154583,0.544438857124381,0.738259550934101,9279.69599997211,0.999712105334271
"lambda_C_S[1,86,1]",0.768250316406008,0.000926570194047883,0.0998485223905918,0.590038699265593,0.696992981180056,0.76250648338347,0.831190385046254,0.981289485889438,11612.5242336272,0.999895843290562
"lambda_C_S[1,87,1]",0.768250316406008,0.000926570194047883,0.0998485223905918,0.590038699265593,0.696992981180056,0.76250648338347,0.831190385046254,0.981289485889438,11612.5242336272,0.999895843290562
"lambda_C_S[1,88,1]",0.768250316406008,0.000926570194047883,0.0998485223905918,0.590038699265593,0.696992981180056,0.76250648338347,0.831190385046254,0.981289485889438,11612.5242336272,0.999895843290562
"lambda_C_S[1,89,1]",0.768250316406008,0.000926570194047883,0.0998485223905918,0.590038699265593,0.696992981180056,0.76250648338347,0.831190385046254,0.981289485889438,11612.5242336272,0.999895843290562
"lambda_C_S[1,90,1]",0.768250316406008,0.000926570194047883,0.0998485223905918,0.590038699265593,0.696992981180056,0.76250648338347,0.831190385046254,0.981289485889438,11612.5242336272,0.999895843290562
"lambda_C_S[1,91,1]",0.536150631805106,0.000742277760643033,0.0760591562913297,0.402399098104607,0.481589670546876,0.531341762472535,0.584041021035623,0.700907988813616,10499.5360586505,0.999775738480852
"lambda_C_S[1,92,1]",0.536150631805106,0.000742277760643033,0.0760591562913297,0.402399098104607,0.481589670546876,0.531341762472535,0.584041021035623,0.700907988813616,10499.5360586505,0.999775738480852
"lambda_C_S[1,93,1]",0.706082074644961,0.00130197767631786,0.13430690512417,0.471428631692377,0.612838158459032,0.694395271999872,0.785768886606163,1.00173984979366,10641.1755396421,1.00030105170975
"lambda_C_S[1,94,1]",0.706082074644961,0.00130197767631786,0.13430690512417,0.471428631692377,0.612838158459032,0.694395271999872,0.785768886606163,1.00173984979366,10641.1755396421,1.00030105170975
"lambda_C_S[1,95,1]",0.706082074644961,0.00130197767631786,0.13430690512417,0.471428631692377,0.612838158459032,0.694395271999872,0.785768886606163,1.00173984979366,10641.1755396421,1.00030105170975
"lambda_C_S[1,96,1]",0.706082074644961,0.00130197767631786,0.13430690512417,0.471428631692377,0.612838158459032,0.694395271999872,0.785768886606163,1.00173984979366,10641.1755396421,1.00030105170975
"lambda_C_S[1,97,1]",0.706082074644961,0.00130197767631786,0.13430690512417,0.471428631692377,0.612838158459032,0.694395271999872,0.785768886606163,1.00173984979366,10641.1755396421,1.00030105170975
"lambda_C_S[1,98,1]",0.4922582454918,0.000920544560300744,0.0952097336434162,0.327703439030842,0.426994821156448,0.484942014576599,0.550153366456418,0.704126467422212,10697.2727288724,1.00013066291338
"lambda_C_S[1,99,1]",0.4922582454918,0.000920544560300744,0.0952097336434162,0.327703439030842,0.426994821156448,0.484942014576599,0.550153366456418,0.704126467422212,10697.2727288724,1.00013066291338
"lambda_C_S[1,100,1]",0.833697983397362,0.00137501788210802,0.15634548663403,0.571433683152102,0.723131376637913,0.817326253574733,0.928541677181104,1.18393005535503,12928.6745964002,0.999889270754024
"lambda_C_S[1,101,1]",0.833697983397362,0.00137501788210802,0.15634548663403,0.571433683152102,0.723131376637913,0.817326253574733,0.928541677181104,1.18393005535503,12928.6745964002,0.999889270754024
"lambda_C_S[1,102,1]",0.833697983397362,0.00137501788210802,0.15634548663403,0.571433683152102,0.723131376637913,0.817326253574733,0.928541677181104,1.18393005535503,12928.6745964002,0.999889270754024
"lambda_C_S[1,103,1]",0.833697983397362,0.00137501788210802,0.15634548663403,0.571433683152102,0.723131376637913,0.817326253574733,0.928541677181104,1.18393005535503,12928.6745964002,0.999889270754024
"lambda_C_S[1,104,1]",0.833697983397362,0.00137501788210802,0.15634548663403,0.571433683152102,0.723131376637913,0.817326253574733,0.928541677181104,1.18393005535503,12928.6745964002,0.999889270754024
"lambda_C_S[1,105,1]",0.581297563509975,0.00100544102618292,0.111130740549845,0.394521974667984,0.503825074960704,0.569704192854388,0.645965384385248,0.827708376124974,12216.7366535248,0.999862659340247
"lambda_C_S[1,106,1]",0.581297563509975,0.00100544102618292,0.111130740549845,0.394521974667984,0.503825074960704,0.569704192854388,0.645965384385248,0.827708376124974,12216.7366535248,0.999862659340247
"lambda_C_S[1,107,1]",0.822265596264285,0.0013634527922462,0.151996175018875,0.563393802988656,0.715438546933592,0.808804767320757,0.914092335556354,1.16286484609901,12427.53820153,1.00032351398982
"lambda_C_S[1,108,1]",0.822265596264285,0.0013634527922462,0.151996175018875,0.563393802988656,0.715438546933592,0.808804767320757,0.914092335556354,1.16286484609901,12427.53820153,1.00032351398982
"lambda_C_S[1,109,1]",0.822265596264285,0.0013634527922462,0.151996175018875,0.563393802988656,0.715438546933592,0.808804767320757,0.914092335556354,1.16286484609901,12427.53820153,1.00032351398982
"lambda_C_S[1,110,1]",0.822265596264285,0.0013634527922462,0.151996175018875,0.563393802988656,0.715438546933592,0.808804767320757,0.914092335556354,1.16286484609901,12427.53820153,1.00032351398982
"lambda_C_S[1,111,1]",0.822265596264285,0.0013634527922462,0.151996175018875,0.563393802988656,0.715438546933592,0.808804767320757,0.914092335556354,1.16286484609901,12427.53820153,1.00032351398982
"lambda_C_S[1,112,1]",0.573655445807751,0.00100542063833859,0.109957732825052,0.38709561917671,0.496153586657495,0.563897178012489,0.639117485946451,0.819597902107913,11960.6824952851,1.00031268731853
"lambda_C_S[1,113,1]",0.573655445807751,0.00100542063833859,0.109957732825052,0.38709561917671,0.496153586657495,0.563897178012489,0.639117485946451,0.819597902107913,11960.6824952851,1.00031268731853
"lambda_C_S[1,114,1]",0.992568295849399,0.00152002678073248,0.158957798663819,0.723894638004935,0.881328245753229,0.977284977741846,1.09087324255806,1.34161650826285,10936.0679559542,0.999936502169367
"lambda_C_S[1,115,1]",0.992568295849399,0.00152002678073248,0.158957798663819,0.723894638004935,0.881328245753229,0.977284977741846,1.09087324255806,1.34161650826285,10936.0679559542,0.999936502169367
"lambda_C_S[1,116,1]",0.992568295849399,0.00152002678073248,0.158957798663819,0.723894638004935,0.881328245753229,0.977284977741846,1.09087324255806,1.34161650826285,10936.0679559542,0.999936502169367
"lambda_C_S[1,117,1]",0.992568295849399,0.00152002678073248,0.158957798663819,0.723894638004935,0.881328245753229,0.977284977741846,1.09087324255806,1.34161650826285,10936.0679559542,0.999936502169367
"lambda_C_S[1,118,1]",0.992568295849399,0.00152002678073248,0.158957798663819,0.723894638004935,0.881328245753229,0.977284977741846,1.09087324255806,1.34161650826285,10936.0679559542,0.999936502169367
"lambda_C_S[1,119,1]",0.692489598636405,0.00116664207015048,0.116581043544963,0.497729962268005,0.610278392363074,0.679756505515563,0.763254802478833,0.954194803289221,9985.74818603081,0.999932880742238
"lambda_C_S[1,120,1]",0.692489598636405,0.00116664207015048,0.116581043544963,0.497729962268005,0.610278392363074,0.679756505515563,0.763254802478833,0.954194803289221,9985.74818603081,0.999932880742238
"lambda_C_S[1,121,1]",0.705040451298338,0.00120800947481515,0.117489088687015,0.498985772865607,0.622997225451342,0.695968501627442,0.777043508835371,0.962874310489649,9459.19958805755,1.00003443362746
"lambda_C_S[1,122,1]",0.705040451298338,0.00120800947481515,0.117489088687015,0.498985772865607,0.622997225451342,0.695968501627442,0.777043508835371,0.962874310489649,9459.19958805755,1.00003443362746
"lambda_C_S[1,123,1]",0.705040451298338,0.00120800947481515,0.117489088687015,0.498985772865607,0.622997225451342,0.695968501627442,0.777043508835371,0.962874310489649,9459.19958805755,1.00003443362746
"lambda_C_S[1,124,1]",0.705040451298338,0.00120800947481515,0.117489088687015,0.498985772865607,0.622997225451342,0.695968501627442,0.777043508835371,0.962874310489649,9459.19958805755,1.00003443362746
"lambda_C_S[1,125,1]",0.705040451298338,0.00120800947481515,0.117489088687015,0.498985772865607,0.622997225451342,0.695968501627442,0.777043508835371,0.962874310489649,9459.19958805755,1.00003443362746
"lambda_C_S[1,126,1]",0.491761469827729,0.000867462398756618,0.0848947947294017,0.343975279355881,0.432096528548652,0.485110412549144,0.544992155871898,0.67716592859035,9577.69069022722,0.999925424111361
"lambda_C_S[1,127,1]",0.491761469827729,0.000867462398756618,0.0848947947294017,0.343975279355881,0.432096528548652,0.485110412549144,0.544992155871898,0.67716592859035,9577.69069022722,0.999925424111361
"lambda_C_S[1,128,1]",0.943583058572369,0.00182765093202149,0.179590538325276,0.636793486779803,0.816671648197557,0.929554137573807,1.05160488349666,1.33734710700305,9655.62521133726,1.00104478338122
"lambda_C_S[1,129,1]",0.943583058572369,0.00182765093202149,0.179590538325276,0.636793486779803,0.816671648197557,0.929554137573807,1.05160488349666,1.33734710700305,9655.62521133726,1.00104478338122
"lambda_C_S[1,130,1]",0.943583058572369,0.00182765093202149,0.179590538325276,0.636793486779803,0.816671648197557,0.929554137573807,1.05160488349666,1.33734710700305,9655.62521133726,1.00104478338122
"lambda_C_S[1,131,1]",0.943583058572369,0.00182765093202149,0.179590538325276,0.636793486779803,0.816671648197557,0.929554137573807,1.05160488349666,1.33734710700305,9655.62521133726,1.00104478338122
"lambda_C_S[1,132,1]",0.943583058572369,0.00182765093202149,0.179590538325276,0.636793486779803,0.816671648197557,0.929554137573807,1.05160488349666,1.33734710700305,9655.62521133726,1.00104478338122
"lambda_C_S[1,133,1]",0.658299186130475,0.00135669234301727,0.129582791439736,0.43838300372129,0.566277626097275,0.647270425564242,0.737682878324931,0.942652658668606,9122.87899632381,1.00075816671355
"lambda_C_S[1,134,1]",0.658299186130475,0.00135669234301727,0.129582791439736,0.43838300372129,0.566277626097275,0.647270425564242,0.737682878324931,0.942652658668606,9122.87899632381,1.00075816671355
"lambda_C_S[1,135,1]",1.28788100935118,0.00171160028307908,0.177045943364312,0.980062154774382,1.1628185176798,1.27493082665856,1.39974657281419,1.66873715204545,10699.5930813463,0.99977978092293
"lambda_C_S[1,136,1]",1.28788100935118,0.00171160028307908,0.177045943364312,0.980062154774382,1.1628185176798,1.27493082665856,1.39974657281419,1.66873715204545,10699.5930813463,0.99977978092293
"lambda_C_S[1,137,1]",1.28788100935118,0.00171160028307908,0.177045943364312,0.980062154774382,1.1628185176798,1.27493082665856,1.39974657281419,1.66873715204545,10699.5930813463,0.99977978092293
"lambda_C_S[1,138,1]",1.28788100935118,0.00171160028307908,0.177045943364312,0.980062154774382,1.1628185176798,1.27493082665856,1.39974657281419,1.66873715204545,10699.5930813463,0.99977978092293
"lambda_C_S[1,139,1]",1.28788100935118,0.00171160028307908,0.177045943364312,0.980062154774382,1.1628185176798,1.27493082665856,1.39974657281419,1.66873715204545,10699.5930813463,0.99977978092293
"lambda_C_S[1,140,1]",0.896523022464137,0.0011207913094503,0.116632913425569,0.692235765957134,0.814450402997067,0.888524736918773,0.969683295599464,1.14840847205367,10829.1093413354,0.999879219381201
"lambda_C_S[1,141,1]",0.896523022464137,0.0011207913094503,0.116632913425569,0.692235765957134,0.814450402997067,0.888524736918773,0.969683295599464,1.14840847205367,10829.1093413354,0.999879219381201
"lambda_C_S[1,142,1]",1.40856535712562,0.00252369659648445,0.235992802196129,1.01310326186734,1.24425006922031,1.38387663076189,1.54749287626753,1.94005825445859,8744.26338067781,0.99988174066992
"lambda_C_S[1,143,1]",1.40856535712562,0.00252369659648445,0.235992802196129,1.01310326186734,1.24425006922031,1.38387663076189,1.54749287626753,1.94005825445859,8744.26338067781,0.99988174066992
"lambda_C_S[1,144,1]",1.40856535712562,0.00252369659648445,0.235992802196129,1.01310326186734,1.24425006922031,1.38387663076189,1.54749287626753,1.94005825445859,8744.26338067781,0.99988174066992
"lambda_C_S[1,145,1]",1.40856535712562,0.00252369659648445,0.235992802196129,1.01310326186734,1.24425006922031,1.38387663076189,1.54749287626753,1.94005825445859,8744.26338067781,0.99988174066992
"lambda_C_S[1,146,1]",1.40856535712562,0.00252369659648445,0.235992802196129,1.01310326186734,1.24425006922031,1.38387663076189,1.54749287626753,1.94005825445859,8744.26338067781,0.99988174066992
"lambda_C_S[1,147,1]",0.983083252884768,0.00194268195726463,0.174456116901703,0.693346072348786,0.860775513296595,0.96510045104615,1.08628882572714,1.37069336224562,8064.34297278021,0.999966840604558
"lambda_C_S[1,148,1]",0.983083252884768,0.00194268195726463,0.174456116901703,0.693346072348786,0.860775513296595,0.96510045104615,1.08628882572714,1.37069336224562,8064.34297278021,0.999966840604558
"lambda_C_S[1,149,1]",0.915921142404846,0.00130297576079742,0.122550455247908,0.695615194565529,0.830106441904249,0.908582820345668,0.995302612427724,1.17748430363167,8846.20877138901,0.999971630740724
"lambda_C_S[1,150,1]",0.915921142404846,0.00130297576079742,0.122550455247908,0.695615194565529,0.830106441904249,0.908582820345668,0.995302612427724,1.17748430363167,8846.20877138901,0.999971630740724
"lambda_C_S[1,151,1]",0.915921142404846,0.00130297576079742,0.122550455247908,0.695615194565529,0.830106441904249,0.908582820345668,0.995302612427724,1.17748430363167,8846.20877138901,0.999971630740724
"lambda_C_S[1,152,1]",0.915921142404846,0.00130297576079742,0.122550455247908,0.695615194565529,0.830106441904249,0.908582820345668,0.995302612427724,1.17748430363167,8846.20877138901,0.999971630740724
"lambda_C_S[1,153,1]",0.915921142404846,0.00130297576079742,0.122550455247908,0.695615194565529,0.830106441904249,0.908582820345668,0.995302612427724,1.17748430363167,8846.20877138901,0.999971630740724
"lambda_C_S[1,154,1]",0.639087684993836,0.000960776294049443,0.0920751213967813,0.475216589700658,0.57511503180561,0.633319472327194,0.697036001757855,0.836012603997314,9184.17271894575,0.999834071949897
"lambda_C_S[1,155,1]",0.639087684993836,0.000960776294049443,0.0920751213967813,0.475216589700658,0.57511503180561,0.633319472327194,0.697036001757855,0.836012603997314,9184.17271894575,0.999834071949897
"lambda_C_S[1,156,1]",1.38295293138092,0.00350387962218897,0.318506895987838,0.869097146916445,1.16363923257985,1.34387750117264,1.5607741707655,2.12721399825443,8263.0299087184,1.00003402448037
"lambda_C_S[1,157,1]",1.38295293138092,0.00350387962218897,0.318506895987838,0.869097146916445,1.16363923257985,1.34387750117264,1.5607741707655,2.12721399825443,8263.0299087184,1.00003402448037
"lambda_C_S[1,158,1]",1.38295293138092,0.00350387962218897,0.318506895987838,0.869097146916445,1.16363923257985,1.34387750117264,1.5607741707655,2.12721399825443,8263.0299087184,1.00003402448037
"lambda_C_S[1,159,1]",1.38295293138092,0.00350387962218897,0.318506895987838,0.869097146916445,1.16363923257985,1.34387750117264,1.5607741707655,2.12721399825443,8263.0299087184,1.00003402448037
"lambda_C_S[1,160,1]",1.38295293138092,0.00350387962218897,0.318506895987838,0.869097146916445,1.16363923257985,1.34387750117264,1.5607741707655,2.12721399825443,8263.0299087184,1.00003402448037
"lambda_C_S[1,161,1]",0.965464735397371,0.00258544944253528,0.230059653749242,0.594289653215616,0.807399435410497,0.937368210470357,1.09162351482435,1.49993371084411,7917.8783354245,1.00003255603191
"lambda_C_S[1,162,1]",0.965464735397371,0.00258544944253528,0.230059653749242,0.594289653215616,0.807399435410497,0.937368210470357,1.09162351482435,1.49993371084411,7917.8783354245,1.00003255603191
"lambda_C_S[1,163,1]",1.57882602136868,0.00180854928122468,0.199406694897895,1.22370631471547,1.44281003363664,1.56380261328777,1.70107752555132,2.01780336138614,12156.7861136644,1.00046878338093
"lambda_C_S[1,164,1]",1.57882602136868,0.00180854928122468,0.199406694897895,1.22370631471547,1.44281003363664,1.56380261328777,1.70107752555132,2.01780336138614,12156.7861136644,1.00046878338093
"lambda_C_S[1,165,1]",1.57882602136868,0.00180854928122468,0.199406694897895,1.22370631471547,1.44281003363664,1.56380261328777,1.70107752555132,2.01780336138614,12156.7861136644,1.00046878338093
"lambda_C_S[1,166,1]",1.57882602136868,0.00180854928122468,0.199406694897895,1.22370631471547,1.44281003363664,1.56380261328777,1.70107752555132,2.01780336138614,12156.7861136644,1.00046878338093
"lambda_C_S[1,167,1]",1.57882602136868,0.00180854928122468,0.199406694897895,1.22370631471547,1.44281003363664,1.56380261328777,1.70107752555132,2.01780336138614,12156.7861136644,1.00046878338093
"lambda_C_S[1,168,1]",1.10230663703862,0.00147419030883416,0.155923773413414,0.830309556982481,0.992969524847697,1.0911617945461,1.19695666419171,1.44713112457969,11187.1012548282,1.0004527590351
"lambda_C_S[1,169,1]",1.10230663703862,0.00147419030883416,0.155923773413414,0.830309556982481,0.992969524847697,1.0911617945461,1.19695666419171,1.44713112457969,11187.1012548282,1.0004527590351
"lambda_C_S[1,170,1]",1.36508654360631,0.00185041858752692,0.200863742973092,1.0176368201349,1.22367365164636,1.34813381816891,1.49099591037938,1.80103862160383,11783.1969815082,0.999772677015181
"lambda_C_S[1,171,1]",1.36508654360631,0.00185041858752692,0.200863742973092,1.0176368201349,1.22367365164636,1.34813381816891,1.49099591037938,1.80103862160383,11783.1969815082,0.999772677015181
"lambda_C_S[1,172,1]",1.36508654360631,0.00185041858752692,0.200863742973092,1.0176368201349,1.22367365164636,1.34813381816891,1.49099591037938,1.80103862160383,11783.1969815082,0.999772677015181
"lambda_C_S[1,173,1]",1.36508654360631,0.00185041858752692,0.200863742973092,1.0176368201349,1.22367365164636,1.34813381816891,1.49099591037938,1.80103862160383,11783.1969815082,0.999772677015181
"lambda_C_S[1,174,1]",1.36508654360631,0.00185041858752692,0.200863742973092,1.0176368201349,1.22367365164636,1.34813381816891,1.49099591037938,1.80103862160383,11783.1969815082,0.999772677015181
"lambda_C_S[1,175,1]",0.876859388935513,0.00167108608749635,0.16480010045072,0.603512070189703,0.760551842240599,0.86024292179689,0.975865354560541,1.24244429213909,9725.62000654576,1.00002616609021
"lambda_C_S[1,176,1]",0.876859388935513,0.00167108608749635,0.16480010045072,0.603512070189703,0.760551842240599,0.86024292179689,0.975865354560541,1.24244429213909,9725.62000654576,1.00002616609021
"lambda_C_S[1,177,1]",0.81069509403135,0.00267912832554509,0.251640807442829,0.412090126199413,0.636210842741139,0.779585484260325,0.947883092136102,1.39570675980915,8822.16361665201,0.999832683921267
"lambda_C_S[1,178,1]",1.25788701066559,0.00370719029004772,0.348336845708958,0.694162003903765,1.02076124515195,1.21972680550902,1.44772854802812,2.0484111433388,8828.95029509845,1.0000978383334
"lambda_C_S[1,179,1]",1.25788701066559,0.00370719029004772,0.348336845708958,0.694162003903765,1.02076124515195,1.21972680550902,1.44772854802812,2.0484111433388,8828.95029509845,1.0000978383334
"lambda_C_S[1,180,1]",1.25788701066559,0.00370719029004772,0.348336845708958,0.694162003903765,1.02076124515195,1.21972680550902,1.44772854802812,2.0484111433388,8828.95029509845,1.0000978383334
"lambda_C_S[1,181,1]",1.25788701066559,0.00370719029004772,0.348336845708958,0.694162003903765,1.02076124515195,1.21972680550902,1.44772854802812,2.0484111433388,8828.95029509845,1.0000978383334
"lambda_C_S[1,182,1]",0.87763031021506,0.00268820564378662,0.248608484579277,0.477561240084492,0.709338828570532,0.846620877177506,1.01002906324579,1.4480440183137,8552.77240814825,1.00002575662333
"lambda_C_S[1,183,1]",0.87763031021506,0.00268820564378662,0.248608484579277,0.477561240084492,0.709338828570532,0.846620877177506,1.01002906324579,1.4480440183137,8552.77240814825,1.00002575662333
"lambda_C_S[1,184,1]",1.12872425080667,0.00170523840818418,0.19232043546183,0.798362430251858,0.996111681518367,1.11324523597934,1.24208705016259,1.56042650014066,12719.8109146993,0.999980855902075
"lambda_C_S[1,185,1]",1.12872425080667,0.00170523840818418,0.19232043546183,0.798362430251858,0.996111681518367,1.11324523597934,1.24208705016259,1.56042650014066,12719.8109146993,0.999980855902075
"lambda_C_S[1,186,1]",1.12872425080667,0.00170523840818418,0.19232043546183,0.798362430251858,0.996111681518367,1.11324523597934,1.24208705016259,1.56042650014066,12719.8109146993,0.999980855902075
"lambda_C_S[1,187,1]",1.12872425080667,0.00170523840818418,0.19232043546183,0.798362430251858,0.996111681518367,1.11324523597934,1.24208705016259,1.56042650014066,12719.8109146993,0.999980855902075
"lambda_C_S[1,188,1]",1.12872425080667,0.00170523840818418,0.19232043546183,0.798362430251858,0.996111681518367,1.11324523597934,1.24208705016259,1.56042650014066,12719.8109146993,0.999980855902075
"lambda_C_S[1,189,1]",0.787251224728757,0.0012845303631298,0.138810583534916,0.548818373513009,0.691327898188473,0.774114056862103,0.869058162144467,1.0997549348704,11677.6757207995,0.999974078426619
"lambda_C_S[1,190,1]",0.787251224728757,0.0012845303631298,0.138810583534916,0.548818373513009,0.691327898188473,0.774114056862103,0.869058162144467,1.0997549348704,11677.6757207995,0.999974078426619
"lambda_C_S[1,191,1]",1.35704911277926,0.00398947530857093,0.378511916950984,0.756421872937567,1.09707548018314,1.31060918919136,1.55982207199,2.23255196772727,9001.76252120854,1.00005470747006
"lambda_C_S[1,192,1]",1.35704911277926,0.00398947530857093,0.378511916950984,0.756421872937567,1.09707548018314,1.31060918919136,1.55982207199,2.23255196772727,9001.76252120854,1.00005470747006
"lambda_C_S[1,193,1]",1.35704911277926,0.00398947530857093,0.378511916950984,0.756421872937567,1.09707548018314,1.31060918919136,1.55982207199,2.23255196772727,9001.76252120854,1.00005470747006
"lambda_C_S[1,194,1]",1.35704911277926,0.00398947530857093,0.378511916950984,0.756421872937567,1.09707548018314,1.31060918919136,1.55982207199,2.23255196772727,9001.76252120854,1.00005470747006
"lambda_C_S[1,195,1]",1.35704911277926,0.00398947530857093,0.378511916950984,0.756421872937567,1.09707548018314,1.31060918919136,1.55982207199,2.23255196772727,9001.76252120854,1.00005470747006
"lambda_C_S[1,196,1]",0.94643224157455,0.00284186259360714,0.267563887499354,0.522165422988509,0.762149721899312,0.913872020980566,1.08798047315629,1.5759522856058,8864.38976003929,1.0000906761009
"lambda_C_S[1,197,1]",0.876734729457804,0.00310364167349794,0.281697183088797,0.439616548693343,0.680601056831298,0.839695318383964,1.0289940953399,1.52843322835891,8238.00135484407,1.00012031356117
"lambda_C_S[1,198,1]",1.61096104086066,0.00238999824480235,0.279704095131594,1.13891205371995,1.41356447315198,1.58686164257725,1.7762005179635,2.23839002890681,13696.2755804289,1.00000786808392
"lambda_C_S[1,199,1]",1.61096104086066,0.00238999824480235,0.279704095131594,1.13891205371995,1.41356447315198,1.58686164257725,1.7762005179635,2.23839002890681,13696.2755804289,1.00000786808392
"lambda_C_S[1,200,1]",1.61096104086066,0.00238999824480235,0.279704095131594,1.13891205371995,1.41356447315198,1.58686164257725,1.7762005179635,2.23839002890681,13696.2755804289,1.00000786808392
"lambda_C_S[1,201,1]",1.0403239805976,0.00236111441404758,0.244692498721081,0.646322359549495,0.867182344564132,1.0113798737654,1.17944936511079,1.6101079508284,10740.0733334353,1.00011839021012
"lambda_C_S[1,202,1]",1.61096104086066,0.00238999824480235,0.279704095131594,1.13891205371995,1.41356447315198,1.58686164257725,1.7762005179635,2.23839002890681,13696.2755804289,1.00000786808392
"lambda_C_S[1,203,1]",1.12260963046684,0.00173100909519878,0.195515576916389,0.791811013650293,0.983070585443753,1.10670166450063,1.23823109614209,1.54971418491118,12757.4544971541,1.00010411390664
"lambda_C_S[1,204,1]",1.12260963046684,0.00173100909519878,0.195515576916389,0.791811013650293,0.983070585443753,1.10670166450063,1.23823109614209,1.54971418491118,12757.4544971541,1.00010411390664
"lambda_C_S[1,205,1]",1.33996353076062,0.00375645941447126,0.386751072590117,0.7263480625891,1.07430529186258,1.28946043940304,1.55205666230818,2.24780367592859,10599.994785933,0.999848931706795
"lambda_C_S[1,206,1]",1.33996353076062,0.00375645941447126,0.386751072590117,0.7263480625891,1.07430529186258,1.28946043940304,1.55205666230818,2.24780367592859,10599.994785933,0.999848931706795
"lambda_C_S[1,207,1]",1.33996353076062,0.00375645941447126,0.386751072590117,0.7263480625891,1.07430529186258,1.28946043940304,1.55205666230818,2.24780367592859,10599.994785933,0.999848931706795
"lambda_C_S[1,208,1]",1.33996353076062,0.00375645941447126,0.386751072590117,0.7263480625891,1.07430529186258,1.28946043940304,1.55205666230818,2.24780367592859,10599.994785933,0.999848931706795
"lambda_C_S[1,209,1]",1.33996353076062,0.00375645941447126,0.386751072590117,0.7263480625891,1.07430529186258,1.28946043940304,1.55205666230818,2.24780367592859,10599.994785933,0.999848931706795
"lambda_C_S[1,210,1]",0.933082164400394,0.00260909855153167,0.267026707747896,0.508611315979481,0.750991938084746,0.899027097768817,1.08026442179903,1.56019416594967,10474.3826405368,0.999869134598455
"lambda_C_S[1,211,1]",0.933082164400394,0.00260909855153167,0.267026707747896,0.508611315979481,0.750991938084746,0.899027097768817,1.08026442179903,1.56019416594967,10474.3826405368,0.999869134598455
"lambda_C_S[1,212,1]",1.08169111052461,0.00235547126462513,0.235081307581463,0.69760162785005,0.914521171613106,1.05429903575269,1.2234252005274,1.61260572286195,9960.48703412725,1.0001090678322
"lambda_C_S[1,213,1]",1.08169111052461,0.00235547126462513,0.235081307581463,0.69760162785005,0.914521171613106,1.05429903575269,1.2234252005274,1.61260572286195,9960.48703412725,1.0001090678322
"lambda_C_S[1,214,1]",1.08169111052461,0.00235547126462513,0.235081307581463,0.69760162785005,0.914521171613106,1.05429903575269,1.2234252005274,1.61260572286195,9960.48703412725,1.0001090678322
"lambda_C_S[1,215,1]",1.08169111052461,0.00235547126462513,0.235081307581463,0.69760162785005,0.914521171613106,1.05429903575269,1.2234252005274,1.61260572286195,9960.48703412725,1.0001090678322
"lambda_C_S[1,216,1]",0.700389657982796,0.00235568501539299,0.195496251171911,0.393577926085241,0.562307987378268,0.671388473454448,0.813325650244918,1.14805412545943,6887.19578203153,0.999977658710699
"lambda_C_S[1,217,1]",0.753054912887246,0.0016137347407929,0.16064626276591,0.488129897914165,0.639642079146885,0.73572669819157,0.847566352739217,1.1181753088648,9910.07533676236,1.00008884307805
"lambda_C_S[1,218,1]",0.753054912887246,0.0016137347407929,0.16064626276591,0.488129897914165,0.639642079146885,0.73572669819157,0.847566352739217,1.1181753088648,9910.07533676236,1.00008884307805
"lambda_C_S[1,219,1]",1.24908269822646,0.00371063936329983,0.364002900159896,0.668918988891039,0.995329941240224,1.20186109833368,1.45054854244604,2.09196581409123,9623.03782821132,0.999916525960406
"lambda_C_S[1,220,1]",1.24908269822646,0.00371063936329983,0.364002900159896,0.668918988891039,0.995329941240224,1.20186109833368,1.45054854244604,2.09196581409123,9623.03782821132,0.999916525960406
"lambda_C_S[1,221,1]",1.24908269822646,0.00371063936329983,0.364002900159896,0.668918988891039,0.995329941240224,1.20186109833368,1.45054854244604,2.09196581409123,9623.03782821132,0.999916525960406
"lambda_C_S[1,222,1]",1.24908269822646,0.00371063936329983,0.364002900159896,0.668918988891039,0.995329941240224,1.20186109833368,1.45054854244604,2.09196581409123,9623.03782821132,0.999916525960406
"lambda_C_S[1,223,1]",1.24908269822646,0.00371063936329983,0.364002900159896,0.668918988891039,0.995329941240224,1.20186109833368,1.45054854244604,2.09196581409123,9623.03782821132,0.999916525960406
"lambda_C_S[1,224,1]",0.869918663848312,0.00257805676473509,0.252073414786224,0.469400437355502,0.695230672627791,0.837071780946567,1.01250961795063,1.43930599431038,9560.24755746921,0.999922255404901
"lambda_C_S[1,225,1]",0.869918663848312,0.00257805676473509,0.252073414786224,0.469400437355502,0.695230672627791,0.837071780946567,1.01250961795063,1.43930599431038,9560.24755746921,0.999922255404901
"lambda_C_S[1,226,1]",1.38922404091636,0.00195379506367412,0.24097910351943,0.981842206671125,1.22045901638943,1.36748162284588,1.53431686177352,1.92363529285842,15212.505658667,0.999890488180372
"lambda_C_S[1,227,1]",1.38922404091636,0.00195379506367412,0.24097910351943,0.981842206671125,1.22045901638943,1.36748162284588,1.53431686177352,1.92363529285842,15212.505658667,0.999890488180372
"lambda_C_S[1,228,1]",1.38922404091636,0.00195379506367412,0.24097910351943,0.981842206671125,1.22045901638943,1.36748162284588,1.53431686177352,1.92363529285842,15212.505658667,0.999890488180372
"lambda_C_S[1,229,1]",1.38922404091636,0.00195379506367412,0.24097910351943,0.981842206671125,1.22045901638943,1.36748162284588,1.53431686177352,1.92363529285842,15212.505658667,0.999890488180372
"lambda_C_S[1,230,1]",1.38922404091636,0.00195379506367412,0.24097910351943,0.981842206671125,1.22045901638943,1.36748162284588,1.53431686177352,1.92363529285842,15212.505658667,0.999890488180372
"lambda_C_S[1,231,1]",0.96754853695524,0.00134197444716363,0.165103310361656,0.684430436244265,0.851155394706392,0.953305656745418,1.06720466083375,1.33337335384326,15136.4164945271,0.999960012224473
"lambda_C_S[1,232,1]",0.96754853695524,0.00134197444716363,0.165103310361656,0.684430436244265,0.851155394706392,0.953305656745418,1.06720466083375,1.33337335384326,15136.4164945271,0.999960012224473
"lambda_C_S[1,233,1]",1.42453311522296,0.00342420891102845,0.333917351977433,0.874107217537262,1.19226886406539,1.3852411053284,1.6137210120225,2.19446270186276,9509.49532270991,0.999886674577714
"lambda_C_S[1,234,1]",1.42453311522296,0.00342420891102845,0.333917351977433,0.874107217537262,1.19226886406539,1.3852411053284,1.6137210120225,2.19446270186276,9509.49532270991,0.999886674577714
"lambda_C_S[1,235,1]",1.42453311522296,0.00342420891102845,0.333917351977433,0.874107217537262,1.19226886406539,1.3852411053284,1.6137210120225,2.19446270186276,9509.49532270991,0.999886674577714
"lambda_C_S[1,236,1]",1.42453311522296,0.00342420891102845,0.333917351977433,0.874107217537262,1.19226886406539,1.3852411053284,1.6137210120225,2.19446270186276,9509.49532270991,0.999886674577714
"lambda_C_S[1,237,1]",1.42453311522296,0.00342420891102845,0.333917351977433,0.874107217537262,1.19226886406539,1.3852411053284,1.6137210120225,2.19446270186276,9509.49532270991,0.999886674577714
"lambda_C_S[1,238,1]",0.993641159523628,0.00239335347132456,0.237496599494905,0.598847417213841,0.829045280006744,0.96559635087514,1.12885117502317,1.53841872069043,9846.93574406443,0.999903488405979
"lambda_C_S[1,239,1]",0.993641159523628,0.00239335347132456,0.237496599494905,0.598847417213841,0.829045280006744,0.96559635087514,1.12885117502317,1.53841872069043,9846.93574406443,0.999903488405979
"lambda_C_S[1,240,1]",1.40373722213853,0.00184659505012555,0.197844016735293,1.05811590793856,1.26466670976372,1.39049103173531,1.52355445096073,1.83715360025078,11478.9590683471,1.00018722965819
"lambda_C_S[1,241,1]",1.40373722213853,0.00184659505012555,0.197844016735293,1.05811590793856,1.26466670976372,1.39049103173531,1.52355445096073,1.83715360025078,11478.9590683471,1.00018722965819
"lambda_C_S[1,242,1]",1.40373722213853,0.00184659505012555,0.197844016735293,1.05811590793856,1.26466670976372,1.39049103173531,1.52355445096073,1.83715360025078,11478.9590683471,1.00018722965819
"lambda_C_S[1,243,1]",1.40373722213853,0.00184659505012555,0.197844016735293,1.05811590793856,1.26466670976372,1.39049103173531,1.52355445096073,1.83715360025078,11478.9590683471,1.00018722965819
"lambda_C_S[1,244,1]",1.40373722213853,0.00184659505012555,0.197844016735293,1.05811590793856,1.26466670976372,1.39049103173531,1.52355445096073,1.83715360025078,11478.9590683471,1.00018722965819
"lambda_C_S[1,245,1]",0.979155892984896,0.00138242518286818,0.145511103171444,0.725822235335397,0.875411953207565,0.968978721696029,1.07016796989326,1.29126901956604,11079.2150836069,1.00010956024669
"lambda_C_S[1,246,1]",0.979155892984896,0.00138242518286818,0.145511103171444,0.725822235335397,0.875411953207565,0.968978721696029,1.07016796989326,1.29126901956604,11079.2150836069,1.00010956024669
"lambda_C_S[1,247,1]",1.54930180701544,0.00209172939177927,0.226133303175363,1.15969911607806,1.39194944208332,1.52973990791931,1.68416454665147,2.04439568017651,11687.4039676125,0.999837384890179
"lambda_C_S[1,248,1]",1.54930180701544,0.00209172939177927,0.226133303175363,1.15969911607806,1.39194944208332,1.52973990791931,1.68416454665147,2.04439568017651,11687.4039676125,0.999837384890179
"lambda_C_S[1,249,1]",1.54930180701544,0.00209172939177927,0.226133303175363,1.15969911607806,1.39194944208332,1.52973990791931,1.68416454665147,2.04439568017651,11687.4039676125,0.999837384890179
"lambda_C_S[1,250,1]",1.54930180701544,0.00209172939177927,0.226133303175363,1.15969911607806,1.39194944208332,1.52973990791931,1.68416454665147,2.04439568017651,11687.4039676125,0.999837384890179
"lambda_C_S[1,251,1]",1.54930180701544,0.00209172939177927,0.226133303175363,1.15969911607806,1.39194944208332,1.52973990791931,1.68416454665147,2.04439568017651,11687.4039676125,0.999837384890179
"lambda_C_S[1,252,1]",1.0818945308367,0.00166502093275279,0.173422443011534,0.784226363845605,0.959705180576886,1.0682944378914,1.18859917877922,1.46078863784571,10848.5377364532,0.999814815531555
"lambda_C_S[1,253,1]",1.0818945308367,0.00166502093275279,0.173422443011534,0.784226363845605,0.959705180576886,1.0682944378914,1.18859917877922,1.46078863784571,10848.5377364532,0.999814815531555
"lambda_C_S[1,254,1]",1.41632353728824,0.00181014946950611,0.199521449876239,1.06933179373316,1.27506382117306,1.40260077915707,1.5395568316242,1.8451757654177,12149.273515792,0.999796076898262
"lambda_C_S[1,255,1]",1.41632353728824,0.00181014946950611,0.199521449876239,1.06933179373316,1.27506382117306,1.40260077915707,1.5395568316242,1.8451757654177,12149.273515792,0.999796076898262
"lambda_C_S[1,256,1]",1.41632353728824,0.00181014946950611,0.199521449876239,1.06933179373316,1.27506382117306,1.40260077915707,1.5395568316242,1.8451757654177,12149.273515792,0.999796076898262
"lambda_C_S[1,257,1]",1.41632353728824,0.00181014946950611,0.199521449876239,1.06933179373316,1.27506382117306,1.40260077915707,1.5395568316242,1.8451757654177,12149.273515792,0.999796076898262
"lambda_C_S[1,258,1]",1.41632353728824,0.00181014946950611,0.199521449876239,1.06933179373316,1.27506382117306,1.40260077915707,1.5395568316242,1.8451757654177,12149.273515792,0.999796076898262
"lambda_C_S[1,259,1]",0.987917597458943,0.00142805480951216,0.146806997891442,0.737779604459584,0.883707246246027,0.976868541728286,1.07858060537485,1.31299024402603,10568.2666617194,0.999797864576276
"lambda_C_S[1,260,1]",0.987917597458943,0.00142805480951216,0.146806997891442,0.737779604459584,0.883707246246027,0.976868541728286,1.07858060537485,1.31299024402603,10568.2666617194,0.999797864576276
"lambda_C_S[1,261,1]",1.10888939370259,0.00181281243008938,0.186035471096325,0.788181401296718,0.978189400307212,1.09302638182462,1.22170008344905,1.5153394360406,10531.3919404994,0.999972709172778
"lambda_C_S[1,262,1]",1.10888939370259,0.00181281243008938,0.186035471096325,0.788181401296718,0.978189400307212,1.09302638182462,1.22170008344905,1.5153394360406,10531.3919404994,0.999972709172778
"lambda_C_S[1,263,1]",1.10888939370259,0.00181281243008938,0.186035471096325,0.788181401296718,0.978189400307212,1.09302638182462,1.22170008344905,1.5153394360406,10531.3919404994,0.999972709172778
"lambda_C_S[1,264,1]",1.10888939370259,0.00181281243008938,0.186035471096325,0.788181401296718,0.978189400307212,1.09302638182462,1.22170008344905,1.5153394360406,10531.3919404994,0.999972709172778
"lambda_C_S[1,265,1]",1.10888939370259,0.00181281243008938,0.186035471096325,0.788181401296718,0.978189400307212,1.09302638182462,1.22170008344905,1.5153394360406,10531.3919404994,0.999972709172778
"lambda_C_S[1,266,1]",0.774495765515589,0.00141176464489305,0.140635355803894,0.532167145795475,0.676219955090809,0.762661825455138,0.860998904046593,1.08089386652247,9923.48984057021,0.999884537063884
"lambda_C_S[1,267,1]",0.774495765515589,0.00141176464489305,0.140635355803894,0.532167145795475,0.676219955090809,0.762661825455138,0.860998904046593,1.08089386652247,9923.48984057021,0.999884537063884
"lambda_C_S[1,268,1]",0.969850800286134,0.00150150304486835,0.139215569521333,0.723111557044366,0.871973724680115,0.961630569191916,1.05830815195803,1.27059596607759,8596.52998467272,0.999933178165026
"lambda_C_S[1,269,1]",0.969850800286134,0.00150150304486835,0.139215569521333,0.723111557044366,0.871973724680115,0.961630569191916,1.05830815195803,1.27059596607759,8596.52998467272,0.999933178165026
"lambda_C_S[1,270,1]",0.969850800286134,0.00150150304486835,0.139215569521333,0.723111557044366,0.871973724680115,0.961630569191916,1.05830815195803,1.27059596607759,8596.52998467272,0.999933178165026
"lambda_C_S[1,271,1]",0.969850800286134,0.00150150304486835,0.139215569521333,0.723111557044366,0.871973724680115,0.961630569191916,1.05830815195803,1.27059596607759,8596.52998467272,0.999933178165026
"lambda_C_S[1,272,1]",0.969850800286134,0.00150150304486835,0.139215569521333,0.723111557044366,0.871973724680115,0.961630569191916,1.05830815195803,1.27059596607759,8596.52998467272,0.999933178165026
"lambda_C_S[1,273,1]",0.677088209053682,0.0011391278405287,0.106029312321091,0.49132583300285,0.602853289356963,0.670341158783253,0.74412633301578,0.902096908879453,8663.77084782214,0.999855730212019
"lambda_C_S[1,274,1]",0.677088209053682,0.0011391278405287,0.106029312321091,0.49132583300285,0.602853289356963,0.670341158783253,0.74412633301578,0.902096908879453,8663.77084782214,0.999855730212019
"lambda_C_S[1,275,1]",0.866568910098048,0.00188456973860697,0.169955981338536,0.585464197880518,0.746333598388657,0.849793161764371,0.965871830306674,1.24598134866223,8132.95708504228,0.999684299047525
"lambda_C_S[1,276,1]",1.34509482218344,0.0017960486933093,0.183424449815048,1.02483546781305,1.21637925485502,1.33329070299751,1.45970904750204,1.73672394954827,10429.8541789602,1.00004684774632
"lambda_C_S[1,277,1]",1.34509482218344,0.0017960486933093,0.183424449815048,1.02483546781305,1.21637925485502,1.33329070299751,1.45970904750204,1.73672394954827,10429.8541789602,1.00004684774632
"lambda_C_S[1,278,1]",1.34509482218344,0.0017960486933093,0.183424449815048,1.02483546781305,1.21637925485502,1.33329070299751,1.45970904750204,1.73672394954827,10429.8541789602,1.00004684774632
"lambda_C_S[1,279,1]",1.34509482218344,0.0017960486933093,0.183424449815048,1.02483546781305,1.21637925485502,1.33329070299751,1.45970904750204,1.73672394954827,10429.8541789602,1.00004684774632
"lambda_C_S[1,280,1]",0.938347413083382,0.00140561313216921,0.135801009516618,0.703726913118213,0.841666107739685,0.928852014894168,1.02318390088102,1.23057519947683,9334.14159960046,0.999940794273926
"lambda_C_S[1,281,1]",0.938347413083382,0.00140561313216921,0.135801009516618,0.703726913118213,0.841666107739685,0.928852014894168,1.02318390088102,1.23057519947683,9334.14159960046,0.999940794273926
"lambda_C_S[1,282,1]",1.83509046276128,0.00204749726115666,0.2352428088287,1.41827887967481,1.66993836722936,1.81955745657475,1.98337507762045,2.34030927079247,13200.3684543585,0.99981439864798
"lambda_C_S[1,283,1]",1.83509046276128,0.00204749726115666,0.2352428088287,1.41827887967481,1.66993836722936,1.81955745657475,1.98337507762045,2.34030927079247,13200.3684543585,0.99981439864798
"lambda_C_S[1,284,1]",1.83509046276128,0.00204749726115666,0.2352428088287,1.41827887967481,1.66993836722936,1.81955745657475,1.98337507762045,2.34030927079247,13200.3684543585,0.99981439864798
"lambda_C_S[1,285,1]",1.83509046276128,0.00204749726115666,0.2352428088287,1.41827887967481,1.66993836722936,1.81955745657475,1.98337507762045,2.34030927079247,13200.3684543585,0.99981439864798
"lambda_C_S[1,286,1]",1.83509046276128,0.00204749726115666,0.2352428088287,1.41827887967481,1.66993836722936,1.81955745657475,1.98337507762045,2.34030927079247,13200.3684543585,0.99981439864798
"lambda_C_S[1,287,1]",1.28016097091979,0.0016129315939495,0.175473708047511,0.972900598604492,1.15616626482095,1.27075255110485,1.39035695313317,1.65778484255526,11835.6525993446,0.999848629025805
"lambda_C_S[1,288,1]",1.28016097091979,0.0016129315939495,0.175473708047511,0.972900598604492,1.15616626482095,1.27075255110485,1.39035695313317,1.65778484255526,11835.6525993446,0.999848629025805
"lambda_C_S[1,289,1]",1.65142906286154,0.00563006698554241,0.559832583504909,0.819328859714723,1.2711152194012,1.5693226923796,1.93492263831673,2.98826288365585,9887.56199327116,0.999812557555456
"L[1]",2.43144038746629,0.00395672204211956,0.434376676078615,1.69136717703753,2.12613868137765,2.3944469120328,2.69976994439777,3.37993107576105,12052.0773607902,1.00002848151798
"L[2]",2.43402587235102,0.00380591696152713,0.443404783794254,1.6813871437679,2.12045184412567,2.39151808928661,2.69863182022342,3.42025651855055,13573.1963487266,1.00049173716944
"L[3]",2.42798000238392,0.00361950734220539,0.429321104509743,1.68734479089588,2.11668739650965,2.39432205304166,2.69025778690063,3.37124625445562,14069.0752371177,1.0002617047788
"L[4]",2.43174587706945,0.00366573544622667,0.433316019013936,1.68760723566737,2.12637151116217,2.39234976706953,2.70042294450382,3.38811444865143,13972.9225243349,0.99977735704189
"L[5]",2.4330374917516,0.00370663734733541,0.433688351816521,1.69663815256564,2.13107177949344,2.39164548284986,2.69527815696721,3.38501310283454,13689.7438189687,0.999904811314068
"L[6]",2.34685633239978,0.0035164704270331,0.400815169253372,1.651743957665,2.0710866733512,2.30830050395708,2.59335197997706,3.23879375696449,12991.9505872242,1.00000528952693
"L[7]",2.43034366205987,0.00389145995704345,0.434611682078977,1.68508312111229,2.11764258639312,2.3951069486308,2.70180605687092,3.38520571403942,12473.1934940641,0.999930360191884
"L[8]",2.42870550198262,0.00379940252670863,0.42852469208364,1.69793550596396,2.12514802471533,2.39548964598555,2.6896193217171,3.36813661570901,12720.9951967672,1.00013514314592
"L[9]",2.42962891574371,0.00386977978959197,0.430704700554204,1.69752823712101,2.12351759114205,2.39812915082484,2.69346680275592,3.38735254752611,12387.58703309,0.999860185640721
"L[10]",2.43104445808469,0.00375249931614231,0.433971394938202,1.68363956232267,2.12394729848387,2.39101422964861,2.69852219129941,3.38120367631701,13374.6050014382,0.999888692192588
"L[11]",2.43673258985837,0.00364467111489324,0.436338949575367,1.68982940983192,2.13135548094751,2.39965056823158,2.69868760960279,3.39028073287999,14332.8076915979,0.999811423570906
"L[12]",2.42903133918771,0.00382179308239199,0.430188217439846,1.6911935960166,2.12191879648964,2.38851671724858,2.69166302445531,3.37393864795485,12670.177012613,1.00004462897973
"L[13]",2.42982908328337,0.00361723271054568,0.427206249358837,1.70510221566703,2.12887484560074,2.39405863903839,2.6935546601821,3.39213287512173,13948.3326188508,1.00005914534464
"L[14]",2.42840347682746,0.00379429790068624,0.437082909269617,1.68233196879864,2.11868673021733,2.39059629636843,2.70284912938096,3.38743843095583,13269.8128901068,1.00003340721194
"L[15]",2.43223679669481,0.00385072353155314,0.432273474135257,1.69522102243443,2.12088750386365,2.39555184033481,2.70565000660232,3.37916589122003,12601.7974564809,0.999873569431137
"L[16]",2.43423306071434,0.0038724814943565,0.434137027482854,1.69542737768013,2.12382833539587,2.39363882907741,2.69949075106255,3.37412963188773,12568.2541592716,1.00068477759689
"L[17]",2.43435396512535,0.00382383573120127,0.438364133558251,1.68330672015118,2.13141775687156,2.39324653910703,2.69911309146626,3.41931051563378,13142.3059355076,1.00005161634123
"L[18]",2.43326499013451,0.00359962271545121,0.427608705126625,1.70609451028656,2.12962295569394,2.39850198889087,2.69079078947236,3.37528137861834,14111.6926220031,1.00003150230221
"L[19]",2.42522595300691,0.00367931032505826,0.421452783874912,1.70231019486147,2.12645781879941,2.39053306079304,2.68059729742847,3.36491809929004,13120.9419892926,0.999725703579809
"L[20]",2.42581863228549,0.00387644874686188,0.429466165774949,1.70150394851802,2.12212388623377,2.38999553925879,2.694328989662,3.3765700662549,12274.1045236566,0.999867845478196
"L[21]",2.42974938877625,0.00366754334438794,0.424821576197428,1.70298877422692,2.13026218146913,2.39430039614098,2.69584501270328,3.37571896263351,13417.2224903746,1.00000302252245
"L[22]",2.42740166922674,0.00375939896439937,0.433528885399688,1.68682241140386,2.12058124876205,2.38995900392596,2.69050759130574,3.40413977032034,13298.3954558317,0.99987906294966
"L[23]",2.43664681180668,0.00397686836076169,0.437746706631702,1.69710079473721,2.12390632379342,2.39575271452926,2.69835138444135,3.40957538524889,12116.1137969588,1.00013279943051
"L[24]",2.42887574119823,0.00369486226549604,0.427319527446185,1.69741905241821,2.12841947929423,2.39327475386976,2.68722887305144,3.35678460148518,13375.4675326171,1.00005970339307
"L[25]",2.43351430014519,0.0038536710904646,0.43038560613332,1.70537422738496,2.12625133925619,2.39587382792632,2.69947330749475,3.36508766700291,12472.8639890912,0.999804859107896
"L[26]",2.42680198797166,0.00359214706298386,0.427501540319495,1.70104876853081,2.11704474405843,2.39136078840119,2.69207833364785,3.37030451719141,14163.3879422658,1.00002926019235
"L[27]",2.43148809035779,0.00365478202286262,0.435180497743837,1.69734608581169,2.11957332603061,2.39127699351461,2.69507719237387,3.38870846622199,14178.0299384389,0.99971650416291
"L[28]",2.43095613837726,0.00378469471872226,0.427068015539291,1.69455986787918,2.13070824058164,2.39560099795559,2.69675248502055,3.35861659454799,12733.0482747988,0.999726404096998
"L[29]",2.43141944275512,0.00382933648985964,0.423655399393417,1.71002468225095,2.13021666535953,2.40031592090531,2.69155201766141,3.35238636130835,12239.9158265417,0.999863937493797
"L[30]",2.43344231073611,0.00377764797044589,0.431600711409142,1.70453037495683,2.12852062394788,2.39470144513556,2.69767356916856,3.38093612888038,13053.3305079608,0.99971163713191
"L[31]",2.43004895191652,0.00384120528324075,0.431636786005688,1.69093307097414,2.12378388320409,2.39079091049652,2.69527296814217,3.38321774070243,12627.0489814138,0.999764375862825
"L[32]",2.42780630603233,0.00385992389941884,0.432859151281811,1.67263337026125,2.12316823859079,2.39515570077451,2.68981936283441,3.38279748211804,12575.8029085079,1.00021930542659
"L[33]",2.42655748148629,0.00376385736746707,0.427091248370444,1.69694745600185,2.12625305661386,2.38716679551811,2.6844430870507,3.37125181845773,12875.8239469827,1.00034307569087
"L[34]",2.43023138784333,0.00385288996326434,0.438744125934545,1.68025450471466,2.12482854947441,2.38747142060815,2.69547891667596,3.3822432794773,12967.2958121068,0.999792514066077
"L[35]",2.43127727643464,0.0037430098427058,0.437347946758827,1.6921685577787,2.12081347503104,2.39015837230772,2.7021862383063,3.39076524388357,13652.5018993458,0.999836077202533
"L[36]",2.43062739715557,0.00362253145542805,0.432834895449481,1.70252813490751,2.12527971387886,2.38692230385122,2.69719899471278,3.37955438581798,14276.4491485236,0.999867431704283
"L[37]",2.43017788719727,0.00363092508206838,0.431449647003793,1.69595332731287,2.12808830815659,2.39281470548352,2.70290423821804,3.35733408811947,14119.7061916458,0.999886573032007
"L[38]",2.4280023145,0.00370765060831331,0.431264811272308,1.6950387830487,2.12031223488815,2.3886944172317,2.68865155519627,3.38151173240804,13529.7709482757,1.00029029494168
"L[39]",2.43087763757675,0.00396480987251344,0.439483990862961,1.67807054460691,2.12704218598959,2.38924221774484,2.6886951517045,3.42010972292085,12286.8734996559,1.00033475506744
"L[40]",2.42834805302892,0.00367117616372407,0.427882328558387,1.70117250960617,2.12714555352648,2.39128387431194,2.69546094459934,3.3499330684719,13584.3308811468,0.999999170477542
"L[41]",2.43111466970699,0.00388883939884748,0.431482818900798,1.6919703139033,2.12151078640526,2.39974446834517,2.69778816891818,3.38026412544281,12310.8204871759,1.00011157940125
"L[42]",2.42889868662462,0.00361732509660027,0.430380952286712,1.70032205008458,2.12080594651758,2.38878681602806,2.69000579414959,3.37478303284858,14155.6886333755,0.999716838976435
"L[43]",2.43285310951724,0.00364859534989745,0.438510142805071,1.68963052756391,2.12072615285,2.39280844864817,2.69453985474376,3.42375443811141,14444.6786860252,1.00007299958392
"L[44]",2.43396018095613,0.00374225701562279,0.433360197211873,1.69548723855929,2.13289508396867,2.39817763256271,2.69654756833213,3.37495232157403,13410.0629941434,0.999794985144602
"L[45]",2.43288678929643,0.00395130282489365,0.433173685178591,1.68769342859092,2.127602297323,2.39579307745918,2.70200856392591,3.36233625192151,12018.3127608546,0.999814382628815
"L[46]",2.43106874935112,0.0040079414838604,0.443478863403769,1.68462803778597,2.11751069912241,2.38713706877465,2.70799006742756,3.41861724899735,12243.4301315733,1.00024018305088
"L[47]",2.4338910288194,0.0039382590852147,0.44117348455609,1.69303810781906,2.113559439517,2.39746841394389,2.71027132861752,3.3895170969595,12549.0323245744,0.999889795435459
"L[48]",2.42978323152276,0.00365283913615397,0.439668538714735,1.68977742023386,2.11988791610465,2.38959300206367,2.69422829600069,3.39325991957016,14487.37446188,0.999901413713073
"L[49]",2.4330196374429,0.00384785051461226,0.437497874704579,1.69080032973819,2.12323348385084,2.39351691353603,2.69723011745583,3.39514253960583,12927.5287336679,0.999751627564159
"L[50]",2.43169547292882,0.00390721415567085,0.442363525660733,1.67948179243427,2.11769081186852,2.39410329072813,2.69855281856851,3.41358716725879,12818.1157819661,0.99978522034541
"L[51]",2.43041488604333,0.00364901826965485,0.430908356985407,1.70966723826791,2.12139143090598,2.38878037460921,2.69599848908421,3.3896732961362,13944.9755812583,1.00018326967964
"L[52]",2.43342307546551,0.00367970229352382,0.438459610274636,1.69974239904321,2.11621078733773,2.39399413522134,2.70532780510991,3.39014010378506,14198.2173453036,0.999907557018142
"L[53]",2.22697518654488,0.00376430504693976,0.402779783237519,1.5529620393091,1.93845541563585,2.18932466322463,2.47463558587585,3.11646767514414,11448.9512919914,0.999878240504706
"L[54]",2.42893690683628,0.00405220762652557,0.437787577233392,1.68065239305859,2.11974016189373,2.38979131330683,2.7003960842807,3.36974154492852,11671.9518780466,0.999902650414328
"L[55]",2.43743648187913,0.00375555549581836,0.442396841573971,1.69399628734265,2.11768110325921,2.39928877148734,2.70912712475327,3.41997996639665,13876.3634891362,0.999831261295987
"L[56]",2.43495492687694,0.00376070239396152,0.440432226771752,1.68557870649635,2.11996941914005,2.39244639904771,2.70962877488247,3.42059799589865,13715.771621146,0.999940944305076
"L[57]",2.43325013667543,0.00379059102225037,0.42998983407608,1.69754747328734,2.12717078024497,2.40092438265734,2.70163014348407,3.37253562255481,12867.747096417,0.999942971986149
"L[58]",2.43528872194125,0.00380555133695181,0.429519237767247,1.6949253316495,2.13613594128617,2.39754486280486,2.68867349342057,3.40722069343113,12738.8455051317,0.999857592101839
"L[59]",2.42422955137966,0.00367088136554573,0.433110889967716,1.68282735667365,2.11647037599213,2.38758147927156,2.69325808744836,3.35511028876483,13920.5857063567,1.00010099484481
"L[60]",2.42815158341962,0.00382821311097304,0.436225066122872,1.68749960872852,2.12196998247046,2.38889905921249,2.69094636505823,3.40193850963369,12984.61334236,1.00001705705875
"L[61]",2.42641763927492,0.00356213106176433,0.43450625380623,1.68964087599763,2.11745127754026,2.38432480084596,2.7012203043069,3.37385187215142,14878.9496547862,0.999884762190678
"L[62]",2.43166041762993,0.00356420143166921,0.426461100721714,1.6991504492426,2.1295043455312,2.3975656787688,2.69812261834591,3.35307907496035,14316.4178781522,1.00006801201935
"L[63]",2.42367499532152,0.00367657709049674,0.431048049754361,1.69119881294896,2.11819583014656,2.38707982988445,2.68587990470372,3.36922120036544,13745.6099357391,0.999809692335905
"L[64]",2.43318338836028,0.00374986827075379,0.433156356267834,1.69806459797904,2.12316651947341,2.39843759895811,2.70154987420657,3.3791194731616,13343.1190283574,1.00012989830323
"L[65]",2.42972644982371,0.00375757829711857,0.429884102158103,1.68627579064522,2.12618397962796,2.39396307640852,2.69718588683562,3.36978894716202,13088.4039827296,1.00023177520024
"L[66]",2.4338830507167,0.00392181034849742,0.442442905490892,1.68257311218955,2.11786691206071,2.39378602226848,2.70999296728262,3.38524590158064,12727.4469341952,1.00009218516401
"L[67]",2.43332171369351,0.00351821759140316,0.429779510387498,1.69732705179864,2.1338691050395,2.39701993234304,2.68789376341266,3.36584144119872,14922.6523693823,1.00023321549994
"L[68]",2.43078934860822,0.00371279521003397,0.438223926333919,1.69011624419679,2.12176629322053,2.39285829089716,2.69519160272096,3.39453168861836,13931.253056042,0.99983339412464
"L[69]",2.42787056341257,0.00372974589904467,0.434816001312572,1.69166590424655,2.11962340234827,2.38815720311942,2.69461620496563,3.39128829494621,13591.0354558226,0.999873708144171
"L[70]",2.42662635090483,0.00381147338793297,0.4349966701443,1.69422484971628,2.11845410509195,2.38813197658517,2.69012137394059,3.39098345887281,13025.2504088592,1.00006183334019
"L[71]",2.4258096342115,0.0040600848230058,0.440358633593713,1.68003203115239,2.11322978304648,2.3851263217334,2.6876145721423,3.42001687339662,11763.6695696212,0.999837430974494
"L[72]",2.432267517045,0.00401692426298303,0.436664351084177,1.68430256271689,2.12473008509283,2.39386456161582,2.69681906325656,3.40309686930345,11817.0259444332,0.999955108428249
"L[73]",2.42702714689195,0.00366118148987439,0.426027965755305,1.69941128135076,2.1263269362605,2.39322194892655,2.6846923061024,3.36171833957369,13540.4688017079,1.00004441019148
"L[74]",2.43103365967722,0.00376404198411137,0.434785168126483,1.6890094959301,2.12150653456721,2.3874828926851,2.6967523455736,3.39107278190187,13342.6017458808,1.00037491479084
"L[75]",2.43044222365598,0.00373684495767767,0.428978571092568,1.69919340479483,2.12554924957815,2.39103596345055,2.69041530998351,3.37239905716203,13178.3500100509,0.999667611856219
"L[76]",2.4269043532831,0.00372895515718529,0.435670574577969,1.6860787020312,2.11394751293956,2.38919713245238,2.69595278316476,3.36835218067359,13650.2980883606,0.999882604063769
"L[77]",2.42701619031729,0.00369628703368594,0.434639032353207,1.67525355523515,2.12118532150477,2.3894319084159,2.69584063686568,3.37739539892959,13826.9398204725,0.999945165038128
"L[78]",2.42739216381939,0.00376209682905187,0.426273501901608,1.70092719503063,2.1357631878335,2.39218320947375,2.68145168825329,3.35986624490788,12838.5724156282,1.00040983580758
"L[79]",2.42584375843736,0.00359062876628503,0.429504270792304,1.69093703774461,2.12003110524159,2.38441424174114,2.69233356225795,3.38803923322219,14308.4951754435,0.999698486987294
"L[80]",2.4349612235472,0.00390739925182795,0.439250202410626,1.68719017244813,2.12167725761483,2.39553272691465,2.7068293859564,3.38832218400239,12637.1273638513,0.999751712656518
"L[81]",2.43581607408093,0.00372893602457346,0.434584797260922,1.6933100717506,2.119262469438,2.4033753398647,2.70874235192497,3.38263367287196,13582.4837592686,1.00004751011072
"L[82]",2.43354262695209,0.00376597532303521,0.433471475543622,1.68605834496487,2.12683965215298,2.3963934887853,2.69939859692013,3.37477674254543,13248.4816460281,0.999805559617644
"L[83]",2.42716992164754,0.00379761360290032,0.430537029900188,1.68617893255002,2.11893234588035,2.39477296330402,2.69066798048968,3.36188109627896,12852.8509811356,0.999979841441903
"L[84]",2.42553386592997,0.00356262361200713,0.423912374259176,1.70755164891244,2.12363968561638,2.38495261894678,2.6880590487549,3.36505163887772,14158.3389217633,0.999739211298332
"L[85]",2.43636147090162,0.00363916525167726,0.436877313718077,1.69668833465009,2.12431333148681,2.39907742634619,2.70495148637878,3.3914922648489,14411.7072726924,0.999996847847349
"L[86]",2.43321431356029,0.00376981716970845,0.439753926438929,1.6928569107769,2.11933678250554,2.39625341004048,2.70928459557952,3.38339016146445,13607.516683792,0.999786720310901
"L[87]",2.4322106702822,0.00345809966843119,0.428340148016743,1.68551294932592,2.13303982676853,2.40064074911957,2.69273237124678,3.37434694107874,15342.7268177891,0.999857360444275
"L[88]",2.42495411178205,0.00384286369957782,0.4347024737213,1.68871783123296,2.11513790159181,2.38777700663553,2.69462661751994,3.37456496033065,12796.0008783993,1.0001160439706
"L[89]",2.4325936506923,0.0039086773297013,0.437417918596579,1.68103132836181,2.11694851760526,2.39616969537564,2.70106292554797,3.41070126339383,12523.7243351908,0.999969752129537
"L[90]",2.52629124575051,0.00375409315957142,0.421340760069983,1.79967830061178,2.22377106856406,2.49493047468963,2.78589081054073,3.45048030156833,12596.7020597147,0.999844314572218
"L[91]",2.43676507696918,0.00387739193133755,0.442690098505035,1.68379971602496,2.12483886816501,2.39569488621881,2.7031091014212,3.40440455188629,13035.2754371312,1.00008625930794
"L[92]",2.42858112016032,0.00386063539303728,0.430445043905237,1.69946184917348,2.12517750406458,2.38823368067894,2.69054493444341,3.39435322636833,12431.3372293635,0.999948376163337
"L[93]",2.4280733575034,0.0039242265021796,0.429925927055664,1.6987199148493,2.12296699311031,2.38571932906487,2.70284885180693,3.35776857643906,12002.7052128094,1.00015172505126
"L[94]",2.42799367472567,0.0037821674485773,0.433991177314126,1.6923642538675,2.11943202133213,2.38712610735553,2.69203323301756,3.3953156092748,13166.8017473095,0.999740357281659
"L[95]",2.42901475581664,0.00383336370162765,0.426410528153717,1.70398817878071,2.12505740074654,2.39547774928642,2.69341762733318,3.35875868607081,12373.5918246025,0.999814180614518
"L[96]",2.42325356521004,0.00382525149997251,0.430778204949282,1.6946092722717,2.11354244888109,2.38799468710571,2.6927972531839,3.37100822849692,12681.9914545906,1.00000264576862
"L[97]",2.43323857831913,0.0040179997338592,0.436977858669409,1.69770181162028,2.12359030587309,2.39168840222883,2.69412945707871,3.39106798239504,11827.6661359881,1.0002295344489
"L[98]",2.43247748114952,0.00374834134449356,0.432656829624242,1.69943904513315,2.12498720309078,2.39608761080106,2.69760271713192,3.38749532260412,13323.2096127231,1.00008421153886
"L[99]",2.43001962401301,0.00377582630748239,0.442455420046071,1.68718804035947,2.11126741710058,2.38849980306613,2.69919381620035,3.41269634575069,13731.4064684917,0.999880930333872
"L[100]",2.42433076102584,0.00378458639580763,0.429427320374085,1.69360541059543,2.11543869393521,2.39182120878689,2.68131612003068,3.36865923529723,12874.8593754807,1.00014150145941
"L[101]",2.43626766015512,0.003880294090932,0.432245128055785,1.70029450806464,2.12796739984427,2.40087699015243,2.69486119812523,3.40041867637227,12408.8326928603,1.00013937745064
"L[102]",2.433934277545,0.00367377449065916,0.439453651378695,1.68562507590071,2.11959114172786,2.39462743217976,2.70991458589923,3.39461366248334,14308.7325494243,0.999838542244017
"L[103]",2.43102839546872,0.00389040058774392,0.436775203949189,1.68655869852441,2.12056392215535,2.39127023530982,2.69729593090646,3.39676335465884,12604.5488577256,0.999890870615207
"L[104]",2.43165435733814,0.00390729934996484,0.442990679203429,1.69711668473009,2.11352484485826,2.39252270137173,2.70466630309545,3.41180475757633,12853.9263382379,0.999776567582609
"L[105]",2.43449994983518,0.0036582231720817,0.430663044607954,1.68968621935388,2.12481461071159,2.3964530316293,2.70328668190512,3.37613484272875,13859.0933497406,1.0000429762764
"L[106]",2.43362801103142,0.00400122347918806,0.438876300316206,1.70820230149388,2.12013661190092,2.39273027708757,2.7061493283999,3.40845037238197,12030.9145238677,0.999928087930691
"L[107]",2.43475709377902,0.00397209475212732,0.438826879695163,1.69295591543172,2.11874273180077,2.39681625700117,2.70418629164309,3.40413014434929,12205.2658638648,1.00009432326119
"L[108]",2.43154346006534,0.00392629089226886,0.441802488694858,1.69323510840813,2.1168095635088,2.388616713611,2.69741974256562,3.41655553607919,12661.681088409,0.999989647704009
"L[109]",2.42968603183026,0.00377620624731608,0.426896881335535,1.69907315491002,2.12441750400168,2.38976499192288,2.69367072612493,3.36042049906353,12780.1088099855,0.999934321301424
"L[110]",2.43195762947203,0.00374645783330424,0.430085136299183,1.69669672351998,2.12701981484279,2.39560956929783,2.69625193057376,3.38051379072229,13178.5360641216,0.999804556142977
"L[111]",2.43222629341492,0.00399183072459554,0.435458532988057,1.68628999431556,2.12132339895496,2.39020825607808,2.70956990415504,3.38377132148173,11900.0661950814,0.999872211149221
"L[112]",2.43204111012028,0.00365728787709516,0.435787973459184,1.68011871455198,2.1251143638625,2.39957418960905,2.6975318255199,3.40347991010486,14198.1640112657,0.999867200594479
"L[113]",2.43353090429892,0.00382350977339067,0.435369234763111,1.68598010068308,2.12522334421439,2.39344800823887,2.69935955455684,3.38857846826874,12965.5535647675,1.00016828681505
"L[114]",2.42900201370469,0.00378405593905526,0.436366769815695,1.68550609053391,2.12419433340924,2.38942500449918,2.69278034307282,3.39152027244928,13298.0587052003,0.999885106322052
"L[115]",2.4300776574859,0.00369291331144162,0.431894422579001,1.67957368810516,2.12223670260465,2.39882112963496,2.69581663058898,3.39931496767344,13677.8225570917,0.99991918678615
"L[116]",2.4269823302954,0.0036097131448,0.430636794838855,1.6777245151666,2.12397695462707,2.39189948405889,2.69105673354405,3.36408924351085,14232.3589029267,1.00004563123676
"L[117]",2.42988180837488,0.00348166975572489,0.43141299480019,1.70335223027955,2.11980349976956,2.39597724577894,2.69541666377417,3.38298614090356,15353.6379454211,0.999830821958373
"L[118]",2.42992018569638,0.00372202976307622,0.434248427361929,1.69171136008927,2.1210575545951,2.39106878599042,2.70028926987797,3.38288678569035,13611.8396811094,0.999915127212368
"L[119]",2.43416446737499,0.00368766726981669,0.438094665380914,1.67820953866528,2.11792265611113,2.39676228209362,2.7144620833154,3.39013116914224,14113.4267096126,0.999799135720944
"L[120]",2.42936893349774,0.00377231293987894,0.434853563004999,1.693793418698,2.11603531176911,2.38936280925793,2.70339109185555,3.37734320587599,13288.3371674642,1.00030995929204
"L[121]",2.42596914780452,0.00376221129213701,0.431845347463107,1.69018739852742,2.11913890061448,2.38799976834065,2.6915757363796,3.39637230162842,13175.5916054938,0.999691112171325
"L[122]",2.43294085890645,0.00382851917447935,0.441881424583676,1.68205799927978,2.11456868692625,2.39249687332452,2.70044365477643,3.40659709238154,13321.3990452421,0.999748948656922
"L[123]",2.42726445672207,0.00378439957420366,0.432713491119323,1.68878410393885,2.1245147350475,2.38943903710514,2.692116994807,3.38378426676149,13073.9524694377,0.999756453475282
"L[124]",2.43533435718254,0.00370981316349534,0.434987902318838,1.68593567229048,2.12926000463921,2.40117040432083,2.70155308847695,3.38352051547804,13748.3405655064,0.999884398346818
"L[125]",2.42968085071547,0.00375314653292187,0.425890109479893,1.70516079151325,2.1282632830914,2.38894467795535,2.69258771698837,3.3638060668747,12876.6848724215,0.999894456862028
"L[126]",2.42995758760823,0.00368507591962321,0.433236531324604,1.69387515612596,2.12542529949163,2.39567630628334,2.69442179351829,3.39288269169794,13821.5662857327,0.999995235059442
"L[127]",2.4334497074607,0.00368259315829623,0.436342179786211,1.68657023590894,2.12110059573324,2.39362858961881,2.70360545598053,3.38372218413603,14039.3470477009,0.999976739744647
"L[128]",2.4341511018773,0.00376487205245185,0.441041842619865,1.69446031815482,2.11458791908157,2.391581042265,2.71005952719827,3.39354021518021,13723.3185631999,1.00010452328287
"L[129]",2.42399576707897,0.00373046460187872,0.436333179766052,1.69182690762445,2.11255028513463,2.38830709019668,2.69412984288369,3.38500895389826,13680.7728231017,1.00031591593738
"L[130]",2.42465845653649,0.00388098160521505,0.428366945451255,1.70225207943825,2.12202711706027,2.38115068263841,2.69352656080043,3.36720431649489,12182.8454377626,1.00000800724977
"L[131]",2.42141040144774,0.00361519639518597,0.431865180333363,1.68683858656598,2.11341674332018,2.3874925925536,2.68686387928293,3.37234097228451,14270.2831125252,0.999764360557289
"L[132]",2.42849368380641,0.00369887280021556,0.428337598012973,1.70860031124404,2.12250132175959,2.3938817140701,2.68738766132103,3.36556428371134,13410.1489129583,0.999855718725446
"L[133]",2.42750567786493,0.0036787201471929,0.429149209153493,1.69040288972308,2.12264621598785,2.39295625847217,2.69377663734966,3.3560837978953,13608.903402608,0.999965907462169
"L[134]",2.43580169543967,0.0037475918072401,0.436759786531758,1.67837660994299,2.12945909052794,2.40058417750544,2.70008929180026,3.39431833953744,13582.5317347714,1.00038484944943
"L[135]",2.43514612534764,0.00364169014311564,0.436492543285218,1.68603782457965,2.12892407047133,2.39952477323249,2.69959374023494,3.4057158197177,14366.3908161173,0.999824491826895
"L[136]",2.42961623428197,0.00374142833087027,0.434959187128081,1.69263741353504,2.12546091233147,2.38770961420319,2.68884619278979,3.40165009186497,13515.1900078896,0.999723794797272
"L[137]",2.43167350218812,0.00378656701818836,0.4277067765403,1.69989815562015,2.12808155117095,2.39593684252002,2.69609469020714,3.361596456158,12758.5396286492,0.999930246966141
"L[138]",2.43371654445504,0.00375462084354711,0.442897384081439,1.67569130227816,2.11759437889931,2.39533812078816,2.70854163985626,3.39668592678934,13914.7067090738,0.999856351502714
"L[139]",2.43326362834302,0.00376930589978012,0.431298836209593,1.69975138665527,2.13121047819091,2.39602713951702,2.70162290450865,3.36535035967773,13092.8382935334,0.999815092186509
"L[140]",2.42673768097762,0.0037821464092696,0.437983792635499,1.69172631335509,2.11947137332986,2.3862390708663,2.68983953508437,3.39875047937945,13410.3281956166,1.00039930442913
"L[141]",2.43790577086777,0.00397730929784386,0.432367425475112,1.69765505781602,2.12717625891159,2.40205683973027,2.7080518309026,3.36959826956274,11817.5433113417,1.00034142899523
"L[142]",2.43255253704722,0.00372872840600871,0.432382055066128,1.68286964557015,2.1257674036964,2.39812816922076,2.69826071458272,3.3819185881981,13446.6413088643,0.999814757543778
"L[143]",2.42767044678413,0.00382022414987329,0.437973380442892,1.68418704333285,2.12156366250135,2.3913819384823,2.68686525244745,3.40212987481916,13143.7030686213,0.999795758797238
"L[144]",2.42707574452135,0.00382466022218631,0.430208354729639,1.68374856565211,2.12639163478514,2.38787874460393,2.68910135288411,3.37201921999148,12652.3722898543,0.999822366281654
"L[145]",2.43022921284695,0.00370991982204846,0.435579237829111,1.68594280877807,2.11822533049913,2.39180031412889,2.70985793481422,3.36570907830344,13784.9531236336,1.00004636987447
"L[146]",2.43127552240512,0.00383232232151483,0.438259565305129,1.69111158443774,2.11929465187271,2.3921154924849,2.6985016053464,3.39848539923155,13077.9222107026,0.999945584286357
"L[147]",2.43071217172797,0.00377908512563809,0.435716745910045,1.69930785202851,2.12149169043047,2.39273269165939,2.69302185532241,3.38466607695441,13293.3718599768,1.00018353225099
"L[148]",2.43012960273824,0.00372042758162482,0.43273388337177,1.68394227847286,2.12526460325456,2.39458233273003,2.69592387936165,3.36957577867988,13528.7008427916,1.00005174056722
"L[149]",2.43227590975856,0.00376165881071011,0.434290418256705,1.68349452910831,2.1245032261593,2.39311477331004,2.70426550337007,3.37824976219502,13329.1265680305,0.999732444173293
"L[150]",2.43307922476324,0.00383328093358396,0.432383821354443,1.70584328421177,2.1281497828304,2.39611571140985,2.69220524832023,3.39668518336072,12723.2357075102,1.00037006383888
"L[151]",2.43196580954494,0.00387569542913702,0.429735981513077,1.71199808600793,2.12077532909757,2.38913085189239,2.69742707102053,3.39905809550598,12294.3098769499,1.00032970320268
"L[152]",2.43045612301991,0.00352667781052018,0.430032486281417,1.68483975524534,2.13717730915687,2.39145888025904,2.68793177086487,3.37157678467054,14868.6301779853,0.999890422294825
"L[153]",2.43467547062657,0.00381899772640288,0.441819485578521,1.68961483364158,2.11848639290568,2.39193493213148,2.70871426410327,3.39203297599897,13384.1542046847,1.00002580760486
"L[154]",2.43359876367069,0.00380167543003653,0.431637738075164,1.69654529368054,2.12754140204284,2.39033608782241,2.69977817235394,3.38576936308145,12891.0633916918,1.00001128940692
"L[155]",2.43040420778458,0.00381711549520119,0.433633711598452,1.69443995538942,2.13120495364412,2.39367576643304,2.69108089319359,3.37493003728827,12905.5189918287,0.99982442440734
"L[156]",2.42329316541677,0.00366492228060044,0.43028396313711,1.67931299301674,2.12081924722808,2.38397042631389,2.68904449430686,3.38547106965266,13784.1751059623,0.999736302037001
"L[157]",2.43666132990364,0.003770933251406,0.429505306826364,1.69347393891368,2.13093895150494,2.39841361889275,2.69906045304967,3.3757853006285,12972.9689366832,1.0000212749803
"L[158]",2.43016347908345,0.00380487990606672,0.435294503305311,1.67848196654702,2.12227189812525,2.39449766130359,2.69322686485178,3.40335498775588,13088.336706429,0.999894991764397
"L[159]",2.43151858414627,0.00384118192989868,0.436709818794459,1.68325176837892,2.12472387821552,2.39690835529642,2.69484000434246,3.40524475642653,12925.7621098793,0.9998241186409
"L[160]",2.42740979310958,0.00393866101682898,0.430651164333389,1.6945267453801,2.12073673502304,2.38926500221673,2.69737313430626,3.37464283492125,11955.1228225924,0.999936997022718
"L[161]",2.43412206921525,0.00371780509393238,0.436984083889677,1.6910816343173,2.1335633120649,2.39892814624017,2.69348383029057,3.42940287579007,13815.2262587157,1.00007984946557
"L[162]",2.42764885522339,0.0036573493480435,0.426568787832651,1.71129435066759,2.11460065073095,2.38386206744978,2.69931903706187,3.36077673242845,13603.3307583188,1.00009665770637
"L[163]",2.43281437284522,0.0038314342361488,0.429926315739684,1.7025807115099,2.12907636031023,2.39297002749102,2.69972656026214,3.36743401657211,12591.1473652557,0.999981034567173
"L[164]",2.43382520711703,0.00381969886492782,0.437531466469648,1.68997085727423,2.12217219126182,2.39861468538339,2.70682680381309,3.38622817054244,13120.8005276042,0.999980861124502
"L[165]",2.42541097626316,0.00352876050021022,0.432929702995355,1.69199287284718,2.11262652951756,2.38821209539416,2.69775288153369,3.36378723450213,15051.8679652389,0.999855397957141
"L[166]",2.43081492079551,0.00390136798091609,0.434806679198218,1.69185548262802,2.12295138880557,2.39863226250618,2.68420799748187,3.40742004799912,12421.0578056992,0.999870738028396
"L[167]",2.43385580522252,0.00384170901515628,0.43372036943948,1.69756430016458,2.12395930632012,2.39678936513735,2.70985275856512,3.38037146546591,12745.9058032587,1.00000333861736
"L[168]",2.42395537386221,0.00385407941641222,0.429921026454146,1.69005271310718,2.11416943490913,2.38994701209251,2.69491532167882,3.34480051399636,12443.3137918551,1.00007397690152
"L[169]",2.43005254363824,0.00372711507679114,0.429586581325979,1.70255010839362,2.1258227447271,2.39588605409394,2.68788803005125,3.37997872736877,13284.8241554409,0.999933274215621
"L[170]",2.4315567575751,0.00368997039915704,0.441195099236598,1.69146557707551,2.12041649325303,2.38955094581694,2.70105722829496,3.40824025956785,14296.0347388018,1.00014692155904
"L[171]",2.43615587327429,0.00375120795476742,0.433143126067707,1.70208944960794,2.13066625369596,2.39745701724706,2.70085777728186,3.36855286729134,13332.7756644034,1.00000867077574
"L[172]",2.42650787898055,0.00374071945667676,0.429930428768869,1.69309541158181,2.12019093640793,2.38905639035115,2.69584578514911,3.35893977467654,13209.4912202332,0.999797653923171
"L[173]",2.42761730427368,0.00369837392171957,0.433534219122625,1.68176658248675,2.12423274018394,2.39052360918393,2.6828381061304,3.37736607055391,13741.2147969003,0.999788535691162
"L[174]",2.42980855956854,0.0041069226052967,0.43465467769351,1.69012182763936,2.12574250211598,2.39025499217759,2.70006639299086,3.39060335633564,11200.9711401036,0.999926813042086
"L[175]",2.43070387002725,0.00372226892052542,0.434446788396865,1.70299164713532,2.11404050449984,2.38726306515524,2.70536689344337,3.36688375269567,13622.527393731,0.999989731060263
"L[176]",2.43711917773631,0.00403255608119968,0.443145023629245,1.67991248379275,2.12247510661508,2.39798395354434,2.70759138160709,3.41530496440206,12076.2173686075,0.999772161660673
"L[177]",2.43121743512744,0.00361349453667685,0.424105005727683,1.70381613383611,2.12900612246946,2.39763675336504,2.69166932221249,3.36551359248986,13775.012197999,0.99993536476486
"L[178]",2.43415421126124,0.00396271212996027,0.427985472996945,1.69694714924833,2.12896041218952,2.39942745063431,2.70334023138633,3.36809250552714,11664.6847934864,0.999833214243547
"L[179]",2.4288946000368,0.00368805605491596,0.434685869328671,1.69237132653375,2.12336592109781,2.39214894342391,2.69178408674634,3.37515142622113,13891.719911292,0.999799877411358
"L[180]",2.42163825174066,0.00379403218533383,0.440751944548699,1.67215414493648,2.11410779730153,2.37374674965039,2.69228833763277,3.3963259079463,13495.4214758001,0.999854908261622
"L[181]",2.42809156542968,0.00393370643939481,0.436562512611331,1.6914059288269,2.12366608191292,2.39017678299813,2.68890692176486,3.38355717262357,12316.5475332224,0.999873338357875
"L[182]",2.42991367219956,0.00371329110218801,0.429595601365377,1.67887648183571,2.13215706766959,2.39044262543913,2.68965201240655,3.38102804208879,13384.4847765899,1.00017789306907
"L[183]",2.4358003564576,0.00386068033133598,0.436643328104587,1.69206085176084,2.12331615758647,2.39347365923955,2.70805801004469,3.40759345121828,12791.6324186016,0.999985650385385
"L[184]",2.43127490642829,0.00371514904755769,0.43955911474637,1.66775148828386,2.12508595281045,2.39695656205062,2.69500402609263,3.39994631914585,13998.5191719276,0.999737328638957
"L[185]",2.4255807664389,0.00395134463248359,0.436318894491024,1.69523945091697,2.11798811392653,2.37985593979885,2.69195679688395,3.38487298632705,12193.2146798937,1.0002063313571
"L[186]",2.42783108783612,0.0036459967596209,0.427689368139439,1.70075926007048,2.11837500951364,2.39108485681945,2.70100958700575,3.36033170923242,13760.1875075186,1.00008030675017
"L[187]",2.43283466152838,0.0039664243009949,0.432871458309608,1.69008494862437,2.12705653502232,2.39648579294057,2.70279540423945,3.38582349503961,11910.2139230484,1.00018013052064
"L[188]",2.4301445259441,0.00358476183829066,0.431984643655322,1.68902720234635,2.12863539102667,2.38968148113458,2.69370317093943,3.38171940612766,14521.6512303906,1.00001246006518
"L[189]",2.44289987964393,0.00381311482827236,0.441335968553269,1.69393037809398,2.12948902015122,2.40516036907226,2.71043775548235,3.3964800334717,13396.1153811164,0.999836932244858
"L[190]",2.43196415868507,0.00375826463976395,0.439698189591083,1.67787971271888,2.12071518544089,2.39922778379816,2.70496476913731,3.41325869732562,13687.831149536,1.00007970498583
"L[191]",2.42827177724743,0.00377917936468439,0.432130170058943,1.68657775839864,2.12526047062255,2.39579091551657,2.69056990630699,3.38963741679571,13074.773312809,0.999817173098367
"L[192]",2.42910530527431,0.00383033455120951,0.438695730058852,1.68628621279017,2.11988909908584,2.38419503106772,2.70283268842421,3.40553835623902,13117.5702473541,0.999866072953079
"L[193]",2.43149010140338,0.00375273530042439,0.432910811367122,1.69206448756743,2.12414735189732,2.39472909970302,2.69402349757055,3.37121775751332,13307.6386212108,0.999795490791312
"L[194]",2.43667035635961,0.00375509446470606,0.433875816033017,1.69704392898464,2.12992763453777,2.39960039412499,2.69655247285603,3.39670209568871,13350.2424681827,0.999822513190529
"L[195]",2.43027301631066,0.00373242784458531,0.433609570293631,1.69228624127942,2.1179077385777,2.39011597689131,2.69581439432422,3.39738207845358,13496.304767234,0.999961442316588
"L[196]",2.43011315800766,0.00388304600854562,0.429938699025663,1.69034729205935,2.12638110754612,2.3949931454152,2.69125391258829,3.37688070440371,12259.3657816883,0.999732462620688
"L[197]",2.42397199892516,0.00375944037080452,0.423925842533645,1.68277640289959,2.12167026416975,2.39130873266361,2.69252583149353,3.35203304055422,12715.4982483061,1.00023978468118
"L[198]",2.43455310826977,0.00401187039953002,0.444778972375812,1.66878761513943,2.11453759524911,2.40196683503654,2.70815501254178,3.40207675166373,12291.2118496591,0.999662229064718
"L[199]",2.433024839374,0.00381383756109715,0.441015127553037,1.67381269605722,2.1183773398984,2.39754780210623,2.70644861153433,3.41640540976184,13371.5757887792,0.999962500064297
"L[200]",2.43221093126773,0.00398771709159654,0.435790463581016,1.69964806678229,2.12733902539657,2.39103830576713,2.69221062202079,3.39930381504562,11942.8166576257,1.00002913343697
"L[201]",2.43422730219808,0.00378507105302033,0.440428230944116,1.68034838503059,2.12000097707223,2.40057763289148,2.70230628857367,3.41176908250674,13539.4874812877,1.00008732938522
"L[202]",2.42385791266516,0.00385283602629869,0.434479203483365,1.6864731025888,2.11503733822474,2.38721798245414,2.68268241030641,3.355697182653,12716.7734644838,0.999853663260307
"L[203]",2.43017166147312,0.00376370748496808,0.428875851387093,1.69046781227766,2.125305132424,2.39457228252355,2.69206558649268,3.38911807014921,12984.6862723064,1.00009838600085
"L[204]",2.43155096276539,0.00385640229067193,0.436148506379658,1.67783313455578,2.12695821620493,2.3924321251308,2.69931462247532,3.37314782943425,12790.9886855186,1.00015513146867
"L[205]",2.43076192364647,0.00370881880973619,0.430687828486091,1.70302703510517,2.1226222606197,2.39446100148348,2.69965796720136,3.37662705507748,13485.0935385229,0.999929349075445
"L[206]",2.43454789261142,0.00357488919960535,0.429556620000184,1.69907960204048,2.12586362370794,2.40516785299537,2.70372050905913,3.35991453705517,14438.2866995125,0.999812397737372
"L[207]",2.43454270928022,0.00375755065359263,0.441147919112768,1.68555198726831,2.12152850288177,2.39941477791766,2.70315455316762,3.39187301680777,13783.4768898926,1.00034373761384
"L[208]",2.43321523424219,0.00379743621599459,0.440677300110657,1.68409668758353,2.1243594086931,2.39858481343399,2.69690958608092,3.39857994648882,13466.6751543564,0.99981632543443
"L[209]",2.42843379114066,0.00371600889426251,0.4263988002574,1.69906937883201,2.13140836738702,2.39211655024307,2.68567499631453,3.36819617458687,13166.7460257949,0.999898081407592
"L[210]",2.42934207901992,0.00378118457980714,0.434239161950479,1.69114406157132,2.12465592438949,2.38838371032561,2.69465113766411,3.38208642190519,13188.7069798114,0.999870426496296
"L[211]",2.42905560734289,0.00356658700921858,0.428977995280044,1.69087688029802,2.12911468103955,2.38744285546783,2.68855421038027,3.379016889025,14466.5303960067,0.999724461649623
"L[212]",2.43603279888211,0.00364483361572037,0.432206092783741,1.69315752923443,2.13272121224191,2.40092113711366,2.69946602420251,3.39911824100683,14061.3284874564,1.00016046178831
"L[213]",2.43095616114873,0.00365893750634704,0.428319295186978,1.68583196854403,2.1306958422936,2.39238356221153,2.69192854992229,3.38326431286351,13703.3040678011,0.999899390569915
"L[214]",2.43069906993751,0.0037535426936513,0.434292022154947,1.68735240341178,2.1198781662717,2.39000146096376,2.70250947809781,3.39007661576612,13386.9297109798,1.00006989311251
"L[215]",2.43410882031017,0.00368797643476131,0.433744819266066,1.70282804363715,2.12422177795078,2.39626692215816,2.6976366081434,3.38428611940547,13832.2339698678,1.00000814917547
"L[216]",2.42928689058082,0.00369766726738632,0.435131537230885,1.69645802639028,2.12309740631126,2.38736874733412,2.69082473593382,3.38917408898266,13847.9492843687,0.999997226369398
"L[217]",2.42910021303783,0.00352579041382768,0.426032873226927,1.70167574571911,2.12370572803932,2.39413508372509,2.69190634109518,3.35405683392705,14600.6851836218,0.999937044392106
"L[218]",2.43250567224794,0.00374438196187684,0.439263528646655,1.68628893992818,2.12150930950381,2.39353083783482,2.70034532987708,3.40542177048253,13762.2677558341,0.99989772919786
"L[219]",2.43376606503458,0.00388632367191671,0.438650162211657,1.69125976105362,2.12165540744794,2.39167774205777,2.70478358378639,3.41011073386813,12739.6839124612,0.999910803931989
"L[220]",2.43346935349936,0.00374263350767376,0.431694242092753,1.68726886568833,2.1262362479663,2.40062347534246,2.70109257661012,3.36210300671202,13304.4801291705,1.00002940008499
"L[221]",2.42821769881449,0.00396062434219257,0.439136748656187,1.70755486868698,2.11294950454518,2.38392235618438,2.69085105417071,3.41215681194255,12293.4069808172,0.999771288293881
"L[222]",2.43255119293674,0.00358006313259347,0.430976143101481,1.69616574592784,2.12628429011358,2.3931851668031,2.70417181568272,3.37282219935672,14491.8920370814,0.999708099672875
"L[223]",2.43346475401736,0.00390555270535739,0.439214224243942,1.70284316254525,2.11721384770641,2.39049583459471,2.70641825015007,3.39813769039021,12647.0078235188,0.999849138788804
"L[224]",2.43331083198674,0.00365048421837565,0.439236112882278,1.69061282818967,2.11746015797884,2.39117498593567,2.70807802835196,3.39299689032933,14477.5518333649,0.999888451877476
"L[225]",2.43443238579399,0.00359518513308527,0.430574244460355,1.69860547733095,2.12833806829316,2.39976867618281,2.7070133102108,3.36821459606151,14343.4484874476,0.999767872715996
"L[226]",2.43003215359592,0.00376440322494853,0.43340977272129,1.68730327191722,2.12421374342569,2.39143311933091,2.69640350213021,3.39988079557288,13255.775062457,1.00006209370673
"L[227]",2.43243879631145,0.00377700726987317,0.436865533314191,1.69287809433827,2.11903968567191,2.39087655379674,2.70186299421948,3.41221297205284,13378.2689624797,0.999995922355251
"L[228]",2.42949926790975,0.00381848749181339,0.442838739755257,1.67514003315453,2.11864603985214,2.39498403039937,2.69443177252471,3.3992533218104,13449.5721081797,0.999851408011991
"L[229]",2.43232129816242,0.00386797359888392,0.430219799766842,1.70943691045173,2.12684404447708,2.39276164730088,2.69698167889767,3.37150242771796,12371.2557572143,1.00010870976595
"L[230]",2.43321947258248,0.00370617770224605,0.44285424882196,1.68624438627858,2.1146139941607,2.39377949295594,2.69930874877425,3.40471259695313,14278.05839303,0.999883441883085
"L[231]",2.43353328541878,0.00371674309745213,0.430882579620085,1.69944053936654,2.12883424633883,2.40079921173288,2.69329837969258,3.39372364792668,13439.7993559424,0.999901871500657
"L[232]",2.43652079384999,0.00375747512019865,0.437302864267024,1.67990278854108,2.12374942366121,2.39703358318005,2.70907456539437,3.3872290020134,13544.7943823925,0.999761747675907
"L[233]",2.42632717870829,0.00368833166877975,0.439159779326781,1.67165215065373,2.11778008406009,2.38768303219822,2.69505089363223,3.4042403794985,14177.0274831568,0.999733459553973
"L[234]",2.42764614743014,0.00366819151392885,0.424303308229796,1.70867522070763,2.12210542966202,2.39332077182185,2.68746199759723,3.35518201473321,13379.7756763421,1.0001980106244
"L[235]",2.42811859981238,0.00378803180579114,0.438623431034372,1.6806205947437,2.1182450467258,2.38460022887898,2.69274856397289,3.39841040350021,13407.7659996773,0.999729319204156
"L[236]",2.43067206195545,0.00388891880897075,0.440200561037033,1.68299936400479,2.11855222973026,2.39294886808351,2.70270500662768,3.40038605761131,12812.7818216496,0.999782822572739
"L[237]",2.4298215093967,0.00365647903215,0.435103302995959,1.68532170622504,2.12101002428265,2.39260623075462,2.69307567800906,3.42244863565639,14159.8478123959,0.999826243716373
"L[238]",2.42823551307648,0.00370068096734188,0.436460852183314,1.67465443158475,2.12260317682262,2.38990498879817,2.69430244503505,3.38095079741879,13910.0054286749,0.999966149871316
"L[239]",2.42616390633028,0.00361473625341543,0.430930466527652,1.6869173469448,2.12239707971445,2.38913958071339,2.69256846352931,3.35902747019572,14212.1953865343,1.00002436273129
"L[240]",2.43382501091247,0.00366431691903555,0.429823485818506,1.70661370988316,2.12437376170451,2.39858212566765,2.69911893727675,3.37311404841279,13759.2330975538,1.00017959487826
"L[241]",2.43410825024709,0.00356650384447748,0.43800160305639,1.68929432914553,2.12687248399329,2.39688180067852,2.69334904650001,3.38806079301862,15082.2455447386,0.999831448573513
"L[242]",2.42687181310754,0.0037010828979225,0.431389567277529,1.69207243337214,2.12188387993002,2.38791483776286,2.68805525981081,3.39432210733151,13585.6884340697,0.999777627425599
"L[243]",2.4262443503837,0.00384144300043869,0.432630100976252,1.69652596243964,2.12186665226939,2.39022008985443,2.69252035478248,3.36053973951577,12683.6625450999,0.999950209090528
"L[244]",2.4380001659829,0.00373834845224036,0.436510918472089,1.69860628677246,2.12045964951886,2.40306690976989,2.71084315657029,3.3789821466037,13634.231482759,0.999800490370224
"L[245]",2.42822635864931,0.00370346004307248,0.432646467616362,1.69314210814071,2.12158924738593,2.38770085104574,2.69489219438235,3.38597838672887,13647.4338428914,1.00016336057539
"L[246]",2.43019416819291,0.0035942264815046,0.433116563347854,1.69825898595667,2.12195048485468,2.39251144349578,2.69901176607959,3.36850377973461,14521.0728954455,0.99977434758138
"L[247]",2.43045667766588,0.00363674852947834,0.440365934250499,1.68537356470064,2.11273008678699,2.39459223640421,2.70274944621719,3.38777977926287,14662.2590154906,0.99999027980646
"L[248]",2.43403298435529,0.00398449787162109,0.437667468688644,1.69662521969019,2.12176926935336,2.38944485120909,2.69729872859968,3.43054866801766,12065.3892088814,0.999814353312757
"L[249]",2.42944591534044,0.00369091486020194,0.434794580021258,1.68531412297433,2.12168092552648,2.38767401106273,2.69325958291674,3.38933246871356,13877.1470030139,1.00007170196779
"L[250]",2.43288250453108,0.00393718779662989,0.444680843919349,1.67577302527314,2.12207170594627,2.39104570536138,2.70272086692186,3.42405627683841,12756.2958111913,0.999839707590019
"L[251]",2.43306768455365,0.00371610053760996,0.438791500746178,1.68692388872829,2.1264296927997,2.39205819273448,2.69622620848705,3.41926525945919,13942.5272953618,0.999845634329318
"L[252]",2.43393793633293,0.00369499193954018,0.437880523857791,1.69065060023032,2.12193542201292,2.39916405209553,2.70331142639876,3.39002405828826,14043.788077481,1.0000466687093
"L[253]",2.43026210450758,0.00358249463868548,0.427423573683003,1.70775534566454,2.12568027143381,2.39061426564914,2.69110206772064,3.37072695778734,14234.6188868298,0.999641501472914
"L[254]",2.43359107652576,0.00366741646623493,0.439401704628608,1.67827696346352,2.1235252065956,2.3962576201143,2.6995749218922,3.42489024508318,14354.9939449265,0.999902794811691
"L[255]",2.42913192840944,0.00373259966670615,0.434571351479208,1.6925416592126,2.12230989375152,2.38845188618137,2.69340524532465,3.38896846507678,13554.9949283989,0.999977225655103
"L[256]",2.42420376089705,0.00363201270564322,0.421454747401984,1.69628071449645,2.12477810151956,2.39425418541412,2.68377987388527,3.33591347697668,13465.0255626097,0.999729978956998
"L[257]",2.43337529535717,0.00382110608404297,0.435721729073433,1.68332136909453,2.13115630985543,2.3917635610574,2.70372951940515,3.3816483303042,13002.9007222294,1.00003561804405
"L[258]",2.42917152275689,0.0037659524615562,0.429433311776012,1.69153918482928,2.12490512934489,2.39288840875246,2.70004360129838,3.36562348377954,13002.9470339195,0.999864150802012
"L[259]",2.4292714742822,0.00368793480271843,0.431193448129704,1.69051302051792,2.12364254150028,2.39047972027192,2.69129220701865,3.37637248201245,13670.2934378892,0.999832508148023
"L[260]",2.43301846807055,0.00379324499649319,0.428006751050478,1.70672722020325,2.12757599078242,2.39841829392959,2.69095968331059,3.38628605937777,12731.4963924374,0.999768617691313
"L[261]",2.43253139137681,0.00386425251913798,0.436636104495841,1.69861765315079,2.11302726836455,2.39583821578505,2.70752404840604,3.38442202256645,12767.5712467784,0.999834848533091
"L[262]",2.43079349759521,0.00373120171197655,0.427819491809219,1.70388163155309,2.12720668367684,2.39108608482344,2.69770980920252,3.36948831257663,13146.9096699615,1.00002215262545
"L[263]",2.43018983620222,0.00373199577758908,0.437274400788823,1.6857194676878,2.11951754089817,2.39110828556787,2.69862044378007,3.40187929768475,13728.5863359658,0.999726661477766
"L[264]",2.43209757456809,0.00377002690439053,0.430076954296075,1.68309829318595,2.12532884142483,2.39520513700702,2.70216719249659,3.38087279874294,13013.779499153,1.00005303226812
"L[265]",2.4340102798953,0.00369307086491814,0.440299614306715,1.69480299493953,2.11477278786679,2.39849225183886,2.70169074855103,3.39879545228566,14214.1641845634,0.999667116115892
"L[266]",2.43249472359369,0.00354531595944095,0.43484972114638,1.69682863234117,2.12478230380712,2.39328835424216,2.69796564537126,3.39752970112416,15044.1792886011,0.999863436550456
"L[267]",2.42883999749922,0.00382735386022617,0.438273585824514,1.6906666150521,2.11830252686071,2.38598819471244,2.69576925303466,3.39163940979822,13112.7372832718,1.00015277827442
"L[268]",2.42934420855776,0.00383467483513465,0.435353488427002,1.68898008771747,2.11781716533473,2.3879196568812,2.69674736891591,3.38779405646217,12889.2299158597,0.999876019406096
"L[269]",2.42510561124457,0.00361208653446249,0.418169085439539,1.72400686686193,2.12822921049826,2.38466982448838,2.67879944801262,3.35637424541384,13402.5536300048,0.999819921031358
"L[270]",2.42704186580353,0.00375225723486489,0.435846200074719,1.69095575089154,2.11743578472505,2.38968664231301,2.69831725431755,3.38030723292428,13492.1549622183,0.999971825143573
"L[271]",2.4290312231224,0.00366466608372325,0.434591703893745,1.68547604222867,2.12334788449592,2.38922083552267,2.69963257563837,3.38172199860617,14063.5203390568,1.00037677022981
"L[272]",2.42515415095107,0.00378117918686346,0.428325815017481,1.69148779694562,2.12282686169743,2.3909716962384,2.68965708120531,3.3595555776156,12831.9891129524,1.00003098573072
"L[273]",2.42631969352162,0.00364392987747571,0.423262039651109,1.70062474067799,2.12568868061422,2.38966403131094,2.68588469985108,3.34897562491877,13492.0710304106,0.999873590364333
"L[274]",2.43419809179359,0.00371904435669686,0.42934920843268,1.70266524782783,2.12965067741202,2.40064373261645,2.69955912065762,3.37203430430424,13327.8045956556,1.00017833266254
"L[275]",2.43034832803099,0.00355601251923294,0.442825656003994,1.6709714830887,2.11536436623922,2.3998737177101,2.69803525349904,3.42165555128626,15507.3999112315,1.00007319414248
"L[276]",2.43342946430215,0.0038131408538225,0.431631529551859,1.68825992922982,2.12888511374512,2.39822944531381,2.70022543000198,3.39024967973648,12813.2891430272,0.999760137904707
"L[277]",2.43158177590208,0.00374175167346069,0.439398093036632,1.67651110243474,2.12516971366354,2.38750938182925,2.70172765857429,3.38153261985796,13790.068149095,1.00036282501174
"L[278]",2.43633782586521,0.00377622422410109,0.442993593431241,1.68847474106914,2.11656265287162,2.40209971143592,2.70962271393626,3.40556656532457,13761.9299619445,0.999856415428433
"L[279]",2.42854462287744,0.00388824426631609,0.429451170614794,1.68741987329392,2.12140145341908,2.394024121481,2.69673965461795,3.38254333998053,12198.8952270782,0.999947622214216
"L[280]",2.43121772494355,0.0037829223837727,0.442364687514014,1.67667297660485,2.11614104321059,2.38912408313135,2.70282272431461,3.41600599536669,13674.3295251745,0.999941612515071
"L[281]",2.43241864480168,0.00391071528063349,0.43336132616243,1.68980284507853,2.12373287136326,2.39489654480824,2.7031790163469,3.38391648889383,12279.7042321736,1.00029578245363
"L[282]",2.4298833373488,0.00362283337767081,0.429445793034557,1.69569828795008,2.12163565916767,2.39378438988611,2.69562019296873,3.36939226185192,14051.4125431214,0.999741320592329
"L[283]",2.42267142960455,0.00356813171832804,0.433808672344092,1.67852052233464,2.12054439332943,2.3838274730737,2.68155616628171,3.39906023363485,14781.370521483,1.00033908974728
"L[284]",2.43081571974966,0.0037210992984817,0.427087194268566,1.69239462670673,2.13107450494729,2.39125493752391,2.69495605311741,3.36394221014268,13173.1786225176,1.00006946649004
"L[285]",2.42805526389171,0.00390377456605405,0.431459247331879,1.70014191084396,2.12152876674488,2.3905658244792,2.69066270560402,3.36252774480958,12215.4677822462,1.00005549874598
"L[286]",2.43110111869027,0.00371789192907877,0.429751373433148,1.70791178407245,2.12779057220926,2.38900112361113,2.69156438194777,3.37950828922893,13361.063356023,1.00030042599973
"L[287]",2.43706606825763,0.00399683902510222,0.438231697533511,1.69157088083528,2.12495747028616,2.40253840669353,2.7053912077691,3.42001314130019,12021.9317999974,0.999871158399978
"L[288]",2.43527177391814,0.00379124464085403,0.438841295250136,1.67955042160349,2.12852425109918,2.39792018816262,2.69898618826369,3.40848120585749,13398.3512058214,0.999787441728118
"L[289]",2.42899970354557,0.00372972413548633,0.433332262604162,1.69120944029481,2.12213774978468,2.39278817750654,2.68975401799389,3.37753677993368,13498.5968571583,0.999763659947368
"E_scale",1.28030230379747,0.000153703680599181,0.0186996917401817,1.24404031552805,1.2678672449701,1.28017856849262,1.29259443176272,1.31753814701513,14801.3170054145,0.999972255408219
"f_crab[1]",1,NA,0,1,1,1,1,1,NA,NA
"f_lower[1]",0,NA,0,0,0,0,0,0,NA,NA
"eta_f[1]",0,NA,0,0,0,0,0,0,NA,NA
"eta_c[1]",0,NA,0,0,0,0,0,0,NA,NA
"combo_c[1]",0,NA,0,0,0,0,0,0,NA,NA
"Omega_C[1,1]",1,NA,0,1,1,1,1,1,NA,NA
"Omega_E[1,1]",1,NA,0,1,1,1,1,1,NA,NA
"theta_C_out",0.170659048270393,0.00034529128902485,0.0276389852702527,0.112586299611168,0.153187673578833,0.171721995280851,0.189763147979661,0.221633239106045,6407.26880764356,1.00029644272684
"zi_scale",0.829340951729607,0.000345291289024847,0.0276389852702527,0.778366760893955,0.810236852020339,0.828278004719149,0.846812326421167,0.887413700388832,6407.26880764369,1.00029644272684
"lambda_Ctot_S[1,1,1]",187.476909483266,0.730631049164327,71.0774236958527,86.0088683553643,136.814866009227,175.27497369489,223.47662721272,360.709833498348,9463.83385182109,0.999949350255959
"lambda_Ctot_S[1,2,1]",77.0872024843944,0.201413339771396,21.8634470721669,43.6809499830923,61.0857077478195,73.9443315336172,89.4606847754473,126.724320271816,11783.1338017214,0.999990333993846
"lambda_Ctot_S[1,3,1]",76.8520546750319,0.188012303831896,21.3040927490484,44.221736376513,61.6114529308842,73.979070451905,88.7976647996145,127.367432617384,12839.6606653009,0.99984347063429
"lambda_Ctot_S[1,4,1]",76.9935266004107,0.190319452143891,21.4422843118761,43.530202995716,61.6171330972045,74.0780033955853,88.9172146011172,126.095162207829,12693.3350190682,0.999764460214225
"lambda_Ctot_S[1,5,1]",76.9919532056335,0.187211370515223,21.3265315736224,43.8132055153054,61.7201073727304,74.2926373990909,88.8936862615197,126.107644201142,12977.0510996363,0.999849953086723
"lambda_Ctot_S[1,6,1]",74.2241974155033,0.18703597960379,20.09551639541,42.870126009825,59.9453194032005,71.4911578744606,85.7241146254517,120.947756776624,11543.7795437296,0.999843116469805
"lambda_Ctot_S[1,7,1]",146.829180779168,0.392877357782672,42.2858385113366,81.3013197053821,116.628471674853,141.017296117097,170.153827971665,244.802579677073,11584.4626335696,0.999741314914504
"lambda_Ctot_S[1,8,1]",146.799569627769,0.401654561930656,42.2899964358139,82.2576265386294,116.328580263932,140.875483265603,170.783147654029,247.544363776462,11085.8727482324,0.999816871459603
"lambda_Ctot_S[1,9,1]",78.5175392688928,0.191038647792457,21.649374101062,44.2264506360134,63.1577657832977,75.9520795621846,90.7126973693017,128.413322967657,12842.4599293946,0.999990364628042
"lambda_Ctot_S[1,10,1]",78.5942583614292,0.189209390019089,21.8407689036568,43.2818499767594,63.2863818675118,76.0923185322364,91.0469702457355,129.418931566648,13324.4863424824,0.999931330057061
"lambda_Ctot_S[1,11,1]",78.8258184887964,0.190535150077363,22.1444622271134,43.9655520762399,63.0143219631086,76.2453841723579,91.0021888997524,129.708261181845,13507.6582182766,0.999981658161611
"lambda_Ctot_S[1,12,1]",78.5531183605116,0.189925235428611,21.8600633256162,43.549552840207,62.9776283093724,75.8535185061254,91.169013650467,129.131885770553,13247.6084826011,0.999800261686868
"lambda_Ctot_S[1,13,1]",78.5429328068658,0.188176268658612,21.6994628874655,44.3744307132962,63.1635548254453,75.5480820999978,90.9631231010452,129.61241838302,13297.4468467548,0.999932902401652
"lambda_Ctot_S[1,14,1]",149.757512247389,0.374599620253275,42.8801443064862,82.4260950699711,119.704084532029,144.503023284425,173.738130344817,250.695691782417,13103.2133060758,0.999953428179117
"lambda_Ctot_S[1,15,1]",149.937524411926,0.389599704035377,42.5351758931459,82.7039105678894,119.947295606987,144.967172172671,174.358568538496,246.297277157708,11919.5327032781,0.999957685669742
"lambda_Ctot_S[1,16,1]",69.194855617652,0.225761983194987,22.6942806696819,35.2771163789722,53.1777652517838,65.6537101154939,81.4637324773493,124.100931099932,10104.8813949571,1.00026089094804
"lambda_Ctot_S[1,17,1]",69.0706444713852,0.212428975392659,22.2011295214432,35.3996875939869,52.9619648615471,65.7474404710696,81.3429709491029,121.219350073938,10922.5145585628,1.00003592926079
"lambda_Ctot_S[1,18,1]",69.1081765605386,0.210566673414502,22.2752059986242,35.5305097858251,53.0335263354822,65.785740716705,81.5429686390194,121.671826300874,11190.878636026,0.99994016286582
"lambda_Ctot_S[1,19,1]",68.8155836744373,0.210517000281634,21.9392650993171,35.3498749457483,53.0364734229907,65.4669573234225,80.9530753930186,119.981601835755,10860.9998024346,0.99984280556449
"lambda_Ctot_S[1,20,1]",68.889714493955,0.211434682210131,22.1906889821807,35.1433915926311,53.0207648291959,65.4686258769207,81.5240821007432,121.266009251379,11015.117099226,0.999871365774506
"lambda_Ctot_S[1,21,1]",131.55725732576,0.40965419177535,42.9938471245774,66.6251602973905,100.985538245886,125.265069990575,155.440270782591,234.322825971904,11014.830272937,0.999742287744336
"lambda_Ctot_S[1,22,1]",131.413632512077,0.429046893953769,43.2587679709093,66.604707737824,100.239185836669,124.568827536533,154.464537651603,235.876223053465,10165.734621895,0.999833417407613
"lambda_Ctot_S[1,23,1]",84.8489304354606,0.210304120166062,24.7760385862702,46.9063155851558,67.2133324934091,81.2877118248332,98.3255286965474,144.042886045853,13879.3195541159,0.999904021984956
"lambda_Ctot_S[1,24,1]",84.5797583479456,0.212276840292388,24.5129183188175,47.2543233864497,66.7064940048533,80.9389417262711,98.0968698688035,143.11687156066,13334.7478203273,1.00014879879435
"lambda_Ctot_S[1,25,1]",84.7245227549716,0.214795613413027,24.4912553021389,46.8660832476773,67.2113161643224,81.1396009670944,98.4646634432763,140.946247713441,13000.8358607043,0.999836944479383
"lambda_Ctot_S[1,26,1]",84.4833635398225,0.2117768784579,24.4117538757474,47.0601071544333,67.1068496095466,81.0828630746541,98.1148555531074,141.321124756012,13287.426649073,1.00022551559505
"lambda_Ctot_S[1,27,1]",84.6779597301295,0.213634002703166,24.7882319268555,46.8146187394093,67.0908641340478,81.3944372964854,98.0563076169627,142.312308394491,13463.263523656,0.999860285274503
"lambda_Ctot_S[1,28,1]",161.388080367274,0.415080757304024,47.5474634153788,88.8959277446316,127.756152402342,154.806931588452,187.418780995187,274.282402320312,13121.6818939627,0.999986253152623
"lambda_Ctot_S[1,29,1]",161.564345057493,0.412826356588586,47.9685886227474,88.0637293966885,127.772316400343,154.620735845037,187.831070123646,274.732397567141,13501.4075648588,0.999881425741579
"lambda_Ctot_S[1,30,1]",116.190389274419,0.476589302516298,45.2135138670383,52.9768053424835,84.7566426438592,107.98200339011,138.142838795551,227.851205765272,9000.11256073308,1.00003550197692
"lambda_Ctot_S[1,31,1]",215.795575489206,0.720411962629359,79.7021885823323,103.322553739443,160.058752545367,201.725136099587,256.37709231001,409.99845831269,12239.9223477672,1.00003390898166
"lambda_Ctot_S[1,32,1]",138.371430605667,0.459962283501256,49.1504653689786,66.7609603982508,103.128461745874,130.338419759795,164.635986156579,255.328635003494,11418.5465214168,0.999863389939253
"lambda_Ctot_S[1,33,1]",72.9555710883357,0.214496196197071,22.781066393645,38.6286896853395,56.7847868793071,69.6196946094822,85.4274540509976,125.834294558298,11279.9950645613,0.999814936145533
"lambda_Ctot_S[1,34,1]",73.1606559627948,0.208539318890285,23.3400341789418,38.0710165695005,56.5223040425644,70.0237011844729,85.8180788613375,128.78929414751,12526.4230207035,0.99977849205719
"lambda_Ctot_S[1,35,1]",139.545421346035,0.407488259362251,45.2174943767724,72.4321987786902,107.50515918969,132.378536941017,163.687407354771,246.742429303238,12313.5360431208,0.999717025563488
"lambda_Ctot_S[1,36,1]",139.44334677088,0.412308634370361,44.8538985721176,72.920501128747,107.114199562724,132.922605880399,163.790070459118,244.998501123497,11834.6531440952,0.999742492861714
"lambda_Ctot_S[1,37,1]",50.859164978804,0.139749191263448,14.7433574058739,28.2631612129915,40.3651538857162,48.9775822617604,58.8972929846087,85.3640049401686,11129.9747981007,0.999884278379756
"lambda_Ctot_S[1,38,1]",50.8391222375275,0.139338353557674,14.8018078754863,27.8740572229094,40.2472352013538,48.7902344336283,59.210724886401,84.7082395413038,11284.6521540269,1.00013145908829
"lambda_Ctot_S[1,39,1]",50.8635869012513,0.14190190314053,14.7312128979162,28.1238452582028,40.4270978624476,48.9518620805693,59.110526353206,85.1357464522915,10777.0667285157,1.00016816123832
"lambda_Ctot_S[1,40,1]",50.8210538229305,0.139695451908445,14.6856196494957,28.4168371185336,40.3992945547853,48.8175362719477,58.7477777089214,85.8317699965331,11051.4692117868,1.00023059788664
"lambda_Ctot_S[1,41,1]",50.8898854168051,0.143639147261014,14.8070297744666,28.3346517789698,40.4127754088738,48.8160840390224,59.1104657012839,85.53159520318,10626.5004015625,0.999974825384
"lambda_Ctot_S[1,42,1]",96.8284390809277,0.272537253198698,28.3962830498122,53.9239586401257,76.7155469734435,92.6772497034088,112.522410855425,163.075834288674,10856.0352289353,0.999881342918297
"lambda_Ctot_S[1,43,1]",97.0025599553617,0.272240862431458,28.6530210554134,53.3248155618513,76.961999885416,92.6014825195044,112.37291726559,165.158526088815,11077.3075613685,0.999832940322182
"lambda_Ctot_S[1,44,1]",50.9436512812771,0.14710998930617,15.6049476093493,27.4603800981112,39.862538616241,48.5932604867161,59.3679064354377,87.9956785572617,11252.2740801394,0.999786382355843
"lambda_Ctot_S[1,45,1]",50.9280543732297,0.155515648575989,15.7031005349429,27.4077481701994,39.8742408343522,48.7457484768434,59.2186551531999,87.5356284599854,10195.8310517918,1.00004524740191
"lambda_Ctot_S[1,46,1]",50.8627305364957,0.149395033255494,15.6091723638664,27.3349819624918,39.8297509922596,48.5139643416465,59.4827175907378,87.1764054580023,10916.6009213976,1.00031801860765
"lambda_Ctot_S[1,47,1]",50.9087370949181,0.150276410952513,15.5491413937804,27.313697231528,39.8522529649146,48.7007871513903,59.134923332404,87.3320354289954,10706.0975696697,0.999896913407914
"lambda_Ctot_S[1,48,1]",50.846527397985,0.146227264359937,15.6835033721119,27.1231759720788,39.9143274388669,48.5705999946571,59.3470699464884,87.6199504255273,11503.4855906301,0.99999369230014
"lambda_Ctot_S[1,49,1]",97.1549570861168,0.29114005011309,30.5753466534333,51.6875360766449,75.0997584486706,92.9626310412717,113.584199116032,168.942199318248,11029.0695244079,0.999982633917902
"lambda_Ctot_S[1,50,1]",97.0372557167891,0.278725144577677,30.3843325281434,51.63567576396,75.1788236364353,92.7637193003139,113.236358716933,167.523508335131,11883.5747392029,1.00003394231205
"lambda_Ctot_S[1,51,1]",24.4804688131594,0.0822878180730934,7.93791301945673,12.3900658092957,18.8770307143801,23.2515470400846,28.7806083848574,43.4208638279507,9305.53994912326,1.00008471416232
"lambda_Ctot_S[1,52,1]",24.5518998133916,0.0830961024619249,8.12693272413591,12.2844603008925,18.7506725760561,23.3750624117844,28.9478813478693,43.6982266902151,9565.155197851,0.999998089562661
"lambda_Ctot_S[1,53,1]",22.4901862534768,0.0799659199977553,7.49488854895809,11.1171438297849,17.0925458573792,21.3700777505026,26.6465775878856,40.1664266580038,8784.56947845348,0.999993305009235
"lambda_Ctot_S[1,54,1]",24.5100898020812,0.0848605526858801,8.14106680237536,12.3358338377974,18.7212441408585,23.2771695085098,28.9159700004476,43.5891727329005,9203.45567253368,0.999997206430477
"lambda_Ctot_S[1,55,1]",24.5832336500215,0.0827863886201582,8.12868935515916,12.2583836954285,18.6997922596043,23.3230272967107,29.0738230089895,44.3017074938833,9641.02431566941,1.00003388172681
"lambda_Ctot_S[1,56,1]",46.7694148789295,0.160414009864362,15.4986126635548,23.5475301980801,35.6435164861311,44.4851604667287,55.1951499053131,83.7151884947201,9334.71492137316,1.00004408216606
"lambda_Ctot_S[1,57,1]",46.7436651718688,0.160740480570409,15.4134098405684,23.5611865831879,35.7436665199876,44.4485851176874,55.2684941504742,83.9656984177573,9194.89825482954,0.999933975587336
"lambda_Ctot_S[1,58,1]",29.1498474705282,0.0824525240117059,9.42901227143186,14.9774255083693,22.433049075463,27.6955427378626,34.2905998567163,51.3925774149853,13077.4928891726,1.00009965567953
"lambda_Ctot_S[1,59,1]",29.0469829794608,0.0867527039401325,9.56142890784911,14.8874895693284,22.2261176352674,27.3988807520543,34.1612470678587,51.8666634246012,12147.294500163,0.999786272784006
"lambda_Ctot_S[1,60,1]",29.0752370567965,0.0857988954095468,9.55188952936714,15.0669401862498,22.2933870335956,27.4796538497671,34.2095161415714,51.5746830318369,12394.1055037428,0.999971896375398
"lambda_Ctot_S[1,61,1]",29.0476891791216,0.085474297959639,9.50749673393703,15.2129778213388,22.3129631692763,27.5072516479307,34.1154920048537,51.5482784227297,12372.6088976011,1.00010019977895
"lambda_Ctot_S[1,62,1]",29.1027923343568,0.0844348700324253,9.43880227187277,15.1664084510175,22.4022885542812,27.487817765306,34.1989515041331,51.6837470942753,12496.549055049,1.00004515421638
"lambda_Ctot_S[1,63,1]",55.3972955146664,0.174202369459397,18.624527233201,27.9868195495674,42.0384593253394,52.0630640503738,65.6218338706729,99.8366499400077,11430.4255423558,1.00028935682215
"lambda_Ctot_S[1,64,1]",55.5427652575762,0.167499058605785,18.3871567915486,28.4113722181934,42.4105601008621,52.5691200611165,65.4997524762989,98.854478164896,12050.4819849913,0.999883519801374
"lambda_Ctot_S[1,65,1]",20.2707736791489,0.0691163410503648,7.21288837806164,9.62015844596921,15.1634571985741,19.2161949392692,23.9138915717978,37.6343708633075,10890.7288357349,1.00011272915204
"lambda_Ctot_S[1,66,1]",20.3081872822054,0.068176825577341,7.26899739570711,9.60864267088724,15.1594657835839,19.1339659719858,24.2068644135835,37.6883066804979,11367.7751462978,1.00005815970076
"lambda_Ctot_S[1,67,1]",20.3072084331125,0.0683571019912717,7.23899255667001,9.67026214367311,15.213210262391,19.0889248631249,24.1603611454962,37.596305888749,11214.7339515164,1.00005250609884
"lambda_Ctot_S[1,68,1]",20.2670341419476,0.0677059772263656,7.21492019095619,9.47000732626578,15.2352791484145,19.1210325896922,24.0239192804078,37.4831219220542,11355.572679101,0.999951956106671
"lambda_Ctot_S[1,69,1]",20.2620001796931,0.0739844309239729,7.26996490187009,9.58792445803321,15.1510162820384,19.0963713275362,24.0745528300021,37.6891518170501,9655.7042060014,0.999982464652958
"lambda_Ctot_S[1,70,1]",38.2896026246459,0.133626395844197,14.8186903977475,17.1381220629383,27.7333162293852,35.7299565044215,45.8278846967893,74.7760722468083,12298.0184271819,0.999932558427865
"lambda_Ctot_S[1,71,1]",38.61429945979,0.135566248499774,14.131105100444,18.0314052512289,28.5321068374566,36.1540701795746,46.0559252159206,72.620803361504,10865.4845058048,0.999886348671461
"lambda_Ctot_S[1,72,1]",23.8292812114429,0.0763895623850184,8.31697827738513,11.5659867997236,18.0043420223725,22.4809415945889,28.1387376503719,43.5232351327155,11853.9499766087,0.999834159324981
"lambda_Ctot_S[1,73,1]",23.7781307520032,0.0744676432719943,8.2629193489382,11.566254407683,18.0146393318463,22.4551205435542,28.05590202072,43.3836985704542,12312.0907605303,1.00020974787579
"lambda_Ctot_S[1,74,1]",23.809900083529,0.0764921005380233,8.26339380009929,11.6008285706086,17.9843161633129,22.4206263793679,28.1906779604005,43.8429425417343,11670.3458248701,1.00001334972067
"lambda_Ctot_S[1,75,1]",23.8130470351195,0.0749942743567194,8.26961030706382,11.5122950201186,18.0113537962469,22.5549199679983,28.1268005677873,43.6243632912969,12159.4484145226,0.99979312692138
"lambda_Ctot_S[1,76,1]",23.794159751703,0.0740025726265806,8.36379470177758,11.5520490641493,17.821109397562,22.4415301581585,28.2287503842496,43.9892230404099,12773.5935353133,0.999810949634059
"lambda_Ctot_S[1,77,1]",45.3037640550126,0.137768888036556,15.8360582954115,22.1152652547173,33.8579015718685,42.8907696973781,53.7997146928535,83.5557280047969,13212.7092205259,0.999843546382008
"lambda_Ctot_S[1,78,1]",45.3338419692732,0.143186980464933,15.8844375200451,21.9722450270673,34.1323561145335,42.790732822616,53.7313362142843,83.5338788614234,12306.5584853182,0.999957393373972
"lambda_Ctot_S[1,79,1]",27.0961030839899,0.0883850405452465,9.31109866816933,13.2329650596491,20.4469442770919,25.5554116140265,32.1588563790067,49.2362996204098,11097.9899366444,0.999922066588597
"lambda_Ctot_S[1,80,1]",27.2118558102656,0.0905207559543084,9.49187943539161,13.4008324212008,20.370647098097,25.606007001458,32.3676689050064,50.0894878039368,10995.3252875284,0.999819047346819
"lambda_Ctot_S[1,81,1]",27.2148649326009,0.0888082922905265,9.40204527241275,13.3688832585602,20.5007340240096,25.6875985579096,32.3973576824458,49.7134165228744,11208.2455804,0.999783680533226
"lambda_Ctot_S[1,82,1]",27.2004039727241,0.0924718437361356,9.47118388171989,13.4265385750276,20.4690157951738,25.6116132837229,32.2985925276322,49.9214223351269,10490.338527006,0.99999384697807
"lambda_Ctot_S[1,83,1]",27.1219123957097,0.0907370690108806,9.39854276803757,13.3111100224663,20.3437430727873,25.6649056982626,32.129735317931,49.7140653626797,10728.8099158035,0.999872607827167
"lambda_Ctot_S[1,84,1]",51.7156289549712,0.173151258969139,18.2281118265374,25.024512237111,38.8877138894463,48.8398806164984,61.2289023424619,95.3501416666547,11082.3550892001,0.999873176323512
"lambda_Ctot_S[1,85,1]",51.9552372325657,0.175006581345426,18.4188035555181,24.9712797896311,38.8933436312277,48.9228823261011,61.868495119757,96.2241194304564,11076.7937588541,1.00009642753781
"lambda_Ctot_S[1,86,1]",37.010545768168,0.106047568527758,10.4564646695361,20.7894395962585,29.5188975372993,35.5354025579719,43.0691919615569,60.7876488494072,9722.28433059604,1.0001582125132
"lambda_Ctot_S[1,87,1]",37.0044748444347,0.103130030254479,10.3936258008412,20.9436501828066,29.618968225547,35.6086151220415,42.8533166721299,61.646023482882,10156.9628417331,0.999843656909158
"lambda_Ctot_S[1,88,1]",36.8829055805279,0.105728127068603,10.4024259397038,20.8272434255756,29.4626601638326,35.3755285302518,42.6561797481698,61.4778458937868,9680.28596930103,1.00024233839258
"lambda_Ctot_S[1,89,1]",36.9953484400209,0.106895044540313,10.383065881919,20.7860436485595,29.630279478925,35.6245066374572,42.8874840400937,61.6302312307962,9434.87333839118,0.99988342983812
"lambda_Ctot_S[1,90,1]",38.3659276961548,0.109261802286127,10.2507159532181,22.3623865727266,30.9646018651181,36.9348064662806,44.3216533712079,62.3489449019845,8801.80370555318,0.999837157856683
"lambda_Ctot_S[1,91,1]",70.7151805348171,0.212871264613019,20.5308124162592,39.0263444576126,56.0132971966629,67.7317114917333,82.3232286693069,118.981204427566,9302.03971936195,1.00027926735668
"lambda_Ctot_S[1,92,1]",70.4367614718924,0.21091911041743,20.1026291101787,38.8722377425055,55.98429010898,67.6255171515805,81.8068443351382,116.226198822991,9083.93165876279,0.999902892835544
"lambda_Ctot_S[1,93,1]",20.3028926428448,0.0574636486085146,5.8483956007907,11.1758143395255,16.103532932174,19.5404099279162,23.652998041889,34.0049834054479,10358.2666820492,1.00032916174829
"lambda_Ctot_S[1,94,1]",20.311006904004,0.0557649584631563,5.91237012244327,11.1156363166845,16.0803121902595,19.5740727783493,23.5270466020999,34.1708062841316,11240.883872776,1.00000843569371
"lambda_Ctot_S[1,95,1]",20.3013371095973,0.0565979404039254,5.82009006944962,11.2449798654489,16.1828752772661,19.5048978263604,23.5696640299691,34.0442151619652,10574.4589667042,1.00015082557012
"lambda_Ctot_S[1,96,1]",20.2602562406957,0.0555494762474544,5.84932037742044,11.1170427161223,16.0555513715195,19.4825739846441,23.5865590261395,33.7739074009995,11087.9403558081,1.00016963155638
"lambda_Ctot_S[1,97,1]",20.3368892985429,0.0563568779114664,5.87285766012461,11.2441616507641,16.1855225031576,19.5186386427361,23.5760188497478,34.0838506700947,10859.3816957141,0.999982262522865
"lambda_Ctot_S[1,98,1]",38.7306487740522,0.104927127182994,11.2218638770892,21.1000794786667,30.7680666987506,37.1246144083895,45.0463230727723,64.7352758887507,11438.1141887411,0.999951680581746
"lambda_Ctot_S[1,99,1]",38.7177795417693,0.106851767919802,11.4471565840859,21.0809121886538,30.5733345356191,37.0373950486932,45.1018330211541,65.2130794903186,11477.0909348422,0.999811141262158
"lambda_Ctot_S[1,100,1]",24.7615911314441,0.0630661039380305,7.18264259314644,13.7334574081003,19.6604694640648,23.7918255906677,28.7270845574314,41.4917957948059,12971.0910746872,0.999733574565616
"lambda_Ctot_S[1,101,1]",24.8810549074053,0.063322721087371,7.2000197521845,13.6975061667154,19.7659379435561,23.869354747835,28.8806899500662,41.3067807302428,12928.5029168659,0.999810336099357
"lambda_Ctot_S[1,102,1]",24.8570233684799,0.062954200610218,7.25207584151588,13.667645193688,19.6738106052267,23.8392599730595,28.9741174128009,41.7562601122204,13270.1321325482,0.999729119136992
"lambda_Ctot_S[1,103,1]",24.8028970615189,0.0647127535057038,7.13756477174639,13.628004461372,19.7384728329316,23.8127443187838,28.7878668920931,41.5197374234163,12165.2311744162,0.999751541603464
"lambda_Ctot_S[1,104,1]",24.828360070372,0.065058888196039,7.25155326268643,13.6708681326057,19.7170776095658,23.776714353761,28.9036802692963,41.8616332583484,12423.6385567976,0.999730424336816
"lambda_Ctot_S[1,105,1]",47.390783415879,0.118982943682694,13.9275370285708,25.7316532275117,37.5401478518191,45.5565751782728,55.1589478841309,79.794384791543,13701.8505074684,0.999665755064422
"lambda_Ctot_S[1,106,1]",47.3837246705257,0.125025515245845,14.0629867220922,25.7692384459435,37.2764115768051,45.4062541789293,55.2922214193567,79.9097021830706,12651.9605016517,0.999827559235105
"lambda_Ctot_S[1,107,1]",24.8309864329305,0.0649541392189501,7.19640539782576,13.6567068570832,19.6072001466394,23.9242953825931,28.978565218558,41.5505462870564,12274.8891156093,1.00005342864798
"lambda_Ctot_S[1,108,1]",24.8030461410954,0.0660947308055731,7.2782943542734,13.6445411134417,19.614678233027,23.8038648837958,28.8172082798336,41.6296291255575,12126.2231264375,0.999909244769379
"lambda_Ctot_S[1,109,1]",24.7876816420812,0.0650170220840162,7.16548459397764,13.6119257128682,19.7360410228721,23.9142294547197,28.8176696949453,41.6110333981288,12146.1037130077,0.999855473817107
"lambda_Ctot_S[1,110,1]",24.8134031296972,0.0631517738657887,7.22430390397427,13.6619586348041,19.6647159102278,23.8212067830608,28.8499768618367,41.530030023651,13086.4215600329,0.999903518799512
"lambda_Ctot_S[1,111,1]",24.8149180120106,0.0680787820849599,7.23579548679737,13.5701766923524,19.6260352182303,23.8402229774699,29.0015308826476,41.2265437159754,11296.6327816437,1.00000324319546
"lambda_Ctot_S[1,112,1]",47.2375179178973,0.126389555285579,13.8361211306851,25.9594914202216,37.3687833256908,45.1832220610873,54.885618513728,79.6308128907694,11984.1252531912,0.999893440287888
"lambda_Ctot_S[1,113,1]",47.3246519133694,0.128338812585624,14.0220139728211,25.8370742260498,37.2660748341523,45.3834140515882,55.146842727281,80.0399258340983,11937.262868311,1.00019848017608
"lambda_Ctot_S[1,114,1]",57.7011267666214,0.152257738847687,15.9497086216359,33.2302172852773,46.4806754862681,55.3324039114797,66.5038097147954,95.0574732876271,10973.5401075705,0.999908030454516
"lambda_Ctot_S[1,115,1]",57.7597557400863,0.149829649560977,16.0264791270831,33.2974279573607,46.439996182306,55.4501443190441,66.6264236917538,95.2214705963159,11441.4407789544,1.00008633023146
"lambda_Ctot_S[1,116,1]",57.660977043069,0.146418799343408,15.8365329301989,33.3520881422261,46.2469893568514,55.4650620550641,66.4479690929138,95.3674078305388,11698.4018014034,0.999999824333341
"lambda_Ctot_S[1,117,1]",57.6811820506191,0.149482676604781,15.6041173445901,33.1923116141359,46.4909503329161,55.5500066268655,66.6002680081022,93.6312035633879,10896.7423915868,0.999853122034739
"lambda_Ctot_S[1,118,1]",57.7396706870066,0.143311154340987,15.9227416397029,32.9514771861561,46.2927626954741,55.673211172882,66.7715243704772,94.2383409176842,12344.5626574887,1.000043805458
"lambda_Ctot_S[1,119,1]",110.152793827902,0.287454053469296,30.6405212231347,62.5656703914603,88.4451645743348,106.305756682548,127.083294519129,182.019674846871,11362.016699977,0.999736209016695
"lambda_Ctot_S[1,120,1]",110.03060537868,0.286532425437739,30.8386391729222,62.2899896764961,88.0798708336615,106.102212758445,127.197884165881,182.136273310938,11583.5815113606,1.00007709484768
"lambda_Ctot_S[1,121,1]",53.9491830031745,0.14133147470568,14.3156963802607,31.2582418956908,43.8506318369243,52.1203987346455,62.2076705301761,86.5686420652303,10259.995651171,0.999859215841989
"lambda_Ctot_S[1,122,1]",54.1449190872999,0.142398015087611,14.6997494154794,31.2629584107895,43.7137667900807,52.2234938408869,62.2483134776474,88.4747692632435,10656.4362608003,0.999869818037871
"lambda_Ctot_S[1,123,1]",54.0429043169135,0.137553927787661,14.5820451049455,30.9289583807427,43.7031415463329,52.0480819407168,62.3631706567858,87.258269296784,11238.0479956069,0.999857611389148
"lambda_Ctot_S[1,124,1]",54.1867850513385,0.139996526036331,14.4997961567316,31.0229388038701,43.8479837164525,52.4568463067856,62.3177259058212,87.5075721807653,10727.2715806017,1.00004739548923
"lambda_Ctot_S[1,125,1]",54.020186457712,0.135496900114956,14.1988003180511,31.4218559487077,43.9252689053909,52.1916935123577,62.1845152125447,87.3026897695452,10981.0680802042,0.999974646142068
"lambda_Ctot_S[1,126,1]",103.013005012773,0.268101126299709,27.881896739793,59.1956655110191,83.0749710788265,99.2753237876192,119.128566398992,167.083461000943,10815.5186860849,1.00000151765515
"lambda_Ctot_S[1,127,1]",103.270627695795,0.276554177253438,28.4577045242755,58.5063075498802,82.6827968295291,99.4043082132188,119.783736004812,169.994054141741,10588.6181307726,1.00009171790172
"lambda_Ctot_S[1,128,1]",71.2471510401343,0.216619698873263,21.9489787513695,37.5485048794147,55.4317430283872,68.0575721725367,83.5812058189548,122.829456502864,10266.7441771952,1.0004873144898
"lambda_Ctot_S[1,129,1]",70.9115296934896,0.210228605192655,21.6806051385242,37.7351886263757,55.4850529045116,67.712760565834,83.0785588934654,121.092199633816,10635.5311008832,1.00048544841659
"lambda_Ctot_S[1,130,1]",70.9639920483053,0.219203901061853,21.7257768908554,37.6445707658091,55.5352275978978,67.9043064136682,82.936780699406,122.512341053792,9823.22457893517,1.00046164606865
"lambda_Ctot_S[1,131,1]",70.9079242091044,0.216265435639285,21.9632679413525,37.9707685111489,55.2766802807818,67.4815381128358,82.9773865477005,122.318737774374,10313.8233982208,1.00041372041691
"lambda_Ctot_S[1,132,1]",71.1216768915883,0.211870357740385,22.0030506297872,37.6752661123516,55.5111851861459,67.8677242131007,83.1001652239788,123.043781230713,10785.1303004384,1.00044296043327
"lambda_Ctot_S[1,133,1]",135.494646078512,0.415950668134498,42.3981427740572,71.6993403516535,105.275673406746,129.433724563997,158.398266296314,237.755444114123,10389.8676052543,1.00052082769185
"lambda_Ctot_S[1,134,1]",136.053336711599,0.437968001879591,43.0552141179017,71.8232949917958,105.668114074054,129.963100180782,158.847563337354,237.690878730787,9664.21855416653,1.00048222454578
"lambda_Ctot_S[1,135,1]",96.6329844111412,0.252900783007576,28.4654916176513,52.5013202588641,76.3540700081511,92.4355057318537,112.530531659296,162.665025344055,12668.8452009841,0.999905721452643
"lambda_Ctot_S[1,136,1]",96.3916276144063,0.255798187747792,28.3075790317188,53.2591240196449,76.0986654301142,92.5446162404082,112.141445095408,163.175738870011,12246.4589296806,0.999769834880408
"lambda_Ctot_S[1,137,1]",96.4119897807713,0.257923077075066,27.8978333506097,53.3025964633573,76.545768989913,92.4973556062496,111.974797527587,162.93551375436,11699.3180765471,0.999781910250653
"lambda_Ctot_S[1,138,1]",96.5050445066604,0.259592746669725,28.4259953293188,53.8940679845035,76.1296378372075,92.351799343219,112.468933980859,163.820179862529,11990.7473827202,1.0000718867923
"lambda_Ctot_S[1,139,1]",96.5366926677068,0.261648935235005,28.3472071186272,53.6179911135389,76.3312352706846,92.3971577060663,112.351252716611,162.705379023289,11737.6893233053,0.999864124149111
"lambda_Ctot_S[1,140,1]",183.176566195641,0.473411001509338,53.6144241154161,101.034316746133,145.251766124387,175.797655452408,212.648950939761,308.814699539672,12825.8630567756,1.00012041092415
"lambda_Ctot_S[1,141,1]",183.86297685092,0.475911665733246,52.8866317900954,102.665786332335,146.073166246861,175.88953462165,212.954952106047,307.570487378571,12349.2083133508,1.00013640412846
"lambda_Ctot_S[1,142,1]",82.6950183281724,0.235221810945809,24.2226683857861,45.5829545713253,65.4710075111286,79.2273918209497,96.2499179742078,138.383719067484,10604.4656280341,0.999879011056164
"lambda_Ctot_S[1,143,1]",82.4392219161622,0.230900380613823,23.9476002547717,45.281760115733,65.5722104389974,79.1625603228222,95.5543838735808,138.39753951808,10756.5921608248,0.999756365295627
"lambda_Ctot_S[1,144,1]",82.4565428814893,0.231408274377389,23.9405090390679,45.7448359119708,65.5505009379071,79.4094040719796,95.6447252656729,138.518769666918,10703.0854636956,0.99974488658099
"lambda_Ctot_S[1,145,1]",82.5075674443422,0.229766462448007,23.8258498351351,46.3400205850221,65.4309150763568,79.0188686646891,96.2107179959355,137.274723180271,10752.8484518782,0.999967560931446
"lambda_Ctot_S[1,146,1]",82.6193283374767,0.239414023076658,24.2463341453406,46.0667964127794,65.2164714528089,79.1102231591283,95.9860949167793,139.747748135077,10256.3540177871,0.999830657097132
"lambda_Ctot_S[1,147,1]",157.540001168921,0.46237446308461,47.0517076878083,85.8157043071726,123.701484984082,150.757880372981,183.864098227343,267.823772952873,10355.3099022707,0.999786016508805
"lambda_Ctot_S[1,148,1]",157.638878905965,0.465907113948699,47.5214424590061,85.4892407261575,124.324423891229,150.461898754497,183.732919016792,270.289835552166,10403.5257361769,0.999674658300845
"lambda_Ctot_S[1,149,1]",67.3689202359844,0.153098091695394,16.5566989278736,40.9794726256003,55.4357357385993,65.5902036029835,76.9756839906608,105.573684704788,11695.2079459999,0.99965906077499
"lambda_Ctot_S[1,150,1]",67.3466025039455,0.153121016933521,16.3184192833783,41.4257570644929,55.7594267697772,65.2860747067547,76.8094999382778,104.546098477907,11357.5999072839,1.00001214833114
"lambda_Ctot_S[1,151,1]",67.3672932602865,0.158865070346609,16.504788441339,40.9818195743329,55.6793047642797,65.2802746181868,76.8361623104071,105.801887730404,10793.5196127514,1.00007850520119
"lambda_Ctot_S[1,152,1]",67.3122332919583,0.150908378540431,16.4020545809754,40.6899297463678,55.718768200226,65.3371926468837,77.0179325445322,104.30288636284,11813.2610180444,0.999739963620774
"lambda_Ctot_S[1,153,1]",67.4451607623449,0.154016822522758,16.7480230882489,40.3926937360874,55.5508866793256,65.4506814286925,77.3890054520117,106.183459760271,11824.7177504828,0.999889155617756
"lambda_Ctot_S[1,154,1]",128.609644508317,0.299587219723256,32.6162237729786,76.3922385781951,105.425727733707,124.89187579672,147.602532695451,202.398450439252,11852.7954862305,0.999858621181155
"lambda_Ctot_S[1,155,1]",128.411446779402,0.291375893092739,32.5641618377008,76.3361274604338,105.21568738929,124.562992630169,147.603536167044,201.899186286155,12490.2914827297,0.999662752470938
"lambda_Ctot_S[1,156,1]",56.48973395988,0.293747568938869,22.8841568698925,23.5149336914473,40.2992882856171,52.7439219096111,68.0120805657131,112.058065395992,6069.05775262179,1.00029437902162
"lambda_Ctot_S[1,157,1]",56.7825966739353,0.302698073278349,22.9476674591854,23.9629799154821,40.497898562432,52.7193550320792,68.3817166352349,112.585056201675,5747.21947541085,1.00012290267481
"lambda_Ctot_S[1,158,1]",56.7205330103647,0.30562607964587,23.3140562522648,23.2905318582776,40.4342566432656,52.6175225606776,68.4712020058845,114.686867980346,5819.08711285737,1.0000612022375
"lambda_Ctot_S[1,159,1]",56.6470718952206,0.29351913114591,22.9973557139264,23.9878555662971,40.3275612190093,52.4501004078318,68.5207443552469,112.166831555886,6138.79285772986,1.00020267009833
"lambda_Ctot_S[1,160,1]",56.6501103962959,0.301657686054134,23.2222985745539,23.610624860651,40.2331214111332,52.614962137497,68.1375148316616,113.744132335186,5926.27251735383,1.00012819154614
"lambda_Ctot_S[1,161,1]",108.42830521489,0.603994425885491,45.5372044843956,44.352709656856,76.9656190617684,100.142169388528,130.878167445654,219.515998668996,5684.16754361536,1.00021644583023
"lambda_Ctot_S[1,162,1]",108.035355830269,0.574398062147675,44.4895817987352,44.6571003101577,76.6034129438931,99.9781206608477,131.129299044862,218.803287884919,5999.1637270119,1.00022458257575
"lambda_Ctot_S[1,163,1]",97.0080777812276,0.228053967454399,23.7142036145744,59.1601048012084,79.9636875370279,94.1483737389148,111.049722118502,150.819826877725,10812.8909938665,1.00008453727074
"lambda_Ctot_S[1,164,1]",97.0889028141352,0.219898589547195,24.0977773428522,57.9680459648838,79.8697107030895,94.3483326466108,111.128520748999,151.064339074503,12009.0620021964,0.999981189469792
"lambda_Ctot_S[1,165,1]",96.8007457438614,0.20795159404295,24.1357006665589,57.8546139233503,79.3457692939506,93.8303550765526,111.409479793538,151.382595068467,13470.8597485847,0.999678401386278
"lambda_Ctot_S[1,166,1]",97.0284214518763,0.229741878304381,24.3632297188771,58.4039798713739,79.8856746692645,94.1341041085163,111.304498222201,153.111219072269,11245.7748802603,1.00013382456571
"lambda_Ctot_S[1,167,1]",97.1115460700939,0.222995044814951,24.0938791931503,58.2938260454224,80.1489505054615,94.3808235327107,111.041997056448,153.077002919775,11674.0898504362,0.999819300567394
"lambda_Ctot_S[1,168,1]",184.655748621653,0.439556657489349,48.2819943898594,109.41430886382,150.837651286889,178.109215126451,212.100117695048,297.496615435159,12065.3709276908,1.0000621361765
"lambda_Ctot_S[1,169,1]",185.119550779496,0.420206678567523,48.0372477512835,108.849235150532,151.065700408203,179.033383665883,212.146335546714,295.953137329693,13068.6381352271,1.00001860926316
"lambda_Ctot_S[1,170,1]",90.3645332559238,0.220508094175715,24.4629117151842,51.6934399212346,72.7536904593969,87.2328438425728,104.601491570387,147.463786451582,12307.4257543877,1.00002097702288
"lambda_Ctot_S[1,171,1]",90.4816287300714,0.220367545766219,24.0211463245911,52.6138709380607,73.172561130681,87.3531169969011,104.456807283927,146.292887930459,11882.0722159372,0.999959871554233
"lambda_Ctot_S[1,172,1]",90.0755183540975,0.224994413098486,23.7134460836136,52.830370757484,73.015208180085,86.9156532367704,103.568677689259,144.79293402902,11108.255844797,0.999924238902917
"lambda_Ctot_S[1,173,1]",90.175360656425,0.228568423133469,24.0813817194619,52.1257261080056,72.8488735477623,87.1333806251935,103.994407985341,146.038091826108,11100.1881290038,1.00014291474242
"lambda_Ctot_S[1,174,1]",90.3174577794454,0.22884881552319,24.4116617694187,51.7896196252125,73.1437562962477,86.9309142736186,104.162614263555,146.568354026721,11378.8232169247,0.999882451898849
"lambda_Ctot_S[1,175,1]",171.222336972392,0.509816277371201,54.1997719969109,90.6772982418619,132.823869962043,163.005973940738,200.281920557762,301.884387129683,11302.3180485725,0.999886820185991
"lambda_Ctot_S[1,176,1]",171.56961530512,0.521612365568177,54.2720440346643,90.0071855259697,133.056587757676,162.673556701118,201.232415307736,301.062393283598,10825.7152694862,1.00009447856771
"lambda_Ctot_S[1,177,1]",145.835724285869,0.817843263880257,73.3087785292911,50.6394916927837,94.4704447928433,130.231634501797,178.833741774497,330.059859583349,8034.73957344275,1.00006066395854
"lambda_Ctot_S[1,178,1]",76.3673975140565,0.394989851754051,34.4532522408736,29.3829826811289,52.5475233306186,69.9696631355521,92.7200224237083,161.321586234398,7608.31652576779,1.0004228460661
"lambda_Ctot_S[1,179,1]",76.4318600386871,0.383476916084988,35.1587687318675,29.556030113016,51.8024568491595,69.9825082762517,93.1211531844708,163.801736909731,8405.98988158767,1.0001713223875
"lambda_Ctot_S[1,180,1]",76.0816409271032,0.380333500267645,34.8144148830795,29.2408243140094,51.5942537462697,69.4112291887446,93.1507390248337,159.448754808934,8378.93922496466,1.00028035342572
"lambda_Ctot_S[1,181,1]",76.412206624213,0.39038531585772,35.3630462148123,29.2020852038983,51.8227431495115,69.3912557117729,93.3297274284385,162.967988935588,8205.63868770903,1.00026332544348
"lambda_Ctot_S[1,182,1]",146.015177515563,0.784369114260932,68.238336589537,54.2728705557455,98.6260037717556,133.285877709929,176.790917523196,314.948493831993,7568.60594945153,1.00041635563324
"lambda_Ctot_S[1,183,1]",145.891631142746,0.765344660652332,67.2096798770835,54.5364680215084,99.4383548199511,132.994500300097,177.73564689771,310.392382340968,7711.68959233425,1.00018249489945
"lambda_Ctot_S[1,184,1]",58.7630859509794,0.155067772123793,16.8495843860179,32.6961414122149,46.8365220060279,56.5866697848466,67.9317715342154,98.2897009215619,11806.8838583776,0.9997728783704
"lambda_Ctot_S[1,185,1]",58.6272130434919,0.157874896540675,16.7784027227553,32.7680730937739,46.76705143071,56.3149831787456,67.8514908570371,98.1109667425624,11294.7096396906,1.00022272422128
"lambda_Ctot_S[1,186,1]",58.6392186925384,0.152684607517326,16.4374866873859,32.8155467238522,46.9044192107716,56.695704925157,67.7979824573643,96.5986013611309,11589.9166874255,1.00001478893818
"lambda_Ctot_S[1,187,1]",58.7921597487076,0.153505292006157,16.7824936075009,32.7993124888323,46.9448977113936,56.4377474685878,68.1550938075419,98.1008478033788,11952.7070816511,1.00009510462973
"lambda_Ctot_S[1,188,1]",58.7296563638428,0.148356918026212,16.6681287821439,32.3965019149319,46.8308675734215,56.3708474129296,68.0713140841191,97.947651079154,12622.8694071009,1.00012345020402
"lambda_Ctot_S[1,189,1]",112.58505074046,0.291666382861562,33.1103141400713,62.03899292978,89.4596507720728,107.781411726547,130.030073112811,189.590017630637,12887.060014366,0.999806952288688
"lambda_Ctot_S[1,190,1]",112.057309733557,0.284098159917695,32.7039475585536,60.7541090490541,89.1844133359465,107.287186264229,129.989136955525,187.265159219698,13251.4534027868,0.999892671318566
"lambda_Ctot_S[1,191,1]",88.930849429294,0.454571882172554,41.6455178455566,33.3848820869404,60.1379276885946,80.8423547545821,108.286716924144,193.139608559104,8393.27390671372,0.999847146291408
"lambda_Ctot_S[1,192,1]",88.9292381537402,0.456009000279599,41.755091166642,33.5803759853233,60.0624327735633,80.442560968788,108.762875728919,193.075148402028,8384.40104817651,0.999649091374597
"lambda_Ctot_S[1,193,1]",89.0024502669096,0.446226187755686,41.4960021161825,33.6445196034301,60.2332319227544,81.134057067943,108.536724665643,191.594988435693,8647.73566011279,0.999864689531373
"lambda_Ctot_S[1,194,1]",89.2189375269076,0.459810781638223,41.9894921599597,33.9861492118328,60.0943327928882,80.8841747051496,108.426389526051,191.50499198975,8339.17222980289,0.999773349116065
"lambda_Ctot_S[1,195,1]",89.0489312445994,0.455964676025097,41.9645952573411,33.2061514764305,59.6980257409159,80.225176459629,109.23241683127,192.174812279748,8470.39532485143,0.9997792121478
"lambda_Ctot_S[1,196,1]",169.51001306074,0.861935869876042,79.9302687503529,64.4662375273303,114.228368534866,153.3276040713,205.318383501149,371.708416757407,8599.4888452005,0.999862866738851
"lambda_Ctot_S[1,197,1]",170.433392335213,0.977916929843478,90.8223941162406,56.0037829266425,108.79423445549,150.52651960303,209.763665967378,400.232151284163,8625.45397761462,0.999893742494633
"lambda_Ctot_S[1,198,1]",127.048250742295,0.370454311032391,38.8587141897344,67.8232598889863,99.3674560219494,121.230269518387,148.25911359021,218.661250032636,11002.9096238473,0.999766267963915
"lambda_Ctot_S[1,199,1]",126.876042480072,0.341212492968545,38.3830801192227,67.9954700119892,99.4154414914799,121.084404127094,148.927620966763,216.81297577767,12654.0573222728,0.999980831988938
"lambda_Ctot_S[1,200,1]",126.944304775873,0.37169913969665,38.7554063637158,68.8199349111039,99.2672183974649,121.177721123637,148.27455102514,217.484115229373,10871.2999398256,1.00004986283679
"lambda_Ctot_S[1,201,1]",243.900529767506,0.878950149195801,94.9775559372701,110.902221880651,177.298251798579,227.252619405411,292.828673135631,473.59618898218,11676.5217047336,0.999934710155906
"lambda_Ctot_S[1,202,1]",126.477571039628,0.347261145303522,38.4617570340639,67.7026260722326,99.085453361992,120.785988952716,147.849455850485,215.803879023414,12267.2115160634,0.999990426231129
"lambda_Ctot_S[1,203,1]",241.745102168374,0.67799241795738,74.5308901436617,130.240593185388,188.829069931867,230.56281414178,281.067116202953,418.174172450976,12084.340170708,1.00004966572038
"lambda_Ctot_S[1,204,1]",241.692065984898,0.670983373025148,74.2040471160281,128.84760217946,188.98861483653,231.897466320119,282.458487936634,418.625621135704,12230.146746245,0.999914718651908
"lambda_Ctot_S[1,205,1]",121.204544953414,0.578286734368249,57.4238163904303,45.3517149461606,82.146957960791,110.043478961318,147.708793185846,261.222943840232,9860.47065389376,0.999978416251436
"lambda_Ctot_S[1,206,1]",121.370626076167,0.629425340016669,57.5207371342135,45.0019854418293,82.3105097734322,110.467285417848,147.6209520513,262.051492518788,8351.42219701686,0.999827502017882
"lambda_Ctot_S[1,207,1]",121.358277501649,0.620123173634656,58.1149461260915,45.0174130248397,81.872598545628,110.130978652001,147.463890596338,260.742564587533,8782.53232887859,0.999992872230442
"lambda_Ctot_S[1,208,1]",121.215099210865,0.601773951319993,57.3478512392211,45.7814352670907,81.891933532266,110.343120319629,146.684548981012,264.587991840078,9081.70792551284,0.999911489070262
"lambda_Ctot_S[1,209,1]",121.13010305944,0.608731397329172,57.4079804205727,44.6004618382924,81.7865810131649,109.912400656952,147.127922918901,262.707867053125,8893.91824135457,0.999995073107624
"lambda_Ctot_S[1,210,1]",230.749591617127,1.17333516184952,109.886574908471,84.4402507629283,155.180345689182,209.836538471764,278.763286238886,499.536506803691,8770.9190492739,0.99986970754204
"lambda_Ctot_S[1,211,1]",230.510236308794,1.12537074783129,108.664732085934,85.6411147467562,155.58758022084,209.878155204827,281.064469643897,502.650082487506,9323.65044193801,0.999955123982475
"lambda_Ctot_S[1,212,1]",115.765932912866,0.357196113677146,38.2755065460216,58.3211769742921,88.1885475916861,110.531716911637,137.260858195875,203.043083381802,11482.2882127912,1.00011360174376
"lambda_Ctot_S[1,213,1]",115.471922849061,0.358415684788077,38.1169346734689,59.2345382921648,87.8981364043807,109.323133723542,136.470833248866,206.146472020886,11309.9822189688,1.00000793416276
"lambda_Ctot_S[1,214,1]",115.525705479447,0.377555976583483,38.5233423568556,58.1748513766759,88.1312852042358,109.425554899144,136.463597317947,207.063694970623,10410.8268095107,1.00007879661987
"lambda_Ctot_S[1,215,1]",115.550238949566,0.359711915177258,37.9836761697017,58.8100158472401,88.3410867092442,109.798353957165,136.399549810898,205.513722498833,11150.2432514396,1.00013624821699
"lambda_Ctot_S[1,216,1]",222.146840070409,0.982161682858715,93.0060191092522,93.8295425295167,156.183564607647,204.547555348799,268.377920608995,447.375812713334,8967.18516817567,0.999802072284427
"lambda_Ctot_S[1,217,1]",219.515860975361,0.700758847017559,72.012384654466,111.876690117128,168.105988978443,208.098023571072,259.098310411558,389.917459761403,10560.323112033,0.999905946038447
"lambda_Ctot_S[1,218,1]",219.652677938428,0.674266360720581,71.7418748953085,111.690356943116,168.478602834234,209.06268223149,259.724758979523,386.063406534365,11320.9392064394,0.99984902619705
"lambda_Ctot_S[1,219,1]",122.703531834973,0.605893392287099,57.6559764335295,44.9503835747847,82.474564617594,111.605841038305,148.937007328915,267.210614214978,9055.16212991365,0.999724317852882
"lambda_Ctot_S[1,220,1]",122.767813887036,0.606227096992584,57.7101344211522,45.6365839297917,82.0020062086685,112.087174272964,150.057619503226,267.953003713691,9062.1966649253,0.999847717755483
"lambda_Ctot_S[1,221,1]",122.504754538592,0.609500039376276,57.7819980180553,45.3022167503897,81.8673626975082,111.208750209767,149.630760727619,269.239993087759,8987.47373198265,0.999757658994193
"lambda_Ctot_S[1,222,1]",122.534384772409,0.602355430195049,57.1953801921115,45.3663706874294,82.6168894206812,110.713364067861,149.448829742129,269.321476563682,9016.04857267089,0.999746793202208
"lambda_Ctot_S[1,223,1]",122.793122033919,0.60290276941838,57.806056997927,45.29135159262,82.1054422621914,111.03258490576,150.362076056595,265.555250184137,9192.89153445017,0.999785856259986
"lambda_Ctot_S[1,224,1]",233.439378971958,1.1480251708817,109.402540337354,86.1047684344622,157.046426858226,212.475885346961,284.342621491579,507.496403316503,9081.38300824513,0.999694541597126
"lambda_Ctot_S[1,225,1]",233.314427561671,1.16153292318437,109.068208790363,86.3724599445721,157.960890318093,212.057133078528,284.379428415181,514.422055306403,8817.25321843128,0.999818756814414
"lambda_Ctot_S[1,226,1]",131.065419725152,0.352696436933059,38.9950276166825,72.6567444061296,103.741020476418,124.97209993343,151.734753341928,224.073104046084,12224.0838408071,0.999958993915007
"lambda_Ctot_S[1,227,1]",131.003592881103,0.350084968647337,38.0308582710066,72.3101235941283,103.804013317331,126.018072149012,152.062902204445,218.520283484895,11801.1770171027,0.999910158005811
"lambda_Ctot_S[1,228,1]",130.925595231563,0.345097889998641,38.574368992306,71.8675246620821,103.519547641949,125.532058939743,152.362054976968,220.937415188698,12494.3323252086,0.999799656461525
"lambda_Ctot_S[1,229,1]",131.152184720492,0.350468060049132,38.6065319523199,72.5208625271187,103.44646620747,125.606460206818,152.199654343929,223.908660491629,12134.5783917449,0.999937234580392
"lambda_Ctot_S[1,230,1]",131.136835436489,0.348558495205048,38.7509551886442,71.9313474283146,103.581040782086,125.747074327086,152.599588386648,222.391787299602,12359.8579690341,0.999888168233706
"lambda_Ctot_S[1,231,1]",249.462804753239,0.639567740482426,71.9290505901227,138.001159081186,198.540943400033,239.914268206955,289.323772259805,417.26348357224,12648.3989641911,0.999837679882286
"lambda_Ctot_S[1,232,1]",249.727586000622,0.635157189792866,72.5378020179113,138.663040513711,198.087475402052,239.735840039647,288.407934563213,424.2131784216,13042.6652081179,0.999914731753452
"lambda_Ctot_S[1,233,1]",140.848903972665,0.511598112699007,51.5695479078423,66.1718236795513,104.216904842817,131.873413153894,167.845522598313,267.482825862771,10160.8205382016,0.999920861272103
"lambda_Ctot_S[1,234,1]",140.608301125237,0.49375758286045,50.1993686623163,67.2254836655259,104.625557332593,132.076052778032,166.83404870308,261.264460928833,10336.3915837223,1.00007543460282
"lambda_Ctot_S[1,235,1]",140.494499554603,0.486860063439744,49.9583589245853,67.1024514988822,105.572946274596,132.194645693657,167.224767675681,262.997076694738,10529.5066942041,0.999787510251745
"lambda_Ctot_S[1,236,1]",140.96249013919,0.501387978105116,51.202433239074,67.4574531559218,104.557762328118,132.455642323496,167.60759404612,267.361894188312,10428.7766602839,0.999730292826125
"lambda_Ctot_S[1,237,1]",140.650482630654,0.494539704085956,50.2562901759263,67.9412648321309,105.165948012361,131.94736415226,166.709100584086,262.228983233192,10327.1033668741,0.999780082971598
"lambda_Ctot_S[1,238,1]",268.350160669367,0.958245680506715,98.285371556807,127.294839674555,199.15165232924,250.790968062572,319.65358825143,501.212165723976,10520.2007462317,0.999934157996871
"lambda_Ctot_S[1,239,1]",268.243863678957,0.933153237147365,98.0881138799159,126.880151401331,197.78118159109,252.178765801593,318.967061772653,507.26034374216,11049.0981967814,0.999806261301231
"lambda_Ctot_S[1,240,1]",133.726261174869,0.302207090799067,33.5969275600235,80.2100851595211,109.74306285029,129.858696961802,152.825567543982,211.036937870924,12359.1847886499,1.00004484961591
"lambda_Ctot_S[1,241,1]",133.68742435276,0.301167389317962,33.672146758676,80.7821036216722,109.621309310895,129.462828823854,153.088057104793,211.176410944461,12500.4521683361,0.999880171091512
"lambda_Ctot_S[1,242,1]",133.356308169079,0.297057175733703,33.6089247926186,79.9726142417014,109.134476498663,129.166309791482,153.136299256322,211.603047516438,12800.5650913136,1.00021075210463
"lambda_Ctot_S[1,243,1]",133.343933779238,0.303176221652022,33.7529063793796,79.8768556922764,108.953299985633,129.237182424432,152.813362684592,210.556202602662,12394.5874824397,1.00000251302917
"lambda_Ctot_S[1,244,1]",133.889648138978,0.299043067046387,33.4871426970596,80.4596045553939,109.386512498414,129.838218724703,153.694147474506,208.977703355779,12539.7451145259,0.999877688784192
"lambda_Ctot_S[1,245,1]",254.38630291936,0.593392160317559,65.6631531425157,151.168521681033,207.02138484747,245.75852036382,292.068027300965,403.952455533824,12245.0301515751,1.00018399000599
"lambda_Ctot_S[1,246,1]",254.696250283976,0.571923683260518,66.1017838479926,148.177691792343,207.616186323418,247.043353043563,293.612377494227,404.906881413856,13358.2693891729,0.999893123355414
"lambda_Ctot_S[1,247,1]",152.306202116732,0.396187791953423,43.2137119707156,85.4155496438405,121.674081713033,146.207305025324,176.811109619596,253.650184127378,11897.0960427103,0.999901531473109
"lambda_Ctot_S[1,248,1]",152.507802363948,0.428006497897904,42.9414541170661,85.1989396928183,122.175761014764,146.913569255318,176.366936175147,253.367038144886,10065.9036416268,0.999878806722336
"lambda_Ctot_S[1,249,1]",152.176863063275,0.3953378376223,42.5860367943962,86.5057604666759,121.933155414583,146.4767817876,176.420892661223,250.087884173841,11603.7318730559,0.999894291496948
"lambda_Ctot_S[1,250,1]",152.528537675628,0.415154482219226,43.7827954005522,84.8916185764964,121.127544318126,146.41871084949,177.211882175671,253.646688434137,11122.1183159148,0.999680571670594
"lambda_Ctot_S[1,251,1]",152.432583603553,0.393696218215995,42.9239977512488,85.5107142425498,122.122072803561,147.127142660314,176.283476536303,253.174536660182,11887.1526779555,0.999829742383715
"lambda_Ctot_S[1,252,1]",291.371843378178,0.815181656380904,85.937999368009,158.125619712974,229.792373620909,278.474815574166,340.09692812536,491.591169999,11113.7770790628,0.999734529023003
"lambda_Ctot_S[1,253,1]",290.694173747749,0.788740700687653,84.0993746209261,159.018510502381,231.356204980326,278.65493471568,336.40585477758,489.589334980061,11368.8628880242,0.999702741656387
"lambda_Ctot_S[1,254,1]",118.14780206636,0.283668846587789,31.5439983686449,68.8974713564588,95.5586378947511,113.900925662606,136.042011708968,190.814986936501,12365.4577407124,0.999757068702111
"lambda_Ctot_S[1,255,1]",117.944184944684,0.296128685884457,31.3337342879682,68.8037318424724,95.7158830065811,113.977459174022,135.914575357429,191.142601484855,11196.0119607272,0.999838832232287
"lambda_Ctot_S[1,256,1]",117.657206397172,0.28122983173233,30.7506149034594,69.2915459673071,95.4784190476581,113.857331464425,134.966398597639,188.959939811838,11955.9705079812,0.999739805546763
"lambda_Ctot_S[1,257,1]",118.028942398773,0.291686193659231,30.9741500415148,69.3653657233935,95.9344444644795,113.835961638382,135.238387343855,188.844079793476,11276.3111028573,0.999782964460523
"lambda_Ctot_S[1,258,1]",117.833977711074,0.297253740713151,30.6410531574936,69.3157753539843,95.7428877513029,114.013056738649,135.469330392664,190.543873745473,10625.5818081151,0.999743381527257
"lambda_Ctot_S[1,259,1]",224.805805336998,0.554684530939005,60.4825628513987,129.716319040278,181.66154062945,216.721756679516,259.89312562296,362.486286455398,11889.6278698808,0.999836284160203
"lambda_Ctot_S[1,260,1]",225.137344488368,0.573526866418499,60.2974763200731,131.118644080616,181.674663672291,216.83415767914,259.899341646316,365.799075800989,11053.2689498626,0.999667147518531
"lambda_Ctot_S[1,261,1]",137.715748619082,0.382338502630816,40.3562155953944,76.1018210328001,108.927492820589,131.878631163176,160.321942838029,229.554485937037,11141.0159774994,0.999843849256055
"lambda_Ctot_S[1,262,1]",137.580641383587,0.374717520894377,39.9052473391959,77.0002300313141,109.203722664864,131.615641823088,160.166036142205,229.59284258447,11341.0173196387,0.999905897091019
"lambda_Ctot_S[1,263,1]",137.756860534051,0.379994000058401,41.1611262600556,75.30528864023,108.502788583733,131.635683376472,160.089608770174,234.776807329168,11733.3228393713,0.999970087280668
"lambda_Ctot_S[1,264,1]",137.797132743603,0.387262757526501,40.6703461393839,76.4629724222967,108.469814021679,131.545207629484,160.259191675338,231.414567285131,11029.2065526282,0.99979119757951
"lambda_Ctot_S[1,265,1]",137.93886330629,0.386558731497908,41.0260638076581,74.9905571267607,108.665971962757,131.567722127208,161.152503939883,234.067278554592,11263.8984747164,0.999890085718927
"lambda_Ctot_S[1,266,1]",263.227692348507,0.73390136609623,80.7301973471428,141.45062701961,205.281187116285,250.335587679509,307.755337096828,452.748531202677,12100.3138818746,1.00009219590474
"lambda_Ctot_S[1,267,1]",262.871359521062,0.768145420755173,81.3057079323042,142.014773556163,205.897558062017,249.774466422029,306.881634506282,453.081312289772,11203.5376873683,0.999768617491977
"lambda_Ctot_S[1,268,1]",85.8823010494003,0.202390656003985,21.8808032949574,50.7271345334862,70.4754172367429,83.1234884892476,98.5133909560537,136.654599056408,11688.1454569153,0.999906275450624
"lambda_Ctot_S[1,269,1]",85.6402986822741,0.191511765276924,21.0395753435935,52.0748285841461,70.494155779964,82.9968114598438,97.7932997516591,134.610484602813,12069.3260807565,1.00002094179641
"lambda_Ctot_S[1,270,1]",85.752759240062,0.196657093934359,21.7270719163401,51.0682399553352,70.4079562098698,83.0586101303236,97.8732065791767,136.633826857374,12206.2755423112,1.00003695897708
"lambda_Ctot_S[1,271,1]",85.8766688890233,0.195816716595063,21.9585771298409,50.7308181557581,70.3895410241408,83.0170539233945,98.4485321444594,135.740299957018,12575.0251499383,1.00007947038522
"lambda_Ctot_S[1,272,1]",85.7465548214252,0.205518784820754,21.7886545328919,50.966177644574,70.3162981045557,83.0161404537517,98.4247925144958,135.104752242791,11239.7791863177,0.999952122926966
"lambda_Ctot_S[1,273,1]",163.793434019846,0.392019910163817,43.3601362671129,95.1441975398447,133.093656352397,158.207760720057,187.902301665629,265.629941703244,12233.9028419753,0.99992355104131
"lambda_Ctot_S[1,274,1]",164.2882538026,0.390644336805477,43.3242140693483,94.6449084947754,133.157938286668,159.209147907999,189.494500989741,261.975526819102,12299.8076762879,0.999957073405561
"lambda_Ctot_S[1,275,1]",180.729746369685,0.592101575538947,61.0138420433389,91.0250738122461,137.548114834008,171.141741929072,212.719602448617,325.769837598724,10618.5279213252,0.999799239801488
"lambda_Ctot_S[1,276,1]",94.7485445403974,0.239342988175469,24.556783287854,55.7890969667711,77.3152278096827,91.4689570864484,109.123604392322,150.854346991044,10526.9252123218,0.999782317187078
"lambda_Ctot_S[1,277,1]",94.7213691386355,0.236808958525244,24.9751485147393,55.0623722481247,77.1390345805864,91.3360834393381,109.061119895093,152.313086286662,11122.9479074409,0.999982107096315
"lambda_Ctot_S[1,278,1]",94.823967699443,0.223250308432839,24.642995878194,55.5202766165862,77.2123740209667,91.5052224480062,109.369145011843,150.283505147147,12184.3642490713,0.999835574569477
"lambda_Ctot_S[1,279,1]",94.5704628865148,0.231306358849997,24.4752388675867,55.4104904433162,77.0190675860905,91.7075481828817,108.730272134725,151.215100741972,11196.4084609218,0.999988787212997
"lambda_Ctot_S[1,280,1]",180.500187464377,0.44301555962199,48.5397366776907,103.721495201971,145.577190791144,173.682156037557,208.562100502683,291.36259360507,12004.8537165523,0.999823884525981
"lambda_Ctot_S[1,281,1]",180.714661743312,0.464142135260744,48.6979626660175,104.487041167108,146.187795203453,173.813069671034,208.612637509059,294.025815593446,11008.2831827839,1.0000344161025
"lambda_Ctot_S[1,282,1]",136.286480929016,0.291106747353093,34.163276000995,81.62210429846,112.163017059855,132.219707552355,156.01298673787,214.501089167325,13772.5537404317,0.99972116390785
"lambda_Ctot_S[1,283,1]",135.801441313774,0.291203947353215,33.9100095561628,81.41473560958,111.612668711484,131.870526818701,154.733832579597,212.386819228018,13560.0505647964,0.99994345110641
"lambda_Ctot_S[1,284,1]",136.267403567639,0.301868680099174,33.6554164053761,81.4958035724114,112.444419019818,132.599144592954,155.816319249373,211.596813443122,12430.077170194,0.99973171584118
"lambda_Ctot_S[1,285,1]",136.135130637606,0.304825772246864,34.1763596146548,82.3361984182299,112.188605554382,131.8087302809,155.163747719574,215.09003911142,12570.3750705444,0.999844143356255
"lambda_Ctot_S[1,286,1]",136.284561734944,0.302365983799895,33.8371453761275,81.7940693599155,112.294673599284,132.267209184008,155.897993164417,212.506928486556,12523.3803753346,0.999810761951549
"lambda_Ctot_S[1,287,1]",260.569090186227,0.601020996255998,67.3483795930024,153.200489777516,213.290374330874,252.449650989777,298.467891308287,415.036429217423,12556.6854159404,0.999823699673145
"lambda_Ctot_S[1,288,1]",260.490875972797,0.600513793581279,67.7335654460018,152.906089873768,211.92195359775,251.591234057975,299.646767731967,418.795256791862,12722.1906491683,0.999719453139348
"lambda_Ctot_S[1,289,1]",119.515948140269,0.66994349049093,64.0495466144743,39.4573276201408,75.186013452275,105.307985729042,146.778633659818,275.565766136688,9140.20163391321,1.00009177368679
"C_expected[1,1,1]",187.476909483266,0.730631049164327,71.0774236958527,86.0088683553643,136.814866009227,175.27497369489,223.47662721272,360.709833498348,9463.83385182109,0.999949350255959
"C_expected[1,2,1]",77.0872024843944,0.201413339771396,21.8634470721669,43.6809499830923,61.0857077478195,73.9443315336172,89.4606847754473,126.724320271816,11783.1338017214,0.999990333993846
"C_expected[1,3,1]",76.8520546750319,0.188012303831896,21.3040927490484,44.221736376513,61.6114529308842,73.979070451905,88.7976647996145,127.367432617384,12839.6606653009,0.99984347063429
"C_expected[1,4,1]",76.9935266004107,0.190319452143891,21.4422843118761,43.530202995716,61.6171330972045,74.0780033955853,88.9172146011172,126.095162207829,12693.3350190682,0.999764460214225
"C_expected[1,5,1]",76.9919532056335,0.187211370515223,21.3265315736224,43.8132055153054,61.7201073727304,74.2926373990909,88.8936862615197,126.107644201142,12977.0510996363,0.999849953086723
"C_expected[1,6,1]",74.2241974155033,0.18703597960379,20.09551639541,42.870126009825,59.9453194032005,71.4911578744606,85.7241146254517,120.947756776624,11543.7795437296,0.999843116469805
"C_expected[1,7,1]",146.829180779168,0.392877357782672,42.2858385113366,81.3013197053821,116.628471674853,141.017296117097,170.153827971665,244.802579677073,11584.4626335696,0.999741314914504
"C_expected[1,8,1]",146.799569627769,0.401654561930656,42.2899964358139,82.2576265386294,116.328580263932,140.875483265603,170.783147654029,247.544363776462,11085.8727482324,0.999816871459603
"C_expected[1,9,1]",78.5175392688928,0.191038647792457,21.649374101062,44.2264506360134,63.1577657832977,75.9520795621846,90.7126973693017,128.413322967657,12842.4599293946,0.999990364628042
"C_expected[1,10,1]",78.5942583614292,0.189209390019089,21.8407689036568,43.2818499767594,63.2863818675118,76.0923185322364,91.0469702457355,129.418931566648,13324.4863424824,0.999931330057061
"C_expected[1,11,1]",78.8258184887964,0.190535150077363,22.1444622271134,43.9655520762399,63.0143219631086,76.2453841723579,91.0021888997524,129.708261181845,13507.6582182766,0.999981658161611
"C_expected[1,12,1]",78.5531183605116,0.189925235428611,21.8600633256162,43.549552840207,62.9776283093724,75.8535185061254,91.169013650467,129.131885770553,13247.6084826011,0.999800261686868
"C_expected[1,13,1]",78.5429328068658,0.188176268658612,21.6994628874655,44.3744307132962,63.1635548254453,75.5480820999978,90.9631231010452,129.61241838302,13297.4468467548,0.999932902401652
"C_expected[1,14,1]",149.757512247389,0.374599620253275,42.8801443064862,82.4260950699711,119.704084532029,144.503023284425,173.738130344817,250.695691782417,13103.2133060758,0.999953428179117
"C_expected[1,15,1]",149.937524411926,0.389599704035377,42.5351758931459,82.7039105678894,119.947295606987,144.967172172671,174.358568538496,246.297277157708,11919.5327032781,0.999957685669742
"C_expected[1,16,1]",69.194855617652,0.225761983194987,22.6942806696819,35.2771163789722,53.1777652517838,65.6537101154939,81.4637324773493,124.100931099932,10104.8813949571,1.00026089094804
"C_expected[1,17,1]",69.0706444713852,0.212428975392659,22.2011295214432,35.3996875939869,52.9619648615471,65.7474404710696,81.3429709491029,121.219350073938,10922.5145585628,1.00003592926079
"C_expected[1,18,1]",69.1081765605386,0.210566673414502,22.2752059986242,35.5305097858251,53.0335263354822,65.785740716705,81.5429686390194,121.671826300874,11190.878636026,0.99994016286582
"C_expected[1,19,1]",68.8155836744373,0.210517000281634,21.9392650993171,35.3498749457483,53.0364734229907,65.4669573234225,80.9530753930186,119.981601835755,10860.9998024346,0.99984280556449
"C_expected[1,20,1]",68.889714493955,0.211434682210131,22.1906889821807,35.1433915926311,53.0207648291959,65.4686258769207,81.5240821007432,121.266009251379,11015.117099226,0.999871365774506
"C_expected[1,21,1]",131.55725732576,0.40965419177535,42.9938471245774,66.6251602973905,100.985538245886,125.265069990575,155.440270782591,234.322825971904,11014.830272937,0.999742287744336
"C_expected[1,22,1]",131.413632512077,0.429046893953769,43.2587679709093,66.604707737824,100.239185836669,124.568827536533,154.464537651603,235.876223053465,10165.734621895,0.999833417407613
"C_expected[1,23,1]",84.8489304354606,0.210304120166062,24.7760385862702,46.9063155851558,67.2133324934091,81.2877118248332,98.3255286965474,144.042886045853,13879.3195541159,0.999904021984956
"C_expected[1,24,1]",84.5797583479456,0.212276840292388,24.5129183188175,47.2543233864497,66.7064940048533,80.9389417262711,98.0968698688035,143.11687156066,13334.7478203273,1.00014879879435
"C_expected[1,25,1]",84.7245227549716,0.214795613413027,24.4912553021389,46.8660832476773,67.2113161643224,81.1396009670944,98.4646634432763,140.946247713441,13000.8358607043,0.999836944479383
"C_expected[1,26,1]",84.4833635398225,0.2117768784579,24.4117538757474,47.0601071544333,67.1068496095466,81.0828630746541,98.1148555531074,141.321124756012,13287.426649073,1.00022551559505
"C_expected[1,27,1]",84.6779597301295,0.213634002703166,24.7882319268555,46.8146187394093,67.0908641340478,81.3944372964854,98.0563076169627,142.312308394491,13463.263523656,0.999860285274503
"C_expected[1,28,1]",161.388080367274,0.415080757304024,47.5474634153788,88.8959277446316,127.756152402342,154.806931588452,187.418780995187,274.282402320312,13121.6818939627,0.999986253152623
"C_expected[1,29,1]",161.564345057493,0.412826356588586,47.9685886227474,88.0637293966885,127.772316400343,154.620735845037,187.831070123646,274.732397567141,13501.4075648588,0.999881425741579
"C_expected[1,30,1]",116.190389274419,0.476589302516298,45.2135138670383,52.9768053424835,84.7566426438592,107.98200339011,138.142838795551,227.851205765272,9000.11256073308,1.00003550197692
"C_expected[1,31,1]",215.795575489206,0.720411962629359,79.7021885823323,103.322553739443,160.058752545367,201.725136099587,256.37709231001,409.99845831269,12239.9223477672,1.00003390898166
"C_expected[1,32,1]",138.371430605667,0.459962283501256,49.1504653689786,66.7609603982508,103.128461745874,130.338419759795,164.635986156579,255.328635003494,11418.5465214168,0.999863389939253
"C_expected[1,33,1]",72.9555710883357,0.214496196197071,22.781066393645,38.6286896853395,56.7847868793071,69.6196946094822,85.4274540509976,125.834294558298,11279.9950645613,0.999814936145533
"C_expected[1,34,1]",73.1606559627948,0.208539318890285,23.3400341789418,38.0710165695005,56.5223040425644,70.0237011844729,85.8180788613375,128.78929414751,12526.4230207035,0.99977849205719
"C_expected[1,35,1]",139.545421346035,0.407488259362251,45.2174943767724,72.4321987786902,107.50515918969,132.378536941017,163.687407354771,246.742429303238,12313.5360431208,0.999717025563488
"C_expected[1,36,1]",139.44334677088,0.412308634370361,44.8538985721176,72.920501128747,107.114199562724,132.922605880399,163.790070459118,244.998501123497,11834.6531440952,0.999742492861714
"C_expected[1,37,1]",50.859164978804,0.139749191263448,14.7433574058739,28.2631612129915,40.3651538857162,48.9775822617604,58.8972929846087,85.3640049401686,11129.9747981007,0.999884278379756
"C_expected[1,38,1]",50.8391222375275,0.139338353557674,14.8018078754863,27.8740572229094,40.2472352013538,48.7902344336283,59.210724886401,84.7082395413038,11284.6521540269,1.00013145908829
"C_expected[1,39,1]",50.8635869012513,0.14190190314053,14.7312128979162,28.1238452582028,40.4270978624476,48.9518620805693,59.110526353206,85.1357464522915,10777.0667285157,1.00016816123832
"C_expected[1,40,1]",50.8210538229305,0.139695451908445,14.6856196494957,28.4168371185336,40.3992945547853,48.8175362719477,58.7477777089214,85.8317699965331,11051.4692117868,1.00023059788664
"C_expected[1,41,1]",50.8898854168051,0.143639147261014,14.8070297744666,28.3346517789698,40.4127754088738,48.8160840390224,59.1104657012839,85.53159520318,10626.5004015625,0.999974825384
"C_expected[1,42,1]",96.8284390809277,0.272537253198698,28.3962830498122,53.9239586401257,76.7155469734435,92.6772497034088,112.522410855425,163.075834288674,10856.0352289353,0.999881342918297
"C_expected[1,43,1]",97.0025599553617,0.272240862431458,28.6530210554134,53.3248155618513,76.961999885416,92.6014825195044,112.37291726559,165.158526088815,11077.3075613685,0.999832940322182
"C_expected[1,44,1]",50.9436512812771,0.14710998930617,15.6049476093493,27.4603800981112,39.862538616241,48.5932604867161,59.3679064354377,87.9956785572617,11252.2740801394,0.999786382355843
"C_expected[1,45,1]",50.9280543732297,0.155515648575989,15.7031005349429,27.4077481701994,39.8742408343522,48.7457484768434,59.2186551531999,87.5356284599854,10195.8310517918,1.00004524740191
"C_expected[1,46,1]",50.8627305364957,0.149395033255494,15.6091723638664,27.3349819624918,39.8297509922596,48.5139643416465,59.4827175907378,87.1764054580023,10916.6009213976,1.00031801860765
"C_expected[1,47,1]",50.9087370949181,0.150276410952513,15.5491413937804,27.313697231528,39.8522529649146,48.7007871513903,59.134923332404,87.3320354289954,10706.0975696697,0.999896913407914
"C_expected[1,48,1]",50.846527397985,0.146227264359937,15.6835033721119,27.1231759720788,39.9143274388669,48.5705999946571,59.3470699464884,87.6199504255273,11503.4855906301,0.99999369230014
"C_expected[1,49,1]",97.1549570861168,0.29114005011309,30.5753466534333,51.6875360766449,75.0997584486706,92.9626310412717,113.584199116032,168.942199318248,11029.0695244079,0.999982633917902
"C_expected[1,50,1]",97.0372557167891,0.278725144577677,30.3843325281434,51.63567576396,75.1788236364353,92.7637193003139,113.236358716933,167.523508335131,11883.5747392029,1.00003394231205
"C_expected[1,51,1]",24.4804688131594,0.0822878180730934,7.93791301945673,12.3900658092957,18.8770307143801,23.2515470400846,28.7806083848574,43.4208638279507,9305.53994912326,1.00008471416232
"C_expected[1,52,1]",24.5518998133916,0.0830961024619249,8.12693272413591,12.2844603008925,18.7506725760561,23.3750624117844,28.9478813478693,43.6982266902151,9565.155197851,0.999998089562661
"C_expected[1,53,1]",22.4901862534768,0.0799659199977553,7.49488854895809,11.1171438297849,17.0925458573792,21.3700777505026,26.6465775878856,40.1664266580038,8784.56947845348,0.999993305009235
"C_expected[1,54,1]",24.5100898020812,0.0848605526858801,8.14106680237536,12.3358338377974,18.7212441408585,23.2771695085098,28.9159700004476,43.5891727329005,9203.45567253368,0.999997206430477
"C_expected[1,55,1]",24.5832336500215,0.0827863886201582,8.12868935515916,12.2583836954285,18.6997922596043,23.3230272967107,29.0738230089895,44.3017074938833,9641.02431566941,1.00003388172681
"C_expected[1,56,1]",46.7694148789295,0.160414009864362,15.4986126635548,23.5475301980801,35.6435164861311,44.4851604667287,55.1951499053131,83.7151884947201,9334.71492137316,1.00004408216606
"C_expected[1,57,1]",46.7436651718688,0.160740480570409,15.4134098405684,23.5611865831879,35.7436665199876,44.4485851176874,55.2684941504742,83.9656984177573,9194.89825482954,0.999933975587336
"C_expected[1,58,1]",29.1498474705282,0.0824525240117059,9.42901227143186,14.9774255083693,22.433049075463,27.6955427378626,34.2905998567163,51.3925774149853,13077.4928891726,1.00009965567953
"C_expected[1,59,1]",29.0469829794608,0.0867527039401325,9.56142890784911,14.8874895693284,22.2261176352674,27.3988807520543,34.1612470678587,51.8666634246012,12147.294500163,0.999786272784006
"C_expected[1,60,1]",29.0752370567965,0.0857988954095468,9.55188952936714,15.0669401862498,22.2933870335956,27.4796538497671,34.2095161415714,51.5746830318369,12394.1055037428,0.999971896375398
"C_expected[1,61,1]",29.0476891791216,0.085474297959639,9.50749673393703,15.2129778213388,22.3129631692763,27.5072516479307,34.1154920048537,51.5482784227297,12372.6088976011,1.00010019977895
"C_expected[1,62,1]",29.1027923343568,0.0844348700324253,9.43880227187277,15.1664084510175,22.4022885542812,27.487817765306,34.1989515041331,51.6837470942753,12496.549055049,1.00004515421638
"C_expected[1,63,1]",55.3972955146664,0.174202369459397,18.624527233201,27.9868195495674,42.0384593253394,52.0630640503738,65.6218338706729,99.8366499400077,11430.4255423558,1.00028935682215
"C_expected[1,64,1]",55.5427652575762,0.167499058605785,18.3871567915486,28.4113722181934,42.4105601008621,52.5691200611165,65.4997524762989,98.854478164896,12050.4819849913,0.999883519801374
"C_expected[1,65,1]",20.2707736791489,0.0691163410503648,7.21288837806164,9.62015844596921,15.1634571985741,19.2161949392692,23.9138915717978,37.6343708633075,10890.7288357349,1.00011272915204
"C_expected[1,66,1]",20.3081872822054,0.068176825577341,7.26899739570711,9.60864267088724,15.1594657835839,19.1339659719858,24.2068644135835,37.6883066804979,11367.7751462978,1.00005815970076
"C_expected[1,67,1]",20.3072084331125,0.0683571019912717,7.23899255667001,9.67026214367311,15.213210262391,19.0889248631249,24.1603611454962,37.596305888749,11214.7339515164,1.00005250609884
"C_expected[1,68,1]",20.2670341419476,0.0677059772263656,7.21492019095619,9.47000732626578,15.2352791484145,19.1210325896922,24.0239192804078,37.4831219220542,11355.572679101,0.999951956106671
"C_expected[1,69,1]",20.2620001796931,0.0739844309239729,7.26996490187009,9.58792445803321,15.1510162820384,19.0963713275362,24.0745528300021,37.6891518170501,9655.7042060014,0.999982464652958
"C_expected[1,70,1]",38.2896026246459,0.133626395844197,14.8186903977475,17.1381220629383,27.7333162293852,35.7299565044215,45.8278846967893,74.7760722468083,12298.0184271819,0.999932558427865
"C_expected[1,71,1]",38.61429945979,0.135566248499774,14.131105100444,18.0314052512289,28.5321068374566,36.1540701795746,46.0559252159206,72.620803361504,10865.4845058048,0.999886348671461
"C_expected[1,72,1]",23.8292812114429,0.0763895623850184,8.31697827738513,11.5659867997236,18.0043420223725,22.4809415945889,28.1387376503719,43.5232351327155,11853.9499766087,0.999834159324981
"C_expected[1,73,1]",23.7781307520032,0.0744676432719943,8.2629193489382,11.566254407683,18.0146393318463,22.4551205435542,28.05590202072,43.3836985704542,12312.0907605303,1.00020974787579
"C_expected[1,74,1]",23.809900083529,0.0764921005380233,8.26339380009929,11.6008285706086,17.9843161633129,22.4206263793679,28.1906779604005,43.8429425417343,11670.3458248701,1.00001334972067
"C_expected[1,75,1]",23.8130470351195,0.0749942743567194,8.26961030706382,11.5122950201186,18.0113537962469,22.5549199679983,28.1268005677873,43.6243632912969,12159.4484145226,0.99979312692138
"C_expected[1,76,1]",23.794159751703,0.0740025726265806,8.36379470177758,11.5520490641493,17.821109397562,22.4415301581585,28.2287503842496,43.9892230404099,12773.5935353133,0.999810949634059
"C_expected[1,77,1]",45.3037640550126,0.137768888036556,15.8360582954115,22.1152652547173,33.8579015718685,42.8907696973781,53.7997146928535,83.5557280047969,13212.7092205259,0.999843546382008
"C_expected[1,78,1]",45.3338419692732,0.143186980464933,15.8844375200451,21.9722450270673,34.1323561145335,42.790732822616,53.7313362142843,83.5338788614234,12306.5584853182,0.999957393373972
"C_expected[1,79,1]",27.0961030839899,0.0883850405452465,9.31109866816933,13.2329650596491,20.4469442770919,25.5554116140265,32.1588563790067,49.2362996204098,11097.9899366444,0.999922066588597
"C_expected[1,80,1]",27.2118558102656,0.0905207559543084,9.49187943539161,13.4008324212008,20.370647098097,25.606007001458,32.3676689050064,50.0894878039368,10995.3252875284,0.999819047346819
"C_expected[1,81,1]",27.2148649326009,0.0888082922905265,9.40204527241275,13.3688832585602,20.5007340240096,25.6875985579096,32.3973576824458,49.7134165228744,11208.2455804,0.999783680533226
"C_expected[1,82,1]",27.2004039727241,0.0924718437361356,9.47118388171989,13.4265385750276,20.4690157951738,25.6116132837229,32.2985925276322,49.9214223351269,10490.338527006,0.99999384697807
"C_expected[1,83,1]",27.1219123957097,0.0907370690108806,9.39854276803757,13.3111100224663,20.3437430727873,25.6649056982626,32.129735317931,49.7140653626797,10728.8099158035,0.999872607827167
"C_expected[1,84,1]",51.7156289549712,0.173151258969139,18.2281118265374,25.024512237111,38.8877138894463,48.8398806164984,61.2289023424619,95.3501416666547,11082.3550892001,0.999873176323512
"C_expected[1,85,1]",51.9552372325657,0.175006581345426,18.4188035555181,24.9712797896311,38.8933436312277,48.9228823261011,61.868495119757,96.2241194304564,11076.7937588541,1.00009642753781
"C_expected[1,86,1]",37.010545768168,0.106047568527758,10.4564646695361,20.7894395962585,29.5188975372993,35.5354025579719,43.0691919615569,60.7876488494072,9722.28433059604,1.0001582125132
"C_expected[1,87,1]",37.0044748444347,0.103130030254479,10.3936258008412,20.9436501828066,29.618968225547,35.6086151220415,42.8533166721299,61.646023482882,10156.9628417331,0.999843656909158
"C_expected[1,88,1]",36.8829055805279,0.105728127068603,10.4024259397038,20.8272434255756,29.4626601638326,35.3755285302518,42.6561797481698,61.4778458937868,9680.28596930103,1.00024233839258
"C_expected[1,89,1]",36.9953484400209,0.106895044540313,10.383065881919,20.7860436485595,29.630279478925,35.6245066374572,42.8874840400937,61.6302312307962,9434.87333839118,0.99988342983812
"C_expected[1,90,1]",38.3659276961548,0.109261802286127,10.2507159532181,22.3623865727266,30.9646018651181,36.9348064662806,44.3216533712079,62.3489449019845,8801.80370555318,0.999837157856683
"C_expected[1,91,1]",70.7151805348171,0.212871264613019,20.5308124162592,39.0263444576126,56.0132971966629,67.7317114917333,82.3232286693069,118.981204427566,9302.03971936195,1.00027926735668
"C_expected[1,92,1]",70.4367614718924,0.21091911041743,20.1026291101787,38.8722377425055,55.98429010898,67.6255171515805,81.8068443351382,116.226198822991,9083.93165876279,0.999902892835544
"C_expected[1,93,1]",20.3028926428448,0.0574636486085146,5.8483956007907,11.1758143395255,16.103532932174,19.5404099279162,23.652998041889,34.0049834054479,10358.2666820492,1.00032916174829
"C_expected[1,94,1]",20.311006904004,0.0557649584631563,5.91237012244327,11.1156363166845,16.0803121902595,19.5740727783493,23.5270466020999,34.1708062841316,11240.883872776,1.00000843569371
"C_expected[1,95,1]",20.3013371095973,0.0565979404039254,5.82009006944962,11.2449798654489,16.1828752772661,19.5048978263604,23.5696640299691,34.0442151619652,10574.4589667042,1.00015082557012
"C_expected[1,96,1]",20.2602562406957,0.0555494762474544,5.84932037742044,11.1170427161223,16.0555513715195,19.4825739846441,23.5865590261395,33.7739074009995,11087.9403558081,1.00016963155638
"C_expected[1,97,1]",20.3368892985429,0.0563568779114664,5.87285766012461,11.2441616507641,16.1855225031576,19.5186386427361,23.5760188497478,34.0838506700947,10859.3816957141,0.999982262522865
"C_expected[1,98,1]",38.7306487740522,0.104927127182994,11.2218638770892,21.1000794786667,30.7680666987506,37.1246144083895,45.0463230727723,64.7352758887507,11438.1141887411,0.999951680581746
"C_expected[1,99,1]",38.7177795417693,0.106851767919802,11.4471565840859,21.0809121886538,30.5733345356191,37.0373950486932,45.1018330211541,65.2130794903186,11477.0909348422,0.999811141262158
"C_expected[1,100,1]",24.7615911314441,0.0630661039380305,7.18264259314644,13.7334574081003,19.6604694640648,23.7918255906677,28.7270845574314,41.4917957948059,12971.0910746872,0.999733574565616
"C_expected[1,101,1]",24.8810549074053,0.063322721087371,7.2000197521845,13.6975061667154,19.7659379435561,23.869354747835,28.8806899500662,41.3067807302428,12928.5029168659,0.999810336099357
"C_expected[1,102,1]",24.8570233684799,0.062954200610218,7.25207584151588,13.667645193688,19.6738106052267,23.8392599730595,28.9741174128009,41.7562601122204,13270.1321325482,0.999729119136992
"C_expected[1,103,1]",24.8028970615189,0.0647127535057038,7.13756477174639,13.628004461372,19.7384728329316,23.8127443187838,28.7878668920931,41.5197374234163,12165.2311744162,0.999751541603464
"C_expected[1,104,1]",24.828360070372,0.065058888196039,7.25155326268643,13.6708681326057,19.7170776095658,23.776714353761,28.9036802692963,41.8616332583484,12423.6385567976,0.999730424336816
"C_expected[1,105,1]",47.390783415879,0.118982943682694,13.9275370285708,25.7316532275117,37.5401478518191,45.5565751782728,55.1589478841309,79.794384791543,13701.8505074684,0.999665755064422
"C_expected[1,106,1]",47.3837246705257,0.125025515245845,14.0629867220922,25.7692384459435,37.2764115768051,45.4062541789293,55.2922214193567,79.9097021830706,12651.9605016517,0.999827559235105
"C_expected[1,107,1]",24.8309864329305,0.0649541392189501,7.19640539782576,13.6567068570832,19.6072001466394,23.9242953825931,28.978565218558,41.5505462870564,12274.8891156093,1.00005342864798
"C_expected[1,108,1]",24.8030461410954,0.0660947308055731,7.2782943542734,13.6445411134417,19.614678233027,23.8038648837958,28.8172082798336,41.6296291255575,12126.2231264375,0.999909244769379
"C_expected[1,109,1]",24.7876816420812,0.0650170220840162,7.16548459397764,13.6119257128682,19.7360410228721,23.9142294547197,28.8176696949453,41.6110333981288,12146.1037130077,0.999855473817107
"C_expected[1,110,1]",24.8134031296972,0.0631517738657887,7.22430390397427,13.6619586348041,19.6647159102278,23.8212067830608,28.8499768618367,41.530030023651,13086.4215600329,0.999903518799512
"C_expected[1,111,1]",24.8149180120106,0.0680787820849599,7.23579548679737,13.5701766923524,19.6260352182303,23.8402229774699,29.0015308826476,41.2265437159754,11296.6327816437,1.00000324319546
"C_expected[1,112,1]",47.2375179178973,0.126389555285579,13.8361211306851,25.9594914202216,37.3687833256908,45.1832220610873,54.885618513728,79.6308128907694,11984.1252531912,0.999893440287888
"C_expected[1,113,1]",47.3246519133694,0.128338812585624,14.0220139728211,25.8370742260498,37.2660748341523,45.3834140515882,55.146842727281,80.0399258340983,11937.262868311,1.00019848017608
"C_expected[1,114,1]",57.7011267666214,0.152257738847687,15.9497086216359,33.2302172852773,46.4806754862681,55.3324039114797,66.5038097147954,95.0574732876271,10973.5401075705,0.999908030454516
"C_expected[1,115,1]",57.7597557400863,0.149829649560977,16.0264791270831,33.2974279573607,46.439996182306,55.4501443190441,66.6264236917538,95.2214705963159,11441.4407789544,1.00008633023146
"C_expected[1,116,1]",57.660977043069,0.146418799343408,15.8365329301989,33.3520881422261,46.2469893568514,55.4650620550641,66.4479690929138,95.3674078305388,11698.4018014034,0.999999824333341
"C_expected[1,117,1]",57.6811820506191,0.149482676604781,15.6041173445901,33.1923116141359,46.4909503329161,55.5500066268655,66.6002680081022,93.6312035633879,10896.7423915868,0.999853122034739
"C_expected[1,118,1]",57.7396706870066,0.143311154340987,15.9227416397029,32.9514771861561,46.2927626954741,55.673211172882,66.7715243704772,94.2383409176842,12344.5626574887,1.000043805458
"C_expected[1,119,1]",110.152793827902,0.287454053469296,30.6405212231347,62.5656703914603,88.4451645743348,106.305756682548,127.083294519129,182.019674846871,11362.016699977,0.999736209016695
"C_expected[1,120,1]",110.03060537868,0.286532425437739,30.8386391729222,62.2899896764961,88.0798708336615,106.102212758445,127.197884165881,182.136273310938,11583.5815113606,1.00007709484768
"C_expected[1,121,1]",53.9491830031745,0.14133147470568,14.3156963802607,31.2582418956908,43.8506318369243,52.1203987346455,62.2076705301761,86.5686420652303,10259.995651171,0.999859215841989
"C_expected[1,122,1]",54.1449190872999,0.142398015087611,14.6997494154794,31.2629584107895,43.7137667900807,52.2234938408869,62.2483134776474,88.4747692632435,10656.4362608003,0.999869818037871
"C_expected[1,123,1]",54.0429043169135,0.137553927787661,14.5820451049455,30.9289583807427,43.7031415463329,52.0480819407168,62.3631706567858,87.258269296784,11238.0479956069,0.999857611389148
"C_expected[1,124,1]",54.1867850513385,0.139996526036331,14.4997961567316,31.0229388038701,43.8479837164525,52.4568463067856,62.3177259058212,87.5075721807653,10727.2715806017,1.00004739548923
"C_expected[1,125,1]",54.020186457712,0.135496900114956,14.1988003180511,31.4218559487077,43.9252689053909,52.1916935123577,62.1845152125447,87.3026897695452,10981.0680802042,0.999974646142068
"C_expected[1,126,1]",103.013005012773,0.268101126299709,27.881896739793,59.1956655110191,83.0749710788265,99.2753237876192,119.128566398992,167.083461000943,10815.5186860849,1.00000151765515
"C_expected[1,127,1]",103.270627695795,0.276554177253438,28.4577045242755,58.5063075498802,82.6827968295291,99.4043082132188,119.783736004812,169.994054141741,10588.6181307726,1.00009171790172
"C_expected[1,128,1]",71.2471510401343,0.216619698873263,21.9489787513695,37.5485048794147,55.4317430283872,68.0575721725367,83.5812058189548,122.829456502864,10266.7441771952,1.0004873144898
"C_expected[1,129,1]",70.9115296934896,0.210228605192655,21.6806051385242,37.7351886263757,55.4850529045116,67.712760565834,83.0785588934654,121.092199633816,10635.5311008832,1.00048544841659
"C_expected[1,130,1]",70.9639920483053,0.219203901061853,21.7257768908554,37.6445707658091,55.5352275978978,67.9043064136682,82.936780699406,122.512341053792,9823.22457893517,1.00046164606865
"C_expected[1,131,1]",70.9079242091044,0.216265435639285,21.9632679413525,37.9707685111489,55.2766802807818,67.4815381128358,82.9773865477005,122.318737774374,10313.8233982208,1.00041372041691
"C_expected[1,132,1]",71.1216768915883,0.211870357740385,22.0030506297872,37.6752661123516,55.5111851861459,67.8677242131007,83.1001652239788,123.043781230713,10785.1303004384,1.00044296043327
"C_expected[1,133,1]",135.494646078512,0.415950668134498,42.3981427740572,71.6993403516535,105.275673406746,129.433724563997,158.398266296314,237.755444114123,10389.8676052543,1.00052082769185
"C_expected[1,134,1]",136.053336711599,0.437968001879591,43.0552141179017,71.8232949917958,105.668114074054,129.963100180782,158.847563337354,237.690878730787,9664.21855416653,1.00048222454578
"C_expected[1,135,1]",96.6329844111412,0.252900783007576,28.4654916176513,52.5013202588641,76.3540700081511,92.4355057318537,112.530531659296,162.665025344055,12668.8452009841,0.999905721452643
"C_expected[1,136,1]",96.3916276144063,0.255798187747792,28.3075790317188,53.2591240196449,76.0986654301142,92.5446162404082,112.141445095408,163.175738870011,12246.4589296806,0.999769834880408
"C_expected[1,137,1]",96.4119897807713,0.257923077075066,27.8978333506097,53.3025964633573,76.545768989913,92.4973556062496,111.974797527587,162.93551375436,11699.3180765471,0.999781910250653
"C_expected[1,138,1]",96.5050445066604,0.259592746669725,28.4259953293188,53.8940679845035,76.1296378372075,92.351799343219,112.468933980859,163.820179862529,11990.7473827202,1.0000718867923
"C_expected[1,139,1]",96.5366926677068,0.261648935235005,28.3472071186272,53.6179911135389,76.3312352706846,92.3971577060663,112.351252716611,162.705379023289,11737.6893233053,0.999864124149111
"C_expected[1,140,1]",183.176566195641,0.473411001509338,53.6144241154161,101.034316746133,145.251766124387,175.797655452408,212.648950939761,308.814699539672,12825.8630567756,1.00012041092415
"C_expected[1,141,1]",183.86297685092,0.475911665733246,52.8866317900954,102.665786332335,146.073166246861,175.88953462165,212.954952106047,307.570487378571,12349.2083133508,1.00013640412846
"C_expected[1,142,1]",82.6950183281724,0.235221810945809,24.2226683857861,45.5829545713253,65.4710075111286,79.2273918209497,96.2499179742078,138.383719067484,10604.4656280341,0.999879011056164
"C_expected[1,143,1]",82.4392219161622,0.230900380613823,23.9476002547717,45.281760115733,65.5722104389974,79.1625603228222,95.5543838735808,138.39753951808,10756.5921608248,0.999756365295627
"C_expected[1,144,1]",82.4565428814893,0.231408274377389,23.9405090390679,45.7448359119708,65.5505009379071,79.4094040719796,95.6447252656729,138.518769666918,10703.0854636956,0.99974488658099
"C_expected[1,145,1]",82.5075674443422,0.229766462448007,23.8258498351351,46.3400205850221,65.4309150763568,79.0188686646891,96.2107179959355,137.274723180271,10752.8484518782,0.999967560931446
"C_expected[1,146,1]",82.6193283374767,0.239414023076658,24.2463341453406,46.0667964127794,65.2164714528089,79.1102231591283,95.9860949167793,139.747748135077,10256.3540177871,0.999830657097132
"C_expected[1,147,1]",157.540001168921,0.46237446308461,47.0517076878083,85.8157043071726,123.701484984082,150.757880372981,183.864098227343,267.823772952873,10355.3099022707,0.999786016508805
"C_expected[1,148,1]",157.638878905965,0.465907113948699,47.5214424590061,85.4892407261575,124.324423891229,150.461898754497,183.732919016792,270.289835552166,10403.5257361769,0.999674658300845
"C_expected[1,149,1]",67.3689202359844,0.153098091695394,16.5566989278736,40.9794726256003,55.4357357385993,65.5902036029835,76.9756839906608,105.573684704788,11695.2079459999,0.99965906077499
"C_expected[1,150,1]",67.3466025039455,0.153121016933521,16.3184192833783,41.4257570644929,55.7594267697772,65.2860747067547,76.8094999382778,104.546098477907,11357.5999072839,1.00001214833114
"C_expected[1,151,1]",67.3672932602865,0.158865070346609,16.504788441339,40.9818195743329,55.6793047642797,65.2802746181868,76.8361623104071,105.801887730404,10793.5196127514,1.00007850520119
"C_expected[1,152,1]",67.3122332919583,0.150908378540431,16.4020545809754,40.6899297463678,55.718768200226,65.3371926468837,77.0179325445322,104.30288636284,11813.2610180444,0.999739963620774
"C_expected[1,153,1]",67.4451607623449,0.154016822522758,16.7480230882489,40.3926937360874,55.5508866793256,65.4506814286925,77.3890054520117,106.183459760271,11824.7177504828,0.999889155617756
"C_expected[1,154,1]",128.609644508317,0.299587219723256,32.6162237729786,76.3922385781951,105.425727733707,124.89187579672,147.602532695451,202.398450439252,11852.7954862305,0.999858621181155
"C_expected[1,155,1]",128.411446779402,0.291375893092739,32.5641618377008,76.3361274604338,105.21568738929,124.562992630169,147.603536167044,201.899186286155,12490.2914827297,0.999662752470938
"C_expected[1,156,1]",56.48973395988,0.293747568938869,22.8841568698925,23.5149336914473,40.2992882856171,52.7439219096111,68.0120805657131,112.058065395992,6069.05775262179,1.00029437902162
"C_expected[1,157,1]",56.7825966739353,0.302698073278349,22.9476674591854,23.9629799154821,40.497898562432,52.7193550320792,68.3817166352349,112.585056201675,5747.21947541085,1.00012290267481
"C_expected[1,158,1]",56.7205330103647,0.30562607964587,23.3140562522648,23.2905318582776,40.4342566432656,52.6175225606776,68.4712020058845,114.686867980346,5819.08711285737,1.0000612022375
"C_expected[1,159,1]",56.6470718952206,0.29351913114591,22.9973557139264,23.9878555662971,40.3275612190093,52.4501004078318,68.5207443552469,112.166831555886,6138.79285772986,1.00020267009833
"C_expected[1,160,1]",56.6501103962959,0.301657686054134,23.2222985745539,23.610624860651,40.2331214111332,52.614962137497,68.1375148316616,113.744132335186,5926.27251735383,1.00012819154614
"C_expected[1,161,1]",108.42830521489,0.603994425885491,45.5372044843956,44.352709656856,76.9656190617684,100.142169388528,130.878167445654,219.515998668996,5684.16754361536,1.00021644583023
"C_expected[1,162,1]",108.035355830269,0.574398062147675,44.4895817987352,44.6571003101577,76.6034129438931,99.9781206608477,131.129299044862,218.803287884919,5999.1637270119,1.00022458257575
"C_expected[1,163,1]",97.0080777812276,0.228053967454399,23.7142036145744,59.1601048012084,79.9636875370279,94.1483737389148,111.049722118502,150.819826877725,10812.8909938665,1.00008453727074
"C_expected[1,164,1]",97.0889028141352,0.219898589547195,24.0977773428522,57.9680459648838,79.8697107030895,94.3483326466108,111.128520748999,151.064339074503,12009.0620021964,0.999981189469792
"C_expected[1,165,1]",96.8007457438614,0.20795159404295,24.1357006665589,57.8546139233503,79.3457692939506,93.8303550765526,111.409479793538,151.382595068467,13470.8597485847,0.999678401386278
"C_expected[1,166,1]",97.0284214518763,0.229741878304381,24.3632297188771,58.4039798713739,79.8856746692645,94.1341041085163,111.304498222201,153.111219072269,11245.7748802603,1.00013382456571
"C_expected[1,167,1]",97.1115460700939,0.222995044814951,24.0938791931503,58.2938260454224,80.1489505054615,94.3808235327107,111.041997056448,153.077002919775,11674.0898504362,0.999819300567394
"C_expected[1,168,1]",184.655748621653,0.439556657489349,48.2819943898594,109.41430886382,150.837651286889,178.109215126451,212.100117695048,297.496615435159,12065.3709276908,1.0000621361765
"C_expected[1,169,1]",185.119550779496,0.420206678567523,48.0372477512835,108.849235150532,151.065700408203,179.033383665883,212.146335546714,295.953137329693,13068.6381352271,1.00001860926316
"C_expected[1,170,1]",90.3645332559238,0.220508094175715,24.4629117151842,51.6934399212346,72.7536904593969,87.2328438425728,104.601491570387,147.463786451582,12307.4257543877,1.00002097702288
"C_expected[1,171,1]",90.4816287300714,0.220367545766219,24.0211463245911,52.6138709380607,73.172561130681,87.3531169969011,104.456807283927,146.292887930459,11882.0722159372,0.999959871554233
"C_expected[1,172,1]",90.0755183540975,0.224994413098486,23.7134460836136,52.830370757484,73.015208180085,86.9156532367704,103.568677689259,144.79293402902,11108.255844797,0.999924238902917
"C_expected[1,173,1]",90.175360656425,0.228568423133469,24.0813817194619,52.1257261080056,72.8488735477623,87.1333806251935,103.994407985341,146.038091826108,11100.1881290038,1.00014291474242
"C_expected[1,174,1]",90.3174577794454,0.22884881552319,24.4116617694187,51.7896196252125,73.1437562962477,86.9309142736186,104.162614263555,146.568354026721,11378.8232169247,0.999882451898849
"C_expected[1,175,1]",171.222336972392,0.509816277371201,54.1997719969109,90.6772982418619,132.823869962043,163.005973940738,200.281920557762,301.884387129683,11302.3180485725,0.999886820185991
"C_expected[1,176,1]",171.56961530512,0.521612365568177,54.2720440346643,90.0071855259697,133.056587757676,162.673556701118,201.232415307736,301.062393283598,10825.7152694862,1.00009447856771
"C_expected[1,177,1]",145.835724285869,0.817843263880257,73.3087785292911,50.6394916927837,94.4704447928433,130.231634501797,178.833741774497,330.059859583349,8034.73957344275,1.00006066395854
"C_expected[1,178,1]",76.3673975140565,0.394989851754051,34.4532522408736,29.3829826811289,52.5475233306186,69.9696631355521,92.7200224237083,161.321586234398,7608.31652576779,1.0004228460661
"C_expected[1,179,1]",76.4318600386871,0.383476916084988,35.1587687318675,29.556030113016,51.8024568491595,69.9825082762517,93.1211531844708,163.801736909731,8405.98988158767,1.0001713223875
"C_expected[1,180,1]",76.0816409271032,0.380333500267645,34.8144148830795,29.2408243140094,51.5942537462697,69.4112291887446,93.1507390248337,159.448754808934,8378.93922496466,1.00028035342572
"C_expected[1,181,1]",76.412206624213,0.39038531585772,35.3630462148123,29.2020852038983,51.8227431495115,69.3912557117729,93.3297274284385,162.967988935588,8205.63868770903,1.00026332544348
"C_expected[1,182,1]",146.015177515563,0.784369114260932,68.238336589537,54.2728705557455,98.6260037717556,133.285877709929,176.790917523196,314.948493831993,7568.60594945153,1.00041635563324
"C_expected[1,183,1]",145.891631142746,0.765344660652332,67.2096798770835,54.5364680215084,99.4383548199511,132.994500300097,177.73564689771,310.392382340968,7711.68959233425,1.00018249489945
"C_expected[1,184,1]",58.7630859509794,0.155067772123793,16.8495843860179,32.6961414122149,46.8365220060279,56.5866697848466,67.9317715342154,98.2897009215619,11806.8838583776,0.9997728783704
"C_expected[1,185,1]",58.6272130434919,0.157874896540675,16.7784027227553,32.7680730937739,46.76705143071,56.3149831787456,67.8514908570371,98.1109667425624,11294.7096396906,1.00022272422128
"C_expected[1,186,1]",58.6392186925384,0.152684607517326,16.4374866873859,32.8155467238522,46.9044192107716,56.695704925157,67.7979824573643,96.5986013611309,11589.9166874255,1.00001478893818
"C_expected[1,187,1]",58.7921597487076,0.153505292006157,16.7824936075009,32.7993124888323,46.9448977113936,56.4377474685878,68.1550938075419,98.1008478033788,11952.7070816511,1.00009510462973
"C_expected[1,188,1]",58.7296563638428,0.148356918026212,16.6681287821439,32.3965019149319,46.8308675734215,56.3708474129296,68.0713140841191,97.947651079154,12622.8694071009,1.00012345020402
"C_expected[1,189,1]",112.58505074046,0.291666382861562,33.1103141400713,62.03899292978,89.4596507720728,107.781411726547,130.030073112811,189.590017630637,12887.060014366,0.999806952288688
"C_expected[1,190,1]",112.057309733557,0.284098159917695,32.7039475585536,60.7541090490541,89.1844133359465,107.287186264229,129.989136955525,187.265159219698,13251.4534027868,0.999892671318566
"C_expected[1,191,1]",88.930849429294,0.454571882172554,41.6455178455566,33.3848820869404,60.1379276885946,80.8423547545821,108.286716924144,193.139608559104,8393.27390671372,0.999847146291408
"C_expected[1,192,1]",88.9292381537402,0.456009000279599,41.755091166642,33.5803759853233,60.0624327735633,80.442560968788,108.762875728919,193.075148402028,8384.40104817651,0.999649091374597
"C_expected[1,193,1]",89.0024502669096,0.446226187755686,41.4960021161825,33.6445196034301,60.2332319227544,81.134057067943,108.536724665643,191.594988435693,8647.73566011279,0.999864689531373
"C_expected[1,194,1]",89.2189375269076,0.459810781638223,41.9894921599597,33.9861492118328,60.0943327928882,80.8841747051496,108.426389526051,191.50499198975,8339.17222980289,0.999773349116065
"C_expected[1,195,1]",89.0489312445994,0.455964676025097,41.9645952573411,33.2061514764305,59.6980257409159,80.225176459629,109.23241683127,192.174812279748,8470.39532485143,0.9997792121478
"C_expected[1,196,1]",169.51001306074,0.861935869876042,79.9302687503529,64.4662375273303,114.228368534866,153.3276040713,205.318383501149,371.708416757407,8599.4888452005,0.999862866738851
"C_expected[1,197,1]",170.433392335213,0.977916929843478,90.8223941162406,56.0037829266425,108.79423445549,150.52651960303,209.763665967378,400.232151284163,8625.45397761462,0.999893742494633
"C_expected[1,198,1]",127.048250742295,0.370454311032391,38.8587141897344,67.8232598889863,99.3674560219494,121.230269518387,148.25911359021,218.661250032636,11002.9096238473,0.999766267963915
"C_expected[1,199,1]",126.876042480072,0.341212492968545,38.3830801192227,67.9954700119892,99.4154414914799,121.084404127094,148.927620966763,216.81297577767,12654.0573222728,0.999980831988938
"C_expected[1,200,1]",126.944304775873,0.37169913969665,38.7554063637158,68.8199349111039,99.2672183974649,121.177721123637,148.27455102514,217.484115229373,10871.2999398256,1.00004986283679
"C_expected[1,201,1]",243.900529767506,0.878950149195801,94.9775559372701,110.902221880651,177.298251798579,227.252619405411,292.828673135631,473.59618898218,11676.5217047336,0.999934710155906
"C_expected[1,202,1]",126.477571039628,0.347261145303522,38.4617570340639,67.7026260722326,99.085453361992,120.785988952716,147.849455850485,215.803879023414,12267.2115160634,0.999990426231129
"C_expected[1,203,1]",241.745102168374,0.67799241795738,74.5308901436617,130.240593185388,188.829069931867,230.56281414178,281.067116202953,418.174172450976,12084.340170708,1.00004966572038
"C_expected[1,204,1]",241.692065984898,0.670983373025148,74.2040471160281,128.84760217946,188.98861483653,231.897466320119,282.458487936634,418.625621135704,12230.146746245,0.999914718651908
"C_expected[1,205,1]",121.204544953414,0.578286734368249,57.4238163904303,45.3517149461606,82.146957960791,110.043478961318,147.708793185846,261.222943840232,9860.47065389376,0.999978416251436
"C_expected[1,206,1]",121.370626076167,0.629425340016669,57.5207371342135,45.0019854418293,82.3105097734322,110.467285417848,147.6209520513,262.051492518788,8351.42219701686,0.999827502017882
"C_expected[1,207,1]",121.358277501649,0.620123173634656,58.1149461260915,45.0174130248397,81.872598545628,110.130978652001,147.463890596338,260.742564587533,8782.53232887859,0.999992872230442
"C_expected[1,208,1]",121.215099210865,0.601773951319993,57.3478512392211,45.7814352670907,81.891933532266,110.343120319629,146.684548981012,264.587991840078,9081.70792551284,0.999911489070262
"C_expected[1,209,1]",121.13010305944,0.608731397329172,57.4079804205727,44.6004618382924,81.7865810131649,109.912400656952,147.127922918901,262.707867053125,8893.91824135457,0.999995073107624
"C_expected[1,210,1]",230.749591617127,1.17333516184952,109.886574908471,84.4402507629283,155.180345689182,209.836538471764,278.763286238886,499.536506803691,8770.9190492739,0.99986970754204
"C_expected[1,211,1]",230.510236308794,1.12537074783129,108.664732085934,85.6411147467562,155.58758022084,209.878155204827,281.064469643897,502.650082487506,9323.65044193801,0.999955123982475
"C_expected[1,212,1]",115.765932912866,0.357196113677146,38.2755065460216,58.3211769742921,88.1885475916861,110.531716911637,137.260858195875,203.043083381802,11482.2882127912,1.00011360174376
"C_expected[1,213,1]",115.471922849061,0.358415684788077,38.1169346734689,59.2345382921648,87.8981364043807,109.323133723542,136.470833248866,206.146472020886,11309.9822189688,1.00000793416276
"C_expected[1,214,1]",115.525705479447,0.377555976583483,38.5233423568556,58.1748513766759,88.1312852042358,109.425554899144,136.463597317947,207.063694970623,10410.8268095107,1.00007879661987
"C_expected[1,215,1]",115.550238949566,0.359711915177258,37.9836761697017,58.8100158472401,88.3410867092442,109.798353957165,136.399549810898,205.513722498833,11150.2432514396,1.00013624821699
"C_expected[1,216,1]",222.146840070409,0.982161682858715,93.0060191092522,93.8295425295167,156.183564607647,204.547555348799,268.377920608995,447.375812713334,8967.18516817567,0.999802072284427
"C_expected[1,217,1]",219.515860975361,0.700758847017559,72.012384654466,111.876690117128,168.105988978443,208.098023571072,259.098310411558,389.917459761403,10560.323112033,0.999905946038447
"C_expected[1,218,1]",219.652677938428,0.674266360720581,71.7418748953085,111.690356943116,168.478602834234,209.06268223149,259.724758979523,386.063406534365,11320.9392064394,0.99984902619705
"C_expected[1,219,1]",122.703531834973,0.605893392287099,57.6559764335295,44.9503835747847,82.474564617594,111.605841038305,148.937007328915,267.210614214978,9055.16212991365,0.999724317852882
"C_expected[1,220,1]",122.767813887036,0.606227096992584,57.7101344211522,45.6365839297917,82.0020062086685,112.087174272964,150.057619503226,267.953003713691,9062.1966649253,0.999847717755483
"C_expected[1,221,1]",122.504754538592,0.609500039376276,57.7819980180553,45.3022167503897,81.8673626975082,111.208750209767,149.630760727619,269.239993087759,8987.47373198265,0.999757658994193
"C_expected[1,222,1]",122.534384772409,0.602355430195049,57.1953801921115,45.3663706874294,82.6168894206812,110.713364067861,149.448829742129,269.321476563682,9016.04857267089,0.999746793202208
"C_expected[1,223,1]",122.793122033919,0.60290276941838,57.806056997927,45.29135159262,82.1054422621914,111.03258490576,150.362076056595,265.555250184137,9192.89153445017,0.999785856259986
"C_expected[1,224,1]",233.439378971958,1.1480251708817,109.402540337354,86.1047684344622,157.046426858226,212.475885346961,284.342621491579,507.496403316503,9081.38300824513,0.999694541597126
"C_expected[1,225,1]",233.314427561671,1.16153292318437,109.068208790363,86.3724599445721,157.960890318093,212.057133078528,284.379428415181,514.422055306403,8817.25321843128,0.999818756814414
"C_expected[1,226,1]",131.065419725152,0.352696436933059,38.9950276166825,72.6567444061296,103.741020476418,124.97209993343,151.734753341928,224.073104046084,12224.0838408071,0.999958993915007
"C_expected[1,227,1]",131.003592881103,0.350084968647337,38.0308582710066,72.3101235941283,103.804013317331,126.018072149012,152.062902204445,218.520283484895,11801.1770171027,0.999910158005811
"C_expected[1,228,1]",130.925595231563,0.345097889998641,38.574368992306,71.8675246620821,103.519547641949,125.532058939743,152.362054976968,220.937415188698,12494.3323252086,0.999799656461525
"C_expected[1,229,1]",131.152184720492,0.350468060049132,38.6065319523199,72.5208625271187,103.44646620747,125.606460206818,152.199654343929,223.908660491629,12134.5783917449,0.999937234580392
"C_expected[1,230,1]",131.136835436489,0.348558495205048,38.7509551886442,71.9313474283146,103.581040782086,125.747074327086,152.599588386648,222.391787299602,12359.8579690341,0.999888168233706
"C_expected[1,231,1]",249.462804753239,0.639567740482426,71.9290505901227,138.001159081186,198.540943400033,239.914268206955,289.323772259805,417.26348357224,12648.3989641911,0.999837679882286
"C_expected[1,232,1]",249.727586000622,0.635157189792866,72.5378020179113,138.663040513711,198.087475402052,239.735840039647,288.407934563213,424.2131784216,13042.6652081179,0.999914731753452
"C_expected[1,233,1]",140.848903972665,0.511598112699007,51.5695479078423,66.1718236795513,104.216904842817,131.873413153894,167.845522598313,267.482825862771,10160.8205382016,0.999920861272103
"C_expected[1,234,1]",140.608301125237,0.49375758286045,50.1993686623163,67.2254836655259,104.625557332593,132.076052778032,166.83404870308,261.264460928833,10336.3915837223,1.00007543460282
"C_expected[1,235,1]",140.494499554603,0.486860063439744,49.9583589245853,67.1024514988822,105.572946274596,132.194645693657,167.224767675681,262.997076694738,10529.5066942041,0.999787510251745
"C_expected[1,236,1]",140.96249013919,0.501387978105116,51.202433239074,67.4574531559218,104.557762328118,132.455642323496,167.60759404612,267.361894188312,10428.7766602839,0.999730292826125
"C_expected[1,237,1]",140.650482630654,0.494539704085956,50.2562901759263,67.9412648321309,105.165948012361,131.94736415226,166.709100584086,262.228983233192,10327.1033668741,0.999780082971598
"C_expected[1,238,1]",268.350160669367,0.958245680506715,98.285371556807,127.294839674555,199.15165232924,250.790968062572,319.65358825143,501.212165723976,10520.2007462317,0.999934157996871
"C_expected[1,239,1]",268.243863678957,0.933153237147365,98.0881138799159,126.880151401331,197.78118159109,252.178765801593,318.967061772653,507.26034374216,11049.0981967814,0.999806261301231
"C_expected[1,240,1]",133.726261174869,0.302207090799067,33.5969275600235,80.2100851595211,109.74306285029,129.858696961802,152.825567543982,211.036937870924,12359.1847886499,1.00004484961591
"C_expected[1,241,1]",133.68742435276,0.301167389317962,33.672146758676,80.7821036216722,109.621309310895,129.462828823854,153.088057104793,211.176410944461,12500.4521683361,0.999880171091512
"C_expected[1,242,1]",133.356308169079,0.297057175733703,33.6089247926186,79.9726142417014,109.134476498663,129.166309791482,153.136299256322,211.603047516438,12800.5650913136,1.00021075210463
"C_expected[1,243,1]",133.343933779238,0.303176221652022,33.7529063793796,79.8768556922764,108.953299985633,129.237182424432,152.813362684592,210.556202602662,12394.5874824397,1.00000251302917
"C_expected[1,244,1]",133.889648138978,0.299043067046387,33.4871426970596,80.4596045553939,109.386512498414,129.838218724703,153.694147474506,208.977703355779,12539.7451145259,0.999877688784192
"C_expected[1,245,1]",254.38630291936,0.593392160317559,65.6631531425157,151.168521681033,207.02138484747,245.75852036382,292.068027300965,403.952455533824,12245.0301515751,1.00018399000599
"C_expected[1,246,1]",254.696250283976,0.571923683260518,66.1017838479926,148.177691792343,207.616186323418,247.043353043563,293.612377494227,404.906881413856,13358.2693891729,0.999893123355414
"C_expected[1,247,1]",152.306202116732,0.396187791953423,43.2137119707156,85.4155496438405,121.674081713033,146.207305025324,176.811109619596,253.650184127378,11897.0960427103,0.999901531473109
"C_expected[1,248,1]",152.507802363948,0.428006497897904,42.9414541170661,85.1989396928183,122.175761014764,146.913569255318,176.366936175147,253.367038144886,10065.9036416268,0.999878806722336
"C_expected[1,249,1]",152.176863063275,0.3953378376223,42.5860367943962,86.5057604666759,121.933155414583,146.4767817876,176.420892661223,250.087884173841,11603.7318730559,0.999894291496948
"C_expected[1,250,1]",152.528537675628,0.415154482219226,43.7827954005522,84.8916185764964,121.127544318126,146.41871084949,177.211882175671,253.646688434137,11122.1183159148,0.999680571670594
"C_expected[1,251,1]",152.432583603553,0.393696218215995,42.9239977512488,85.5107142425498,122.122072803561,147.127142660314,176.283476536303,253.174536660182,11887.1526779555,0.999829742383715
"C_expected[1,252,1]",291.371843378178,0.815181656380904,85.937999368009,158.125619712974,229.792373620909,278.474815574166,340.09692812536,491.591169999,11113.7770790628,0.999734529023003
"C_expected[1,253,1]",290.694173747749,0.788740700687653,84.0993746209261,159.018510502381,231.356204980326,278.65493471568,336.40585477758,489.589334980061,11368.8628880242,0.999702741656387
"C_expected[1,254,1]",118.14780206636,0.283668846587789,31.5439983686449,68.8974713564588,95.5586378947511,113.900925662606,136.042011708968,190.814986936501,12365.4577407124,0.999757068702111
"C_expected[1,255,1]",117.944184944684,0.296128685884457,31.3337342879682,68.8037318424724,95.7158830065811,113.977459174022,135.914575357429,191.142601484855,11196.0119607272,0.999838832232287
"C_expected[1,256,1]",117.657206397172,0.28122983173233,30.7506149034594,69.2915459673071,95.4784190476581,113.857331464425,134.966398597639,188.959939811838,11955.9705079812,0.999739805546763
"C_expected[1,257,1]",118.028942398773,0.291686193659231,30.9741500415148,69.3653657233935,95.9344444644795,113.835961638382,135.238387343855,188.844079793476,11276.3111028573,0.999782964460523
"C_expected[1,258,1]",117.833977711074,0.297253740713151,30.6410531574936,69.3157753539843,95.7428877513029,114.013056738649,135.469330392664,190.543873745473,10625.5818081151,0.999743381527257
"C_expected[1,259,1]",224.805805336998,0.554684530939005,60.4825628513987,129.716319040278,181.66154062945,216.721756679516,259.89312562296,362.486286455398,11889.6278698808,0.999836284160203
"C_expected[1,260,1]",225.137344488368,0.573526866418499,60.2974763200731,131.118644080616,181.674663672291,216.83415767914,259.899341646316,365.799075800989,11053.2689498626,0.999667147518531
"C_expected[1,261,1]",137.715748619082,0.382338502630816,40.3562155953944,76.1018210328001,108.927492820589,131.878631163176,160.321942838029,229.554485937037,11141.0159774994,0.999843849256055
"C_expected[1,262,1]",137.580641383587,0.374717520894377,39.9052473391959,77.0002300313141,109.203722664864,131.615641823088,160.166036142205,229.59284258447,11341.0173196387,0.999905897091019
"C_expected[1,263,1]",137.756860534051,0.379994000058401,41.1611262600556,75.30528864023,108.502788583733,131.635683376472,160.089608770174,234.776807329168,11733.3228393713,0.999970087280668
"C_expected[1,264,1]",137.797132743603,0.387262757526501,40.6703461393839,76.4629724222967,108.469814021679,131.545207629484,160.259191675338,231.414567285131,11029.2065526282,0.99979119757951
"C_expected[1,265,1]",137.93886330629,0.386558731497908,41.0260638076581,74.9905571267607,108.665971962757,131.567722127208,161.152503939883,234.067278554592,11263.8984747164,0.999890085718927
"C_expected[1,266,1]",263.227692348507,0.73390136609623,80.7301973471428,141.45062701961,205.281187116285,250.335587679509,307.755337096828,452.748531202677,12100.3138818746,1.00009219590474
"C_expected[1,267,1]",262.871359521062,0.768145420755173,81.3057079323042,142.014773556163,205.897558062017,249.774466422029,306.881634506282,453.081312289772,11203.5376873683,0.999768617491977
"C_expected[1,268,1]",85.8823010494003,0.202390656003985,21.8808032949574,50.7271345334862,70.4754172367429,83.1234884892476,98.5133909560537,136.654599056408,11688.1454569153,0.999906275450624
"C_expected[1,269,1]",85.6402986822741,0.191511765276924,21.0395753435935,52.0748285841461,70.494155779964,82.9968114598438,97.7932997516591,134.610484602813,12069.3260807565,1.00002094179641
"C_expected[1,270,1]",85.752759240062,0.196657093934359,21.7270719163401,51.0682399553352,70.4079562098698,83.0586101303236,97.8732065791767,136.633826857374,12206.2755423112,1.00003695897708
"C_expected[1,271,1]",85.8766688890233,0.195816716595063,21.9585771298409,50.7308181557581,70.3895410241408,83.0170539233945,98.4485321444594,135.740299957018,12575.0251499383,1.00007947038522
"C_expected[1,272,1]",85.7465548214252,0.205518784820754,21.7886545328919,50.966177644574,70.3162981045557,83.0161404537517,98.4247925144958,135.104752242791,11239.7791863177,0.999952122926966
"C_expected[1,273,1]",163.793434019846,0.392019910163817,43.3601362671129,95.1441975398447,133.093656352397,158.207760720057,187.902301665629,265.629941703244,12233.9028419753,0.99992355104131
"C_expected[1,274,1]",164.2882538026,0.390644336805477,43.3242140693483,94.6449084947754,133.157938286668,159.209147907999,189.494500989741,261.975526819102,12299.8076762879,0.999957073405561
"C_expected[1,275,1]",180.729746369685,0.592101575538947,61.0138420433389,91.0250738122461,137.548114834008,171.141741929072,212.719602448617,325.769837598724,10618.5279213252,0.999799239801488
"C_expected[1,276,1]",94.7485445403974,0.239342988175469,24.556783287854,55.7890969667711,77.3152278096827,91.4689570864484,109.123604392322,150.854346991044,10526.9252123218,0.999782317187078
"C_expected[1,277,1]",94.7213691386355,0.236808958525244,24.9751485147393,55.0623722481247,77.1390345805864,91.3360834393381,109.061119895093,152.313086286662,11122.9479074409,0.999982107096315
"C_expected[1,278,1]",94.823967699443,0.223250308432839,24.642995878194,55.5202766165862,77.2123740209667,91.5052224480062,109.369145011843,150.283505147147,12184.3642490713,0.999835574569477
"C_expected[1,279,1]",94.5704628865148,0.231306358849997,24.4752388675867,55.4104904433162,77.0190675860905,91.7075481828817,108.730272134725,151.215100741972,11196.4084609218,0.999988787212997
"C_expected[1,280,1]",180.500187464377,0.44301555962199,48.5397366776907,103.721495201971,145.577190791144,173.682156037557,208.562100502683,291.36259360507,12004.8537165523,0.999823884525981
"C_expected[1,281,1]",180.714661743312,0.464142135260744,48.6979626660175,104.487041167108,146.187795203453,173.813069671034,208.612637509059,294.025815593446,11008.2831827839,1.0000344161025
"C_expected[1,282,1]",136.286480929016,0.291106747353093,34.163276000995,81.62210429846,112.163017059855,132.219707552355,156.01298673787,214.501089167325,13772.5537404317,0.99972116390785
"C_expected[1,283,1]",135.801441313774,0.291203947353215,33.9100095561628,81.41473560958,111.612668711484,131.870526818701,154.733832579597,212.386819228018,13560.0505647964,0.99994345110641
"C_expected[1,284,1]",136.267403567639,0.301868680099174,33.6554164053761,81.4958035724114,112.444419019818,132.599144592954,155.816319249373,211.596813443122,12430.077170194,0.99973171584118
"C_expected[1,285,1]",136.135130637606,0.304825772246864,34.1763596146548,82.3361984182299,112.188605554382,131.8087302809,155.163747719574,215.09003911142,12570.3750705444,0.999844143356255
"C_expected[1,286,1]",136.284561734944,0.302365983799895,33.8371453761275,81.7940693599155,112.294673599284,132.267209184008,155.897993164417,212.506928486556,12523.3803753346,0.999810761951549
"C_expected[1,287,1]",260.569090186227,0.601020996255998,67.3483795930024,153.200489777516,213.290374330874,252.449650989777,298.467891308287,415.036429217423,12556.6854159404,0.999823699673145
"C_expected[1,288,1]",260.490875972797,0.600513793581279,67.7335654460018,152.906089873768,211.92195359775,251.591234057975,299.646767731967,418.795256791862,12722.1906491683,0.999719453139348
"C_expected[1,289,1]",119.515948140269,0.66994349049093,64.0495466144743,39.4573276201408,75.186013452275,105.307985729042,146.778633659818,275.565766136688,9140.20163391321,1.00009177368679
"C_expected_sum",29398.0621545597,30.070289250459,3294.3842048,23624.4389002919,27032.7974144647,29209.6303412802,31506.2484885072,36337.0897136077,12002.543336491,0.999850582578993
"C[1,1,1]",187.8544,0.747538419691446,72.7517373137454,84,136,175,226,365.025,9471.52044977076,0.999833090565409
"C[1,2,1]",77.1225,0.220725571597027,23.606355494908,40,60,74,91,130,11438.0656711061,0.999836621189417
"C[1,3,1]",76.7343,0.209119592081738,22.9329739815743,40,61,74,90,131,12026.2799851526,0.999840117157536
"C[1,4,1]",76.9851,0.209009714083409,23.2608122069814,40,60,74,91,130,12385.593091313,0.999918848507275
"C[1,5,1]",76.9584,0.203115125738317,23.029305337557,41,60,74,90,130,12855.1498640995,0.999837827876921
"C[1,6,1]",74.2216,0.206466946980869,21.840512682614,40,59,72,87,123,11189.8582653588,0.999896969759509
"C[1,7,1]",146.8831,0.424071780831789,44.1682546390707,78,115,141,172,249,10847.8014569083,0.999655161846505
"C[1,8,1]",146.7335,0.413901330718358,44.0035533681191,79,115,141,172,250,11302.6908917932,0.999870716174684
"C[1,9,1]",78.5176,0.21222019641667,23.6336062625765,41,62,75,92,133,12401.852661128,0.999924042727781
"C[1,10,1]",78.5514,0.209278639527915,23.5079097374059,41,62,76,92,132,12617.6426149606,1.00006917128985
"C[1,11,1]",78.7386,0.208933749239544,23.8898083360715,41,62,76,93,134,13073.9896193706,0.999889804569493
"C[1,12,1]",78.5278,0.207355106807972,23.6486733906009,41,62,76,92,133,13007.2082978034,0.999883869691255
"C[1,13,1]",78.7271,0.210470852503853,23.5140153202648,41,62,76,92,133,12481.5831231103,0.999944307120132
"C[1,14,1]",149.7078,0.39217123051528,44.5651121852331,79,118,144,176,252,12913.3388292505,1.00003075490494
"C[1,15,1]",149.9738,0.412840443740429,44.2779038216206,79,119,144,176,252,11502.9606147152,0.999919172783735
"C[1,16,1]",69.028,0.238782433250927,24.1403830087507,32,52,66,83,126,10220.768830062,1.00013945969863
"C[1,17,1]",69.0716,0.229975996087451,23.7256140893422,32,52,66,82,125,10643.1432370608,0.999847476086975
"C[1,18,1]",69.0512,0.224804592438604,23.7462242656951,32,52,66,82,125,11157.8051278326,0.999914267244255
"C[1,19,1]",68.7254,0.229180529478772,23.505851342692,33,52,65,82,123,10519.5347734856,1.00004047649451
"C[1,20,1]",68.9708,0.228644671699906,23.7859270240291,32,52,66,83,124,10822.2607620242,0.999838987870801
"C[1,21,1]",131.5088,0.426283197448025,44.3951440524923,64,100,125,156,236.025,10846.1226127821,0.999706830887108
"C[1,22,1]",131.4722,0.439464289445027,44.9944182863574,63,99,125,156,239,10482.6262586247,0.999813172309945
"C[1,23,1]",84.7242,0.227126869727116,26.3690778599996,44,66,81,99,147,13478.850431128,0.99990084539807
"C[1,24,1]",84.5416,0.234278621156128,26.1873871809453,44,66,81,99,147,12494.5039869086,1.00021536082054
"C[1,25,1]",84.8276,0.232475538086536,26.2101273426424,44,66,81,99.25,145,12711.1176598893,0.999847694746835
"C[1,26,1]",84.6187,0.230009545608627,26.1676591415529,44,66,81,99,146,12943.091699674,1.00019765316173
"C[1,27,1]",84.7925,0.231083559227507,26.31558273608,44,66,82,99,146,12968.4444754117,0.999924356208746
"C[1,28,1]",161.2437,0.43461518361028,49.170823536918,84,126,155,189,279,12799.8586859784,1.00007150933444
"C[1,29,1]",161.6225,0.422769525197457,49.4555657034464,86,126,155,189,279,13684.3130098339,0.999899317518886
"C[1,30,1]",116.1029,0.493646124219173,46.3167835242648,51,84,107,139,229,8803.29633208549,1.00000680793406
"C[1,31,1]",215.8471,0.736775107940941,80.8871670598587,100.975,159,202,257,414,12052.839156542,1.00003699930783
"C[1,32,1]",138.5303,0.488391974322489,50.4392535010122,64,102,131,166,258,10665.9676849838,0.999805302680437
"C[1,33,1]",72.9119,0.229903850882492,24.2657005011617,35,56,70,86,129,11140.2047905504,0.999790113088004
"C[1,34,1]",73.1285,0.230089615707797,24.8513570403041,35,55,70,87,130,11665.5758108786,0.999919385001244
"C[1,35,1]",139.5271,0.420166851952776,46.4841536789079,69,107,133,164,248,12239.5734537699,0.999720559971114
"C[1,36,1]",139.3237,0.434583302640804,46.2060625711803,69,107,133,164,246,11304.5128456544,0.999800458801551
"C[1,37,1]",50.8742,0.154658252047766,16.3994593992259,25,39,49,60,89,11243.7937100093,0.99992311168681
"C[1,38,1]",50.7897,0.155418611972155,16.4393886522561,24,39,49,60,88,11188.3301679625,1.00011447949333
"C[1,39,1]",50.7263,0.157332927103485,16.2917994887937,25,39,49,60,88,10722.5694436575,1.00014243966442
"C[1,40,1]",50.8872,0.15828471022231,16.2931464985215,25,39,49,60,88,10595.7571021219,1.00024593581858
"C[1,41,1]",50.8441,0.160585162753628,16.30999683598,25,39,49,60,88.0249999999996,10315.6576634031,0.999913998095775
"C[1,42,1]",96.8056,0.282225194022835,29.9229501709757,51,75,93,114,166.025,11241.3186384101,0.999920143999487
"C[1,43,1]",97.0466,0.288654729484564,30.4225110955381,50,76,93,114,168,11107.9204558518,0.999874939449842
"C[1,44,1]",50.992,0.159788201139565,17.1001338432699,24,39,49,60,91,11452.74534351,0.999855225456354
"C[1,45,1]",50.9469,0.168776040060924,17.3269415270055,24,39,49,60,92,10539.5540085444,1.00001760900856
"C[1,46,1]",50.8606,0.157525774889316,17.1255801708911,24,39,49,61,90,11819.1797370423,1.00014809953151
"C[1,47,1]",50.7845,0.166401441034523,17.018807940992,24,39,49,60,90,10460.2992383664,0.999844163568981
"C[1,48,1]",50.8266,0.163720807238246,17.2118260837052,24,39,49,60,91,11052.134046283,1.00008314110092
"C[1,49,1]",97.232,0.296142485759087,32.0678750599582,49,74,92,116,171.025,11725.704109522,0.999859967156311
"C[1,50,1]",97.0181,0.296011669800157,32.0005277420166,48,74,93,114,172,11686.8270119394,1.00004125341166
"C[1,51,1]",24.5449,0.0980052309526023,9.43241650045755,10,18,23,30,47,9262.90960347661,1.00027037268692
"C[1,52,1]",24.4975,0.0979591651260775,9.51771256317628,10,18,23,30,47,9440.0657577556,0.999868068392931
"C[1,53,1]",22.4345,0.0922090296788577,8.92959593253535,9,16,21,28,43,9378.13998005887,0.999805504597499
"C[1,54,1]",24.5205,0.0961460072184011,9.46036625099474,10,18,23,30,47,9681.73950375238,0.999843635798502
"C[1,55,1]",24.5852,0.0984874723878978,9.51315883285347,10,18,23,30,47,9330.12607408397,1.00014107149063
"C[1,56,1]",46.8149,0.167303372489467,16.9068454222606,21,35,45,56,87,10212.1167884682,1.00016759301199
"C[1,57,1]",46.7001,0.176193428281293,16.8664758556961,21,35,44,56,87,9163.66672924642,0.99977948355295
"C[1,58,1]",29.0264,0.0991369813263386,10.8903518316123,12,21,27,35,55,12067.3647451574,0.999940935215411
"C[1,59,1]",29.0868,0.101744962230064,10.8144792318496,13,21,28,35,55,11297.5791357778,0.999711321689932
"C[1,60,1]",29.1152,0.102837636702074,11.0041736692863,12,21,28,35,55,11450.137355268,0.999987105911418
"C[1,61,1]",29.0631,0.102134865961184,11.0315224624158,12,21,28,35,55,11666.0238701374,1.00003920798804
"C[1,62,1]",29.1233,0.101473525985536,10.8947862184934,13,21,28,35,54,11527.4148450801,1.00018167997031
"C[1,63,1]",55.2874,0.188004369983666,19.9574455079582,25,41,52,66,102,11268.7051613373,1.00042509604766
"C[1,64,1]",55.5834,0.187246458371712,19.7060517934905,25,42,53,66,102,11075.7212145746,0.999911919500182
"C[1,65,1]",20.2264,0.0808940588744303,8.44027646861681,7,14,19,25,40,10886.2948192346,1.0004104817072
"C[1,66,1]",20.3045,0.0834203173901614,8.60646192512852,7,14,19,25,40,10644.0186738385,0.999966219357664
"C[1,67,1]",20.3573,0.0879296376396853,8.57670057127267,7,14,19,25,40,9514.1485879929,1.00031003901252
"C[1,68,1]",20.3331,0.0807770433091853,8.51367092676625,7,14,19,25,40,11108.5612545974,0.999948967894551
"C[1,69,1]",20.2016,0.0854565248382907,8.48664596622103,7,14,19,25,40,9862.37960903663,0.999783346388245
"C[1,70,1]",38.2656,0.143819627059221,16.0272375621748,14,27,36,47,76,12418.8400062929,0.999935482780337
"C[1,71,1]",38.5368,0.147130220521743,15.4660326385456,15,28,36,47,75,11049.7912344195,0.999745813896122
"C[1,72,1]",23.8322,0.0900029147226198,9.64364781368106,9,17,22,29,46,11480.7308259914,0.99981766419685
"C[1,73,1]",23.7347,0.0880198836380978,9.57391674802898,9,17,22,29,46,11830.8980827308,1.00016564649299
"C[1,74,1]",23.8716,0.0914581870221933,9.54851982576809,9,17,23,29,47,10900.0108974935,1.00010089151971
"C[1,75,1]",23.8845,0.0898886758654457,9.70781045902684,9,17,23,29,47,11663.5998257796,0.999914217870069
"C[1,76,1]",23.8305,0.086633981160249,9.64056345844887,9,17,23,29,47,12383.0689383853,0.999836875106062
"C[1,77,1]",45.3029,0.1504116770395,17.06833572433,19,33,43,55,87,12877.1349232368,0.999804351846543
"C[1,78,1]",45.2666,0.159770086901168,17.254689127008,20,33,43,54,86,11663.3507273163,0.99979533335373
"C[1,79,1]",27.0725,0.10043567018186,10.648492042927,11,19,26,33,52,11240.8786048679,0.99987566999526
"C[1,80,1]",27.2348,0.1035864365088,10.9028049636599,11,20,26,33,53,11078.2382328774,0.99987394622382
"C[1,81,1]",27.2627,0.0993286250133253,10.7313934319127,11,20,26,33,52,11672.486680067,0.999870936164163
"C[1,82,1]",27.1777,0.105413214264594,10.8173945251355,11,20,26,33,53,10530.6511598979,1.00017780045084
"C[1,83,1]",27.1825,0.105686248220317,10.7604169253445,11,20,26,33,53,10366.2394339471,0.999826748885879
"C[1,84,1]",51.6864,0.188575317192421,19.7399245566479,22,38,49,62,100,10957.7473616609,0.999805232230445
"C[1,85,1]",51.9105,0.187907554003259,19.7005406240562,22,38,49,63,98.0249999999996,10991.7744926407,1.00016649675117
"C[1,86,1]",36.8951,0.124601085672948,12.0920766546438,18,28,35,44,64,9417.98794839353,1.00014008662803
"C[1,87,1]",36.8716,0.119901037894271,12.0991467622819,18,28,35,44,65,10182.715372229,0.999827580149272
"C[1,88,1]",36.9835,0.121507433493713,12.0924873609633,18,28,36,44,65,9904.34110182719,1.00016766538164
"C[1,89,1]",37.0055,0.122699504092361,12.0650000485958,18,28,36,44,65,9668.72128085067,0.999824940218783
"C[1,90,1]",38.3536,0.125573321975535,12.059971448189,19,30,37,45,66,9223.54333114046,0.999919598385297
"C[1,91,1]",70.7834,0.230104776150603,22.1760831146132,36,55,68,84,122,9287.91890819522,1.00017289450181
"C[1,92,1]",70.4392,0.227477659760409,21.78393805894,36,55,68,83,121,9170.5478980177,0.9998692539854
"C[1,93,1]",20.2579,0.0732093957709369,7.34618160872864,8,15,19,25,37,10069.0773299027,1.00058467640641
"C[1,94,1]",20.2797,0.072190708164331,7.38350320118792,8,15,19,25,37,10460.7381428906,0.999913338486579
"C[1,95,1]",20.3161,0.0729331544808808,7.4039626320144,8,15,19,25,37,10305.7224143759,0.999836770891679
"C[1,96,1]",20.2714,0.0712508644800247,7.31363732824488,8,15,19,24,37,10536.2620899313,1.00020758716456
"C[1,97,1]",20.3149,0.0723708251189936,7.39123812565277,9,15,19,25,37,10430.5531464926,0.999802479315762
"C[1,98,1]",38.728,0.121482907819387,12.8553001471839,18,30,37,46,69,11197.8355394137,0.9999028188439
"C[1,99,1]",38.7431,0.126740801428924,12.9513966913853,18,30,37,46,68,10442.399720278,0.999678413408491
"C[1,100,1]",24.8175,0.0811226574291232,8.69427126246234,11,19,24,30,45,11486.3497062463,0.999829139689508
"C[1,101,1]",24.8465,0.0817150577958556,8.76869584104018,11,19,24,30,45,11515.0499870327,0.999859107394851
"C[1,102,1]",24.8557,0.0796831776795059,8.78439491765978,11,19,24,30,45,12153.1935394333,0.999927786966462
"C[1,103,1]",24.8099,0.0816514472240412,8.69736318677335,11,19,24,30,44,11346.121715851,0.999778816752204
"C[1,104,1]",24.7916,0.0846707960841291,8.85166677188336,11,19,24,30,45,10929.0604031856,0.999835721378776
"C[1,105,1]",47.3773,0.137581684742222,15.5198850315696,23,36,46,56,84,12724.9402860876,0.999720367025764
"C[1,106,1]",47.3572,0.141470340656014,15.6502620179383,23,36,45,56,83,12238.0557499864,0.99985403040767
"C[1,107,1]",24.829,0.0802420437797583,8.69246310843418,11,19,24,30,45,11734.9636567173,1.00006848524515
"C[1,108,1]",24.8184,0.0814534472791579,8.87222030099044,11,18,24,30,45,11864.3976839509,0.999847640163419
"C[1,109,1]",24.7491,0.081708447261102,8.719848207697,11,19,24,30,45,11388.95651848,1.00001788904821
"C[1,110,1]",24.8467,0.0806030914190268,8.79581353506169,11,19,24,30,45,11908.2688308246,0.999807211311337
"C[1,111,1]",24.7683,0.0839510219652988,8.81186586416298,11,18,24,30,45,11017.518301132,1.00005843736261
"C[1,112,1]",47.2975,0.14413592742166,15.5242356958207,23,36,45,56,83,11600.4800580008,0.999959999595763
"C[1,113,1]",47.3761,0.145965224002005,15.5721385153033,23,36,46,56,83,11381.4532831301,0.99986029051441
"C[1,114,1]",57.8087,0.172868531535451,17.7384996475738,30,45,55,68,99,10529.357750599,0.999782418404659
"C[1,115,1]",57.6541,0.170237903964818,17.6951734974967,29,45,55,68,98,10804.3121606504,1.00010222624242
"C[1,116,1]",57.5455,0.164398282749564,17.533512829927,30,45,55,67,98,11374.7881662293,0.999991268835583
"C[1,117,1]",57.711,0.168607962551344,17.1948726475231,30,45,56,68,97,10400.2018032547,0.999920372420197
"C[1,118,1]",57.6223,0.159095990856106,17.7408600840447,30,45,55,68,98,12434.572820068,0.999792081708393
"C[1,119,1]",110.3113,0.310927316108765,32.4976276348011,59,87,106,128,185,10924.0973092603,0.999727754712012
"C[1,120,1]",110.1109,0.309520316112895,32.7168983972209,59,87,106,129,185,11172.9004712889,1.00010090880925
"C[1,121,1]",54.0264,0.15839324839458,16.145196492362,28,43,52,63,91,10389.9471534573,0.999972667033523
"C[1,122,1]",54.1523,0.161297996630719,16.3631867341912,28,42,52,64,92,10291.4798087607,0.999848343094792
"C[1,123,1]",54.1238,0.154944684469134,16.3093308565158,28,43,52,63,91,11079.4683769198,0.999987662456013
"C[1,124,1]",54.2475,0.158502785425502,16.2647624636759,28,43,52,64,92,10529.8371078926,0.999784747093857
"C[1,125,1]",54.0115,0.160958396263484,15.9889002824842,28,43,52,63,91,9867.56317341941,1.00003470760533
"C[1,126,1]",102.9235,0.288864634014193,29.4918264021144,55,82,99,120,172,10423.5244565546,1.00006778323662
"C[1,127,1]",103.1211,0.28902737039661,30.1260816049696,55,82,99,121,171.025,10864.4401805188,1.00015102638551
"C[1,128,1]",71.3159,0.230173485681129,23.4423433456673,35,54,68,85,127,10372.6913642753,1.00029631724127
"C[1,129,1]",70.865,0.223950510726028,23.2487811633762,34.975,54,68,84,125,10776.9598466042,1.0006746732395
"C[1,130,1]",71.0231,0.239539910642323,23.2857164126184,35,55,68,84,127,9449.81794463994,1.00076587837853
"C[1,131,1]",70.9868,0.233435294847434,23.4389625251722,35,55,68,84,127,10081.9311537415,1.00046106896763
"C[1,132,1]",71.0691,0.225788387278282,23.3564525897611,35,55,68,84,126,10700.6599046383,1.00039166419551
"C[1,133,1]",135.4123,0.439633628734714,44.0825978845806,68,104,129,159,241,10054.3164556212,1.00041380983679
"C[1,134,1]",135.9798,0.456914528505904,44.5874600770173,68,104,130,160,241,9522.59977808229,1.00038654175239
"C[1,135,1]",96.7417,0.265636311748233,29.9422850690043,50,76,93,114,167,12705.5947252399,0.999856900453142
"C[1,136,1]",96.5059,0.280261550645202,30.0190785950863,50,75,92,114,166,11472.7538190015,0.999832448234302
"C[1,137,1]",96.4163,0.278882264430372,29.6273213795512,50,76,93,113,165,11286.0763712078,0.999827907740139
"C[1,138,1]",96.6426,0.275838817559898,30.076827073225,50,75,92,114,167,11889.2175196849,0.999974130980058
"C[1,139,1]",96.585,0.279850343542291,30.0403598067955,50,75,92,113,166,11522.814526318,0.999836756057916
"C[1,140,1]",183.1401,0.48944224667577,55.0578224085446,98,144,175,214,310,12654.2134227286,1.00011264563216
"C[1,141,1]",184.0155,0.500244792137758,54.5722463598236,100,145,176,215,312,11900.864486243,1.00007202062509
"C[1,142,1]",82.8017,0.253252246389469,25.9127946081167,43,64,79,98,142,10469.4024052981,0.999894019128315
"C[1,143,1]",82.5696,0.246322129288504,25.5718115821848,42,65,80,97,142,10777.4528472596,0.999815028750419
"C[1,144,1]",82.4489,0.245150617458162,25.4122168821747,42,65,79,97,141,10745.3143099976,0.999789966172603
"C[1,145,1]",82.622,0.244816025971223,25.6146154929697,42,64,79,97,142,10947.0220830526,1.00000010419441
"C[1,146,1]",82.6112,0.252862684221717,25.9828278925626,42,64,79,97,143,10558.5272620336,0.999818652346217
"C[1,147,1]",157.5505,0.482969726019325,48.7999425531354,83,123,151,185,271,10209.3667225859,0.999742205072185
"C[1,148,1]",157.49,0.482858965758224,49.1230801935381,82,123,150,184,274,10349.7672182393,0.999703261447421
"C[1,149,1]",67.2883,0.173986835010124,18.4226904295292,37,54,65,78,110,11211.7481307538,0.999707736730798
"C[1,150,1]",67.479,0.170381399492258,18.2050954831375,37,54,66,79,108,11416.7255184155,0.999789897902458
"C[1,151,1]",67.4097,0.181470929552458,18.4048450072793,37,54,65,78,109,10286.087189845,1.0000667704239
"C[1,152,1]",67.4448,0.174001317675947,18.3511806035185,37,54,66,78,108,11123.0257975455,0.999892997157158
"C[1,153,1]",67.5836,0.174803008666364,18.6374984017348,37,54,66,79,109.025,11367.8263734451,0.999778406493731
"C[1,154,1]",128.6241,0.308303458716566,34.426985359193,73,104,125,149,206,12469.274793645,0.999804365324852
"C[1,155,1]",128.5748,0.314705172546596,34.4770252702745,73,104,125,149,207,12001.9499720534,0.999656254423161
"C[1,156,1]",56.5429,0.2993406257993,24.1257614351647,21,40,53,69,115.025,6495.77141201569,1.0003031460271
"C[1,157,1]",56.7248,0.310639290846398,24.1172226635428,22,40,52,69.25,114.025,6027.56377156107,1.00001041898699
"C[1,158,1]",56.6829,0.315625114172644,24.5795842761085,21,39,53,70,117,6064.65306072008,1.00011450659719
"C[1,159,1]",56.6923,0.305481075909137,24.4084329253188,22,40,53,70,115,6384.26892091123,1.00005271731588
"C[1,160,1]",56.5596,0.308788497311811,24.4035489460061,21,39,53,68,115,6245.73783053982,1.00011976968114
"C[1,161,1]",108.3993,0.612396340586381,46.70290757188,43,76,100,131,223,5815.97678856242,1.00023161502019
"C[1,162,1]",107.9971,0.580671300925056,45.5232460198393,43,76,100,132,219,6146.18628836985,1.00017679986123
"C[1,163,1]",97.1518,0.24644943087401,25.5192687996347,55,79,94,113,154,10722.1237100735,0.999985696131197
"C[1,164,1]",97.1893,0.232766407504749,26.0925841534483,54,79,94,113,156,12565.8993874322,0.999998214767438
"C[1,165,1]",96.8039,0.227996531994149,26.0747470559813,54,78,94,113,156,13079.2766540422,0.9997131277801
"C[1,166,1]",97.1127,0.251270945413152,26.2635065421126,54,78,94,112,156,10924.9855772765,0.999977000151172
"C[1,167,1]",96.9749,0.238947132931631,25.8902278935516,54,79,94,112,155,11740.0000482086,0.99986260521
"C[1,168,1]",184.7072,0.456734523723412,50.257901406897,106,149,178,213,299,12108.2399637391,1.00011233474434
"C[1,169,1]",185.1451,0.440985157279743,49.8154655107267,105,150,179,214,300,12760.8746222637,1.00008082085778
"C[1,170,1]",90.2555,0.236725704458451,26.1288096020297,48,72,87,106,150,12182.8364279858,1.00007549893103
"C[1,171,1]",90.4452,0.237704714985171,25.8398522975012,49,72,87,105,150,11816.9245128916,0.999817852138368
"C[1,172,1]",90.196,0.237615796804233,25.4880039986419,49,72,87,105,148,11505.9116383265,0.999854330346867
"C[1,173,1]",90.0374,0.244520767372954,25.82008653988,49,72,87,105,149,11150.2315694633,1.00014310494036
"C[1,174,1]",90.3801,0.248814261025143,26.2297354903245,48,72,87,105,150,11113.1527718994,0.999996894804949
"C[1,175,1]",171.0962,0.524140114784565,55.8041087682219,87,132,163,201,304,11335.4183785437,0.999870412887877
"C[1,176,1]",171.6711,0.553256623424732,55.6833816204518,86,133,163,202,302.025,10129.7321047825,1.00011652291592
"C[1,177,1]",145.9598,0.827371723982107,74.4315335679638,49,94,131,180,333,8093.0567427991,1.00003058038617
"C[1,178,1]",76.4687,0.398065737634444,35.6287097830679,27,52,70,94,163,8011.07124569955,1.00040245547469
"C[1,179,1]",76.5047,0.386537345967675,36.2350724569111,27,51,70,94,167,8787.70253158811,1.00018042876887
"C[1,180,1]",76.165,0.387859078769595,36.0411469216386,27,51,69,94,161.025,8634.74034768054,1.00013317338013
"C[1,181,1]",76.2998,0.3994424192119,36.3427241593133,27,51,69,94,164,8278.02224153394,1.00021284400015
"C[1,182,1]",145.7651,0.805317238020429,69.0836693968099,52,98,133,177,316,7358.96612188011,1.0004269279995
"C[1,183,1]",146.025,0.792939224811498,68.3477572169831,53,98,134,178,313,7429.65645113632,1.00019238176942
"C[1,184,1]",58.6743,0.167225838002196,18.4305721047614,30,46,56,69,101,12147.0514463591,0.999794686863695
"C[1,185,1]",58.6511,0.178997426702927,18.4841698554067,29,45,56,69,102,10663.6609022077,1.00009508944852
"C[1,186,1]",58.5984,0.162465647613494,18.0583644855449,30,46,56,69,100,12354.7435991289,0.999967329492093
"C[1,187,1]",58.7414,0.171287812531528,18.5337442522444,29,46,56,69,102,11707.7490634824,1.00006030148175
"C[1,188,1]",58.7293,0.160757046123729,18.3179140763246,30,46,56,69,102,12984.1044364855,1.00023848490365
"C[1,189,1]",112.5446,0.302016234253795,34.574252685125,58.975,89,108,132,193,13105.2414584468,0.999959185952971
"C[1,190,1]",112.0502,0.297910713672698,34.27444461571,58,88,107,131,193,13236.3611609286,0.999829240136543
"C[1,191,1]",88.9663,0.466634156720199,42.7049310434233,32,59,81,109,196,8375.35066818402,0.999820731753833
"C[1,192,1]",88.9315,0.458762513262191,42.9284112517486,32,59,81,109,196,8756.16194320444,0.999654059024919
"C[1,193,1]",89.0364,0.461003185023782,42.4773458155139,32,60,81,109,193.025,8489.98440542329,0.999763070129526
"C[1,194,1]",89.101,0.470001951199028,43.2194353382722,32,59,81,109,195,8455.88085906192,0.999796990421189
"C[1,195,1]",89.0698,0.465301790908518,42.9691187072326,31,59,81,110,195.025,8527.92642227086,0.999925959139387
"C[1,196,1]",169.4869,0.878622750697123,81.1408245689627,62,114,153,206,373.025,8528.5253467542,0.999808169134213
"C[1,197,1]",170.3547,0.982207810452224,91.4376124557458,54,109,151,209,397,8666.48497861721,0.999831029490577
"C[1,198,1]",126.8642,0.388275227600862,40.343124756661,64,98,121,150,221,10795.9210664358,0.99984569024842
"C[1,199,1]",126.8169,0.358435508429582,40.1210536287923,64,98,121,150,220,12529.1787773197,1.00004424254698
"C[1,200,1]",126.9223,0.399537567069663,40.3065493996007,65,98,121,149,221.025,10177.3802045593,1.00013407548063
"C[1,201,1]",243.8255,0.891478397551769,96.3405003046481,108,176,227,292,476,11678.7442259345,0.999933423951615
"C[1,202,1]",126.5117,0.36108217310192,40.2880872728852,65,98,121,149,220,12449.1931010512,0.999916466205948
"C[1,203,1]",241.25,0.696616907236046,75.9937037148502,126,187,230,283,420,11900.5545936134,1.00011708036675
"C[1,204,1]",241.4044,0.687132561989015,75.8886313559344,125,187,231,283,422,12197.5436776968,0.999868899610796
"C[1,205,1]",121.1487,0.588880579356065,58.4989264922877,43,81,109,148,264,9868.27694122935,0.999868128725048
"C[1,206,1]",121.4607,0.640079736235661,58.5711406185788,43,81,110,149,263,8373.34925819591,0.999827826646919
"C[1,207,1]",121.2799,0.632706425560858,59.1432274070735,43,81,110,148,264,8737.86941337404,1.00000963534651
"C[1,208,1]",121.0751,0.595473797107133,58.1359857512877,44,81,110,148,267,9531.5772035329,0.999957337672915
"C[1,209,1]",121.1547,0.623256043973751,58.3606679593925,43,81,110,148,264,8768.14070315144,1.00000414465102
"C[1,210,1]",230.7702,1.18014010062696,110.980495849523,83,155,210,281,505.025,8843.54084987477,0.999896353197347
"C[1,211,1]",230.4944,1.13175016051943,110.078466993003,82,154,210,281,510,9460.27183888272,0.999928285322967
"C[1,212,1]",115.857,0.367086797533775,39.8547009864467,55,87,110,139,206,11787.4965862069,1.00022853556315
"C[1,213,1]",115.2954,0.389045173099283,39.8227638931856,56,87,109,137,209,10477.6222079142,0.999971177314475
"C[1,214,1]",115.4899,0.395028535626352,39.910454550509,55,87,109,138,212,10207.430005087,0.999948515607367
"C[1,215,1]",115.5386,0.377819714097457,39.4301253297317,56,87,110,137,209,10891.4846788881,1.00009863844232
"C[1,216,1]",221.8954,0.980534348165875,93.9055828195985,92,155,205,267,448.025,9171.85545205732,0.999832968452451
"C[1,217,1]",219.4452,0.711959180239261,73.7393880276659,110,167,208,260,390,10727.2615436651,0.999934098203007
"C[1,218,1]",219.5754,0.69458842991991,73.2757029833544,109,167,208,260,389,11129.2243590575,0.999907683617325
"C[1,219,1]",122.7425,0.615335216045088,58.513817004431,43,82,111,150,269,9042.59992880646,0.999731501726025
"C[1,220,1]",122.6885,0.618816839695056,58.9057030849781,43,81,111,151,272.025,9061.29857597805,0.999888018219989
"C[1,221,1]",122.6013,0.616712570430501,58.8585811209135,43,81,112,151,269,9108.64918192736,0.999743614887066
"C[1,222,1]",122.734,0.610084740212344,58.3219254543167,44,82,111,151,272,9138.67814719774,0.999731411730223
"C[1,223,1]",122.609,0.607645107010198,58.6034636825807,43,82,111,151,270,9301.36227988864,0.999838102777894
"C[1,224,1]",233.2249,1.15949271479265,110.189004359138,84,156,212,286,509.025,9031.09621724975,0.999700254483744
"C[1,225,1]",233.2363,1.17361691335492,110.213288487396,85,157,212,285,510,8818.91592766415,0.999794149633284
"C[1,226,1]",131.0818,0.362850519018946,40.5773454141111,69,103,126,153,227,12505.8082830996,0.999994545365166
"C[1,227,1]",131.1326,0.368524091793882,39.5583152228495,70,103,126,154,223,11522.4227336482,0.999970211020149
"C[1,228,1]",130.8286,0.368102648876718,40.4360078285791,68.975,102,125.5,153,224,12066.9818247739,0.999757363274028
"C[1,229,1]",131.3346,0.37487094698699,40.429881280682,69,103,125,154,224.025,11631.6510674561,1.00006190697338
"C[1,230,1]",130.9496,0.366271254565946,40.1307102756819,69,102,126,153,226,12004.609040822,0.999983502521822
"C[1,231,1]",249.4695,0.655410904931115,73.4806900548103,136,197,240,290,417.025,12569.5325262173,0.999891126735025
"C[1,232,1]",249.5098,0.659962471750826,74.0874078258906,134,197,240,289,427,12602.3146582031,1.00006000100001
"C[1,233,1]",140.9428,0.526056390242725,52.9221352876123,64,103,132,169,270,10120.6898546904,0.999898065526955
"C[1,234,1]",140.4726,0.509206799860648,51.6388333151574,64.975,104,132,168,263.025,10284.056505658,1.00011844434737
"C[1,235,1]",140.5677,0.502241237568427,51.3760544087093,65,104,132,167,264,10463.9765883252,0.999856475316548
"C[1,236,1]",140.8597,0.516451799588989,52.3070436804821,64,103,133,168,268,10257.9542992735,0.999738908257655
"C[1,237,1]",140.7643,0.504727286061098,51.668831149168,65,104,132,168,265,10479.5758792474,0.999732564582913
"C[1,238,1]",268.5418,0.967765702187991,99.4573839887365,125,198,251,320,502.025,10561.6947279683,0.999870624056066
"C[1,239,1]",268.1627,0.939461155804753,99.2940519849299,125,197,252,319,513,11170.9166559936,0.999863705985402
"C[1,240,1]",133.6984,0.319866748731437,35.1758805390451,77,109,130,154,215,12093.4931629073,1.00008855378288
"C[1,241,1]",133.7258,0.324552634035653,35.4877126923561,77,109,130,154,216,11955.9954351182,0.999846754652517
"C[1,242,1]",133.2556,0.320713660646102,35.5692280720086,76,108,129,154,216,12300.2506823801,1.00009377886054
"C[1,243,1]",133.1946,0.323621250796479,35.4279528737476,76,108,129,154,214.025,11984.4484705704,0.999878465286198
"C[1,244,1]",134.0838,0.322608949049537,35.6181701237486,76,108,130,155.25,214,12189.6261733777,0.999920075595107
"C[1,245,1]",254.3201,0.614645328445874,67.5822711391622,146,206,246,293,410,12089.7242263534,1.00016291131385
"C[1,246,1]",254.6398,0.60951533756996,68.3173168496696,144.975,206,247,294,413.025,12562.9700780589,0.999922397724623
"C[1,247,1]",152.2201,0.411754380373809,45.0808971152801,81,121,146,178,257.025,11986.9486223126,0.99982365413945
"C[1,248,1]",152.5976,0.441485494532976,44.6279737367045,82,121,147,177,258,10218.3661325102,0.999882005114415
"C[1,249,1]",152.0551,0.415588613346989,44.3084572957443,82,120,146,178,254,11367.0031108317,0.999890217601617
"C[1,250,1]",152.6033,0.439920676852077,45.9518888264527,81,120,146,178,261,10910.8349278209,0.999730017394044
"C[1,251,1]",152.4113,0.414522721019794,44.5992538239617,82.975,121,147,177,256,11575.999646863,0.999846625830618
"C[1,252,1]",291.384,0.824808642998443,87.4639087711826,156.975,229,279,341,496,11244.7902224996,0.999756602153211
"C[1,253,1]",290.7494,0.808849879097429,86.0160663830171,157,230,279,337,494,11308.9766120561,0.999775668561503
"C[1,254,1]",118.1286,0.303006163091478,33.2624518204854,65,94,114,137,193,12050.5145899376,0.999757653535052
"C[1,255,1]",117.8343,0.320919304022545,33.1948314228785,65,94,114,137,194,10699.1493910419,0.999854223146224
"C[1,256,1]",117.5842,0.300228296254233,32.5628982830838,65,94,114,137,192,11763.6707810708,0.999729543326544
"C[1,257,1]",117.9943,0.322060891565765,32.7508553989501,66,94,114,137,195,10341.1613265203,0.999879870616008
"C[1,258,1]",117.8013,0.31854918852202,32.4248879049036,66,95,114,136,193,10361.054558009,0.999769854771755
"C[1,259,1]",225.0074,0.57633526901416,62.4367069877804,127,180,217,261,368,11736.256290739,0.999864929902248
"C[1,260,1]",225.2913,0.599833913021952,62.2047633832712,127.975,181,217,261,372,10754.3769035093,0.999675714134472
"C[1,261,1]",137.7139,0.40163531857463,42.2970205875669,73,107,132,162,233.025,11090.6183497437,0.99994819231572
"C[1,262,1]",137.5881,0.391482935992926,41.4343060586497,73.975,108,132,161,234,11201.9715647079,0.9997920223014
"C[1,263,1]",137.5502,0.394718626651347,42.8027485973594,73,107,131,161,239,11758.9372937485,1.0000297795533
"C[1,264,1]",137.8996,0.398827287147241,42.309986212871,73,108,132,162,235,11254.2365384542,0.999784750964529
"C[1,265,1]",138.0365,0.400019020735432,42.4924714362777,73,108,132,161,238,11283.9901302984,0.999824010545524
"C[1,266,1]",263.2971,0.75307110083829,82.3531300886223,138,205,251,310,455.025,11958.8180262852,1.00002545467215
"C[1,267,1]",262.8364,0.791160768681742,82.8518417285203,138,204,250,308,458,10966.671793329,0.999771843114637
"C[1,268,1]",86.0083,0.222025719216034,23.7668701667206,47.975,69,83.5,100,140,11458.7545373872,0.999923757345019
"C[1,269,1]",85.5976,0.213752167873566,22.7980799517185,48,69,83,99,138,11375.6308062614,0.999979598691711
"C[1,270,1]",85.7671,0.214293683979257,23.5034061063468,48,69,83,99,140,12029.3695625719,0.999926833022367
"C[1,271,1]",85.7706,0.217194807349235,23.83087423274,48,69,83,100,140,12038.7410591882,1.00005506460524
"C[1,272,1]",85.6791,0.226544585666432,23.7809898182913,46,69,83,100,139,11019.2612493894,0.999886246897103
"C[1,273,1]",163.8091,0.405348054618281,45.0403543563109,91,132,158,189,268,12346.600937382,0.999914157721833
"C[1,274,1]",164.2998,0.414324994001981,45.3756786746107,91,132,159,191,267,11993.9988263698,1.00009914236993
"C[1,275,1]",180.9481,0.608927554931192,62.5167164874647,88,137,171,213,331,10540.4964351577,0.999813038107687
"C[1,276,1]",94.764,0.242941679684081,26.3768246323883,52,76,92,110,155,11788.0227177632,0.999761336949415
"C[1,277,1]",94.5903,0.258748545175258,27.0596132303627,51,75,91,110,157,10936.7261160842,1.00017260398451
"C[1,278,1]",94.898,0.250297306092496,26.5447293876925,52,76,92,111,154,11247.1957473016,0.999814944871329
"C[1,279,1]",94.3993,0.250699138177466,26.3053389370991,52,76,91,110,154,11009.8682468145,0.999966574235592
"C[1,280,1]",180.3769,0.465956319924198,50.5920310103298,100,144,174,210,298,11788.9144392412,0.999807526371486
"C[1,281,1]",180.7659,0.476207364860863,50.436479665398,102,145,174,209,295.025,11217.5320006259,0.999876934432445
"C[1,282,1]",136.3243,0.310011558289879,35.975641122646,78,111,132,157,219,13466.7039344882,0.999751746090251
"C[1,283,1]",135.9797,0.310552986678575,36.0052152536622,78,110,132,157,218,13441.8610775192,1.00007080845576
"C[1,284,1]",136.0825,0.320007248855808,35.6791534926124,77,111,132,156,217,12431.0968956023,0.99977345654631
"C[1,285,1]",136.1026,0.321617133362936,36.008209235579,77,111,132,156,218,12535.0102586437,0.999837393654292
"C[1,286,1]",136.105,0.326693181148467,35.7813108370909,78,111,132,157,217,11995.8866623693,0.999753548645007
"C[1,287,1]",260.4458,0.619598280410354,69.0847561529551,149,212,253,300,420.025,12432.0872803354,0.999887360952279
"C[1,288,1]",260.5353,0.622504605116734,69.5828781497515,149,211,252,301,421.025,12494.5218189834,0.999781639312688
"C[1,289,1]",119.549,0.68469932692079,65.0863566531592,37,75,105,148,280,9036.08112773803,1.00012068011429
"C_sum",29396.3712,30.0142088984268,3296.06428841883,23619.95,27040.75,29192.5,31537.25,36346.05,12059.7289231312,0.999838522557351
"E[1,1,1]",178.594880869883,0.614671758051455,58.8347625671915,91.4413549114749,136.602183152305,169.528452846836,209.692213998409,319.262532237119,9161.81444421625,1.0002713445189
"E[1,2,1]",54.7371405675586,0.123537750548325,13.5718522973478,33.4046104260301,44.9471958985564,53.0757683326474,62.4940497268488,85.51612428934,12069.2107464953,0.99993456661449
"E[1,3,1]",54.5942975693428,0.115114332967812,13.2893853427241,33.4436359635165,45.2832855178599,52.8351859710288,62.2651901910394,85.0538190848316,13327.5704357099,1.00000312239788
"E[1,4,1]",54.6698258848741,0.114739370398062,13.289102520035,33.4329898547778,45.2893004873148,52.9242741869024,62.309228843751,85.2070287595063,13414.249467103,0.999677992665867
"E[1,5,1]",54.7040420156197,0.115606993202588,13.3194217158563,33.3382124793623,45.2090367574412,53.1624816787171,62.4104639353157,84.8835580612842,13274.0218313112,0.999796041338725
"E[1,6,1]",52.7236819502012,0.116995178601167,12.3940194707006,32.9915991167829,43.8710244000071,51.2758236045965,59.8791460129407,81.8717874703448,11222.4691103153,0.999794702364426
"E[1,7,1]",149.556777013526,0.332582206108797,37.534342633859,89.5654229044155,122.57558078419,145.170690327019,171.589642879434,235.255165612419,12736.7788668511,0.999760028058121
"E[1,8,1]",149.461000058298,0.355894157971714,37.3368448648406,90.4575739300986,122.668277030106,145.014910004472,170.895264068253,235.73954160192,11006.101468677,0.999901904847124
"E[1,9,1]",53.1821950956949,0.112071123435238,12.829987992466,32.4273275269669,43.9064346019005,51.7156330772931,60.7540821860132,81.8529481557836,13105.8456513957,0.999800878962927
"E[1,10,1]",53.2268900909158,0.110384938489574,12.9378167561205,32.0492400970058,44.1288594038616,51.7983120772244,60.9459765545653,82.3632203855575,13737.3306480505,0.999767414139752
"E[1,11,1]",53.3519784269403,0.111123802253142,13.038383366274,32.3452869357414,44.1343957690539,51.8678450773983,60.8369445368578,83.0341457207175,13766.8096280214,0.999830680791963
"E[1,12,1]",53.1884627199176,0.112009512584944,12.9286930787794,32.2725389750166,44.0122309005221,51.7042506799843,60.6682757988838,82.2786882567474,13322.9205028053,0.999733416777685
"E[1,13,1]",53.2008686226411,0.110042672518916,12.8991580722711,32.5645559520923,44.1025064488717,51.5086720766167,60.7640858221641,82.2215187297551,13740.4346596803,0.99978272436839
"E[1,14,1]",145.444616643404,0.313082091487452,36.3823448326777,87.0010628544763,119.302421591607,140.785318534049,166.58579221633,228.566379902342,13504.0774104473,0.999817058008856
"E[1,15,1]",145.587228246424,0.324847146000782,35.8152462193239,87.9055243368013,120.254930614116,141.592629590708,166.550158526358,228.475778843063,12155.6383659314,1.00000312635893
"E[1,16,1]",50.5979250273955,0.14774282042205,14.055144749321,28.3661534000809,40.7319649667344,48.7443417901829,58.4024587161445,84.0348574095967,9050.19369663385,1.00040470253487
"E[1,17,1]",50.5367806010482,0.138942116490757,13.7946952966465,28.7301645163735,40.6594159287848,48.8141286532798,58.4729805105082,82.1171474904295,9857.26435531942,1.00021167642825
"E[1,18,1]",50.5618967666639,0.137407459781272,13.8790197805324,28.6798888397134,40.6456984706125,48.7379208159652,58.2576188659822,82.8605642207082,10202.2736329784,0.999987157555433
"E[1,19,1]",50.3513472635981,0.13792462981423,13.5567485783056,28.6959209237993,40.7392904868748,48.6993048578786,58.2210121016018,81.6115541041346,9661.11895531424,0.999939603324959
"E[1,20,1]",50.4057269875764,0.139181490078554,13.8320806450724,28.4525986118378,40.4960683084434,48.7026885045721,58.4833629082157,82.1088254349095,9876.70451882052,0.999879718147899
"E[1,21,1]",138.071690127235,0.377812546572045,38.2689222548805,77.9782923896387,110.871086644294,133.33129199746,160.164672328258,225.93574621619,10259.8192812568,0.999892203148908
"E[1,22,1]",137.940862123151,0.395324401362634,38.6607579740374,77.9731499330404,110.647129586375,132.226289580735,159.627877921475,228.705102094095,9563.86605370714,0.999840674835211
"E[1,23,1]",73.9604809025617,0.157983205269619,18.5737120484646,44.5730703776495,60.8314558206686,71.5487934818436,84.3011338963349,117.582515788342,13822.1491495485,0.999995577538293
"E[1,24,1]",73.7511648938625,0.157219719490625,18.4246909797549,44.8726710534142,60.6291800763575,71.4547457002896,84.2696257929466,116.671562657657,13733.6631463458,1.00020678182374
"E[1,25,1]",73.8738418277011,0.158665231837318,18.4290184424611,44.1722695279506,60.9533805669896,71.3982609660953,84.2009533585995,115.933375639914,13490.8982880176,0.999757350432143
"E[1,26,1]",73.6991896735021,0.156525209145665,18.4767361442873,44.3139853928181,60.5630882074229,71.2381444873012,84.1885996925753,116.866934392967,13934.1964268186,1.00015063458146
"E[1,27,1]",73.8374014067394,0.156763710185118,18.6548050089649,44.3905514942857,60.8227581698417,71.5233938715168,84.2938479212442,117.928686440623,14160.8838526344,0.999909842561113
"E[1,28,1]",201.791173832453,0.446346170337811,50.7818662092579,120.582946044529,165.971031653445,195.583384606887,230.022865677704,320.412336521811,12944.1545049229,0.999799009469176
"E[1,29,1]",201.930529341736,0.443641502522615,51.0495043920405,120.91549265249,165.327414093458,195.860922415385,231.120612181146,316.862042751589,13240.9371862697,0.999950142685307
"E[1,30,1]",77.3986194937626,0.232828063437284,24.7134401282058,40.7193149800501,60.0073951225251,73.6373933647647,90.6449705470899,136.085327355959,11266.6747103726,0.999864267641483
"E[1,31,1]",227.219408770872,0.655903699880915,74.386144932452,117.224998389874,174.645476346189,215.333403300377,266.8837230184,406.94099658019,12861.8648699578,1.00002410072977
"E[1,32,1]",218.77562983876,0.610563171215104,65.4510173786261,117.433255645363,172.426394853229,209.261911275158,253.875150924372,373.215817326807,11491.3643440414,1.00003057522443
"E[1,33,1]",73.8479752789556,0.174461948580713,19.2984021889942,43.2816684575991,60.0905506315773,71.2318552743302,85.0651422875047,117.711102649374,12236.0507193238,1.00024557378785
"E[1,34,1]",74.0497247014583,0.180646766567158,20.0069124347165,42.9658657705251,60.1272788465703,71.420160396042,85.2766098330211,120.279236875072,12265.9095487161,0.99988169586904
"E[1,35,1]",202.661461170638,0.492421850707904,55.5904721219721,116.07736958861,163.103227628636,195.696826960778,233.835316806127,333.406919773761,12744.5965807575,0.99982871630822
"E[1,36,1]",202.498630920126,0.483985628859953,54.8897021216639,116.818077121061,163.110308073963,195.549340124631,233.517948635664,328.079856581943,12862.2461172578,0.999794775660915
"E[1,37,1]",80.7879527350358,0.179358269431946,20.054947814705,48.8504481805855,66.458681776658,78.361609230636,91.9385100674929,126.976641214815,12502.5978634765,0.999843845886454
"E[1,38,1]",80.7393187400325,0.184025829303311,20.1519620828623,48.8312974683041,66.2391308136575,78.2525712064887,92.164592533551,127.722703447959,11991.5992862651,1.00001430553463
"E[1,39,1]",80.8083714098158,0.190079381460581,20.2096985062459,48.963665305831,66.581848628884,78.3590427160381,92.0146993666568,127.565866469947,11304.4555148792,0.999946631320253
"E[1,40,1]",80.7738050663327,0.179839367487025,20.1150293677772,48.5990322928818,66.446796403116,78.2506762387432,92.4096722237498,126.812615150052,12510.417666692,1.00016357007646
"E[1,41,1]",80.8514506467515,0.188785671443446,20.2298223893588,49.0852744399184,66.3933754429769,78.2226868953681,92.1053858404749,126.979602781276,11482.754556141,0.999794306425371
"E[1,42,1]",220.885850469049,0.529811702053498,56.1084607421693,134.08858459022,181.061183044736,213.325530359652,251.855528080893,352.425227553952,11215.3702750646,0.999891067423408
"E[1,43,1]",221.311737848744,0.512979540434298,57.0895690191143,132.316474001411,181.15395961395,213.039947249397,253.387016145349,356.927892116672,12385.4970606103,0.999837129557779
"E[1,44,1]",72.4556038197991,0.175222902474411,18.6922643300633,43.3582450527857,59.3355971065813,69.8454987254977,83.1009820806404,115.677038664616,11379.995433949,0.999867050657319
"E[1,45,1]",72.4642384553772,0.190983273025061,18.9078847070582,42.792708666851,59.1224909348006,69.7889372766772,83.1460732329701,115.933184540817,9801.56055009039,0.999936241506023
"E[1,46,1]",72.3694759216722,0.177722065092638,18.8648587592694,42.7999130950635,58.902193816403,69.8537617998371,82.9565124950499,116.700317407758,11267.418203791,1.00009647766924
"E[1,47,1]",72.4693686722583,0.185203712329718,18.921928758052,42.9106391261749,58.965866487273,69.8951456817679,83.3229423153596,116.975496574697,10438.3398069993,0.999948295078643
"E[1,48,1]",72.3690211700612,0.177841251799416,18.9635702574593,42.8474551834817,59.0369400195166,69.8888277929727,82.9462877674067,115.836857435071,11370.38569715,0.999976923388163
"E[1,49,1]",198.15429373884,0.491214298213074,52.5575715029389,116.402751618808,161.099869283786,190.746753817916,228.270821055836,319.882325124385,11447.9725715787,0.999998519294958
"E[1,50,1]",198.050417672108,0.495330311946432,52.7004262985842,116.133522336281,160.759149903502,191.094081200189,227.053408571046,319.58441177854,11319.7919604326,0.999894853071739
"E[1,51,1]",41.0798518332123,0.113335562362054,10.7353276770257,24.1072763611007,33.4179647603902,39.7224914748022,47.1091914485362,66.3092595027115,8972.18463764731,0.999904968926724
"E[1,52,1]",41.133340294836,0.11438951517785,10.8009381373343,23.8367170072247,33.3714016010215,39.8251106912742,47.4207624152269,65.7966720958873,8915.59883276102,0.999831149632897
"E[1,53,1]",37.6798459270928,0.109216104661169,10.0190437838351,21.4162809319557,30.4822491149649,36.4486423047683,43.5763019159752,60.6116425915469,8415.48564363921,0.999757861138103
"E[1,54,1]",41.0805973674449,0.116097352100616,10.8956292547894,23.6750933871363,33.1965461094495,39.8266156010996,47.5503378795749,65.8631938309352,8807.64912118407,0.999792605741718
"E[1,55,1]",41.2027376622555,0.114378889459393,10.8931879060704,23.8040607723674,33.4120836589096,39.9162144673307,47.5158562804603,65.9984834908822,9070.22873606423,0.999859024374085
"E[1,56,1]",112.54894277187,0.315107434994996,30.0868376385563,65.0803017114145,91.2746295146099,109.085088238025,129.578004979768,182.411702226237,9116.66053296253,0.999867933258912
"E[1,57,1]",112.432342624634,0.319865409253446,29.4921267426775,65.2733627194697,91.6071483754808,109.099971551031,129.412429768588,179.96478916857,8501.14900825456,0.999822136680657
"E[1,58,1]",48.4781156817434,0.111197105893708,12.6709913266035,28.7454855571194,39.4586169248806,46.7263577650036,55.4194973075715,78.3665590295304,12984.7687366258,1.00016342665642
"E[1,59,1]",48.2969620119176,0.115425374538525,12.8763007989,28.0758508911007,39.2012552897176,46.5122825706564,55.5023277980699,78.4224716043637,12444.5627575655,0.999915662552978
"E[1,60,1]",48.3399370997391,0.113832880907291,12.7910099932603,28.3901971386188,39.2838706274553,46.5339666953234,55.6109798790827,78.0281902939488,12626.2452885273,1.00001038231849
"E[1,61,1]",48.3143953282893,0.11494424258236,12.7887901809646,28.2470673757737,39.3443036345879,46.5052529877043,55.4302271539079,77.8457106379798,12378.9690932564,1.00006906894404
"E[1,62,1]",48.413167462647,0.11151633791395,12.6741678280517,28.6098848922223,39.5075079798232,46.7244699326322,55.4774839820243,78.532063957502,12917.0074157621,1.00005318527524
"E[1,63,1]",132.060709357955,0.329032998672628,35.7548389621136,76.5663886415351,106.705984406909,126.610813685702,151.864473003692,215.66491033231,11808.3914528685,1.00028401286673
"E[1,64,1]",132.443614679653,0.31862902117839,35.2157034922276,76.8685761402469,107.402471188803,127.728267035959,152.045409554945,214.912660270702,12215.2420833806,0.999879238473682
"E[1,65,1]",36.8517781359798,0.0979254342444625,10.2600771700031,20.4091561062682,29.5576241026656,35.5312689704595,42.7505022026181,60.7990720609662,10977.6717974542,1.00007354382833
"E[1,66,1]",36.9041829984484,0.100123849268574,10.3471640633428,20.4382041793556,29.3179789738306,35.5853846234028,43.1347434266545,60.3089611105809,10679.9100528725,1.00007604992334
"E[1,67,1]",36.9074090371076,0.0987750205160547,10.2730124162586,20.5416730686518,29.6544429013694,35.7065048396604,42.7976501303298,60.8761965080811,10816.8639885089,1.00005182390772
"E[1,68,1]",36.8265609736719,0.0980572088853569,10.1705904637288,20.4000040049701,29.5850323141404,35.7232610946925,42.6463668596966,59.9535776306328,10758.0430927929,1.00001403998437
"E[1,69,1]",36.8464700797782,0.101346315486177,10.4319712350821,20.3802530753151,29.344872628937,35.5298848423666,42.9100674636933,60.7445550465849,10595.3872237157,0.999908426986503
"E[1,70,1]",108.703315730766,0.311698159752012,33.4638525434306,58.2328145292003,84.7789683969648,103.990424286263,127.305930882707,185.371415924365,11526.126967469,0.99997994978836
"E[1,71,1]",100.656773942705,0.288706056776147,28.836367374426,55.2158060008654,79.6164473865571,96.7494839545609,117.560642783361,168.59190533933,9976.29561251164,0.99984260055353
"E[1,72,1]",46.8022978827684,0.113476612514494,12.434439110809,27.2805014398246,38.0636532137642,45.1094715708325,53.7539740288672,76.3379319793498,12007.1427634128,0.999703946120077
"E[1,73,1]",46.7024421937958,0.106566808450271,12.325660630098,27.5036728794226,38.0672579798761,45.0094202888463,53.5553063945941,75.6461553641551,13377.5472316373,1.00000496510073
"E[1,74,1]",46.7592219807747,0.109881906557602,12.3458916289593,27.4387476882743,38.1455813689746,44.9810559757825,53.9091601175714,75.5131766279501,12623.871013661,0.999831833907871
"E[1,75,1]",46.773891178372,0.109588896622368,12.3753716204562,27.5525158572814,38.1315771054465,45.1901101838518,53.4896814317628,75.3290119238163,12752.1493322788,0.999700905595275
"E[1,76,1]",46.7336067796672,0.109991909363643,12.5964746173277,27.2286292530125,37.7278263816074,45.1504719511465,53.8382946171788,76.3626810975496,13115.2492796083,0.999777093979739
"E[1,77,1]",127.659011338336,0.296873059016288,34.1551407157041,74.429870905843,103.656494359761,123.166521382473,147.074065193065,207.185831287739,13236.4213306843,0.999777754456238
"E[1,78,1]",127.718363843592,0.311327886343054,34.1232219138562,74.4750399002003,103.643342044609,123.048746666673,146.298164327352,207.505683697719,12013.3468073187,0.999849849096776
"E[1,79,1]",47.5145993093269,0.109228087920827,12.4158373912249,27.4412907214178,38.7834982353377,45.8952029161935,54.7553824537732,75.8307005678611,12920.6204676199,0.999870966911569
"E[1,80,1]",47.7122514674467,0.114489431752762,12.6953676333884,28.1524218663995,38.4786359748165,46.1375886494003,54.8379767751134,77.2638028360031,12295.884181825,0.999702844437046
"E[1,81,1]",47.721595480088,0.112795235779251,12.5641279295668,27.8193345466427,38.5732416234021,46.3608112500264,55.0529297955548,76.703611676804,12407.4686571008,0.999866209250402
"E[1,82,1]",47.6800316018198,0.111146154208822,12.5798166376422,27.7029012994553,38.6677284727723,46.040764166554,54.9126047648886,76.5506635842068,12810.3130084288,1.00004277063361
"E[1,83,1]",47.5806279362119,0.112713580390682,12.6872895296617,27.7025958924075,38.5569965678118,45.8740205872844,54.8715608704192,76.879089222551,12670.2507683051,0.99990300171722
"E[1,84,1]",129.964852743248,0.300476423490497,34.3998605774904,74.8205848645208,105.283093534367,125.783709190447,149.893736615414,210.28762861563,13106.6759535791,0.999868360049934
"E[1,85,1]",130.524747093015,0.306554318859192,34.8482989036884,75.64873146997,105.808851473232,126.094050529558,150.907751389523,212.586681946394,12922.5519953516,1.00030385427852
"E[1,86,1]",58.1784132955434,0.147570997193445,14.7708058882609,34.8451492766767,47.6580246118261,56.3539998828061,66.4546414861498,92.3001413332709,10018.5843210623,1.00007584205363
"E[1,87,1]",58.1472984393898,0.139311028129623,14.5564490940468,35.3720046299595,47.6869790600402,56.2188881054041,66.4845117173271,92.3888883652198,10917.9197330176,0.999826733153983
"E[1,88,1]",57.9529551836834,0.143808491702137,14.5450003503425,34.9567431847378,47.6279225004694,56.0365891122624,66.3147585111144,91.1302569571547,10229.594282751,1.00010613408318
"E[1,89,1]",58.1524449907463,0.145999252688254,14.6483428714486,35.0396752656643,47.7600650924314,56.2512673954046,66.5826193040227,91.9104631003743,10066.4358004074,0.999800940543642
"E[1,90,1]",60.2809421376614,0.147834284105354,14.1060980535698,37.6185723547864,50.0478864783675,58.6039230407138,68.6049109157206,92.2625555098858,9104.65453408922,0.999785427742201
"E[1,91,1]",159.321641797796,0.408862138377106,40.9872167560845,94.2825418189491,130.184383021927,153.799605615677,182.925456044207,254.034966886278,10049.467859575,1.00023880860308
"E[1,92,1]",158.728300745477,0.397752892059087,40.1073427638344,95.186806625449,130.267328378011,153.491882825386,181.760705773884,251.333978474376,10167.6616791743,0.999880066772226
"E[1,93,1]",34.7157887287713,0.0725900267610678,7.48809930924299,22.3262713432398,29.3889018638305,33.9481986043772,39.2278011218159,51.6450051860695,10641.16746605,0.999993315629138
"E[1,94,1]",34.7182736730914,0.0693925471932003,7.5770586008843,22.2679892801609,29.4210173378402,33.8393611380328,39.1663930355709,52.0537535380682,11922.7279189945,0.999935322373159
"E[1,95,1]",34.7198562524764,0.0698788678868044,7.42536141099023,22.599929124739,29.5169333067127,33.9834084887588,39.0713784978688,51.3247225232235,11291.2876861678,0.999802717241152
"E[1,96,1]",34.6419821609531,0.0679288387795764,7.49169059878887,22.3039183651118,29.2289888273398,33.8595273175628,39.0200722366512,51.3222003643642,12163.2962618722,0.999876140889865
"E[1,97,1]",34.7870940425436,0.0699025654699691,7.59093829862431,22.4671463046685,29.3989114102073,33.9870398768356,39.1619810215873,51.8970382181743,11792.4676321849,0.999957319400052
"E[1,98,1]",95.0959415386581,0.194020167698089,20.982179926485,60.9279606917244,79.9840273761381,92.9263211041732,107.423355370103,142.657084233418,11695.1948673815,1.00008506532799
"E[1,99,1]",94.9783478033655,0.189718812302109,21.1588130407449,60.7695986263476,79.8330264859839,92.6371897167983,107.358733115238,143.514666851808,12438.3223563806,0.999839500489439
"E[1,100,1]",35.8387303519292,0.0686270543891197,7.84121280671893,23.0183606632935,30.3558461887443,35.0127211409068,40.4394411682786,53.637599366954,13054.9665717575,0.999724970047058
"E[1,101,1]",36.0261402224142,0.0707791713365723,7.94836503443912,23.1345027922094,30.3685409115665,35.1301578965887,40.6429098558663,54.4904241570254,12610.8587378951,0.999862137332659
"E[1,102,1]",35.9954423267761,0.0696239489072605,8.05235426579127,22.9595816008805,30.2182124510226,35.0741865626995,40.8500407334685,54.035789846308,13376.0672472739,0.99975359304711
"E[1,103,1]",35.9348810591905,0.0693075896520263,7.93445316851578,22.8786092361878,30.4945230233252,34.9887020737773,40.4548033160726,54.4101772243599,13106.0678352091,0.999773652822525
"E[1,104,1]",35.9460692295201,0.0705925219819652,7.98854205493515,22.8989628175989,30.2050928911292,35.1080883514051,40.706776361358,53.9814194242051,12806.1226281557,0.999953131124233
"E[1,105,1]",98.5141848485182,0.190986577427559,22.3465035077995,61.8400360460137,82.4870099907365,96.0748283706002,111.564535369004,148.552048506231,13690.3158519083,0.999778170802906
"E[1,106,1]",98.4173486441711,0.198188399284623,22.311684103689,62.5709787746658,82.3637160568973,96.0446113099017,111.793027915729,149.124499253434,12673.8407217062,0.999810046365139
"E[1,107,1]",36.4400028919797,0.0767225641599765,8.07112158352166,23.291811560121,30.5647704035014,35.6861379987397,41.3856224478656,54.3341724547734,11066.7872498659,0.999948927280534
"E[1,108,1]",36.3936898716614,0.0766266162318596,8.14679520906268,23.2136044733985,30.6194044650233,35.492352605281,41.2490114377785,54.6489286630535,11303.5355068138,1.00001782301181
"E[1,109,1]",36.3645140770267,0.0759331292702876,7.95163598937105,23.3531245828473,30.6466417137204,35.5454392352485,41.0913080529648,54.0534187747427,10966.0541366046,0.999928099686832
"E[1,110,1]",36.3993464971961,0.0742301116148586,7.98581801045864,23.2666593830454,30.7312382444263,35.5421169129102,41.094569610723,54.3253346962091,11573.8697460151,1.00001247897617
"E[1,111,1]",36.3964240532517,0.0781556052177973,8.00642485966206,23.3271642154234,30.5992384262643,35.5389243598498,41.2659988062809,54.0947757694003,10494.3852532822,0.999917311155142
"E[1,112,1]",99.5005421832557,0.199308819425857,22.190535847249,62.835047296838,83.7772547313081,97.2426893076629,112.662351728475,149.427910251098,12396.0279175908,0.999885570110691
"E[1,113,1]",99.6191697710629,0.218113282453889,22.4655133539968,62.9911983396276,83.5910080574353,97.243065402393,113.107527853839,148.601514656969,10608.8538554225,1.0004709165665
"E[1,114,1]",70.0911440594498,0.136726015742243,15.230959745436,45.1505422573924,59.3395325508384,68.3620103500595,79.0905257045141,104.472278356847,12409.4411476354,0.999846990910096
"E[1,115,1]",70.1683656731012,0.136273251151456,15.416402295079,45.2458641750327,59.3807602361601,68.3388126505076,79.1357574074338,104.736325538416,12798.0804282942,0.999967083339316
"E[1,116,1]",70.0578549787533,0.130027324524879,15.1874435753795,44.7867036967152,59.2550192853339,68.4526146554207,79.2873266467403,104.545250642843,13642.6928605427,0.99990814283921
"E[1,117,1]",70.1351872335776,0.131805749095507,15.1953506246669,44.9064866493524,59.3834231191871,68.4782917555334,79.196023018653,104.669284689921,13290.8496109306,0.999754872860231
"E[1,118,1]",70.1619798084077,0.133557429263559,15.4040474415784,44.5326227930143,59.3866677256429,68.3286337450434,79.3036546792892,104.615080116493,13302.509961678,1.00001628904624
"E[1,119,1]",191.997080449157,0.373455550376367,42.2638054834398,123.325048122404,161.88675729074,187.407367310213,216.332373368623,285.415128661107,12807.3524426204,0.999768455376236
"E[1,120,1]",191.743500206647,0.371631509892431,42.5816874531697,122.229304569314,161.034292035325,186.897221933728,216.734511574499,288.21591558974,13128.66830902,1.00010195796326
"E[1,121,1]",92.406525588318,0.174091022993997,19.1973930107446,60.2485605589874,78.7266653921786,90.4600011288856,104.046893098636,134.434825082775,12159.949104587,0.999784077803065
"E[1,122,1]",92.7269332373036,0.177228774535135,19.8822971669459,59.918984927756,78.7234886235338,90.6764365736151,104.499321474279,137.183261524427,12585.3312896271,0.999729410524782
"E[1,123,1]",92.4925652967814,0.176722977080518,19.4748404188898,59.7616878214001,78.6409531646552,90.6227730266389,103.990325816988,136.741929265822,12144.0005210317,0.99982878978326
"E[1,124,1]",92.8016256492327,0.173205664716771,19.5289945592571,60.2220804693659,78.8101989195344,90.8356713248729,104.654367541119,136.89595753862,12712.6352285596,0.999968272922038
"E[1,125,1]",92.5559838315008,0.175295893419272,19.1181036003738,61.2103887067939,79.1121024665128,90.4695867215835,103.879415391221,136.006629753001,11894.4985316646,1.00000996024664
"E[1,126,1]",253.149685127832,0.477305578761542,53.992362033623,163.684259923346,214.958863798713,247.235485287566,285.874310647512,374.551116368843,12795.923456513,0.999909080686192
"E[1,127,1]",253.622490051333,0.472218389327451,54.9047003232308,163.686074634191,215.098296943895,247.800358499346,286.486651918482,376.143625075921,13518.6479943625,0.999987179990536
"E[1,128,1]",91.1291078300381,0.202055713288468,21.8836581538659,55.9519475424094,75.5661453572442,88.4701810471095,103.874963791057,140.818895161999,11729.9881686854,0.99986364580191
"E[1,129,1]",90.742567480745,0.193898822614056,21.665265949889,56.3732149535175,75.3854159304427,88.2452002302662,103.353712851797,139.794942195601,12484.6883332385,1.00005399339315
"E[1,130,1]",90.7759658240623,0.196668860491435,21.5222507284905,56.4266617664981,75.5805254072391,88.1556568402537,103.025216196,140.490373578797,11975.7899500253,0.999875907171412
"E[1,131,1]",90.6442787764915,0.187097024826918,21.5467914737737,56.3046865786654,75.1412273289609,88.1221187631279,103.313944910815,140.109731488968,13262.6849817968,0.999903293224749
"E[1,132,1]",90.9180997402837,0.187153727835717,21.5001891048445,56.6235992637841,75.3534575487585,88.6139387243499,103.437733059599,140.156317853163,13197.376159932,0.999726217833736
"E[1,133,1]",248.68826297612,0.542777340962552,60.6397314841867,150.694671531892,205.38153939151,242.012972536942,283.362411141954,388.815335995708,12481.624725953,1.00001123907481
"E[1,134,1]",249.583548942623,0.558150060700701,61.4248042451302,150.136302781234,206.381756383091,242.105021898238,285.327744971736,389.581366295886,12111.1563181022,1.0000288288969
"E[1,135,1]",90.5048396304912,0.202403214798924,23.3743786595577,53.3558190280354,74.0384479242491,87.4465361306056,103.590545640729,144.82059276478,13336.6065216804,0.99991592822669
"E[1,136,1]",90.2949240815485,0.205117351589739,23.2903596443006,53.7101835949881,73.783249853869,87.062145091975,103.374225615119,143.750644176254,12892.8101887546,0.999839699562877
"E[1,137,1]",90.3671989867417,0.210576584796892,23.0812478780562,53.7924530803152,74.1143391417355,87.3903580027781,103.691825744863,143.707204185296,12014.2984012916,0.999742406425965
"E[1,138,1]",90.4481269908928,0.209833637178966,23.5343322289156,54.0488169456369,73.4842081337078,87.2029802711002,104.005412497722,143.789448085371,12579.215080913,1.00010459235705
"E[1,139,1]",90.4170638136207,0.206464844909689,23.1524740427407,53.8718918379656,73.8321626296299,87.500726885332,103.403033784839,144.781825368306,12574.8433435603,0.999880621936924
"E[1,140,1]",246.46395798093,0.557368379308792,63.8276944601778,146.137419177855,201.040117370552,239.089896700595,282.580165305066,391.46495376682,13113.954170532,1.00017707942516
"E[1,141,1]",247.542583045546,0.580222073087488,63.3691165441778,147.437738609987,202.282766296672,240.023887846938,283.523303042304,393.958006698753,11927.9775246736,1.00029249318711
"E[1,142,1]",70.7726158255772,0.151948905710142,16.4971604093818,43.8231208171775,58.9485284212347,68.9440224130803,80.6565748904292,107.857828314166,11787.5416692139,0.999840814668722
"E[1,143,1]",70.6195188733351,0.154553129474824,16.5698623988143,43.5901840040668,58.8679203418721,68.6825419489303,80.102849829536,108.366306104744,11494.2912454671,0.999814682124786
"E[1,144,1]",70.5824271226586,0.149057250021484,16.3374609417793,43.8754492094565,59.0848012662624,68.8780439065901,79.8852379801722,107.747768422907,12013.3163996392,0.999789997698843
"E[1,145,1]",70.6868615457999,0.152860953563213,16.5117881746518,43.8748888295574,59.086999422864,68.5635835683393,80.540576907749,108.251720659582,11667.9642071227,1.00008509649996
"E[1,146,1]",70.7294798015399,0.154513632306807,16.6403438534932,44.2468425764731,58.7664926859229,68.7358407881906,80.4271373691005,109.125885526073,11598.2105467862,0.99981757914149
"E[1,147,1]",193.428828710019,0.422840264768626,46.2967575766547,120.125776944723,160.601990139136,187.555418972386,220.708602724816,299.667312209261,11988.04818213,0.999902182377884
"E[1,148,1]",193.422415504126,0.42427453076131,46.2204264199321,117.87645329302,160.626706797326,188.419839481446,220.475613331427,298.499469528899,11867.9025649796,0.99983402840766
"E[1,149,1]",88.799783017565,0.157069178527812,18.4304279909088,57.825716960234,75.7378633935609,87.0917301176767,99.9297643603064,129.44675960911,13768.5718821424,0.999753684135754
"E[1,150,1]",88.7958436594169,0.162829533328612,18.2220276418642,58.7295799750124,76.0141768827478,86.8532851540432,99.5828444650981,129.266074589506,12523.5382293784,1.00009849826826
"E[1,151,1]",88.7839407831755,0.162172119995664,18.2573939317685,58.857690838885,75.4844515229157,86.8916499579584,99.9297814343988,129.260266176929,12674.3350706345,1.00013061682858
"E[1,152,1]",88.7272075876095,0.155068199430731,18.2523690185404,57.7997741100596,75.9539264438357,86.8233228579235,99.7167172612951,130.150370350001,13854.5681379612,0.999818025210103
"E[1,153,1]",88.8776205025395,0.16178260784791,18.5717496557651,57.4544497030166,75.6308329437846,87.1781232286568,100.354854811156,129.131342496898,13177.7716661182,0.99999055488673
"E[1,154,1]",243.126455225026,0.441847024594756,51.9847258677763,156.988813721787,206.422493802454,237.612262660657,273.493711533581,361.142372978564,13842.280536791,0.99983715861644
"E[1,155,1]",242.682221886073,0.447889530479131,51.5567592038738,158.01749230641,206.167648296205,237.472198694927,273.295032671872,354.637250745251,13250.4125123921,0.999711597114472
"E[1,156,1]",49.2721496812107,0.221202358882019,15.999408271477,24.0166176923749,37.8527571332551,47.2844828207031,58.367675297508,86.3596266979872,5231.52534646839,1.00037305290926
"E[1,157,1]",49.5329875000304,0.234678415024515,16.0846746827882,24.2944893129344,38.127465139197,47.2486432590373,58.6251993057154,86.8531530880441,4697.6241911594,1.00030527834517
"E[1,158,1]",49.4330579541854,0.228638942566357,16.2015230236821,24.0255975504914,38.0279567837965,47.391961291888,58.5885708868026,85.7830944004364,5021.24345717598,1.00015714267605
"E[1,159,1]",49.402025771468,0.218399143959386,16.0341730253066,24.2853202994423,37.6929030627877,47.3453309346542,58.3146451962279,86.2675346502305,5390.03106244857,1.00040018104701
"E[1,160,1]",49.3838330968495,0.227869943785748,16.2127056090373,24.5457558881579,37.6579751449148,47.1523215340707,58.5786482455656,87.2901292740225,5062.17206954209,1.00022488914885
"E[1,161,1]",135.462398001156,0.655005367053514,45.1286347136794,65.9194009307816,103.313603774426,129.210194018897,160.586809413286,241.769429610219,4746.95016825678,1.0004750210355
"E[1,162,1]",135.040048560848,0.614401125390857,44.1874111175204,65.5018719992523,103.232661673938,129.379427608601,160.085220461994,237.695344221583,5172.41199396887,1.00039951459519
"E[1,163,1]",74.1283072657069,0.143015210889732,15.3780762234805,48.461085130244,63.0954349312285,72.4672686758391,83.3554077410173,108.159801188011,11562.1754883254,0.999953049305384
"E[1,164,1]",74.1690760104495,0.143409040103995,15.677020336073,48.5766641838207,62.9376108592775,72.6367142005134,83.6226119680485,109.480152862922,11950.1673066552,0.999938482533849
"E[1,165,1]",73.9135606154704,0.131868177338027,15.5217893137679,48.1392390102451,62.7438995389581,72.4578580979188,83.293544979618,107.984224910292,13854.9052934224,0.999743445576599
"E[1,166,1]",74.0774744785194,0.144851409353277,15.5905200773382,48.4593980932045,62.8524226175593,72.4164708705003,83.2981482879017,109.188888687952,11584.4589659424,0.999879333742085
"E[1,167,1]",74.1704777131959,0.147142192842263,15.5598621586273,48.1924812461841,63.0977635113582,72.688320109932,83.4999156161706,109.311269374663,11182.452001361,0.999911512057882
"E[1,168,1]",202.111596232614,0.398025787397175,43.8304545665571,130.124082215851,170.83356943795,197.657616096629,227.716498544699,300.429448917276,12126.3340887779,0.999979004071479
"E[1,169,1]",202.559993816833,0.375535702978192,43.3616479426994,131.119903574432,171.776738689263,197.976647916629,228.064367063136,301.079744851853,13332.4232679845,0.999890567658415
"E[1,170,1]",79.8649431147429,0.15528660274654,18.0175749841988,50.3769915134163,67.0471984355098,77.9158434885532,90.3613550262016,120.593337354089,13462.4684517966,0.999975161425394
"E[1,171,1]",79.9792800205262,0.154648275938146,17.6174114681392,51.4403254128421,67.3574872758596,78.0669866934207,90.3390673020821,120.042907147943,12977.5894204528,0.999933875384117
"E[1,172,1]",79.6494600385446,0.156619361779495,17.4706869564646,51.1776572873389,67.2196932917812,77.7029289675353,89.9708267897017,119.567545330181,12443.1135473428,0.999811286562205
"E[1,173,1]",79.7100982478012,0.161324008602887,17.6720256315666,50.721091678012,67.2228510451943,77.8131361327648,90.151268133166,119.603524907748,11999.8179051544,0.999960302394996
"E[1,174,1]",79.7992244068708,0.169283957779592,17.8365800924413,50.926697369639,67.2462218097043,77.7510016059879,90.0543471804748,120.584054079688,11101.753200923,0.999800060497969
"E[1,175,1]",235.905317977321,0.536180660968511,60.4188748784174,141.088715381824,192.847319149678,228.625351924637,270.085319033259,375.294937458875,12697.6389984736,0.999761366643128
"E[1,176,1]",236.421796964243,0.579983984993829,60.7611793175888,141.905362799973,193.850358131551,228.272680616653,270.478791628045,379.08402415993,10975.4007245458,0.999791416619677
"E[1,177,1]",217.478837317215,0.940435145801696,84.387079902706,99.5274860224247,159.843119126974,202.883652776412,258.616063780209,425.107803213594,8051.8229312158,1.00003132372278
"E[1,178,1]",73.3816481482248,0.287307414059554,25.7308223171665,35.3809060260035,55.7250038892311,69.4977023379005,86.5412592951596,135.792704885281,8020.72571719843,1.00004978649539
"E[1,179,1]",73.3608730269085,0.289628309076829,26.4993011842955,35.0857172900241,54.956921193814,69.2039708494576,86.5835462546179,136.913720354778,8371.18278816168,1.00001076027265
"E[1,180,1]",73.0387851938154,0.282688451535872,26.0576016787003,34.8981562232031,54.9969278964804,68.8779095487866,86.587392493722,134.994907819061,8496.74820238962,1.00011217210355
"E[1,181,1]",73.3674420795256,0.290539805414791,26.5997774060464,34.8658833712634,55.1177944636849,69.1419703237068,86.4493323476572,136.503222397046,8381.94336453271,1.00003740742651
"E[1,182,1]",200.69727665159,0.821527744797763,72.2609982963178,94.4495153174576,151.171278071621,189.315186100102,236.289570040619,373.926902759157,7736.83694326175,1.0001233305214
"E[1,183,1]",200.962370666497,0.797984056444169,72.0436121808446,94.214960778353,151.314490347291,189.28198924395,237.358135648415,372.568274710665,8150.84305320381,0.999859459618597
"E[1,184,1]",62.7897892785054,0.130273272429589,14.1691426948616,39.259696893952,52.8813916438599,61.3794785057849,70.8820560378414,94.7029192214593,11829.7754969052,0.999791981976949
"E[1,185,1]",62.6486321118225,0.132850880942241,14.1466830046202,39.9256930284282,52.7181541957104,60.8753387128625,70.8610055597901,95.3578607559888,11339.1465163062,1.00030311660745
"E[1,186,1]",62.701885273952,0.127680258925538,13.9183481489956,39.857601436169,52.7201024033672,61.2804942413267,70.9469792186024,93.9744926139028,11883.0488301903,1.00017426498426
"E[1,187,1]",62.8265106304069,0.131657989331305,14.0416303769676,39.9548291250445,52.860042382536,61.1309404646205,71.1066712330278,94.8544478566343,11374.7179579975,1.00006906551386
"E[1,188,1]",62.7482504316441,0.123776625220514,13.9370836386156,39.6735664967684,53.0080487812877,61.1140713062142,70.8175666348136,94.4693235268703,12678.460961897,1.00002010411355
"E[1,189,1]",172.510944451353,0.352249542053693,39.6287488799855,108.6900629403,144.369798122802,168.00762707081,195.276887701453,263.037610022832,12656.6814159126,0.999757611806494
"E[1,190,1]",171.712596252682,0.347249051687753,39.2239832539032,107.920107584141,143.84484653458,167.450135524596,194.474936912225,261.077233640677,12759.1355963608,0.999923813828803
"E[1,191,1]",78.8799904420083,0.297662011785032,28.0780729095946,38.0838114066796,59.4327996135228,74.1399983547612,93.4137635065863,148.0008576317,8897.90510049098,0.999928998815408
"E[1,192,1]",78.8825597010613,0.301781505299557,28.11215384451,37.8321123389924,59.236388977216,74.3727597217889,93.377882848725,145.8639658253,8677.66740721789,0.999808390762585
"E[1,193,1]",78.9818468205567,0.297330861073301,28.010317902289,37.9452436239594,59.2722329482007,74.559145765126,93.9411042382578,144.851591167841,8874.74940045158,0.999993972711397
"E[1,194,1]",79.1987948185471,0.300125167161364,28.3664910435869,37.7783566165821,59.3756697257739,74.2565193548087,93.5739459109965,147.247057404912,8933.18654677875,0.999869934373654
"E[1,195,1]",78.9294087280529,0.291288019269611,28.1181522556056,37.6038567372622,59.2434268906036,74.4227607126984,93.7321857163754,144.158723670705,9318.12027177806,0.999818779435763
"E[1,196,1]",215.671392723504,0.812337483564295,76.4647923998839,103.848090905161,161.603881997809,204.312030544323,254.82226468473,402.216206899807,8860.33293034523,0.999803930136938
"E[1,197,1]",234.105316029811,0.96186398642624,92.3325674502855,104.225266231224,169.061345274678,218.506239593326,279.915115443259,456.981653872202,9214.72746550895,1.00012838967309
"E[1,198,1]",95.1210268155774,0.216032539424159,23.5699704495226,57.1181482458514,78.3181339122888,92.1899018926366,108.817159200098,149.689119301774,11903.6386438482,0.999670229088582
"E[1,199,1]",95.0689933350554,0.202740464992421,23.5179401873094,57.5537261371972,78.3004451902589,92.059181492283,108.662985272788,148.471770585838,13456.0529227862,0.999918541430962
"E[1,200,1]",95.0142991655075,0.21192177762717,23.2525348984589,58.0738644505174,78.558849780426,92.0775688021933,108.563018199735,148.832724176528,12038.9728007459,0.999882070179829
"E[1,201,1]",282.93298713617,0.769302862311164,84.8507041336152,152.175866108451,221.35662369156,272.116178462309,331.759015194796,478.299344868356,12165.1146060542,0.999909231046733
"E[1,202,1]",94.7091403698175,0.207512313987321,23.2518541395768,57.0510670746079,78.1734355670378,91.8863020706414,108.298860150652,147.292579627095,12555.3097997429,0.99980712730471
"E[1,203,1]",259.794132941069,0.578869795907847,64.7481783420769,155.786114098267,213.681544693514,251.696594437015,297.508449042883,408.125830158427,12511.0375967104,0.999937956886312
"E[1,204,1]",259.737435636605,0.568475091491476,64.3426472347667,157.450313592822,213.204536332404,252.487851313545,297.167311276889,404.442730322055,12810.7621964788,0.999924064039034
"E[1,205,1]",109.504303211071,0.420633835789503,40.3942557849148,50.4076691411025,82.0126146803569,102.819884209404,129.631931252977,206.762386922772,9222.12094551881,1.00021619813302
"E[1,206,1]",109.697070358091,0.479701792409353,40.6503567412414,50.678847749008,82.0777474956362,103.03196298981,129.247309744038,208.306362597621,7181.0184089777,0.999967352796501
"E[1,207,1]",109.615704675791,0.438466668238281,40.5428747335035,50.4074110724238,81.5530326947971,103.124599536339,130.394398155762,206.720888688912,8549.79910782552,1.00025440723007
"E[1,208,1]",109.481334130192,0.451384918906973,40.3146794537107,50.8778057401949,81.980348003066,102.774013389809,129.249850376676,206.300077634433,7976.86665539586,1.00020096328819
"E[1,209,1]",109.41498689658,0.463345449019674,40.2822630017566,50.6630425494898,81.3282376501816,102.969378253552,129.814913467008,206.983932889266,7558.19196041719,1.00017526471732
"E[1,210,1]",299.344333186552,1.23069146944782,110.762320849341,135.992046956283,222.911755824788,281.817469786769,353.758043097033,573.835257356884,8100.01295843314,0.999913781905241
"E[1,211,1]",299.028827398732,1.1607223927945,109.566490563811,138.278046970401,222.663973014568,282.281266763244,354.996971494962,558.368678334152,8910.43233801844,1.00013068405131
"E[1,212,1]",129.158708966203,0.277823013376677,31.8092265485925,78.3024769191221,106.477995179716,125.285674613562,147.568212040053,201.435903349335,13109.0066385494,1.00011718330031
"E[1,213,1]",128.825893781547,0.266947759425988,31.3916044308538,78.3985693873481,106.51257842815,124.890748542815,146.967606070405,201.286400592705,13828.480645704,0.999778041858894
"E[1,214,1]",128.855169048073,0.280592632576534,31.8653391121328,77.8762244819152,106.382060272864,124.700604376615,146.798183566992,203.669143692115,12896.8771154032,1.00010061317753
"E[1,215,1]",129.013877036392,0.278637859998428,31.7223106909187,78.2463956693539,106.7824444566,125.106435180956,147.370568191056,202.045071965859,12961.3242887994,1.00005365295334
"E[1,216,1]",383.051901543453,1.04409762588019,115.10785714318,207.306359481455,300.790127780688,366.9212236826,448.846676923739,650.407585333363,12154.2375937414,0.999795198900992
"E[1,217,1]",351.960737453605,0.767429053530225,86.6334470534086,213.859674303619,289.808003187338,341.679377083203,402.578456807805,549.612945450019,12743.6758485973,1.00004994149546
"E[1,218,1]",352.353716251858,0.777798179450241,87.6700322533626,212.640427379341,289.792878416572,341.123220394516,402.729733053285,552.656650273435,12704.81917157,0.999724420413523
"E[1,219,1]",118.672699044273,0.447788673767731,42.6320224780633,55.4409889970973,88.6446750418213,111.990929401683,141.406895292461,220.210295936721,9064.12035432744,0.99988567664411
"E[1,220,1]",118.708856617782,0.450437758185519,42.6345147523628,54.4642037115936,88.8749133133198,112.053750288326,141.895650792626,220.518607603552,8958.86664629733,1.0002196976776
"E[1,221,1]",118.563947930211,0.459956003040398,43.1548035395438,53.9602610950759,88.3854605151294,111.592438254236,141.253046956679,221.629609644878,8802.89871556429,0.999968355945699
"E[1,222,1]",118.603292180098,0.456518587623931,42.405164981225,55.1245588913273,88.7136672748505,111.91907085812,140.814787061515,220.246082727473,8628.20757058717,1.00005497214827
"E[1,223,1]",118.770065694354,0.453709012118532,43.1374589722644,54.9093105387521,88.3942091541157,111.938592095966,141.84440911356,221.450555656769,9039.70601567937,0.999947373586816
"E[1,224,1]",324.153620745656,1.24324942839486,116.879248139296,148.243789165675,243.207128404826,305.940331371157,385.049330502784,600.911162040531,8838.08719566245,1.00004204134753
"E[1,225,1]",324.406971787981,1.2650665149493,116.907222738763,150.639276749474,242.520832951546,306.512353411016,385.265085499608,605.800159322337,8539.96254383828,1.00020479937843
"E[1,226,1]",113.707806086272,0.235907480621861,26.2763992633509,71.0962861810522,95.4195434977038,110.467305646349,128.723614129234,173.932515902492,12406.4714174685,1.00012892894868
"E[1,227,1]",113.747969975845,0.235526110808622,25.9587304453197,71.5392851431273,94.9951084365366,110.859463465672,129.205504832261,172.34104326394,12147.552258324,0.999977769140208
"E[1,228,1]",113.64271895416,0.231711431379986,26.2802020922639,70.8659917161311,94.8815928893181,110.526853815766,129.553150924109,173.441996973899,12863.5986395628,0.999837431687383
"E[1,229,1]",113.841602455101,0.242515329657647,26.2309904204175,70.9913344108336,95.5557373672096,110.718399494691,129.082270446194,172.455644992115,11699.0604660182,1.00008446714867
"E[1,230,1]",113.844530031646,0.22973748739823,26.4563041217315,70.938920700119,94.6940396447672,110.981517422698,129.376912024746,173.88363012395,13261.5600025434,0.99991150903693
"E[1,231,1]",311.258135605783,0.647179017166999,72.0564470350324,193.174470509297,260.859445528565,302.855619892247,353.987087831069,474.240549297787,12396.4356950093,0.999947832227967
"E[1,232,1]",311.573140861157,0.633205333923909,72.5131030925959,194.274079032935,259.701767400821,303.255377852834,353.381202993115,475.180778128119,13114.2618808704,0.999840170237688
"E[1,233,1]",119.142915984435,0.314458531982377,32.277896719072,68.9252477792823,96.0854120221048,114.687963153607,137.221814111294,193.776159164136,10536.1923362851,0.999978780287959
"E[1,234,1]",119.11835693628,0.29300491611439,31.312443183803,70.1006025296972,96.510293842538,115.177780659748,137.034800853764,191.782562297126,11420.4731245845,1.0002683566786
"E[1,235,1]",119.067225578538,0.297078211441931,31.3682014803803,69.24137352254,96.8554275759923,115.187706618857,137.151665343931,191.322441110675,11149.0441805113,0.999787342429937
"E[1,236,1]",119.284182319395,0.291338464946387,31.7881073310109,69.2993345198407,96.5973237571937,115.086250341481,137.387708470212,192.573758011771,11905.1175027465,0.999814826405524
"E[1,237,1]",119.243497589816,0.297846358360332,31.7555606400482,69.0386319949605,96.5990882383809,114.635867230716,137.306769529282,193.242930425454,11367.2387057196,0.999815353340356
"E[1,238,1]",325.87599198265,0.830462143853836,87.9650304040949,185.969859180285,263.620049508253,314.35108118328,375.524036627988,530.110035918673,11219.6790568102,1.0000487630583
"E[1,239,1]",325.866489834576,0.835987431184174,88.5371299879508,186.32695640826,262.67978814845,314.559934065373,376.758784068447,530.364121427279,11216.3456321234,0.99995629551214
"E[1,240,1]",114.999959211019,0.211449483047194,24.0059418529052,75.0942286005405,97.759301747321,112.267159609684,129.483915875908,168.766368128396,12889.1489996001,0.999964243901798
"E[1,241,1]",114.994360508526,0.205031946064137,24.2060996653071,74.8003585779114,97.7374800476559,112.314148382922,129.627385163922,169.230908765381,13938.1959756354,0.999667771938244
"E[1,242,1]",114.665344384681,0.209705658323167,23.9513415915374,74.6462894110837,97.824814353734,111.991706473775,129.187556877844,168.563842603318,13044.8590716077,1.00008803589562
"E[1,243,1]",114.624663803256,0.214847654940728,23.9920256297778,75.2046564258676,97.4591872357623,111.872293903035,129.029746110457,166.962327799776,12470.176428323,0.999819411128331
"E[1,244,1]",115.223104490265,0.208757513874412,24.3686620123484,74.6933950093369,97.5765353922215,112.616637568005,130.266920382075,168.607935544657,13626.3373482582,0.99983035577601
"E[1,245,1]",313.916216190141,0.604949092693625,67.9008155327645,202.805390119341,265.271274865656,306.506434246637,354.328233266627,469.740350251935,12598.310897106,1.00014816285903
"E[1,246,1]",314.239632957802,0.583121778383183,68.4529432087822,200.071385277117,265.728490565341,306.447710413528,354.642910474835,470.312151747848,13780.5238870782,0.999795979531931
"E[1,247,1]",118.611253461312,0.250016297721126,28.5536606533001,72.5646644184086,98.2163185316387,115.475969989628,135.143085017211,183.714812128902,13043.2839253972,0.999921587930757
"E[1,248,1]",118.747706206181,0.268818312808631,28.2541760112243,72.8433043441421,98.7910499318494,115.342407075228,135.096606242473,184.450508921397,11047.0823288063,0.999868862070226
"E[1,249,1]",118.478404838052,0.24933951033429,27.9447639223932,73.2897272624262,98.8584700089949,115.141644472224,134.91259935442,181.429742672087,12560.8400572764,0.999947532365858
"E[1,250,1]",118.715680771563,0.264663803222242,28.7270384952288,72.5575041558624,98.444315955723,115.552164957693,134.533585811824,185.021912137712,11781.283713607,0.999783695040854
"E[1,251,1]",118.700390647454,0.255611781802925,28.3156719087719,73.3181072930062,98.7311783156298,115.572136360434,134.616647573979,184.455200739074,12271.3405232129,0.999922420471517
"E[1,252,1]",325.040248344711,0.716191563085674,80.0698457581306,197.092772748461,267.354022858729,315.528560663965,372.447228412144,503.108898956725,12499.1241730899,0.999807672833907
"E[1,253,1]",324.398321831575,0.69786060158491,78.2277635163187,197.429736032647,269.044278690777,315.077054280799,369.556158903539,503.442620164997,12565.6357822792,0.999744544536542
"E[1,254,1]",100.628255220937,0.196944413444152,22.4490250388251,63.7726740320468,84.5661723929302,98.0798480719606,114.126862904348,150.973407402736,12992.9460923507,0.999930682799287
"E[1,255,1]",100.466465481614,0.202058486379409,22.3671386649185,63.8869902805207,84.5167798464856,98.1126645977773,113.874453769112,150.246278340434,12253.6838056455,0.999916337566325
"E[1,256,1]",100.213671403633,0.195556447203452,21.6695377716717,64.2888072758581,84.8422426904373,97.8345561176947,113.315770382494,148.179839589862,12278.7743420595,0.999878288789857
"E[1,257,1]",100.582553304318,0.205726813161356,22.2060327285364,64.4634140278978,85.0604552242335,98.0658477467789,113.762260475836,151.370846157053,11650.9182193664,0.999923068069379
"E[1,258,1]",100.422264928046,0.209868674511737,21.9483911986876,63.9489743888682,84.7680247896852,98.1044800877002,113.433249185267,149.911430454853,10937.3005224701,0.999865611607002
"E[1,259,1]",274.669856270513,0.577558923466111,61.3337028730882,172.430209780138,230.378389897629,268.962324930289,311.808153850654,411.424379125428,11277.3166113263,0.999898330872015
"E[1,260,1]",275.10574321349,0.575041679950232,61.4209015170643,175.721340389725,230.905704023714,268.076508358239,311.460714733448,413.354164846556,11408.6360234728,0.999668521545729
"E[1,261,1]",149.914944565972,0.338002783433667,35.8010342577941,92.3354284186118,124.032143363571,145.39727012674,170.834349229822,231.849037698991,11218.9081643694,0.999991516214931
"E[1,262,1]",149.746771955292,0.332235990029277,35.065359902064,92.91878113897,124.81997808766,146.000935957408,169.752738916132,229.914959087346,11139.4371831595,0.999935663372745
"E[1,263,1]",149.851522220749,0.329489951392934,36.1557188000649,91.8486573392585,123.945999522863,145.084492535861,170.924270399613,232.938053193986,12041.1967175554,1.00009947691664
"E[1,264,1]",150.001708608633,0.332555616105958,35.9328502962265,92.2624794662171,124.188398729415,145.498014699637,171.35089280032,231.862120288558,11674.9428450936,0.999805497812659
"E[1,265,1]",150.060178251122,0.327092368731626,36.0625658658935,92.6934726156973,123.745500555785,145.855667951063,171.392727817207,231.638773176083,12155.4886922713,0.999865981888376
"E[1,266,1]",410.502338235598,0.891890853343292,101.519163621217,249.932872509863,337.084216085696,398.445200415758,470.08089919622,642.103161963764,12956.0507947866,1.00020263153167
"E[1,267,1]",409.959037452296,0.932921977097385,102.239473490691,248.548992863291,336.768920932634,397.414349806285,469.22715692669,640.790239102513,12010.0982615404,0.999921446414346
"E[1,268,1]",106.948046464162,0.201037208142278,22.8143450404762,68.7841630721999,90.9467566704221,104.440802561512,120.442237332308,158.911787520647,12878.4359387232,0.999804433407495
"E[1,269,1]",106.645762406357,0.185159583737469,21.5737859626878,70.670967348527,91.2892467743934,104.501505700161,119.69659434927,154.522783615443,13575.6408466514,0.999796975014004
"E[1,270,1]",106.791347549071,0.191839471622757,22.6154870066848,69.4457581314737,90.6622296169667,104.364657722816,120.399348072255,157.689526744068,13897.4765389914,0.999861874851466
"E[1,271,1]",106.887100157618,0.189163803338073,22.5815533864892,69.395884519524,90.8376544237025,104.584933128848,120.525491166099,157.77226492236,14250.5475881668,1.00013954290516
"E[1,272,1]",106.730861551596,0.200786052059287,22.4083421838128,69.223091531367,91.1327109359253,104.211250675873,120.275140219276,156.519127523936,12455.2478578541,0.999890301755842
"E[1,273,1]",292.163681323931,0.538708198050652,62.8802192967228,189.744392266843,247.404572201754,285.665010032779,330.513860150595,436.179357928342,13624.5110645348,0.999893789728129
"E[1,274,1]",293.103564513202,0.546008233377561,63.2741496931287,188.147618052968,247.685825819355,286.952766591197,331.294097973533,431.601148047891,13429.3270989663,1.00000415785815
"E[1,275,1]",251.742779240375,0.621203602868175,68.2518097519764,146.5329527492,203.623461184455,243.286074718867,288.988386734158,411.307025912154,12071.4770009686,1.00019211259694
"E[1,276,1]",85.0280085607642,0.181463611080514,18.8222742402587,54.0093953199562,71.5517121513998,82.9222636566409,96.4828171361783,126.933025600039,10758.8312469166,0.999775931138211
"E[1,277,1]",84.9485558991342,0.187891224081047,18.9903195705659,53.6378521357053,71.4116445835024,82.9759732610485,95.9122314604179,128.397627882926,10215.3100980677,1.00034608843229
"E[1,278,1]",85.0694458007633,0.160920585845513,18.8215226277556,54.3302251824983,71.5131229118404,83.2450082339056,96.5125006889519,126.806644120629,13680.0063303308,0.999792897066624
"E[1,279,1]",84.8588021496867,0.177201070344896,18.7876711793526,54.3467710815914,71.5971180469655,82.8184009858166,95.8631197889395,128.758213188172,11241.2141016724,0.999861770402131
"E[1,280,1]",232.222438515133,0.475089735071211,52.7983462622346,146.521358706126,194.614051600469,225.936913611589,263.187929754355,352.686360191114,12350.6366651618,0.999840515965674
"E[1,281,1]",232.318681344285,0.540222455796714,52.2011039287388,148.134106310245,195.340660991034,225.147549202514,263.488429781023,349.996082615575,9337.14512720382,1.00019805341786
"E[1,282,1]",89.5510370580567,0.163126188058835,18.9100120207429,58.4747464409384,76.1250029129921,87.4859874234041,100.51433949545,132.460072999696,13438.0494364591,0.999774683388811
"E[1,283,1]",89.2856226344052,0.162034786862128,19.0355822935093,57.8664442135836,75.6999956531976,87.1527841994949,100.350247861841,132.652489266019,13801.1669098345,1.00019475559618
"E[1,284,1]",89.5816543466213,0.165519666431518,18.7512183472028,57.8147060905043,76.1948125664643,87.7127591797017,100.724534302891,132.216703903707,12833.9332759644,0.999916501005588
"E[1,285,1]",89.473328710957,0.168592475891963,18.9370224260538,58.4916753535168,75.9824878562747,87.5246602482368,100.473866094867,132.229755460005,12616.735826683,0.999961493064201
"E[1,286,1]",89.5929153550862,0.160356933963065,18.8994861795408,58.2938296680273,76.0364286178209,87.4169450923065,100.817540269818,132.224111861563,13890.7119823183,0.999923283036502
"E[1,287,1]",245.718320440517,0.467699731760853,53.9751484161604,155.598675979455,207.584831174807,240.991287353407,277.450303358024,365.161211448361,13318.4427658925,0.9997614911175
"E[1,288,1]",245.607642736009,0.465304646597811,54.2139625348695,156.194127240657,206.926735540658,239.67715572575,278.438374306464,368.389237766438,13575.2402294945,0.99979329920866
"E[1,289,1]",87.2142071783133,0.33191363770995,34.109007228214,38.5496460712761,63.2590906751729,81.5117466874951,104.522084935379,170.030923274584,10560.5846949644,1.00001578565946
"E_sum",35069.0025375502,32.513277305403,3610.91179352263,28596.1864850354,32543.7026983899,34836.9356599832,37411.2003975966,42577.0255054488,12334.2362639725,0.999975505887892
"R_G_out",1.28030230379747,0.000153703680599181,0.0186996917401817,1.24404031552805,1.2678672449701,1.28017856849262,1.29259443176272,1.31753814701513,14801.3170054145,0.999972255408219
"R_G_boat_out",4.52785146247376,0.0237336135001377,2.43880306041226,1.50895491984126,2.85545283776006,3.96166382327927,5.59398107673657,10.6995006169811,10559.0715174656,0.999810686213056
"kappa_OSP_out",3.13469317381243,0.00851985820537285,0.966325515001988,1.65895751992432,2.45031907706506,2.99310126309534,3.66652320796282,5.43614027208444,12864.1815290877,1.00000752267182
"f_crab_out[1]",1,NA,0,1,1,1,1,1,NA,NA
"f_lower_out[1]",0,NA,0,0,0,0,0,0,NA,NA
"osp_f_kappa_out",0,NA,0,0,0,0,0,0,NA,NA
"sigma_f_out",0,NA,0,0,0,0,0,0,NA,NA
"cfi_kappa_out",0,NA,0,0,0,0,0,0,NA,NA
"combo_c_out[1]",0,NA,0,0,0,0,0,0,NA,NA
"sigma_c_out",0,NA,0,0,0,0,0,0,NA,NA
"cfc_kappa_out",0,NA,0,0,0,0,0,0,NA,NA
"sigma_IE_out",0.576520652947871,0.00197170993906995,0.18834157587235,0.287065462183099,0.443946876535618,0.550402308399453,0.680704045385057,1.02716792404954,9124.44270488096,1.0000095189484
"B1_C_out",-0.361284334654046,0.000693933621412887,0.0719487107716921,-0.500247396546653,-0.409734145185926,-0.362041860641053,-0.313330670075522,-0.220767039198586,10750.0422998659,0.999656775246373
"B2_C_out",-0.0879307419857471,0.00209028195813765,0.171672901432982,-0.420472644140564,-0.203824051936313,-0.0884336644037402,0.0272585760704066,0.253772718057368,6745.18320970594,0.999762143569114
"gamma_C_out",-0.00396054226090502,0.00821068442900394,0.989749048465904,-1.94137269910173,-0.664476845662943,-0.0173218246006648,0.67748364396423,1.92352444604966,14530.8648815307,0.999786552145825
"L_out[1]",2.43144038746629,0.00395672204211956,0.434376676078615,1.69136717703753,2.12613868137765,2.3944469120328,2.69976994439777,3.37993107576105,12052.0773607902,1.00002848151798
"L_out[2]",2.43402587235102,0.00380591696152713,0.443404783794254,1.6813871437679,2.12045184412567,2.39151808928661,2.69863182022342,3.42025651855055,13573.1963487266,1.00049173716944
"L_out[3]",2.42798000238392,0.00361950734220539,0.429321104509743,1.68734479089588,2.11668739650965,2.39432205304166,2.69025778690063,3.37124625445562,14069.0752371177,1.0002617047788
"L_out[4]",2.43174587706945,0.00366573544622667,0.433316019013936,1.68760723566737,2.12637151116217,2.39234976706953,2.70042294450382,3.38811444865143,13972.9225243349,0.99977735704189
"L_out[5]",2.4330374917516,0.00370663734733541,0.433688351816521,1.69663815256564,2.13107177949344,2.39164548284986,2.69527815696721,3.38501310283454,13689.7438189687,0.999904811314068
"L_out[6]",2.34685633239978,0.0035164704270331,0.400815169253372,1.651743957665,2.0710866733512,2.30830050395708,2.59335197997706,3.23879375696449,12991.9505872242,1.00000528952693
"L_out[7]",2.43034366205987,0.00389145995704345,0.434611682078977,1.68508312111229,2.11764258639312,2.3951069486308,2.70180605687092,3.38520571403942,12473.1934940641,0.999930360191884
"L_out[8]",2.42870550198262,0.00379940252670863,0.42852469208364,1.69793550596396,2.12514802471533,2.39548964598555,2.6896193217171,3.36813661570901,12720.9951967672,1.00013514314592
"L_out[9]",2.42962891574371,0.00386977978959197,0.430704700554204,1.69752823712101,2.12351759114205,2.39812915082484,2.69346680275592,3.38735254752611,12387.58703309,0.999860185640721
"L_out[10]",2.43104445808469,0.00375249931614231,0.433971394938202,1.68363956232267,2.12394729848387,2.39101422964861,2.69852219129941,3.38120367631701,13374.6050014382,0.999888692192588
"L_out[11]",2.43673258985837,0.00364467111489324,0.436338949575367,1.68982940983192,2.13135548094751,2.39965056823158,2.69868760960279,3.39028073287999,14332.8076915979,0.999811423570906
"L_out[12]",2.42903133918771,0.00382179308239199,0.430188217439846,1.6911935960166,2.12191879648964,2.38851671724858,2.69166302445531,3.37393864795485,12670.177012613,1.00004462897973
"L_out[13]",2.42982908328337,0.00361723271054568,0.427206249358837,1.70510221566703,2.12887484560074,2.39405863903839,2.6935546601821,3.39213287512173,13948.3326188508,1.00005914534464
"L_out[14]",2.42840347682746,0.00379429790068624,0.437082909269617,1.68233196879864,2.11868673021733,2.39059629636843,2.70284912938096,3.38743843095583,13269.8128901068,1.00003340721194
"L_out[15]",2.43223679669481,0.00385072353155314,0.432273474135257,1.69522102243443,2.12088750386365,2.39555184033481,2.70565000660232,3.37916589122003,12601.7974564809,0.999873569431137
"L_out[16]",2.43423306071434,0.0038724814943565,0.434137027482854,1.69542737768013,2.12382833539587,2.39363882907741,2.69949075106255,3.37412963188773,12568.2541592716,1.00068477759689
"L_out[17]",2.43435396512535,0.00382383573120127,0.438364133558251,1.68330672015118,2.13141775687156,2.39324653910703,2.69911309146626,3.41931051563378,13142.3059355076,1.00005161634123
"L_out[18]",2.43326499013451,0.00359962271545121,0.427608705126625,1.70609451028656,2.12962295569394,2.39850198889087,2.69079078947236,3.37528137861834,14111.6926220031,1.00003150230221
"L_out[19]",2.42522595300691,0.00367931032505826,0.421452783874912,1.70231019486147,2.12645781879941,2.39053306079304,2.68059729742847,3.36491809929004,13120.9419892926,0.999725703579809
"L_out[20]",2.42581863228549,0.00387644874686188,0.429466165774949,1.70150394851802,2.12212388623377,2.38999553925879,2.694328989662,3.3765700662549,12274.1045236566,0.999867845478196
"L_out[21]",2.42974938877625,0.00366754334438794,0.424821576197428,1.70298877422692,2.13026218146913,2.39430039614098,2.69584501270328,3.37571896263351,13417.2224903746,1.00000302252245
"L_out[22]",2.42740166922674,0.00375939896439937,0.433528885399688,1.68682241140386,2.12058124876205,2.38995900392596,2.69050759130574,3.40413977032034,13298.3954558317,0.99987906294966
"L_out[23]",2.43664681180668,0.00397686836076169,0.437746706631702,1.69710079473721,2.12390632379342,2.39575271452926,2.69835138444135,3.40957538524889,12116.1137969588,1.00013279943051
"L_out[24]",2.42887574119823,0.00369486226549604,0.427319527446185,1.69741905241821,2.12841947929423,2.39327475386976,2.68722887305144,3.35678460148518,13375.4675326171,1.00005970339307
"L_out[25]",2.43351430014519,0.0038536710904646,0.43038560613332,1.70537422738496,2.12625133925619,2.39587382792632,2.69947330749475,3.36508766700291,12472.8639890912,0.999804859107896
"L_out[26]",2.42680198797166,0.00359214706298386,0.427501540319495,1.70104876853081,2.11704474405843,2.39136078840119,2.69207833364785,3.37030451719141,14163.3879422658,1.00002926019235
"L_out[27]",2.43148809035779,0.00365478202286262,0.435180497743837,1.69734608581169,2.11957332603061,2.39127699351461,2.69507719237387,3.38870846622199,14178.0299384389,0.99971650416291
"L_out[28]",2.43095613837726,0.00378469471872226,0.427068015539291,1.69455986787918,2.13070824058164,2.39560099795559,2.69675248502055,3.35861659454799,12733.0482747988,0.999726404096998
"L_out[29]",2.43141944275512,0.00382933648985964,0.423655399393417,1.71002468225095,2.13021666535953,2.40031592090531,2.69155201766141,3.35238636130835,12239.9158265417,0.999863937493797
"L_out[30]",2.43344231073611,0.00377764797044589,0.431600711409142,1.70453037495683,2.12852062394788,2.39470144513556,2.69767356916856,3.38093612888038,13053.3305079608,0.99971163713191
"L_out[31]",2.43004895191652,0.00384120528324075,0.431636786005688,1.69093307097414,2.12378388320409,2.39079091049652,2.69527296814217,3.38321774070243,12627.0489814138,0.999764375862825
"L_out[32]",2.42780630603233,0.00385992389941884,0.432859151281811,1.67263337026125,2.12316823859079,2.39515570077451,2.68981936283441,3.38279748211804,12575.8029085079,1.00021930542659
"L_out[33]",2.42655748148629,0.00376385736746707,0.427091248370444,1.69694745600185,2.12625305661386,2.38716679551811,2.6844430870507,3.37125181845773,12875.8239469827,1.00034307569087
"L_out[34]",2.43023138784333,0.00385288996326434,0.438744125934545,1.68025450471466,2.12482854947441,2.38747142060815,2.69547891667596,3.3822432794773,12967.2958121068,0.999792514066077
"L_out[35]",2.43127727643464,0.0037430098427058,0.437347946758827,1.6921685577787,2.12081347503104,2.39015837230772,2.7021862383063,3.39076524388357,13652.5018993458,0.999836077202533
"L_out[36]",2.43062739715557,0.00362253145542805,0.432834895449481,1.70252813490751,2.12527971387886,2.38692230385122,2.69719899471278,3.37955438581798,14276.4491485236,0.999867431704283
"L_out[37]",2.43017788719727,0.00363092508206838,0.431449647003793,1.69595332731287,2.12808830815659,2.39281470548352,2.70290423821804,3.35733408811947,14119.7061916458,0.999886573032007
"L_out[38]",2.4280023145,0.00370765060831331,0.431264811272308,1.6950387830487,2.12031223488815,2.3886944172317,2.68865155519627,3.38151173240804,13529.7709482757,1.00029029494168
"L_out[39]",2.43087763757675,0.00396480987251344,0.439483990862961,1.67807054460691,2.12704218598959,2.38924221774484,2.6886951517045,3.42010972292085,12286.8734996559,1.00033475506744
"L_out[40]",2.42834805302892,0.00367117616372407,0.427882328558387,1.70117250960617,2.12714555352648,2.39128387431194,2.69546094459934,3.3499330684719,13584.3308811468,0.999999170477542
"L_out[41]",2.43111466970699,0.00388883939884748,0.431482818900798,1.6919703139033,2.12151078640526,2.39974446834517,2.69778816891818,3.38026412544281,12310.8204871759,1.00011157940125
"L_out[42]",2.42889868662462,0.00361732509660027,0.430380952286712,1.70032205008458,2.12080594651758,2.38878681602806,2.69000579414959,3.37478303284858,14155.6886333755,0.999716838976435
"L_out[43]",2.43285310951724,0.00364859534989745,0.438510142805071,1.68963052756391,2.12072615285,2.39280844864817,2.69453985474376,3.42375443811141,14444.6786860252,1.00007299958392
"L_out[44]",2.43396018095613,0.00374225701562279,0.433360197211873,1.69548723855929,2.13289508396867,2.39817763256271,2.69654756833213,3.37495232157403,13410.0629941434,0.999794985144602
"L_out[45]",2.43288678929643,0.00395130282489365,0.433173685178591,1.68769342859092,2.127602297323,2.39579307745918,2.70200856392591,3.36233625192151,12018.3127608546,0.999814382628815
"L_out[46]",2.43106874935112,0.0040079414838604,0.443478863403769,1.68462803778597,2.11751069912241,2.38713706877465,2.70799006742756,3.41861724899735,12243.4301315733,1.00024018305088
"L_out[47]",2.4338910288194,0.0039382590852147,0.44117348455609,1.69303810781906,2.113559439517,2.39746841394389,2.71027132861752,3.3895170969595,12549.0323245744,0.999889795435459
"L_out[48]",2.42978323152276,0.00365283913615397,0.439668538714735,1.68977742023386,2.11988791610465,2.38959300206367,2.69422829600069,3.39325991957016,14487.37446188,0.999901413713073
"L_out[49]",2.4330196374429,0.00384785051461226,0.437497874704579,1.69080032973819,2.12323348385084,2.39351691353603,2.69723011745583,3.39514253960583,12927.5287336679,0.999751627564159
"L_out[50]",2.43169547292882,0.00390721415567085,0.442363525660733,1.67948179243427,2.11769081186852,2.39410329072813,2.69855281856851,3.41358716725879,12818.1157819661,0.99978522034541
"L_out[51]",2.43041488604333,0.00364901826965485,0.430908356985407,1.70966723826791,2.12139143090598,2.38878037460921,2.69599848908421,3.3896732961362,13944.9755812583,1.00018326967964
"L_out[52]",2.43342307546551,0.00367970229352382,0.438459610274636,1.69974239904321,2.11621078733773,2.39399413522134,2.70532780510991,3.39014010378506,14198.2173453036,0.999907557018142
"L_out[53]",2.22697518654488,0.00376430504693976,0.402779783237519,1.5529620393091,1.93845541563585,2.18932466322463,2.47463558587585,3.11646767514414,11448.9512919914,0.999878240504706
"L_out[54]",2.42893690683628,0.00405220762652557,0.437787577233392,1.68065239305859,2.11974016189373,2.38979131330683,2.7003960842807,3.36974154492852,11671.9518780466,0.999902650414328
"L_out[55]",2.43743648187913,0.00375555549581836,0.442396841573971,1.69399628734265,2.11768110325921,2.39928877148734,2.70912712475327,3.41997996639665,13876.3634891362,0.999831261295987
"L_out[56]",2.43495492687694,0.00376070239396152,0.440432226771752,1.68557870649635,2.11996941914005,2.39244639904771,2.70962877488247,3.42059799589865,13715.771621146,0.999940944305076
"L_out[57]",2.43325013667543,0.00379059102225037,0.42998983407608,1.69754747328734,2.12717078024497,2.40092438265734,2.70163014348407,3.37253562255481,12867.747096417,0.999942971986149
"L_out[58]",2.43528872194125,0.00380555133695181,0.429519237767247,1.6949253316495,2.13613594128617,2.39754486280486,2.68867349342057,3.40722069343113,12738.8455051317,0.999857592101839
"L_out[59]",2.42422955137966,0.00367088136554573,0.433110889967716,1.68282735667365,2.11647037599213,2.38758147927156,2.69325808744836,3.35511028876483,13920.5857063567,1.00010099484481
"L_out[60]",2.42815158341962,0.00382821311097304,0.436225066122872,1.68749960872852,2.12196998247046,2.38889905921249,2.69094636505823,3.40193850963369,12984.61334236,1.00001705705875
"L_out[61]",2.42641763927492,0.00356213106176433,0.43450625380623,1.68964087599763,2.11745127754026,2.38432480084596,2.7012203043069,3.37385187215142,14878.9496547862,0.999884762190678
"L_out[62]",2.43166041762993,0.00356420143166921,0.426461100721714,1.6991504492426,2.1295043455312,2.3975656787688,2.69812261834591,3.35307907496035,14316.4178781522,1.00006801201935
"L_out[63]",2.42367499532152,0.00367657709049674,0.431048049754361,1.69119881294896,2.11819583014656,2.38707982988445,2.68587990470372,3.36922120036544,13745.6099357391,0.999809692335905
"L_out[64]",2.43318338836028,0.00374986827075379,0.433156356267834,1.69806459797904,2.12316651947341,2.39843759895811,2.70154987420657,3.3791194731616,13343.1190283574,1.00012989830323
"L_out[65]",2.42972644982371,0.00375757829711857,0.429884102158103,1.68627579064522,2.12618397962796,2.39396307640852,2.69718588683562,3.36978894716202,13088.4039827296,1.00023177520024
"L_out[66]",2.4338830507167,0.00392181034849742,0.442442905490892,1.68257311218955,2.11786691206071,2.39378602226848,2.70999296728262,3.38524590158064,12727.4469341952,1.00009218516401
"L_out[67]",2.43332171369351,0.00351821759140316,0.429779510387498,1.69732705179864,2.1338691050395,2.39701993234304,2.68789376341266,3.36584144119872,14922.6523693823,1.00023321549994
"L_out[68]",2.43078934860822,0.00371279521003397,0.438223926333919,1.69011624419679,2.12176629322053,2.39285829089716,2.69519160272096,3.39453168861836,13931.253056042,0.99983339412464
"L_out[69]",2.42787056341257,0.00372974589904467,0.434816001312572,1.69166590424655,2.11962340234827,2.38815720311942,2.69461620496563,3.39128829494621,13591.0354558226,0.999873708144171
"L_out[70]",2.42662635090483,0.00381147338793297,0.4349966701443,1.69422484971628,2.11845410509195,2.38813197658517,2.69012137394059,3.39098345887281,13025.2504088592,1.00006183334019
"L_out[71]",2.4258096342115,0.0040600848230058,0.440358633593713,1.68003203115239,2.11322978304648,2.3851263217334,2.6876145721423,3.42001687339662,11763.6695696212,0.999837430974494
"L_out[72]",2.432267517045,0.00401692426298303,0.436664351084177,1.68430256271689,2.12473008509283,2.39386456161582,2.69681906325656,3.40309686930345,11817.0259444332,0.999955108428249
"L_out[73]",2.42702714689195,0.00366118148987439,0.426027965755305,1.69941128135076,2.1263269362605,2.39322194892655,2.6846923061024,3.36171833957369,13540.4688017079,1.00004441019148
"L_out[74]",2.43103365967722,0.00376404198411137,0.434785168126483,1.6890094959301,2.12150653456721,2.3874828926851,2.6967523455736,3.39107278190187,13342.6017458808,1.00037491479084
"L_out[75]",2.43044222365598,0.00373684495767767,0.428978571092568,1.69919340479483,2.12554924957815,2.39103596345055,2.69041530998351,3.37239905716203,13178.3500100509,0.999667611856219
"L_out[76]",2.4269043532831,0.00372895515718529,0.435670574577969,1.6860787020312,2.11394751293956,2.38919713245238,2.69595278316476,3.36835218067359,13650.2980883606,0.999882604063769
"L_out[77]",2.42701619031729,0.00369628703368594,0.434639032353207,1.67525355523515,2.12118532150477,2.3894319084159,2.69584063686568,3.37739539892959,13826.9398204725,0.999945165038128
"L_out[78]",2.42739216381939,0.00376209682905187,0.426273501901608,1.70092719503063,2.1357631878335,2.39218320947375,2.68145168825329,3.35986624490788,12838.5724156282,1.00040983580758
"L_out[79]",2.42584375843736,0.00359062876628503,0.429504270792304,1.69093703774461,2.12003110524159,2.38441424174114,2.69233356225795,3.38803923322219,14308.4951754435,0.999698486987294
"L_out[80]",2.4349612235472,0.00390739925182795,0.439250202410626,1.68719017244813,2.12167725761483,2.39553272691465,2.7068293859564,3.38832218400239,12637.1273638513,0.999751712656518
"L_out[81]",2.43581607408093,0.00372893602457346,0.434584797260922,1.6933100717506,2.119262469438,2.4033753398647,2.70874235192497,3.38263367287196,13582.4837592686,1.00004751011072
"L_out[82]",2.43354262695209,0.00376597532303521,0.433471475543622,1.68605834496487,2.12683965215298,2.3963934887853,2.69939859692013,3.37477674254543,13248.4816460281,0.999805559617644
"L_out[83]",2.42716992164754,0.00379761360290032,0.430537029900188,1.68617893255002,2.11893234588035,2.39477296330402,2.69066798048968,3.36188109627896,12852.8509811356,0.999979841441903
"L_out[84]",2.42553386592997,0.00356262361200713,0.423912374259176,1.70755164891244,2.12363968561638,2.38495261894678,2.6880590487549,3.36505163887772,14158.3389217633,0.999739211298332
"L_out[85]",2.43636147090162,0.00363916525167726,0.436877313718077,1.69668833465009,2.12431333148681,2.39907742634619,2.70495148637878,3.3914922648489,14411.7072726924,0.999996847847349
"L_out[86]",2.43321431356029,0.00376981716970845,0.439753926438929,1.6928569107769,2.11933678250554,2.39625341004048,2.70928459557952,3.38339016146445,13607.516683792,0.999786720310901
"L_out[87]",2.4322106702822,0.00345809966843119,0.428340148016743,1.68551294932592,2.13303982676853,2.40064074911957,2.69273237124678,3.37434694107874,15342.7268177891,0.999857360444275
"L_out[88]",2.42495411178205,0.00384286369957782,0.4347024737213,1.68871783123296,2.11513790159181,2.38777700663553,2.69462661751994,3.37456496033065,12796.0008783993,1.0001160439706
"L_out[89]",2.4325936506923,0.0039086773297013,0.437417918596579,1.68103132836181,2.11694851760526,2.39616969537564,2.70106292554797,3.41070126339383,12523.7243351908,0.999969752129537
"L_out[90]",2.52629124575051,0.00375409315957142,0.421340760069983,1.79967830061178,2.22377106856406,2.49493047468963,2.78589081054073,3.45048030156833,12596.7020597147,0.999844314572218
"L_out[91]",2.43676507696918,0.00387739193133755,0.442690098505035,1.68379971602496,2.12483886816501,2.39569488621881,2.7031091014212,3.40440455188629,13035.2754371312,1.00008625930794
"L_out[92]",2.42858112016032,0.00386063539303728,0.430445043905237,1.69946184917348,2.12517750406458,2.38823368067894,2.69054493444341,3.39435322636833,12431.3372293635,0.999948376163337
"L_out[93]",2.4280733575034,0.0039242265021796,0.429925927055664,1.6987199148493,2.12296699311031,2.38571932906487,2.70284885180693,3.35776857643906,12002.7052128094,1.00015172505126
"L_out[94]",2.42799367472567,0.0037821674485773,0.433991177314126,1.6923642538675,2.11943202133213,2.38712610735553,2.69203323301756,3.3953156092748,13166.8017473095,0.999740357281659
"L_out[95]",2.42901475581664,0.00383336370162765,0.426410528153717,1.70398817878071,2.12505740074654,2.39547774928642,2.69341762733318,3.35875868607081,12373.5918246025,0.999814180614518
"L_out[96]",2.42325356521004,0.00382525149997251,0.430778204949282,1.6946092722717,2.11354244888109,2.38799468710571,2.6927972531839,3.37100822849692,12681.9914545906,1.00000264576862
"L_out[97]",2.43323857831913,0.0040179997338592,0.436977858669409,1.69770181162028,2.12359030587309,2.39168840222883,2.69412945707871,3.39106798239504,11827.6661359881,1.0002295344489
"L_out[98]",2.43247748114952,0.00374834134449356,0.432656829624242,1.69943904513315,2.12498720309078,2.39608761080106,2.69760271713192,3.38749532260412,13323.2096127231,1.00008421153886
"L_out[99]",2.43001962401301,0.00377582630748239,0.442455420046071,1.68718804035947,2.11126741710058,2.38849980306613,2.69919381620035,3.41269634575069,13731.4064684917,0.999880930333872
"L_out[100]",2.42433076102584,0.00378458639580763,0.429427320374085,1.69360541059543,2.11543869393521,2.39182120878689,2.68131612003068,3.36865923529723,12874.8593754807,1.00014150145941
"L_out[101]",2.43626766015512,0.003880294090932,0.432245128055785,1.70029450806464,2.12796739984427,2.40087699015243,2.69486119812523,3.40041867637227,12408.8326928603,1.00013937745064
"L_out[102]",2.433934277545,0.00367377449065916,0.439453651378695,1.68562507590071,2.11959114172786,2.39462743217976,2.70991458589923,3.39461366248334,14308.7325494243,0.999838542244017
"L_out[103]",2.43102839546872,0.00389040058774392,0.436775203949189,1.68655869852441,2.12056392215535,2.39127023530982,2.69729593090646,3.39676335465884,12604.5488577256,0.999890870615207
"L_out[104]",2.43165435733814,0.00390729934996484,0.442990679203429,1.69711668473009,2.11352484485826,2.39252270137173,2.70466630309545,3.41180475757633,12853.9263382379,0.999776567582609
"L_out[105]",2.43449994983518,0.0036582231720817,0.430663044607954,1.68968621935388,2.12481461071159,2.3964530316293,2.70328668190512,3.37613484272875,13859.0933497406,1.0000429762764
"L_out[106]",2.43362801103142,0.00400122347918806,0.438876300316206,1.70820230149388,2.12013661190092,2.39273027708757,2.7061493283999,3.40845037238197,12030.9145238677,0.999928087930691
"L_out[107]",2.43475709377902,0.00397209475212732,0.438826879695163,1.69295591543172,2.11874273180077,2.39681625700117,2.70418629164309,3.40413014434929,12205.2658638648,1.00009432326119
"L_out[108]",2.43154346006534,0.00392629089226886,0.441802488694858,1.69323510840813,2.1168095635088,2.388616713611,2.69741974256562,3.41655553607919,12661.681088409,0.999989647704009
"L_out[109]",2.42968603183026,0.00377620624731608,0.426896881335535,1.69907315491002,2.12441750400168,2.38976499192288,2.69367072612493,3.36042049906353,12780.1088099855,0.999934321301424
"L_out[110]",2.43195762947203,0.00374645783330424,0.430085136299183,1.69669672351998,2.12701981484279,2.39560956929783,2.69625193057376,3.38051379072229,13178.5360641216,0.999804556142977
"L_out[111]",2.43222629341492,0.00399183072459554,0.435458532988057,1.68628999431556,2.12132339895496,2.39020825607808,2.70956990415504,3.38377132148173,11900.0661950814,0.999872211149221
"L_out[112]",2.43204111012028,0.00365728787709516,0.435787973459184,1.68011871455198,2.1251143638625,2.39957418960905,2.6975318255199,3.40347991010486,14198.1640112657,0.999867200594479
"L_out[113]",2.43353090429892,0.00382350977339067,0.435369234763111,1.68598010068308,2.12522334421439,2.39344800823887,2.69935955455684,3.38857846826874,12965.5535647675,1.00016828681505
"L_out[114]",2.42900201370469,0.00378405593905526,0.436366769815695,1.68550609053391,2.12419433340924,2.38942500449918,2.69278034307282,3.39152027244928,13298.0587052003,0.999885106322052
"L_out[115]",2.4300776574859,0.00369291331144162,0.431894422579001,1.67957368810516,2.12223670260465,2.39882112963496,2.69581663058898,3.39931496767344,13677.8225570917,0.99991918678615
"L_out[116]",2.4269823302954,0.0036097131448,0.430636794838855,1.6777245151666,2.12397695462707,2.39189948405889,2.69105673354405,3.36408924351085,14232.3589029267,1.00004563123676
"L_out[117]",2.42988180837488,0.00348166975572489,0.43141299480019,1.70335223027955,2.11980349976956,2.39597724577894,2.69541666377417,3.38298614090356,15353.6379454211,0.999830821958373
"L_out[118]",2.42992018569638,0.00372202976307622,0.434248427361929,1.69171136008927,2.1210575545951,2.39106878599042,2.70028926987797,3.38288678569035,13611.8396811094,0.999915127212368
"L_out[119]",2.43416446737499,0.00368766726981669,0.438094665380914,1.67820953866528,2.11792265611113,2.39676228209362,2.7144620833154,3.39013116914224,14113.4267096126,0.999799135720944
"L_out[120]",2.42936893349774,0.00377231293987894,0.434853563004999,1.693793418698,2.11603531176911,2.38936280925793,2.70339109185555,3.37734320587599,13288.3371674642,1.00030995929204
"L_out[121]",2.42596914780452,0.00376221129213701,0.431845347463107,1.69018739852742,2.11913890061448,2.38799976834065,2.6915757363796,3.39637230162842,13175.5916054938,0.999691112171325
"L_out[122]",2.43294085890645,0.00382851917447935,0.441881424583676,1.68205799927978,2.11456868692625,2.39249687332452,2.70044365477643,3.40659709238154,13321.3990452421,0.999748948656922
"L_out[123]",2.42726445672207,0.00378439957420366,0.432713491119323,1.68878410393885,2.1245147350475,2.38943903710514,2.692116994807,3.38378426676149,13073.9524694377,0.999756453475282
"L_out[124]",2.43533435718254,0.00370981316349534,0.434987902318838,1.68593567229048,2.12926000463921,2.40117040432083,2.70155308847695,3.38352051547804,13748.3405655064,0.999884398346818
"L_out[125]",2.42968085071547,0.00375314653292187,0.425890109479893,1.70516079151325,2.1282632830914,2.38894467795535,2.69258771698837,3.3638060668747,12876.6848724215,0.999894456862028
"L_out[126]",2.42995758760823,0.00368507591962321,0.433236531324604,1.69387515612596,2.12542529949163,2.39567630628334,2.69442179351829,3.39288269169794,13821.5662857327,0.999995235059442
"L_out[127]",2.4334497074607,0.00368259315829623,0.436342179786211,1.68657023590894,2.12110059573324,2.39362858961881,2.70360545598053,3.38372218413603,14039.3470477009,0.999976739744647
"L_out[128]",2.4341511018773,0.00376487205245185,0.441041842619865,1.69446031815482,2.11458791908157,2.391581042265,2.71005952719827,3.39354021518021,13723.3185631999,1.00010452328287
"L_out[129]",2.42399576707897,0.00373046460187872,0.436333179766052,1.69182690762445,2.11255028513463,2.38830709019668,2.69412984288369,3.38500895389826,13680.7728231017,1.00031591593738
"L_out[130]",2.42465845653649,0.00388098160521505,0.428366945451255,1.70225207943825,2.12202711706027,2.38115068263841,2.69352656080043,3.36720431649489,12182.8454377626,1.00000800724977
"L_out[131]",2.42141040144774,0.00361519639518597,0.431865180333363,1.68683858656598,2.11341674332018,2.3874925925536,2.68686387928293,3.37234097228451,14270.2831125252,0.999764360557289
"L_out[132]",2.42849368380641,0.00369887280021556,0.428337598012973,1.70860031124404,2.12250132175959,2.3938817140701,2.68738766132103,3.36556428371134,13410.1489129583,0.999855718725446
"L_out[133]",2.42750567786493,0.0036787201471929,0.429149209153493,1.69040288972308,2.12264621598785,2.39295625847217,2.69377663734966,3.3560837978953,13608.903402608,0.999965907462169
"L_out[134]",2.43580169543967,0.0037475918072401,0.436759786531758,1.67837660994299,2.12945909052794,2.40058417750544,2.70008929180026,3.39431833953744,13582.5317347714,1.00038484944943
"L_out[135]",2.43514612534764,0.00364169014311564,0.436492543285218,1.68603782457965,2.12892407047133,2.39952477323249,2.69959374023494,3.4057158197177,14366.3908161173,0.999824491826895
"L_out[136]",2.42961623428197,0.00374142833087027,0.434959187128081,1.69263741353504,2.12546091233147,2.38770961420319,2.68884619278979,3.40165009186497,13515.1900078896,0.999723794797272
"L_out[137]",2.43167350218812,0.00378656701818836,0.4277067765403,1.69989815562015,2.12808155117095,2.39593684252002,2.69609469020714,3.361596456158,12758.5396286492,0.999930246966141
"L_out[138]",2.43371654445504,0.00375462084354711,0.442897384081439,1.67569130227816,2.11759437889931,2.39533812078816,2.70854163985626,3.39668592678934,13914.7067090738,0.999856351502714
"L_out[139]",2.43326362834302,0.00376930589978012,0.431298836209593,1.69975138665527,2.13121047819091,2.39602713951702,2.70162290450865,3.36535035967773,13092.8382935334,0.999815092186509
"L_out[140]",2.42673768097762,0.0037821464092696,0.437983792635499,1.69172631335509,2.11947137332986,2.3862390708663,2.68983953508437,3.39875047937945,13410.3281956166,1.00039930442913
"L_out[141]",2.43790577086777,0.00397730929784386,0.432367425475112,1.69765505781602,2.12717625891159,2.40205683973027,2.7080518309026,3.36959826956274,11817.5433113417,1.00034142899523
"L_out[142]",2.43255253704722,0.00372872840600871,0.432382055066128,1.68286964557015,2.1257674036964,2.39812816922076,2.69826071458272,3.3819185881981,13446.6413088643,0.999814757543778
"L_out[143]",2.42767044678413,0.00382022414987329,0.437973380442892,1.68418704333285,2.12156366250135,2.3913819384823,2.68686525244745,3.40212987481916,13143.7030686213,0.999795758797238
"L_out[144]",2.42707574452135,0.00382466022218631,0.430208354729639,1.68374856565211,2.12639163478514,2.38787874460393,2.68910135288411,3.37201921999148,12652.3722898543,0.999822366281654
"L_out[145]",2.43022921284695,0.00370991982204846,0.435579237829111,1.68594280877807,2.11822533049913,2.39180031412889,2.70985793481422,3.36570907830344,13784.9531236336,1.00004636987447
"L_out[146]",2.43127552240512,0.00383232232151483,0.438259565305129,1.69111158443774,2.11929465187271,2.3921154924849,2.6985016053464,3.39848539923155,13077.9222107026,0.999945584286357
"L_out[147]",2.43071217172797,0.00377908512563809,0.435716745910045,1.69930785202851,2.12149169043047,2.39273269165939,2.69302185532241,3.38466607695441,13293.3718599768,1.00018353225099
"L_out[148]",2.43012960273824,0.00372042758162482,0.43273388337177,1.68394227847286,2.12526460325456,2.39458233273003,2.69592387936165,3.36957577867988,13528.7008427916,1.00005174056722
"L_out[149]",2.43227590975856,0.00376165881071011,0.434290418256705,1.68349452910831,2.1245032261593,2.39311477331004,2.70426550337007,3.37824976219502,13329.1265680305,0.999732444173293
"L_out[150]",2.43307922476324,0.00383328093358396,0.432383821354443,1.70584328421177,2.1281497828304,2.39611571140985,2.69220524832023,3.39668518336072,12723.2357075102,1.00037006383888
"L_out[151]",2.43196580954494,0.00387569542913702,0.429735981513077,1.71199808600793,2.12077532909757,2.38913085189239,2.69742707102053,3.39905809550598,12294.3098769499,1.00032970320268
"L_out[152]",2.43045612301991,0.00352667781052018,0.430032486281417,1.68483975524534,2.13717730915687,2.39145888025904,2.68793177086487,3.37157678467054,14868.6301779853,0.999890422294825
"L_out[153]",2.43467547062657,0.00381899772640288,0.441819485578521,1.68961483364158,2.11848639290568,2.39193493213148,2.70871426410327,3.39203297599897,13384.1542046847,1.00002580760486
"L_out[154]",2.43359876367069,0.00380167543003653,0.431637738075164,1.69654529368054,2.12754140204284,2.39033608782241,2.69977817235394,3.38576936308145,12891.0633916918,1.00001128940692
"L_out[155]",2.43040420778458,0.00381711549520119,0.433633711598452,1.69443995538942,2.13120495364412,2.39367576643304,2.69108089319359,3.37493003728827,12905.5189918287,0.99982442440734
"L_out[156]",2.42329316541677,0.00366492228060044,0.43028396313711,1.67931299301674,2.12081924722808,2.38397042631389,2.68904449430686,3.38547106965266,13784.1751059623,0.999736302037001
"L_out[157]",2.43666132990364,0.003770933251406,0.429505306826364,1.69347393891368,2.13093895150494,2.39841361889275,2.69906045304967,3.3757853006285,12972.9689366832,1.0000212749803
"L_out[158]",2.43016347908345,0.00380487990606672,0.435294503305311,1.67848196654702,2.12227189812525,2.39449766130359,2.69322686485178,3.40335498775588,13088.336706429,0.999894991764397
"L_out[159]",2.43151858414627,0.00384118192989868,0.436709818794459,1.68325176837892,2.12472387821552,2.39690835529642,2.69484000434246,3.40524475642653,12925.7621098793,0.9998241186409
"L_out[160]",2.42740979310958,0.00393866101682898,0.430651164333389,1.6945267453801,2.12073673502304,2.38926500221673,2.69737313430626,3.37464283492125,11955.1228225924,0.999936997022718
"L_out[161]",2.43412206921525,0.00371780509393238,0.436984083889677,1.6910816343173,2.1335633120649,2.39892814624017,2.69348383029057,3.42940287579007,13815.2262587157,1.00007984946557
"L_out[162]",2.42764885522339,0.0036573493480435,0.426568787832651,1.71129435066759,2.11460065073095,2.38386206744978,2.69931903706187,3.36077673242845,13603.3307583188,1.00009665770637
"L_out[163]",2.43281437284522,0.0038314342361488,0.429926315739684,1.7025807115099,2.12907636031023,2.39297002749102,2.69972656026214,3.36743401657211,12591.1473652557,0.999981034567173
"L_out[164]",2.43382520711703,0.00381969886492782,0.437531466469648,1.68997085727423,2.12217219126182,2.39861468538339,2.70682680381309,3.38622817054244,13120.8005276042,0.999980861124502
"L_out[165]",2.42541097626316,0.00352876050021022,0.432929702995355,1.69199287284718,2.11262652951756,2.38821209539416,2.69775288153369,3.36378723450213,15051.8679652389,0.999855397957141
"L_out[166]",2.43081492079551,0.00390136798091609,0.434806679198218,1.69185548262802,2.12295138880557,2.39863226250618,2.68420799748187,3.40742004799912,12421.0578056992,0.999870738028396
"L_out[167]",2.43385580522252,0.00384170901515628,0.43372036943948,1.69756430016458,2.12395930632012,2.39678936513735,2.70985275856512,3.38037146546591,12745.9058032587,1.00000333861736
"L_out[168]",2.42395537386221,0.00385407941641222,0.429921026454146,1.69005271310718,2.11416943490913,2.38994701209251,2.69491532167882,3.34480051399636,12443.3137918551,1.00007397690152
"L_out[169]",2.43005254363824,0.00372711507679114,0.429586581325979,1.70255010839362,2.1258227447271,2.39588605409394,2.68788803005125,3.37997872736877,13284.8241554409,0.999933274215621
"L_out[170]",2.4315567575751,0.00368997039915704,0.441195099236598,1.69146557707551,2.12041649325303,2.38955094581694,2.70105722829496,3.40824025956785,14296.0347388018,1.00014692155904
"L_out[171]",2.43615587327429,0.00375120795476742,0.433143126067707,1.70208944960794,2.13066625369596,2.39745701724706,2.70085777728186,3.36855286729134,13332.7756644034,1.00000867077574
"L_out[172]",2.42650787898055,0.00374071945667676,0.429930428768869,1.69309541158181,2.12019093640793,2.38905639035115,2.69584578514911,3.35893977467654,13209.4912202332,0.999797653923171
"L_out[173]",2.42761730427368,0.00369837392171957,0.433534219122625,1.68176658248675,2.12423274018394,2.39052360918393,2.6828381061304,3.37736607055391,13741.2147969003,0.999788535691162
"L_out[174]",2.42980855956854,0.0041069226052967,0.43465467769351,1.69012182763936,2.12574250211598,2.39025499217759,2.70006639299086,3.39060335633564,11200.9711401036,0.999926813042086
"L_out[175]",2.43070387002725,0.00372226892052542,0.434446788396865,1.70299164713532,2.11404050449984,2.38726306515524,2.70536689344337,3.36688375269567,13622.527393731,0.999989731060263
"L_out[176]",2.43711917773631,0.00403255608119968,0.443145023629245,1.67991248379275,2.12247510661508,2.39798395354434,2.70759138160709,3.41530496440206,12076.2173686075,0.999772161660673
"L_out[177]",2.43121743512744,0.00361349453667685,0.424105005727683,1.70381613383611,2.12900612246946,2.39763675336504,2.69166932221249,3.36551359248986,13775.012197999,0.99993536476486
"L_out[178]",2.43415421126124,0.00396271212996027,0.427985472996945,1.69694714924833,2.12896041218952,2.39942745063431,2.70334023138633,3.36809250552714,11664.6847934864,0.999833214243547
"L_out[179]",2.4288946000368,0.00368805605491596,0.434685869328671,1.69237132653375,2.12336592109781,2.39214894342391,2.69178408674634,3.37515142622113,13891.719911292,0.999799877411358
"L_out[180]",2.42163825174066,0.00379403218533383,0.440751944548699,1.67215414493648,2.11410779730153,2.37374674965039,2.69228833763277,3.3963259079463,13495.4214758001,0.999854908261622
"L_out[181]",2.42809156542968,0.00393370643939481,0.436562512611331,1.6914059288269,2.12366608191292,2.39017678299813,2.68890692176486,3.38355717262357,12316.5475332224,0.999873338357875
"L_out[182]",2.42991367219956,0.00371329110218801,0.429595601365377,1.67887648183571,2.13215706766959,2.39044262543913,2.68965201240655,3.38102804208879,13384.4847765899,1.00017789306907
"L_out[183]",2.4358003564576,0.00386068033133598,0.436643328104587,1.69206085176084,2.12331615758647,2.39347365923955,2.70805801004469,3.40759345121828,12791.6324186016,0.999985650385385
"L_out[184]",2.43127490642829,0.00371514904755769,0.43955911474637,1.66775148828386,2.12508595281045,2.39695656205062,2.69500402609263,3.39994631914585,13998.5191719276,0.999737328638957
"L_out[185]",2.4255807664389,0.00395134463248359,0.436318894491024,1.69523945091697,2.11798811392653,2.37985593979885,2.69195679688395,3.38487298632705,12193.2146798937,1.0002063313571
"L_out[186]",2.42783108783612,0.0036459967596209,0.427689368139439,1.70075926007048,2.11837500951364,2.39108485681945,2.70100958700575,3.36033170923242,13760.1875075186,1.00008030675017
"L_out[187]",2.43283466152838,0.0039664243009949,0.432871458309608,1.69008494862437,2.12705653502232,2.39648579294057,2.70279540423945,3.38582349503961,11910.2139230484,1.00018013052064
"L_out[188]",2.4301445259441,0.00358476183829066,0.431984643655322,1.68902720234635,2.12863539102667,2.38968148113458,2.69370317093943,3.38171940612766,14521.6512303906,1.00001246006518
"L_out[189]",2.44289987964393,0.00381311482827236,0.441335968553269,1.69393037809398,2.12948902015122,2.40516036907226,2.71043775548235,3.3964800334717,13396.1153811164,0.999836932244858
"L_out[190]",2.43196415868507,0.00375826463976395,0.439698189591083,1.67787971271888,2.12071518544089,2.39922778379816,2.70496476913731,3.41325869732562,13687.831149536,1.00007970498583
"L_out[191]",2.42827177724743,0.00377917936468439,0.432130170058943,1.68657775839864,2.12526047062255,2.39579091551657,2.69056990630699,3.38963741679571,13074.773312809,0.999817173098367
"L_out[192]",2.42910530527431,0.00383033455120951,0.438695730058852,1.68628621279017,2.11988909908584,2.38419503106772,2.70283268842421,3.40553835623902,13117.5702473541,0.999866072953079
"L_out[193]",2.43149010140338,0.00375273530042439,0.432910811367122,1.69206448756743,2.12414735189732,2.39472909970302,2.69402349757055,3.37121775751332,13307.6386212108,0.999795490791312
"L_out[194]",2.43667035635961,0.00375509446470606,0.433875816033017,1.69704392898464,2.12992763453777,2.39960039412499,2.69655247285603,3.39670209568871,13350.2424681827,0.999822513190529
"L_out[195]",2.43027301631066,0.00373242784458531,0.433609570293631,1.69228624127942,2.1179077385777,2.39011597689131,2.69581439432422,3.39738207845358,13496.304767234,0.999961442316588
"L_out[196]",2.43011315800766,0.00388304600854562,0.429938699025663,1.69034729205935,2.12638110754612,2.3949931454152,2.69125391258829,3.37688070440371,12259.3657816883,0.999732462620688
"L_out[197]",2.42397199892516,0.00375944037080452,0.423925842533645,1.68277640289959,2.12167026416975,2.39130873266361,2.69252583149353,3.35203304055422,12715.4982483061,1.00023978468118
"L_out[198]",2.43455310826977,0.00401187039953002,0.444778972375812,1.66878761513943,2.11453759524911,2.40196683503654,2.70815501254178,3.40207675166373,12291.2118496591,0.999662229064718
"L_out[199]",2.433024839374,0.00381383756109715,0.441015127553037,1.67381269605722,2.1183773398984,2.39754780210623,2.70644861153433,3.41640540976184,13371.5757887792,0.999962500064297
"L_out[200]",2.43221093126773,0.00398771709159654,0.435790463581016,1.69964806678229,2.12733902539657,2.39103830576713,2.69221062202079,3.39930381504562,11942.8166576257,1.00002913343697
"L_out[201]",2.43422730219808,0.00378507105302033,0.440428230944116,1.68034838503059,2.12000097707223,2.40057763289148,2.70230628857367,3.41176908250674,13539.4874812877,1.00008732938522
"L_out[202]",2.42385791266516,0.00385283602629869,0.434479203483365,1.6864731025888,2.11503733822474,2.38721798245414,2.68268241030641,3.355697182653,12716.7734644838,0.999853663260307
"L_out[203]",2.43017166147312,0.00376370748496808,0.428875851387093,1.69046781227766,2.125305132424,2.39457228252355,2.69206558649268,3.38911807014921,12984.6862723064,1.00009838600085
"L_out[204]",2.43155096276539,0.00385640229067193,0.436148506379658,1.67783313455578,2.12695821620493,2.3924321251308,2.69931462247532,3.37314782943425,12790.9886855186,1.00015513146867
"L_out[205]",2.43076192364647,0.00370881880973619,0.430687828486091,1.70302703510517,2.1226222606197,2.39446100148348,2.69965796720136,3.37662705507748,13485.0935385229,0.999929349075445
"L_out[206]",2.43454789261142,0.00357488919960535,0.429556620000184,1.69907960204048,2.12586362370794,2.40516785299537,2.70372050905913,3.35991453705517,14438.2866995125,0.999812397737372
"L_out[207]",2.43454270928022,0.00375755065359263,0.441147919112768,1.68555198726831,2.12152850288177,2.39941477791766,2.70315455316762,3.39187301680777,13783.4768898926,1.00034373761384
"L_out[208]",2.43321523424219,0.00379743621599459,0.440677300110657,1.68409668758353,2.1243594086931,2.39858481343399,2.69690958608092,3.39857994648882,13466.6751543564,0.99981632543443
"L_out[209]",2.42843379114066,0.00371600889426251,0.4263988002574,1.69906937883201,2.13140836738702,2.39211655024307,2.68567499631453,3.36819617458687,13166.7460257949,0.999898081407592
"L_out[210]",2.42934207901992,0.00378118457980714,0.434239161950479,1.69114406157132,2.12465592438949,2.38838371032561,2.69465113766411,3.38208642190519,13188.7069798114,0.999870426496296
"L_out[211]",2.42905560734289,0.00356658700921858,0.428977995280044,1.69087688029802,2.12911468103955,2.38744285546783,2.68855421038027,3.379016889025,14466.5303960067,0.999724461649623
"L_out[212]",2.43603279888211,0.00364483361572037,0.432206092783741,1.69315752923443,2.13272121224191,2.40092113711366,2.69946602420251,3.39911824100683,14061.3284874564,1.00016046178831
"L_out[213]",2.43095616114873,0.00365893750634704,0.428319295186978,1.68583196854403,2.1306958422936,2.39238356221153,2.69192854992229,3.38326431286351,13703.3040678011,0.999899390569915
"L_out[214]",2.43069906993751,0.0037535426936513,0.434292022154947,1.68735240341178,2.1198781662717,2.39000146096376,2.70250947809781,3.39007661576612,13386.9297109798,1.00006989311251
"L_out[215]",2.43410882031017,0.00368797643476131,0.433744819266066,1.70282804363715,2.12422177795078,2.39626692215816,2.6976366081434,3.38428611940547,13832.2339698678,1.00000814917547
"L_out[216]",2.42928689058082,0.00369766726738632,0.435131537230885,1.69645802639028,2.12309740631126,2.38736874733412,2.69082473593382,3.38917408898266,13847.9492843687,0.999997226369398
"L_out[217]",2.42910021303783,0.00352579041382768,0.426032873226927,1.70167574571911,2.12370572803932,2.39413508372509,2.69190634109518,3.35405683392705,14600.6851836218,0.999937044392106
"L_out[218]",2.43250567224794,0.00374438196187684,0.439263528646655,1.68628893992818,2.12150930950381,2.39353083783482,2.70034532987708,3.40542177048253,13762.2677558341,0.99989772919786
"L_out[219]",2.43376606503458,0.00388632367191671,0.438650162211657,1.69125976105362,2.12165540744794,2.39167774205777,2.70478358378639,3.41011073386813,12739.6839124612,0.999910803931989
"L_out[220]",2.43346935349936,0.00374263350767376,0.431694242092753,1.68726886568833,2.1262362479663,2.40062347534246,2.70109257661012,3.36210300671202,13304.4801291705,1.00002940008499
"L_out[221]",2.42821769881449,0.00396062434219257,0.439136748656187,1.70755486868698,2.11294950454518,2.38392235618438,2.69085105417071,3.41215681194255,12293.4069808172,0.999771288293881
"L_out[222]",2.43255119293674,0.00358006313259347,0.430976143101481,1.69616574592784,2.12628429011358,2.3931851668031,2.70417181568272,3.37282219935672,14491.8920370814,0.999708099672875
"L_out[223]",2.43346475401736,0.00390555270535739,0.439214224243942,1.70284316254525,2.11721384770641,2.39049583459471,2.70641825015007,3.39813769039021,12647.0078235188,0.999849138788804
"L_out[224]",2.43331083198674,0.00365048421837565,0.439236112882278,1.69061282818967,2.11746015797884,2.39117498593567,2.70807802835196,3.39299689032933,14477.5518333649,0.999888451877476
"L_out[225]",2.43443238579399,0.00359518513308527,0.430574244460355,1.69860547733095,2.12833806829316,2.39976867618281,2.7070133102108,3.36821459606151,14343.4484874476,0.999767872715996
"L_out[226]",2.43003215359592,0.00376440322494853,0.43340977272129,1.68730327191722,2.12421374342569,2.39143311933091,2.69640350213021,3.39988079557288,13255.775062457,1.00006209370673
"L_out[227]",2.43243879631145,0.00377700726987317,0.436865533314191,1.69287809433827,2.11903968567191,2.39087655379674,2.70186299421948,3.41221297205284,13378.2689624797,0.999995922355251
"L_out[228]",2.42949926790975,0.00381848749181339,0.442838739755257,1.67514003315453,2.11864603985214,2.39498403039937,2.69443177252471,3.3992533218104,13449.5721081797,0.999851408011991
"L_out[229]",2.43232129816242,0.00386797359888392,0.430219799766842,1.70943691045173,2.12684404447708,2.39276164730088,2.69698167889767,3.37150242771796,12371.2557572143,1.00010870976595
"L_out[230]",2.43321947258248,0.00370617770224605,0.44285424882196,1.68624438627858,2.1146139941607,2.39377949295594,2.69930874877425,3.40471259695313,14278.05839303,0.999883441883085
"L_out[231]",2.43353328541878,0.00371674309745213,0.430882579620085,1.69944053936654,2.12883424633883,2.40079921173288,2.69329837969258,3.39372364792668,13439.7993559424,0.999901871500657
"L_out[232]",2.43652079384999,0.00375747512019865,0.437302864267024,1.67990278854108,2.12374942366121,2.39703358318005,2.70907456539437,3.3872290020134,13544.7943823925,0.999761747675907
"L_out[233]",2.42632717870829,0.00368833166877975,0.439159779326781,1.67165215065373,2.11778008406009,2.38768303219822,2.69505089363223,3.4042403794985,14177.0274831568,0.999733459553973
"L_out[234]",2.42764614743014,0.00366819151392885,0.424303308229796,1.70867522070763,2.12210542966202,2.39332077182185,2.68746199759723,3.35518201473321,13379.7756763421,1.0001980106244
"L_out[235]",2.42811859981238,0.00378803180579114,0.438623431034372,1.6806205947437,2.1182450467258,2.38460022887898,2.69274856397289,3.39841040350021,13407.7659996773,0.999729319204156
"L_out[236]",2.43067206195545,0.00388891880897075,0.440200561037033,1.68299936400479,2.11855222973026,2.39294886808351,2.70270500662768,3.40038605761131,12812.7818216496,0.999782822572739
"L_out[237]",2.4298215093967,0.00365647903215,0.435103302995959,1.68532170622504,2.12101002428265,2.39260623075462,2.69307567800906,3.42244863565639,14159.8478123959,0.999826243716373
"L_out[238]",2.42823551307648,0.00370068096734188,0.436460852183314,1.67465443158475,2.12260317682262,2.38990498879817,2.69430244503505,3.38095079741879,13910.0054286749,0.999966149871316
"L_out[239]",2.42616390633028,0.00361473625341543,0.430930466527652,1.6869173469448,2.12239707971445,2.38913958071339,2.69256846352931,3.35902747019572,14212.1953865343,1.00002436273129
"L_out[240]",2.43382501091247,0.00366431691903555,0.429823485818506,1.70661370988316,2.12437376170451,2.39858212566765,2.69911893727675,3.37311404841279,13759.2330975538,1.00017959487826
"L_out[241]",2.43410825024709,0.00356650384447748,0.43800160305639,1.68929432914553,2.12687248399329,2.39688180067852,2.69334904650001,3.38806079301862,15082.2455447386,0.999831448573513
"L_out[242]",2.42687181310754,0.0037010828979225,0.431389567277529,1.69207243337214,2.12188387993002,2.38791483776286,2.68805525981081,3.39432210733151,13585.6884340697,0.999777627425599
"L_out[243]",2.4262443503837,0.00384144300043869,0.432630100976252,1.69652596243964,2.12186665226939,2.39022008985443,2.69252035478248,3.36053973951577,12683.6625450999,0.999950209090528
"L_out[244]",2.4380001659829,0.00373834845224036,0.436510918472089,1.69860628677246,2.12045964951886,2.40306690976989,2.71084315657029,3.3789821466037,13634.231482759,0.999800490370224
"L_out[245]",2.42822635864931,0.00370346004307248,0.432646467616362,1.69314210814071,2.12158924738593,2.38770085104574,2.69489219438235,3.38597838672887,13647.4338428914,1.00016336057539
"L_out[246]",2.43019416819291,0.0035942264815046,0.433116563347854,1.69825898595667,2.12195048485468,2.39251144349578,2.69901176607959,3.36850377973461,14521.0728954455,0.99977434758138
"L_out[247]",2.43045667766588,0.00363674852947834,0.440365934250499,1.68537356470064,2.11273008678699,2.39459223640421,2.70274944621719,3.38777977926287,14662.2590154906,0.99999027980646
"L_out[248]",2.43403298435529,0.00398449787162109,0.437667468688644,1.69662521969019,2.12176926935336,2.38944485120909,2.69729872859968,3.43054866801766,12065.3892088814,0.999814353312757
"L_out[249]",2.42944591534044,0.00369091486020194,0.434794580021258,1.68531412297433,2.12168092552648,2.38767401106273,2.69325958291674,3.38933246871356,13877.1470030139,1.00007170196779
"L_out[250]",2.43288250453108,0.00393718779662989,0.444680843919349,1.67577302527314,2.12207170594627,2.39104570536138,2.70272086692186,3.42405627683841,12756.2958111913,0.999839707590019
"L_out[251]",2.43306768455365,0.00371610053760996,0.438791500746178,1.68692388872829,2.1264296927997,2.39205819273448,2.69622620848705,3.41926525945919,13942.5272953618,0.999845634329318
"L_out[252]",2.43393793633293,0.00369499193954018,0.437880523857791,1.69065060023032,2.12193542201292,2.39916405209553,2.70331142639876,3.39002405828826,14043.788077481,1.0000466687093
"L_out[253]",2.43026210450758,0.00358249463868548,0.427423573683003,1.70775534566454,2.12568027143381,2.39061426564914,2.69110206772064,3.37072695778734,14234.6188868298,0.999641501472914
"L_out[254]",2.43359107652576,0.00366741646623493,0.439401704628608,1.67827696346352,2.1235252065956,2.3962576201143,2.6995749218922,3.42489024508318,14354.9939449265,0.999902794811691
"L_out[255]",2.42913192840944,0.00373259966670615,0.434571351479208,1.6925416592126,2.12230989375152,2.38845188618137,2.69340524532465,3.38896846507678,13554.9949283989,0.999977225655103
"L_out[256]",2.42420376089705,0.00363201270564322,0.421454747401984,1.69628071449645,2.12477810151956,2.39425418541412,2.68377987388527,3.33591347697668,13465.0255626097,0.999729978956998
"L_out[257]",2.43337529535717,0.00382110608404297,0.435721729073433,1.68332136909453,2.13115630985543,2.3917635610574,2.70372951940515,3.3816483303042,13002.9007222294,1.00003561804405
"L_out[258]",2.42917152275689,0.0037659524615562,0.429433311776012,1.69153918482928,2.12490512934489,2.39288840875246,2.70004360129838,3.36562348377954,13002.9470339195,0.999864150802012
"L_out[259]",2.4292714742822,0.00368793480271843,0.431193448129704,1.69051302051792,2.12364254150028,2.39047972027192,2.69129220701865,3.37637248201245,13670.2934378892,0.999832508148023
"L_out[260]",2.43301846807055,0.00379324499649319,0.428006751050478,1.70672722020325,2.12757599078242,2.39841829392959,2.69095968331059,3.38628605937777,12731.4963924374,0.999768617691313
"L_out[261]",2.43253139137681,0.00386425251913798,0.436636104495841,1.69861765315079,2.11302726836455,2.39583821578505,2.70752404840604,3.38442202256645,12767.5712467784,0.999834848533091
"L_out[262]",2.43079349759521,0.00373120171197655,0.427819491809219,1.70388163155309,2.12720668367684,2.39108608482344,2.69770980920252,3.36948831257663,13146.9096699615,1.00002215262545
"L_out[263]",2.43018983620222,0.00373199577758908,0.437274400788823,1.6857194676878,2.11951754089817,2.39110828556787,2.69862044378007,3.40187929768475,13728.5863359658,0.999726661477766
"L_out[264]",2.43209757456809,0.00377002690439053,0.430076954296075,1.68309829318595,2.12532884142483,2.39520513700702,2.70216719249659,3.38087279874294,13013.779499153,1.00005303226812
"L_out[265]",2.4340102798953,0.00369307086491814,0.440299614306715,1.69480299493953,2.11477278786679,2.39849225183886,2.70169074855103,3.39879545228566,14214.1641845634,0.999667116115892
"L_out[266]",2.43249472359369,0.00354531595944095,0.43484972114638,1.69682863234117,2.12478230380712,2.39328835424216,2.69796564537126,3.39752970112416,15044.1792886011,0.999863436550456
"L_out[267]",2.42883999749922,0.00382735386022617,0.438273585824514,1.6906666150521,2.11830252686071,2.38598819471244,2.69576925303466,3.39163940979822,13112.7372832718,1.00015277827442
"L_out[268]",2.42934420855776,0.00383467483513465,0.435353488427002,1.68898008771747,2.11781716533473,2.3879196568812,2.69674736891591,3.38779405646217,12889.2299158597,0.999876019406096
"L_out[269]",2.42510561124457,0.00361208653446249,0.418169085439539,1.72400686686193,2.12822921049826,2.38466982448838,2.67879944801262,3.35637424541384,13402.5536300048,0.999819921031358
"L_out[270]",2.42704186580353,0.00375225723486489,0.435846200074719,1.69095575089154,2.11743578472505,2.38968664231301,2.69831725431755,3.38030723292428,13492.1549622183,0.999971825143573
"L_out[271]",2.4290312231224,0.00366466608372325,0.434591703893745,1.68547604222867,2.12334788449592,2.38922083552267,2.69963257563837,3.38172199860617,14063.5203390568,1.00037677022981
"L_out[272]",2.42515415095107,0.00378117918686346,0.428325815017481,1.69148779694562,2.12282686169743,2.3909716962384,2.68965708120531,3.3595555776156,12831.9891129524,1.00003098573072
"L_out[273]",2.42631969352162,0.00364392987747571,0.423262039651109,1.70062474067799,2.12568868061422,2.38966403131094,2.68588469985108,3.34897562491877,13492.0710304106,0.999873590364333
"L_out[274]",2.43419809179359,0.00371904435669686,0.42934920843268,1.70266524782783,2.12965067741202,2.40064373261645,2.69955912065762,3.37203430430424,13327.8045956556,1.00017833266254
"L_out[275]",2.43034832803099,0.00355601251923294,0.442825656003994,1.6709714830887,2.11536436623922,2.3998737177101,2.69803525349904,3.42165555128626,15507.3999112315,1.00007319414248
"L_out[276]",2.43342946430215,0.0038131408538225,0.431631529551859,1.68825992922982,2.12888511374512,2.39822944531381,2.70022543000198,3.39024967973648,12813.2891430272,0.999760137904707
"L_out[277]",2.43158177590208,0.00374175167346069,0.439398093036632,1.67651110243474,2.12516971366354,2.38750938182925,2.70172765857429,3.38153261985796,13790.068149095,1.00036282501174
"L_out[278]",2.43633782586521,0.00377622422410109,0.442993593431241,1.68847474106914,2.11656265287162,2.40209971143592,2.70962271393626,3.40556656532457,13761.9299619445,0.999856415428433
"L_out[279]",2.42854462287744,0.00388824426631609,0.429451170614794,1.68741987329392,2.12140145341908,2.394024121481,2.69673965461795,3.38254333998053,12198.8952270782,0.999947622214216
"L_out[280]",2.43121772494355,0.0037829223837727,0.442364687514014,1.67667297660485,2.11614104321059,2.38912408313135,2.70282272431461,3.41600599536669,13674.3295251745,0.999941612515071
"L_out[281]",2.43241864480168,0.00391071528063349,0.43336132616243,1.68980284507853,2.12373287136326,2.39489654480824,2.7031790163469,3.38391648889383,12279.7042321736,1.00029578245363
"L_out[282]",2.4298833373488,0.00362283337767081,0.429445793034557,1.69569828795008,2.12163565916767,2.39378438988611,2.69562019296873,3.36939226185192,14051.4125431214,0.999741320592329
"L_out[283]",2.42267142960455,0.00356813171832804,0.433808672344092,1.67852052233464,2.12054439332943,2.3838274730737,2.68155616628171,3.39906023363485,14781.370521483,1.00033908974728
"L_out[284]",2.43081571974966,0.0037210992984817,0.427087194268566,1.69239462670673,2.13107450494729,2.39125493752391,2.69495605311741,3.36394221014268,13173.1786225176,1.00006946649004
"L_out[285]",2.42805526389171,0.00390377456605405,0.431459247331879,1.70014191084396,2.12152876674488,2.3905658244792,2.69066270560402,3.36252774480958,12215.4677822462,1.00005549874598
"L_out[286]",2.43110111869027,0.00371789192907877,0.429751373433148,1.70791178407245,2.12779057220926,2.38900112361113,2.69156438194777,3.37950828922893,13361.063356023,1.00030042599973
"L_out[287]",2.43706606825763,0.00399683902510222,0.438231697533511,1.69157088083528,2.12495747028616,2.40253840669353,2.7053912077691,3.42001314130019,12021.9317999974,0.999871158399978
"L_out[288]",2.43527177391814,0.00379124464085403,0.438841295250136,1.67955042160349,2.12852425109918,2.39792018816262,2.69898618826369,3.40848120585749,13398.3512058214,0.999787441728118
"L_out[289]",2.42899970354557,0.00372972413548633,0.433332262604162,1.69120944029481,2.12213774978468,2.39278817750654,2.68975401799389,3.37753677993368,13498.5968571583,0.999763659947368
"tau_bar_out",2.40371441002945,0.00200741616338554,0.227018325579107,1.99296097547626,2.24454172742407,2.39244591754526,2.5532381620958,2.86739963494824,12789.3065985617,1.00011666997802
"log_lik_gear[1]",-4.66583121717498,0.00369625540765712,0.305379611510084,-5.51322505922339,-4.73159120772458,-4.56461054823535,-4.48628501292987,-4.39654259556586,6825.84041918088,0.999951996816414
"log_lik_gear[2]",-3.64402665365425,0.00190522744177062,0.190872125006116,-4.15542465548756,-3.71833434924167,-3.58448350969827,-3.51501536894373,-3.43354465004733,10036.7096514433,1.00015738618825
"log_lik_gear[3]",-3.87977650865783,0.00267883007714469,0.28092190243036,-4.59752650960036,-4.01244107966473,-3.80550729991283,-3.67187471869254,-3.55061243563291,10997.1682316759,0.999950806431837
"log_lik_gear[4]",-3.28900153603056,0.00123189895876139,0.112639091743882,-3.58548190548932,-3.32859246861595,-3.26020361984232,-3.21716233854839,-3.15242416221816,8360.42015454499,1.0003847466097
"log_lik_gear[5]",-3.511362466232,0.00147319268931137,0.13777822355733,-3.88294017315195,-3.55569373986054,-3.47292849280844,-3.42452186934747,-3.35445802611934,8746.65610836023,1.00045469038868
"log_lik_gear[6]",-4.53004382513841,0.00398296837126598,0.423951044191104,-5.48522973514615,-4.78699459333962,-4.48763042461665,-4.21999799674744,-3.83879428579617,11329.6815522959,0.999863040066352
"log_lik_gear[7]",-3.40621132477651,0.00127254806533147,0.107579884990633,-3.69418768658735,-3.44127694045541,-3.38171254796435,-3.33948748126238,-3.27627595854296,7146.83509322104,1.00017160256177
"log_lik_gear[8]",-3.2777639784962,0.00126568189748636,0.10264633954172,-3.55126652483307,-3.31275688038218,-3.25532969448054,-3.21270581060156,-3.14718552670537,6577.150749649,1.00037155327106
"log_lik_gear[9]",-4.87574800666623,0.00511905127502423,0.592426989204487,-6.26335984725879,-5.20675213447885,-4.78531016802913,-4.44188528108327,-3.9957456802527,13393.3960560649,0.999730339389746
"log_lik_gear[10]",-3.35594405143159,0.00122990936214363,0.0954555133460255,-3.60261439351785,-3.38997859971979,-3.33669001713877,-3.29592708441209,-3.23365893457517,6023.59577933661,1.00034714095409
"log_lik_gear[11]",-4.27679418379714,0.00288048960890216,0.317832990753669,-5.03198730717126,-4.45763672539763,-4.22510768222658,-4.04161366828063,-3.81192716477977,12174.897772967,0.9999701815813
"log_lik_gear[12]",-4.38913499723546,0.00331073541130367,0.372605961476453,-5.24479521153969,-4.60594537032567,-4.34032988948604,-4.11892246754277,-3.80328949336529,12666.3256677475,0.99994613266425
"log_lik_gear[13]",-4.29383135692326,0.00551273568183457,0.540342658891401,-5.66452423074597,-4.5597313772365,-4.16296799937651,-3.88818267032674,-3.65500134489373,9607.36235748738,1.00008621699997
"log_lik_gear[14]",-3.40287582150762,0.00176877819977149,0.156163367584602,-3.8436665402015,-3.44337257100109,-3.3586053803691,-3.30777644839675,-3.24082643655758,7794.91848083347,1.00005930546867
"log_lik_gear[15]",-5.04759613279326,0.00658428393366038,0.646162697548416,-6.42020378649734,-5.45131785922563,-5.00372187609748,-4.58606269161244,-3.92796467067722,9630.89536632155,0.999862643174018
"log_lik_gear[16]",-5.1513554129447,0.00674241891677799,0.665490909283787,-6.56196561786609,-5.56850853959929,-5.1101370187201,-4.6766348236891,-3.9900141708516,9742.1046357008,0.999868185470096
"log_lik_gear[17]",-3.61512480435327,0.00137232241597003,0.105377820544927,-3.89946491923482,-3.65185489590176,-3.59243833025651,-3.54926833105167,-3.48443740097765,5896.38875976782,0.999954032331373
"log_lik_gear[18]",-3.68090936401511,0.0014377941167964,0.111551947217939,-3.97192182516829,-3.71668297768659,-3.65622109008489,-3.6112088086223,-3.54343791799365,6019.50676350235,0.999982103673068
"log_lik_gear[19]",-3.76222087205996,0.00163034851966751,0.138368150131759,-4.1324913313136,-3.80489122674273,-3.72633195802949,-3.67623378225294,-3.60232106650626,7202.96596502748,1.00000612627109
"log_lik_gear[20]",-4.89560240461645,0.00479723172769551,0.543119932597034,-6.17598270934843,-5.18498566541261,-4.80798232872176,-4.49164969030285,-4.12386076160768,12817.6995934343,0.99996593683152
"log_lik_gear[21]",-4.52396575285217,0.00266030577673496,0.275033546872331,-5.22066623713155,-4.65742348584534,-4.46304802447472,-4.32043856548398,-4.1809256403624,10688.2898863961,0.999960936806725
"log_lik_gear[22]",-4.88605335551891,0.00377973262205798,0.29703922555828,-5.72395792264342,-4.94792868861663,-4.78557059872944,-4.71178358825705,-4.62529892189221,6175.97387053578,1.00010083341511
"log_lik_gear[23]",-4.70720958773005,0.00415927658663301,0.439036363497522,-5.79192118578339,-4.94270822747853,-4.6237375187801,-4.36843365301819,-4.14380226374897,11142.0571634084,1.0002378528466
"log_lik_gear[24]",-3.60255855017003,0.00158510151131219,0.129336696586264,-3.96061823796705,-3.642232429294,-3.57006055418415,-3.52232927669503,-3.45269930844758,6657.77890230592,1.00014706357226
"log_lik_gear[25]",-5.36762344391153,0.00681402338419936,0.768109284694881,-7.22675235668677,-5.79387136554192,-5.22816509000208,-4.80253752147683,-4.29042941434805,12706.8759531316,0.999820445673847
"log_lik_gear[26]",-4.94534140771039,0.00471063285242525,0.517287486135452,-6.11589487516127,-5.25216560611005,-4.88917601986151,-4.5727913864834,-4.10242789818595,12058.8371891789,0.999793763760827
"log_lik_gear[27]",-3.76878256311691,0.00314399730461829,0.33515852954128,-4.55940394749203,-3.95571228342595,-3.71923633284643,-3.52462098339815,-3.26756563501951,11364.1307698906,1.00017627431926
"log_lik_gear[28]",-3.64042353499049,0.00134284887141475,0.129994402551978,-3.98841260597053,-3.6833773982673,-3.60625112713007,-3.55811681923433,-3.48790727552097,9371.19613815626,0.999966625063388
"log_lik_gear[29]",-3.80160268549829,0.00146039464165916,0.121036510222647,-4.13110033974099,-3.84116065998271,-3.77232223708504,-3.72627593050368,-3.65547115797377,6868.98116044845,0.999774535745923
"log_lik_gear[30]",-3.76590898359473,0.00135448842173365,0.110687135393431,-4.05895703371491,-3.80314841126315,-3.7417418589968,-3.69658280319451,-3.62703093710268,6677.95828616414,0.999723138502363
"log_lik_gear[31]",-6.03176023674405,0.00592907262691607,0.615065880594618,-7.509519403248,-6.35939893116975,-5.92005521668557,-5.57407494485724,-5.18642788828352,10761.4237291577,1.00008738156641
"log_lik_gear[32]",-4.97373872924671,0.00633306234811809,0.593360585074907,-6.37402293583938,-5.30133658519213,-4.88104699672812,-4.53130996664755,-4.13052352869376,8778.2887289166,1.0004078546199
"log_lik_gear[33]",-3.72144109894253,0.0040794502329302,0.380638625184158,-4.60513494119618,-3.93862927433772,-3.6604341386954,-3.44474398297985,-3.15803781833587,8706.07558812951,1.00025012776906
"log_lik_gear[34]",-4.71884516212985,0.00552556470974417,0.511522376533046,-5.94617167193248,-4.99316094330729,-4.6280681610601,-4.33322717009203,-4.02904161845421,8569.90356125948,1.00041441905856
"log_lik_gear[35]",-4.48224646308311,0.00238265459465877,0.233401925239208,-5.07985533065175,-4.57897704465556,-4.41668394987414,-4.31913304400801,-4.21844750631263,9595.92159113927,1.00016168491025
"log_lik_gear[36]",-3.08759672637543,0.00134114013956976,0.109308846741042,-3.37853857103371,-3.12291287701828,-3.06074656128354,-3.01853889169079,-2.95722456614489,6642.97017891793,1.00054309056069
"log_lik_gear[37]",-3.28050084340201,0.00445468778765201,0.396955055640082,-4.16788804291542,-3.53072214133419,-3.23711878294662,-2.99120405928067,-2.62810634038971,7940.50515968565,0.999707964934592
"log_lik_gear[38]",-3.08759672637543,0.00134114013956976,0.109308846741042,-3.37853857103371,-3.12291287701828,-3.06074656128354,-3.01853889169079,-2.95722456614489,6642.97017891793,1.00054309056069
"log_lik_gear[39]",-3.16836593460726,0.00399227538550301,0.351692257047479,-3.96963751886183,-3.38591707149917,-3.12358605691597,-2.91000701415518,-2.61936186157835,7760.40937325425,0.999704943490466
"log_lik_gear[40]",-4.9451427612633,0.00624616562442589,0.527383190020368,-6.30913663580113,-5.1848737662872,-4.80667388751326,-4.55620791419463,-4.34825700311706,7128.95008522432,1.00003110860582
"log_lik_gear[41]",-4.3726401437509,0.00471520032728991,0.525791403780544,-5.66110346581851,-4.65720795055035,-4.273902165,-3.9782696543843,-3.6751093104606,12434.4524440827,1.00019848284607
"log_lik_gear[42]",-3.55649396132573,0.0021932603051769,0.221019839671884,-4.16155182811398,-3.63940646976006,-3.48623735384508,-3.40949475530304,-3.32462999360227,10155.0522404893,1.00028788847467
"log_lik_gear[43]",-3.16190901418847,0.00231559870544394,0.238633178987661,-3.76649751086942,-3.2794102491135,-3.10277272677669,-2.98349582584224,-2.87623358956253,10620.2577586375,1.00006434454125
"log_lik_gear[44]",-4.12857196946277,0.00182601946909086,0.155276687738898,-4.55140672616037,-4.17459490629899,-4.08561035725724,-4.03189704818645,-3.9545574418674,7231.05574231453,1.0000604162188
"log_lik_gear[45]",-4.91945638775931,0.00669535489823271,0.719865370653322,-6.3844608876664,-5.39224155609674,-4.88810317428933,-4.417886687306,-3.57561840617326,11559.9341319165,0.99972976109827
"log_lik_gear[46]",-3.91122486734646,0.00573035274840168,0.599242252178065,-5.15811185714938,-4.30273304043308,-3.87055161153991,-3.48616003059257,-2.82087346652751,10935.5880338427,0.999757068129983
"log_lik_gear[47]",-2.94672166827177,0.00180681467812778,0.1474657559458,-3.35534270388638,-3.00018911405244,-2.90224734271114,-2.84881248747235,-2.78498118395966,6661.24094537295,0.999970565853817
"log_lik_gear[48]",-4.96228574577137,0.00658633183283383,0.671485551340273,-6.71361819456905,-5.24653881584744,-4.76361012746645,-4.46993192978543,-4.29024031473149,10394.0817739279,0.999946529536728
"log_lik_gear[49]",-3.29597694933705,0.00168237187415211,0.12994465156948,-3.65850930835466,-3.33232841054172,-3.26264741073593,-3.21788078580193,-3.15056296722268,5965.85672855454,1.00052064171549
"log_lik_gear[50]",-3.23838842102242,0.00301965187540135,0.340390612589278,-4.0388925365369,-3.42669646982971,-3.17819654118542,-2.99007970756218,-2.74822154385136,12706.9521247636,0.999819190951636
"log_lik_gear[51]",-3.51113867010439,0.00225290352866893,0.21834919845508,-4.09028375521098,-3.58560069007516,-3.44252822165291,-3.367426567711,-3.28610141446626,9393.29611958271,0.999913764736391
"log_lik_gear[52]",-4.56189823336794,0.00302147481202744,0.299266420175973,-5.40212768855701,-4.66688894818815,-4.46330825212709,-4.35786547605511,-4.2579286442797,9810.20360304531,0.999897274759989
"log_lik_gear[53]",-3.20927579985703,0.00288442985415642,0.309288863341198,-3.94744822220098,-3.38093563931803,-3.1531811479876,-2.97727184177675,-2.78153933982402,11497.6372144083,1.00003588009507
"log_lik_gear[54]",-4.18714940983084,0.00447245386818473,0.487149824888398,-5.42771784369321,-4.43043327906408,-4.07879873525747,-3.82632806482756,-3.58563972164426,11864.0607604773,0.99977992199454
"log_lik_gear[55]",-3.19970015657904,0.00146518921514317,0.120130531021308,-3.52897175336668,-3.23764309094588,-3.16865895074984,-3.12471023705008,-3.05966398551464,6722.3228620055,1.00098731950148
"log_lik_gear[56]",-4.34573963467924,0.00404032393135432,0.449784833525655,-5.37444859145219,-4.61476766425218,-4.28667762887023,-4.01617793532222,-3.64554560030793,12393.0226265419,0.999909472818142
"log_lik_gear[57]",-3.6800427267958,0.00501180211134696,0.426615410625234,-4.67416781044029,-3.93233070215633,-3.62207964305806,-3.36989915845089,-3.02214893080989,7245.78176350099,0.999982785829802
"log_lik_gear[58]",-3.95655317852221,0.0035938309351974,0.296680419910917,-4.69288455313747,-4.10528001665257,-3.88293367404908,-3.73038117280894,-3.60496817444068,6814.94703075667,1.0003416206645
"log_lik_gear[59]",-3.95655317852221,0.0035938309351974,0.296680419910917,-4.69288455313747,-4.10528001665257,-3.88293367404908,-3.73038117280894,-3.60496817444068,6814.94703075667,1.0003416206645
"log_lik_gear[60]",-3.34755869767267,0.00296053783064898,0.263394969929934,-4.00600926772151,-3.48119645982631,-3.28640775491485,-3.15255418118229,-3.01692996538483,7915.41562594443,1.00004504929958
"log_lik_gear[61]",-5.61153460062728,0.00687737182693902,0.589017113672177,-7.03651927125506,-5.94565725121913,-5.50005936126001,-5.16697622093494,-4.81020337004799,7335.18068302103,1.00020403031184
"log_lik_gear[62]",-5.58858362481326,0.00428887824902222,0.49214011753323,-6.60128574244529,-5.91356767208678,-5.56855075411256,-5.24842739715193,-4.6755118851144,13167.099020671,0.999855527680691
"log_lik_gear[63]",-4.17841654750512,0.003426604752162,0.391126093103714,-4.98403244172057,-4.4362445947951,-4.15878078508844,-3.90627758709339,-3.46480563167538,13028.8340999698,0.999836708083814
"log_lik_gear[64]",-2.88391465042083,0.00167059030143141,0.174927517767647,-3.27689064722387,-2.98935828787874,-2.86303041064636,-2.75755148285697,-2.6025805710099,10964.1850157026,0.999870423891234
"log_lik_gear[65]",-6.94459864542455,0.00487680052200471,0.557490378947554,-8.08237796495893,-7.31493285591454,-6.92524724539761,-6.55525290205555,-5.90301407117426,13067.868934451,0.999871322338265
"log_lik_gear[66]",-3.07059054324834,0.00220442521008541,0.240028304073266,-3.59176339015014,-3.22370421648043,-3.05093193399665,-2.90016575103462,-2.6572142372072,11855.8903808857,0.999842040796102
"log_lik_gear[67]",-5.58858362481326,0.00428887824902222,0.49214011753323,-6.60128574244529,-5.91356767208678,-5.56855075411256,-5.24842739715193,-4.6755118851144,13167.099020671,0.999855527680691
"log_lik_gear[68]",-3.16846651908528,0.000986848947813683,0.11020274023574,-3.4475745739387,-3.21845374817751,-3.14372093740614,-3.09220765074779,-3.02263360996335,12470.4872394834,0.999790273136324
"log_lik_gear[69]",-6.13047690287171,0.00692184524079694,0.720980289742439,-7.73790580319619,-6.56892989193235,-6.07049123261235,-5.61213356841887,-4.91761242208852,10849.3323692544,0.999812479472694
"log_lik_gear[70]",-3.5139473017084,0.0018180925076598,0.202606495387294,-3.99814151707593,-3.62448000563572,-3.47944596441934,-3.36441349073456,-3.22862045832106,12418.6610707182,0.999769883037074
"log_lik_gear[71]",-2.87623884827747,0.000749674144966102,0.0655981063652977,-3.03750377370338,-2.90757205509033,-2.86606732730187,-2.83188824508453,-2.77903880846201,7656.62786100879,1.00011165579018
"log_lik_gear[72]",-2.88391465042083,0.00167059030143141,0.174927517767647,-3.27689064722387,-2.98935828787874,-2.86303041064636,-2.75755148285697,-2.6025805710099,10964.1850157026,0.999870423891234
"log_lik_gear[73]",-2.88391465042083,0.00167059030143141,0.174927517767647,-3.27689064722387,-2.98935828787874,-2.86303041064636,-2.75755148285697,-2.6025805710099,10964.1850157026,0.999870423891234
"log_lik_gear[74]",-4.7020084130948,0.00278646920300743,0.309588092643194,-5.43302830714936,-4.87091055238741,-4.64823891254315,-4.47292880696343,-4.26216773444879,12344.1162253964,0.999905542029957
"log_lik_gear[75]",-4.47733154569927,0.00221968131780063,0.248702815115492,-5.07677112217439,-4.60797649450785,-4.42897228089596,-4.29429492613453,-4.13997392713167,12553.9428942294,0.999907970520317
"log_lik_gear[76]",-5.41171511471895,0.0044493193528819,0.482996409786839,-6.50954573145695,-5.69178337276881,-5.34978636123108,-5.06114955676074,-4.66404035929928,11784.2147377655,0.999906267333945
"log_lik_gear[77]",-3.24557893322409,0.00119132083913171,0.12918067691399,-3.57787234215679,-3.30634562233937,-3.21664696219367,-3.15490422749192,-3.07693103313497,11758.1131303105,1.00019463055907
"log_lik_gear[78]",-2.89182273384751,0.000882343425415489,0.0820163609926263,-3.10538796772503,-2.92515236269358,-2.87534329641346,-2.83781603469761,-2.7797922108104,8640.23757396746,0.999930645583615
"log_lik_gear[79]",-2.86790277542486,0.00106508607772125,0.10754746955622,-3.14108201575077,-2.91792392809098,-2.84416535485405,-2.79248017364407,-2.72654560956117,10196.0270107412,0.99991398793244
"log_lik_gear[80]",-2.89182273384751,0.000882343425415489,0.0820163609926263,-3.10538796772503,-2.92515236269358,-2.87534329641346,-2.83781603469761,-2.7797922108104,8640.23757396746,0.999930645583615
"log_lik_gear[81]",-3.14917043077263,0.000974691470284967,0.100323188024872,-3.41144934008525,-3.19140529793989,-3.12725725718936,-3.08240826699203,-3.01628247854587,10594.2036754297,1.00023639284541
"log_lik_gear[82]",-3.7258516975083,0.00228197995397518,0.259658707444254,-4.34340416943958,-3.87286430900964,-3.68816705762163,-3.53290941176041,-3.34341701719094,12947.3870698633,1.00010802539378
"log_lik_gear[83]",-2.89182273384751,0.000882343425415489,0.0820163609926263,-3.10538796772503,-2.92515236269358,-2.87534329641346,-2.83781603469761,-2.7797922108104,8640.23757396746,0.999930645583615
"log_lik_gear[84]",-3.24557893322409,0.00119132083913171,0.12918067691399,-3.57787234215679,-3.30634562233937,-3.21664696219367,-3.15490422749192,-3.07693103313497,11758.1131303105,1.00019463055907
"log_lik_gear[85]",-5.5649667308457,0.00575026401175565,0.651509797498656,-6.99908533596294,-5.96997217541945,-5.51188392289531,-5.10003818347584,-4.45650240365689,12837.0825020505,1.00005419676364
"log_lik_gear[86]",-6.5854937498448,0.00566332933890783,0.62851992534955,-7.89709145190344,-6.99702960427804,-6.55680393046648,-6.1525614077966,-5.43837555011042,12316.7028775729,1.00010634286107
"log_lik_gear[87]",-4.71271546978215,0.00388038914691988,0.436087984758693,-5.63326854849006,-4.99076205420019,-4.68595463312101,-4.40867926949809,-3.93318797101945,12629.8350790253,1.00006928626183
"log_lik_gear[88]",-3.80176032250708,0.00178463316181479,0.188988586743264,-4.2510169546429,-3.90847641610129,-3.76726636732835,-3.66160024878792,-3.53378109640657,11214.327560561,1.00002885602189
"log_lik_gear[89]",-2.89859466716376,0.00172870079533026,0.163473018813937,-3.27596887936933,-2.99669218633802,-2.87560846223132,-2.77829228732443,-2.64403188267006,8942.36725113922,1.00013463366346
"log_lik_gear[90]",-2.98847895581309,0.000713151720992973,0.0582096245244517,-3.13141926072708,-3.01786078229679,-2.98179701031414,-2.94949923254131,-2.89661248676465,6662.32365199007,1.0006861094202
"log_lik_gear[91]",-3.44852665426357,0.00164197110654865,0.179548763976201,-3.89044413754269,-3.54208130671214,-3.41293288032172,-3.31592238747846,-3.20609443177536,11957.3190720978,0.999923264579
"log_lik_gear[92]",-2.98847895581309,0.000713151720992973,0.0582096245244517,-3.13141926072708,-3.01786078229679,-2.98179701031414,-2.94949923254131,-2.89661248676465,6662.32365199007,1.0006861094202
"log_lik_gear[93]",-2.89496993329038,0.00102016106684798,0.0812726462767571,-3.10107173170861,-2.93322515047784,-2.87839114278148,-2.839493193534,-2.78218105966874,6346.74882399756,1.00053883172065
"log_lik_gear[94]",-3.05744013120419,0.000736148329209988,0.0698033357375046,-3.2328096065869,-3.08786150776893,-3.04637178658937,-3.01191549590763,-2.95494036570511,8991.28352442538,1.00030528754403
"log_lik_gear[95]",-3.88992450531849,0.00328111610071542,0.363351765538053,-4.65814702398277,-4.12523423256808,-3.87220332699741,-3.63934190241079,-3.22328148705116,12263.4129782395,0.999923339995783
"log_lik_gear[96]",-3.88992450531849,0.00328111610071542,0.363351765538053,-4.65814702398277,-4.12523423256808,-3.87220332699741,-3.63934190241079,-3.22328148705116,12263.4129782395,0.999923339995783
"log_lik_gear[97]",-5.75157482261087,0.00440308415105107,0.501475168102971,-6.79038860267605,-6.07904792156683,-5.73707270226383,-5.407049235897,-4.81163004166676,12971.3415168811,0.999875655657891
"log_lik_gear[98]",-2.93372749209184,0.000827206152231642,0.0630426735243731,-3.089730741626,-2.9641694846463,-2.92470528091384,-2.89185938185332,-2.83773096582616,5808.20228691799,1.00076229478722
"log_lik_gear[99]",-3.03608493424138,0.00223662900433478,0.225269851095896,-3.53642343147209,-3.17604424571354,-3.01571876812947,-2.87393833681483,-2.65383074375349,10144.2101830804,1.00003342876478
"log_lik_gear[100]",-2.95073243969531,0.00197864725723731,0.193936157863551,-3.39020767818553,-3.0704910855062,-2.92921570954466,-2.8090378470743,-2.63233924398538,9606.84580350751,1.00007684407104
"log_lik_gear[101]",-4.49985050840185,0.00232182606030901,0.248859841778153,-5.10406030245024,-4.62291945981717,-4.44684603953395,-4.31871396549256,-4.17275385085033,11488.1547874713,0.99992907669305
"log_lik_gear[102]",-4.88490829686396,0.00339046352679273,0.354506832860273,-5.71775316151018,-5.0751130203064,-4.82287843708123,-4.62565092584462,-4.37741798601708,10932.7915336851,0.999945891474345
"log_lik_gear[103]",-5.00458839016958,0.00370964769677676,0.385399871533481,-5.90272554493304,-5.2134640696284,-4.93994996040007,-4.7228101465161,-4.44158523245456,10793.3882001462,0.999951139858993
"log_lik_gear[104]",-4.17700481677697,0.00215988280512708,0.225056202670105,-4.71309359592467,-4.30277249101866,-4.13944123813206,-4.01126674043957,-3.85490147943775,10857.2940376562,0.999768380012634
"log_lik_gear[105]",-3.46591234871177,0.00125212754656889,0.134878162298602,-3.7858681314364,-3.53681335600495,-3.44014178006087,-3.36786545743913,-3.2785263265346,11603.4234134428,1.00023877135275
"log_lik_gear[106]",-3.90288865602466,0.00292688427691094,0.306040740950644,-4.55711457829536,-4.09075806459813,-3.87793901590499,-3.68497256437709,-3.38019345936081,10933.2023546902,0.999860485408701
"log_lik_gear[107]",-3.55053081597143,0.00191270321157269,0.205728482034545,-4.01323821283675,-3.67168384193184,-3.52498309943874,-3.40151574852346,-3.22792473931712,11568.9426761709,1.00001733888634
"log_lik_gear[108]",-3.90288865602466,0.00292688427691094,0.306040740950644,-4.55711457829536,-4.09075806459813,-3.87793901590499,-3.68497256437709,-3.38019345936081,10933.2023546902,0.999860485408701
"log_lik_gear[109]",-3.59534512140592,0.00209807910747079,0.22467584521469,-4.09497225121668,-3.73024030942644,-3.56920339955206,-3.43267565884089,-3.23448959843093,11467.5079549459,0.99997916835197
"log_lik_gear[110]",-3.59534512140592,0.00209807910747079,0.22467584521469,-4.09497225121668,-3.73024030942644,-3.56920339955206,-3.43267565884089,-3.23448959843093,11467.5079549459,0.99997916835197
"log_lik_gear[111]",-3.75157649530358,0.00113793023114166,0.107168952604584,-4.02280866812974,-3.79962064944982,-3.72838973840869,-3.67904718910518,-3.60681220454416,8869.65447228487,0.999771877605764
"log_lik_gear[112]",-3.65859593277984,0.00091145095428917,0.0808412698900512,-3.85790122283899,-3.69493943106995,-3.64576062231411,-3.60548686460225,-3.54068334352897,7866.82783942536,0.99995170425771
"log_lik_gear[113]",-4.7389206593572,0.00136055039062758,0.129529408371179,-5.07467139454246,-4.79479535118354,-4.7084928652867,-4.65323887850111,-4.56911671695208,9063.7412954386,0.999686353503979
"log_lik_gear[114]",-6.5858268178083,0.00532269825899438,0.59272116511028,-7.95634963564756,-6.94214871703406,-6.51965165741154,-6.15721684598989,-5.63259462286883,12400.4423331298,0.99981566697399
"log_lik_gear[115]",-6.97900395872498,0.00604244671605663,0.675235081148879,-8.51616235947028,-7.39060804782349,-6.90829436282451,-6.49187441649133,-5.88020450266252,12487.7540425367,0.999835566510121
"log_lik_gear[116]",-4.50794056977513,0.00227118944555059,0.226838706117279,-5.0341489816486,-4.63758234439345,-4.4722867248316,-4.34133042434123,-4.16897158527992,9975.33754416984,0.999945554348774
"log_lik_gear[117]",-4.9967146531573,0.00322271286852285,0.33218093635273,-5.73806418555963,-5.19572367250582,-4.95511051696573,-4.75609639794779,-4.46452650880508,10624.4433066987,0.999963871233279
"log_lik_gear[118]",-5.40854205716148,0.00395622952490829,0.413495862330656,-6.3127502545357,-5.65730175288,-5.36508516226618,-5.11038982987985,-4.72731274154467,10923.941778361,0.99997412926891
"log_lik_gear[119]",-5.44363874781671,0.00476452521741888,0.454553734597398,-6.39274504731411,-5.7341729929121,-5.42368714679044,-5.12992123737661,-4.61545759780064,9101.8819972021,0.999930851725073
"log_lik_gear[120]",-4.12769053614803,0.00275988803177188,0.276972779459399,-4.72754916438726,-4.3000384124876,-4.10817930741298,-3.93139266240935,-3.64763190113308,10071.4326338186,0.999933509599835
"log_lik_gear[121]",-3.85412043579684,0.000768190209549906,0.0641095690175063,-4.00249100530818,-3.88945145606102,-3.84769674588429,-3.81062366958251,-3.74808143977039,6964.79244800158,0.999903133579027
"log_lik_gear[122]",-3.78139087088304,0.00071274208765402,0.0633227589022715,-3.92645559255053,-3.81595390990633,-3.77612874312035,-3.7384099920509,-3.67566846804408,7893.23162190269,0.999952323056479
"log_lik_gear[123]",-3.80288899594947,0.000709796235693824,0.0608364795583254,-3.93752712712386,-3.83747741918297,-3.79820706357401,-3.76167865083868,-3.6998112885944,7346.16647270166,0.999934861448264
"log_lik_gear[124]",-3.72132634933513,0.00100417187656642,0.103761648765808,-3.97530644618252,-3.77460314257966,-3.70284199201197,-3.64928576610784,-3.56834140607051,10677.2059519787,0.999971746479853
"log_lik_gear[125]",-4.62280681287894,0.00250561251984889,0.252770712234242,-5.20243162928521,-4.76911275349565,-4.58544436486579,-4.43733455548026,-4.23597978164599,10177.1384674272,0.999950834194795
"log_lik_gear[126]",-3.94965879849743,0.000975923932111918,0.0853615620120297,-4.16182206910286,-3.98988906643493,-3.93452064453719,-3.89279583584871,-3.82397130535984,7650.55199100785,0.99989697483724
"log_lik_gear[127]",-3.72301570498229,0.00120910250645619,0.126439724950616,-4.02502675482322,-3.79418118446518,-3.7026233878568,-3.63149761414306,-3.53544082647913,10935.55532107,0.99996513336137
"log_lik_gear[128]",-4.80128220756056,0.00086932098830101,0.0714603479803438,-4.96484422894466,-4.83894374710236,-4.79453764073301,-4.7537555129156,-4.68302372825966,6757.24900906603,1.00018936805946
"log_lik_gear[129]",-4.70772239460333,0.000965408385654931,0.0950693221302483,-4.94983620982457,-4.75227718505616,-4.69141519274788,-4.6439904540907,-4.56777918372115,9697.47482662875,1.00017550150272
"log_lik_gear[130]",-4.70772239460333,0.000965408385654931,0.0950693221302483,-4.94983620982457,-4.75227718505616,-4.69141519274788,-4.6439904540907,-4.56777918372115,9697.47482662875,1.00017550150272
"log_lik_gear[131]",-3.73236868220998,0.0018810415260349,0.204653792575603,-4.23790242104941,-3.84218315227228,-3.68886869303198,-3.58107889808743,-3.4634183653393,11837.0321765554,1.0001347034018
"log_lik_gear[132]",-3.85735430999816,0.00114890469642945,0.0933125730561835,-4.09758490114333,-3.89475352343938,-3.84035522985843,-3.79750668343435,-3.73021499955724,6596.48107369521,0.9998305943355
"log_lik_gear[133]",-3.73236868220998,0.0018810415260349,0.204653792575603,-4.23790242104941,-3.84218315227228,-3.68886869303198,-3.58107889808743,-3.4634183653393,11837.0321765554,1.0001347034018
"log_lik_gear[134]",-3.82942282341813,0.00111107729237493,0.0893475352187584,-4.05926327658356,-3.86561913925333,-3.81435665252783,-3.77168727723557,-3.70492778852483,6466.60910082476,0.999870600036674
"log_lik_gear[135]",-4.8458109998837,0.00395417218397563,0.427055080005766,-5.88181759224771,-5.08099849777205,-4.7698172486247,-4.52491611267096,-4.25152107224947,11664.2449510295,1.00004725312646
"log_lik_gear[136]",-3.80428166116325,0.00109427437194223,0.0894524090800605,-4.02955374378666,-3.8394677765443,-3.78931725490028,-3.74639378592424,-3.68045925454116,6682.38704197198,0.999933585088004
"log_lik_gear[137]",-3.78199617165348,0.00278784824360137,0.29358066315854,-4.48892360358676,-3.94009243575585,-3.72579678150532,-3.56330437916478,-3.39244843979068,11089.6192602098,0.999824388809885
"log_lik_gear[138]",-3.79548741248863,0.0014026011318985,0.114218665259376,-4.09550309318866,-3.8320239913654,-3.77017490347838,-3.7265111352738,-3.65639199091751,6631.40865013754,1.00031469003239
"log_lik_gear[139]",-3.8107697147898,0.00297281374248314,0.314866072386378,-4.55786787662151,-3.98420995173166,-3.75566580139548,-3.57458287064728,-3.37660909522389,11218.0231985728,0.99981107623749
"log_lik_gear[140]",-7.02349053557648,0.00838028321768423,0.91036359314503,-9.17038392656731,-7.53637545568708,-6.87898199610862,-6.34996324101857,-5.6765729540541,11800.8250047891,0.999721636305738
"log_lik_gear[141]",-3.50500211665625,0.00206041630035776,0.199702409950671,-3.96430656787243,-3.62116485078705,-3.47866621948002,-3.3538920657824,-3.21113476371117,9394.13198613418,0.999819059633064
"log_lik_gear[142]",-4.03492094192807,0.00362025607318257,0.375469366563575,-4.81397422648464,-4.27360430774065,-4.01532649205743,-3.77084743801166,-3.363156537789,10756.4865480792,0.999729207251624
"log_lik_gear[143]",-3.81827332103923,0.00321170513485632,0.328972716015081,-4.51503715732491,-4.02654650100083,-3.79653786310952,-3.58330761404508,-3.24585101619113,10491.7619606342,0.999750197731282
"log_lik_gear[144]",-3.71617583642864,0.00119708167646099,0.113780382728297,-4.02307469078112,-3.7523415075171,-3.69033144719366,-3.64496946366113,-3.57564931188819,9034.14827473312,0.9998176559185
"log_lik_gear[145]",-3.92907285600866,0.00187148760446322,0.189470582975956,-4.42608193761692,-4.00822335074628,-3.87682329971528,-3.7981391711923,-3.70872336878186,10249.665039772,0.99983322343673
"log_lik_gear[146]",-3.47973576047315,0.00170392611819489,0.159933455124231,-3.86150667877358,-3.56796876841415,-3.44978262310327,-3.35939585559776,-3.2604302681468,8810.02456552454,0.999846108314164
"log_lik_gear[147]",-3.53461926991664,0.00103013016638704,0.0836014676787555,-3.7393387275413,-3.57167296663667,-3.52042543418403,-3.47963790557159,-3.41585495464589,6586.33161403374,0.999904475319282
"log_lik_gear[148]",-5.17791752626753,0.0054378051441714,0.548714314486144,-6.4657410690321,-5.48889766189642,-5.08104399377393,-4.77943253482607,-4.36769103430197,10182.2861423717,0.999908476949038
"log_lik_gear[149]",-3.48843342198077,0.00187953890579977,0.179533008250647,-3.90905789862136,-3.59048207039158,-3.46041940242721,-3.35152004125303,-3.23258636546149,9124.01469711009,0.999832171063187
"log_lik_gear[150]",-3.86121632680491,0.000851692864361987,0.0686653333382235,-4.02504526981744,-3.89784390628758,-3.85378047401529,-3.8151352377402,-3.74954009512922,6499.93551471428,0.999900837131239
"log_lik_gear[151]",-4.01434488358769,0.001220002569091,0.105560313337945,-4.2712323512623,-4.0687732739548,-3.99544919999255,-3.94004399978679,-3.86037743293622,7486.51761764697,0.999741920445401
"log_lik_gear[152]",-3.89598927903628,0.000936085963838416,0.0764418003059676,-4.08216322943184,-3.93538314814802,-3.88557749971146,-3.84406846189374,-3.77618630081587,6668.53364881495,0.999845491501394
"log_lik_gear[153]",-5.19723964824718,0.00347853225159309,0.353678469022243,-5.99895603871796,-5.41485704343798,-5.15912957283982,-4.94246169527942,-4.61199215712155,10337.7297658877,0.99967299766232
"log_lik_gear[154]",-4.72002852249212,0.00265095578714941,0.2624398887853,-5.32314656652834,-4.87757568413751,-4.68815650087417,-4.52984602560471,-4.30029325826303,9800.64640988601,0.999669449769351
"log_lik_gear[155]",-4.10393987805301,0.00142507888471619,0.127646941125657,-4.41213463704517,-4.17350828191747,-4.08176367274021,-4.01251674507438,-3.91928007882265,8023.11493286504,0.999708884799895
"log_lik_gear[156]",-4.19305912798334,0.00287093855952475,0.27587559058226,-4.79324663528028,-4.36780755395952,-4.17487630577852,-3.99646038040375,-3.7083758990369,9233.76367294202,0.999722051735667
"log_lik_gear[157]",-4.01434488358769,0.001220002569091,0.105560313337945,-4.2712323512623,-4.0687732739548,-3.99544919999255,-3.94004399978679,-3.86037743293622,7486.51761764697,0.999741920445401
"log_lik_gear[158]",-4.91769085693114,0.00300289383421374,0.301173642166082,-5.60184348494327,-5.10081444093792,-4.88353726570625,-4.7006577106489,-4.42763337698101,10058.9804852886,0.999670194373211
"log_lik_gear[159]",-4.30570947041067,0.00185751539476612,0.174861343221583,-4.71830932885855,-4.40531251648862,-4.27813436092383,-4.17764409660116,-4.04426932184996,8861.81698510164,0.999679806053502
"log_lik_gear[160]",-3.77258220566668,0.000685705102998857,0.0567692786624628,-3.89629191523739,-3.80585047367952,-3.76931313855397,-3.73412587347904,-3.67251856627926,6854.12450075295,1.00005172548179
"log_lik_gear[161]",-3.72795170277245,0.00067161435738344,0.061649632156174,-3.86688949301314,-3.76203486488834,-3.72304395495881,-3.68600573662165,-3.62377906295202,8425.99187403434,1.00000708056976
"log_lik_gear[162]",-4.76581672526064,0.00191745956505862,0.213396256265209,-5.24358413462284,-4.89672681714114,-4.74242679790751,-4.61137982556559,-4.41391112256855,12385.7173045683,0.999694876363657
"log_lik_gear[163]",-4.65085367602829,0.000956584557589093,0.101957621163649,-4.89772534132069,-4.70385767846294,-4.63210140138997,-4.58009060166093,-4.50018495107392,11360.3747250464,0.999798335424642
"log_lik_gear[164]",-4.80318040276741,0.000928417228090175,0.0743706848787741,-4.97854502627732,-4.84069422571176,-4.79548286726251,-4.75447940874275,-4.68420932790928,6416.78045086277,1.00007061893828
"log_lik_gear[165]",-4.70493139232836,0.00165424593129623,0.18564861228234,-5.12827852886781,-4.8169155495606,-4.68241186304138,-4.569015248451,-4.41060777393772,12594.5676696198,0.999695585042928
"log_lik_gear[166]",-4.64549620933266,0.00109007549233098,0.119702622439276,-4.93268413211624,-4.71067729880184,-4.62385152617793,-4.56082802581007,-4.46939380440677,12058.5247362436,0.999749628095136
"log_lik_gear[167]",-4.6486035305221,0.000987581250598136,0.106225379918768,-4.90512358302292,-4.70438973807998,-4.6288412500642,-4.57449093610674,-4.49140517952996,11569.4020536262,0.999783801652027
"log_lik_gear[168]",-3.28761439989416,0.00678802176188664,0.423597916276045,-4.27179053264415,-3.53903942475435,-3.21140005010707,-2.94620085067934,-2.74860996331818,3894.22623522527,1.0005444180723
"log_lik_gear[169]",-3.69428461264543,0.0100172181308612,0.641606477481224,-5.05982656960225,-4.10765007386636,-3.65623475733937,-3.22077121956018,-2.59779814722725,4102.44925554552,1.00043647971353
"log_lik_gear[170]",-4.41447090302913,0.0123013400164624,0.813740714617174,-6.07210016013155,-4.95963796026944,-4.40233242796618,-3.84222024219417,-2.89729052772292,4375.89856484693,1.00038582015274
"log_lik_gear[171]",-4.3422731338723,0.0022220737928834,0.230482500904428,-4.87565982907075,-4.47778834405533,-4.31083556119501,-4.17229365869976,-3.99300740419748,10758.6792679771,0.999649548378263
"log_lik_gear[172]",-3.90475907887817,0.00126188855274809,0.124097264497838,-4.21002694439313,-3.9692655874608,-3.88028508462286,-3.81648767876136,-3.73015347220269,9671.24566953816,0.999705843025733
"log_lik_gear[173]",-3.95988633772318,0.0013900982848977,0.138455949372276,-4.29725185919593,-4.03338492880853,-3.93341729496227,-3.85910092835122,-3.76580972753627,9920.46955688339,0.999690949708314
"log_lik_gear[174]",-4.2057229286932,0.00193606356999277,0.199015379257471,-4.67440040709895,-4.32022459919153,-4.17581693004341,-4.05805831242012,-3.91290989147131,10566.5704002323,0.999657782606971
"log_lik_gear[175]",-5.04782418578605,0.00357190680130237,0.377646677769627,-5.88750669083504,-5.27845151223039,-5.00990821159711,-4.77476424755442,-4.43004740605609,11178.1800226491,0.999636092524374
"log_lik_gear[176]",-3.75671706004021,0.000915567166977391,0.0849536350978631,-3.97073170507605,-3.79754784999792,-3.74276413597602,-3.69924656107897,-3.63102325444612,8609.61067557142,0.999784664047486
"log_lik_gear[177]",-3.713678787186,0.000820912652231215,0.0742663787028366,-3.89765865718779,-3.75015262126242,-3.70377197617866,-3.66394146072222,-3.59823892315749,8184.47067937008,0.999826219730819
"log_lik_gear[178]",-3.90475907887817,0.00126188855274809,0.124097264497838,-4.21002694439313,-3.9692655874608,-3.88028508462286,-3.81648767876136,-3.73015347220269,9671.24566953816,0.999705843025733
"log_lik_gear[179]",-3.67409341666893,0.000740837111332154,0.0657257218367158,-3.83200832467589,-3.70857903753796,-3.66728703911309,-3.63062773288762,-3.56660899523453,7870.91585599272,0.999870941719779
"log_lik_gear[180]",-6.35448323533184,0.00552754459016031,0.532458238614672,-7.44173393473121,-6.70378528324102,-6.33108889758648,-5.98548533767359,-5.37152252337371,9279.11576572743,0.999875119717874
"log_lik_gear[181]",-4.48323059278644,0.00349459170612785,0.353882706117699,-5.22371662641448,-4.71381293055452,-4.46302153658156,-4.23179793064762,-3.84433257984889,10254.7669627913,0.999760391894059
"log_lik_gear[182]",-3.5133408776471,0.000960115248651021,0.0997999333348915,-3.75515511176851,-3.56471740455479,-3.49561470832933,-3.44238984662514,-3.36737843517788,10804.7262459838,0.999703288397015
"log_lik_gear[183]",-4.50884396206956,0.00169882109132919,0.186283134255163,-4.93352753644391,-4.61474215257756,-4.48168966474762,-4.37213624525616,-4.22419614220548,12024.0779868045,0.999684552658587
"log_lik_gear[184]",-4.58195332650505,0.000840490793580857,0.0719983522576748,-4.75221082052624,-4.61887512762551,-4.57395876105309,-4.53467689538049,-4.46382726321922,7338.02510602374,0.999738396177101
"log_lik_gear[185]",-4.50424428003519,0.000910112415382804,0.0873075887284042,-4.71917908694159,-4.5452226815956,-4.49061432929065,-4.44639077032839,-4.37601972738455,9202.67130004232,0.999693618078967
"log_lik_gear[186]",-3.69393231457133,0.00216124277487043,0.231555438319004,-4.22697570267572,-3.82980861443334,-3.66483048503497,-3.52574564285428,-3.32678250925889,11478.968438011,1.00013094537059
"log_lik_gear[187]",-4.92350345451249,0.0044143010267011,0.46404552175619,-5.90751122750745,-5.21275771640981,-4.89396924298095,-4.5954654646224,-4.10281084968249,11050.8906106376,1.00025941725045
"log_lik_gear[188]",-4.23960809192232,0.00346239472609516,0.368601872444327,-5.03723013903115,-4.46465206470205,-4.21139310093274,-3.97922006757252,-3.59988265084475,11333.4444142313,1.00021982301119
"log_lik_gear[189]",-3.63062298581385,0.00184031469761634,0.196296274058906,-4.0940530284535,-3.74243070628503,-3.60050534071792,-3.4863887526505,-3.33566209995367,11377.3186895073,1.00009562211477
"log_lik_gear[190]",-3.85561620228332,0.00268037104413359,0.287264488125149,-4.49547794720463,-4.02961024125122,-3.82710558558288,-3.6495269785562,-3.37486622704656,11486.138472353,1.00017327750565
"log_lik_gear[191]",-4.53318921733574,0.00390994917688674,0.41391390710891,-5.41860873322601,-4.78921859719096,-4.50327472964533,-4.24102730110128,-3.80265197330222,11206.7017107603,1.00024048401075
"log_lik_gear[192]",-5.39080318220253,0.00465533045764892,0.508877812105834,-6.56025052159375,-5.69404189649921,-5.3337618617097,-5.02109492734272,-4.57453684790352,11948.8470291332,1.00007896036943
"log_lik_gear[193]",-4.22047495632637,0.00209343595020139,0.221639437616255,-4.76598648287519,-4.33848323630561,-4.17682242561459,-4.05882231705009,-3.92152331862573,11209.2027099454,1.00010948317054
"log_lik_gear[194]",-7.05458735101921,0.00772304661343538,0.848852040662788,-8.92956481554715,-7.5822478665292,-6.97633928443597,-6.44820428795164,-5.62519012430974,12080.5492975394,1.00004744679259
"log_lik_gear[195]",-5.90339183514029,0.00488718752031417,0.549613032258544,-7.21856222640712,-6.19794417647367,-5.79682715764415,-5.49307896459837,-5.1766796239198,12647.2480895978,1.00002727663166
"log_lik_gear[196]",-5.2657124803304,0.00308633089704447,0.318115213418367,-6.08078901536658,-5.40815823932866,-5.17748026323108,-5.03312820222428,-4.91031861277896,10623.8983125359,1.00010186538057
"log_lik_gear[197]",-4.64513850569282,0.0018709173461921,0.193209181020919,-5.15832331432278,-4.72561294073785,-4.588552298118,-4.51197280136282,-4.42106320695998,10664.6428557407,0.999888771456884
"log_lik_gear[198]",-3.74152187319339,0.00290902516036582,0.31141044896528,-4.42764439748917,-3.93767228986833,-3.71438971913894,-3.52238163809396,-3.20310417725173,11459.6513894136,0.9998611352934
"log_lik_gear[199]",-3.56317600659406,0.00253607340707396,0.265183104577892,-4.15732930527363,-3.7262000943938,-3.53449945082983,-3.37324956540917,-3.12209130908138,10933.7228520556,0.999884380771425
"log_lik_gear[200]",-3.38622283173815,0.00183292398625505,0.178798602711153,-3.80687760351789,-3.48782737026098,-3.35515243112139,-3.2548892951416,-3.12572178310566,9515.66911098212,0.999966378370171
"log_lik_gear[201]",-3.38622283173815,0.00183292398625505,0.178798602711153,-3.80687760351789,-3.48782737026098,-3.35515243112139,-3.2548892951416,-3.12572178310566,9515.66911098212,0.999966378370171
"log_lik_gear[202]",-3.49906661970095,0.00235548508000917,0.24288470929134,-4.04975648586716,-3.64647478134633,-3.46936910929605,-3.32445448512729,-3.10410931060167,10632.6038757797,0.999899287255741
"log_lik_gear[203]",-3.74152187319339,0.00290902516036582,0.31141044896528,-4.42764439748917,-3.93767228986833,-3.71438971913894,-3.52238163809396,-3.20310417725173,11459.6513894136,0.9998611352934
"log_lik_gear[204]",-3.68222528863547,0.00123561515693075,0.12413482875529,-4.00815571261972,-3.73255809349082,-3.65271987933832,-3.59904788429661,-3.52681568738995,10093.0132843705,0.999916753977632
"log_lik_gear[205]",-3.94400385419521,0.00192535595696054,0.205155151102481,-4.4616086013578,-4.04613070648799,-3.90153103207542,-3.7925679711895,-3.67545996386936,11353.8404163853,0.999842145780136
"log_lik_gear[206]",-3.36739224754891,0.00135743686281389,0.120176593550264,-3.66817816876219,-3.42532000197916,-3.33930728068891,-3.28418290083125,-3.20631235378495,7837.91413852458,1.00010677498871
"log_lik_gear[207]",-6.48633831001877,0.00643671131117043,0.650212055377575,-7.95022023353655,-6.86803027469742,-6.40643027535066,-6.01378234963752,-5.46360547231098,10204.2707235113,0.999786194837425
"log_lik_gear[208]",-5.21956193637606,0.00310882781528306,0.324565349826371,-5.98950288924159,-5.3945018546751,-5.160627707126,-4.9793197917646,-4.77474004844757,10899.610246939,0.999788829932273
"log_lik_gear[209]",-4.41197646139966,0.00100993429516121,0.0810151572268408,-4.61259820417197,-4.44908239295538,-4.40033980297375,-4.35896138465172,-4.2907804927499,6434.96691089645,1.00040106606501
"log_lik_gear[210]",-5.76367748526084,0.00615288624925487,0.71548442636648,-7.39817822818669,-6.17981923043031,-5.65722719655869,-5.23854622719571,-4.67827384580175,13522.0518786131,0.999777327602487
"log_lik_gear[211]",-5.06405534049287,0.00445693390990142,0.513737556450507,-6.27018482932888,-5.35051403806668,-4.97107764484004,-4.68434016621232,-4.34979982122518,13286.4893300294,0.999813505624651
"log_lik_gear[212]",-3.78811960490235,0.00142682437369564,0.127325114433122,-4.13173000799933,-3.83238054471076,-3.75599838375382,-3.70569977663862,-3.63486806677367,7963.19060884616,0.999818603762927
"log_lik_gear[213]",-5.14248821919545,0.0039437093458759,0.444900536942709,-6.13408789137294,-5.40777749178473,-5.09612334110516,-4.82081691776182,-4.42689536780441,12726.7074335406,0.999767585230236
"log_lik_gear[214]",-4.73788426140967,0.00191045186591788,0.188662670780639,-5.23385650529015,-4.81774824741632,-4.68523249467648,-4.6080557270196,-4.51640860774831,9752.13615895129,0.999731897400839
"log_lik_gear[215]",-5.01118458237631,0.00358488228363243,0.402213693977254,-5.92598855816724,-5.2463701178383,-4.96270974189466,-4.7194595256038,-4.38093644236704,12588.2078961132,0.999746605963157
"log_lik_gear[216]",-4.38325769743016,0.00195523897286517,0.174553185620166,-4.85802180835128,-4.44544144302395,-4.33310578653094,-4.26919075250014,-4.18335667860804,7969.95497344113,1.00006499649438
"log_lik_gear[217]",-5.21387603917521,0.00432092650657526,0.471607033898918,-6.36645678416737,-5.47153504311513,-5.12853605142939,-4.85819246025784,-4.57293140974227,11912.6062876905,1.00001459222251
"log_lik_gear[218]",-4.29768250694121,0.00165971156817806,0.140140970595357,-4.68384799664057,-4.3432412545478,-4.26127400910393,-4.20878395735831,-4.13248414231127,7129.59729400647,1.0000979466329
"log_lik_gear[219]",-5.09480038977939,0.00132429491312573,0.113574177103827,-5.39224898472173,-5.13931040128756,-5.07031358358518,-5.02190142680371,-4.94623795903679,7355.1202249138,0.999845817009099
"log_lik_gear[220]",-5.04283898915831,0.00154918713660276,0.154896037517005,-5.45280888214316,-5.10260094613466,-5.0016545694005,-4.94013732780556,-4.85677067013688,9997.0727250271,0.999819290812687
"log_lik_gear[221]",-5.04526030421383,0.00152027336739235,0.150705148322322,-5.44486605989713,-5.10122405972007,-5.00608622389075,-4.94610133835951,-4.8635850580102,9826.81550834002,0.999821663665705
"log_lik_gear[222]",-4.09063274635667,0.00265101655029925,0.288714279345377,-4.75050758643879,-4.26527444340726,-4.05427918834164,-3.87909008619452,-3.63492964834631,11860.7362841918,0.999789526559175
"log_lik_gear[223]",-4.04910220207861,0.0010772675581716,0.0837935214040426,-4.25894763167868,-4.08592090663173,-4.03704903966259,-3.99505317077671,-3.92701516329886,6050.25558550896,0.999978820445148
"log_lik_gear[224]",-4.28165035021693,0.00152748314806273,0.15517431771833,-4.68733384181702,-4.34978255282925,-4.239075628219,-4.17557177304171,-4.09214998056301,10320.1695854396,1.00007741049719
"log_lik_gear[225]",-3.98952990593229,0.00111526542132918,0.0871150295229223,-4.21146443965593,-4.0258194815885,-3.97534237751164,-3.93416552195961,-3.86434806647749,6101.40286936027,0.999804643383088
"log_lik_gear[226]",-4.09784132533619,0.00112281814981096,0.0934877526813572,-4.33713116211519,-4.13619207447568,-4.08110062450137,-4.03702647209828,-3.96721592339947,6932.51138946298,1.00006317932751
"log_lik_gear[227]",-4.28242129565455,0.0031417482878005,0.348321450314652,-5.0518537518083,-4.49516357252912,-4.25016678991211,-4.02906989544689,-3.70751389521036,12291.8617173575,0.999801011946837
"log_lik_gear[228]",-5.77914178594839,0.00323279275039058,0.34610856664361,-6.63960684251361,-5.96393885602663,-5.71069585920156,-5.52003143267061,-5.32272003355765,11462.2260889993,0.999909027498116
"log_lik_gear[229]",-5.14253402793935,0.00137470370065047,0.124331307174946,-5.47505826117059,-5.18702374400064,-5.11406011522894,-5.06257454407182,-4.98418838245795,8179.80208571315,0.999912381215818
"log_lik_gear[230]",-5.09884743261912,0.00127653832278079,0.109604035654044,-5.38920258535134,-5.14042995455287,-5.07679734865576,-5.02926855180161,-4.95328940149086,7372.00084173692,0.999899036154722
"log_lik_gear[231]",-4.00137546036899,0.00212022413326893,0.189920370091907,-4.5174626247823,-4.07184019403737,-3.94266014446588,-3.87509684618541,-3.7931136083341,8023.78990836102,1.00022301036236
"log_lik_gear[232]",-4.89248062307428,0.00475622099975465,0.466978176408065,-6.0709582446817,-5.10644060825675,-4.77994728929434,-4.54705957259401,-4.3579956834253,9639.82428362739,1.00000063324266
"log_lik_gear[233]",-4.01554686908296,0.00191035046089238,0.16450946043793,-4.46522768140487,-4.06877096271388,-3.96738980133756,-3.90993490909538,-3.83380247776084,7415.75991214572,1.0003948860006
"log_lik_gear[234]",-4.09789503679029,0.000816215418894679,0.0715837653315236,-4.27118113749843,-4.13381942798147,-4.09022156037292,-4.05005920939686,-3.98102690048037,7691.64954258041,1.00059462732327
"log_lik_gear[235]",-4.0080075041149,0.000760416540903849,0.0628205837714847,-4.1469679326917,-4.0436356077118,-4.00211798779834,-3.96532702687738,-3.90049399972331,6824.97123284561,1.00056339570274
"log_lik_gear[236]",-4.07289124093395,0.000785482959524352,0.066972982445622,-4.23013071603234,-4.10853435470131,-4.06656751738693,-4.0275296831208,-3.96129689068225,7269.85490733036,1.00062693838156
"log_lik_gear[237]",-3.95309689752489,0.00147891911267176,0.160137221083543,-4.32464088272334,-4.04561685511132,-3.93114031951201,-3.8374881389267,-3.70351057904907,11724.5378357063,1.00017648589874
"log_lik_gear[238]",-3.93061977814348,0.000984025319180631,0.0950417519360591,-4.16229533266191,-3.97750718909478,-3.91285189483931,-3.86577431052236,-3.7912693693639,9328.59675375143,1.00021646064186
"log_lik_gear[239]",-4.10668822202004,0.00203181349171063,0.224296885160557,-4.60334367652901,-4.2416103882368,-4.08314808421876,-3.94499105181406,-3.7300006149191,12186.4947412351,1.00022279259012
"log_lik_gear[240]",-4.15258925130061,0.000908092597759976,0.084243201874588,-4.36167518765966,-4.19231390839585,-4.13986360856637,-4.09653769697736,-4.0232846424374,8606.16084816459,1.00050070711878
"log_lik_gear[241]",-3.98998775016914,0.000773819571475135,0.0649893778506457,-4.13558396535205,-4.02577750476706,-3.98293705386303,-3.9462776548408,-3.88160839838889,7053.51086180979,1.00049227623449
"log_lik_gear[242]",-3.92316192477644,0.00117503459215911,0.121220949322053,-4.21701069296569,-3.98783195704116,-3.9022765057437,-3.83594896919821,-3.74300663472377,10642.7548215585,1.0001739556796
"log_lik_gear[243]",-4.31414682646564,0.0012334550514544,0.127072685360027,-4.6278987912035,-4.37748838992585,-4.28824859730658,-4.2242748639343,-4.13676819631456,10613.4788704327,1.00030268851097
"log_lik_gear[244]",-4.50661241556584,0.00163548381211466,0.17677077593397,-4.9310351783089,-4.60473109633474,-4.47713675582052,-4.37648318803772,-4.25487063224201,11682.3022084358,1.00019366874183
"log_lik_gear[245]",-5.98299914590061,0.00440289110412484,0.488534353904148,-7.06744410542924,-6.28046592080615,-5.93783532992276,-5.63265137772937,-5.15737602625981,12311.5952440548,0.999995450173233
"log_lik_gear[246]",-4.94080776638693,0.000997251805625218,0.0856555639794717,-5.15548424171848,-4.98085668318723,-4.92839002650169,-4.88383758572616,-4.81093836745652,7377.36880945557,1.00041497106198
"log_lik_gear[247]",-4.90340015457556,0.00126635322543088,0.124586153007642,-5.21639764463749,-4.96367252530413,-4.87807131483623,-4.81607245549051,-4.7301941752153,9678.98529195863,1.00000018134226
"log_lik_gear[248]",-4.90410019191531,0.00145050084472861,0.148556331177448,-5.26917173167911,-4.98177122183253,-4.87650673653735,-4.79565851668278,-4.69416723590064,10489.2964214671,0.999945482985946
"log_lik_gear[249]",-4.58053943075918,0.00266983099409311,0.265188147272059,-5.25380083158241,-4.7054484931884,-4.51509679873223,-4.38764131406515,-4.2614539268877,9865.99014496658,0.999973262926568
"log_lik_gear[250]",-4.0215379002902,0.00119294234937837,0.0980588394278406,-4.2726179546563,-4.05964042264795,-4.00245927413307,-3.95923543017181,-3.89014747904735,6756.69920096179,1.00050658258932
"log_lik_gear[251]",-4.0215379002902,0.00119294234937837,0.0980588394278406,-4.2726179546563,-4.05964042264795,-4.00245927413307,-3.95923543017181,-3.89014747904735,6756.69920096179,1.00050658258932
"log_lik_gear[252]",-4.01129691259968,0.00229942236616493,0.236683179206294,-4.58136046236404,-4.13819830055584,-3.97211402828684,-3.83590166434156,-3.67807000570488,10594.910337631,0.999939417463274
"log_lik_gear[253]",-4.75242102192265,0.00318026267924439,0.322971339615684,-5.56193480402348,-4.91494224673617,-4.68029195859791,-4.51440242748971,-4.33894664770805,10313.4029031836,0.999941566390935
"log_lik_gear[254]",-4.11834107651395,0.00125869411532018,0.0985152874453616,-4.37038263492414,-4.15585289816796,-4.10073855216338,-4.05697597430797,-3.9851945343288,6125.85699424285,1.00054920014595
"log_lik_gear[255]",-4.20501459045485,0.00136714177702304,0.151386637812431,-4.59415546280627,-4.27527416197314,-4.16830836406997,-4.09944203197153,-4.01309831429322,12261.6235398293,1.00000183785793
"log_lik_gear[256]",-4.47746825376634,0.00208371253764321,0.232788600009291,-5.04729995597457,-4.60263713369025,-4.42880437469361,-4.30413061051306,-4.16526775925727,12480.954708558,0.999924678403913
"log_lik_gear[257]",-4.85301013408676,0.00305061349806505,0.333853308868492,-5.63957076501338,-5.04603457184785,-4.79685332416791,-4.60606854205079,-4.36222414049174,11976.6951347465,0.999894128797319
"log_lik_gear[258]",-3.89056554141425,0.00209064315495471,0.222472760521025,-4.40550582789133,-4.02455431244847,-3.86485978443373,-3.72686302185184,-3.54027736275121,11323.8436866261,0.999774494486915
"log_lik_gear[259]",-3.90847576101785,0.000908825014655979,0.0718848630646851,-4.07891515203577,-3.94363359173554,-3.90028658081297,-3.86115536167458,-3.79628895209904,6256.25375229365,1.0002820366056
"log_lik_gear[260]",-4.38104732901804,0.00182866493618847,0.204891037354357,-4.89144566723077,-4.48709172895168,-4.33483530051306,-4.23018083795924,-4.11419260628302,12553.8705877218,0.999941841016817
"log_lik_gear[261]",-3.81456245770443,0.00168490814394406,0.169028537663286,-4.2205221071051,-3.90993765954811,-3.78710510024525,-3.68946993365088,-3.5721286334068,10063.9300508484,0.999799114212048
"log_lik_gear[262]",-3.86556708270611,0.000981890733203406,0.0760539478828622,-4.05164180291828,-3.90150538733761,-3.85562877037667,-3.81578079802311,-3.74926623638998,5999.52963519535,1.00015981608408
"log_lik_gear[263]",-3.86438378366806,0.00198775296952778,0.208809060276477,-4.35037704748421,-3.98922000795783,-3.83823398199932,-3.71050548441269,-3.54180859766061,11035.0385814713,0.999778618538409
"log_lik_gear[264]",-5.02701270288001,0.00288643897070574,0.311224577180974,-5.71804653839736,-5.22079802198361,-4.99400239006607,-4.80473232739736,-4.51210948162261,11625.8044124643,0.999765927704327
"log_lik_gear[265]",-4.81572596573843,0.00218761309090697,0.216757668992429,-5.32759684946205,-4.94228470025271,-4.78215417113614,-4.65518410491613,-4.49535844431257,9817.65839557258,0.999819848368754
"log_lik_gear[266]",-4.84920065342482,0.00236054584326725,0.239608609785907,-5.40321778753293,-4.99202140825678,-4.81593275302345,-4.67380800494784,-4.48092423201126,10303.3857681678,0.999798656831641
"log_lik_gear[267]",-5.10237161913043,0.00401688781325967,0.367770161358577,-5.9826644110112,-5.30974787052216,-5.0322228261511,-4.8215507672067,-4.60807843464131,8382.50025746524,0.999983255227076
"log_lik_gear[268]",-4.24997219272615,0.00115099123931541,0.101377845881763,-4.51132205584615,-4.28916343832097,-4.2295780507657,-4.18426422504638,-4.11471345310734,7757.86256848369,1.00051272382514
"log_lik_gear[269]",-4.21236127239049,0.00130001258279599,0.129121890879172,-4.55585665676214,-4.26262170436996,-4.17929379349772,-4.12819901967728,-4.05245593232403,9865.1715744991,1.0003144821145
"log_lik_gear[270]",-4.19768871598583,0.00174894680794122,0.178325319220355,-4.65920167171169,-4.28073187860646,-4.14898303852486,-4.07142884972227,-3.97896356860421,10396.1567240642,1.00017169105879
"log_lik_gear[271]",-5.41929609551718,0.00491681411629216,0.464481013573639,-6.49818844126424,-5.68898354262012,-5.34512067457484,-5.06729895291149,-4.74757977137391,8924.18064578922,0.99995883525198
"log_lik_gear[272]",-5.17868427853366,0.00424210617848397,0.391789119829924,-6.10680063773602,-5.40232714303959,-5.10844917400257,-4.87972959169274,-4.6403948170554,8529.85548698935,0.999975966861883
"log_lik_gear[273]",-6.2535826549133,0.00499039089772698,0.540193392820946,-7.37495284517402,-6.60265930207889,-6.23292874453563,-5.88361082367051,-5.26227632792841,11717.3500752039,0.999725110537568
"log_lik_gear[274]",-4.04476297098473,0.00210537908144112,0.241450024025444,-4.57761226419162,-4.19218618368176,-4.02256472170744,-3.87333112563906,-3.63993201084518,13152.0635522044,0.999682702922979
"log_lik_gear[275]",-4.28691421809107,0.00140420154642097,0.152175440078557,-4.66778913681109,-4.3580143501338,-4.25308726879202,-4.17988421099757,-4.08824665562187,11744.3838939078,0.999722214560545
"log_lik_gear[276]",-3.91152692866355,0.000810090682850928,0.0723618916904479,-4.08816894828717,-3.94882409150116,-3.90283503548642,-3.86345323398563,-3.79710097026799,7979.07503073499,0.999712994734057
"log_lik_gear[277]",-3.97048876222681,0.000805574697086007,0.0678241549791388,-4.12759561164527,-4.00548637899965,-3.96416176079462,-3.9257324401845,-3.86080917306778,7088.54580178262,0.999703104717016
"log_lik_gear[278]",-4.32698939764748,0.00149843723955857,0.163726948412697,-4.7343388108614,-4.40514703592422,-4.29126417545477,-4.21072940735645,-4.11179928074969,11938.8698933061,0.999725280945956
"log_lik_gear[279]",-4.28691421809107,0.00140420154642097,0.152175440078557,-4.66778913681109,-4.3580143501338,-4.25308726879202,-4.17988421099757,-4.08824665562187,11744.3838939078,0.999722214560545
"log_lik_gear[280]",-4.14078433447331,0.0010902469737529,0.108911741112176,-4.41798730111985,-4.18535668492203,-4.11869488923028,-4.06899062060042,-3.99384306431002,9979.28950943617,0.999709260126952
"log_lik_gear[281]",-4.74210707022792,0.0024241443463382,0.273843789304037,-5.38807741865344,-4.88990068143233,-4.69775620604659,-4.54354764920198,-4.347809357142,12761.1213490826,0.999749083408198
"log_lik_gear[282]",-4.86996440898028,0.000950221029441934,0.0901915514314005,-5.09811056771132,-4.91219994630765,-4.85595354091674,-4.80973447667444,-4.73728617577358,9009.12141321051,0.999747111417496
"log_lik_gear[283]",-4.88698294311164,0.00091469719017545,0.0829153156204574,-5.09188554192058,-4.92698227565543,-4.87580486082885,-4.83200291158505,-4.76016615076056,8217.02912809755,0.999755490026872
"log_lik_gear[284]",-4.98363113854631,0.000947767605266124,0.0840593315034709,-5.18242152385254,-5.02316179366781,-4.97275470038448,-4.92945565021736,-4.85644686741161,7866.25721204718,0.999718696294722
"log_lik_gear[285]",-4.88267812691159,0.00393239874044947,0.401506734074504,-5.82926661330293,-5.11860371097129,-4.81874410745928,-4.58369122651864,-4.29049402610391,10424.8681452872,1.00013674181067
"log_lik_gear[286]",-4.7444265868115,0.00303002704446157,0.294419017955095,-5.48910401535997,-4.89773925455232,-4.67339243460617,-4.52187856213264,-4.38095310868285,9441.45026879359,1.00013795610518
"log_lik_gear[287]",-4.75847927915046,0.00317166250618822,0.311652348114867,-5.53871609270233,-4.92533614311716,-4.68805257433266,-4.52221760158922,-4.36301896163538,9655.32441231906,1.00013791135625
"log_lik_gear[288]",-3.70731811305729,0.000869719209386413,0.0722671013857609,-3.88152915570384,-3.74233712213688,-3.69810940890979,-3.6597994214633,-3.59484769186924,6904.35552708215,1.00018092887069
"log_lik_gear[289]",-3.82265313514997,0.000848459697389479,0.0806309186130375,-4.02319588279232,-3.85865918711207,-3.81074360201826,-3.77031305018101,-3.70359506385719,9031.10267480277,1.00015821847863
"log_lik_gear[290]",-3.64806105180567,0.00161279555927473,0.15299184431126,-4.01172579785842,-3.73246475257442,-3.62091514001336,-3.5367425522785,-3.42982549210992,8998.66164097878,0.999814833842871
"log_lik_gear[291]",-4.73004707388582,0.00310440920322948,0.334308167025945,-5.51068303359891,-4.9176949384552,-4.67856581023771,-4.48684743125088,-4.23219070250674,11596.7434148087,0.999785721083183
"log_lik_gear[292]",-4.02893539796562,0.00134524565670377,0.142413945538447,-4.39224190565267,-4.09390755767647,-3.99599691145055,-3.93002653982388,-3.8451296145753,11207.3217473468,0.999900834530907
"log_lik_gear[293]",-3.65655857302105,0.00116034911120281,0.099146448391278,-3.90328125550735,-3.70206587648778,-3.63688023089287,-3.58974029586991,-3.51752988288984,7300.90967202041,0.999944912859069
"log_lik_gear[294]",-4.79330823832025,0.00101244001342698,0.0924910210243056,-5.02134192852593,-4.83210532959002,-4.77816350904814,-4.73449658537803,-4.65908676120429,8345.65726983624,1.00003271495545
"log_lik_gear[295]",-5.01888201493327,0.00164970497748878,0.165432081354468,-5.43502667401325,-5.09310047427874,-4.97709285166769,-4.90367524055617,-4.81103266387532,10056.0378203351,0.999758500316214
"log_lik_gear[296]",-4.64846062059963,0.00106387094807129,0.0923799626986724,-4.88337816771619,-4.68909735431389,-4.63334269827973,-4.58781603629299,-4.5149358476742,7540.10973137372,1.00010005157884
"log_lik_gear[297]",-3.77772447881168,0.000733251003614425,0.06192940359757,-3.91566842990197,-3.8115961867158,-3.77230760504662,-3.73596477262177,-3.67366705140691,7133.26672073186,0.999947553500148
"log_lik_gear[298]",-4.01298387196831,0.00108351617112671,0.109768055342266,-4.28314489882024,-4.06497977229799,-3.99260599098513,-3.93720351787825,-3.85865188331244,10263.1610932143,1.0002147620881
"log_lik_gear[299]",-4.10072078507238,0.00126700695558172,0.133705403791894,-4.42350687394847,-4.16660608529418,-4.07619746886488,-4.00545747615037,-3.91616969624719,11136.2743536111,1.00022219061036
"log_lik_gear[300]",-3.75479068762015,0.000737562119725922,0.0646548806347752,-3.90333541821016,-3.7893790139138,-3.74836481357501,-3.71151213892548,-3.64764017632487,7684.31962713489,0.999926862513707
"log_lik_gear[301]",-4.05584481718516,0.00117296671126661,0.121515105652428,-4.35233045404869,-4.11438681367146,-4.03333115420025,-3.97089974360397,-3.88852909788862,10732.210038255,1.00022010243615
"log_lik_gear[302]",-3.86357147790804,0.000813295283801543,0.0711663285197827,-4.03140069845374,-3.89895424051195,-3.85582259558915,-3.816181191364,-3.75046305467838,7656.89363923218,1.00011355045402
"log_lik_gear[303]",-3.71183315251426,0.00137452356557776,0.156570884181515,-4.0743869050978,-3.80192818076814,-3.68863313209424,-3.59766291431919,-3.47057005287272,12975.3065814372,1.00012175625783
"log_lik_gear[304]",-3.69924653200667,0.00127253526001838,0.143760060805424,-4.03547868656875,-3.7795515858595,-3.67631617766369,-3.59484573742465,-3.48442769761316,12762.5320568036,1.00010556104101
"log_lik_gear[305]",-3.91538820930285,0.00207588063259522,0.239541821952617,-4.43962840396114,-4.06322358355795,-3.89138944380633,-3.74399962916481,-3.51813739561824,13315.5142222679,1.00019008056976
"log_lik_gear[306]",-3.89741538945878,0.000864538995007098,0.0789540267583207,-4.08731106140605,-3.93461520530747,-3.88674442695137,-3.84498476671044,-3.77593270510219,8340.25626710834,1.00015696038739
"log_lik_gear[307]",-3.97222727479118,0.000999762225229263,0.0986068253128378,-4.21607681249481,-4.01726709523178,-3.9548529568237,-3.90540056060716,-3.83017805016457,9727.93156168363,1.00020434958488
"log_lik_gear[308]",-4.29877421470755,0.00167477808723331,0.185290493733274,-4.73247532644684,-4.39963290743377,-4.26864886838015,-4.161835138786,-4.03356509809429,12240.2908415926,1.00021628287553
"log_lik_gear[309]",-4.7189418827753,0.000919930084820546,0.0772581106334195,-4.90178075585336,-4.75706314357828,-4.70970572571915,-4.66802650756026,-4.59841992939117,7053.07533022184,1.00008293771139
"log_lik_gear[310]",-4.70410305119581,0.000938329332953612,0.0816254934653008,-4.90157364908733,-4.74305830697392,-4.69340563855391,-4.64973184527234,-4.58051921151256,7567.30177972433,1.00001531815141
"log_lik_gear[311]",-4.88419831435086,0.00110699906810703,0.100207834206838,-5.13346960221508,-4.92535857150955,-4.866921008129,-4.8205444562692,-4.74268841709991,8194.24304305671,1.00040114931646
"log_lik_catch[1]",-1.96397709467874,0.000445186841470092,0.0455808526342777,-2.07788791580996,-1.98700224414698,-1.95715797670583,-1.9335292687006,-1.89309690691439,10482.8712319133,0.999748855489954
"log_lik_catch[2]",-2.28020091338914,0.000528849508886982,0.0500727354196243,-2.39895792757491,-2.30675218335866,-2.27376168570773,-2.24588060400558,-2.20076564646893,8964.75496461041,1.00039427884846
"log_lik_catch[3]",-0.692974538474075,0.000719783423606966,0.0798809370804445,-0.861217754681614,-0.744776122044704,-0.688960157549211,-0.637525170939004,-0.548540007650925,12316.3669687243,1.00000717470304
"log_lik_catch[4]",-3.42821318837853,0.00208455585260661,0.233383060071773,-3.94575242144883,-3.57302901465495,-3.40612533727406,-3.26036192658655,-3.03257179094664,12534.6319963681,1.00006437071758
"log_lik_catch[5]",-3.28620577810897,0.00125034277153711,0.132969257718613,-3.60048377243127,-3.36099483498953,-3.26592797680407,-3.18829774902959,-3.08895128142739,11309.5236559602,1.00026876540441
"log_lik_catch[6]",-3.37748656761932,0.00230853576587882,0.260827580637141,-3.93114028818827,-3.54541843150979,-3.36186345396814,-3.19383414589711,-2.90757148010561,12765.3818740091,1.00000384079036
"log_lik_catch[7]",-3.37748656761932,0.00230853576587882,0.260827580637141,-3.93114028818827,-3.54541843150979,-3.36186345396814,-3.19383414589711,-2.90757148010561,12765.3818740091,1.00000384079036
"log_lik_catch[8]",-2.99643590010176,0.000539555273590059,0.0476284077724602,-3.09891468505229,-3.02547200318736,-2.99346030116941,-2.96427110772737,-2.91147191294377,7792.20272976254,0.999905250331869
"log_lik_catch[9]",-2.90865127744557,0.0013694096088737,0.147643183194203,-3.23535258936405,-2.99726564143065,-2.89693460872201,-2.80244599343426,-2.65819141194728,11624.1192927965,1.00022164857097
"log_lik_catch[10]",-2.6390966229512,0.000998891464639649,0.106420014254899,-2.88730880917681,-2.70029562490066,-2.62410100732695,-2.56082502024831,-2.47677032774736,11350.3700592308,1.00027162801402
"log_lik_catch[11]",-3.37748656761932,0.00230853576587882,0.260827580637141,-3.93114028818827,-3.54541843150979,-3.36186345396814,-3.19383414589711,-2.90757148010561,12765.3818740091,1.00000384079036
"log_lik_catch[12]",-4.18514931706618,0.00261771189394025,0.292449077931541,-4.84151712973954,-4.36260187706937,-4.15305617278707,-3.97364887976919,-3.70182448851772,12481.2137323221,1.00003905906498
"log_lik_catch[13]",-0.692974538474075,0.000719783423606966,0.0798809370804445,-0.861217754681614,-0.744776122044704,-0.688960157549211,-0.637525170939004,-0.548540007650925,12316.3669687243,1.00000717470304
"log_lik_catch[14]",-3.52076749076479,0.000777987488076132,0.0722554000055024,-3.69527896027505,-3.55699683719065,-3.5113187787368,-3.47185147242932,-3.40770104693891,8625.72075077329,1.00049139232458
"log_lik_catch[15]",-1.96397709467874,0.000445186841470092,0.0455808526342777,-2.07788791580996,-1.98700224414698,-1.95715797670583,-1.9335292687006,-1.89309690691439,10482.8712319133,0.999748855489954
"log_lik_catch[16]",-0.692974538474075,0.000719783423606966,0.0798809370804445,-0.861217754681614,-0.744776122044704,-0.688960157549211,-0.637525170939004,-0.548540007650925,12316.3669687243,1.00000717470304
"log_lik_catch[17]",-2.69425632395253,0.000503914764287118,0.0434273415246242,-2.78737409304534,-2.72060390089191,-2.69192789731097,-2.66496923576029,-2.61617537250267,7426.98115994421,1.00011641921088
"log_lik_catch[18]",-2.38679868061881,0.000814231123310557,0.0880227775403477,-2.59614113272632,-2.43554823046218,-2.37495622026158,-2.32369995201792,-2.24908400580174,11686.7765166811,0.999951333468875
"log_lik_catch[19]",-1.22878384627958,0.000872515876040034,0.0927068010596327,-1.42072540765163,-1.29035162185282,-1.22585165670542,-1.16564234720498,-1.05658311501733,11289.5469794259,0.999864771479
"log_lik_catch[20]",-0.692974538474075,0.000719783423606966,0.0798809370804445,-0.861217754681614,-0.744776122044704,-0.688960157549211,-0.637525170939004,-0.548540007650925,12316.3669687243,1.00000717470304
"log_lik_catch[21]",-1.72763464611308,0.00100151393373815,0.107035093666794,-1.96821062948926,-1.79099521654487,-1.71823755908211,-1.65056744964465,-1.54891091773672,11421.9010944737,1.00022996070481
"log_lik_catch[22]",-2.68857723139014,0.00149439880841539,0.167202044304104,-3.05100131232821,-2.79450337003728,-2.6755483254753,-2.56791938904032,-2.39925251040001,12518.4379475667,1.00009297462341
"log_lik_catch[23]",-1.72763464611308,0.00100151393373815,0.107035093666794,-1.96821062948926,-1.79099521654487,-1.71823755908211,-1.65056744964465,-1.54891091773672,11421.9010944737,1.00022996070481
"log_lik_catch[24]",-1.35354965105206,0.000921078790269076,0.0932328660158094,-1.54789853648989,-1.41317416893211,-1.34905292695776,-1.28921629441963,-1.18364360897385,10245.7677198812,0.999803098579491
"log_lik_catch[25]",-1.22878384627958,0.000872515876040034,0.0927068010596327,-1.42072540765163,-1.29035162185282,-1.22585165670542,-1.16564234720498,-1.05658311501733,11289.5469794259,0.999864771479
"log_lik_catch[26]",-1.03253541561907,0.000838567689183025,0.0919001207173309,-1.2223741176799,-1.09375347933848,-1.02923201884774,-0.969763854852166,-0.861887348100211,12010.3569391006,0.999955822632186
"log_lik_catch[27]",-2.38679868061881,0.000814231123310557,0.0880227775403477,-2.59614113272632,-2.43554823046218,-2.37495622026158,-2.32369995201792,-2.24908400580174,11686.7765166811,0.999951333468875
"log_lik_catch[28]",-2.6390966229512,0.000998891464639649,0.106420014254899,-2.88730880917681,-2.70029562490066,-2.62410100732695,-2.56082502024831,-2.47677032774736,11350.3700592308,1.00027162801402
"log_lik_catch[29]",-0.692974538474075,0.000719783423606966,0.0798809370804445,-0.861217754681614,-0.744776122044704,-0.688960157549211,-0.637525170939004,-0.548540007650925,12316.3669687243,1.00000717470304
"log_lik_catch[30]",-1.47598371077983,0.000357144070227062,0.0361187971153302,-1.56480210481833,-1.49473794911771,-1.47108442716578,-1.45120247777094,-1.41870507948427,10227.7397597262,0.99985461124285
"log_lik_catch[31]",-2.70081706470831,0.00239568007008583,0.23390781547332,-3.18667054192484,-2.85206950787273,-2.68659996442006,-2.53757712270536,-2.27695455861174,9533.04901615743,1.00061790308943
"log_lik_catch[32]",-1.18135066871674,0.000787793228862243,0.0781303230600979,-1.34133462206134,-1.23167861831378,-1.17888325004498,-1.12816303901629,-1.03467819289212,9835.91467729627,0.999849991796199
"log_lik_catch[33]",-1.542636778713,0.000464970273947936,0.0480793172222891,-1.64631953148777,-1.57294724996051,-1.53833042128236,-1.50880429611996,-1.46053466664496,10692.1786233499,0.99977663761094
"log_lik_catch[34]",-2.26128152440371,0.000364748303216719,0.0353400589970418,-2.33390611951886,-2.28412436953558,-2.26016424121826,-2.23704635206314,-2.19542812005601,9387.45741396937,0.999857745512119
"log_lik_catch[35]",-3.08379132262537,0.00108879839994882,0.110478295872816,-3.33492421663957,-3.14994779208778,-3.07178749650655,-3.00441556485219,-2.90254615319822,10295.7736302566,0.999808749911831
"log_lik_catch[36]",-0.836128529908257,0.000658048243372028,0.0677639333547825,-0.973075845158558,-0.880395094379718,-0.833531187567355,-0.789301702086564,-0.708173849396206,10604.2936380221,0.999851024704063
"log_lik_catch[37]",-3.59586717518764,0.00108836227111872,0.109322659749133,-3.8488822627655,-3.6601408910122,-3.58219405992308,-3.51778296157879,-3.42128899588595,10089.5877560663,0.999814460703019
"log_lik_catch[38]",-3.43451256599513,0.000882498805802223,0.0880634279222412,-3.63963949781671,-3.48600074912613,-3.42304849121201,-3.37189198893501,-3.29535687115015,9957.78902136669,0.999848531552674
"log_lik_catch[39]",-1.18135066871674,0.000787793228862243,0.0781303230600979,-1.34133462206134,-1.23167861831378,-1.17888325004498,-1.12816303901629,-1.03467819289212,9835.91467729627,0.999849991796199
"log_lik_catch[40]",-2.51167640837652,0.000451996677818681,0.0438673898553597,-2.6103495603804,-2.53769529039185,-2.50852619042908,-2.48145977276464,-2.43573357759558,9419.18014717748,0.999967980091553
"log_lik_catch[41]",-2.26128152440371,0.000364748303216719,0.0353400589970418,-2.33390611951886,-2.28412436953558,-2.26016424121826,-2.23704635206314,-2.19542812005601,9387.45741396937,0.999857745512119
"log_lik_catch[42]",-3.08379132262537,0.00108879839994882,0.110478295872816,-3.33492421663957,-3.14994779208778,-3.07178749650655,-3.00441556485219,-2.90254615319822,10295.7736302566,0.999808749911831
"log_lik_catch[43]",-2.73611223632079,0.000536735933162182,0.0532751835517744,-2.85074990379347,-2.76934612817091,-2.73247920519503,-2.69833859072026,-2.64269667087473,9852.09445588995,0.999814498394793
"log_lik_catch[44]",-3.08379132262537,0.00108879839994882,0.110478295872816,-3.33492421663957,-3.14994779208778,-3.07178749650655,-3.00441556485219,-2.90254615319822,10295.7736302566,0.999808749911831
"log_lik_catch[45]",-2.26128152440371,0.000364748303216719,0.0353400589970418,-2.33390611951886,-2.28412436953558,-2.26016424121826,-2.23704635206314,-2.19542812005601,9387.45741396937,0.999857745512119
"log_lik_catch[46]",-2.05355853128254,0.000581101548234829,0.060283815959917,-2.18437963978816,-2.09178889289661,-2.04806869814606,-2.01081432703805,-1.95007816146289,10762.1094765915,0.999765139837498
"log_lik_catch[47]",-3.76159983695608,0.00131021329644044,0.131755552822172,-4.06199397472821,-3.83913350451509,-3.74571958670626,-3.66701379514509,-3.54991395036387,10112.390923897,0.999797376847285
"log_lik_catch[48]",-3.08379132262537,0.00108879839994882,0.110478295872816,-3.33492421663957,-3.14994779208778,-3.07178749650655,-3.00441556485219,-2.90254615319822,10295.7736302566,0.999808749911831
"log_lik_catch[49]",-3.76159983695608,0.00131021329644044,0.131755552822172,-4.06199397472821,-3.83913350451509,-3.74571958670626,-3.66701379514509,-3.54991395036387,10112.390923897,0.999797376847285
"log_lik_catch[50]",-3.12860223655793,0.000550758443968907,0.0522812551963939,-3.24738456290646,-3.15957748119038,-3.12484289947051,-3.09290118189965,-3.03768759031738,9010.93139259896,1.00001133103535
"log_lik_catch[51]",-2.2932058157418,0.000939240571466605,0.0968205892855952,-2.4928587479602,-2.35596094736466,-2.28732798878191,-2.22482509080423,-2.12027114057198,10626.2922261083,0.999863518054165
"log_lik_catch[52]",-2.56162756226659,0.000902480881539121,0.0935309378169231,-2.75674089472686,-2.62228386026594,-2.55619199007491,-2.49539043115167,-2.39627937759682,10740.7487365165,0.999826335115201
"log_lik_catch[53]",-3.52377349336469,0.0020373823287775,0.204954308883302,-3.9626319075976,-3.65093504568064,-3.51083403280731,-3.38039592700303,-3.16590050046411,10119.7325858017,0.999802542673286
"log_lik_catch[54]",-2.53034866284597,0.00122579032398569,0.124041229651489,-2.78419593644942,-2.61173575740064,-2.52533462669321,-2.44328025365204,-2.30279234528239,10239.99508125,0.999955258633721
"log_lik_catch[55]",-2.05355853128254,0.000581101548234829,0.060283815959917,-2.18437963978816,-2.09178889289661,-2.04806869814606,-2.01081432703805,-1.95007816146289,10762.1094765915,0.999765139837498
"log_lik_catch[56]",-1.92571690830612,0.00102757159609209,0.104079922088906,-2.13978802271952,-1.99413010218442,-1.92101079477477,-1.85238001851326,-1.73497737520857,10259.1111411728,0.999946565729397
"log_lik_catch[57]",-0.836128529908257,0.000658048243372028,0.0677639333547825,-0.973075845158558,-0.880395094379718,-0.833531187567355,-0.789301702086564,-0.708173849396206,10604.2936380221,0.999851024704063
"log_lik_catch[58]",-1.18135066871674,0.000787793228862243,0.0781303230600979,-1.34133462206134,-1.23167861831378,-1.17888325004498,-1.12816303901629,-1.03467819289212,9835.91467729627,0.999849991796199
"log_lik_catch[59]",-3.0615430552464,0.000709658559927075,0.0704238837188304,-3.22662066571522,-3.10273001517901,-3.05250358437194,-3.01225071769904,-2.94744049848006,9847.8415507952,0.99988798102229
"log_lik_catch[60]",-1.92571690830612,0.00102757159609209,0.104079922088906,-2.13978802271952,-1.99413010218442,-1.92101079477477,-1.85238001851326,-1.73497737520857,10259.1111411728,0.999946565729397
"log_lik_catch[61]",-2.38688340085331,0.000645681923927265,0.0667499010528234,-2.53095494908184,-2.42911536561515,-2.38149282607917,-2.33996409799328,-2.27163957464656,10687.2014505871,0.999768595271822
"log_lik_catch[62]",-3.12860223655793,0.000550758443968907,0.0522812551963939,-3.24738456290646,-3.15957748119038,-3.12484289947051,-3.09290118189965,-3.03768759031738,9010.93139259896,1.00001133103535
"log_lik_catch[63]",-2.26128152440371,0.000364748303216719,0.0353400589970418,-2.33390611951886,-2.28412436953558,-2.26016424121826,-2.23704635206314,-2.19542812005601,9387.45741396937,0.999857745512119
"log_lik_catch[64]",-2.27940960077503,0.00143237272272536,0.141190984832197,-2.56591932255071,-2.37273473557145,-2.27518088952117,-2.18185060862242,-2.01793870933049,9716.32092980106,1.0000616731428
"log_lik_catch[65]",-1.542636778713,0.000464970273947936,0.0480793172222891,-1.64631953148777,-1.57294724996051,-1.53833042128236,-1.50880429611996,-1.46053466664496,10692.1786233499,0.99977663761094
"log_lik_catch[66]",-2.2932058157418,0.000939240571466605,0.0968205892855952,-2.4928587479602,-2.35596094736466,-2.28732798878191,-2.22482509080423,-2.12027114057198,10626.2922261083,0.999863518054165
"log_lik_catch[67]",-2.43730101335999,0.000819881910537813,0.0841388712323577,-2.6266513819131,-2.48905031003548,-2.42900950480923,-2.37720254823903,-2.29711323194442,10531.5126544963,0.999820764123933
"log_lik_catch[68]",-0.836128529908257,0.000658048243372028,0.0677639333547825,-0.973075845158558,-0.880395094379718,-0.833531187567355,-0.789301702086564,-0.708173849396206,10604.2936380221,0.999851024704063
"log_lik_catch[69]",-1.92571690830612,0.00102757159609209,0.104079922088906,-2.13978802271952,-1.99413010218442,-1.92101079477477,-1.85238001851326,-1.73497737520857,10259.1111411728,0.999946565729397
"log_lik_catch[70]",-1.542636778713,0.000464970273947936,0.0480793172222891,-1.64631953148777,-1.57294724996051,-1.53833042128236,-1.50880429611996,-1.46053466664496,10692.1786233499,0.99977663761094
"log_lik_catch[71]",-3.08379132262537,0.00108879839994882,0.110478295872816,-3.33492421663957,-3.14994779208778,-3.07178749650655,-3.00441556485219,-2.90254615319822,10295.7736302566,0.999808749911831
"log_lik_catch[72]",-3.76159983695608,0.00131021329644044,0.131755552822172,-4.06199397472821,-3.83913350451509,-3.74571958670626,-3.66701379514509,-3.54991395036387,10112.390923897,0.999797376847285
"log_lik_catch[73]",-4.04897684502222,0.00124569147134033,0.124752208555809,-4.33845432949318,-4.12162038324011,-4.0331764184246,-3.95942021690136,-3.84994915980071,10029.4127294853,0.999802059485318
"log_lik_catch[74]",-2.51167640837652,0.000451996677818681,0.0438673898553597,-2.6103495603804,-2.53769529039185,-2.50852619042908,-2.48145977276464,-2.43573357759558,9419.18014717748,0.999967980091553
"log_lik_catch[75]",-2.63557835253886,0.00068584133443199,0.0707064467863763,-2.78736807320927,-2.68027832919101,-2.63016690479498,-2.58575221852113,-2.51174278676941,10628.4691159553,0.999772018512928
"log_lik_catch[76]",-2.2932058157418,0.000939240571466605,0.0968205892855952,-2.4928587479602,-2.35596094736466,-2.28732798878191,-2.22482509080423,-2.12027114057198,10626.2922261083,0.999863518054165
"log_lik_catch[77]",-2.51167640837652,0.000451996677818681,0.0438673898553597,-2.6103495603804,-2.53769529039185,-2.50852619042908,-2.48145977276464,-2.43573357759558,9419.18014717748,0.999967980091553
"log_lik_catch[78]",-3.07920783944864,0.00153071092986432,0.149779634344784,-3.41115607961389,-3.1729260853626,-3.06406015592332,-2.97032495949279,-2.83167985378566,9574.56750675931,0.999710859120604
"log_lik_catch[79]",-2.86412442774167,0.000472493402347589,0.0461684756560766,-2.96196579158728,-2.89281046079969,-2.86194659789625,-2.83281142324536,-2.77952815578176,9547.71779927644,0.999886741067952
"log_lik_catch[80]",-1.00243901937384,0.000760535891712386,0.0766717896795137,-1.15753042895541,-1.05396357245202,-1.00080760268771,-0.949788964653206,-0.856814971426896,10163.230435807,0.999767389135924
"log_lik_catch[81]",-1.69020985577183,0.000837759517698887,0.0820660119987018,-1.86633511176496,-1.74247079583914,-1.68448542766545,-1.63212456026557,-1.54633184970539,9595.94870384725,0.999739473322437
"log_lik_catch[82]",-1.20338642397958,0.000713640042909245,0.0771754656534785,-1.36239321408859,-1.25375780403164,-1.20070127227846,-1.15091964839997,-1.05959219191368,11694.9964901897,1.00022587551457
"log_lik_catch[83]",-2.32969086832282,0.000977249835454214,0.106057473927291,-2.55705993683538,-2.39747406241443,-2.32120090211802,-2.2543200025787,-2.14332017198724,11777.9944635275,1.00025900482075
"log_lik_catch[84]",-2.32731235668687,0.00154336503650542,0.153722885288021,-2.64681146589253,-2.42664396871387,-2.3165512810346,-2.22088455826146,-2.04459761208055,9920.64112875453,1.00029931951064
"log_lik_catch[85]",-3.11876899354473,0.00052463012331598,0.0486717722066986,-3.2218258458375,-3.14878488855918,-3.11626008795312,-3.08615657090345,-3.02916319252956,8606.92211170692,1.00007379235917
"log_lik_catch[86]",-1.55964903126549,0.000496704207166397,0.0538504607686001,-1.68044643451978,-1.5930726894065,-1.55445409852711,-1.52134255076093,-1.46952928429462,11753.9319014661,1.00018402007162
"log_lik_catch[87]",-2.66223329323119,0.000682952452418833,0.0775531925242286,-2.83489015766188,-2.71053952850329,-2.65515108166353,-2.60703006556036,-2.53153434219995,12894.9132050425,1.00026698209769
"log_lik_catch[88]",-2.50355789367012,0.000430360321088118,0.0408646913468746,-2.58953913063323,-2.52870328565538,-2.50142326593668,-2.47590378079072,-2.42800526218763,9016.37570905456,1.00002398058355
"log_lik_catch[89]",-1.20338642397958,0.000713640042909245,0.0771754656534785,-1.36239321408859,-1.25375780403164,-1.20070127227846,-1.15091964839997,-1.05959219191368,11694.9964901897,1.00022587551457
"log_lik_catch[90]",-0.859501850355662,0.000591425115908617,0.0683862145702392,-1.00043748969239,-0.904646341800253,-0.857199790000023,-0.812425269158386,-0.733109871745661,13370.1907056732,1.00033438597531
"log_lik_catch[91]",-2.50355789367012,0.000430360321088118,0.0408646913468746,-2.58953913063323,-2.52870328565538,-2.50142326593668,-2.47590378079072,-2.42800526218763,9016.37570905456,1.00002398058355
"log_lik_catch[92]",-1.96338477908481,0.00109101856957928,0.113858395279728,-2.20074788358572,-2.03657397000533,-1.9549083751252,-1.88359708725834,-1.75834795579446,10890.9517024854,1.00026847313137
"log_lik_catch[93]",-3.71527841023735,0.00106716426723624,0.121787689508591,-3.9856619719367,-3.78790138703171,-3.70283710817089,-3.62771478411722,-3.5140218137047,13023.9953581052,1.0001418998578
"log_lik_catch[94]",-2.57524769539107,0.00130030142507123,0.135420805363805,-2.85868453033748,-2.66158400162017,-2.56517768969046,-2.48054817034454,-2.331417506183,10846.3273472981,1.00027548058268
"log_lik_catch[95]",-2.75364513108674,0.000532026387510521,0.0583129975970928,-2.88319108615743,-2.7887828840283,-2.74801817576907,-2.71314722951258,-2.65289491603643,12013.3571345195,1.00028421442253
"log_lik_catch[96]",-3.11876899354473,0.00052463012331598,0.0486717722066986,-3.2218258458375,-3.14878488855918,-3.11626008795312,-3.08615657090345,-3.02916319252956,8606.92211170692,1.00007379235917
"log_lik_catch[97]",-4.00028870835187,0.00217977480912737,0.257343219037161,-4.53164152469961,-4.16923749743502,-3.98371079888073,-3.81922808853394,-3.52985798082507,13938.0558264619,1.00028964960014
"log_lik_catch[98]",-3.7693007631365,0.000586154882781652,0.0538333816018752,-3.88314930638342,-3.80236104001658,-3.76658205502341,-3.73360678539835,-3.67003932650911,8434.87300988579,1.00009309479853
"log_lik_catch[99]",-2.66223329323119,0.000682952452418833,0.0775531925242286,-2.83489015766188,-2.71053952850329,-2.65515108166353,-2.60703006556036,-2.53153434219995,12894.9132050425,1.00026698209769
"log_lik_catch[100]",-3.99460193292412,0.000761775560929936,0.0787931913184393,-4.17233118924667,-4.03948547169555,-3.98673319293334,-3.93974122502632,-3.86239913379364,10698.5103311546,1.00007360629189
"log_lik_catch[101]",-2.50355789367012,0.000430360321088118,0.0408646913468746,-2.58953913063323,-2.52870328565538,-2.50142326593668,-2.47590378079072,-2.42800526218763,9016.37570905456,1.00002398058355
"log_lik_catch[102]",-1.20338642397958,0.000713640042909245,0.0771754656534785,-1.36239321408859,-1.25375780403164,-1.20070127227846,-1.15091964839997,-1.05959219191368,11694.9964901897,1.00022587551457
"log_lik_catch[103]",-1.20338642397958,0.000713640042909245,0.0771754656534785,-1.36239321408859,-1.25375780403164,-1.20070127227846,-1.15091964839997,-1.05959219191368,11694.9964901897,1.00022587551457
"log_lik_catch[104]",-2.76527374265757,0.000640375293996137,0.0685675667551433,-2.91851105390019,-2.80564773626709,-2.75830094765629,-2.71696315918226,-2.65092130038637,11464.8490088578,1.00009112522546
"log_lik_catch[105]",-1.94400370679534,0.000315840729062442,0.0314932112441498,-2.00984630402497,-1.96308788260534,-1.94268088462302,-1.92241141353671,-1.88553035974782,9942.5463802061,0.999906142662693
"log_lik_catch[106]",-2.32969086832282,0.000977249835454214,0.106057473927291,-2.55705993683538,-2.39747406241443,-2.32120090211802,-2.2543200025787,-2.14332017198724,11777.9944635275,1.00025900482075
"log_lik_catch[107]",-3.44863871903206,0.00165080086879027,0.195557573066458,-3.85118833351495,-3.57694560020368,-3.43591917522252,-3.310238604456,-3.09639512224682,14033.3029309398,1.00026187544604
"log_lik_catch[108]",-1.37942348698976,0.000858839111084201,0.0835949855127328,-1.55438999347209,-1.43369764768006,-1.37445499792968,-1.32230021079529,-1.22700683991836,9474.07516906005,1.00016146198565
"log_lik_catch[109]",-2.85807121430376,0.000489456078808093,0.0457447538131723,-2.95472207115969,-2.88645622028149,-2.85559670911957,-2.82736057773031,-2.77348364589878,8734.84365874409,1.00005859859019
"log_lik_catch[110]",-2.59740454888531,0.000924760382261074,0.102370068730392,-2.81825086197295,-2.66210359916482,-2.58906931048528,-2.52466605708561,-2.4190920662109,12254.2731915842,1.00025896039515
"log_lik_catch[111]",-3.04514855092891,0.000905073109811555,0.103022224911514,-3.27285339788422,-3.10789359859684,-3.03545381679411,-2.97125799355882,-2.8740968076929,12956.7036561154,1.00014906235363
"log_lik_catch[112]",-3.40643523112917,0.000758697795894463,0.0809137047839019,-3.58793441855502,-3.45349239641602,-3.3984683393555,-3.34987081984384,-3.27237787338245,11373.8246492586,1.00008853012628
"log_lik_catch[113]",-2.86321592822619,0.000459486110142644,0.0452478462573093,-2.95856467135257,-2.89131761993082,-2.86122067550711,-2.83189688599002,-2.78109189164786,9697.30486255846,1.00026722898764
"log_lik_catch[114]",-0.859501850355662,0.000591425115908617,0.0683862145702392,-1.00043748969239,-0.904646341800253,-0.857199790000023,-0.812425269158386,-0.733109871745661,13370.1907056732,1.00033438597531
"log_lik_catch[115]",-3.11876899354473,0.00052463012331598,0.0486717722066986,-3.2218258458375,-3.14878488855918,-3.11626008795312,-3.08615657090345,-3.02916319252956,8606.92211170692,1.00007379235917
"log_lik_catch[116]",-2.53688252273586,0.000468620823507814,0.0501467345434652,-2.64887012057202,-2.56681101090544,-2.53243293127553,-2.5023166266775,-2.45019351752806,11450.9666543774,1.00026101765469
"log_lik_catch[117]",-0.859501850355662,0.000591425115908617,0.0683862145702392,-1.00043748969239,-0.904646341800253,-0.857199790000023,-0.812425269158386,-0.733109871745661,13370.1907056732,1.00033438597531
"log_lik_catch[118]",-2.57524769539107,0.00130030142507123,0.135420805363805,-2.85868453033748,-2.66158400162017,-2.56517768969046,-2.48054817034454,-2.331417506183,10846.3273472981,1.00027548058268
"log_lik_catch[119]",-2.32731235668687,0.00154336503650542,0.153722885288021,-2.64681146589253,-2.42664396871387,-2.3165512810346,-2.22088455826146,-2.04459761208055,9920.64112875453,1.00029931951064
"log_lik_catch[120]",-4.00028870835187,0.00217977480912737,0.257343219037161,-4.53164152469961,-4.16923749743502,-3.98371079888073,-3.81922808853394,-3.52985798082507,13938.0558264619,1.00028964960014
"log_lik_catch[121]",-2.0759642735662,0.000596013858495652,0.0668337866286426,-2.22580817968307,-2.11759606374665,-2.06969334115843,-2.02796285908133,-1.9656811320444,12574.1726606918,1.00023814705447
"log_lik_catch[122]",-2.64063145210553,0.000859346097505434,0.0914101994212606,-2.84777093526738,-2.69396440785314,-2.63102889067015,-2.57528284956084,-2.49143109664989,11314.961866911,1.00019411069537
"log_lik_catch[123]",-1.0260277326512,0.000681535552344762,0.0769965150567926,-1.18298884987542,-1.07633828176464,-1.02464950442405,-0.973952598525598,-0.879661475888724,12763.3625702693,1.00023181955622
"log_lik_catch[124]",-1.0260277326512,0.000681535552344762,0.0769965150567926,-1.18298884987542,-1.07633828176464,-1.02464950442405,-0.973952598525598,-0.879661475888724,12763.3625702693,1.00023181955622
"log_lik_catch[125]",-6.75102837032499,0.0053501106505492,0.619843315911137,-8.05556913485706,-7.14422069403268,-6.7031478250114,-6.32154174829397,-5.64629619811393,13422.6515580774,1.00033563886636
"log_lik_catch[126]",-4.43368063538871,0.00241467496117872,0.278016010682063,-5.03919697356421,-4.6021980137033,-4.4074730465368,-4.23904557133424,-3.95857650527278,13256.2979573665,1.00025201695955
"log_lik_catch[127]",-3.43748188044307,0.00171257259313061,0.195085570013294,-3.85920984011833,-3.55729800990821,-3.42002951099662,-3.30087636650296,-3.10062327062188,12976.3429422655,1.00022757481029
"log_lik_catch[128]",-1.22325559863642,0.000731102257975902,0.0796931163872141,-1.38626078999279,-1.27623316108165,-1.22094590221808,-1.16951764303737,-1.07454803532811,11881.8856906809,1.00020646596908
"log_lik_catch[129]",-0.68630160090069,0.00057268613220424,0.0655419375208215,-0.822224350663558,-0.728676360796658,-0.684486587145437,-0.641467005402634,-0.563399275593927,13098.0069943893,1.00023886055149
"log_lik_catch[130]",-1.0260277326512,0.000681535552344762,0.0769965150567926,-1.18298884987542,-1.07633828176464,-1.02464950442405,-0.973952598525598,-0.879661475888724,12763.3625702693,1.00023181955622
"log_lik_catch[131]",-1.95777806092286,0.000366497045338931,0.0385303299921015,-2.04644131312408,-1.97960870217644,-1.95422102210384,-1.93109612609819,-1.89309780218693,11052.6012373821,0.999940188906595
"log_lik_catch[132]",-2.27861712095875,0.000413514665750881,0.0433326232929958,-2.37733657332964,-2.30366165285721,-2.27482024843086,-2.24863077154361,-2.20516566429529,10981.1577124828,1.00002503919185
"log_lik_catch[133]",-1.0260277326512,0.000681535552344762,0.0769965150567926,-1.18298884987542,-1.07633828176464,-1.02464950442405,-0.973952598525598,-0.879661475888724,12763.3625702693,1.00023181955622
"log_lik_catch[134]",-2.52093638056949,0.000506443448441023,0.0505409457698962,-2.63971857613226,-2.54829782798743,-2.51535376046374,-2.48649365007149,-2.43879831494766,9959.20827050098,0.999814846959237
"log_lik_catch[135]",-3.08693684197794,0.000956154190494703,0.0973084280909162,-3.31921473221396,-3.13946738889733,-3.07046309582659,-3.01834959752331,-2.94268515112335,10357.2640570165,1.00017503902271
"log_lik_catch[136]",-3.12245127684753,0.00139453724783419,0.151854818271542,-3.47260528785318,-3.21052023004215,-3.10288385864472,-3.0129948030337,-2.88537053280923,11857.6032631856,0.999977179077163
"log_lik_catch[137]",-3.12245127684753,0.00139453724783419,0.151854818271542,-3.47260528785318,-3.21052023004215,-3.10288385864472,-3.0129948030337,-2.88537053280923,11857.6032631856,0.999977179077163
"log_lik_catch[138]",-3.46669043825971,0.00118558966282533,0.123009058328128,-3.75955135797101,-3.53480900634934,-3.44633098705998,-3.37832694753317,-3.28549008019729,10764.7854798761,1.0000976448825
"log_lik_catch[139]",-3.46669043825971,0.00118558966282533,0.123009058328128,-3.75955135797101,-3.53480900634934,-3.44633098705998,-3.37832694753317,-3.28549008019729,10764.7854798761,1.0000976448825
"log_lik_catch[140]",-2.04339050727376,0.000675198115385986,0.0727633342348904,-2.21382112847524,-2.08453371694342,-2.03411932412823,-1.99153272885312,-1.92766495258447,11613.4897301544,0.999788975767114
"log_lik_catch[141]",-2.26332049495266,0.000412300586516423,0.0380821292053939,-2.34671305180562,-2.28572188056174,-2.2608018185455,-2.23735694658151,-2.19629446112083,8531.28674257107,1.00002162660483
"log_lik_catch[142]",-3.46669043825971,0.00118558966282533,0.123009058328128,-3.75955135797101,-3.53480900634934,-3.44633098705998,-3.37832694753317,-3.28549008019729,10764.7854798761,1.0000976448825
"log_lik_catch[143]",-1.34526183455471,0.000878837358422222,0.0915075651932434,-1.53498929469647,-1.40397266096938,-1.34149714577263,-1.28169826063412,-1.17658638072535,10841.6898650073,0.999701891879167
"log_lik_catch[144]",-2.88342066745138,0.000683683629981169,0.0646095861328654,-3.03631772001804,-2.9175062619048,-2.87388909805957,-2.83986369576585,-2.78187495018733,8930.65999818902,1.00037779634731
"log_lik_catch[145]",-3.12245127684753,0.00139453724783419,0.151854818271542,-3.47260528785318,-3.21052023004215,-3.10288385864472,-3.0129948030337,-2.88537053280923,11857.6032631856,0.999977179077163
"log_lik_catch[146]",-1.16365055703493,0.000819708962287426,0.0899848774992502,-1.34626636584135,-1.22214927525482,-1.1613392609754,-1.10263202757858,-0.992049871890183,12050.9058260501,0.999738327926982
"log_lik_catch[147]",-3.05702779815857,0.00068473602184659,0.0723035953146645,-3.22617235673036,-3.09711562397976,-3.04813824433037,-3.00741140407033,-2.93911054731759,11149.9632445785,0.99974426116945
"log_lik_catch[148]",-0.650054596762724,0.000702586622250136,0.0772248909595009,-0.808203958316939,-0.700622753618751,-0.646827009585264,-0.596349553975433,-0.508939146995824,12081.3329990161,0.999795084434334
"log_lik_catch[149]",-2.3457034548215,0.000721248885558189,0.0756627606614685,-2.52330372550307,-2.38787904038226,-2.33368761095215,-2.29174755194241,-2.22882427369591,11005.1015898432,0.999697276895503
"log_lik_catch[150]",-2.30445492717458,0.000667063871915837,0.0646746888955801,-2.45847891971712,-2.33860278705316,-2.29315940339062,-2.2600444595013,-2.20829969452482,9400.12993363344,1.00029183418386
"log_lik_catch[151]",-2.30445492717458,0.000667063871915837,0.0646746888955801,-2.45847891971712,-2.33860278705316,-2.29315940339062,-2.2600444595013,-2.20829969452482,9400.12993363344,1.00029183418386
"log_lik_catch[152]",-2.70156663605529,0.0012363540833891,0.12874160119354,-2.9930712443115,-2.77713632771631,-2.68417396702116,-2.60724419148885,-2.50156200405223,10843.0654049243,1.00004422532711
"log_lik_catch[153]",-0.984631269169634,0.000823847690793418,0.0909505607482157,-1.17050760137952,-1.04387193390965,-0.982900923119462,-0.922645849585966,-0.812396232240291,12187.5638669582,0.9997921182947
"log_lik_catch[154]",-1.67545666126123,0.000962186295665258,0.0980213857830657,-1.89257550969756,-1.73437583548204,-1.66538475487027,-1.60585506016691,-1.51122097113091,10378.2312182564,0.999862769261078
"log_lik_catch[155]",-2.0641290158317,0.000794982553949066,0.0831593596346652,-2.25615472753144,-2.11235024062485,-2.05225888199857,-2.00490452762877,-1.93394134694253,10942.261178463,0.999741952728412
"log_lik_catch[156]",-0.984631269169634,0.000823847690793418,0.0909505607482157,-1.17050760137952,-1.04387193390965,-0.982900923119462,-0.922645849585966,-0.812396232240291,12187.5638669582,0.9997921182947
"log_lik_catch[157]",-0.650054596762724,0.000702586622250136,0.0772248909595009,-0.808203958316939,-0.700622753618751,-0.646827009585264,-0.596349553975433,-0.508939146995824,12081.3329990161,0.999795084434334
"log_lik_catch[158]",-2.0641290158317,0.000794982553949066,0.0831593596346652,-2.25615472753144,-2.11235024062485,-2.05225888199857,-2.00490452762877,-1.93394134694253,10942.261178463,0.999741952728412
"log_lik_catch[159]",-2.2611653447788,0.000392933391227618,0.0366231075546443,-2.33959139238886,-2.28384099042947,-2.25888136477108,-2.23575061966254,-2.19523880420035,8687.0538153908,1.00042110726895
"log_lik_catch[160]",-2.2611653447788,0.000392933391227618,0.0366231075546443,-2.33959139238886,-2.28384099042947,-2.25888136477108,-2.23575061966254,-2.19523880420035,8687.0538153908,1.00042110726895
"log_lik_catch[161]",-1.07974010902332,0.000696342746763039,0.0786351202599839,-1.23846009677501,-1.13095929060228,-1.07780906584258,-1.02576230642608,-0.930768571910708,12752.2552819751,1.00002393785142
"log_lik_catch[162]",-1.07974010902332,0.000696342746763039,0.0786351202599839,-1.23846009677501,-1.13095929060228,-1.07780906584258,-1.02576230642608,-0.930768571910708,12752.2552819751,1.00002393785142
"log_lik_catch[163]",-1.07974010902332,0.000696342746763039,0.0786351202599839,-1.23846009677501,-1.13095929060228,-1.07780906584258,-1.02576230642608,-0.930768571910708,12752.2552819751,1.00002393785142
"log_lik_catch[164]",-1.07974010902332,0.000696342746763039,0.0786351202599839,-1.23846009677501,-1.13095929060228,-1.07780906584258,-1.02576230642608,-0.930768571910708,12752.2552819751,1.00002393785142
"log_lik_catch[165]",-4.29921181017715,0.00181836567603862,0.202837680918911,-4.76341498339048,-4.42038660622201,-4.27854538782978,-4.15412764100486,-3.96676601598661,12443.2785509512,1.0002714140896
"log_lik_catch[166]",-2.2611653447788,0.000392933391227618,0.0366231075546443,-2.33959139238886,-2.28384099042947,-2.25888136477108,-2.23575061966254,-2.19523880420035,8687.0538153908,1.00042110726895
"log_lik_catch[167]",-1.9819156104176,0.000456593931920284,0.0472182182560931,-2.09074740304509,-2.0088481539433,-1.97650083830927,-1.94911852501704,-1.90360876684117,10694.4614570971,0.999915816615647
"log_lik_catch[168]",-2.6932565043902,0.000444429097515126,0.0407748856012671,-2.77793687877947,-2.72011704739245,-2.69131751155349,-2.6649093534684,-2.61769823163364,8417.44974396089,0.999949509617252
"log_lik_catch[169]",-2.54801558384727,0.00145799797690876,0.14471060459552,-2.8609014716007,-2.64022577125497,-2.53780256336293,-2.44712982962721,-2.28977564433108,9851.14866823284,1.00052504189532
"log_lik_catch[170]",-4.1546437670921,0.00163232766824714,0.1809409770819,-4.56660881498286,-4.26239612652649,-4.13515021424557,-4.02573265496795,-3.86008140162346,12287.3768525103,1.00031026826156
"log_lik_catch[171]",-1.9819156104176,0.000456593931920284,0.0472182182560931,-2.09074740304509,-2.0088481539433,-1.97650083830927,-1.94911852501704,-1.90360876684117,10694.4614570971,0.999915816615647
"log_lik_catch[172]",-2.15843503235878,0.000851720927951376,0.0887717733975706,-2.35658938346496,-2.21359054312857,-2.15006122837961,-2.09498797640857,-2.00668915995109,10863.1344471421,1.00025256197398
"log_lik_catch[173]",-1.07974010902332,0.000696342746763039,0.0786351202599839,-1.23846009677501,-1.13095929060228,-1.07780906584258,-1.02576230642608,-0.930768571910708,12752.2552819751,1.00002393785142
"log_lik_catch[174]",-2.15843503235878,0.000851720927951376,0.0887717733975706,-2.35658938346496,-2.21359054312857,-2.15006122837961,-2.09498797640857,-2.00668915995109,10863.1344471421,1.00025256197398
"log_lik_catch[175]",-2.2611653447788,0.000392933391227618,0.0366231075546443,-2.33959139238886,-2.28384099042947,-2.25888136477108,-2.23575061966254,-2.19523880420035,8687.0538153908,1.00042110726895
"log_lik_catch[176]",-0.73613342142536,0.00059538551383977,0.0683171711611894,-0.876607278828505,-0.780749567733065,-0.733791266815954,-0.689760453739131,-0.608521205715563,13166.2841178857,1.00014711971445
"log_lik_catch[177]",-3.43514641390636,0.000567542963006242,0.0557522500945213,-3.557915264862,-3.46910137570897,-3.43092961403349,-3.39701119491927,-3.33611695791717,9649.99999137941,0.999826246742926
"log_lik_catch[178]",-2.93159168871414,0.00108943285086384,0.12012699685519,-3.20247556835897,-3.00340831229457,-2.91878001737475,-2.84569819718811,-2.73405298119906,12158.5085949273,1.00038834729581
"log_lik_catch[179]",-1.07974010902332,0.000696342746763039,0.0786351202599839,-1.23846009677501,-1.13095929060228,-1.07780906584258,-1.02576230642608,-0.930768571910708,12752.2552819751,1.00002393785142
"log_lik_catch[180]",-1.9819156104176,0.000456593931920284,0.0472182182560931,-2.09074740304509,-2.0088481539433,-1.97650083830927,-1.94911852501704,-1.90360876684117,10694.4614570971,0.999915816615647
"log_lik_catch[181]",-2.93159168871414,0.00108943285086384,0.12012699685519,-3.20247556835897,-3.00340831229457,-2.91878001737475,-2.84569819718811,-2.73405298119906,12158.5085949273,1.00038834729581
"log_lik_catch[182]",-1.07974010902332,0.000696342746763039,0.0786351202599839,-1.23846009677501,-1.13095929060228,-1.07780906584258,-1.02576230642608,-0.930768571910708,12752.2552819751,1.00002393785142
"log_lik_catch[183]",-1.07974010902332,0.000696342746763039,0.0786351202599839,-1.23846009677501,-1.13095929060228,-1.07780906584258,-1.02576230642608,-0.930768571910708,12752.2552819751,1.00002393785142
"log_lik_catch[184]",-2.49649308067265,0.000409734048890591,0.0369372300825224,-2.57147373146884,-2.52070497214476,-2.49536599784838,-2.47083751659715,-2.42707913264762,8126.89294130292,1.00011286834647
"log_lik_catch[185]",-1.07974010902332,0.000696342746763039,0.0786351202599839,-1.23846009677501,-1.13095929060228,-1.07780906584258,-1.02576230642608,-0.930768571910708,12752.2552819751,1.00002393785142
"log_lik_catch[186]",-1.4890423859162,0.000381388145678025,0.0379249141685174,-1.57439895258254,-1.51148978627208,-1.4849281341413,-1.46252224607741,-1.42625112403016,9888.14514834265,1.00001667031869
"log_lik_catch[187]",-1.07974010902332,0.000696342746763039,0.0786351202599839,-1.23846009677501,-1.13095929060228,-1.07780906584258,-1.02576230642608,-0.930768571910708,12752.2552819751,1.00002393785142
"log_lik_catch[188]",-3.21595392421429,0.000868380986358707,0.09049044897874,-3.42508679849417,-3.26718858575067,-3.20439317400757,-3.15180218964259,-3.07040271532971,10858.8760153845,1.00054925993322
"log_lik_catch[189]",-3.29825536672055,0.00150509393413791,0.168735598871869,-3.67104380029912,-3.4020937675714,-3.28426230111613,-3.17805855561868,-3.01165607244838,12568.5802820276,1.00028221299346
"log_lik_catch[190]",-2.58308696999164,0.000701199529007306,0.0738794920681914,-2.75294802531519,-2.62527298433208,-2.57365225708959,-2.53067623403463,-2.46348891434669,11101.0630800451,1.0005362164322
"log_lik_catch[191]",-2.2611653447788,0.000392933391227618,0.0366231075546443,-2.33959139238886,-2.28384099042947,-2.25888136477108,-2.23575061966254,-2.19523880420035,8687.0538153908,1.00042110726895
"log_lik_catch[192]",-1.27215112784952,0.000762730849940933,0.0817295099969048,-1.44012534821945,-1.32379186903781,-1.26957659247931,-1.2158956138691,-1.12034743134776,11481.9371490425,0.999872634063671
"log_lik_catch[193]",-3.34497717240297,0.000655756217978622,0.0623279877414536,-3.48897804503573,-3.3803547463449,-3.33785175691835,-3.30298633998091,-3.23946397456537,9034.02685421501,1.00067016502323
"log_lik_catch[194]",-2.93159168871414,0.00108943285086384,0.12012699685519,-3.20247556835897,-3.00340831229457,-2.91878001737475,-2.84569819718811,-2.73405298119906,12158.5085949273,1.00038834729581
"log_lik_catch[195]",-2.85535182065169,0.000501351221447525,0.0453097115534688,-2.95217200364288,-2.88341222438977,-2.8527248102522,-2.82410509086228,-2.77352849886965,8167.67484438627,1.00054032168929
"log_lik_catch[196]",-1.07974010902332,0.000696342746763039,0.0786351202599839,-1.23846009677501,-1.13095929060228,-1.07780906584258,-1.02576230642608,-0.930768571910708,12752.2552819751,1.00002393785142
"log_lik_catch[197]",-2.90717050146242,0.00058593476917467,0.0606290421384809,-3.04414083404325,-2.9430474313363,-2.90098953508448,-2.86562553759321,-2.80477455815803,10706.8785063853,0.999862478408137
"log_lik_catch[198]",-0.575572818210013,0.000545834315219716,0.0622428355825176,-0.706273177532192,-0.615213882956867,-0.572700222634147,-0.53287718502247,-0.459873724377031,13003.4043844634,1.00005083717977
"log_lik_catch[199]",-3.26345865582582,0.00135570106324825,0.14527285526416,-3.59794686626713,-3.34732365849235,-3.24705973722793,-3.15970712434385,-3.02698982687906,11482.6220845893,1.00031375274686
"log_lik_catch[200]",-2.36913409172474,0.000779057574390536,0.0811181747785196,-2.55715379761278,-2.41622009063538,-2.35855546131695,-2.31105630227886,-2.23903480196745,10841.6961503147,1.00042094410345
"log_lik_catch[201]",-1.59246738652883,0.000702850760805839,0.0703745742067048,-1.75050933491434,-1.63426817135081,-1.5853264105925,-1.54272236981858,-1.4750982402928,10025.4833921316,1.00007134003801
"log_lik_catch[202]",-1.10113018888909,0.000710136550964657,0.0811242573523947,-1.26583121327564,-1.15415045870254,-1.09930894902508,-1.04612093259968,-0.944613785453729,13050.2170593665,0.999978560109236
"log_lik_catch[203]",-0.898150334346936,0.000677768686508123,0.0777150882749139,-1.05747888453273,-0.949101217313455,-0.896027053505353,-0.845275410319168,-0.74925907680369,13147.636515883,1.00004218989837
"log_lik_catch[204]",-2.36913409172474,0.000779057574390536,0.0811181747785196,-2.55715379761278,-2.41622009063538,-2.35855546131695,-2.31105630227886,-2.23903480196745,10841.6961503147,1.00042094410345
"log_lik_catch[205]",-1.46230590828476,0.000900223122091512,0.0888361963545691,-1.65059071298233,-1.51786447317464,-1.4589596236533,-1.40004727948149,-1.30318896332681,9738.22004481725,0.999793807798923
"log_lik_catch[206]",-1.59246738652883,0.000702850760805839,0.0703745742067048,-1.75050933491434,-1.63426817135081,-1.5853264105925,-1.54272236981858,-1.4750982402928,10025.4833921316,1.00007134003801
"log_lik_catch[207]",-1.59246738652883,0.000702850760805839,0.0703745742067048,-1.75050933491434,-1.63426817135081,-1.5853264105925,-1.54272236981858,-1.4750982402928,10025.4833921316,1.00007134003801
"log_lik_catch[208]",-2.45927993060294,0.000910205974179325,0.095135503248703,-2.67450369414311,-2.51630351370514,-2.45003944854922,-2.39168919647081,-2.3008074848699,10924.6083493879,0.999999283725518
"log_lik_catch[209]",-2.73745903296782,0.000700959619424556,0.0675773080289329,-2.89862636520321,-2.77436660995205,-2.72720369432806,-2.69094572512037,-2.63132464259744,9294.28049119007,1.00059330128349
"log_lik_catch[210]",-0.983805567105993,0.000803638845943211,0.0832832916968361,-1.1534953222659,-1.03849874776346,-0.981315324192336,-0.925071289964465,-0.828139790352774,10739.7437995579,0.999775427671375
"log_lik_catch[211]",-0.983805567105993,0.000803638845943211,0.0832832916968361,-1.1534953222659,-1.03849874776346,-0.981315324192336,-0.925071289964465,-0.828139790352774,10739.7437995579,0.999775427671375
"log_lik_catch[212]",-5.14407590602677,0.00398685043910717,0.418739324146444,-6.03007987965953,-5.41473896378832,-5.12158404975813,-4.84278922710833,-4.41046208510295,11031.3231622021,0.999726766181189
"log_lik_catch[213]",-2.90687343442727,0.000796269316617368,0.0743512265901903,-3.08025776632626,-2.94799046534617,-2.89673208055457,-2.85372915074553,-2.791484282775,8718.7919230677,1.00014448538576
"log_lik_catch[214]",-3.20150807485911,0.000982338804937544,0.0926152808547283,-3.41557114631434,-3.25401409173507,-3.18854651248146,-3.13449370617615,-3.05725038116187,8888.79101969923,1.00007393172265
"log_lik_catch[215]",-2.69885530113769,0.00116813196732658,0.115322364448818,-2.95445023296147,-2.77068228580139,-2.68731341456442,-2.61520081791133,-2.51034764771566,9746.37816152168,0.999914395493489
"log_lik_catch[216]",-2.30183144367444,0.000621889870672427,0.0587195531694272,-2.43775691181396,-2.33490397217002,-2.29379393318764,-2.25985186633937,-2.20959081655062,8915.35247633295,1.00010429421614
"log_lik_catch[217]",-3.76007550933889,0.00160549905396341,0.159141423844272,-4.11602766964218,-3.8570001146047,-3.74234231102239,-3.64462857857457,-3.50636050709651,9825.31246665654,0.999890168465576
"log_lik_catch[218]",-2.22114617834717,0.00110203588318956,0.110633753497955,-2.47234048031744,-2.28670900855732,-2.20815812330217,-2.14193212843407,-2.04123402801474,10078.2197262554,0.999834414494944
"log_lik_catch[219]",-0.983805567105993,0.000803638845943211,0.0832832916968361,-1.1534953222659,-1.03849874776346,-0.981315324192336,-0.925071289964465,-0.828139790352774,10739.7437995579,0.999775427671375
"log_lik_catch[220]",-2.17943093918643,0.00176895200403669,0.166902812680333,-2.54046206767672,-2.28444117092905,-2.16613914635647,-2.06231425403981,-1.88947283608276,8902.15623341012,1.00004995232593
"log_lik_catch[221]",-1.67300888059599,0.000909649146245839,0.0902627088066877,-1.87815202550528,-1.72653091697895,-1.66266473306562,-1.60817070763664,-1.52525468565325,9846.2054356798,0.999855335276711
"log_lik_catch[222]",-0.983805567105993,0.000803638845943211,0.0832832916968361,-1.1534953222659,-1.03849874776346,-0.981315324192336,-0.925071289964465,-0.828139790352774,10739.7437995579,0.999775427671375
"log_lik_catch[223]",-0.983805567105993,0.000803638845943211,0.0832832916968361,-1.1534953222659,-1.03849874776346,-0.981315324192336,-0.925071289964465,-0.828139790352774,10739.7437995579,0.999775427671375
"log_lik_catch[224]",-2.34274278765265,0.000661883362867967,0.0691486143425752,-2.50540015090066,-2.38109474420208,-2.33214310890334,-2.29379144570392,-2.23741385697062,10914.5047448041,0.999685806280158
"log_lik_catch[225]",-2.06138393908818,0.000738072806304106,0.076082733898111,-2.23724962295469,-2.10477756844043,-2.05038169961781,-2.00660557541472,-1.94410713919164,10626.0978515192,0.999731748533148
"log_lik_catch[226]",-1.67300888059599,0.000909649146245839,0.0902627088066877,-1.87815202550528,-1.72653091697895,-1.66266473306562,-1.60817070763664,-1.52525468565325,9846.2054356798,0.999855335276711
"log_lik_catch[227]",-3.56422816236741,0.00227533292929733,0.236173728386985,-4.06149259603578,-3.71812545103395,-3.55096717307072,-3.39527232092337,-3.14829852665483,10773.9081106283,0.999779881684486
"log_lik_catch[228]",-4.35880398318406,0.0030862557711322,0.322735084854799,-5.03933227884671,-4.56755895076025,-4.33955349829573,-4.12748279035526,-3.79213672893089,10935.2453358158,0.999747613184557
"log_lik_catch[229]",-3.60140544670791,0.00180809909758382,0.182730717987471,-4.0044530274864,-3.71600256533188,-3.58479360354547,-3.4697660909576,-3.29868492166692,10213.5956980996,0.999842154353226
"log_lik_catch[230]",-0.983805567105993,0.000803638845943211,0.0832832916968361,-1.1534953222659,-1.03849874776346,-0.981315324192336,-0.925071289964465,-0.828139790352774,10739.7437995579,0.999775427671375
"log_lik_catch[231]",-2.30183144367444,0.000621889870672427,0.0587195531694272,-2.43775691181396,-2.33490397217002,-2.29379393318764,-2.25985186633937,-2.20959081655062,8915.35247633295,1.00010429421614
"log_lik_catch[232]",-2.69885530113769,0.00116813196732658,0.115322364448818,-2.95445023296147,-2.77068228580139,-2.68731341456442,-2.61520081791133,-2.51034764771566,9746.37816152168,0.999914395493489
"log_lik_catch[233]",-0.648886987894134,0.000674404040878671,0.0701067623005888,-0.794525812253365,-0.693826039073048,-0.645217592416907,-0.599270441774876,-0.521831212330386,10806.3615568765,0.999786391731458
"log_lik_catch[234]",-2.26681985612713,0.000399933540624705,0.0391703751622045,-2.35403982593189,-2.28966620217364,-2.26422455279964,-2.23988369051894,-2.1972473129435,9592.67666635855,0.99982758696721
"log_lik_catch[235]",-2.08483827620487,0.000827065015411062,0.0819313541209789,-2.26540045230238,-2.13637755431234,-2.07754335493254,-2.02577880802383,-1.94872113389761,9813.43305267791,0.999908166589153
"log_lik_catch[236]",-4.8094418630261,0.00314963969865744,0.328317429781626,-5.5186626535815,-5.01809361834448,-4.78398005701433,-4.57319524851983,-4.24836224515139,10865.9105872028,0.999749986763047
"log_lik_catch[237]",-0.648886987894134,0.000674404040878671,0.0701067623005888,-0.794525812253365,-0.693826039073048,-0.645217592416907,-0.599270441774876,-0.521831212330386,10806.3615568765,0.999786391731458
"log_lik_catch[238]",-3.12907853882163,0.00113237797089222,0.108767471960304,-3.37619931841323,-3.19330276406537,-3.11528896773592,-3.04995144066769,-2.95906203084058,9226.03812396459,0.999990677156737
"log_lik_catch[239]",-1.31339158319765,0.000858589266391299,0.0861121245731417,-1.49250228962392,-1.37019827498501,-1.30967642902221,-1.25313383344871,-1.15640698925034,10059.0669565138,0.999739626046883
"log_lik_catch[240]",-0.983805567105993,0.000803638845943211,0.0832832916968361,-1.1534953222659,-1.03849874776346,-0.981315324192336,-0.925071289964465,-0.828139790352774,10739.7437995579,0.999775427671375
"log_lik_catch[241]",-1.18357668543819,0.000830045257325129,0.0851886671622378,-1.35575684445855,-1.23933554496988,-1.18079336258055,-1.12399741963276,-1.02457637451657,10533.1944582985,0.99974853785169
"log_lik_catch[242]",-0.648886987894134,0.000674404040878671,0.0701067623005888,-0.794525812253365,-0.693826039073048,-0.645217592416907,-0.599270441774876,-0.521831212330386,10806.3615568765,0.999786391731458
"log_lik_catch[243]",-2.78564580708961,0.00162334573844056,0.167434433319164,-3.13428213152742,-2.89604144187426,-2.77777908547941,-2.66638790564823,-2.48446981227418,10638.1841233005,0.999807400219393
"log_lik_catch[244]",-2.80796831978364,0.00160783090545367,0.156569834916562,-3.15316561279212,-2.90410820399466,-2.79298557298069,-2.6965504471666,-2.5438500854732,9482.77492516574,0.999944901536836
"log_lik_catch[245]",-1.18357668543819,0.000830045257325129,0.0851886671622378,-1.35575684445855,-1.23933554496988,-1.18079336258055,-1.12399741963276,-1.02457637451657,10533.1944582985,0.99974853785169
"log_lik_catch[246]",-0.648886987894134,0.000674404040878671,0.0701067623005888,-0.794525812253365,-0.693826039073048,-0.645217592416907,-0.599270441774876,-0.521831212330386,10806.3615568765,0.999786391731458
"log_lik_catch[247]",-1.67300888059599,0.000909649146245839,0.0902627088066877,-1.87815202550528,-1.72653091697895,-1.66266473306562,-1.60817070763664,-1.52525468565325,9846.2054356798,0.999855335276711
"log_lik_catch[248]",-4.35557445130592,0.00286942410891889,0.298826046038769,-4.99342453778306,-4.54643293612104,-4.33471686180622,-4.14134408444111,-3.83982793056667,10845.4458668549,0.999758424632463
"log_lik_catch[249]",-0.482320279203784,0.000633463124359494,0.0659652333396168,-0.618349544545962,-0.525011999657263,-0.480391475567463,-0.435423912989146,-0.363798527280068,10843.9505652934,1.00017036435014
"log_lik_catch[250]",-1.51432083654016,0.000562123582124026,0.0555710049480063,-1.64662848556695,-1.54497029924395,-1.50519597346624,-1.47451423201819,-1.43117829999081,9773.1123425606,1.00012271640021
"log_lik_catch[251]",-1.48502832718471,0.000368388152696292,0.0378249260228665,-1.57253849384756,-1.50572284105372,-1.47945741868643,-1.45872274034764,-1.42511289688099,10542.530468113,1.00009828987143
"log_lik_catch[252]",-4.36586516181733,0.00399260118427343,0.415300694925463,-5.25094723652622,-4.63100559330241,-4.32904696256861,-4.0720379447914,-3.64630854364098,10819.6560024205,1.0001735424495
"log_lik_catch[253]",-2.30806230847901,0.000689591497218196,0.0682329706994567,-2.47292358814962,-2.34352800604941,-2.29474089476815,-2.26016784900751,-2.21083552217705,9790.49756661663,1.00032186022199
"log_lik_catch[254]",-0.780331706677474,0.000837231226197263,0.0872211006776913,-0.954584416498027,-0.837749114043709,-0.779881045492507,-0.719129581945649,-0.618410461197357,10853.0621531769,1.00015484310862
"log_lik_catch[255]",-2.70834889065616,0.00133353065782887,0.136173147901948,-3.02194079596519,-2.78656909548685,-2.68653034837223,-2.60954566632289,-2.50495596618778,10427.4218858314,1.00025513386655
"log_lik_catch[256]",-3.57514952991773,0.00226521244672174,0.233352252129514,-4.10654847747401,-3.71177093491177,-3.54102394905286,-3.40540253070762,-3.21483680005252,10612.2168269403,1.00022603222509
"log_lik_catch[257]",-2.34419049805163,0.00077347371558434,0.0780274559138526,-2.52811384435984,-2.38806341083148,-2.33188844385473,-2.28873335702696,-2.2261113687942,10176.6250606518,1.00016649283678
"log_lik_catch[258]",-4.33286787873556,0.00377900403984613,0.393465792934527,-5.14832332099162,-4.59055962123608,-4.3079259398521,-4.05871223735541,-3.62364585113404,10840.7480488828,1.0001616406364
"log_lik_catch[259]",-1.12394400856372,0.00091137706328884,0.0942104953946872,-1.31242394686465,-1.18702798841134,-1.12405941088969,-1.05888329813016,-0.944012445289333,10685.6854542079,1.00006514967396
"log_lik_catch[260]",-1.95044761715352,0.000390721167349169,0.0379772483026182,-2.03880697689516,-1.97112649710432,-1.94616296702919,-1.92488258359044,-1.88798989364228,9447.4175105225,1.00010727751986
"log_lik_catch[261]",-0.780331706677474,0.000837231226197263,0.0872211006776913,-0.954584416498027,-0.837749114043709,-0.779881045492507,-0.719129581945649,-0.618410461197357,10853.0621531769,1.00015484310862
"log_lik_catch[262]",-2.52727341702091,0.00137545808785827,0.141602386344221,-2.84486192826468,-2.61182206689977,-2.50822339129206,-2.42473028259002,-2.30627069131888,10598.5492420985,1.0002317743857
"log_lik_catch[263]",-1.48502832718471,0.000368388152696292,0.0378249260228665,-1.57253849384756,-1.50572284105372,-1.47945741868643,-1.45872274034764,-1.42511289688099,10542.530468113,1.00009828987143
"log_lik_catch[264]",-1.00355874005766,0.000926210831549161,0.0889349279009004,-1.18758700035706,-1.06206869323242,-1.0003169103556,-0.942917419375351,-0.836668066401177,9219.87437374305,0.999818182542704
"log_lik_catch[265]",-3.01466355868772,0.000674134200898283,0.0611822293120944,-3.15922373002133,-3.04668599575793,-3.00829804512024,-2.9730643000348,-2.914075359651,8236.78771760636,1.00024897417001
"log_lik_catch[266]",-3.08260155459628,0.00173632751149975,0.176150081349279,-3.47464404342908,-3.19245364946525,-3.0657791293326,-2.95708411089452,-2.78752310794882,10292.0622207249,0.99988926613426
"log_lik_catch[267]",-0.666490989338887,0.000773122698617309,0.0755518388231123,-0.825744658399668,-0.714922564604525,-0.662631189929066,-0.613195819832396,-0.528122543312224,9549.77697968092,0.999834588026322
"log_lik_catch[268]",-0.666490989338887,0.000773122698617309,0.0755518388231123,-0.825744658399668,-0.714922564604525,-0.662631189929066,-0.613195819832396,-0.528122543312224,9549.77697968092,0.999834588026322
"log_lik_catch[269]",-0.666490989338887,0.000773122698617309,0.0755518388231123,-0.825744658399668,-0.714922564604525,-0.662631189929066,-0.613195819832396,-0.528122543312224,9549.77697968092,0.999834588026322
"log_lik_catch[270]",-2.63439144934247,0.00236091560702143,0.219962808280055,-3.10886312500297,-2.77251815179819,-2.61787886078595,-2.48065862033279,-2.24853563835647,8680.35696518269,1.0000898784902
"log_lik_catch[271]",-1.96577573774019,0.0014412169249295,0.140852878309523,-2.27596872823926,-2.05354530810524,-1.95474336920543,-1.86617229403939,-1.72536626658701,9551.52562354469,0.999942176528556
"log_lik_catch[272]",-2.5784682434714,0.000730555282473295,0.0735813714517741,-2.7501164927332,-2.61911685167841,-2.56693408525388,-2.52716306562166,-2.46574232017244,10144.4752201656,0.999846995546202
"log_lik_catch[273]",-2.96814572748734,0.000866794976096722,0.0875018723459618,-3.16950875899365,-3.01807986667792,-2.95523891530073,-2.90649414645496,-2.82991875153568,10190.6508259681,0.999844078408267
"log_lik_catch[274]",-2.35930314192619,0.00075797650775667,0.0772826868322957,-2.53890029891531,-2.40286775191381,-2.34725377043328,-2.30458196122266,-2.23989382100247,10395.6807467223,0.999828238277522
"log_lik_catch[275]",-0.666490989338887,0.000773122698617309,0.0755518388231123,-0.825744658399668,-0.714922564604525,-0.662631189929066,-0.613195819832396,-0.528122543312224,9549.77697968092,0.999834588026322
"log_lik_catch[276]",-1.46812865676062,0.000310048510096544,0.0310679884848891,-1.54055850308385,-1.48481615972381,-1.46500373426664,-1.44705162063081,-1.41702149974443,10040.7689499778,0.999733321918427
"log_lik_catch[277]",-2.29238723290515,0.000589491528153848,0.0555933653254748,-2.42449965897154,-2.3220374608799,-2.28523338593611,-2.25385516926013,-2.20440208878614,8893.87033124121,1.00010506993294
"log_lik_catch[278]",-1.00355874005766,0.000926210831549161,0.0889349279009004,-1.18758700035706,-1.06206869323242,-1.0003169103556,-0.942917419375351,-0.836668066401177,9219.87437374305,0.999818182542704
"log_lik_catch[279]",-1.33010142143251,0.000995720287844223,0.0918317125983239,-1.52283276532613,-1.38886246987905,-1.32588821356924,-1.26720226949167,-1.16001204983433,8505.71164370005,0.999800103437654
"log_lik_catch[280]",-1.20215806572793,0.00096371633394615,0.0908375165031359,-1.38870982520096,-1.26213486486564,-1.19871647152673,-1.14012598743292,-1.03106809243608,8884.48103150758,0.999798811138981
"log_lik_catch[281]",-2.24719921049904,0.00118350311157905,0.118665935065453,-2.51350690478144,-2.31884942770683,-2.23439272494134,-2.1624023684231,-2.04997466790749,10053.4083547572,0.999869758784244
"log_lik_catch[282]",-4.01006875217003,0.00164648357828819,0.164329667517173,-4.39461215206248,-4.1040426409827,-3.98662546804482,-3.89246963769905,-3.75679331929065,9961.32583521486,0.999932185699055
"log_lik_catch[283]",-3.50915922148058,0.0023531717282179,0.240576905521696,-4.03476152035663,-3.66210321813556,-3.48838213644002,-3.33630400475447,-3.09928614715047,10452.0294503857,0.999869234613018
"log_lik_catch[284]",-2.67420284699588,0.00114027729307637,0.113538122302782,-2.93466822016011,-2.74167063592308,-2.65991726314072,-2.5922709499804,-2.49282996075544,9914.30928567399,0.999941743506029
"log_lik_catch[285]",-1.02538656863094,0.000972369305723156,0.090980792410379,-1.2106480554639,-1.08531846084949,-1.02380054269805,-0.962696025326344,-0.851086308431807,8754.61289725256,0.999853617959612
"log_lik_catch[286]",-1.02538656863094,0.000972369305723156,0.090980792410379,-1.2106480554639,-1.08531846084949,-1.02380054269805,-0.962696025326344,-0.851086308431807,8754.61289725256,0.999853617959612
"log_lik_catch[287]",-2.0481887729738,0.000814907529884559,0.0784129717864255,-2.22799240459598,-2.09144679776043,-2.03670899335496,-1.99146356592423,-1.93016655381805,9258.89513960699,0.999895143726343
"log_lik_catch[288]",-2.46187833811658,0.00125739292735469,0.118083772021442,-2.72848452096041,-2.53290544597004,-2.44802368922959,-2.37764368951838,-2.27252455139553,8819.38717830031,0.999925635090194
"log_lik_catch[289]",-1.72006278492297,0.00114920668095658,0.107200600996198,-1.9559146962948,-1.78496992675256,-1.70916100496194,-1.64297466070405,-1.54506324223852,8701.58077577126,0.999922872404314
"log_lik_catch[290]",-1.16670691787719,0.000979662264479154,0.0915535184501855,-1.35399687007362,-1.22661081237594,-1.16456765698128,-1.1047806440356,-0.992094576028433,8733.68086832813,0.999833330232686
"log_lik_catch[291]",-1.53874321170334,0.00065323465574705,0.0623535444544547,-1.68207814426786,-1.57331899960546,-1.53008330698624,-1.49402884056544,-1.44421908085823,9111.37365549206,0.999872601488363
"log_lik_catch[292]",-1.47171377340393,0.000330266463407723,0.0310784600586095,-1.5425092354633,-1.4891171373846,-1.46914829367747,-1.45042914712365,-1.41822918181734,8855.02987635579,0.99983428272454
"log_lik_catch[293]",-1.12511991478701,0.000770529152982859,0.0788400472654618,-1.28059356813495,-1.17757936938087,-1.12393469658996,-1.07160347356692,-0.970387819363543,10469.2507591296,0.999881851015312
"log_lik_catch[294]",-0.780362299969391,0.000706206223417634,0.071112729703643,-0.922186907648864,-0.82801923112914,-0.778677778150367,-0.731661689026855,-0.643019266111979,10139.8520509223,1.00003259696678
"log_lik_catch[295]",-0.780362299969391,0.000706206223417634,0.071112729703643,-0.922186907648864,-0.82801923112914,-0.778677778150367,-0.731661689026855,-0.643019266111979,10139.8520509223,1.00003259696678
"log_lik_catch[296]",-1.84543599900185,0.00122924378641146,0.114036507941257,-2.09120658390728,-1.91740946801191,-1.83668003602016,-1.76395269572533,-1.64537739357173,8606.20677040336,1.00039712267644
"log_lik_catch[297]",-0.780362299969391,0.000706206223417634,0.071112729703643,-0.922186907648864,-0.82801923112914,-0.778677778150367,-0.731661689026855,-0.643019266111979,10139.8520509223,1.00003259696678
"log_lik_catch[298]",-2.01162097721405,0.000630783200401464,0.0594251310696489,-2.14620651929591,-2.04686974470682,-2.00456138175851,-1.96867873549573,-1.91615305171291,8875.23906309712,0.99989083597837
"log_lik_catch[299]",-2.28315972214129,0.000497556313182962,0.0465517145927561,-2.38801321508762,-2.31023358071786,-2.27827827286408,-2.25054076573042,-2.20438371255171,8753.60369766842,0.999699791812676
"log_lik_catch[300]",-2.52013753479929,0.00114939219040707,0.1139951407875,-2.77846612850479,-2.58922631859859,-2.50950046638242,-2.43703001457381,-2.33103792083264,9836.40030529034,1.00020880514952
"log_lik_catch[301]",-2.33974142416101,0.000699413045405343,0.0658942296726013,-2.48736119879903,-2.37914908313839,-2.33228102373813,-2.29240745914775,-2.23174241378105,8876.20478982032,0.999844954430363
"log_lik_catch[302]",-3.67171182389493,0.00102052165647099,0.100143439612078,-3.91036374850009,-3.72608849635711,-3.65788390282586,-3.60018817381944,-3.51734225767317,9629.42948707131,1.00043097090693
"log_lik_catch[303]",-0.780362299969391,0.000706206223417634,0.071112729703643,-0.922186907648864,-0.82801923112914,-0.778677778150367,-0.731661689026855,-0.643019266111979,10139.8520509223,1.00003259696678
"log_lik_catch[304]",-4.49140034851701,0.00357970551687355,0.348397170749821,-5.25236820942713,-4.71416121603043,-4.46755468950252,-4.23713055823292,-3.88831025291875,9472.28239324229,0.999878373560975
"log_lik_catch[305]",-1.12511991478701,0.000770529152982859,0.0788400472654618,-1.28059356813495,-1.17757936938087,-1.12393469658996,-1.07160347356692,-0.970387819363543,10469.2507591296,0.999881851015312
"log_lik_catch[306]",-0.780362299969391,0.000706206223417634,0.071112729703643,-0.922186907648864,-0.82801923112914,-0.778677778150367,-0.731661689026855,-0.643019266111979,10139.8520509223,1.00003259696678
"log_lik_catch[307]",-1.97567386402982,0.000454089572697588,0.0460005590434361,-2.08510494122866,-2.00087940625984,-1.96998451630906,-1.94354453177086,-1.90059536729514,10262.2634800881,1.00042110160379
"log_lik_catch[308]",-2.36151735765517,0.00124054180584603,0.122788903070487,-2.62873221577175,-2.43999415453603,-2.35398837222554,-2.27329677137705,-2.14684610382773,9797.05238856262,1.00011553257186
"log_lik_catch[309]",-2.52013753479929,0.00114939219040707,0.1139951407875,-2.77846612850479,-2.58922631859859,-2.50950046638242,-2.43703001457381,-2.33103792083264,9836.40030529034,1.00020880514952
"log_lik_catch[310]",-0.780362299969391,0.000706206223417634,0.071112729703643,-0.922186907648864,-0.82801923112914,-0.778677778150367,-0.731661689026855,-0.643019266111979,10139.8520509223,1.00003259696678
"log_lik_catch[311]",-3.7209917515512,0.00266877035417031,0.260998236967061,-4.28865453528588,-3.88805907131639,-3.70292337438344,-3.53215227424208,-3.26266257387457,9564.29004750685,0.999949283481423
"log_lik_catch[312]",-2.01162097721405,0.000630783200401464,0.0594251310696489,-2.14620651929591,-2.04686974470682,-2.00456138175851,-1.96867873549573,-1.91615305171291,8875.23906309712,0.99989083597837
"log_lik_catch[313]",-1.12511991478701,0.000770529152982859,0.0788400472654618,-1.28059356813495,-1.17757936938087,-1.12393469658996,-1.07160347356692,-0.970387819363543,10469.2507591296,0.999881851015312
"log_lik_catch[314]",-0.481725028200793,0.000538149211377697,0.0533742758721503,-0.591010944006846,-0.517248382074933,-0.479415918868978,-0.444801923680664,-0.381363384791377,9836.90722980143,1.0000374963273
"log_lik_catch[315]",-1.48173953321721,0.000301845935776759,0.0318234642021719,-1.55414683157251,-1.50049517547446,-1.47911782518032,-1.46015181818057,-1.42649778801128,11115.3781542906,1.00008441578874
"log_lik_catch[316]",-0.780362299969391,0.000706206223417634,0.071112729703643,-0.922186907648864,-0.82801923112914,-0.778677778150367,-0.731661689026855,-0.643019266111979,10139.8520509223,1.00003259696678
"log_lik_catch[317]",-1.52347739608768,0.000566476920686766,0.0528275564102956,-1.64574672799531,-1.55354992755515,-1.51712845732692,-1.48558970083218,-1.43886669493476,8696.74234667477,0.999850222667201
"log_lik_catch[318]",-3.66068725524575,0.00255314113264,0.252880192169037,-4.17957556727593,-3.82297285505623,-3.65123854464032,-3.48344946812969,-3.19921994794893,9810.24787673891,0.999980981626094
"log_lik_catch[319]",-1.9404815182237,0.000317950069775426,0.0307082488853064,-2.00623549747177,-1.95929103971636,-1.93913140170404,-1.91952650436453,-1.88470926743017,9328.07983596133,1.00008213583542
"log_lik_catch[320]",-2.32723977491223,0.000667125924878443,0.0649473001871682,-2.4785796714574,-2.36444519319598,-2.31930822893476,-2.28130483937367,-2.22347242560377,9477.77881252857,1.00073251225529
"log_lik_catch[321]",-0.944460119618056,0.000734294167229681,0.0743445807338192,-1.09272887454681,-0.993561661188289,-0.943066080884597,-0.893653788336344,-0.802005176374258,10250.8169010943,0.999994090251619
"log_lik_catch[322]",-0.361212704026314,0.000427597556046188,0.0424125178976682,-0.451496898516473,-0.388414571859191,-0.358604213223383,-0.331769384303789,-0.284635707176094,9838.24612592578,0.999962361079473
"log_lik_catch[323]",-0.944460119618056,0.000734294167229681,0.0743445807338192,-1.09272887454681,-0.993561661188289,-0.943066080884597,-0.893653788336344,-0.802005176374258,10250.8169010943,0.999994090251619
"log_lik_catch[324]",-0.361212704026314,0.000427597556046188,0.0424125178976682,-0.451496898516473,-0.388414571859191,-0.358604213223383,-0.331769384303789,-0.284635707176094,9838.24612592578,0.999962361079473
"log_lik_catch[325]",-0.61458873417954,0.000619401991759366,0.0617206185102164,-0.742538425716597,-0.655123362725574,-0.611991997145043,-0.571980093200109,-0.499768269269414,9929.22481451719,1.00000699305351
"log_lik_catch[326]",-0.61458873417954,0.000619401991759366,0.0617206185102164,-0.742538425716597,-0.655123362725574,-0.611991997145043,-0.571980093200109,-0.499768269269414,9929.22481451719,1.00000699305351
"log_lik_catch[327]",-1.96521064242196,0.000423275112930397,0.0416939099761573,-2.06313231749788,-1.98867244065072,-1.96068679391817,-1.93655850817378,-1.89559388642194,9702.86033710682,1.00079543526031
"log_lik_catch[328]",-0.61458873417954,0.000619401991759366,0.0617206185102164,-0.742538425716597,-0.655123362725574,-0.611991997145043,-0.571980093200109,-0.499768269269414,9929.22481451719,1.00000699305351
"log_lik_catch[329]",-0.361212704026314,0.000427597556046188,0.0424125178976682,-0.451496898516473,-0.388414571859191,-0.358604213223383,-0.331769384303789,-0.284635707176094,9838.24612592578,0.999962361079473
"log_lik_catch[330]",-1.45881492995478,0.00025529608575386,0.0252363672739625,-1.51258875811855,-1.47431103945089,-1.45733914500974,-1.44184829832762,-1.41340381030084,9771.59291841466,0.999733185340353
"log_lik_catch[331]",-0.61458873417954,0.000619401991759366,0.0617206185102164,-0.742538425716597,-0.655123362725574,-0.611991997145043,-0.571980093200109,-0.499768269269414,9929.22481451719,1.00000699305351
"log_lik_catch[332]",-0.361212704026314,0.000427597556046188,0.0424125178976682,-0.451496898516473,-0.388414571859191,-0.358604213223383,-0.331769384303789,-0.284635707176094,9838.24612592578,0.999962361079473
"log_lik_catch[333]",-0.801589576240195,0.000703670450973828,0.0705493550858277,-0.944462788503673,-0.84832803879945,-0.799540845302287,-0.753146237783334,-0.668083428875347,10051.8839910074,1.00001598991259
"log_lik_catch[334]",-0.361212704026314,0.000427597556046188,0.0424125178976682,-0.451496898516473,-0.388414571859191,-0.358604213223383,-0.331769384303789,-0.284635707176094,9838.24612592578,0.999962361079473
"log_lik_catch[335]",-2.70984409227342,0.000564679716908187,0.0523857331911115,-2.83156394663265,-2.73906355441843,-2.70500581856205,-2.67415176313838,-2.62123109009155,8606.40296832178,1.00108682692481
"log_lik_catch[336]",-0.361212704026314,0.000427597556046188,0.0424125178976682,-0.451496898516473,-0.388414571859191,-0.358604213223383,-0.331769384303789,-0.284635707176094,9838.24612592578,0.999962361079473
"log_lik_catch[337]",-0.61458873417954,0.000619401991759366,0.0617206185102164,-0.742538425716597,-0.655123362725574,-0.611991997145043,-0.571980093200109,-0.499768269269414,9929.22481451719,1.00000699305351
"log_lik_catch[338]",-0.361212704026314,0.000427597556046188,0.0424125178976682,-0.451496898516473,-0.388414571859191,-0.358604213223383,-0.331769384303789,-0.284635707176094,9838.24612592578,0.999962361079473
"log_lik_catch[339]",-0.61458873417954,0.000619401991759366,0.0617206185102164,-0.742538425716597,-0.655123362725574,-0.611991997145043,-0.571980093200109,-0.499768269269414,9929.22481451719,1.00000699305351
"log_lik_catch[340]",-0.944460119618056,0.000734294167229681,0.0743445807338192,-1.09272887454681,-0.993561661188289,-0.943066080884597,-0.893653788336344,-0.802005176374258,10250.8169010943,0.999994090251619
"log_lik_catch[341]",-2.31356330476995,0.000611845509033446,0.0584282489858785,-2.44991098957799,-2.34609902429804,-2.30613125383489,-2.2722102945916,-2.22017824815047,9119.31440999911,0.999666137080357
"log_lik_catch[342]",-0.61458873417954,0.000619401991759366,0.0617206185102164,-0.742538425716597,-0.655123362725574,-0.611991997145043,-0.571980093200109,-0.499768269269414,9929.22481451719,1.00000699305351
"log_lik_catch[343]",-4.25100992719622,0.00321165489371798,0.317868539344406,-4.91295982031247,-4.45374806143422,-4.2370665633124,-4.02829704043662,-3.67991401088477,9795.7422211421,0.999931880816595
"log_lik_catch[344]",-0.61458873417954,0.000619401991759366,0.0617206185102164,-0.742538425716597,-0.655123362725574,-0.611991997145043,-0.571980093200109,-0.499768269269414,9929.22481451719,1.00000699305351
"log_lik_catch[345]",-0.61458873417954,0.000619401991759366,0.0617206185102164,-0.742538425716597,-0.655123362725574,-0.611991997145043,-0.571980093200109,-0.499768269269414,9929.22481451719,1.00000699305351
"log_lik_catch[346]",-0.61458873417954,0.000619401991759366,0.0617206185102164,-0.742538425716597,-0.655123362725574,-0.611991997145043,-0.571980093200109,-0.499768269269414,9929.22481451719,1.00000699305351
"log_lik_catch[347]",-1.45881492995478,0.00025529608575386,0.0252363672739625,-1.51258875811855,-1.47431103945089,-1.45733914500974,-1.44184829832762,-1.41340381030084,9771.59291841466,0.999733185340353
"log_lik_catch[348]",-0.801589576240195,0.000703670450973828,0.0705493550858277,-0.944462788503673,-0.84832803879945,-0.799540845302287,-0.753146237783334,-0.668083428875347,10051.8839910074,1.00001598991259
"log_lik_catch[349]",-1.45881492995478,0.00025529608575386,0.0252363672739625,-1.51258875811855,-1.47431103945089,-1.45733914500974,-1.44184829832762,-1.41340381030084,9771.59291841466,0.999733185340353
"log_lik_catch[350]",-0.361212704026314,0.000427597556046188,0.0424125178976682,-0.451496898516473,-0.388414571859191,-0.358604213223383,-0.331769384303789,-0.284635707176094,9838.24612592578,0.999962361079473
"log_lik_catch[351]",-0.361212704026314,0.000427597556046188,0.0424125178976682,-0.451496898516473,-0.388414571859191,-0.358604213223383,-0.331769384303789,-0.284635707176094,9838.24612592578,0.999962361079473
"log_lik_catch[352]",-3.48119844604308,0.00190981774378094,0.188322003794305,-3.89433638706202,-3.59603777948044,-3.46644275892842,-3.34671232560519,-3.1631383701278,9723.40297844096,1.00018931451572
"log_lik_catch[353]",-0.61458873417954,0.000619401991759366,0.0617206185102164,-0.742538425716597,-0.655123362725574,-0.611991997145043,-0.571980093200109,-0.499768269269414,9929.22481451719,1.00000699305351
"log_lik_catch[354]",-3.66068725524575,0.00255314113264,0.252880192169037,-4.17957556727593,-3.82297285505623,-3.65123854464032,-3.48344946812969,-3.19921994794893,9810.24787673891,0.999980981626094
"log_lik_catch[355]",-0.361212704026314,0.000427597556046188,0.0424125178976682,-0.451496898516473,-0.388414571859191,-0.358604213223383,-0.331769384303789,-0.284635707176094,9838.24612592578,0.999962361079473
"log_lik_catch[356]",-0.61458873417954,0.000619401991759366,0.0617206185102164,-0.742538425716597,-0.655123362725574,-0.611991997145043,-0.571980093200109,-0.499768269269414,9929.22481451719,1.00000699305351
"log_lik_catch[357]",-0.944460119618056,0.000734294167229681,0.0743445807338192,-1.09272887454681,-0.993561661188289,-0.943066080884597,-0.893653788336344,-0.802005176374258,10250.8169010943,0.999994090251619
"log_lik_catch[358]",-0.61458873417954,0.000619401991759366,0.0617206185102164,-0.742538425716597,-0.655123362725574,-0.611991997145043,-0.571980093200109,-0.499768269269414,9929.22481451719,1.00000699305351
"log_lik_catch[359]",-4.17154187464264,0.00286125364737841,0.282937773494611,-4.77673045652033,-4.34704371630185,-4.15217612609596,-3.97037057814231,-3.68302949504033,9778.43030440171,1.00000831953114
"log_lik_catch[360]",-0.944460119618056,0.000734294167229681,0.0743445807338192,-1.09272887454681,-0.993561661188289,-0.943066080884597,-0.893653788336344,-0.802005176374258,10250.8169010943,0.999994090251619
"log_lik_catch[361]",-0.361212704026314,0.000427597556046188,0.0424125178976682,-0.451496898516473,-0.388414571859191,-0.358604213223383,-0.331769384303789,-0.284635707176094,9838.24612592578,0.999962361079473
"log_lik_catch[362]",-0.61458873417954,0.000619401991759366,0.0617206185102164,-0.742538425716597,-0.655123362725574,-0.611991997145043,-0.571980093200109,-0.499768269269414,9929.22481451719,1.00000699305351
"log_lik_catch[363]",-0.801589576240195,0.000703670450973828,0.0705493550858277,-0.944462788503673,-0.84832803879945,-0.799540845302287,-0.753146237783334,-0.668083428875347,10051.8839910074,1.00001598991259
"log_lik_catch[364]",-3.66068725524575,0.00255314113264,0.252880192169037,-4.17957556727593,-3.82297285505623,-3.65123854464032,-3.48344946812969,-3.19921994794893,9810.24787673891,0.999980981626094
"log_lik_catch[365]",-0.944460119618056,0.000734294167229681,0.0743445807338192,-1.09272887454681,-0.993561661188289,-0.943066080884597,-0.893653788336344,-0.802005176374258,10250.8169010943,0.999994090251619
"log_lik_catch[366]",-0.61458873417954,0.000619401991759366,0.0617206185102164,-0.742538425716597,-0.655123362725574,-0.611991997145043,-0.571980093200109,-0.499768269269414,9929.22481451719,1.00000699305351
"log_lik_catch[367]",-1.52347739608768,0.000566476920686766,0.0528275564102956,-1.64574672799531,-1.55354992755515,-1.51712845732692,-1.48558970083218,-1.43886669493476,8696.74234667477,0.999850222667201
"log_lik_catch[368]",-0.801589576240195,0.000703670450973828,0.0705493550858277,-0.944462788503673,-0.84832803879945,-0.799540845302287,-0.753146237783334,-0.668083428875347,10051.8839910074,1.00001598991259
"log_lik_catch[369]",-0.361212704026314,0.000427597556046188,0.0424125178976682,-0.451496898516473,-0.388414571859191,-0.358604213223383,-0.331769384303789,-0.284635707176094,9838.24612592578,0.999962361079473
"log_lik_catch[370]",-0.361212704026314,0.000427597556046188,0.0424125178976682,-0.451496898516473,-0.388414571859191,-0.358604213223383,-0.331769384303789,-0.284635707176094,9838.24612592578,0.999962361079473
"log_lik_catch[371]",-0.61458873417954,0.000619401991759366,0.0617206185102164,-0.742538425716597,-0.655123362725574,-0.611991997145043,-0.571980093200109,-0.499768269269414,9929.22481451719,1.00000699305351
"log_lik_catch[372]",-1.52347739608768,0.000566476920686766,0.0528275564102956,-1.64574672799531,-1.55354992755515,-1.51712845732692,-1.48558970083218,-1.43886669493476,8696.74234667477,0.999850222667201
"log_lik_catch[373]",-0.361212704026314,0.000427597556046188,0.0424125178976682,-0.451496898516473,-0.388414571859191,-0.358604213223383,-0.331769384303789,-0.284635707176094,9838.24612592578,0.999962361079473
"log_lik_catch[374]",-1.95434414049049,0.000394954300837405,0.0383693007856422,-2.04269060233313,-1.97580423777107,-1.95061951981635,-1.92797638314549,-1.89092664369682,9437.87183023214,0.999979147307818
"log_lik_catch[375]",-1.54389656511989,0.000548095111695158,0.0591277248785169,-1.67901358762742,-1.57761485840739,-1.53611067253725,-1.50180176027796,-1.45081936371978,11637.7890163482,0.999858632898051
"log_lik_catch[376]",-0.523223360941963,0.000548738767945555,0.0605196743955272,-0.649624197365215,-0.561336705003457,-0.519995030748446,-0.481994641071433,-0.412955373395398,12163.5929417642,0.999996112368136
"log_lik_catch[377]",-0.833508402976489,0.000717381240758238,0.078276293370088,-0.992770002643115,-0.883848524558103,-0.830967083133466,-0.779960262967732,-0.685981053150921,11905.8518137611,0.999982878243652
"log_lik_catch[378]",-0.833508402976489,0.000717381240758238,0.078276293370088,-0.992770002643115,-0.883848524558103,-0.830967083133466,-0.779960262967732,-0.685981053150921,11905.8518137611,0.999982878243652
"log_lik_catch[379]",-2.26493869913474,0.000399561847423404,0.038978430506935,-2.34935084243466,-2.28771552411388,-2.26231934959677,-2.23865263523656,-2.19670256421548,9516.5749204462,1.00032857376729
"log_lik_catch[380]",-3.40430093196724,0.00166861858947698,0.182852163648285,-3.8149134782701,-3.51448799741019,-3.38549217524847,-3.27465184493409,-3.10096379944989,12008.4250570004,0.99996810162991
"log_lik_catch[381]",-2.85914589183096,0.000489929332465516,0.0462911217235912,-2.95817594402362,-2.88698583558453,-2.85655679059464,-2.82772836160261,-2.77674267107291,8927.47259755734,1.00049290951589
"log_lik_catch[382]",-2.44467308600583,0.000953615007754647,0.1025558973927,-2.6735988579154,-2.50607724578958,-2.43368808238159,-2.37115814405733,-2.27725339277562,11565.7852396266,0.999929954346247
"log_lik_catch[383]",-2.79657203379042,0.000874430599150336,0.0906620573788024,-3.00754991597344,-2.84881968351107,-2.783916093024,-2.73150872594987,-2.65755428991995,10749.8015590306,0.999938761650928
"log_lik_catch[384]",-0.833508402976489,0.000717381240758238,0.078276293370088,-0.992770002643115,-0.883848524558103,-0.830967083133466,-0.779960262967732,-0.685981053150921,11905.8518137611,0.999982878243652
"log_lik_catch[385]",-1.95434414049049,0.000394954300837405,0.0383693007856422,-2.04269060233313,-1.97580423777107,-1.95061951981635,-1.92797638314549,-1.89092664369682,9437.87183023214,0.999979147307818
"log_lik_catch[386]",-0.523223360941963,0.000548738767945555,0.0605196743955272,-0.649624197365215,-0.561336705003457,-0.519995030748446,-0.481994641071433,-0.412955373395398,12163.5929417642,0.999996112368136
"log_lik_catch[387]",-2.711529560147,0.000578843285603253,0.0545479801815701,-2.83884020980265,-2.74188674575132,-2.70557687045077,-2.67395723160159,-2.62269072278794,8880.45766256214,1.00010024066106
"log_lik_catch[388]",-0.833508402976489,0.000717381240758238,0.078276293370088,-0.992770002643115,-0.883848524558103,-0.830967083133466,-0.779960262967732,-0.685981053150921,11905.8518137611,0.999982878243652
"log_lik_catch[389]",-3.06971097663462,0.000848214003834618,0.0858425035982992,-3.2721949797345,-3.1176367646436,-3.05664434092667,-3.00901944834113,-2.93913003964085,10242.2146698992,0.999963975023329
"log_lik_catch[390]",-1.54389656511989,0.000548095111695158,0.0591277248785169,-1.67901358762742,-1.57761485840739,-1.53611067253725,-1.50180176027796,-1.45081936371978,11637.7890163482,0.999858632898051
"log_lik_catch[391]",-2.8359745532717,0.000808817499581685,0.0894413217356452,-3.03937590036565,-2.8872919353617,-2.8258084669338,-2.77232043621859,-2.69261081853195,12228.5605622045,1.00000945971716
"log_lik_catch[392]",-2.70425388798649,0.000915328470732322,0.101028840460012,-2.93318222879032,-2.76305296139695,-2.69410000847973,-2.6314247552896,-2.53856744961319,12182.5105147024,0.999943057259256
"log_lik_catch[393]",-0.833508402976489,0.000717381240758238,0.078276293370088,-0.992770002643115,-0.883848524558103,-0.830967083133466,-0.779960262967732,-0.685981053150921,11905.8518137611,0.999982878243652
"log_lik_catch[394]",-0.833508402976489,0.000717381240758238,0.078276293370088,-0.992770002643115,-0.883848524558103,-0.830967083133466,-0.779960262967732,-0.685981053150921,11905.8518137611,0.999982878243652
"log_lik_catch[395]",-0.833508402976489,0.000717381240758238,0.078276293370088,-0.992770002643115,-0.883848524558103,-0.830967083133466,-0.779960262967732,-0.685981053150921,11905.8518137611,0.999982878243652
"log_lik_catch[396]",-3.093839207157,0.0012605293403337,0.135816361983106,-3.40546780895009,-3.1733641656771,-3.07723755828942,-2.99612109921301,-2.87729096181563,11609.0924188021,0.999941337509977
"log_lik_catch[397]",-1.95434414049049,0.000394954300837405,0.0383693007856422,-2.04269060233313,-1.97580423777107,-1.95061951981635,-1.92797638314549,-1.89092664369682,9437.87183023214,0.999979147307818
"log_lik_catch[398]",-1.54389656511989,0.000548095111695158,0.0591277248785169,-1.67901358762742,-1.57761485840739,-1.53611067253725,-1.50180176027796,-1.45081936371978,11637.7890163482,0.999858632898051
"log_lik_catch[399]",-0.833508402976489,0.000717381240758238,0.078276293370088,-0.992770002643115,-0.883848524558103,-0.830967083133466,-0.779960262967732,-0.685981053150921,11905.8518137611,0.999982878243652
"log_lik_catch[400]",-2.05508546941337,0.000672902818910675,0.0740183584156746,-2.22528372111646,-2.09730309709615,-2.04553970675936,-2.00204366641682,-1.93838088936107,12099.6888631789,0.999943151487876
"log_lik_catch[401]",-2.2777794790509,0.00172374536542858,0.174082128585162,-2.64898852455695,-2.38818665636456,-2.26556603826979,-2.15595855118622,-1.96680464446539,10199.1071334765,0.999856406257396
"log_lik_catch[402]",-1.96332608007099,0.000410319180705266,0.0433449558079076,-2.06557670318694,-1.98643859198995,-1.95800650786849,-1.93397144148523,-1.89418100625416,11159.2110478944,1.00008767020687
"log_lik_catch[403]",-0.662769114097947,0.000667550239294498,0.0720056858348321,-0.811428269158212,-0.709260176421227,-0.65910043359269,-0.613363235779047,-0.529669178321285,11634.9807938291,0.99996526629027
"log_lik_catch[404]",-0.662769114097947,0.000667550239294498,0.0720056858348321,-0.811428269158212,-0.709260176421227,-0.65910043359269,-0.613363235779047,-0.529669178321285,11634.9807938291,0.99996526629027
"log_lik_catch[405]",-2.07019899220303,0.000782886008277521,0.0803013930607742,-2.25102806068294,-2.11776001729191,-2.0619110652445,-2.0123886518384,-1.94072574406276,10520.8080248499,0.999852160044803
"log_lik_catch[406]",-0.999215897821464,0.000786721582680385,0.0840051631761391,-1.16616402015159,-1.05423369014845,-0.99664830487829,-0.942888862097585,-0.839903746424908,11401.7057892389,0.999962282376472
"log_lik_catch[407]",-2.75305507534173,0.00156829019331194,0.167646811763978,-3.11208931462395,-2.85910982794962,-2.74321475604881,-2.63529948259313,-2.45932342915143,11427.1451437906,0.999928622046976
"log_lik_catch[408]",-0.662769114097947,0.000667550239294498,0.0720056858348321,-0.811428269158212,-0.709260176421227,-0.65910043359269,-0.613363235779047,-0.529669178321285,11634.9807938291,0.99996526629027
"log_lik_catch[409]",-0.662769114097947,0.000667550239294498,0.0720056858348321,-0.811428269158212,-0.709260176421227,-0.65910043359269,-0.613363235779047,-0.529669178321285,11634.9807938291,0.99996526629027
"log_lik_catch[410]",-5.00096414361602,0.00399480851619328,0.439160340410625,-5.92091421082003,-5.28860033588371,-4.98634272421985,-4.6947812473199,-4.18839523619443,12085.2125222375,1.00009137744221
"log_lik_catch[411]",-5.00096414361602,0.00399480851619328,0.439160340410625,-5.92091421082003,-5.28860033588371,-4.98634272421985,-4.6947812473199,-4.18839523619443,12085.2125222375,1.00009137744221
"log_lik_catch[412]",-5.33966656063602,0.00449445153263942,0.493053945251411,-6.39970129793824,-5.65590654439067,-5.31511918691207,-4.99216936684702,-4.45648592033319,12034.7056779508,1.0000938301862
"log_lik_catch[413]",-0.395169128291087,0.000468300032599768,0.050803157588768,-0.503885682717609,-0.42690837549861,-0.39154628895878,-0.359801904627063,-0.304026424529192,11768.8231286242,0.999986190268587
"log_lik_catch[414]",-0.395169128291087,0.000468300032599768,0.050803157588768,-0.503885682717609,-0.42690837549861,-0.39154628895878,-0.359801904627063,-0.304026424529192,11768.8231286242,0.999986190268587
"log_lik_catch[415]",-2.29375889710036,0.000594775696056036,0.0562749076483345,-2.42801678925607,-2.32421870915614,-2.28594198001344,-2.2536353582872,-2.2071397598985,8952.0634994082,0.999861976077248
"log_lik_catch[416]",-0.855201987858439,0.000752470616588216,0.0807869452921058,-1.01832865467671,-0.90765099804716,-0.851987523474944,-0.800453854465991,-0.703273434522643,11526.6546758667,0.999959313315942
"log_lik_catch[417]",-0.999215897821464,0.000786721582680385,0.0840051631761391,-1.16616402015159,-1.05423369014845,-0.99664830487829,-0.942888862097585,-0.839903746424908,11401.7057892389,0.999962282376472
"log_lik_catch[418]",-0.855201987858439,0.000752470616588216,0.0807869452921058,-1.01832865467671,-0.90765099804716,-0.851987523474944,-0.800453854465991,-0.703273434522643,11526.6546758667,0.999959313315942
"log_lik_catch[419]",-2.00010382157964,0.000643795226866787,0.0680363939395523,-2.16510503723216,-2.03441975136773,-1.98694647976041,-1.95201649055358,-1.90307436530363,11168.2999461815,1.00015415514091
"log_lik_catch[420]",-0.460878076331961,0.000622273520240008,0.0683014536077008,-0.607189813957597,-0.504336352096529,-0.457212854783927,-0.413274420051814,-0.337420314416011,12047.5087834294,1.00007089691956
"log_lik_catch[421]",-1.50145860465506,0.000537135470407032,0.0530795224291399,-1.632590006476,-1.52861062061021,-1.4919726582995,-1.46431039514307,-1.42427209333424,9765.3170596148,1.00010207441284
"log_lik_catch[422]",-0.751720581554321,0.000826763398297694,0.091372894594764,-0.938901918095899,-0.81155379733335,-0.74941741644519,-0.688674029180599,-0.58143051414212,12214.4040655759,1.00005914569353
"log_lik_catch[423]",-3.19982888656993,0.00240888297519821,0.264348267828911,-3.79228882948433,-3.35856915652591,-3.1747170757378,-3.0106641233423,-2.75400021388933,12042.6352754622,1.00002371832342
"log_lik_catch[424]",-1.49741510354292,0.000415299410133896,0.0446212885980111,-1.60277214957827,-1.52103728546825,-1.49011865783865,-1.4662588136172,-1.42934812369835,11544.1400624936,1.00002767534094
"log_lik_catch[425]",-0.751720581554321,0.000826763398297694,0.091372894594764,-0.938901918095899,-0.81155379733335,-0.74941741644519,-0.688674029180599,-0.58143051414212,12214.4040655759,1.00005914569353
"log_lik_catch[426]",-0.751720581554321,0.000826763398297694,0.091372894594764,-0.938901918095899,-0.81155379733335,-0.74941741644519,-0.688674029180599,-0.58143051414212,12214.4040655759,1.00005914569353
"log_lik_catch[427]",-1.09403429347523,0.000900597234780818,0.0991675622726939,-1.28982881324118,-1.15974160604588,-1.09376009285773,-1.0269215193907,-0.902854086637993,12124.8969678483,0.999973420565453
"log_lik_catch[428]",-1.50145860465506,0.000537135470407032,0.0530795224291399,-1.632590006476,-1.52861062061021,-1.4919726582995,-1.46431039514307,-1.42427209333424,9765.3170596148,1.00010207441284
"log_lik_catch[429]",-0.751720581554321,0.000826763398297694,0.091372894594764,-0.938901918095899,-0.81155379733335,-0.74941741644519,-0.688674029180599,-0.58143051414212,12214.4040655759,1.00005914569353
"log_lik_catch[430]",-2.12331431335765,0.00187311285321203,0.188892072530501,-2.53153505321724,-2.24382796593095,-2.11101422961499,-1.98947117055571,-1.78887019030421,10169.4994107881,1.00037058053871
"log_lik_catch[431]",-0.751720581554321,0.000826763398297694,0.091372894594764,-0.938901918095899,-0.81155379733335,-0.74941741644519,-0.688674029180599,-0.58143051414212,12214.4040655759,1.00005914569353
"log_lik_catch[432]",-0.460878076331961,0.000622273520240008,0.0683014536077008,-0.607189813957597,-0.504336352096529,-0.457212854783927,-0.413274420051814,-0.337420314416011,12047.5087834294,1.00007089691956
"log_lik_catch[433]",-1.09403429347523,0.000900597234780818,0.0991675622726939,-1.28982881324118,-1.15974160604588,-1.09376009285773,-1.0269215193907,-0.902854086637993,12124.8969678483,0.999973420565453
"log_lik_catch[434]",-2.52077923260975,0.000621172722654806,0.0589789976154683,-2.66677727544945,-2.5482568399771,-2.51174849226623,-2.48223322577049,-2.43303541671348,9015.08905954904,1.00020153938142
"log_lik_catch[435]",-0.772649739890262,0.000833838043931905,0.0928070243779075,-0.959081874473415,-0.833689901218746,-0.770166926340762,-0.708275977000028,-0.597144607924883,12387.9169391767,1.00003096996667
"log_lik_catch[436]",-0.913679371828079,0.000870653391018461,0.0976511769189543,-1.10736104776071,-0.97853484143784,-0.912577307327054,-0.847191960020443,-0.725427630638003,12579.5287518663,1.00001079675128
"log_lik_catch[437]",-0.344814637658741,0.000505505133189793,0.0552251047658833,-0.463769803185654,-0.379839746103181,-0.341353096455768,-0.305974466681239,-0.246396968568747,11934.9871791063,1.00004763472034
"log_lik_catch[438]",-5.92824220653388,0.0062639268105543,0.700312193972918,-7.43470878666226,-6.36536791702985,-5.87007490036075,-5.44071688023915,-4.71103379242153,12499.4247852876,0.999868689776215
"log_lik_catch[439]",-0.913679371828079,0.000870653391018461,0.0976511769189543,-1.10736104776071,-0.97853484143784,-0.912577307327054,-0.847191960020443,-0.725427630638003,12579.5287518663,1.00001079675128
"log_lik_catch[440]",-0.344814637658741,0.000505505133189793,0.0552251047658833,-0.463769803185654,-0.379839746103181,-0.341353096455768,-0.305974466681239,-0.246396968568747,11934.9871791063,1.00004763472034
"log_lik_catch[441]",-0.913679371828079,0.000870653391018461,0.0976511769189543,-1.10736104776071,-0.97853484143784,-0.912577307327054,-0.847191960020443,-0.725427630638003,12579.5287518663,1.00001079675128
"log_lik_catch[442]",-1.46330002836263,0.000297539421200981,0.0276103272251341,-1.52502988155131,-1.47899503799518,-1.46086971841541,-1.44471264651415,-1.41527007001131,8611.00972611418,0.999976238456212
"log_lik_catch[443]",-0.772649739890262,0.000833838043931905,0.0928070243779075,-0.959081874473415,-0.833689901218746,-0.770166926340762,-0.708275977000028,-0.597144607924883,12387.9169391767,1.00003096996667
"log_lik_catch[444]",-1.11521348875265,0.000871004114786626,0.0984210390566882,-1.30892959816513,-1.18072210425513,-1.11512491615151,-1.04972771391974,-0.922344581809602,12768.3705542335,0.999952919345341
"log_lik_catch[445]",-3.52039219795616,0.00214420989567965,0.23640834824571,-4.07191308790309,-3.65336724227591,-3.48652766642868,-3.34686636312867,-3.16119650057939,12156.0093464398,0.999979191017495
"log_lik_catch[446]",-0.589827546281987,0.000733743753305414,0.08093980049211,-0.756802215369163,-0.642463543046779,-0.586522967637714,-0.533290595567344,-0.440356128126934,12168.4545769289,1.00004326040531
"log_lik_catch[447]",-0.913679371828079,0.000870653391018461,0.0976511769189543,-1.10736104776071,-0.97853484143784,-0.912577307327054,-0.847191960020443,-0.725427630638003,12579.5287518663,1.00001079675128
"log_lik_catch[448]",-2.95517853414755,0.00217170430318503,0.241053343032307,-3.47882993948739,-3.10488833272103,-2.93526450922886,-2.7837478518986,-2.54091935341386,12320.4035697052,0.999973704407914
"log_lik_catch[449]",-0.772649739890262,0.000833838043931905,0.0928070243779075,-0.959081874473415,-0.833689901218746,-0.770166926340762,-0.708275977000028,-0.597144607924883,12387.9169391767,1.00003096996667
"log_lik_catch[450]",-1.50262444667887,0.000500985515019089,0.0521335000498944,-1.63019153041437,-1.5291916231146,-1.49333835671853,-1.46586231800465,-1.4263191030704,10828.8771557537,0.999688756448005
"log_lik_catch[451]",-3.78012660551448,0.00184151580172851,0.223098513082019,-4.30152989849638,-3.91151381550854,-3.74555017917446,-3.6183927956843,-3.44261497414547,14677.1743062303,0.999784011955078
"log_lik_catch[452]",-1.50262444667887,0.000500985515019089,0.0521335000498944,-1.63019153041437,-1.5291916231146,-1.49333835671853,-1.46586231800465,-1.4263191030704,10828.8771557537,0.999688756448005
"log_lik_catch[453]",-0.756152075550001,0.000748176419873556,0.0901648026950436,-0.944963914108669,-0.813644931492029,-0.753136957956805,-0.693530152459098,-0.591138456414543,14523.3244752916,0.999768896746525
"log_lik_catch[454]",-2.56960139447168,0.001275654684266,0.1560678359844,-2.92023300672728,-2.66733253283021,-2.55125559236056,-2.45738620450134,-2.31570976301551,14967.889241007,0.999773221641947
"log_lik_catch[455]",-0.955616298069645,0.000806810820132081,0.0973279618213628,-1.15525184908635,-1.0196422142655,-0.953341041213125,-0.888897360713226,-0.772664787270019,14552.3063820048,0.999775347310258
"log_lik_catch[456]",-0.46404103372055,0.00056437804287286,0.0673277480541002,-0.607921549913065,-0.505729358818162,-0.460414280922104,-0.416201289236626,-0.345785781347785,14231.4109261935,0.999767435008107
"log_lik_catch[457]",-0.756152075550001,0.000748176419873556,0.0901648026950436,-0.944963914108669,-0.813644931492029,-0.753136957956805,-0.693530152459098,-0.591138456414543,14523.3244752916,0.999768896746525
"log_lik_catch[458]",-0.46404103372055,0.00056437804287286,0.0673277480541002,-0.607921549913065,-0.505729358818162,-0.460414280922104,-0.416201289236626,-0.345785781347785,14231.4109261935,0.999767435008107
"log_lik_catch[459]",-0.756152075550001,0.000748176419873556,0.0901648026950436,-0.944963914108669,-0.813644931492029,-0.753136957956805,-0.693530152459098,-0.591138456414543,14523.3244752916,0.999768896746525
"log_lik_catch[460]",-1.50262444667887,0.000500985515019089,0.0521335000498944,-1.63019153041437,-1.5291916231146,-1.49333835671853,-1.46586231800465,-1.4263191030704,10828.8771557537,0.999688756448005
"log_lik_catch[461]",-3.8283865876222,0.00288205780948264,0.348812008238293,-4.57736609524976,-4.05246716878929,-3.80030146235058,-3.58317682067641,-3.21926957188521,14647.9712714997,0.999810853563291
"log_lik_catch[462]",-4.00719737200213,0.00284926512304519,0.344975226415237,-4.77613377329024,-4.22041091269316,-3.96993069809345,-3.76243836394308,-3.43351216421482,14659.1940086913,0.99980841239584
"log_lik_catch[463]",-2.56960139447168,0.001275654684266,0.1560678359844,-2.92023300672728,-2.66733253283021,-2.55125559236056,-2.45738620450134,-2.31570976301551,14967.889241007,0.999773221641947
"log_lik_catch[464]",-1.50262444667887,0.000500985515019089,0.0521335000498944,-1.63019153041437,-1.5291916231146,-1.49333835671853,-1.46586231800465,-1.4263191030704,10828.8771557537,0.999688756448005
"log_lik_catch[465]",-0.756152075550001,0.000748176419873556,0.0901648026950436,-0.944963914108669,-0.813644931492029,-0.753136957956805,-0.693530152459098,-0.591138456414543,14523.3244752916,0.999768896746525
"log_lik_catch[466]",-0.756152075550001,0.000748176419873556,0.0901648026950436,-0.944963914108669,-0.813644931492029,-0.753136957956805,-0.693530152459098,-0.591138456414543,14523.3244752916,0.999768896746525
"log_lik_catch[467]",-1.81373340181822,0.00120717647013697,0.133596232881401,-2.11229431470174,-1.89535033449191,-1.80270248870211,-1.71724449098234,-1.59015366443699,12247.4845667674,0.999729397732023
"log_lik_catch[468]",-1.64765538229019,0.000896170837859291,0.0986154808518952,-1.87158637263566,-1.70490928601003,-1.63672295054989,-1.57548471356659,-1.49244106272194,12109.0083418178,0.999712482733123
"log_lik_catch[469]",-0.955616298069645,0.000806810820132081,0.0973279618213628,-1.15525184908635,-1.0196422142655,-0.953341041213125,-0.888897360713226,-0.772664787270019,14552.3063820048,0.999775347310258
"log_lik_catch[470]",-0.756152075550001,0.000748176419873556,0.0901648026950436,-0.944963914108669,-0.813644931492029,-0.753136957956805,-0.693530152459098,-0.591138456414543,14523.3244752916,0.999768896746525
"log_lik_catch[471]",-3.94541353622953,0.00241985171590965,0.293596720494963,-4.61249797889285,-4.12282379525705,-3.90767533900859,-3.73575763579323,-3.47750642774105,14720.5789986379,0.999796805757049
"log_lik_catch[472]",-1.97672723776034,0.00146153596115132,0.160940531584549,-2.33097412864478,-2.07763208381273,-1.96667248076444,-1.86131407104345,-1.70024567242387,12125.8405073531,0.999746995484583
"log_lik_catch[473]",-1.94687789598727,0.000380312923027695,0.0355716313036217,-2.02770697926896,-1.96631507316217,-1.94392619796205,-1.92296433841517,-1.88689106604086,8748.3348672221,0.999771402671162
"log_lik_catch[474]",-0.347522385198626,0.000493634149754575,0.0562072947880683,-0.469312078376576,-0.382482974290943,-0.34312009423677,-0.307995871968708,-0.250037864282146,12965.0732186266,0.999813304991374
"log_lik_catch[475]",-1.46315284863115,0.000286292627085505,0.0275100490924237,-1.52353402224165,-1.47898368543049,-1.46132074257085,-1.44451055914943,-1.41577378680745,9233.41601505155,0.999679148924901
"log_lik_catch[476]",-0.593830375437524,0.000716786565729829,0.0823002610877368,-0.7674479755638,-0.646705594770777,-0.588765982675187,-0.536067098506749,-0.446032116281906,13183.2567992446,0.99981108293988
"log_lik_catch[477]",-0.712702752060391,0.000943003172490923,0.0971260566036889,-0.913147324752935,-0.774399371283221,-0.709711906533149,-0.646937359913806,-0.531194948625002,10608.2856416269,0.999759061609346
"log_lik_catch[478]",-1.48677768297278,0.000484861503455729,0.0467570960070914,-1.60581754684584,-1.50790035428639,-1.47777973016401,-1.45568609650951,-1.42075631761164,9299.50115400142,0.999798892994364
"log_lik_catch[479]",-0.432075394307358,0.000688290209722053,0.0709651116785618,-0.583981695642776,-0.476235129312239,-0.427717968691963,-0.383446754469289,-0.305049325574742,10630.3263317036,0.999759288014715
"log_lik_catch[480]",-0.712702752060391,0.000943003172490923,0.0971260566036889,-0.913147324752935,-0.774399371283221,-0.709711906533149,-0.646937359913806,-0.531194948625002,10608.2856416269,0.999759061609346
"log_lik_catch[481]",-4.73222334107187,0.00521334564221087,0.541074335175464,-5.90781844123631,-5.06083879735544,-4.68645286932337,-4.3557701921415,-3.7848248288242,10771.6151931037,0.999723794921933
"log_lik_catch[482]",-1.75637847946825,0.00131576022285445,0.133890268884402,-2.0585189845938,-1.83404397740467,-1.74338883303993,-1.66157575276641,-1.53565331083362,10354.8669146047,0.999859412028626
"log_lik_catch[483]",-1.51776350885543,0.000559175384454341,0.0565479317665771,-1.65338916940978,-1.54788051331211,-1.50830725619116,-1.47796102031476,-1.43407120085136,10226.7434323844,0.999740930742746
"log_lik_catch[484]",-1.0524758626049,0.00107831730762516,0.10838103938596,-1.2695790555465,-1.12194043424608,-1.05194827497101,-0.980379922324571,-0.841262245649629,10102.1420585071,0.999738986012401
"log_lik_catch[485]",-0.692862864361369,0.000876263034254238,0.102342436812912,-0.903950803189721,-0.759761869074655,-0.688382980858467,-0.62324312530263,-0.503026908321841,13640.8842839753,0.999765028896894
"log_lik_catch[486]",-1.03002246532579,0.00097230659035222,0.113972322141247,-1.25355994181564,-1.1077201547945,-1.02915186159498,-0.953706010908481,-0.807246749134283,13740.1772437787,0.999727771102296
"log_lik_catch[487]",-1.48272633319084,0.000504053321274751,0.0473232233027713,-1.60477177606013,-1.50216159434478,-1.4729471730128,-1.45191831448306,-1.41792486483377,8814.45924868529,0.999950437582251
"log_lik_catch[488]",-1.47688416879539,0.0003994832733224,0.0378859481187476,-1.57090040871061,-1.4945187385734,-1.47101282487541,-1.45192064915937,-1.41991610798422,8994.12917847803,0.999786394363509
"log_lik_catch[489]",-1.97308406485411,0.000640200483147788,0.0602921461055624,-2.13124623147394,-1.99729017541632,-1.96033500515937,-1.93320501305452,-1.89138613746356,8869.30297590021,0.999925725467333
"log_lik_catch[490]",-1.10592989814179,0.000969975246607613,0.113324260776462,-1.32710715700221,-1.18299572110103,-1.10568655437168,-1.03034784341948,-0.882333769276392,13649.7433887011,0.999715140103525
"log_lik_catch[491]",-0.692862864361369,0.000876263034254238,0.102342436812912,-0.903950803189721,-0.759761869074655,-0.688382980858467,-0.62324312530263,-0.503026908321841,13640.8842839753,0.999765028896894
"log_lik_catch[492]",-1.47688416879539,0.0003994832733224,0.0378859481187476,-1.57090040871061,-1.4945187385734,-1.47101282487541,-1.45192064915937,-1.41991610798422,8994.12917847803,0.999786394363509
"log_lik_catch[493]",-0.29933917652585,0.000496659768402991,0.0573319344033539,-0.424849910366598,-0.334415185739298,-0.29428836812546,-0.259663376982804,-0.199860479442702,13325.2457503862,0.99978138867621
"log_lik_catch[494]",-4.13240041266357,0.0041155362962823,0.468113475520051,-5.14137575989273,-4.42430566072137,-4.10506484125873,-3.80487922754974,-3.30293467214168,12937.4717388661,0.999709665394892
"log_lik_catch[495]",-3.00870590642177,0.00235302718183831,0.262987121395665,-3.61398275749595,-3.15721271795045,-2.97844888025741,-2.81859922950212,-2.60082768594113,12491.5138715117,0.999720288964552
"log_lik_catch[496]",-0.521418055154996,0.000747629369364458,0.0868964840150489,-0.705158836199623,-0.576778457611264,-0.515840883429422,-0.461807566580154,-0.36450304107554,13509.2644047919,0.999774290267872
"log_lik_catch[497]",-1.47688416879539,0.0003994832733224,0.0378859481187476,-1.57090040871061,-1.4945187385734,-1.47101282487541,-1.45192064915937,-1.41991610798422,8994.12917847803,0.999786394363509
"log_lik_catch[498]",-0.29933917652585,0.000496659768402991,0.0573319344033539,-0.424849910366598,-0.334415185739298,-0.29428836812546,-0.259663376982804,-0.199860479442702,13325.2457503862,0.99978138867621
"log_lik_catch[499]",-2.65526832692409,0.00137358450647975,0.145525264636015,-3.01599600467292,-2.72633062806325,-2.62611144874156,-2.54992340157617,-2.46550465390435,11224.4747789236,0.999758104267337
"log_lik_catch[500]",-0.521418055154996,0.000747629369364458,0.0868964840150489,-0.705158836199623,-0.576778457611264,-0.515840883429422,-0.461807566580154,-0.36450304107554,13509.2644047919,0.999774290267872
"log_lik_catch[501]",-0.521418055154996,0.000747629369364458,0.0868964840150489,-0.705158836199623,-0.576778457611264,-0.515840883429422,-0.461807566580154,-0.36450304107554,13509.2644047919,0.999774290267872
"log_lik_catch[502]",-0.29933917652585,0.000496659768402991,0.0573319344033539,-0.424849910366598,-0.334415185739298,-0.29428836812546,-0.259663376982804,-0.199860479442702,13325.2457503862,0.99978138867621
"log_lik_catch[503]",-0.521418055154996,0.000747629369364458,0.0868964840150489,-0.705158836199623,-0.576778457611264,-0.515840883429422,-0.461807566580154,-0.36450304107554,13509.2644047919,0.999774290267872
"log_lik_catch[504]",-1.73320924938968,0.00132096996941007,0.141190639868113,-2.05875533183559,-1.81526568343225,-1.71409516273756,-1.63333648922522,-1.50859240377882,11424.2033176915,0.999911671155549
"log_lik_catch[505]",-1.63765823721479,0.00108245762344182,0.114904852087904,-1.90893237734553,-1.70137372112087,-1.61931220839718,-1.55574912331834,-1.46494674200367,11268.209926195,0.999904224320007
"log_lik_catch[506]",-0.406311427806189,0.00062250241576313,0.0715826112012597,-0.559906550513702,-0.450812301085953,-0.401578270701556,-0.357602141163427,-0.27709704673775,13223.0911274665,1.0000329810161
"log_lik_catch[507]",-0.676898540560176,0.000859015534169925,0.0996734275556906,-0.883174929053486,-0.740955202710544,-0.673403288482864,-0.610163514757119,-0.489908948416555,13463.462060361,1.00002173971941
"log_lik_catch[508]",-0.406311427806189,0.00062250241576313,0.0715826112012597,-0.559906550513702,-0.450812301085953,-0.401578270701556,-0.357602141163427,-0.27709704673775,13223.0911274665,1.0000329810161
"log_lik_catch[509]",-0.406311427806189,0.00062250241576313,0.0715826112012597,-0.559906550513702,-0.450812301085953,-0.401578270701556,-0.357602141163427,-0.27709704673775,13223.0911274665,1.0000329810161
"log_lik_catch[510]",-0.676898540560176,0.000859015534169925,0.0996734275556906,-0.883174929053486,-0.740955202710544,-0.673403288482864,-0.610163514757119,-0.489908948416555,13463.462060361,1.00002173971941
"log_lik_catch[511]",-1.54023020508432,0.000639465765257277,0.0680716178279707,-1.70245478284982,-1.57546660321718,-1.52870108869674,-1.49112441766868,-1.44212769399858,11331.7646782496,0.999933120575523
"log_lik_catch[512]",-2.5648761024163,0.00103226587041606,0.0979919553511311,-2.82068182512326,-2.60123778685355,-2.54191048355039,-2.50091625860815,-2.44236677164105,9011.51293294285,0.999999340882853
"log_lik_catch[513]",-1.47748640714391,0.000463248567493296,0.0416878815670017,-1.58173554001418,-1.49638815188336,-1.46996363143617,-1.44988568896295,-1.41715562836221,8098.25564960504,1.00015188005674
"log_lik_catch[514]",-2.06785344146479,0.00102689626962891,0.108038367033461,-2.33349262042374,-2.12113113292818,-2.04754514955954,-1.990833858373,-1.92024981465944,11068.8593823539,0.999991650825384
"log_lik_catch[515]",-0.676898540560176,0.000859015534169925,0.0996734275556906,-0.883174929053486,-0.740955202710544,-0.673403288482864,-0.610163514757119,-0.489908948416555,13463.462060361,1.00002173971941
"log_lik_catch[516]",-0.676898540560176,0.000859015534169925,0.0996734275556906,-0.883174929053486,-0.740955202710544,-0.673403288482864,-0.610163514757119,-0.489908948416555,13463.462060361,1.00002173971941
"log_lik_catch[517]",-0.676898540560176,0.000859015534169925,0.0996734275556906,-0.883174929053486,-0.740955202710544,-0.673403288482864,-0.610163514757119,-0.489908948416555,13463.462060361,1.00002173971941
"log_lik_catch[518]",-0.676898540560176,0.000859015534169925,0.0996734275556906,-0.883174929053486,-0.740955202710544,-0.673403288482864,-0.610163514757119,-0.489908948416555,13463.462060361,1.00002173971941
"log_lik_catch[519]",-0.676898540560176,0.000859015534169925,0.0996734275556906,-0.883174929053486,-0.740955202710544,-0.673403288482864,-0.610163514757119,-0.489908948416555,13463.462060361,1.00002173971941
"log_lik_catch[520]",-2.27218896475524,0.000640811454892029,0.0485399749611723,-2.38721399272384,-2.29496485461574,-2.26588935483327,-2.24075609784515,-2.19821826445193,5737.70959170514,0.999964246523962
"log_lik_catch[521]",-0.869564813953702,0.000950679284676153,0.110259710436526,-1.09026346379067,-0.94203725469637,-0.868149008062184,-0.796743734040421,-0.657442070074333,13451.3425883947,0.9999911883763
"log_lik_catch[522]",-0.696952648876926,0.000922358306853524,0.102330930798472,-0.904484121980239,-0.762884843459111,-0.694266433516812,-0.627938793977346,-0.50211093276335,12308.7661883442,0.999961560600281
"log_lik_catch[523]",-1.97491840746217,0.000666077392606616,0.0605003939292274,-2.12868412461486,-2.00158362728042,-1.96222954148215,-1.93479916327218,-1.89224542521678,8250.24827356188,1.0000684599052
"log_lik_catch[524]",-1.73861863131911,0.00136183245632059,0.141878914926469,-2.06029708424642,-1.82291899497597,-1.72193010937122,-1.63706517119199,-1.50788780321761,10853.9634776221,1.00015602275275
"log_lik_catch[525]",-2.28768396760586,0.00160753731347962,0.173977280094558,-2.68953499090876,-2.38575350670433,-2.26678845587529,-2.16326213605092,-2.01140204589381,11712.8599135131,0.99990639599347
"log_lik_catch[526]",-4.11360283265086,0.00430438912754428,0.467454718133849,-5.13276489046762,-4.39673433677205,-4.07960722761884,-3.79053977869295,-3.31539290194906,11793.8620511798,0.999861222419277
"log_lik_catch[527]",-0.833285749908935,0.000983975663122238,0.109933147770182,-1.05305882917996,-0.90545783779907,-0.831699924277144,-0.759800669924107,-0.619048916715464,12482.1274564326,0.999943349009742
"log_lik_catch[528]",-0.729048432207423,0.00104450958763175,0.102230795380079,-0.943775824798939,-0.795044143351162,-0.72517932784622,-0.657979476116984,-0.53992157648738,9579.4068329031,0.999742144189709
"log_lik_catch[529]",-0.444418727763127,0.000776522680490871,0.0757357719555687,-0.609541622776234,-0.49215234912514,-0.439619656182403,-0.391687155881727,-0.310471523434196,9512.48144867022,0.999735170259719
"log_lik_catch[530]",-0.729048432207423,0.00104450958763175,0.102230795380079,-0.943775824798939,-0.795044143351162,-0.72517932784622,-0.657979476116984,-0.53992157648738,9579.4068329031,0.999742144189709
"log_lik_catch[531]",-1.49442348206574,0.000582943068666945,0.0535216217036006,-1.62885645109984,-1.51902161273093,-1.48314364584075,-1.45797802170198,-1.42233208411882,8429.5859374142,0.999690133604443
"log_lik_catch[532]",-2.47025687682685,0.00210431583212472,0.202184355790005,-2.90846842395687,-2.59385688302095,-2.45469742620054,-2.32599326711769,-2.12018273967848,9231.52078492272,0.999798876739624
"log_lik_catch[533]",-2.62783559365334,0.00209164600346611,0.198208202530814,-3.07730230906229,-2.74142174957918,-2.60373580697301,-2.48430120336257,-2.31639208919633,8979.80438237851,0.999835110540117
"log_lik_catch[534]",-1.49442348206574,0.000582943068666945,0.0535216217036006,-1.62885645109984,-1.51902161273093,-1.48314364584075,-1.45797802170198,-1.42233208411882,8429.5859374142,0.999690133604443
"log_lik_catch[535]",-0.444418727763127,0.000776522680490871,0.0757357719555687,-0.609541622776234,-0.49215234912514,-0.439619656182403,-0.391687155881727,-0.310471523434196,9512.48144867022,0.999735170259719
"log_lik_catch[536]",-0.729048432207423,0.00104450958763175,0.102230795380079,-0.943775824798939,-0.795044143351162,-0.72517932784622,-0.657979476116984,-0.53992157648738,9579.4068329031,0.999742144189709
"log_lik_catch[537]",-0.444418727763127,0.000776522680490871,0.0757357719555687,-0.609541622776234,-0.49215234912514,-0.439619656182403,-0.391687155881727,-0.310471523434196,9512.48144867022,0.999735170259719
"log_lik_catch[538]",-0.729048432207423,0.00104450958763175,0.102230795380079,-0.943775824798939,-0.795044143351162,-0.72517932784622,-0.657979476116984,-0.53992157648738,9579.4068329031,0.999742144189709
"log_lik_catch[539]",-1.49442348206574,0.000582943068666945,0.0535216217036006,-1.62885645109984,-1.51902161273093,-1.48314364584075,-1.45797802170198,-1.42233208411882,8429.5859374142,0.999690133604443
"log_lik_catch[540]",-2.62783559365334,0.00209164600346611,0.198208202530814,-3.07730230906229,-2.74142174957918,-2.60373580697301,-2.48430120336257,-2.31639208919633,8979.80438237851,0.999835110540117
"log_lik_catch[541]",-0.570337818795823,0.000937426458524625,0.0917938978409424,-0.764709832460236,-0.627775982701709,-0.565327573150708,-0.507259749557461,-0.405256754979031,9588.55600072904,0.999722349938219
"log_lik_catch[542]",-1.9542630140289,0.000545349529577135,0.0435160214622897,-2.05978347067256,-1.97410104999301,-1.94838470708727,-1.92588072542107,-1.88811255844114,6367.19981194431,1.00015828337428
"log_lik_catch[543]",-0.570337818795823,0.000937426458524625,0.0917938978409424,-0.764709832460236,-0.627775982701709,-0.565327573150708,-0.507259749557461,-0.405256754979031,9588.55600072904,0.999722349938219
"log_lik_catch[544]",-2.3944368282905,0.00137402717915491,0.124979661230131,-2.70003038028558,-2.4581155553664,-2.36865879885032,-2.30425703441647,-2.22746777515688,8273.4765329094,0.99984653680911
"log_lik_catch[545]",-1.85342156401944,0.0010066249483462,0.10331180479999,-2.07733435961862,-1.91888484879396,-1.84616890903459,-1.77980366354155,-1.66946241900102,10533.301547715,0.999993471181631
"log_lik_catch[546]",-0.786762126270327,0.00060241246071837,0.0647146966866446,-0.917231495761127,-0.830192030190658,-0.785517526392524,-0.741315980989672,-0.665304681478101,11540.3225366526,0.999852200832377
"log_lik_catch[547]",-3.1772936557378,0.00121853826690088,0.132989317683118,-3.47021082052821,-3.26158809277507,-3.16402795254931,-3.08190054727413,-2.95477784517272,11911.1905148425,0.999961727631748
"log_lik_catch[548]",-0.786762126270327,0.00060241246071837,0.0647146966866446,-0.917231495761127,-0.830192030190658,-0.785517526392524,-0.741315980989672,-0.665304681478101,11540.3225366526,0.999852200832377
"log_lik_catch[549]",-3.08685727147289,0.00147640776892177,0.161883225255514,-3.43043274346599,-3.19211599582187,-3.07360925735305,-2.97264201975658,-2.80364821058386,12022.3966729549,0.999913078188224
"log_lik_catch[550]",-4.59541565906779,0.00282893122165454,0.307983728379693,-5.2534389694488,-4.79175543065337,-4.5704255726521,-4.37967200949595,-4.05745779446988,11852.5219063558,0.999890650781927
"log_lik_catch[551]",-1.51309177828013,0.000419169600428069,0.043706380730461,-1.61221936671607,-1.53911081027652,-1.5092134188801,-1.48225936904747,-1.4386405495344,10872.0172285175,0.999812218892189
"log_lik_catch[552]",-0.786762126270327,0.00060241246071837,0.0647146966866446,-0.917231495761127,-0.830192030190658,-0.785517526392524,-0.741315980989672,-0.665304681478101,11540.3225366526,0.999852200832377
"log_lik_catch[553]",-1.85342156401944,0.0010066249483462,0.10331180479999,-2.07733435961862,-1.91888484879396,-1.84616890903459,-1.77980366354155,-1.66946241900102,10533.301547715,0.999993471181631
"log_lik_catch[554]",-0.4863213962094,0.000446124103111917,0.0481474905471492,-0.584909967712723,-0.518241688094286,-0.484923687680936,-0.452172480474066,-0.397100997225147,11647.5863131835,0.999864698856081
"log_lik_catch[555]",-2.50719372312595,0.000914156912789804,0.0993392532535688,-2.72480169526645,-2.57028544388417,-2.49853318173273,-2.43653656380817,-2.33773816372723,11808.6509789012,0.999969600607621
"log_lik_catch[556]",-0.786762126270327,0.00060241246071837,0.0647146966866446,-0.917231495761127,-0.830192030190658,-0.785517526392524,-0.741315980989672,-0.665304681478101,11540.3225366526,0.999852200832377
"log_lik_catch[557]",-1.51309177828013,0.000419169600428069,0.043706380730461,-1.61221936671607,-1.53911081027652,-1.5092134188801,-1.48225936904747,-1.4386405495344,10872.0172285175,0.999812218892189
"log_lik_catch[558]",-1.97020206563067,0.000402059121358932,0.0413904902275679,-2.06328312552487,-1.99446604534588,-1.96670773494688,-1.94162219066846,-1.89938646987854,10597.9362296977,1.00011461446425
"log_lik_catch[559]",-0.988781584604064,0.000668722429376443,0.0708842450824462,-1.13143771837322,-1.03655658054038,-0.987261725335503,-0.939467147539354,-0.855164220324622,11235.8946120236,0.999823470909736
"log_lik_catch[560]",-2.50719372312595,0.000914156912789804,0.0993392532535688,-2.72480169526645,-2.57028544388417,-2.49853318173273,-2.43653656380817,-2.33773816372723,11808.6509789012,0.999969600607621
"log_lik_catch[561]",-2.01442272247568,0.000507560397767995,0.05400371561314,-2.13470520538823,-2.0468090605257,-2.00934097501635,-1.97633489361527,-1.92377364282382,11320.6620296295,0.999825327861959
"log_lik_catch[562]",-4.31750951446998,0.0026991061456235,0.29332825303062,-4.92755757885269,-4.50837450244421,-4.29885662520074,-4.11440623369667,-3.79255176173426,11810.48856199,0.999888719036664
"log_lik_catch[563]",-0.786762126270327,0.00060241246071837,0.0647146966866446,-0.917231495761127,-0.830192030190658,-0.785517526392524,-0.741315980989672,-0.665304681478101,11540.3225366526,0.999852200832377
"log_lik_catch[564]",-4.72635864476908,0.00286854227480055,0.312420401527284,-5.40014670995744,-4.92373947247477,-4.69934413387219,-4.50736673862926,-4.18466378222508,11861.9547553245,0.999890942903251
"log_lik_catch[565]",-2.68732306867003,0.0008819574269446,0.0950712577054487,-2.9002178084192,-2.74603739415863,-2.67780235770132,-2.61933822200364,-2.52776177986828,11619.9225935801,1.00001146788184
"log_lik_catch[566]",-2.34839987798056,0.00098460568009014,0.107567391589656,-2.57462643353237,-2.41939626047537,-2.34140707764528,-2.27239556884501,-2.15785668853828,11935.3896367015,0.999919364008527
"log_lik_catch[567]",-0.786762126270327,0.00060241246071837,0.0647146966866446,-0.917231495761127,-0.830192030190658,-0.785517526392524,-0.741315980989672,-0.665304681478101,11540.3225366526,0.999852200832377
"log_lik_catch[568]",-0.786762126270327,0.00060241246071837,0.0647146966866446,-0.917231495761127,-0.830192030190658,-0.785517526392524,-0.741315980989672,-0.665304681478101,11540.3225366526,0.999852200832377
"log_lik_catch[569]",-0.4863213962094,0.000446124103111917,0.0481474905471492,-0.584909967712723,-0.518241688094286,-0.484923687680936,-0.452172480474066,-0.397100997225147,11647.5863131835,0.999864698856081
"log_lik_catch[570]",-2.8489971834916,0.000865157330855462,0.0925415579353637,-3.05929773552272,-2.90566372706068,-2.83947938660956,-2.78337781117879,-2.69405750806171,11441.5122240839,1.00004494347728
"log_lik_catch[571]",-0.4863213962094,0.000446124103111917,0.0481474905471492,-0.584909967712723,-0.518241688094286,-0.484923687680936,-0.452172480474066,-0.397100997225147,11647.5863131835,0.999864698856081
"log_lik_catch[572]",-0.786762126270327,0.00060241246071837,0.0647146966866446,-0.917231495761127,-0.830192030190658,-0.785517526392524,-0.741315980989672,-0.665304681478101,11540.3225366526,0.999852200832377
"log_lik_catch[573]",-2.68732306867003,0.0008819574269446,0.0950712577054487,-2.9002178084192,-2.74603739415863,-2.67780235770132,-2.61933822200364,-2.52776177986828,11619.9225935801,1.00001146788184
"log_lik_catch[574]",-0.786762126270327,0.00060241246071837,0.0647146966866446,-0.917231495761127,-0.830192030190658,-0.785517526392524,-0.741315980989672,-0.665304681478101,11540.3225366526,0.999852200832377
"log_lik_catch[575]",-0.786762126270327,0.00060241246071837,0.0647146966866446,-0.917231495761127,-0.830192030190658,-0.785517526392524,-0.741315980989672,-0.665304681478101,11540.3225366526,0.999852200832377
"log_lik_catch[576]",-4.31750951446998,0.0026991061456235,0.29332825303062,-4.92755757885269,-4.50837450244421,-4.29885662520074,-4.11440623369667,-3.79255176173426,11810.48856199,0.999888719036664
"log_lik_catch[577]",-2.53885967052931,0.00054845668601408,0.0553577397177882,-2.66439717510089,-2.57081492086487,-2.53374077509496,-2.50045707805728,-2.44480321337794,10187.6033701996,1.00023074451362
"log_lik_catch[578]",-0.786762126270327,0.00060241246071837,0.0647146966866446,-0.917231495761127,-0.830192030190658,-0.785517526392524,-0.741315980989672,-0.665304681478101,11540.3225366526,0.999852200832377
"log_lik_catch[579]",-2.01442272247568,0.000507560397767995,0.05400371561314,-2.13470520538823,-2.0468090605257,-2.00934097501635,-1.97633489361527,-1.92377364282382,11320.6620296295,0.999825327861959
"log_lik_catch[580]",-0.4863213962094,0.000446124103111917,0.0481474905471492,-0.584909967712723,-0.518241688094286,-0.484923687680936,-0.452172480474066,-0.397100997225147,11647.5863131835,0.999864698856081
"log_lik_catch[581]",-1.51309177828013,0.000419169600428069,0.043706380730461,-1.61221936671607,-1.53911081027652,-1.5092134188801,-1.48225936904747,-1.4386405495344,10872.0172285175,0.999812218892189
"log_lik_catch[582]",-1.13214674874444,0.000710454096414576,0.0737040865977474,-1.28138093906187,-1.18164206976907,-1.13090177124094,-1.08104905979999,-0.993476467444252,10762.4486274531,0.999791695831287
"log_lik_catch[583]",-2.25530525107667,0.000349929196404451,0.0327807809840652,-2.32134268642735,-2.27697966074151,-2.25476050707901,-2.23243559756034,-2.19299967556047,8775.62857282469,1.00027518490461
"log_lik_catch[584]",-0.786762126270327,0.00060241246071837,0.0647146966866446,-0.917231495761127,-0.830192030190658,-0.785517526392524,-0.741315980989672,-0.665304681478101,11540.3225366526,0.999852200832377
"log_lik_catch[585]",-3.69310391332948,0.00207238088485333,0.226649344903559,-4.16520011853832,-3.84061243311182,-3.67740220708795,-3.53478413129055,-3.2880366770713,11961.0630770826,0.999893279740295
"log_lik_catch[586]",-1.51309177828013,0.000419169600428069,0.043706380730461,-1.61221936671607,-1.53911081027652,-1.5092134188801,-1.48225936904747,-1.4386405495344,10872.0172285175,0.999812218892189
"log_lik_catch[587]",-4.22968342590496,0.00240254065874716,0.262737286082438,-4.7899982903855,-4.39662491196734,-4.20686847907225,-4.04469813156385,-3.77299690490838,11959.1944424563,0.999893647487766
"log_lik_catch[588]",-1.94522292100627,0.000319269638273366,0.0319065286971955,-2.01271037997857,-1.96497061924667,-1.943606124106,-1.92337623933571,-1.88738358543465,9987.2029232655,0.999932167565828
"log_lik_catch[589]",-0.988781584604064,0.000668722429376443,0.0708842450824462,-1.13143771837322,-1.03655658054038,-0.987261725335503,-0.939467147539354,-0.855164220324622,11235.8946120236,0.999823470909736
"log_lik_catch[590]",-1.51309177828013,0.000419169600428069,0.043706380730461,-1.61221936671607,-1.53911081027652,-1.5092134188801,-1.48225936904747,-1.4386405495344,10872.0172285175,0.999812218892189
"log_lik_catch[591]",-0.786762126270327,0.00060241246071837,0.0647146966866446,-0.917231495761127,-0.830192030190658,-0.785517526392524,-0.741315980989672,-0.665304681478101,11540.3225366526,0.999852200832377
"log_lik_catch[592]",-2.02518470483911,0.00123725609962125,0.124915760613363,-2.29307112288041,-2.10453990839297,-2.01723978887878,-1.93710900766996,-1.80167578161222,10193.3108019807,1.00004962920288
"log_lik_catch[593]",-1.97020206563067,0.000402059121358932,0.0413904902275679,-2.06328312552487,-1.99446604534588,-1.96670773494688,-1.94162219066846,-1.89938646987854,10597.9362296977,1.00011461446425
"log_lik_catch[594]",-0.786762126270327,0.00060241246071837,0.0647146966866446,-0.917231495761127,-0.830192030190658,-0.785517526392524,-0.741315980989672,-0.665304681478101,11540.3225366526,0.999852200832377
"log_lik_catch[595]",-1.97020206563067,0.000402059121358932,0.0413904902275679,-2.06328312552487,-1.99446604534588,-1.96670773494688,-1.94162219066846,-1.89938646987854,10597.9362296977,1.00011461446425
"log_lik_catch[596]",-1.97020206563067,0.000402059121358932,0.0413904902275679,-2.06328312552487,-1.99446604534588,-1.96670773494688,-1.94162219066846,-1.89938646987854,10597.9362296977,1.00011461446425
"log_lik_catch[597]",-0.4863213962094,0.000446124103111917,0.0481474905471492,-0.584909967712723,-0.518241688094286,-0.484923687680936,-0.452172480474066,-0.397100997225147,11647.5863131835,0.999864698856081
"log_lik_catch[598]",-0.988781584604064,0.000668722429376443,0.0708842450824462,-1.13143771837322,-1.03655658054038,-0.987261725335503,-0.939467147539354,-0.855164220324622,11235.8946120236,0.999823470909736
"log_lik_catch[599]",-0.4863213962094,0.000446124103111917,0.0481474905471492,-0.584909967712723,-0.518241688094286,-0.484923687680936,-0.452172480474066,-0.397100997225147,11647.5863131835,0.999864698856081
"log_lik_catch[600]",-1.51309177828013,0.000419169600428069,0.043706380730461,-1.61221936671607,-1.53911081027652,-1.5092134188801,-1.48225936904747,-1.4386405495344,10872.0172285175,0.999812218892189
"log_lik_catch[601]",-1.85342156401944,0.0010066249483462,0.10331180479999,-2.07733435961862,-1.91888484879396,-1.84616890903459,-1.77980366354155,-1.66946241900102,10533.301547715,0.999993471181631
"log_lik_catch[602]",-2.01442272247568,0.000507560397767995,0.05400371561314,-2.13470520538823,-2.0468090605257,-2.00934097501635,-1.97633489361527,-1.92377364282382,11320.6620296295,0.999825327861959
"log_lik_catch[603]",-1.45874132100159,0.000246178786674263,0.024812392731512,-1.51121004846775,-1.47437861404405,-1.45746319837877,-1.44185241795373,-1.41305818923523,10158.6509763479,0.99973227747851
"log_lik_catch[604]",-3.63580897299586,0.00226297592492203,0.240656823513249,-4.13857533783233,-3.79464286659384,-3.62371546384895,-3.46509988898442,-3.19628454703753,11309.320001634,0.999818487586533
"log_lik_catch[605]",-2.32111520719338,0.000629215626591214,0.0620552449698888,-2.4628451632041,-2.35713790665658,-2.31339681436846,-2.27726923684021,-2.21990643503638,9726.53131035636,1.000101588226
"log_lik_catch[606]",-1.06346597179319,0.000724843520235375,0.0752396538852533,-1.21469846784629,-1.11294890767748,-1.06247024129308,-1.01207415541263,-0.918535283677672,10774.6967607387,0.999756583057989
"log_lik_catch[607]",-0.620369352246229,0.000579733035903672,0.0604839043622477,-0.744760982461441,-0.659822442526234,-0.618796425805609,-0.578236909797383,-0.508410366437455,10884.8772948804,0.999773884785054
"log_lik_catch[608]",-0.620369352246229,0.000579733035903672,0.0604839043622477,-0.744760982461441,-0.659822442526234,-0.618796425805609,-0.578236909797383,-0.508410366437455,10884.8772948804,0.999773884785054
"log_lik_catch[609]",-1.6394700424661,0.00077364948970791,0.0773058518521306,-1.81244306587954,-1.68685391531993,-1.63223242702888,-1.58429037056702,-1.50912801509013,9984.72834324778,0.999773982270213
"log_lik_catch[610]",-0.365126236306679,0.000397044263921261,0.0414439087908591,-0.452272903417724,-0.391837609972233,-0.363422112176842,-0.335896090758501,-0.28947088793749,10895.4097120912,0.999768533957462
"log_lik_catch[611]",-2.11695232795263,0.000787469886493495,0.0810937522148631,-2.29431467707361,-2.1682435462621,-2.10903025608791,-2.05873082923824,-1.97890208864469,10604.9074187558,0.999910785868918
"log_lik_catch[612]",-0.620369352246229,0.000579733035903672,0.0604839043622477,-0.744760982461441,-0.659822442526234,-0.618796425805609,-0.578236909797383,-0.508410366437455,10884.8772948804,0.999773884785054
"log_lik_catch[613]",-0.365126236306679,0.000397044263921261,0.0414439087908591,-0.452272903417724,-0.391837609972233,-0.363422112176842,-0.335896090758501,-0.28947088793749,10895.4097120912,0.999768533957462
"log_lik_catch[614]",-0.951416012769238,0.000705085304641167,0.0734411494459376,-1.09883392528256,-0.999403149346973,-0.951021306283214,-0.900726514102099,-0.81221970789773,10849.1472712751,0.999766759608056
"log_lik_catch[615]",-2.4982174094906,0.000396898849243356,0.0373172609270698,-2.57336042351592,-2.52204195473542,-2.49693311812827,-2.47260024216414,-2.42796185133112,8840.15416726064,1.00037363253324
"log_lik_catch[616]",-1.45874132100159,0.000246178786674263,0.024812392731512,-1.51121004846775,-1.47437861404405,-1.45746319837877,-1.44185241795373,-1.41305818923523,10158.6509763479,0.99973227747851
"log_lik_catch[617]",-0.951416012769238,0.000705085304641167,0.0734411494459376,-1.09883392528256,-0.999403149346973,-0.951021306283214,-0.900726514102099,-0.81221970789773,10849.1472712751,0.999766759608056
"log_lik_catch[618]",-0.620369352246229,0.000579733035903672,0.0604839043622477,-0.744760982461441,-0.659822442526234,-0.618796425805609,-0.578236909797383,-0.508410366437455,10884.8772948804,0.999773884785054
"log_lik_catch[619]",-1.94035193975737,0.000304404299309408,0.0299923899535542,-2.00250067972967,-1.95909449887996,-1.93904414856322,-1.91970173461804,-1.88473929670997,9707.79471792988,1.00009847055848
"log_lik_catch[620]",-1.94035193975737,0.000304404299309408,0.0299923899535542,-2.00250067972967,-1.95909449887996,-1.93904414856322,-1.91970173461804,-1.88473929670997,9707.79471792988,1.00009847055848
"log_lik_catch[621]",-0.808227864376215,0.000665396660521763,0.069393651772265,-0.949396179961635,-0.85400876952382,-0.80743098574579,-0.760168859117957,-0.677897287900713,10876.2266928728,0.999773320019386
"log_lik_catch[622]",-0.365126236306679,0.000397044263921261,0.0414439087908591,-0.452272903417724,-0.391837609972233,-0.363422112176842,-0.335896090758501,-0.28947088793749,10895.4097120912,0.999768533957462
"log_lik_catch[623]",-0.365126236306679,0.000397044263921261,0.0414439087908591,-0.452272903417724,-0.391837609972233,-0.363422112176842,-0.335896090758501,-0.28947088793749,10895.4097120912,0.999768533957462
"log_lik_catch[624]",-0.620369352246229,0.000579733035903672,0.0604839043622477,-0.744760982461441,-0.659822442526234,-0.618796425805609,-0.578236909797383,-0.508410366437455,10884.8772948804,0.999773884785054
"log_lik_catch[625]",-0.742944102162628,0.000869321542810822,0.0905006232567575,-0.926943160673348,-0.801145509066936,-0.741751584872526,-0.682263384010156,-0.568683986997465,10837.828042349,1.00020863820766
"log_lik_catch[626]",-1.49678700656533,0.000498709958567734,0.0488262686935134,-1.61401425005056,-1.52234409012405,-1.48830984284918,-1.46233505890684,-1.42449721216964,9585.41658783445,1.00020707531151
"log_lik_catch[627]",-0.454152354279205,0.000644998888167135,0.0669363731545309,-0.59466828833774,-0.496468476790923,-0.451755378728786,-0.40815920327487,-0.329436926946311,10769.769840194,1.00023565210654
"log_lik_catch[628]",-1.27611937855569,0.000986522566198835,0.098705123064433,-1.47217114352403,-1.33974493805034,-1.27642364895941,-1.21099180154818,-1.0841822293958,10010.7206082409,0.999972004366451
"log_lik_catch[629]",-1.49678700656533,0.000498709958567734,0.0488262686935134,-1.61401425005056,-1.52234409012405,-1.48830984284918,-1.46233505890684,-1.42449721216964,9585.41658783445,1.00020707531151
"log_lik_catch[630]",-2.17158598282092,0.00116560669731274,0.11843528529405,-2.43661217237121,-2.24270777295201,-2.15873610927873,-2.08711886233212,-1.97449782556628,10324.2414528749,1.00033423124235
"log_lik_catch[631]",-0.454152354279205,0.000644998888167135,0.0669363731545309,-0.59466828833774,-0.496468476790923,-0.451755378728786,-0.40815920327487,-0.329436926946311,10769.769840194,1.00023565210654
"log_lik_catch[632]",-2.37851811855281,0.00216442790756954,0.215087539903152,-2.8276043709208,-2.51665696644575,-2.36745821465108,-2.22796227516757,-1.99156830722553,9875.16258543417,1.00047336447542
"log_lik_catch[633]",-1.49678700656533,0.000498709958567734,0.0488262686935134,-1.61401425005056,-1.52234409012405,-1.48830984284918,-1.46233505890684,-1.42449721216964,9585.41658783445,1.00020707531151
"log_lik_catch[634]",-2.95469138432114,0.00114751284244736,0.112907871525793,-3.2435613035206,-3.00700466741764,-2.9308541673005,-2.87588622356535,-2.80308148637539,9681.29227419815,1.00018718053869
"log_lik_catch[635]",-1.94649657161373,0.00039575124370148,0.0351273274812736,-2.02578974143487,-1.96613327240456,-1.9432272758992,-1.92276885476624,-1.88680472855415,7878.53815017329,0.999963777235116
"log_lik_catch[636]",-1.4629871386035,0.000299862111231898,0.0271917229665237,-1.52187918932412,-1.47932601312988,-1.46088670442738,-1.44451444157219,-1.41554555632672,8222.99952340385,0.999812882220924
"log_lik_catch[637]",-0.581958605156153,0.000750112852839555,0.0795018396534161,-0.747707543246872,-0.633864076231346,-0.579541532774195,-0.528081682802939,-0.432942331780246,11233.1392492849,1.00009186453549
"log_lik_catch[638]",-2.37133110665793,0.000996997612712411,0.101607105823405,-2.62172802625456,-2.42328492390725,-2.35183822865161,-2.29832415724167,-2.22814034110074,10386.2775840484,1.00015588209501
"log_lik_catch[639]",-1.60221524487737,0.000888758477839822,0.0887871863132441,-1.80705006756393,-1.65436141144641,-1.59082091950293,-1.53796993591757,-1.46146173660948,9980.05819372928,1.00011601503253
"log_lik_catch[640]",-0.581958605156153,0.000750112852839555,0.0795018396534161,-0.747707543246872,-0.633864076231346,-0.579541532774195,-0.528081682802939,-0.432942331780246,11233.1392492849,1.00009186453549
"log_lik_catch[641]",-1.82544885283652,0.00139274994866599,0.139736175442098,-2.13278543988539,-1.91200764116127,-1.81402001514718,-1.72648290418675,-1.5856017299284,10066.3355440619,1.0001779249952
"log_lik_catch[642]",-2.55745576390771,0.00152463429160134,0.159532395522948,-2.9319037731635,-2.64839076263254,-2.53588001365162,-2.44159239803794,-2.30700014109068,10948.7970594748,1.00011210305933
"log_lik_catch[643]",-2.55745576390771,0.00152463429160134,0.159532395522948,-2.9319037731635,-2.64839076263254,-2.53588001365162,-2.44159239803794,-2.30700014109068,10948.7970594748,1.00011210305933
"log_lik_catch[644]",-3.16522320944508,0.00244689758225047,0.25765791443699,-3.75060574115583,-3.31772813489082,-3.13682107773771,-2.9805363644135,-2.73668392495723,11088.0554889293,1.00008514117536
"log_lik_catch[645]",-0.339372716030657,0.000510806671666776,0.053822972650669,-0.454297885009464,-0.373587561980819,-0.336572901955243,-0.302220820589575,-0.241566037617697,11102.5372397375,1.00009328484786
"log_lik_catch[646]",-1.94683249069528,0.000409583723609042,0.0356537402548773,-2.02709475396525,-1.96634423270168,-1.9438016411983,-1.92246037602231,-1.88635845403294,7577.48024101805,1.00010688186404
"log_lik_catch[647]",-0.339372716030657,0.000510806671666776,0.053822972650669,-0.454297885009464,-0.373587561980819,-0.336572901955243,-0.302220820589575,-0.241566037617697,11102.5372397375,1.00009328484786
"log_lik_catch[648]",-1.99236020922199,0.000648826469632458,0.0649818508149968,-2.15441403895131,-2.02401559636875,-1.97931971160666,-1.94733021259008,-1.90152735189215,10030.6028488142,1.00015012726925
"log_lik_catch[649]",-0.581958605156153,0.000750112852839555,0.0795018396534161,-0.747707543246872,-0.633864076231346,-0.579541532774195,-0.528081682802939,-0.432942331780246,11233.1392492849,1.00009186453549
"log_lik_catch[650]",-0.581958605156153,0.000750112852839555,0.0795018396534161,-0.747707543246872,-0.633864076231346,-0.579541532774195,-0.528081682802939,-0.432942331780246,11233.1392492849,1.00009186453549
"log_lik_catch[651]",-1.96268809693975,0.000473841837519336,0.0461617666526317,-2.07236950169593,-1.9865748870901,-1.95601051250526,-1.93153489996685,-1.89138236069535,9490.69539811073,0.999751538101245
"log_lik_catch[652]",-4.44950406696383,0.00362935886584159,0.41058095863003,-5.36406315661234,-4.70126403402849,-4.4129917762478,-4.15348144393464,-3.76518765912809,12797.8726211668,0.999797680969953
"log_lik_catch[653]",-0.823105826744701,0.000817131221493387,0.0924266728550045,-1.01361883719256,-0.884275986637689,-0.819878492923719,-0.757956744935046,-0.653226817396994,12794.1379826096,0.999759792600684
"log_lik_catch[654]",-4.17197237094847,0.00348710120672496,0.396806278457268,-5.0274257157797,-4.42308123688731,-4.14608156790335,-3.88918272027241,-3.47765094375391,12948.7535749284,0.99978727510224
"log_lik_catch[655]",-1.16642272531697,0.000896440862025428,0.0975625635961382,-1.36535793450891,-1.23230648887889,-1.16263761109604,-1.0994002464726,-0.984432491232418,11844.6741564611,0.999687856329463
"log_lik_catch[656]",-2.46517396072738,0.00115150171505603,0.127370204906534,-2.75657144577123,-2.5410776282056,-2.44880089891046,-2.37170613952783,-2.26542812974585,12235.0716416284,0.999790359353609
"log_lik_catch[657]",-2.04973929550865,0.000764452449132904,0.0845660469605379,-2.24863781218541,-2.09706756425136,-2.03590383871736,-1.98890500902347,-1.92379930808922,12237.4549824414,0.999914023933162
"log_lik_catch[658]",-2.04973929550865,0.000764452449132904,0.0845660469605379,-2.24863781218541,-2.09706756425136,-2.03590383871736,-1.98890500902347,-1.92379930808922,12237.4549824414,0.999914023933162
"log_lik_catch[659]",-1.02524043064669,0.000874435863171115,0.0974275795713744,-1.22291629199515,-1.0905679488425,-1.02173788925273,-0.957455867870093,-0.843612387416568,12413.8903414743,0.999721478670231
"log_lik_catch[660]",-1.16642272531697,0.000896440862025428,0.0975625635961382,-1.36535793450891,-1.23230648887889,-1.16263761109604,-1.0994002464726,-0.984432491232418,11844.6741564611,0.999687856329463
"log_lik_catch[661]",-1.02524043064669,0.000874435863171115,0.0974275795713744,-1.22291629199515,-1.0905679488425,-1.02173788925273,-0.957455867870093,-0.843612387416568,12413.8903414743,0.999721478670231
"log_lik_catch[662]",-2.81635319459822,0.0010698963733358,0.113814773391675,-3.08889703403885,-2.87927131122062,-2.79742366151735,-2.73370513286843,-2.65385206520475,11316.5447546963,0.999793491614666
"log_lik_catch[663]",-0.844643398643719,0.000835689366145189,0.0936779759723223,-1.03901633501644,-0.905250388109509,-0.841963544109857,-0.779588291789394,-0.670205170478656,12565.6582938312,0.999775967454851
"log_lik_catch[664]",-0.38911355588003,0.000523954530640894,0.059020798663066,-0.516067328858047,-0.425840929229766,-0.3853392682723,-0.347828809432425,-0.285240033313213,12688.8704665778,0.999802180134251
"log_lik_catch[665]",-0.38911355588003,0.000523954530640894,0.059020798663066,-0.516067328858047,-0.425840929229766,-0.3853392682723,-0.347828809432425,-0.285240033313213,12688.8704665778,0.999802180134251
"log_lik_catch[666]",-0.653669452540255,0.000744011258932034,0.0836442720384848,-0.82901261677512,-0.707014469480786,-0.65014461017828,-0.595724297096896,-0.501156982368998,12639.0198615264,0.999795021483266
"log_lik_catch[667]",-1.81483955199657,0.00130119805880682,0.136761250623752,-2.11691255696721,-1.8955991574947,-1.8002235811525,-1.71863825035097,-1.58615410687997,11046.8717933716,0.999966712394326
"log_lik_catch[668]",-0.38911355588003,0.000523954530640894,0.059020798663066,-0.516067328858047,-0.425840929229766,-0.3853392682723,-0.347828809432425,-0.285240033313213,12688.8704665778,0.999802180134251
"log_lik_catch[669]",-0.653669452540255,0.000744011258932034,0.0836442720384848,-0.82901261677512,-0.707014469480786,-0.65014461017828,-0.595724297096896,-0.501156982368998,12639.0198615264,0.999795021483266
"log_lik_catch[670]",-0.844643398643719,0.000835689366145189,0.0936779759723223,-1.03901633501644,-0.905250388109509,-0.841963544109857,-0.779588291789394,-0.670205170478656,12565.6582938312,0.999775967454851
"log_lik_catch[671]",-0.653669452540255,0.000744011258932034,0.0836442720384848,-0.82901261677512,-0.707014469480786,-0.65014461017828,-0.595724297096896,-0.501156982368998,12639.0198615264,0.999795021483266
"log_lik_catch[672]",-0.653669452540255,0.000744011258932034,0.0836442720384848,-0.82901261677512,-0.707014469480786,-0.65014461017828,-0.595724297096896,-0.501156982368998,12639.0198615264,0.999795021483266
"log_lik_catch[673]",-4.94606148683459,0.00457225107476757,0.517364226667573,-6.07034755526306,-5.26824830453015,-4.90719936817532,-4.57953110997412,-4.05336093751676,12803.616297478,0.99981761774213
"log_lik_catch[674]",-2.52003603991028,0.000627919955290919,0.0567990094936843,-2.65783369243052,-2.54840599065219,-2.51195157007449,-2.48211719221757,-2.43235869612889,8182.25394383694,0.999863636254415
"log_lik_catch[675]",-2.69995678641583,0.00129380730611958,0.13820538570466,-3.02324226801377,-2.77892663325126,-2.68022925927991,-2.59959855049295,-2.49101396355021,11410.6592403972,0.999824183568328
"log_lik_catch[676]",-0.988077495933382,0.000869816630843091,0.0970278444125476,-1.18577915360801,-1.05080391068515,-0.986608936116292,-0.920391135770289,-0.804754298147837,12443.351007465,0.999750150023551
"log_lik_catch[677]",-0.38911355588003,0.000523954530640894,0.059020798663066,-0.516067328858047,-0.425840929229766,-0.3853392682723,-0.347828809432425,-0.285240033313213,12688.8704665778,0.999802180134251
"log_lik_catch[678]",-1.95340746034497,0.000431225781273837,0.0409060780946806,-2.04894314939003,-1.97361046536635,-1.94832921493388,-1.92616093268293,-1.88924678254804,8998.41981251789,0.999815941754978
"log_lik_catch[679]",-0.510365493410209,0.000632088144341663,0.0700684676832029,-0.658645864439421,-0.555349563394957,-0.506998644296746,-0.462069730847868,-0.381936132523931,12288.2475256523,1.00029651207366
"log_lik_catch[680]",-2.50406379226856,0.000530247494368487,0.0434840385625322,-2.60127887871835,-2.52882864762398,-2.50082187642881,-2.47473434145346,-2.42808475002174,6725.15803738928,1.00008988524521
"log_lik_catch[681]",-1.53564435071393,0.000611259568485568,0.0644206068981891,-1.69070007757949,-1.57108329905929,-1.52683688907437,-1.48932420239531,-1.43776788818709,11107.0386432247,1.00014778414746
"log_lik_catch[682]",-1.01842369007135,0.000872055512637532,0.0957705580211621,-1.21044168060821,-1.08190658814198,-1.0171076851996,-0.954319971973033,-0.832330448782215,12060.7904593855,1.00023149145135
"log_lik_catch[683]",-0.510365493410209,0.000632088144341663,0.0700684676832029,-0.658645864439421,-0.555349563394957,-0.506998644296746,-0.462069730847868,-0.381936132523931,12288.2475256523,1.00029651207366
"log_lik_catch[684]",-3.13387465231232,0.0016482728661504,0.174345825967545,-3.54506289181448,-3.22978005091435,-3.10694181208586,-3.00705597025472,-2.87079349390691,11188.3202775608,1.00051805002522
"log_lik_catch[685]",-1.47461816508445,0.000337727550087387,0.0333280511815576,-1.55326567672014,-1.49206940483296,-1.47067852214758,-1.45184760663496,-1.42079467397716,9738.38320198454,1.00017691793184
"log_lik_catch[686]",-1.53564435071393,0.000611259568485568,0.0644206068981891,-1.69070007757949,-1.57108329905929,-1.52683688907437,-1.48932420239531,-1.43776788818709,11107.0386432247,1.00014778414746
"log_lik_catch[687]",-0.816419353735549,0.000820676229993089,0.0906184858997213,-1.00251494675573,-0.876073104262177,-0.813838584524237,-0.754751365980108,-0.644088369924697,12192.4194060534,1.0002796038182
"log_lik_catch[688]",-0.816419353735549,0.000820676229993089,0.0906184858997213,-1.00251494675573,-0.876073104262177,-0.813838584524237,-0.754751365980108,-0.644088369924697,12192.4194060534,1.0002796038182
"log_lik_catch[689]",-1.90112308068057,0.00135184732069121,0.145411572608061,-2.21822130965243,-1.99070577878594,-1.89154910111433,-1.79841013269484,-1.64830330007471,11570.2476146383,1.00035862545758
"log_lik_catch[690]",-0.816419353735549,0.000820676229993089,0.0906184858997213,-1.00251494675573,-0.876073104262177,-0.813838584524237,-0.754751365980108,-0.644088369924697,12192.4194060534,1.0002796038182
"log_lik_catch[691]",-1.15992487740613,0.000882805459731906,0.0960556050272289,-1.35459274144884,-1.22282200796136,-1.15882594258396,-1.09639293014934,-0.972760275744327,11839.0104223282,1.00016338576641
"log_lik_catch[692]",-1.47461816508445,0.000337727550087387,0.0333280511815576,-1.55326567672014,-1.49206940483296,-1.47067852214758,-1.45184760663496,-1.42079467397716,9738.38320198454,1.00017691793184
"log_lik_catch[693]",-2.47400660651735,0.00122008859676974,0.129584057874163,-2.77563460609007,-2.54707397357451,-2.45563361229724,-2.37923243929011,-2.2740706711507,11280.2938971007,1.00051182196547
"log_lik_catch[694]",-0.510365493410209,0.000632088144341663,0.0700684676832029,-0.658645864439421,-0.555349563394957,-0.506998644296746,-0.462069730847868,-0.381936132523931,12288.2475256523,1.00029651207366
"log_lik_catch[695]",-2.04390013511949,0.000764259165057996,0.0815090120997837,-2.24140447570933,-2.08932964581477,-2.032353477195,-1.98486862443098,-1.92048748343955,11374.4380022848,1.00014726845801
"log_lik_catch[696]",-0.510365493410209,0.000632088144341663,0.0700684676832029,-0.658645864439421,-0.555349563394957,-0.506998644296746,-0.462069730847868,-0.381936132523931,12288.2475256523,1.00029651207366
"log_lik_catch[697]",-1.53564435071393,0.000611259568485568,0.0644206068981891,-1.69070007757949,-1.57108329905929,-1.52683688907437,-1.48932420239531,-1.43776788818709,11107.0386432247,1.00014778414746
"log_lik_catch[698]",-0.510365493410209,0.000632088144341663,0.0700684676832029,-0.658645864439421,-0.555349563394957,-0.506998644296746,-0.462069730847868,-0.381936132523931,12288.2475256523,1.00029651207366
"log_lik_catch[699]",-5.15523384429162,0.00473220385761735,0.509690411170727,-6.21136905167078,-5.48336663761961,-5.13072214139599,-4.80244043834648,-4.21668185739087,11600.7491543985,1.00041521006251
"log_lik_catch[700]",-1.46724038041605,0.000354663383554329,0.0321635537809044,-1.54520385614476,-1.48373377105568,-1.46340084377601,-1.44598938062859,-1.41486947154961,8224.23195597763,0.999729833005708
"log_lik_catch[701]",-0.647673490029938,0.000742463856705097,0.0831986015241741,-0.820341864131008,-0.701268704885366,-0.644715803195234,-0.590028385381144,-0.493446327314517,12556.8705986741,1.00032867065861
"log_lik_catch[702]",-1.09229176070828,0.000886348279609558,0.0972221265490049,-1.28557446244782,-1.15658197035123,-1.09221005120027,-1.02701278154261,-0.902769278929318,12031.5455687524,1.00024599980272
"log_lik_catch[703]",-1.95211661909534,0.000460015004970795,0.0402553409532917,-2.05279488685688,-1.97193752232357,-1.94780661868081,-1.92530406631088,-1.88762263942963,7657.78242497217,0.999857503661595
"log_lik_catch[704]",-2.71003015584121,0.00135115235975626,0.143220236477796,-3.04668473221106,-2.78954242497067,-2.68982609951259,-2.60662210075608,-2.49743436334177,11235.6997433807,1.00052246770416
"log_lik_catch[705]",-1.55092330700482,0.000705999632556185,0.0724796647290759,-1.72618914136596,-1.59037113677574,-1.54053589875769,-1.49816416641236,-1.44164435281226,10539.5823485791,1.00016461227672
"log_lik_catch[706]",-2.5731995007249,0.00135420225782553,0.143619628383276,-2.89954848868932,-2.65780321284874,-2.55953945044122,-2.46992673747856,-2.33647722756448,11247.6172777777,1.00028282406692
"log_lik_catch[707]",-2.79697269345772,0.00187704146188411,0.206775003961189,-3.2492411878472,-2.92444865155837,-2.77831392553977,-2.65048146716414,-2.4439006098083,12135.2392766832,1.00048435130347
"log_lik_catch[708]",-0.911622033084971,0.000813081144263144,0.0826428252697732,-1.08463417256454,-0.966096087345179,-0.909005112566631,-0.853869583584285,-0.756650315185245,10331.0040591364,0.999833942238876
"log_lik_catch[709]",-1.60419969129972,0.000729412578655384,0.0760632237128556,-1.77696008080087,-1.64891906241688,-1.5956683222397,-1.54884130045643,-1.48204596123358,10874.3412773606,1.00000887853823
"log_lik_catch[710]",-1.25043913154338,0.000897955210287081,0.0865905760948041,-1.42956883422383,-1.30761931774,-1.24765349282286,-1.19061722177617,-1.08709366169102,9298.90709306541,0.999798887475895
"log_lik_catch[711]",-4.37219154288849,0.00312602069825769,0.321722136699674,-5.06721641993892,-4.5759544230287,-4.34701516621872,-4.14043146697288,-3.81685608273562,10592.0053195769,0.999968296010435
"log_lik_catch[712]",-2.81732694444981,0.00140538521716531,0.144932793416806,-3.13418471177549,-2.90762974958885,-2.80531518439874,-2.71223717729228,-2.57290880829267,10635.124139997,0.999850948101207
"log_lik_catch[713]",-2.81732694444981,0.00140538521716531,0.144932793416806,-3.13418471177549,-2.90762974958885,-2.80531518439874,-2.71223717729228,-2.57290880829267,10635.124139997,0.999850948101207
"log_lik_catch[714]",-0.586901778847486,0.000649749965500048,0.0668884767578178,-0.729831334302207,-0.629454915617833,-0.583177627404214,-0.540373907281567,-0.466126114761141,10597.6624284927,0.999887283560698
"log_lik_catch[715]",-0.911622033084971,0.000813081144263144,0.0826428252697732,-1.08463417256454,-0.966096087345179,-0.909005112566631,-0.853869583584285,-0.756650315185245,10331.0040591364,0.999833942238876
"log_lik_catch[716]",-4.64170971612887,0.00377500309922927,0.38848319019634,-5.43377538616673,-4.89900237728295,-4.62732530818581,-4.37081492351276,-3.91845356144644,10590.3384068965,1.00000683442515
"log_lik_catch[717]",-2.16687119805968,0.000975527420968438,0.100300700637256,-2.38345595025915,-2.22985154155208,-2.15972034889799,-2.09434889645561,-1.99385674664485,10571.313945064,0.999823994592902
"log_lik_catch[718]",-2.41628052748934,0.00138640926967216,0.142843713400253,-2.72926344219217,-2.50410557094729,-2.40366608839917,-2.314347404322,-2.1742961579008,10615.4731571568,0.999986721537822
"log_lik_catch[719]",-2.35787614278376,0.000794738666695417,0.079371179431625,-2.54001865854461,-2.40504697877871,-2.3477665282559,-2.30035338383984,-2.23325221260081,9974.17493278286,0.999771099642582
"log_lik_catch[720]",-0.911622033084971,0.000813081144263144,0.0826428252697732,-1.08463417256454,-0.966096087345179,-0.909005112566631,-0.853869583584285,-0.756650315185245,10331.0040591364,0.999833942238876
"log_lik_catch[721]",-1.41757158237497,0.0009920459500645,0.0899917162437487,-1.60484470072132,-1.47709021705006,-1.41253630617396,-1.35508439057817,-1.25446361180837,8228.89445051439,0.99986658897947
"log_lik_catch[722]",-1.41757158237497,0.0009920459500645,0.0899917162437487,-1.60484470072132,-1.47709021705006,-1.41253630617396,-1.35508439057817,-1.25446361180837,8228.89445051439,0.99986658897947
"log_lik_catch[723]",-1.60419969129972,0.000729412578655384,0.0760632237128556,-1.77696008080087,-1.64891906241688,-1.5956683222397,-1.54884130045643,-1.48204596123358,10874.3412773606,1.00000887853823
"log_lik_catch[724]",-1.5133393064689,0.00111172031776535,0.0964421190892473,-1.71543432549983,-1.57570690339907,-1.50586204055944,-1.44609097495732,-1.33957523620344,7525.62204230418,0.999966812608055
"log_lik_catch[725]",-1.25043913154338,0.000897955210287081,0.0865905760948041,-1.42956883422383,-1.30761931774,-1.24765349282286,-1.19061722177617,-1.08709366169102,9298.90709306541,0.999798887475895
"log_lik_catch[726]",-2.1334902507122,0.000898663803071186,0.0944695755748709,-2.34822873888582,-2.18936187038094,-2.12302959930872,-2.0645759876412,-1.98143117089392,11050.690861345,1.0000303144226
"log_lik_catch[727]",-1.60419969129972,0.000729412578655384,0.0760632237128556,-1.77696008080087,-1.64891906241688,-1.5956683222397,-1.54884130045643,-1.48204596123358,10874.3412773606,1.00000887853823
"log_lik_catch[728]",-1.60419969129972,0.000729412578655384,0.0760632237128556,-1.77696008080087,-1.64891906241688,-1.5956683222397,-1.54884130045643,-1.48204596123358,10874.3412773606,1.00000887853823
"log_lik_catch[729]",-1.45911535391902,0.000253051854086333,0.0244362104261384,-1.5087871193163,-1.47476898508342,-1.45831982793097,-1.44258478381301,-1.41382984755635,9324.99623649991,0.999748178558104
"log_lik_catch[730]",-1.60419969129972,0.000729412578655384,0.0760632237128556,-1.77696008080087,-1.64891906241688,-1.5956683222397,-1.54884130045643,-1.48204596123358,10874.3412773606,1.00000887853823
"log_lik_catch[731]",-0.911622033084971,0.000813081144263144,0.0826428252697732,-1.08463417256454,-0.966096087345179,-0.909005112566631,-0.853869583584285,-0.756650315185245,10331.0040591364,0.999833942238876
"log_lik_catch[732]",-3.18336594795873,0.000872916518742898,0.0846005066755726,-3.38318903730228,-3.23046639730212,-3.17086672237644,-3.12358275748044,-3.05256957685989,9392.91741915415,0.999776318741552
"log_lik_catch[733]",-1.45911535391902,0.000253051854086333,0.0244362104261384,-1.5087871193163,-1.47476898508342,-1.45831982793097,-1.44258478381301,-1.41382984755635,9324.99623649991,0.999748178558104
"log_lik_catch[734]",-3.80755369408512,0.00273296829189904,0.282428236042324,-4.40458048452874,-3.99041817014089,-3.7907966939928,-3.60525265490226,-3.30497314576871,10679.4046153598,0.999952413075269
"log_lik_catch[735]",-1.83113556536459,0.00115466971592162,0.118755912166616,-2.09183492810894,-1.90414616498231,-1.82055313082614,-1.7469009656185,-1.63028646486135,10577.7897049006,0.999984352016217
"log_lik_catch[736]",-2.81732694444981,0.00140538521716531,0.144932793416806,-3.13418471177549,-2.90762974958885,-2.80531518439874,-2.71223717729228,-2.57290880829267,10635.124139997,0.999850948101207
"log_lik_catch[737]",-2.93904572771756,0.00139819163505314,0.140632361004811,-3.25597308721068,-3.02560519408161,-2.92491687169299,-2.83591912519819,-2.71035189577144,10116.659588609,0.999740991503584
"log_lik_catch[738]",-1.49112801510563,0.000437141112279784,0.0440679964613178,-1.59463045743884,-1.51408183255207,-1.48401601517502,-1.46069572326881,-1.42361966887474,10162.5642854367,1.00010246325691
"log_lik_catch[739]",-4.58731745014846,0.00395641467198752,0.402082711275097,-5.42405023477806,-4.85325624850578,-4.57113249252019,-4.30579269410216,-3.84374188280834,10328.2607096377,0.999943792008405
"log_lik_catch[740]",-0.933568644169101,0.000854064721387809,0.0851986705011787,-1.11132292426947,-0.990158487748268,-0.93097716498845,-0.873269146431865,-0.775510367476473,9951.39739826358,0.999802974882288
"log_lik_catch[741]",-0.735060155536945,0.000782124042702609,0.0782286389447161,-0.899448593955917,-0.786835090513316,-0.731394315569148,-0.679811873211645,-0.591680094541036,10004.1518630032,0.999840723630029
"log_lik_catch[742]",-1.07758107778578,0.000875909859543285,0.0868935339926747,-1.25562549056971,-1.13546635684494,-1.07535698742115,-1.01639992332709,-0.915688937776429,9841.38203522152,0.999778930613568
"log_lik_catch[743]",-0.447864552488109,0.000575352585257461,0.0575883829017557,-0.57172504013241,-0.484461554169353,-0.443780468857167,-0.406571597319697,-0.34547101190227,10018.4752456828,0.999891625381622
"log_lik_catch[744]",-2.58897196108756,0.0008663779892299,0.0854656396669897,-2.78635189468226,-2.63836626684331,-2.57727640392165,-2.52738236335146,-2.45796076587003,9731.24203235831,0.999687553851404
"log_lik_catch[745]",-3.68870573098902,0.00252009680537146,0.255722116183367,-4.24672845391412,-3.85242704145845,-3.66954245390399,-3.50408762649498,-3.24553966509349,10296.7965500319,0.99984264194541
"log_lik_catch[746]",-2.26548128796722,0.000429593363048437,0.0398711438293921,-2.35137671934377,-2.28879784405444,-2.26244692466209,-2.23815312398961,-2.19529841447337,8613.94835401984,0.999944436927295
"log_lik_catch[747]",-0.447864552488109,0.000575352585257461,0.0575883829017557,-0.57172504013241,-0.484461554169353,-0.443780468857167,-0.406571597319697,-0.34547101190227,10018.4752456828,0.999891625381622
"log_lik_catch[748]",-1.94232130566761,0.000329427729337653,0.0316692378534199,-2.00893207169277,-1.96140755706105,-1.94071925727706,-1.92078579543771,-1.88494541666224,9241.76493680506,1.00021825083742
"log_lik_catch[749]",-0.447864552488109,0.000575352585257461,0.0575883829017557,-0.57172504013241,-0.484461554169353,-0.443780468857167,-0.406571597319697,-0.34547101190227,10018.4752456828,0.999891625381622
"log_lik_catch[750]",-0.933568644169101,0.000854064721387809,0.0851986705011787,-1.11132292426947,-0.990158487748268,-0.93097716498845,-0.873269146431865,-0.775510367476473,9951.39739826358,0.999802974882288
"log_lik_catch[751]",-1.98466250569854,0.000539768204257865,0.0550530348018085,-2.11549060511542,-2.01285246781159,-1.97545990499538,-1.94632910145598,-1.90195745347967,10402.7445088878,1.00022429654393
"log_lik_catch[752]",-0.743548998803735,0.000770507420216888,0.0786598121511218,-0.902285895535257,-0.795711591106327,-0.742260196072019,-0.689412663558366,-0.594179400713788,10422.0261598972,1.00007507462142
"log_lik_catch[753]",-1.19454861221546,0.000851783252434893,0.0877519684419887,-1.36966334413762,-1.25360927785139,-1.19336685999418,-1.13482315202156,-1.0233351724866,10613.4246488258,1.00003984759559
"log_lik_catch[754]",-0.743548998803735,0.000770507420216888,0.0786598121511218,-0.902285895535257,-0.795711591106327,-0.742260196072019,-0.689412663558366,-0.594179400713788,10422.0261598972,1.00007507462142
"log_lik_catch[755]",-1.49469393578956,0.000496162413570895,0.0450082783440926,-1.60217644884365,-1.51992822173712,-1.48862745851095,-1.46274045497904,-1.42398725042062,8228.81082390023,0.999850909242125
"log_lik_catch[756]",-2.00091111796728,0.000588353523792019,0.0607597789329712,-2.14600827086102,-2.03420756680819,-1.99105243454264,-1.95764570998532,-1.90965500687075,10664.8721213443,1.00022165415243
"log_lik_catch[757]",-2.58700967028974,0.00139945832864248,0.143744718574966,-2.91282952573546,-2.67436863617053,-2.57050914678661,-2.4847559097783,-2.35128723095622,10550.2767419858,1.00010494352975
"log_lik_catch[758]",-3.06636544072442,0.001348599336586,0.13852655631951,-3.39609669947935,-3.144560724995,-3.0448371191834,-2.96707549150736,-2.85706756922824,10551.1596096652,1.00014101194651
"log_lik_catch[759]",-1.49802721760733,0.000384562484088273,0.0404461131953158,-1.59227646594162,-1.52099899426808,-1.49284423032261,-1.46940839776517,-1.43350058139274,11061.6460294815,1.00011970363448
"log_lik_catch[760]",-4.5446461461153,0.00407139615727809,0.408621289790012,-5.42885725054528,-4.80464854939861,-4.51694332823852,-4.25577970395454,-3.8335014878001,10072.9170083207,1.00003869633832
"log_lik_catch[761]",-1.49802721760733,0.000384562484088273,0.0404461131953158,-1.59227646594162,-1.52099899426808,-1.49284423032261,-1.46940839776517,-1.43350058139274,11061.6460294815,1.00011970363448
"log_lik_catch[762]",-1.49469393578956,0.000496162413570895,0.0450082783440926,-1.60217644884365,-1.51992822173712,-1.48862745851095,-1.46274045497904,-1.42398725042062,8228.81082390023,0.999850909242125
"log_lik_catch[763]",-2.58700967028974,0.00139945832864248,0.143744718574966,-2.91282952573546,-2.67436863617053,-2.57050914678661,-2.4847559097783,-2.35128723095622,10550.2767419858,1.00010494352975
"log_lik_catch[764]",-2.00091111796728,0.000588353523792019,0.0607597789329712,-2.14600827086102,-2.03420756680819,-1.99105243454264,-1.95764570998532,-1.90965500687075,10664.8721213443,1.00022165415243
"log_lik_catch[765]",-0.454195557682338,0.000578682604639007,0.0581075649309064,-0.574797978819965,-0.491498372294621,-0.452262815994302,-0.413436670127948,-0.34694263625585,10082.877648918,1.00006242793967
"log_lik_catch[766]",-0.454195557682338,0.000578682604639007,0.0581075649309064,-0.574797978819965,-0.491498372294621,-0.452262815994302,-0.413436670127948,-0.34694263625585,10082.877648918,1.00006242793967
"log_lik_catch[767]",-0.454195557682338,0.000578682604639007,0.0581075649309064,-0.574797978819965,-0.491498372294621,-0.452262815994302,-0.413436670127948,-0.34694263625585,10082.877648918,1.00006242793967
"log_lik_catch[768]",-0.743548998803735,0.000770507420216888,0.0786598121511218,-0.902285895535257,-0.795711591106327,-0.742260196072019,-0.689412663558366,-0.594179400713788,10422.0261598972,1.00007507462142
"log_lik_catch[769]",-0.454195557682338,0.000578682604639007,0.0581075649309064,-0.574797978819965,-0.491498372294621,-0.452262815994302,-0.413436670127948,-0.34694263625585,10082.877648918,1.00006242793967
"log_lik_catch[770]",-0.743548998803735,0.000770507420216888,0.0786598121511218,-0.902285895535257,-0.795711591106327,-0.742260196072019,-0.689412663558366,-0.594179400713788,10422.0261598972,1.00007507462142
"log_lik_catch[771]",-1.79473307134829,0.00124427576834207,0.117530986974538,-2.04920514911511,-1.86821808555644,-1.78418417556892,-1.71204384535355,-1.5926435980788,8922.19024446327,1.00003393597093
"log_lik_catch[772]",-0.454195557682338,0.000578682604639007,0.0581075649309064,-0.574797978819965,-0.491498372294621,-0.452262815994302,-0.413436670127948,-0.34694263625585,10082.877648918,1.00006242793967
"log_lik_catch[773]",-0.454195557682338,0.000578682604639007,0.0581075649309064,-0.574797978819965,-0.491498372294621,-0.452262815994302,-0.413436670127948,-0.34694263625585,10082.877648918,1.00006242793967
"log_lik_catch[774]",-1.49802721760733,0.000384562484088273,0.0404461131953158,-1.59227646594162,-1.52099899426808,-1.49284423032261,-1.46940839776517,-1.43350058139274,11061.6460294815,1.00011970363448
"log_lik_catch[775]",-0.454195557682338,0.000578682604639007,0.0581075649309064,-0.574797978819965,-0.491498372294621,-0.452262815994302,-0.413436670127948,-0.34694263625585,10082.877648918,1.00006242793967
"log_lik_catch[776]",-0.942665741562957,0.000829733746167435,0.0856381111520571,-1.11340470262004,-0.999812794032183,-0.942394009147877,-0.883998826371227,-0.777220131108807,10652.6253278671,1.00007317910883
"log_lik_catch[777]",-1.49469393578956,0.000496162413570895,0.0450082783440926,-1.60217644884365,-1.51992822173712,-1.48862745851095,-1.46274045497904,-1.42398725042062,8228.81082390023,0.999850909242125
"log_lik_catch[778]",-2.27161021154476,0.000500710536430236,0.0432007228621892,-2.37233553095804,-2.29545494407479,-2.26790547707297,-2.242367385702,-2.19751112479398,7444.03775037623,1.00006695777228
"log_lik_catch[779]",-1.49469393578956,0.000496162413570895,0.0450082783440926,-1.60217644884365,-1.51992822173712,-1.48862745851095,-1.46274045497904,-1.42398725042062,8228.81082390023,0.999850909242125
"log_lik_catch[780]",-0.743548998803735,0.000770507420216888,0.0786598121511218,-0.902285895535257,-0.795711591106327,-0.742260196072019,-0.689412663558366,-0.594179400713788,10422.0261598972,1.00007507462142
"log_lik_catch[781]",-0.743548998803735,0.000770507420216888,0.0786598121511218,-0.902285895535257,-0.795711591106327,-0.742260196072019,-0.689412663558366,-0.594179400713788,10422.0261598972,1.00007507462142
"log_lik_catch[782]",-2.00091111796728,0.000588353523792019,0.0607597789329712,-2.14600827086102,-2.03420756680819,-1.99105243454264,-1.95764570998532,-1.90965500687075,10664.8721213443,1.00022165415243
"log_lik_catch[783]",-0.743548998803735,0.000770507420216888,0.0786598121511218,-0.902285895535257,-0.795711591106327,-0.742260196072019,-0.689412663558366,-0.594179400713788,10422.0261598972,1.00007507462142
"log_lik_catch[784]",-2.92512519373928,0.00135680820536138,0.139475434472628,-3.25354493596431,-3.00500537869183,-2.90480143437486,-2.82548281798464,-2.7104717450376,10567.165838591,1.00013245934964
"log_lik_catch[785]",-1.08662995107634,0.000844789571481384,0.0874983062285042,-1.26251267368861,-1.14512336804508,-1.08569261341744,-1.02720793777476,-0.91531564241418,10727.5909229223,1.00005973452782
"log_lik_catch[786]",-0.942665741562957,0.000829733746167435,0.0856381111520571,-1.11340470262004,-0.999812794032183,-0.942394009147877,-0.883998826371227,-0.777220131108807,10652.6253278671,1.00007317910883
"log_lik_catch[787]",-0.743548998803735,0.000770507420216888,0.0786598121511218,-0.902285895535257,-0.795711591106327,-0.742260196072019,-0.689412663558366,-0.594179400713788,10422.0261598972,1.00007507462142
"log_lik_catch[788]",-3.21578011346385,0.0022615804466232,0.230260374548891,-3.72498918419119,-3.35861673411086,-3.19521279524721,-3.05320022010968,-2.82262858411593,10366.0746553683,1.00006345000956
"log_lik_catch[789]",-0.582316561577417,0.0006875022068845,0.0703287560871436,-0.725611018260065,-0.628684027878796,-0.580007319835206,-0.53340580903093,-0.448946814335482,10464.48064233,0.999972819259236
"log_lik_catch[790]",-0.764510012386955,0.000786025533148205,0.0812680829502218,-0.925382126688082,-0.818396419584413,-0.763090596292838,-0.708356995838348,-0.608060767709352,10689.7296743592,0.999983413621392
"log_lik_catch[791]",-2.00394085636509,0.000689044033537128,0.0638658534753006,-2.15378814675597,-2.03999952584723,-1.99354363454001,-1.95826343211683,-1.90651180392421,8590.99542091254,0.999827792387219
"log_lik_catch[792]",-1.46068370527865,0.000261604410405155,0.025192226877044,-1.51368372583974,-1.47655291895158,-1.45950213155305,-1.44340434416281,-1.41434484719729,9273.48544440208,0.999806301658586
"log_lik_catch[793]",-2.97081838463846,0.00208133727513452,0.213654783714299,-3.44027240660594,-3.10380453582058,-2.95447355259068,-2.8169521184137,-2.60100742796515,10537.5662440614,0.999974845487399
"log_lik_catch[794]",-1.10793124362389,0.000833904749221404,0.0881919730484578,-1.2815864782101,-1.16743297380525,-1.10808052173785,-1.04786769741516,-0.93749306940866,11184.7227519084,0.99998395592605
"log_lik_catch[795]",-0.582316561577417,0.0006875022068845,0.0703287560871436,-0.725611018260065,-0.628684027878796,-0.580007319835206,-0.53340580903093,-0.448946814335482,10464.48064233,0.999972819259236
"log_lik_catch[796]",-0.582316561577417,0.0006875022068845,0.0703287560871436,-0.725611018260065,-0.628684027878796,-0.580007319835206,-0.53340580903093,-0.448946814335482,10464.48064233,0.999972819259236
"log_lik_catch[797]",-0.764510012386955,0.000786025533148205,0.0812680829502218,-0.925382126688082,-0.818396419584413,-0.763090596292838,-0.708356995838348,-0.608060767709352,10689.7296743592,0.999983413621392
"log_lik_catch[798]",-2.12941001737033,0.00106374418401431,0.1012575107476,-2.35684576682017,-2.19159727217064,-2.11682029087002,-2.05673428265046,-1.96417230139558,9061.08274350367,0.999867772615376
"log_lik_catch[799]",-0.582316561577417,0.0006875022068845,0.0703287560871436,-0.725611018260065,-0.628684027878796,-0.580007319835206,-0.53340580903093,-0.448946814335482,10464.48064233,0.999972819259236
"log_lik_catch[800]",-0.905576734797845,0.000825057119062533,0.0861455580829034,-1.07449348093443,-0.963606902256802,-0.904785442111727,-0.845998953742848,-0.737824915503289,10901.7883371354,0.999988315932364
"log_lik_catch[801]",-0.905576734797845,0.000825057119062533,0.0861455580829034,-1.07449348093443,-0.963606902256802,-0.904785442111727,-0.845998953742848,-0.737824915503289,10901.7883371354,0.999988315932364
"log_lik_catch[802]",-2.50256175646538,0.000472332671365548,0.041678574134774,-2.59529280101346,-2.52696448532389,-2.49976573579573,-2.47440407884005,-2.4285604744414,7786.27488804671,1.00035091696477
"log_lik_catch[803]",-0.582316561577417,0.0006875022068845,0.0703287560871436,-0.725611018260065,-0.628684027878796,-0.580007319835206,-0.53340580903093,-0.448946814335482,10464.48064233,0.999972819259236
"log_lik_catch[804]",-0.582316561577417,0.0006875022068845,0.0703287560871436,-0.725611018260065,-0.628684027878796,-0.580007319835206,-0.53340580903093,-0.448946814335482,10464.48064233,0.999972819259236
"log_lik_catch[805]",-2.06309396696785,0.000884748610830963,0.0836835260494739,-2.25590754902338,-2.11225826010193,-2.05158874629128,-2.00265073243404,-1.9314297244877,8946.2321448922,0.99984680498253
"log_lik_catch[806]",-0.339373862869487,0.00046995313439686,0.0475533241706742,-0.438926788252063,-0.370296461570233,-0.336990122925705,-0.306016029882192,-0.251691970339431,10238.8849145255,0.999956068380312
"log_lik_catch[807]",-2.00394085636509,0.000689044033537128,0.0638658534753006,-2.15378814675597,-2.03999952584723,-1.99354363454001,-1.95826343211683,-1.90651180392421,8590.99542091254,0.999827792387219
"log_lik_catch[808]",-1.46068370527865,0.000261604410405155,0.025192226877044,-1.51368372583974,-1.47655291895158,-1.45950213155305,-1.44340434416281,-1.41434484719729,9273.48544440208,0.999806301658586
"log_lik_catch[809]",-2.36568916266649,0.000881312152589124,0.0892816587707648,-2.58252748055314,-2.41520358828703,-2.35159285596155,-2.30077416101127,-2.23297482096911,10262.7791557757,1.00008593217192
"log_lik_catch[810]",-1.08626333676658,0.000986508138390099,0.0990098482630382,-1.28252535664412,-1.15163550528575,-1.08669869359453,-1.01897643747987,-0.894343576031776,10072.9213989096,1.00050314289576
"log_lik_catch[811]",-0.56466786858127,0.000773767528379795,0.0772386612242993,-0.724879122317201,-0.613752482434789,-0.562301540520906,-0.511694396516062,-0.422862573670323,9964.33854227341,1.00080818584832
"log_lik_catch[812]",-1.08626333676658,0.000986508138390099,0.0990098482630382,-1.28252535664412,-1.15163550528575,-1.08669869359453,-1.01897643747987,-0.894343576031776,10072.9213989096,1.00050314289576
"log_lik_catch[813]",-1.5845389799997,0.000858271903065513,0.0818489817978148,-1.77256205253381,-1.63217686840854,-1.57384841436736,-1.52431984037739,-1.45732945624238,9094.45694950073,1.00102073534452
"log_lik_catch[814]",-1.5845389799997,0.000858271903065513,0.0818489817978148,-1.77256205253381,-1.63217686840854,-1.57384841436736,-1.52431984037739,-1.45732945624238,9094.45694950073,1.00102073534452
"log_lik_catch[815]",-3.59440651751814,0.00254050129752012,0.250913868726654,-4.18420147607889,-3.73706008027921,-3.55800294228717,-3.41334268266512,-3.2106452497071,9754.62304372128,1.00069993905108
"log_lik_catch[816]",-2.86425863354245,0.000632948804737339,0.0546435016942987,-2.99047663864249,-2.89181502709689,-2.85829226303271,-2.82831785605509,-2.77568459777868,7453.15024973749,1.00058558635085
"log_lik_catch[817]",-2.87816362128644,0.00192409989619424,0.190811953326498,-3.31731423329142,-2.98902486042594,-2.85376120159497,-2.74100327045938,-2.57869395288627,9834.58237754077,1.00075805412158
"log_lik_catch[818]",-1.5845389799997,0.000858271903065513,0.0818489817978148,-1.77256205253381,-1.63217686840854,-1.57384841436736,-1.52431984037739,-1.45732945624238,9094.45694950073,1.00102073534452
"log_lik_catch[819]",-2.20779779770027,0.00130077639267451,0.129647662349679,-2.4980717672536,-2.2843608890803,-2.19339614231465,-2.11514944890142,-1.99766656840885,9933.99845398331,1.00078925432303
"log_lik_catch[820]",-1.94826898338157,0.000412773850989005,0.0370416475145251,-2.03216088228561,-1.96780901266163,-1.94458243297394,-1.92331846048319,-1.88672796327917,8052.97285367952,1.00030822852335
"log_lik_catch[821]",-1.5845389799997,0.000858271903065513,0.0818489817978148,-1.77256205253381,-1.63217686840854,-1.57384841436736,-1.52431984037739,-1.45732945624238,9094.45694950073,1.00102073534452
"log_lik_catch[822]",-0.56466786858127,0.000773767528379795,0.0772386612242993,-0.724879122317201,-0.613752482434789,-0.562301540520906,-0.511694396516062,-0.422862573670323,9964.33854227341,1.00080818584832
"log_lik_catch[823]",-1.32222991521182,0.000989659217808323,0.0970151119465267,-1.51556357596228,-1.38498920672629,-1.32101436872309,-1.25715994591542,-1.13672006102743,9609.64690045718,1.00007455006476
"log_lik_catch[824]",-0.56466786858127,0.000773767528379795,0.0772386612242993,-0.724879122317201,-0.613752482434789,-0.562301540520906,-0.511694396516062,-0.422862573670323,9964.33854227341,1.00080818584832
"log_lik_catch[825]",-1.32222991521182,0.000989659217808323,0.0970151119465267,-1.51556357596228,-1.38498920672629,-1.32101436872309,-1.25715994591542,-1.13672006102743,9609.64690045718,1.00007455006476
"log_lik_catch[826]",-0.56466786858127,0.000773767528379795,0.0772386612242993,-0.724879122317201,-0.613752482434789,-0.562301540520906,-0.511694396516062,-0.422862573670323,9964.33854227341,1.00080818584832
"log_lik_catch[827]",-2.24036734698156,0.00137877627074445,0.133935004864361,-2.53555633179917,-2.32243066991707,-2.22726045768207,-2.14335270951494,-2.01644365030318,9436.27512489297,1.00108358574629
"log_lik_catch[828]",-1.99279888014802,0.000672345216950071,0.0628197684900753,-2.14421872240404,-2.02558094794971,-1.98155634124837,-1.94830706191685,-1.90200166957311,8729.87497093513,1.00068288816373
"log_lik_catch[829]",-5.02051740172949,0.00546351075943498,0.539332289295112,-6.21479732390415,-5.35027843090841,-4.97477568498945,-4.64392339325407,-4.08877917351689,9744.71716184931,1.00050843435301
"log_lik_catch[830]",-1.79713379619785,0.00135945454687351,0.131383791369405,-2.08472980854143,-1.87797413363918,-1.78558823313757,-1.7021126522757,-1.57369813085493,9340.15744858762,1.00117603706739
"log_lik_catch[831]",-2.52760706972837,0.000491516657594134,0.0485742624475138,-2.63500616039281,-2.55608123444383,-2.5232110273289,-2.49409071958785,-2.44410646765267,9766.43240269711,0.999869814950431
"log_lik_catch[832]",-1.04435598775379,0.000750284410090476,0.0764779073947569,-1.19969415489782,-1.09407716613441,-1.0423983902215,-0.991106174723789,-0.90225689454096,10390.1100459147,0.99979048532314
"log_lik_catch[833]",-1.73809098860638,0.000899065719645952,0.0898652427167872,-1.9315021630952,-1.79427210029545,-1.73112618969825,-1.67534278904651,-1.58260900539441,9990.80829186073,0.999811649698976
"log_lik_catch[834]",-2.39374644413087,0.00071797721144138,0.0737199660038613,-2.55910630063899,-2.43775700361084,-2.38636100173765,-2.34058857809876,-2.27166787859615,10542.6292142297,0.999736315644255
"log_lik_catch[835]",-2.11783016260191,0.000771816939842366,0.0788877342240309,-2.2927504328638,-2.16536011854279,-2.11092855486126,-2.06133174253013,-1.98601841410525,10446.9701259861,0.999747169522132
"log_lik_catch[836]",-1.47603864705385,0.000324283296901102,0.0325529040472504,-1.54908338261288,-1.49509938826132,-1.47308363254027,-1.45326792999194,-1.42058871020741,10076.9781461538,0.999705813869982
"log_lik_catch[837]",-3.71679871038115,0.00191774341550287,0.203187594787779,-4.14854598532217,-3.84720254053584,-3.70582165474173,-3.57166203773408,-3.35922734013316,11225.6986177089,0.999925639580902
"log_lik_catch[838]",-3.63028987233621,0.00166205099560856,0.174382969865686,-4.0059810255356,-3.74152513117777,-3.61821395864485,-3.50522275605509,-3.32727862690471,11008.2795522972,0.99992107024236
"log_lik_catch[839]",-1.30626930992305,0.000755890146989861,0.07602793696411,-1.46591219039653,-1.35532131946523,-1.3030790155057,-1.25480692328292,-1.16455383986633,10116.4710534939,0.999866253898427
"log_lik_catch[840]",-1.96990389094295,0.00125249945951664,0.120191707609537,-2.22767847160184,-2.04695843380031,-1.96368776303477,-1.88519570221356,-1.75393496521368,9208.60652872347,0.999922780807134
"log_lik_catch[841]",-2.95156539836671,0.00111909544140989,0.114585935316988,-3.2004812305104,-3.02369736652669,-2.94148118324771,-2.86962058077194,-2.7549816757309,10484.0328917917,0.999932495489898
"log_lik_catch[842]",-1.96990389094295,0.00125249945951664,0.120191707609537,-2.22767847160184,-2.04695843380031,-1.96368776303477,-1.88519570221356,-1.75393496521368,9208.60652872347,0.999922780807134
"log_lik_catch[843]",-1.56260252238014,0.000556825273360279,0.0561455396880689,-1.68764980595011,-1.59605960607804,-1.55732064816687,-1.52326005533116,-1.46760678208907,10166.9957879428,0.999814738311613
"log_lik_catch[844]",-3.93874800899172,0.00199854616934574,0.211638026152494,-4.39157050513131,-4.07380878985545,-3.92591612631246,-3.78733961064633,-3.56954457887879,11213.9608028789,0.999926081511157
"log_lik_catch[845]",-2.86503264650616,0.000452462670931835,0.0446895131462262,-2.95954069187566,-2.89329026998397,-2.8626109891207,-2.83448787794979,-2.78368003288232,9755.41472820922,1.00012399936468
"log_lik_catch[846]",-1.97382221323322,0.00040282087489537,0.0422149101464071,-2.0705519202093,-1.99798962149414,-1.96957376630052,-1.94447689951236,-1.90258753376367,10982.6666438361,0.999841273333062
"log_lik_catch[847]",-0.862562648912612,0.00062935467304893,0.0665355101723996,-0.997833530942983,-0.905777756034423,-0.860828425649523,-0.816429532019772,-0.737492203765466,11176.7634653631,0.999882222098066
"log_lik_catch[848]",-1.56260252238014,0.000556825273360279,0.0561455396880689,-1.68764980595011,-1.59605960607804,-1.55732064816687,-1.52326005533116,-1.46760678208907,10166.9957879428,0.999814738311613
"log_lik_catch[849]",-1.30626930992305,0.000755890146989861,0.07602793696411,-1.46591219039653,-1.35532131946523,-1.3030790155057,-1.25480692328292,-1.16455383986633,10116.4710534939,0.999866253898427
"log_lik_catch[850]",-1.97382221323322,0.00040282087489537,0.0422149101464071,-2.0705519202093,-1.99798962149414,-1.96957376630052,-1.94447689951236,-1.90258753376367,10982.6666438361,0.999841273333062
"log_lik_catch[851]",-0.862562648912612,0.00062935467304893,0.0665355101723996,-0.997833530942983,-0.905777756034423,-0.860828425649523,-0.816429532019772,-0.737492203765466,11176.7634653631,0.999882222098066
"log_lik_catch[852]",-0.54602700604626,0.000485858852219705,0.0515923350737334,-0.652946941764149,-0.57928080405897,-0.543601066938915,-0.509664248697481,-0.451567008964164,11275.8717937201,0.999892993736738
"log_lik_catch[853]",-0.862562648912612,0.00062935467304893,0.0665355101723996,-0.997833530942983,-0.905777756034423,-0.860828425649523,-0.816429532019772,-0.737492203765466,11176.7634653631,0.999882222098066
"log_lik_catch[854]",-2.59370497736522,0.00074098468933971,0.0726970532438541,-2.75597788374562,-2.63750108497119,-2.58511326158496,-2.54163848458051,-2.47202395143984,9625.31930701421,0.999991318731318
"log_lik_catch[855]",-1.94329898990843,0.000334198695157079,0.031600814851937,-2.01058764328544,-1.96300962597855,-1.94182574196031,-1.92142803045047,-1.88546985386546,8941.01993044634,1.00004730916572
"log_lik_catch[856]",-0.862562648912612,0.00062935467304893,0.0665355101723996,-0.997833530942983,-0.905777756034423,-0.860828425649523,-0.816429532019772,-0.737492203765466,11176.7634653631,0.999882222098066
"log_lik_catch[857]",-0.862562648912612,0.00062935467304893,0.0665355101723996,-0.997833530942983,-0.905777756034423,-0.860828425649523,-0.816429532019772,-0.737492203765466,11176.7634653631,0.999882222098066
"log_lik_catch[858]",-0.862562648912612,0.00062935467304893,0.0665355101723996,-0.997833530942983,-0.905777756034423,-0.860828425649523,-0.816429532019772,-0.737492203765466,11176.7634653631,0.999882222098066
"log_lik_catch[859]",-1.20584921856737,0.000712963969791808,0.0735752241468933,-1.35728547441482,-1.25364666276154,-1.20328270456037,-1.15649568631072,-1.06896209797443,10649.470668772,0.999860510763239
"log_lik_catch[860]",-2.90712655610615,0.00128244408422113,0.133831392458962,-3.19194434470581,-2.99291396671699,-2.89774014171556,-2.81117648756201,-2.67087279290951,10890.2817586753,0.999920333952678
"log_lik_catch[861]",-1.4836477574606,0.000941403833452585,0.0869938056180158,-1.66548373080894,-1.5399992079553,-1.47872257363109,-1.42301849714776,-1.32714479353535,8539.34843793268,0.999952294859339
"log_lik_catch[862]",-3.98495115945874,0.00232680478831598,0.248525356908558,-4.50605314093747,-4.14680962280973,-3.97587148931086,-3.80918537224755,-3.53268317299429,11408.3152741907,0.999940891897804
"log_lik_catch[863]",-0.862562648912612,0.00062935467304893,0.0665355101723996,-0.997833530942983,-0.905777756034423,-0.860828425649523,-0.816429532019772,-0.737492203765466,11176.7634653631,0.999882222098066
"log_lik_catch[864]",-2.60382674621682,0.00105420213061302,0.106408246241489,-2.83473686015999,-2.67011248221072,-2.59585142633978,-2.52822562966052,-2.41994292608133,10188.3250353217,0.999851947775604
"log_lik_catch[865]",-2.26242764987339,0.000406977645892943,0.0374106358265744,-2.34250583715999,-2.28548664381186,-2.26036431564915,-2.2364807009488,-2.19458094131671,8449.85133792303,1.00015990241794
"log_lik_catch[866]",-1.06615813074281,0.000679023096161288,0.0712508185530173,-1.21252373620605,-1.11231208647957,-1.06442987035888,-1.01768562149348,-0.930667028759306,11010.5908063881,0.999868649984363
"log_lik_catch[867]",-3.43695937814049,0.00179591205860785,0.190454204368331,-3.83672561421377,-3.56073978599436,-3.42798642101833,-3.30149028863051,-3.09610746827908,11246.3344763819,0.999925126715883
"log_lik_catch[868]",-3.43695937814049,0.00179591205860785,0.190454204368331,-3.83672561421377,-3.56073978599436,-3.42798642101833,-3.30149028863051,-3.09610746827908,11246.3344763819,0.999925126715883
"log_lik_catch[869]",-2.58320505240644,0.00149283057087889,0.143021993866383,-2.89052527190651,-2.6746690590522,-2.57505133970505,-2.48162222123596,-2.32759633710235,9178.77271791309,0.999932677415105
"log_lik_catch[870]",-1.20584921856737,0.000712963969791808,0.0735752241468933,-1.35728547441482,-1.25364666276154,-1.20328270456037,-1.15649568631072,-1.06896209797443,10649.470668772,0.999860510763239
"log_lik_catch[871]",-0.862562648912612,0.00062935467304893,0.0665355101723996,-0.997833530942983,-0.905777756034423,-0.860828425649523,-0.816429532019772,-0.737492203765466,11176.7634653631,0.999882222098066
"log_lik_catch[872]",-0.54602700604626,0.000485858852219705,0.0515923350737334,-0.652946941764149,-0.57928080405897,-0.543601066938915,-0.509664248697481,-0.451567008964164,11275.8717937201,0.999892993736738
"log_lik_catch[873]",-1.56260252238014,0.000556825273360279,0.0561455396880689,-1.68764980595011,-1.59605960607804,-1.55732064816687,-1.52326005533116,-1.46760678208907,10166.9957879428,0.999814738311613
"log_lik_catch[874]",-2.3361517290127,0.00111952162840412,0.110960948601995,-2.57585950414558,-2.40553528377928,-2.32883399205294,-2.25744034654719,-2.14312390130323,9823.70574124672,0.999872992735261
"log_lik_catch[875]",-0.862562648912612,0.00062935467304893,0.0665355101723996,-0.997833530942983,-0.905777756034423,-0.860828425649523,-0.816429532019772,-0.737492203765466,11176.7634653631,0.999882222098066
"log_lik_catch[876]",-0.862562648912612,0.00062935467304893,0.0665355101723996,-0.997833530942983,-0.905777756034423,-0.860828425649523,-0.816429532019772,-0.737492203765466,11176.7634653631,0.999882222098066
"log_lik_catch[877]",-3.98495115945874,0.00232680478831598,0.248525356908558,-4.50605314093747,-4.14680962280973,-3.97587148931086,-3.80918537224755,-3.53268317299429,11408.3152741907,0.999940891897804
"log_lik_catch[878]",-3.43695937814049,0.00179591205860785,0.190454204368331,-3.83672561421377,-3.56073978599436,-3.42798642101833,-3.30149028863051,-3.09610746827908,11246.3344763819,0.999925126715883
"log_lik_catch[879]",-2.50256034351404,0.000457886024564606,0.0414408215934968,-2.59220166303862,-2.52804683906175,-2.50026516908845,-2.47410010136373,-2.42814276147594,8191.09451804461,1.00021100328648
"log_lik_catch[880]",-0.862562648912612,0.00062935467304893,0.0665355101723996,-0.997833530942983,-0.905777756034423,-0.860828425649523,-0.816429532019772,-0.737492203765466,11176.7634653631,0.999882222098066
"log_lik_catch[881]",-2.76177063849674,0.000719958478133676,0.0692086466817434,-2.91734413706435,-2.80346269100536,-2.75373812462071,-2.71299947400511,-2.64610931337618,9240.72005398234,1.00003007656788
"log_lik_catch[882]",-0.862562648912612,0.00062935467304893,0.0665355101723996,-0.997833530942983,-0.905777756034423,-0.860828425649523,-0.816429532019772,-0.737492203765466,11176.7634653631,0.999882222098066
"log_lik_catch[883]",-3.32970369847362,0.00133578122397017,0.137983779288167,-3.63114718106929,-3.41702013889589,-3.31802718792156,-3.23113613483038,-3.09391315855582,10670.5155339052,0.999925695027209
"log_lik_catch[884]",-4.11603501026253,0.00233666732606869,0.249109775884856,-4.64617869583697,-4.27642574862791,-4.10435282361528,-3.93938250050139,-3.67123246649155,11365.4796949389,0.999937517648415
"log_lik_catch[885]",-1.20584921856737,0.000712963969791808,0.0735752241468933,-1.35728547441482,-1.25364666276154,-1.20328270456037,-1.15649568631072,-1.06896209797443,10649.470668772,0.999860510763239
"log_lik_catch[886]",-3.40211131067375,0.000853553574402736,0.0816821478733827,-3.58720372419044,-3.45045712737212,-3.39286319774673,-3.34458063942822,-3.26660246584703,9157.83317158,1.00003570038623
"log_lik_catch[887]",-0.862562648912612,0.00062935467304893,0.0665355101723996,-0.997833530942983,-0.905777756034423,-0.860828425649523,-0.816429532019772,-0.737492203765466,11176.7634653631,0.999882222098066
"log_lik_catch[888]",-0.54602700604626,0.000485858852219705,0.0515923350737334,-0.652946941764149,-0.57928080405897,-0.543601066938915,-0.509664248697481,-0.451567008964164,11275.8717937201,0.999892993736738
"log_lik_catch[889]",-2.59370497736522,0.00074098468933971,0.0726970532438541,-2.75597788374562,-2.63750108497119,-2.58511326158496,-2.54163848458051,-2.47202395143984,9625.31930701421,0.999991318731318
"log_lik_catch[890]",-0.862562648912612,0.00062935467304893,0.0665355101723996,-0.997833530942983,-0.905777756034423,-0.860828425649523,-0.816429532019772,-0.737492203765466,11176.7634653631,0.999882222098066
"log_lik_catch[891]",-0.862562648912612,0.00062935467304893,0.0665355101723996,-0.997833530942983,-0.905777756034423,-0.860828425649523,-0.816429532019772,-0.737492203765466,11176.7634653631,0.999882222098066
"log_lik_catch[892]",-1.30626930992305,0.000755890146989861,0.07602793696411,-1.46591219039653,-1.35532131946523,-1.3030790155057,-1.25480692328292,-1.16455383986633,10116.4710534939,0.999866253898427
"log_lik_catch[893]",-1.38111050754086,0.000811009939295067,0.0791782386654455,-1.54906252688421,-1.43236751092365,-1.3773647230834,-1.32690050289049,-1.23571148947987,9531.45758684658,0.999886692952042
"log_lik_catch[894]",-3.11751539245701,0.000559138506640134,0.0495482320172052,-3.22387943039234,-3.14805595112103,-3.11462034043702,-3.08387140145369,-3.02860528718348,7852.67314051628,1.00027524396941
"log_lik_catch[895]",-5.41007642833315,0.00343618128471416,0.367115258210406,-6.19854824943664,-5.646945327221,-5.39049432132279,-5.14843067270725,-4.75985509795034,11414.3907112436,0.999968802805121
"log_lik_catch[896]",-0.862562648912612,0.00062935467304893,0.0665355101723996,-0.997833530942983,-0.905777756034423,-0.860828425649523,-0.816429532019772,-0.737492203765466,11176.7634653631,0.999882222098066
"log_lik_catch[897]",-1.76509814673778,0.000937626504870784,0.092107859252997,-1.96379248522329,-1.82273819908393,-1.75902713158409,-1.69936922777268,-1.6041657297773,9650.14027486501,0.999875840146383
"log_lik_catch[898]",-1.56260252238014,0.000556825273360279,0.0561455396880689,-1.68764980595011,-1.59605960607804,-1.55732064816687,-1.52326005533116,-1.46760678208907,10166.9957879428,0.999814738311613
"log_lik_catch[899]",-2.68914615993653,0.000417146099526987,0.0387814376899089,-2.76732583450206,-2.71461378617402,-2.68816678283245,-2.66225627343983,-2.61525487151167,8643.13777382101,1.00024945821885
"log_lik_catch[900]",-2.40387682758146,0.000783537312886114,0.0789581700729194,-2.57761617192334,-2.45316764817332,-2.39624158786113,-2.34739528951324,-2.2687003992121,10154.8797139685,0.999949913179546
"log_lik_catch[901]",-1.20584921856737,0.000712963969791808,0.0735752241468933,-1.35728547441482,-1.25364666276154,-1.20328270456037,-1.15649568631072,-1.06896209797443,10649.470668772,0.999860510763239
"log_lik_catch[902]",-2.59370497736522,0.00074098468933971,0.0726970532438541,-2.75597788374562,-2.63750108497119,-2.58511326158496,-2.54163848458051,-2.47202395143984,9625.31930701421,0.999991318731318
"log_lik_catch[903]",-3.37115436352355,0.00121735823454628,0.124123987655363,-3.64360648609939,-3.4483512830108,-3.35904731418618,-3.28256125829073,-3.16102901057605,10396.2004203052,0.999936144830424
"log_lik_catch[904]",-0.54602700604626,0.000485858852219705,0.0515923350737334,-0.652946941764149,-0.57928080405897,-0.543601066938915,-0.509664248697481,-0.451567008964164,11275.8717937201,0.999892993736738
"log_lik_catch[905]",-2.85847514827347,0.000552947120254019,0.0479769745600124,-2.95991266108843,-2.88733671291603,-2.85540540397589,-2.82555242903316,-2.77402734339584,7528.32768531477,1.00055083115277
"log_lik_catch[906]",-3.28789145268784,0.0021230642494808,0.193743235735751,-3.7187600028612,-3.40789917863727,-3.27113756673955,-3.14724615457352,-2.96441679675192,8327.73358069348,0.999949097922982
"log_lik_catch[907]",-0.743493564688072,0.000885244898332954,0.0811639143130716,-0.911750434102856,-0.795984252659835,-0.738734020114822,-0.687394023833337,-0.597428543136966,8406.18807073215,0.999860247002103
"log_lik_catch[908]",-1.79371499648126,0.00121543757509435,0.114471618553679,-2.04976053795398,-1.86240055137889,-1.78264573150991,-1.71314768667765,-1.60371038868486,8870.13705420548,0.999932263144332
"log_lik_catch[909]",-2.71475633594894,0.000656337900073726,0.0573120286285801,-2.8483444430886,-2.74662216312287,-2.7074607521511,-2.675382026149,-2.62247569267931,7624.94290022307,1.00035910518994
"log_lik_catch[910]",-4.04901761401517,0.00340986432795958,0.312032226604292,-4.72598755204534,-4.24706508612397,-4.02929039647721,-3.82622504249767,-3.50280294661303,8373.84082186223,0.9999232447874
"log_lik_catch[911]",-2.26372042933377,0.000440281801766111,0.0389420349345697,-2.34640543762508,-2.28734749097904,-2.26094073596497,-2.2369016234155,-2.19540962643968,7823.04473922912,1.00040568094808
"log_lik_catch[912]",-2.16929678525817,0.00108793833484943,0.103932975521011,-2.40690238491119,-2.22953227162516,-2.15678130330925,-2.09521569423211,-2.00160721131383,9126.37189566542,0.999900019076496
"log_lik_catch[913]",-0.743493564688072,0.000885244898332954,0.0811639143130716,-0.911750434102856,-0.795984252659835,-0.738734020114822,-0.687394023833337,-0.597428543136966,8406.18807073215,0.999860247002103
"log_lik_catch[914]",-3.60170533471422,0.00184946037504736,0.167663226257078,-3.9875992638955,-3.7003493130965,-3.58123216789427,-3.47847135194444,-3.33781763990795,8218.36784231029,0.999998097847882
"log_lik_catch[915]",-1.98877702783514,0.000568811528870042,0.0556352076568129,-2.122724277544,-2.01733272007602,-1.98016809063883,-1.95043689206116,-1.90576749829346,9566.71081670035,0.999901716694633
"log_lik_catch[916]",-3.28789145268784,0.0021230642494808,0.193743235735751,-3.7187600028612,-3.40789917863727,-3.27113756673955,-3.14724615457352,-2.96441679675192,8327.73358069348,0.999949097922982
"log_lik_catch[917]",-1.98877702783514,0.000568811528870042,0.0556352076568129,-2.122724277544,-2.01733272007602,-1.98016809063883,-1.95043689206116,-1.90576749829346,9566.71081670035,0.999901716694633
"log_lik_catch[918]",-2.925534107544,0.00150566770922842,0.136602158090894,-3.23567968327741,-3.00796843436998,-2.91005762821346,-2.82493192415323,-2.7070326294033,8231.08047836603,0.999991395826836
"log_lik_catch[919]",-2.58133572168406,0.000917677652386697,0.0820734556091978,-2.77247651028174,-2.6284999948694,-2.56909939279442,-2.5213514048192,-2.45651521535153,7998.80532558111,1.00010563433779
"log_lik_catch[920]",-3.66344334927534,0.00275901079782062,0.252335361867082,-4.21666016964938,-3.82132830387558,-3.64513292670573,-3.48157933490699,-3.23015002245415,8364.68193914472,0.999930956907785
"log_lik_catch[921]",-1.98877702783514,0.000568811528870042,0.0556352076568129,-2.122724277544,-2.01733272007602,-1.98016809063883,-1.95043689206116,-1.90576749829346,9566.71081670035,0.999901716694633
"log_lik_catch[922]",-1.08685660546846,0.00100898704451621,0.0915563547542322,-1.27424682633879,-1.1465252217497,-1.08392998555598,-1.02335364847041,-0.918590317125553,8233.90414226359,0.999843655315235
"log_lik_catch[923]",-3.28789145268784,0.0021230642494808,0.193743235735751,-3.7187600028612,-3.40789917863727,-3.27113756673955,-3.14724615457352,-2.96441679675192,8327.73358069348,0.999949097922982
"log_lik_catch[924]",-2.925534107544,0.00150566770922842,0.136602158090894,-3.23567968327741,-3.00796843436998,-2.91005762821346,-2.82493192415323,-2.7070326294033,8231.08047836603,0.999991395826836
"log_lik_catch[925]",-2.37049603190058,0.00146948871416319,0.138454956661304,-2.67915683594859,-2.45398699864232,-2.35754865096405,-2.27322058930051,-2.13872625095195,8877.37377821029,0.999950312126977
"log_lik_catch[926]",-0.743493564688072,0.000885244898332954,0.0811639143130716,-0.911750434102856,-0.795984252659835,-0.738734020114822,-0.687394023833337,-0.597428543136966,8406.18807073215,0.999860247002103
"log_lik_catch[927]",-1.79371499648126,0.00121543757509435,0.114471618553679,-2.04976053795398,-1.86240055137889,-1.78264573150991,-1.71314768667765,-1.60371038868486,8870.13705420548,0.999932263144332
"log_lik_catch[928]",-0.743493564688072,0.000885244898332954,0.0811639143130716,-0.911750434102856,-0.795984252659835,-0.738734020114822,-0.687394023833337,-0.597428543136966,8406.18807073215,0.999860247002103
"log_lik_catch[929]",-2.34041830257588,0.000672359572445732,0.0604748176585681,-2.47420082369099,-2.376641120481,-2.33478136101936,-2.29759883792648,-2.23827090945,8089.95210458042,0.999899786481017
"log_lik_catch[930]",-0.873149140850168,0.000690524408564531,0.0703797429096115,-1.01444049183307,-0.92005832252517,-0.872519085416074,-0.825187541795,-0.739195523501545,10388.1277783225,0.999875045573904
"log_lik_catch[931]",-3.59325589405411,0.0015778914252632,0.158026683969,-3.94832002245386,-3.68833881509163,-3.57589409992574,-3.4791734989386,-3.33613489804098,10030.1313817395,0.999878898026172
"log_lik_catch[932]",-2.26080091178635,0.000369764931850728,0.0364130284458701,-2.33788589520408,-2.28289821336168,-2.2586771679524,-2.23593415259405,-2.19531152624919,9697.55294558828,1.00011068271763
"log_lik_catch[933]",-2.27408229764266,0.000461553449594201,0.0406659769043957,-2.36287840121083,-2.29850171143845,-2.27146288922409,-2.24603373916216,-2.20155105152232,7762.8003535955,0.99994941062856
"log_lik_catch[934]",-3.69191256850013,0.00120537591631978,0.121382931971248,-3.97098363739653,-3.76230241117817,-3.67534437376602,-3.60490739651338,-3.49988493838766,10140.7535275069,0.999919718586603
"log_lik_catch[935]",-0.873149140850168,0.000690524408564531,0.0703797429096115,-1.01444049183307,-0.92005832252517,-0.872519085416074,-0.825187541795,-0.739195523501545,10388.1277783225,0.999875045573904
"log_lik_catch[936]",-0.873149140850168,0.000690524408564531,0.0703797429096115,-1.01444049183307,-0.92005832252517,-0.872519085416074,-0.825187541795,-0.739195523501545,10388.1277783225,0.999875045573904
"log_lik_catch[937]",-1.94192484632224,0.000304708283765869,0.0309838393192264,-2.00709860389876,-1.96077846317181,-1.9405168875361,-1.92099049057272,-1.88542038311044,10339.557229409,0.99998581914573
"log_lik_catch[938]",-3.90725683103596,0.00222039696549265,0.219912419226968,-4.39064802303345,-4.04279422126959,-3.88674277467887,-3.74778710601987,-3.53882238019067,9809.30553946782,0.999857335127623
"log_lik_catch[939]",-2.88727300511925,0.00137037772742919,0.137280784560278,-3.18837121645388,-2.9724576728559,-2.87495112614187,-2.78863249457455,-2.65361429250738,10035.49784579,0.999882329523119
"log_lik_catch[940]",-2.27408229764266,0.000461553449594201,0.0406659769043957,-2.36287840121083,-2.29850171143845,-2.27146288922409,-2.24603373916216,-2.20155105152232,7762.8003535955,0.99994941062856
"log_lik_catch[941]",-0.554615597797606,0.000552035496309593,0.0547549518227716,-0.666312765886814,-0.590719299723446,-0.553349731020588,-0.516772651240756,-0.452400076683664,9838.13537268694,0.999903202175245
"log_lik_catch[942]",-0.554615597797606,0.000552035496309593,0.0547549518227716,-0.666312765886814,-0.590719299723446,-0.553349731020588,-0.516772651240756,-0.452400076683664,9838.13537268694,0.999903202175245
"log_lik_catch[943]",-1.77793341081509,0.001036704678127,0.0938797051126473,-1.97881941930056,-1.83823038142808,-1.77276980765378,-1.71107340733362,-1.61130667185387,8200.36752219816,1.00003606271391
"log_lik_catch[944]",-0.873149140850168,0.000690524408564531,0.0703797429096115,-1.01444049183307,-0.92005832252517,-0.872519085416074,-0.825187541795,-0.739195523501545,10388.1277783225,0.999875045573904
"log_lik_catch[945]",-1.07683035998599,0.000730833764940938,0.0755146269366713,-1.22939094210092,-1.12663790372976,-1.07556042533042,-1.02573078366162,-0.933192140279101,10676.4029054131,0.999834464565457
"log_lik_catch[946]",-1.97942647622835,0.000504773377121367,0.0450430915649008,-2.08033665744077,-2.00556366850398,-1.97486819070987,-1.94824981685647,-1.9049111950937,7962.7576797224,0.999877834803046
"log_lik_catch[947]",-2.39326298029492,0.000769475069410773,0.0790614231546266,-2.569857109517,-2.44062544505027,-2.38363844947414,-2.33653481091798,-2.26495135663534,10556.9909275332,0.999937691142957
"log_lik_catch[948]",-4.848681772803,0.00354755575376829,0.345728324533807,-5.60185109032558,-5.06485558622214,-4.81931465879853,-4.6021444983642,-4.25453082749016,9497.54727131059,0.999855096076032
"log_lik_catch[949]",-3.05004114739412,0.00178735640995326,0.17641005193571,-3.42208403881409,-3.16480457322888,-3.0399211900128,-2.92481593027595,-2.73154482968427,9741.46627509109,0.999864420215628
"log_lik_catch[950]",-2.93547665811532,0.00114993375759589,0.115978890520263,-3.1948318955273,-3.00475852373027,-2.92209183808013,-2.85176136259476,-2.74815560379848,10172.1382257276,0.999906271854714
"log_lik_catch[951]",-2.09006704261417,0.000793552064545836,0.0720581140585999,-2.24884635813916,-2.1347843711173,-2.08350555894205,-2.03878545947491,-1.96683580105212,8245.46079350144,0.99992573690734
"log_lik_catch[952]",-2.26080091178635,0.000369764931850728,0.0364130284458701,-2.33788589520408,-2.28289821336168,-2.2586771679524,-2.23593415259405,-2.19531152624919,9697.55294558828,1.00011068271763
"log_lik_catch[953]",-1.94192484632224,0.000304708283765869,0.0309838393192264,-2.00709860389876,-1.96077846317181,-1.9405168875361,-1.92099049057272,-1.88542038311044,10339.557229409,0.99998581914573
"log_lik_catch[954]",-0.873149140850168,0.000690524408564531,0.0703797429096115,-1.01444049183307,-0.92005832252517,-0.872519085416074,-0.825187541795,-0.739195523501545,10388.1277783225,0.999875045573904
"log_lik_catch[955]",-2.5007694435228,0.000417691704849968,0.0402127275162206,-2.58617284114034,-2.52547236997732,-2.49836703478318,-2.47373467215606,-2.42819834644353,9268.6260635508,1.00016799564605
"log_lik_catch[956]",-0.873149140850168,0.000690524408564531,0.0703797429096115,-1.01444049183307,-0.92005832252517,-0.872519085416074,-0.825187541795,-0.739195523501545,10388.1277783225,0.999875045573904
"log_lik_catch[957]",-1.57046808249431,0.000648251657173329,0.0581780389217833,-1.69931753209056,-1.60633980589378,-1.56553355312935,-1.52879288060397,-1.47176971404259,8054.3571689073,0.999944845295889
"log_lik_catch[958]",-1.77793341081509,0.001036704678127,0.0938797051126473,-1.97881941930056,-1.83823038142808,-1.77276980765378,-1.71107340733362,-1.61130667185387,8200.36752219816,1.00003606271391
"log_lik_catch[959]",-2.39326298029492,0.000769475069410773,0.0790614231546266,-2.569857109517,-2.44062544505027,-2.38363844947414,-2.33653481091798,-2.26495135663534,10556.9909275332,0.999937691142957
"log_lik_catch[960]",-2.09006704261417,0.000793552064545836,0.0720581140585999,-2.24884635813916,-2.1347843711173,-2.08350555894205,-2.03878545947491,-1.96683580105212,8245.46079350144,0.99992573690734
"log_lik_catch[961]",-0.554615597797606,0.000552035496309593,0.0547549518227716,-0.666312765886814,-0.590719299723446,-0.553349731020588,-0.516772651240756,-0.452400076683664,9838.13537268694,0.999903202175245
"log_lik_catch[962]",-2.27408229764266,0.000461553449594201,0.0406659769043957,-2.36287840121083,-2.29850171143845,-2.27146288922409,-2.24603373916216,-2.20155105152232,7762.8003535955,0.99994941062856
"log_lik_catch[963]",-4.848681772803,0.00354755575376829,0.345728324533807,-5.60185109032558,-5.06485558622214,-4.81931465879853,-4.6021444983642,-4.25453082749016,9497.54727131059,0.999855096076032
"log_lik_catch[964]",-1.94192484632224,0.000304708283765869,0.0309838393192264,-2.00709860389876,-1.96077846317181,-1.9405168875361,-1.92099049057272,-1.88542038311044,10339.557229409,0.99998581914573
"log_lik_catch[965]",-1.98593315773042,0.00133937293853515,0.121118081596578,-2.23992857218942,-2.06460536012284,-1.98075366728367,-1.90066227757698,-1.76751760667996,8177.39406725154,1.00010147063224
"log_lik_catch[966]",-2.26080091178635,0.000369764931850728,0.0364130284458701,-2.33788589520408,-2.28289821336168,-2.2586771679524,-2.23593415259405,-2.19531152624919,9697.55294558828,1.00011068271763
"log_lik_catch[967]",-0.873149140850168,0.000690524408564531,0.0703797429096115,-1.01444049183307,-0.92005832252517,-0.872519085416074,-0.825187541795,-0.739195523501545,10388.1277783225,0.999875045573904
"log_lik_catch[968]",-0.873149140850168,0.000690524408564531,0.0703797429096115,-1.01444049183307,-0.92005832252517,-0.872519085416074,-0.825187541795,-0.739195523501545,10388.1277783225,0.999875045573904
"log_lik_catch[969]",-1.77793341081509,0.001036704678127,0.0938797051126473,-1.97881941930056,-1.83823038142808,-1.77276980765378,-1.71107340733362,-1.61130667185387,8200.36752219816,1.00003606271391
"log_lik_catch[970]",-1.77793341081509,0.001036704678127,0.0938797051126473,-1.97881941930056,-1.83823038142808,-1.77276980765378,-1.71107340733362,-1.61130667185387,8200.36752219816,1.00003606271391
"log_lik_catch[971]",-1.77793341081509,0.001036704678127,0.0938797051126473,-1.97881941930056,-1.83823038142808,-1.77276980765378,-1.71107340733362,-1.61130667185387,8200.36752219816,1.00003606271391
"log_lik_catch[972]",-1.07683035998599,0.000730833764940938,0.0755146269366713,-1.22939094210092,-1.12663790372976,-1.07556042533042,-1.02573078366162,-0.933192140279101,10676.4029054131,0.999834464565457
"log_lik_catch[973]",-3.05004114739412,0.00178735640995326,0.17641005193571,-3.42208403881409,-3.16480457322888,-3.0399211900128,-2.92481593027595,-2.73154482968427,9741.46627509109,0.999864420215628
"log_lik_catch[974]",-0.873149140850168,0.000690524408564531,0.0703797429096115,-1.01444049183307,-0.92005832252517,-0.872519085416074,-0.825187541795,-0.739195523501545,10388.1277783225,0.999875045573904
"log_lik_catch[975]",-0.873149140850168,0.000690524408564531,0.0703797429096115,-1.01444049183307,-0.92005832252517,-0.872519085416074,-0.825187541795,-0.739195523501545,10388.1277783225,0.999875045573904
"log_lik_catch[976]",-0.420903127359032,0.000467442091125394,0.0473930425734248,-0.518861360389123,-0.451913914542745,-0.419326362266418,-0.387597656398624,-0.333541574388572,10279.5368850827,0.99977976660642
"log_lik_catch[977]",-0.420903127359032,0.000467442091125394,0.0473930425734248,-0.518861360389123,-0.451913914542745,-0.419326362266418,-0.387597656398624,-0.333541574388572,10279.5368850827,0.99977976660642
"log_lik_catch[978]",-2.03236933543459,0.00061126328513131,0.0637708786608777,-2.17728467689634,-2.07059342641715,-2.02466155413935,-1.9858561526883,-1.92982362207885,10883.9911390521,0.999823509791503
"log_lik_catch[979]",-0.698895695725213,0.000641207591267688,0.066305122282283,-0.833301916466496,-0.742667939334299,-0.697883075392037,-0.652732772663887,-0.574184464425899,10692.9331079718,0.999766165179959
"log_lik_catch[980]",-3.80988307396363,0.00240869021095207,0.244442392847635,-4.33863966785279,-3.96261020093355,-3.78926176210309,-3.63531642147705,-3.38999959405662,10298.9074986185,0.999703471220758
"log_lik_catch[981]",-0.895075528271584,0.000702132450563376,0.073988177300352,-1.04327753192043,-0.943741584004182,-0.894683325098894,-0.843351431804052,-0.753894494192068,11104.1818759628,0.999750724482259
"log_lik_catch[982]",-1.03967581260282,0.000720373708183175,0.0770266665767792,-1.1926665578789,-1.09009434072828,-1.0394618250332,-0.986710122929328,-0.892282236999815,11433.1657520329,0.999733950953008
"log_lik_catch[983]",-1.03967581260282,0.000720373708183175,0.0770266665767792,-1.1926665578789,-1.09009434072828,-1.0394618250332,-0.986710122929328,-0.892282236999815,11433.1657520329,0.999733950953008
"log_lik_catch[984]",-0.698895695725213,0.000641207591267688,0.066305122282283,-0.833301916466496,-0.742667939334299,-0.697883075392037,-0.652732772663887,-0.574184464425899,10692.9331079718,0.999766165179959
"log_lik_catch[985]",-1.58919654658,0.000742389731614046,0.0669570024136338,-1.73957730168391,-1.6296839933847,-1.58294024480746,-1.54195694009181,-1.47771190675881,8134.44809925249,0.999818820563201
"log_lik_catch[986]",-1.58919654658,0.000742389731614046,0.0669570024136338,-1.73957730168391,-1.6296839933847,-1.58294024480746,-1.54195694009181,-1.47771190675881,8134.44809925249,0.999818820563201
"log_lik_catch[987]",-0.420903127359032,0.000467442091125394,0.0473930425734248,-0.518861360389123,-0.451913914542745,-0.419326362266418,-0.387597656398624,-0.333541574388572,10279.5368850827,0.99977976660642
"log_lik_catch[988]",-0.420903127359032,0.000467442091125394,0.0473930425734248,-0.518861360389123,-0.451913914542745,-0.419326362266418,-0.387597656398624,-0.333541574388572,10279.5368850827,0.99977976660642
"log_lik_catch[989]",-1.58919654658,0.000742389731614046,0.0669570024136338,-1.73957730168391,-1.6296839933847,-1.58294024480746,-1.54195694009181,-1.47771190675881,8134.44809925249,0.999818820563201
"log_lik_catch[990]",-1.96339448716594,0.000458209258928167,0.0411458417231693,-2.05749231017919,-1.98693567942242,-1.95889884832775,-1.93500454464301,-1.89554097941121,8063.51096818226,0.999922362553749
"log_lik_catch[991]",-0.420903127359032,0.000467442091125394,0.0473930425734248,-0.518861360389123,-0.451913914542745,-0.419326362266418,-0.387597656398624,-0.333541574388572,10279.5368850827,0.99977976660642
"log_lik_catch[992]",-0.698895695725213,0.000641207591267688,0.066305122282283,-0.833301916466496,-0.742667939334299,-0.697883075392037,-0.652732772663887,-0.574184464425899,10692.9331079718,0.999766165179959
"log_lik_catch[993]",-0.420903127359032,0.000467442091125394,0.0473930425734248,-0.518861360389123,-0.451913914542745,-0.419326362266418,-0.387597656398624,-0.333541574388572,10279.5368850827,0.99977976660642
"log_lik_catch[994]",-1.58919654658,0.000742389731614046,0.0669570024136338,-1.73957730168391,-1.6296839933847,-1.58294024480746,-1.54195694009181,-1.47771190675881,8134.44809925249,0.999818820563201
"log_lik_catch[995]",-1.73396800274056,0.00104501601352519,0.0946574218359657,-1.94093486704725,-1.79336175779896,-1.72724423648934,-1.66725696313818,-1.5696678632221,8204.71409442149,0.99984889560985
"log_lik_catch[996]",-2.02359704714479,0.0015167400289136,0.136388502084619,-2.31167269129603,-2.11160352397741,-2.01584954859235,-1.92726459321592,-1.77941212765549,8085.9904156931,0.999916583819959
"log_lik_catch[997]",-0.420903127359032,0.000467442091125394,0.0473930425734248,-0.518861360389123,-0.451913914542745,-0.419326362266418,-0.387597656398624,-0.333541574388572,10279.5368850827,0.99977976660642
"log_lik_catch[998]",-1.96339448716594,0.000458209258928167,0.0411458417231693,-2.05749231017919,-1.98693567942242,-1.95889884832775,-1.93500454464301,-1.89554097941121,8063.51096818226,0.999922362553749
"log_lik_catch[999]",-2.03236933543459,0.00061126328513131,0.0637708786608777,-2.17728467689634,-2.07059342641715,-2.02466155413935,-1.9858561526883,-1.92982362207885,10883.9911390521,0.999823509791503
"log_lik_catch[1000]",-1.4056172826511,0.000827522107002352,0.0840747525633088,-1.58336074411543,-1.45932481786724,-1.40162611326773,-1.34774041929777,-1.25159519964756,10322.1932688227,0.999746991687128
"log_lik_catch[1001]",-2.03236933543459,0.00061126328513131,0.0637708786608777,-2.17728467689634,-2.07059342641715,-2.02466155413935,-1.9858561526883,-1.92982362207885,10883.9911390521,0.999823509791503
"log_lik_catch[1002]",-2.62468208715785,0.000868629502829305,0.0883919399643329,-2.82870554577748,-2.67675844133364,-2.61286474728942,-2.55996620146922,-2.48434018812507,10355.1448716088,0.999839001782146
"log_lik_catch[1003]",-2.03236933543459,0.00061126328513131,0.0637708786608777,-2.17728467689634,-2.07059342641715,-2.02466155413935,-1.9858561526883,-1.92982362207885,10883.9911390521,0.999823509791503
"log_lik_catch[1004]",-0.698895695725213,0.000641207591267688,0.066305122282283,-0.833301916466496,-0.742667939334299,-0.697883075392037,-0.652732772663887,-0.574184464425899,10692.9331079718,0.999766165179959
"log_lik_catch[1005]",-1.23568865598276,0.000739435705739973,0.0793319276754332,-1.39737568327407,-1.28642607891573,-1.23443701021594,-1.18203051822669,-1.0855833143327,11510.5262285785,0.999712694282914
"log_lik_catch[1006]",-2.33239087306618,0.000672250742525054,0.0617044109793355,-2.47347099145063,-2.36778085646336,-2.3253845565881,-2.28858651437645,-2.23263834594637,8424.99866536871,0.999844432815801
"log_lik_catch[1007]",-0.698895695725213,0.000641207591267688,0.066305122282283,-0.833301916466496,-0.742667939334299,-0.697883075392037,-0.652732772663887,-0.574184464425899,10692.9331079718,0.999766165179959
"log_lik_catch[1008]",-2.29744199062544,0.0012506238489304,0.114695847222304,-2.54633397708659,-2.3688246286101,-2.2893803606271,-2.21658668084782,-2.09756850963999,8410.89042185302,0.999830309488942
"log_lik_catch[1009]",-0.895075528271584,0.000702132450563376,0.073988177300352,-1.04327753192043,-0.943741584004182,-0.894683325098894,-0.843351431804052,-0.753894494192068,11104.1818759628,0.999750724482259
"log_lik_catch[1010]",-0.895075528271584,0.000702132450563376,0.073988177300352,-1.04327753192043,-0.943741584004182,-0.894683325098894,-0.843351431804052,-0.753894494192068,11104.1818759628,0.999750724482259
"log_lik_catch[1011]",-4.08292692068828,0.00375856404333619,0.350586885955959,-4.91817352322664,-4.27293119383695,-4.03178894643412,-3.82960914538751,-3.5583930842942,8700.56436644164,0.999954989590976
"log_lik_catch[1012]",-2.02135847473169,0.000941342864302532,0.0868507282329254,-2.24304775236255,-2.06534092314789,-2.00397426518659,-1.9584540135842,-1.90492640674476,8512.38502234323,0.999852466372356
"log_lik_catch[1013]",-2.61036786164016,0.00131833739172007,0.121304865040115,-2.92270296536512,-2.66871889460575,-2.58381590025724,-2.5235557902136,-2.45422567152398,8466.48801359431,0.999859381192168
"log_lik_catch[1014]",-1.99027697049379,0.000788887996915259,0.0709510703405083,-2.17311052718911,-2.02022837456075,-1.97435306113587,-1.94284823075524,-1.89791983390529,8088.85790641085,1.00039997148542
"log_lik_catch[1015]",-1.14614300945277,0.00074521341679025,0.0758991532259479,-1.30381780936195,-1.19469086677055,-1.14319508833209,-1.09443469584696,-1.00455933444979,10373.1947303349,1.00019457133519
"log_lik_catch[1016]",-1.87233748542278,0.000964822705882962,0.100143330738354,-2.09045807692405,-1.93485831754215,-1.86632298541423,-1.80340033843452,-1.69164492240977,10773.3069210259,1.00033736771294
"log_lik_catch[1017]",-1.51478327383755,0.00109553707869878,0.0955236440000474,-1.71865345514492,-1.57544128905955,-1.5082342135576,-1.4483816654122,-1.34465637515173,7602.69557483747,1.00015238359572
"log_lik_catch[1018]",-2.52973861884365,0.000526500315220904,0.0510341963156845,-2.64521546936829,-2.56055656760323,-2.52465487205161,-2.49384904424557,-2.44247827326387,9395.61664785295,1.00000073160634
"log_lik_catch[1019]",-2.83053047410961,0.000819104417099467,0.0854031605925827,-3.02220432481457,-2.88235817861042,-2.82223767455917,-2.76948351057221,-2.68866866998076,10870.9963720923,1.00019797326663
"log_lik_catch[1020]",-1.44215869359376,0.000974873818518799,0.088347548104096,-1.63057598330229,-1.49863072411045,-1.43672621580866,-1.38075088311702,-1.28355722481994,8212.81779986525,1.00012826027431
"log_lik_catch[1021]",-2.02399298618269,0.00049544304638781,0.0543366379997486,-2.14665215594414,-2.05612732440742,-2.01850931218042,-1.98579716026878,-1.93277481562482,12028.1283113997,1.000431833694
"log_lik_catch[1022]",-1.14614300945277,0.00074521341679025,0.0758991532259479,-1.30381780936195,-1.19469086677055,-1.14319508833209,-1.09443469584696,-1.00455933444979,10373.1947303349,1.00019457133519
"log_lik_catch[1023]",-3.48011403051851,0.000608846381177982,0.0640513058746483,-3.61999238839663,-3.5190360880984,-3.4747956492649,-3.43524560529882,-3.36860234589233,11067.2703504729,1.00056626204812
"log_lik_catch[1024]",-3.14948128865948,0.00115548296391299,0.123872836884752,-3.42305535484974,-3.22494863153688,-3.13897883993234,-3.0621136926028,-2.93766357877271,11492.7794878879,1.00032154927118
"log_lik_catch[1025]",-3.14948128865948,0.00115548296391299,0.123872836884752,-3.42305535484974,-3.22494863153688,-3.13897883993234,-3.0621136926028,-2.93766357877271,11492.7794878879,1.00032154927118
"log_lik_catch[1026]",-3.14948128865948,0.00115548296391299,0.123872836884752,-3.42305535484974,-3.22494863153688,-3.13897883993234,-3.0621136926028,-2.93766357877271,11492.7794878879,1.00032154927118
"log_lik_catch[1027]",-3.14948128865948,0.00115548296391299,0.123872836884752,-3.42305535484974,-3.22494863153688,-3.13897883993234,-3.0621136926028,-2.93766357877271,11492.7794878879,1.00032154927118
"log_lik_catch[1028]",-3.48492893129016,0.000979392941699508,0.102219323128195,-3.7162026846164,-3.54604840563241,-3.47405916566868,-3.41216481052514,-3.31719132395283,10893.1143348495,1.0002120598041
"log_lik_catch[1029]",-2.84807967543344,0.000444307568894125,0.0401547153337815,-2.92825926306528,-2.87508641112971,-2.84760506640885,-2.82049705869648,-2.77085186574991,8167.81099703905,1.00022395291751
"log_lik_catch[1030]",-3.14948128865948,0.00115548296391299,0.123872836884752,-3.42305535484974,-3.22494863153688,-3.13897883993234,-3.0621136926028,-2.93766357877271,11492.7794878879,1.00032154927118
"log_lik_catch[1031]",-3.14948128865948,0.00115548296391299,0.123872836884752,-3.42305535484974,-3.22494863153688,-3.13897883993234,-3.0621136926028,-2.93766357877271,11492.7794878879,1.00032154927118
"log_lik_catch[1032]",-1.14614300945277,0.00074521341679025,0.0758991532259479,-1.30381780936195,-1.19469086677055,-1.14319508833209,-1.09443469584696,-1.00455933444979,10373.1947303349,1.00019457133519
"log_lik_catch[1033]",-6.19232243122451,0.00447955868059657,0.471507907603884,-7.21998632822216,-6.48773428148851,-6.16265876038472,-5.86648239340705,-5.3570723769521,11079.1770118709,1.00060379521958
"log_lik_catch[1034]",-3.15044771722885,0.000638053924032094,0.0611887095363452,-3.28850288129687,-3.18715561308226,-3.14430481113556,-3.10739445497777,-3.04654979426629,9196.61106948169,1.00002539492384
"log_lik_catch[1035]",-1.87233748542278,0.000964822705882962,0.100143330738354,-2.09045807692405,-1.93485831754215,-1.86632298541423,-1.80340033843452,-1.69164492240977,10773.3069210259,1.00033736771294
"log_lik_catch[1036]",-0.80039876200412,0.000615117807409082,0.0656753846563079,-0.935805273064366,-0.842478216208422,-0.798943549349523,-0.755504365450962,-0.677877800158303,11399.5747443314,1.00033282834451
"log_lik_catch[1037]",-1.96345928847485,0.000390330303419478,0.0387625757274598,-2.05023950898055,-1.98724483235802,-1.95957006781491,-1.93660099739567,-1.89563335776629,9861.90278320038,0.999944908145496
"log_lik_catch[1038]",-2.02399298618269,0.00049544304638781,0.0543366379997486,-2.14665215594414,-2.05612732440742,-2.01850931218042,-1.98579716026878,-1.93277481562482,12028.1283113997,1.000431833694
"log_lik_catch[1039]",-2.25552985708734,0.000352493073414277,0.033031008610204,-2.32306441963389,-2.27725801561669,-2.2548478662028,-2.23275463143619,-2.19180064637766,8780.97004372826,1.00010695023759
"log_lik_catch[1040]",-2.52973861884365,0.000526500315220904,0.0510341963156845,-2.64521546936829,-2.56055656760323,-2.52465487205161,-2.49384904424557,-2.44247827326387,9395.61664785295,1.00000073160634
"log_lik_catch[1041]",-1.87233748542278,0.000964822705882962,0.100143330738354,-2.09045807692405,-1.93485831754215,-1.86632298541423,-1.80340033843452,-1.69164492240977,10773.3069210259,1.00033736771294
"log_lik_catch[1042]",-3.84058708687521,0.00138877506495192,0.1489574520608,-4.17486068169761,-3.92972967392185,-3.82653692249295,-3.73500076779924,-3.59028627080406,11504.3119505586,1.00033988593257
"log_lik_catch[1043]",-3.49755016763299,0.00134749590840282,0.139539853189141,-3.80299392271211,-3.58361344571155,-3.48830504886351,-3.4011346491232,-3.24729476906212,10723.6248674445,1.00033484520091
"log_lik_catch[1044]",-4.25501478226994,0.00262974577579781,0.282489561518974,-4.84963210924236,-4.43429476773135,-4.24269287142456,-4.06135684298764,-3.73071535056135,11539.2418740163,1.00055528865677
"log_lik_catch[1045]",-4.25501478226994,0.00262974577579781,0.282489561518974,-4.84963210924236,-4.43429476773135,-4.24269287142456,-4.06135684298764,-3.73071535056135,11539.2418740163,1.00055528865677
"log_lik_catch[1046]",-2.02399298618269,0.00049544304638781,0.0543366379997486,-2.14665215594414,-2.05612732440742,-2.01850931218042,-1.98579716026878,-1.93277481562482,12028.1283113997,1.000431833694
"log_lik_catch[1047]",-2.02399298618269,0.00049544304638781,0.0543366379997486,-2.14665215594414,-2.05612732440742,-2.01850931218042,-1.98579716026878,-1.93277481562482,12028.1283113997,1.000431833694
"log_lik_catch[1048]",-2.96832722849267,0.00230819671881282,0.214598651074565,-3.42503108793708,-3.1067987637442,-2.95794896934242,-2.81864095703548,-2.57106250140124,8643.87219299269,1.00030573089166
"log_lik_catch[1049]",-2.52973861884365,0.000526500315220904,0.0510341963156845,-2.64521546936829,-2.56055656760323,-2.52465487205161,-2.49384904424557,-2.44247827326387,9395.61664785295,1.00000073160634
"log_lik_catch[1050]",-1.87233748542278,0.000964822705882962,0.100143330738354,-2.09045807692405,-1.93485831754215,-1.86632298541423,-1.80340033843452,-1.69164492240977,10773.3069210259,1.00033736771294
"log_lik_catch[1051]",-2.96832722849267,0.00230819671881282,0.214598651074565,-3.42503108793708,-3.1067987637442,-2.95794896934242,-2.81864095703548,-2.57106250140124,8643.87219299269,1.00030573089166
"log_lik_catch[1052]",-3.84058708687521,0.00138877506495192,0.1489574520608,-4.17486068169761,-3.92972967392185,-3.82653692249295,-3.73500076779924,-3.59028627080406,11504.3119505586,1.00033988593257
"log_lik_catch[1053]",-1.87233748542278,0.000964822705882962,0.100143330738354,-2.09045807692405,-1.93485831754215,-1.86632298541423,-1.80340033843452,-1.69164492240977,10773.3069210259,1.00033736771294
"log_lik_catch[1054]",-1.52028698988536,0.000405573322320378,0.0435578237236915,-1.61807886994236,-1.54640869108824,-1.51603730883884,-1.48971675482374,-1.4463836180257,11534.3622088051,1.00030398389871
"log_lik_catch[1055]",-2.83053047410961,0.000819104417099467,0.0854031605925827,-3.02220432481457,-2.88235817861042,-2.82223767455917,-2.76948351057221,-2.68866866998076,10870.9963720923,1.00019797326663
"log_lik_catch[1056]",-3.14948128865948,0.00115548296391299,0.123872836884752,-3.42305535484974,-3.22494863153688,-3.13897883993234,-3.0621136926028,-2.93766357877271,11492.7794878879,1.00032154927118
"log_lik_catch[1057]",-2.25552985708734,0.000352493073414277,0.033031008610204,-2.32306441963389,-2.27725801561669,-2.2548478662028,-2.23275463143619,-2.19180064637766,8780.97004372826,1.00010695023759
"log_lik_catch[1058]",-1.87233748542278,0.000964822705882962,0.100143330738354,-2.09045807692405,-1.93485831754215,-1.86632298541423,-1.80340033843452,-1.69164492240977,10773.3069210259,1.00033736771294
"log_lik_catch[1059]",-0.80039876200412,0.000615117807409082,0.0656753846563079,-0.935805273064366,-0.842478216208422,-0.798943549349523,-0.755504365450962,-0.677877800158303,11399.5747443314,1.00033282834451
"log_lik_catch[1060]",-1.39003689502234,0.000885765440397534,0.0849959655191854,-1.56894495075504,-1.44470970106897,-1.3861429813713,-1.33153819323954,-1.23564644477738,9207.869598467,1.00016433157224
"log_lik_catch[1061]",-1.9066107296176,0.00118742062819424,0.117353557047336,-2.16321277556638,-1.97997849479385,-1.89731235905353,-1.8249701871289,-1.69720354124441,9767.49813507853,1.00035734867613
"log_lik_catch[1062]",-1.45997680732186,0.000252259102126678,0.0253371660083148,-1.51330786281946,-1.47582875682676,-1.45873777886895,-1.44287260282559,-1.41366223634397,10088.4020713269,0.99985855979972
"log_lik_catch[1063]",-3.61814020465427,0.00212381142080282,0.223661241339028,-4.10081571017721,-3.75631379903044,-3.60133465279486,-3.46234942082716,-3.22072986090651,11090.4599567191,1.0005795818764
"log_lik_catch[1064]",-1.9066107296176,0.00118742062819424,0.117353557047336,-2.16321277556638,-1.97997849479385,-1.89731235905353,-1.8249701871289,-1.69720354124441,9767.49813507853,1.00035734867613
"log_lik_catch[1065]",-0.965698674430104,0.000727970728921554,0.0762074227894462,-1.12493798674957,-1.0150019534579,-0.964482553275931,-0.913243076221979,-0.821716307803212,10958.8937260685,1.00032851844036
"log_lik_catch[1066]",-1.9066107296176,0.00118742062819424,0.117353557047336,-2.16321277556638,-1.97997849479385,-1.89731235905353,-1.8249701871289,-1.69720354124441,9767.49813507853,1.00035734867613
"log_lik_catch[1067]",-2.26056773514589,0.000370301617156157,0.0353235909702797,-2.33535936086523,-2.28270706674517,-2.25916460110416,-2.23638900923885,-2.1954719073929,9099.51985728664,1.00008425601815
"log_lik_catch[1068]",-2.50026037703989,0.00040896364295509,0.0384346101917207,-2.58116434609332,-2.52467984029289,-2.4988598999955,-2.47416796521818,-2.42915507305612,8832.33554993095,1.00012864015489
"log_lik_catch[1069]",-2.14457746620665,0.00152948354643487,0.147254130298154,-2.46298763014917,-2.23760632619345,-2.13460348453975,-2.0438870877917,-1.87853038436041,9269.26612964081,1.00033228688515
"log_lik_catch[1070]",-1.65272029813224,0.000761288891588421,0.077758408453269,-1.82676075543429,-1.70024270776964,-1.64464031191017,-1.59819934585033,-1.51982753682454,10432.6764867691,1.0003790467627
"log_lik_catch[1071]",-0.965698674430104,0.000727970728921554,0.0762074227894462,-1.12493798674957,-1.0150019534579,-0.964482553275931,-0.913243076221979,-0.821716307803212,10958.8937260685,1.00032851844036
"log_lik_catch[1072]",-1.9066107296176,0.00118742062819424,0.117353557047336,-2.16321277556638,-1.97997849479385,-1.89731235905353,-1.8249701871289,-1.69720354124441,9767.49813507853,1.00035734867613
"log_lik_catch[1073]",-3.61164554288475,0.00105444096359121,0.105488477031767,-3.85929017300224,-3.67141790990297,-3.59765400450162,-3.53655843104372,-3.44760805838789,10008.4196297249,0.999771933664379
"log_lik_catch[1074]",-1.48679667283295,0.000363589875575383,0.0377800673908693,-1.57511519020629,-1.50826099026054,-1.48226392172787,-1.4602128684891,-1.42502467232458,10796.9699733237,0.999773544256697
"log_lik_catch[1075]",-4.47084571591537,0.00221481255649084,0.24065843710654,-5.01409011088941,-4.61449135013233,-4.44932911256618,-4.29723128416348,-4.07250087840127,11806.691889285,0.999781080944969
"log_lik_catch[1076]",-0.729574244836792,0.000649834422654222,0.0707105358025902,-0.876430978152603,-0.775841537449582,-0.725920053609778,-0.680695176964166,-0.597953904845082,11840.3033862428,0.999716753401651
"log_lik_catch[1077]",-3.31685163298577,0.00166072910649709,0.179682395793146,-3.71878923171392,-3.42682277220346,-3.30341902855301,-3.18692166378114,-3.01002830510004,11706.1332834312,0.999759665159065
"log_lik_catch[1078]",-2.99952516261561,0.00107271438699638,0.114635494531298,-3.25205891865453,-3.07094906437114,-2.98807599940118,-2.91777996288091,-2.80630718786508,11420.1026353254,0.999792923291308
"log_lik_catch[1079]",-4.58763610663566,0.00298032591339797,0.328373840281335,-5.31220269534019,-4.789532376095,-4.56639499293809,-4.35307991491871,-4.02252846042683,12139.7456102664,0.999803437504731
"log_lik_catch[1080]",-2.60908319118134,0.00121730727916224,0.13111867155201,-2.89553644688222,-2.68996171865385,-2.60074780116136,-2.51457771173262,-2.38058140232688,11601.8873138445,0.999747622846856
"log_lik_catch[1081]",-1.07264591463636,0.000760921789440501,0.0812675506581104,-1.24110687143705,-1.12605308622246,-1.07013828038586,-1.01718233721749,-0.918277658205063,11406.549780848,0.999687825541298
"log_lik_catch[1082]",-2.60908319118134,0.00121730727916224,0.13111867155201,-2.89553644688222,-2.68996171865385,-2.60074780116136,-2.51457771173262,-2.38058140232688,11601.8873138445,0.999747622846856
"log_lik_catch[1083]",-3.11080935078768,0.000506278320540874,0.0440858383320989,-3.19934796028057,-3.13978649352482,-3.1092346895069,-3.08099576839709,-3.0274304940899,7582.62443227289,0.99999892001558
"log_lik_catch[1084]",-3.83316825000557,0.0017607784949329,0.189451353589363,-4.26546734853911,-3.94635980008627,-3.8159885719152,-3.69538248482845,-3.52026765923925,11576.7318625196,0.999765132014672
"log_lik_catch[1085]",-3.31685163298577,0.00166072910649709,0.179682395793146,-3.71878923171392,-3.42682277220346,-3.30341902855301,-3.18692166378114,-3.01002830510004,11706.1332834312,0.999759665159065
"log_lik_catch[1086]",-2.15078711028548,0.000846326132521712,0.0903249768628855,-2.35251436466925,-2.20689249109557,-2.14076982037156,-2.08535488816424,-2.00164444144846,11390.4325294775,0.999797964368471
"log_lik_catch[1087]",-0.729574244836792,0.000649834422654222,0.0707105358025902,-0.876430978152603,-0.775841537449582,-0.725920053609778,-0.680695176964166,-0.597953904845082,11840.3033862428,0.999716753401651
"log_lik_catch[1088]",-1.386065389079,0.000888277225365758,0.0870204529387312,-1.57223636313655,-1.44138476656948,-1.38155524024994,-1.32644443065334,-1.22675358115532,9597.22384208032,0.999727119801528
"log_lik_catch[1089]",-2.69284729602867,0.000439158256112724,0.0407443888552104,-2.77878662285859,-2.71863570519173,-2.69104148078557,-2.66495538254439,-2.61824484623779,8607.8266501392,0.999942157209116
"log_lik_catch[1090]",-3.62505263829472,0.00148870770505968,0.157870218789498,-3.98467576791072,-3.71803507590204,-3.60875760588608,-3.51074635855717,-3.36919138036177,11245.5719722585,0.9997594409699
"log_lik_catch[1091]",-1.97884459310251,0.000435534977486331,0.0471087842626386,-2.0905705781071,-2.00548342792029,-1.97266271904713,-1.94577407437955,-1.90366128779297,11699.2417674267,0.999774651659838
"log_lik_catch[1092]",-1.97884459310251,0.000435534977486331,0.0471087842626386,-2.0905705781071,-2.00548342792029,-1.97266271904713,-1.94577407437955,-1.90366128779297,11699.2417674267,0.999774651659838
"log_lik_catch[1093]",-3.47239937734148,0.00155082892063837,0.165993349930456,-3.84835718973672,-3.57178226399912,-3.45726658984195,-3.35165082751809,-3.19680306376543,11456.5431831262,0.999759179860429
"log_lik_catch[1094]",-1.46667498817335,0.000989327281813107,0.0916343880566097,-1.66354256514754,-1.52427277437058,-1.46156044013202,-1.4034162261952,-1.30185061923262,8579.00650383553,0.999796080860392
"log_lik_catch[1095]",-1.26567432226158,0.000815205022088585,0.0837969110079796,-1.44032916240583,-1.32038182238428,-1.2622515704989,-1.20899135852189,-1.10814409967182,10566.2851379034,0.999685276042979
"log_lik_catch[1096]",-1.77405940799098,0.000991050447837843,0.101304906230023,-1.99560524085945,-1.83864703474864,-1.76564822827596,-1.7014732748682,-1.60119469296046,10448.8725897722,0.999853711602844
"log_lik_catch[1097]",-1.07264591463636,0.000760921789440501,0.0812675506581104,-1.24110687143705,-1.12605308622246,-1.07013828038586,-1.01718233721749,-0.918277658205063,11406.549780848,0.999687825541298
"log_lik_catch[1098]",-2.75433690990025,0.000800727539641473,0.0767128712718933,-2.9406457987727,-2.7936784854635,-2.74150045429067,-2.70086705602735,-2.63776071010344,9178.3992525642,0.999995802703898
"log_lik_catch[1099]",-1.04996128169893,0.00087773305750728,0.0954256519190258,-1.2403728829656,-1.1125443068884,-1.04774455187062,-0.984902243384171,-0.865811768169003,11819.6702543787,0.99985889933579
"log_lik_catch[1100]",-0.535193824743136,0.000686642519064935,0.0726823963477204,-0.687721928447338,-0.581533904499746,-0.531264792351729,-0.48453143923357,-0.403903518053922,11204.6189014523,0.999938464845957
"log_lik_catch[1101]",-2.19295763465792,0.00130026857636635,0.12352574841412,-2.47519580907489,-2.26656346552338,-2.17819796193534,-2.1033095449457,-1.99664967136974,9025.03414318623,1.00004525907987
"log_lik_catch[1102]",-0.847572739725807,0.000855307101292858,0.0918350925807819,-1.0335971766882,-0.908401690499585,-0.844696151546991,-0.784574626914633,-0.674235357448459,11528.5100007465,0.999901479918614
"log_lik_catch[1103]",-0.535193824743136,0.000686642519064935,0.0726823963477204,-0.687721928447338,-0.581533904499746,-0.531264792351729,-0.48453143923357,-0.403903518053922,11204.6189014523,0.999938464845957
"log_lik_catch[1104]",-0.847572739725807,0.000855307101292858,0.0918350925807819,-1.0335971766882,-0.908401690499585,-0.844696151546991,-0.784574626914633,-0.674235357448459,11528.5100007465,0.999901479918614
"log_lik_catch[1105]",-0.847572739725807,0.000855307101292858,0.0918350925807819,-1.0335971766882,-0.908401690499585,-0.844696151546991,-0.784574626914633,-0.674235357448459,11528.5100007465,0.999901479918614
"log_lik_catch[1106]",-1.95032680543292,0.00170422176852508,0.157734890396679,-2.29667433867317,-2.04916424978953,-1.9365127387019,-1.8378835284528,-1.6825817953318,8566.49804180109,1.0000992527748
"log_lik_catch[1107]",-0.847572739725807,0.000855307101292858,0.0918350925807819,-1.0335971766882,-0.908401690499585,-0.844696151546991,-0.784574626914633,-0.674235357448459,11528.5100007465,0.999901479918614
"log_lik_catch[1108]",-2.40741686481565,0.00105939307628359,0.101863204668165,-2.64682359360917,-2.4644871491408,-2.39294692724406,-2.33247134901497,-2.25328629131623,9245.28726416126,1.00001879893109
"log_lik_catch[1109]",-1.5571073138772,0.000792539007830065,0.0736184783396147,-1.73162786727015,-1.59797823170031,-1.54608626364475,-1.50304701349996,-1.4470672098318,8628.44190419295,1.00007629845545
"log_lik_catch[1110]",-1.46814319777739,0.000294751106891201,0.029311710730501,-1.5359602217878,-1.48440566060611,-1.4658136814015,-1.44801394124732,-1.41839232340285,9889.43414426956,0.999826442292843
"log_lik_catch[1111]",-2.61096817312263,0.0027288474094873,0.244304598843372,-3.13324456621007,-2.76681165281547,-2.59403089376341,-2.43824104628809,-2.17726138865957,8015.02315404927,1.00017562656913
"log_lik_catch[1112]",-1.9549076574098,0.00043387242304532,0.0410517495006082,-2.05340269457982,-1.97583896686392,-1.9498298155384,-1.92706016168425,-1.89018174377171,8952.39520333758,0.999849098035158
"log_lik_catch[1113]",-2.50725536006128,0.000508748070207036,0.0451102356874526,-2.60989066900762,-2.53236104112542,-2.50367655654637,-2.47697882608872,-2.42953498641449,7862.210053126,0.999953147796182
"log_lik_catch[1114]",-0.535193824743136,0.000686642519064935,0.0726823963477204,-0.687721928447338,-0.581533904499746,-0.531264792351729,-0.48453143923357,-0.403903518053922,11204.6189014523,0.999938464845957
"log_lik_catch[1115]",-1.5571073138772,0.000792539007830065,0.0736184783396147,-1.73162786727015,-1.59797823170031,-1.54608626364475,-1.50304701349996,-1.4470672098318,8628.44190419295,1.00007629845545
"log_lik_catch[1116]",-0.535193824743136,0.000686642519064935,0.0726823963477204,-0.687721928447338,-0.581533904499746,-0.531264792351729,-0.48453143923357,-0.403903518053922,11204.6189014523,0.999938464845957
"log_lik_catch[1117]",-4.0130948308633,0.00317530555005885,0.325684883737603,-4.73282406265344,-4.21360420856248,-3.97791127792676,-3.77851490729952,-3.48001718681705,10520.2039320272,0.999932114346518
"log_lik_catch[1118]",-0.535193824743136,0.000686642519064935,0.0726823963477204,-0.687721928447338,-0.581533904499746,-0.531264792351729,-0.48453143923357,-0.403903518053922,11204.6189014523,0.999938464845957
"log_lik_catch[1119]",-1.29091653673257,0.000866491827838521,0.0934743182288866,-1.4831124838437,-1.35174478261946,-1.28907798595273,-1.22734709132708,-1.1094751702305,11637.3921796631,0.999798742362046
"log_lik_catch[1120]",-1.04996128169893,0.00087773305750728,0.0954256519190258,-1.2403728829656,-1.1125443068884,-1.04774455187062,-0.984902243384171,-0.865811768169003,11819.6702543787,0.99985889933579
"log_lik_catch[1121]",-2.25838542101079,0.00132554089964078,0.13580088041901,-2.55418789022722,-2.34315329887086,-2.24656683228456,-2.16094156053629,-2.02911066140261,10495.8811950716,0.999902356700366
"log_lik_catch[1122]",-1.18978001371369,0.000867241345720379,0.0946699351257403,-1.3820198614257,-1.25264228422105,-1.18792787877258,-1.1256852913978,-1.00618467305489,11916.3763163042,0.999821402312971
"log_lik_catch[1123]",-1.18978001371369,0.000867241345720379,0.0946699351257403,-1.3820198614257,-1.25264228422105,-1.18792787877258,-1.1256852913978,-1.00618467305489,11916.3763163042,0.999821402312971
"log_lik_catch[1124]",-0.847572739725807,0.000855307101292858,0.0918350925807819,-1.0335971766882,-0.908401690499585,-0.844696151546991,-0.784574626914633,-0.674235357448459,11528.5100007465,0.999901479918614
"log_lik_catch[1125]",-2.27383703337637,0.000511879731679421,0.0466039646542163,-2.38606442417637,-2.29774687493997,-2.26863557938267,-2.2424706676286,-2.19796185967243,8289.14737530213,0.999980233919699
"log_lik_catch[1126]",-4.0130948308633,0.00317530555005885,0.325684883737603,-4.73282406265344,-4.21360420856248,-3.97791127792676,-3.77851490729952,-3.48001718681705,10520.2039320272,0.999932114346518
"log_lik_catch[1127]",-1.66526145654292,0.000889589128856086,0.0943494881761945,-1.87761230203958,-1.72084580648076,-1.65521751641725,-1.59823776916874,-1.50887703256389,11248.6437608124,0.999996521836087
"log_lik_catch[1128]",-1.46390839202142,0.000318255961405605,0.0289411452783953,-1.52874838169923,-1.48065825188268,-1.46162069127982,-1.44437759900645,-1.41378511414736,8269.48248844922,0.999965931841474
"log_lik_catch[1129]",-1.94749030050338,0.000403178702046125,0.035888538321358,-2.02791853169936,-1.96794127214243,-1.94440838341495,-1.92286046418132,-1.88654649013654,7923.48748782284,1.00016918738041
"log_lik_catch[1130]",-1.66526145654292,0.000889589128856086,0.0943494881761945,-1.87761230203958,-1.72084580648076,-1.65521751641725,-1.59823776916874,-1.50887703256389,11248.6437608124,0.999996521836087
"log_lik_catch[1131]",-3.62666505086433,0.00180781301206877,0.206272557292032,-4.10616759256276,-3.74270907672862,-3.59812281078621,-3.48180635999061,-3.30213576546845,13018.947921012,0.999851916801784
"log_lik_catch[1132]",-5.08924632976181,0.00401577722518152,0.473977989964627,-6.14683218887015,-5.37122447602671,-5.04779541996929,-4.76009843401432,-4.27106644272478,13930.834251525,0.999843787524846
"log_lik_catch[1133]",-2.71438261956543,0.00114968657204843,0.128785259563903,-3.01407537132694,-2.78703973884391,-2.69633253589377,-2.62349459834253,-2.51446152452224,12547.9678496354,0.99988442517673
"log_lik_catch[1134]",-3.59527197578236,0.00225255905059344,0.264343687934007,-4.18365467489466,-3.75267844734424,-3.56970352585404,-3.41138551914926,-3.14816498302187,13771.63550807,0.999847056089403
"log_lik_catch[1135]",-4.13487142445387,0.00251702393723259,0.293231654119248,-4.80714292604027,-4.3050789375542,-4.10084493446403,-3.92877865914463,-3.65428279665519,13572.0986890179,0.999837471469048
"log_lik_catch[1136]",-0.975199523670215,0.000718162489934492,0.0879819486048068,-1.15438530895236,-1.03198452609207,-0.975209003442026,-0.916051277384302,-0.805522838969693,15008.6530050649,0.999814726688742
"log_lik_catch[1137]",-0.641648070993353,0.000620780592041447,0.0743995884774016,-0.795789558277352,-0.688219092190376,-0.639871612338036,-0.590804568756302,-0.503338051346156,14363.6497052291,0.999874271265221
"log_lik_catch[1138]",-2.71438261956543,0.00114968657204843,0.128785259563903,-3.01407537132694,-2.78703973884391,-2.69633253589377,-2.62349459834253,-2.51446152452224,12547.9678496354,0.99988442517673
"log_lik_catch[1139]",-3.38152174520232,0.00146764807936599,0.163855778190007,-3.77043636984843,-3.47161560521131,-3.35725035855942,-3.26604778414937,-3.13234383726578,12464.6377265958,0.999871926512191
"log_lik_catch[1140]",-1.46390839202142,0.000318255961405605,0.0289411452783953,-1.52874838169923,-1.48065825188268,-1.46162069127982,-1.44437759900645,-1.41378511414736,8269.48248844922,0.999965931841474
"log_lik_catch[1141]",-1.66526145654292,0.000889589128856086,0.0943494881761945,-1.87761230203958,-1.72084580648076,-1.65521751641725,-1.59823776916874,-1.50887703256389,11248.6437608124,0.999996521836087
"log_lik_catch[1142]",-1.94749030050338,0.000403178702046125,0.035888538321358,-2.02791853169936,-1.96794127214243,-1.94440838341495,-1.92286046418132,-1.88654649013654,7923.48748782284,1.00016918738041
"log_lik_catch[1143]",-0.641648070993353,0.000620780592041447,0.0743995884774016,-0.795789558277352,-0.688219092190376,-0.639871612338036,-0.590804568756302,-0.503338051346156,14363.6497052291,0.999874271265221
"log_lik_catch[1144]",-0.795680705968393,0.000731729797330726,0.084094581115745,-0.968201458481011,-0.849787983034962,-0.793326290071196,-0.739015616318987,-0.634969662350237,13207.9234143867,0.999884109348581
"log_lik_catch[1145]",-0.795680705968393,0.000731729797330726,0.084094581115745,-0.968201458481011,-0.849787983034962,-0.793326290071196,-0.739015616318987,-0.634969662350237,13207.9234143867,0.999884109348581
"log_lik_catch[1146]",-0.997089485073531,0.000770142214025603,0.0892038987642314,-1.17520613430467,-1.05577275972378,-0.995775068847408,-0.938099673820524,-0.822401616089199,13416.0853970526,0.999847908730472
"log_lik_catch[1147]",-0.795680705968393,0.000731729797330726,0.084094581115745,-0.968201458481011,-0.849787983034962,-0.793326290071196,-0.739015616318987,-0.634969662350237,13207.9234143867,0.999884109348581
"log_lik_catch[1148]",-0.997089485073531,0.000770142214025603,0.0892038987642314,-1.17520613430467,-1.05577275972378,-0.995775068847408,-0.938099673820524,-0.822401616089199,13416.0853970526,0.999847908730472
"log_lik_catch[1149]",-0.997089485073531,0.000770142214025603,0.0892038987642314,-1.17520613430467,-1.05577275972378,-0.995775068847408,-0.938099673820524,-0.822401616089199,13416.0853970526,0.999847908730472
"log_lik_catch[1150]",-1.32375979207329,0.000774027129486765,0.0883083587313438,-1.50430145970765,-1.38121176459842,-1.32251394765571,-1.26496842606254,-1.15487399515881,13016.4112220133,0.999750998739341
"log_lik_catch[1151]",-3.17012747806014,0.00161567511866587,0.174598260578286,-3.5773417821408,-3.26904774891932,-3.14876302899753,-3.04643938949136,-2.89503699136587,11678.0882195052,0.999922053106437
"log_lik_catch[1152]",-1.52255748089654,0.000588094166307011,0.0584780284087595,-1.66365137873585,-1.55388359440315,-1.5133126180515,-1.48096921133258,-1.43534783773828,9887.61849290048,0.999967625995252
"log_lik_catch[1153]",-0.795680705968393,0.000731729797330726,0.084094581115745,-0.968201458481011,-0.849787983034962,-0.793326290071196,-0.739015616318987,-0.634969662350237,13207.9234143867,0.999884109348581
"log_lik_catch[1154]",-0.795680705968393,0.000731729797330726,0.084094581115745,-0.968201458481011,-0.849787983034962,-0.793326290071196,-0.739015616318987,-0.634969662350237,13207.9234143867,0.999884109348581
"log_lik_catch[1155]",-0.494066067457479,0.000564851721150117,0.064354601541903,-0.63054828047533,-0.534663954336224,-0.49081676584144,-0.45012925665491,-0.375938224150668,12980.4664345738,0.999915612207403
"log_lik_catch[1156]",-1.13939979499918,0.000768234367849826,0.0894779625579346,-1.31919270357465,-1.1992000854912,-1.13895726154996,-1.0805594455766,-0.96387210831518,13565.7781087976,0.999808930899196
"log_lik_catch[1157]",-1.13939979499918,0.000768234367849826,0.0894779625579346,-1.31919270357465,-1.1992000854912,-1.13895726154996,-1.0805594455766,-0.96387210831518,13565.7781087976,0.999808930899196
"log_lik_catch[1158]",-0.494066067457479,0.000564851721150117,0.064354601541903,-0.63054828047533,-0.534663954336224,-0.49081676584144,-0.45012925665491,-0.375938224150668,12980.4664345738,0.999915612207403
"log_lik_catch[1159]",-1.43526266566855,0.000844599996725201,0.0899483422681227,-1.62297613691875,-1.49308805452706,-1.43196764720533,-1.37429711993814,-1.26750060966267,11341.8572463506,0.999750159505871
"log_lik_catch[1160]",-2.50130924263305,0.00119686387701725,0.129608836394478,-2.79921225447845,-2.57687534508462,-2.48708515635828,-2.40905654039321,-2.29355959642974,11726.8050151397,0.999933299379522
"log_lik_catch[1161]",-0.795680705968393,0.000731729797330726,0.084094581115745,-0.968201458481011,-0.849787983034962,-0.793326290071196,-0.739015616318987,-0.634969662350237,13207.9234143867,0.999884109348581
"log_lik_catch[1162]",-1.24415557422535,0.000763535206586755,0.0886996658202085,-1.42232726103355,-1.3030351118106,-1.24333874140699,-1.18541715690668,-1.07212561941992,13495.4022202154,0.999774209981984
"log_lik_catch[1163]",-3.67186924972726,0.00262632421939687,0.298182477037467,-4.32851115524315,-3.85501535352998,-3.65219588056656,-3.46346611523846,-3.14871531035361,12890.4345759223,0.99989944490964
"log_lik_catch[1164]",-2.04451387299844,0.00167450018441425,0.164621378550627,-2.40724899350718,-2.14410430370858,-2.03144248990111,-1.9319097000777,-1.75262404454705,9665.00468643104,1.00001049464974
"log_lik_catch[1165]",-0.795680705968393,0.000731729797330726,0.084094581115745,-0.968201458481011,-0.849787983034962,-0.793326290071196,-0.739015616318987,-0.634969662350237,13207.9234143867,0.999884109348581
"log_lik_catch[1166]",-2.20659617256419,0.00192711514516729,0.186855231684114,-2.61498340378593,-2.32085013148614,-2.19370739311432,-2.07965326154887,-1.87418885043385,9401.45766861599,1.00003160458275
"log_lik_catch[1167]",-2.24171468018742,0.00123559694660477,0.126955463481683,-2.5319885053739,-2.315526806784,-2.22730630412838,-2.15159677176637,-2.02933113039639,10557.2094495604,0.99995914283734
"log_lik_catch[1168]",-0.494066067457479,0.000564851721150117,0.064354601541903,-0.63054828047533,-0.534663954336224,-0.49081676584144,-0.45012925665491,-0.375938224150668,12980.4664345738,0.999915612207403
"log_lik_catch[1169]",-2.26277224353682,0.000452291624992717,0.0384777037400522,-2.34635169600464,-2.28579570181238,-2.26004206133082,-2.23654419632651,-2.19443441350672,7237.37708105887,1.00047396013647
"log_lik_catch[1170]",-2.50291847582643,0.000518343624847471,0.0428587846071524,-2.59573790766921,-2.52789270952448,-2.49959398796588,-2.4743362966433,-2.4283626885393,6836.66310327469,1.00053928080415
"log_lik_catch[1171]",-0.795680705968393,0.000731729797330726,0.084094581115745,-0.968201458481011,-0.849787983034962,-0.793326290071196,-0.739015616318987,-0.634969662350237,13207.9234143867,0.999884109348581
"log_lik_catch[1172]",-2.35671455795539,0.000777139215898139,0.0810451847968767,-2.55217890824385,-2.40048998211356,-2.34415032186585,-2.29875844850478,-2.23487999154556,10875.6891006094,0.999997889304971
"log_lik_catch[1173]",-1.13939979499918,0.000768234367849826,0.0894779625579346,-1.31919270357465,-1.1992000854912,-1.13895726154996,-1.0805594455766,-0.96387210831518,13565.7781087976,0.999808930899196
"log_lik_catch[1174]",-3.48699328201614,0.00124315948735086,0.135805469936553,-3.80887713310154,-3.56385393144947,-3.46363464723212,-3.38907626242177,-3.28473240894063,11933.8569580936,1.00000150547533
"log_lik_catch[1175]",-3.14757704342805,0.00146570232117593,0.166113415749144,-3.52665165070704,-3.2471400342295,-3.12542312089618,-3.02700367323303,-2.8821740761832,12844.5196055172,0.999997301095165
"log_lik_catch[1176]",-1.33484307297412,0.000984574056099428,0.0949026737554394,-1.53176702465173,-1.3959072694946,-1.33056146258382,-1.26967519124546,-1.15946898308159,9290.94995956464,0.999813365537786
"log_lik_catch[1177]",-3.78447161406884,0.00200176985668308,0.229069056655665,-4.30676067275488,-3.92232914107276,-3.75475612024831,-3.6184749692294,-3.41478160841172,13094.9717014501,0.999998910411522
"log_lik_catch[1178]",-2.87144564042801,0.00122522274705762,0.141455403825616,-3.18696669176545,-2.95719392182655,-2.85956960520204,-2.76939549947443,-2.63306958982376,13329.3503572605,1.00010017290711
"log_lik_catch[1179]",-3.19331318446475,0.000968549526747981,0.112918136681986,-3.45062279686445,-3.25888218713874,-3.1812198283722,-3.11183582379337,-3.01077195173067,13592.0116948822,1.00003062460071
"log_lik_catch[1180]",-1.44493151068025,0.0010667521056473,0.0972471179061366,-1.65099833251448,-1.50710329868332,-1.43866163459263,-1.37840390082416,-1.26751998157725,8310.4867348412,0.999860569912823
"log_lik_catch[1181]",-2.48262692282104,0.00142604681497136,0.160386351237842,-2.83471919063405,-2.58201954453198,-2.47145582214442,-2.36756053314458,-2.2052420634501,12649.322020527,1.0001622365547
"log_lik_catch[1182]",-2.72596641731308,0.000564035288317955,0.0594571428739074,-2.86899446878369,-2.75775361288556,-2.71775565532745,-2.68571716418984,-2.63227072118779,11112.0841063979,0.999919864463353
"log_lik_catch[1183]",-1.15173491325668,0.000925428717145185,0.0945466419409367,-1.34728826921925,-1.21295779012055,-1.14902476202991,-1.08588564661674,-0.972448466149516,10437.7351494407,0.999827381582326
"log_lik_catch[1184]",-2.26316298564983,0.000414517105644869,0.0377613704358471,-2.3456557322973,-2.2857399594145,-2.26049084977336,-2.23728084327251,-2.19587434668468,8298.70985141715,0.999846155480126
"log_lik_catch[1185]",-2.51870408653942,0.00202388931800617,0.214332541762421,-2.9740223646529,-2.65377172678848,-2.50820038281297,-2.36726616571931,-2.13626531175545,11215.0886831484,1.00027438141861
"log_lik_catch[1186]",-1.52868475055202,0.000510837018504422,0.0576946261538358,-1.66387707128164,-1.56105317027217,-1.52080433945771,-1.48675597902985,-1.44097876519033,12755.7501555413,1.00007418460179
"log_lik_catch[1187]",-1.88632886318122,0.00119149281865114,0.133955660759749,-2.18152062560162,-1.96936453924078,-1.87682358463341,-1.79014088618881,-1.65588102311828,12639.7732683159,1.00016258272141
"log_lik_catch[1188]",-3.00159726889989,0.000600812438351475,0.0533620101745423,-3.12274188280812,-3.03150421315597,-2.99661927744509,-2.96550559693872,-2.91083639438523,7888.356552883,0.999935044955154
"log_lik_catch[1189]",-0.807544554203056,0.000811101652046398,0.0871997306596627,-0.99079800193351,-0.862987645173763,-0.804190672160148,-0.74609491404154,-0.647738009786848,11557.9208237281,0.99989434157318
"log_lik_catch[1190]",-0.807544554203056,0.000811101652046398,0.0871997306596627,-0.99079800193351,-0.862987645173763,-0.804190672160148,-0.74609491404154,-0.647738009786848,11557.9208237281,0.99989434157318
"log_lik_catch[1191]",-1.5467041494754,0.00115911244399837,0.101367049641652,-1.76262789299609,-1.61081253948173,-1.53959261518307,-1.47688440585299,-1.3652438009257,7647.90484400373,0.99998098611421
"log_lik_catch[1192]",-5.32826238972646,0.00422617809877937,0.479682403130866,-6.38543328249308,-5.62301739272171,-5.28332060127135,-4.98907983881156,-4.52286516392738,12882.8509955731,1.00013695014788
"log_lik_catch[1193]",-2.5070588908954,0.000461405831854304,0.0433533053947552,-2.60163126203579,-2.53183723017665,-2.50345394784075,-2.47814811498804,-2.43227135578577,8828.3241611348,0.999955894196884
"log_lik_catch[1194]",-2.26684582693454,0.000418352294766712,0.0400275663788265,-2.3543907014369,-2.28940971153173,-2.26339088985149,-2.24013553868688,-2.19854543382575,9154.48804190416,0.999951324484293
"log_lik_catch[1195]",-4.40829908788049,0.00303893142124403,0.344296826106395,-5.17204502411816,-4.62094111974699,-4.37348037139656,-4.16387880986123,-3.83825742962684,12835.8383530567,1.00012061209802
"log_lik_catch[1196]",-3.74462303990219,0.00232319550549871,0.261128930743047,-4.32217398188238,-3.90605206869578,-3.71726085939656,-3.55765234273519,-3.31372665724644,12633.92990962,1.00010714202844
"log_lik_catch[1197]",-4.40829908788049,0.00303893142124403,0.344296826106395,-5.17204502411816,-4.62094111974699,-4.37348037139656,-4.16387880986123,-3.83825742962684,12835.8383530567,1.00012061209802
"log_lik_catch[1198]",-3.1488800294656,0.00120681896856325,0.126923125917157,-3.44903815518378,-3.22022613023829,-3.12861671501846,-3.05810861648719,-2.95719860028882,11061.0731300347,1.00008680501782
"log_lik_catch[1199]",-0.639252931871339,0.000698616600848889,0.0766622968869263,-0.798577670363123,-0.688389053021033,-0.635790827114003,-0.5862499546245,-0.4981705100013,12041.6458827103,1.0000229703531
"log_lik_catch[1200]",-0.639252931871339,0.000698616600848889,0.0766622968869263,-0.798577670363123,-0.688389053021033,-0.635790827114003,-0.5862499546245,-0.4981705100013,12041.6458827103,1.0000229703531
"log_lik_catch[1201]",-1.94747922506459,0.000356156881400061,0.0351639818288117,-2.02535045526628,-1.96690204284616,-1.94428309606038,-1.92374540206888,-1.88808588997142,9747.95272174792,0.999947221903579
"log_lik_catch[1202]",-2.12246416854574,0.0020982846421778,0.204676074872197,-2.56520479376212,-2.24988128796792,-2.10598764526623,-1.97578334918899,-1.77203023679737,9514.9247006871,1.00029365872301
"log_lik_catch[1203]",-0.620705013452165,0.000901942514478119,0.0927857999910919,-0.816293245017029,-0.681126518812914,-0.615970354275081,-0.554638172821667,-0.453548979991354,10582.9151951045,1.0000849953185
"log_lik_catch[1204]",-0.620705013452165,0.000901942514478119,0.0927857999910919,-0.816293245017029,-0.681126518812914,-0.615970354275081,-0.554638172821667,-0.453548979991354,10582.9151951045,1.0000849953185
"log_lik_catch[1205]",-0.949486601079371,0.00105713794136119,0.10970572300205,-1.17059034594716,-1.02250185351947,-0.946652947300518,-0.872995477680521,-0.74203248810571,10769.4927306642,1.00007910274439
"log_lik_catch[1206]",-0.620705013452165,0.000901942514478119,0.0927857999910919,-0.816293245017029,-0.681126518812914,-0.615970354275081,-0.554638172821667,-0.453548979991354,10582.9151951045,1.0000849953185
"log_lik_catch[1207]",-2.32738108942366,0.000877817393790647,0.0823317637160257,-2.53026858239727,-2.36993500032706,-2.30963783651096,-2.26911679624789,-2.21271060413018,8796.83556254275,1.00002806750908
"log_lik_catch[1208]",-0.771682573523255,0.000973386217807214,0.100293116334783,-0.978223528725816,-0.836925449792413,-0.76862520294447,-0.702455400469865,-0.582998950896877,10616.2678311967,1.00008626546678
"log_lik_catch[1209]",-3.62046677594104,0.00320991638056986,0.335267619677706,-4.3777255749905,-3.82311319246597,-3.58239824746586,-3.37828032213242,-3.07453226162427,10909.2723504523,1.00009367727908
"log_lik_catch[1210]",-0.476415288423836,0.000747540604282522,0.0761950223304599,-0.638321442409736,-0.524883045753536,-0.472237433178389,-0.423316348583973,-0.339640054376134,10389.2363598893,1.00006992018639
"log_lik_catch[1211]",-0.476415288423836,0.000747540604282522,0.0761950223304599,-0.638321442409736,-0.524883045753536,-0.472237433178389,-0.423316348583973,-0.339640054376134,10389.2363598893,1.00006992018639
"log_lik_catch[1212]",-3.23569537854566,0.00222625651657194,0.231690520480045,-3.78313412214462,-3.36618680314419,-3.1998150207011,-3.06695497020439,-2.88657832358259,10830.9393251186,1.00016470375404
"log_lik_catch[1213]",-1.51342285823913,0.000671292071425421,0.0626468947453054,-1.66599555061685,-1.54575382707851,-1.50057355756391,-1.46894730424307,-1.42694371193848,8709.15584951789,1.00001842510747
"log_lik_catch[1214]",-1.51342285823913,0.000671292071425421,0.0626468947453054,-1.66599555061685,-1.54575382707851,-1.50057355756391,-1.46894730424307,-1.42694371193848,8709.15584951789,1.00001842510747
"log_lik_catch[1215]",-1.83863578981834,0.00159706373038401,0.155303360547604,-2.19248973469893,-1.93216206623467,-1.82208444591537,-1.72675953613671,-1.58095778496375,9456.21227855333,1.00017555027583
"log_lik_catch[1216]",-4.42060650701138,0.00470803988388244,0.491140053550204,-5.4873175674783,-4.72728738446197,-4.38134724030051,-4.06911222363749,-3.57610593416878,10882.5442043509,1.00003418209073
"log_lik_catch[1217]",-0.771682573523255,0.000973386217807214,0.100293116334783,-0.978223528725816,-0.836925449792413,-0.76862520294447,-0.702455400469865,-0.582998950896877,10616.2678311967,1.00008626546678
"log_lik_catch[1218]",-1.11379608013245,0.00102103445505258,0.106294276709205,-1.32419757104647,-1.1850692599635,-1.11334692760923,-1.04242738703429,-0.903833952477911,10837.7459583985,1.0000511962497
"log_lik_catch[1219]",-0.971290219365607,0.00102654144375139,0.106533321437755,-1.18560060133903,-1.04211123260705,-0.97011448679717,-0.898773232601734,-0.764766309341088,10770.0559606733,1.00007775663625
"log_lik_catch[1220]",-3.40266440409958,0.00203259073805321,0.210547008855736,-3.91219519398979,-3.51622764115503,-3.36456604924295,-3.2493903898103,-3.10198015006345,10729.9640619781,1.00020350522663
"log_lik_catch[1221]",-3.00523919105863,0.00064908266799707,0.0551593323055865,-3.13044023330354,-3.03489514971979,-3.00001798281822,-2.96878242340652,-2.91340537314438,7221.67559705198,1.00029585255205
"log_lik_catch[1222]",-2.54863116811791,0.00162066366845724,0.169205939579501,-2.94092682047757,-2.64675888387183,-2.52536941938337,-2.42500276817089,-2.28589634038325,10900.4747948574,1.00017547862493
"log_lik_catch[1223]",-1.51342285823913,0.000671292071425421,0.0626468947453054,-1.66599555061685,-1.54575382707851,-1.50057355756391,-1.46894730424307,-1.42694371193848,8709.15584951789,1.00001842510747
"log_lik_catch[1224]",-1.11379608013245,0.00102103445505258,0.106294276709205,-1.32419757104647,-1.1850692599635,-1.11334692760923,-1.04242738703429,-0.903833952477911,10837.7459583985,1.0000511962497
"log_lik_catch[1225]",-0.771682573523255,0.000973386217807214,0.100293116334783,-0.978223528725816,-0.836925449792413,-0.76862520294447,-0.702455400469865,-0.582998950896877,10616.2678311967,1.00008626546678
"log_lik_catch[1226]",-0.971290219365607,0.00102654144375139,0.106533321437755,-1.18560060133903,-1.04211123260705,-0.97011448679717,-0.898773232601734,-0.764766309341088,10770.0559606733,1.00007775663625
"log_lik_catch[1227]",-1.11379608013245,0.00102103445505258,0.106294276709205,-1.32419757104647,-1.1850692599635,-1.11334692760923,-1.04242738703429,-0.903833952477911,10837.7459583985,1.0000511962497
"log_lik_catch[1228]",-0.771682573523255,0.000973386217807214,0.100293116334783,-0.978223528725816,-0.836925449792413,-0.76862520294447,-0.702455400469865,-0.582998950896877,10616.2678311967,1.00008626546678
"log_lik_catch[1229]",-1.47029651892157,0.00102127941021328,0.0971004862984802,-1.67990450436552,-1.53069449294677,-1.46452385895824,-1.40267009566437,-1.29411188211311,9039.69249673963,0.999848411938363
"log_lik_catch[1230]",-2.35954398054558,0.00120522015899452,0.142758440147497,-2.67156181778631,-2.44719633678777,-2.34749536340717,-2.25702310773993,-2.11636982802204,14030.4245767451,0.999983609344214
"log_lik_catch[1231]",-1.78485127591575,0.00100548454392496,0.117886492866801,-2.04546075388621,-1.8570945261778,-1.77498511283712,-1.70010432716547,-1.58356330908778,13746.0303028113,0.999989986806224
"log_lik_catch[1232]",-1.27100612487016,0.00083683352410661,0.0929706636329982,-1.4651090936591,-1.3307172306921,-1.26766216571426,-1.20786145763645,-1.09440469759333,12342.8008575881,0.999774811827281
"log_lik_catch[1233]",-2.31029496428463,0.000577440818904357,0.0627836571726575,-2.45990021528208,-2.34318384294224,-2.30053841322814,-2.26629992550647,-2.21422496387216,11821.6543944534,0.999800323247769
"log_lik_catch[1234]",-3.03824451220761,0.000725113484602348,0.0768890053096327,-3.22249364106847,-3.07692396822495,-3.02591645728743,-2.98518117985116,-2.92357955298692,11243.8882869353,1.00010932499635
"log_lik_catch[1235]",-1.78485127591575,0.00100548454392496,0.117886492866801,-2.04546075388621,-1.8570945261778,-1.77498511283712,-1.70010432716547,-1.58356330908778,13746.0303028113,0.999989986806224
"log_lik_catch[1236]",-3.03824451220761,0.000725113484602348,0.0768890053096327,-3.22249364106847,-3.07692396822495,-3.02591645728743,-2.98518117985116,-2.92357955298692,11243.8882869353,1.00010932499635
"log_lik_catch[1237]",-1.27100612487016,0.00083683352410661,0.0929706636329982,-1.4651090936591,-1.3307172306921,-1.26766216571426,-1.20786145763645,-1.09440469759333,12342.8008575881,0.999774811827281
"log_lik_catch[1238]",-1.78485127591575,0.00100548454392496,0.117886492866801,-2.04546075388621,-1.8570945261778,-1.77498511283712,-1.70010432716547,-1.58356330908778,13746.0303028113,0.999989986806224
"log_lik_catch[1239]",-1.27100612487016,0.00083683352410661,0.0929706636329982,-1.4651090936591,-1.3307172306921,-1.26766216571426,-1.20786145763645,-1.09440469759333,12342.8008575881,0.999774811827281
"log_lik_catch[1240]",-2.16135752248351,0.000898493161574648,0.106681223034693,-2.4014546314926,-2.22402859627288,-2.14990343952465,-2.08418212790462,-1.98801363267926,14097.6401199042,0.999903802248725
"log_lik_catch[1241]",-2.70396306003594,0.000497486839313582,0.0479816908846795,-2.81351500012621,-2.73128782658112,-2.69993454338209,-2.6710026929115,-2.62246595005571,9302.24780339182,1.00001102152487
"log_lik_catch[1242]",-1.46067730196682,0.000262870902623235,0.0251229865478136,-1.51314715823313,-1.47660461060749,-1.45970129939956,-1.4435191279923,-1.41436999684809,9133.92621152376,0.999743063755392
"log_lik_catch[1243]",-3.19923553801889,0.00092399250043494,0.0978312719301452,-3.43421127189816,-3.25157227045321,-3.18239727941021,-3.12948948509083,-3.05616936258149,11210.3328426217,1.00006464938327
"log_lik_catch[1244]",-4.43309031068936,0.00294271223232554,0.355649614402753,-5.21707131700668,-4.65084815073287,-4.4011851788112,-4.18194061359705,-3.83141096139967,14606.5986187165,0.999901522699327
"log_lik_catch[1245]",-3.55003743428339,0.00176536780132692,0.210202674034904,-4.02441002579554,-3.67519535636899,-3.52574080974109,-3.39876775211577,-3.2108506492274,14177.7094061975,0.999933966603233
"log_lik_catch[1246]",-4.76575279902787,0.00352813036230399,0.427510866849693,-5.69126302885607,-5.03441538461854,-4.73546104703733,-4.46377258377675,-4.02404865738741,14682.6710714594,0.999894833955718
"log_lik_catch[1247]",-3.19923553801889,0.00092399250043494,0.0978312719301452,-3.43421127189816,-3.25157227045321,-3.18239727941021,-3.12948948509083,-3.05616936258149,11210.3328426217,1.00006464938327
"log_lik_catch[1248]",-4.73741895171655,0.00335452298776438,0.405158686905873,-5.62681956559433,-4.98808321682609,-4.70400992978117,-4.45103739271589,-4.04545634670186,14587.7652258392,0.999897571924393
"log_lik_catch[1249]",-2.84495079954358,0.00135017952796848,0.161542441114152,-3.20527217455176,-2.94377940390315,-2.82806710501356,-2.72852965495613,-2.57682190422272,14314.9635070987,0.999941384089735
"log_lik_catch[1250]",-0.575776911802537,0.000556196608040739,0.0698791917903623,-0.722393131942296,-0.620491149355644,-0.572319300102689,-0.527029339539766,-0.4487250498295,15784.7996794371,0.999916801892606
"log_lik_catch[1251]",-2.2900828636983,0.000490021616502391,0.0528656139051868,-2.41736974799947,-2.31757109134046,-2.28253836329243,-2.25331642669686,-2.2083263912479,11639.0111008606,0.999902582809211
"log_lik_catch[1252]",-0.897896682876724,0.00069836498939075,0.0865140978933173,-1.07422387967286,-0.9546916787873,-0.895062725950057,-0.838375892691907,-0.735715323777135,15346.4825216201,0.999892266316815
"log_lik_catch[1253]",-2.65360027066924,0.00166880948751406,0.18507555301924,-3.05201251275924,-2.7701874192111,-2.63873883539068,-2.52258691503741,-2.33022997637267,12299.4188447985,1.00010801770821
"log_lik_catch[1254]",-2.2900828636983,0.000490021616502391,0.0528656139051868,-2.41736974799947,-2.31757109134046,-2.28253836329243,-2.25331642669686,-2.2083263912479,11639.0111008606,0.999902582809211
"log_lik_catch[1255]",-0.897896682876724,0.00069836498939075,0.0865140978933173,-1.07422387967286,-0.9546916787873,-0.895062725950057,-0.838375892691907,-0.735715323777135,15346.4825216201,0.999892266316815
"log_lik_catch[1256]",-1.59394627585128,0.000679442876806501,0.0778023072983789,-1.77141905476828,-1.64026256923986,-1.58388521640701,-1.53761080814606,-1.46979394897149,13112.3053232647,0.999971919493726
"log_lik_catch[1257]",-2.70396306003594,0.000497486839313582,0.0479816908846795,-2.81351500012621,-2.73128782658112,-2.69993454338209,-2.6710026929115,-2.62246595005571,9302.24780339182,1.00001102152487
"log_lik_catch[1258]",-1.10054493572096,0.000742180201319089,0.0893974122565585,-1.28142779823581,-1.1583639190368,-1.09804836383264,-1.04034655098442,-0.931375302734996,14508.7890321488,0.999855778424972
"log_lik_catch[1259]",-1.10054493572096,0.000742180201319089,0.0893974122565585,-1.28142779823581,-1.1583639190368,-1.09804836383264,-1.04034655098442,-0.931375302734996,14508.7890321488,0.999855778424972
"log_lik_catch[1260]",-0.744039804062451,0.00109539452803783,0.109440717319019,-0.971524622546169,-0.813216511581901,-0.739523195837858,-0.66956722382007,-0.538754046090967,9981.9807414265,0.999796667942352
"log_lik_catch[1261]",-2.38327919847409,0.00272610171826031,0.255700906966617,-2.93281926888035,-2.54125170445395,-2.36792455227346,-2.20373667963174,-1.92784534521528,8797.92841350984,1.00002524194937
"log_lik_catch[1262]",-1.39248407283035,0.00113368621132813,0.110199748263201,-1.62050253337776,-1.46301639391356,-1.38932040284202,-1.31953581830171,-1.18694197593452,9448.77431398616,0.999705536056939
"log_lik_catch[1263]",-1.08463943213352,0.00118292039068312,0.118637275937324,-1.32135747898433,-1.16187667439252,-1.08353015126535,-1.00604834330048,-0.853003149594718,10058.4554397579,0.999746471834322
"log_lik_catch[1264]",-5.70091209781959,0.00784240595708081,0.788464313217364,-7.52262667563251,-6.16109936036364,-5.62113430126046,-5.143138521543,-4.3981620679644,10108.0049020375,0.999781686318148
"log_lik_catch[1265]",-1.50233578436702,0.000629025752095223,0.0595904202411021,-1.64989732258671,-1.5296020070424,-1.48911451499986,-1.46155312018185,-1.42498998091418,8974.61950497371,1.00000547079975
"log_lik_catch[1266]",-2.27763238195962,0.000669959654484337,0.0548695716373056,-2.41583532967308,-2.30031704240465,-2.26899273040921,-2.24231999094812,-2.19858917669461,6707.57966710219,1.00016996790355
"log_lik_catch[1267]",-1.08463943213352,0.00118292039068312,0.118637275937324,-1.32135747898433,-1.16187667439252,-1.08353015126535,-1.00604834330048,-0.853003149594718,10058.4554397579,0.999746471834322
"log_lik_catch[1268]",-1.79248246500073,0.0010290596792312,0.103132849982654,-2.0163911631046,-1.85561401533658,-1.78499257304305,-1.7187030172351,-1.61441691973278,10044.1436339151,1.00023981497968
"log_lik_catch[1269]",-1.08656604531221,0.000705022423256963,0.0754375562928346,-1.2409058412352,-1.1359749473899,-1.0850571712636,-1.03574074948934,-0.942104777861176,11449.0476565886,1.00012468218749
"log_lik_catch[1270]",-2.91879256817611,0.00108808644663853,0.116271999368418,-3.17553273229028,-2.98808609694919,-2.90767039649173,-2.83558903443395,-2.72614791149987,11418.8792260578,1.00039661807292
"log_lik_catch[1271]",-1.08656604531221,0.000705022423256963,0.0754375562928346,-1.2409058412352,-1.1359749473899,-1.0850571712636,-1.03574074948934,-0.942104777861176,11449.0476565886,1.00012468218749
"log_lik_catch[1272]",-4.82862914838132,0.00323954901363873,0.360094294645974,-5.59431630108848,-5.05567245003952,-4.8072552909724,-4.57608976966012,-4.19207890850869,12355.5866470893,1.00004054106199
"log_lik_catch[1273]",-5.64029091955461,0.00416948371373159,0.462970900043976,-6.62102449220873,-5.93458489610145,-5.61475511443452,-5.31406096051842,-4.8130582571251,12329.4250572669,0.999992534891774
"log_lik_catch[1274]",-2.85353113427541,0.000503530566262774,0.0443985619026085,-2.94839639486601,-2.88091659853806,-2.8514502700113,-2.82335034601128,-2.77224381176311,7774.74454728247,1.00067375265947
"log_lik_catch[1275]",-2.55456724014757,0.000540790539014056,0.0578361353912163,-2.68813107202898,-2.58812359919969,-2.54890763637069,-2.51421744826789,-2.45876947625559,11437.7437163897,0.99976247474063
"log_lik_catch[1276]",-1.27805195948934,0.000768536338927186,0.0779010619530926,-1.43799400013581,-1.32930886126602,-1.27528120718548,-1.22465866737322,-1.13148615391113,10274.434828008,0.999991586847892
"log_lik_catch[1277]",-2.25973339390956,0.000393727241004231,0.0358641504088104,-2.33647608716841,-2.28200237897473,-2.25802974026381,-2.23512757515015,-2.19290977686227,8297.17341766148,1.00053493745367
"log_lik_catch[1278]",-1.08656604531221,0.000705022423256963,0.0754375562928346,-1.2409058412352,-1.1359749473899,-1.0850571712636,-1.03574074948934,-0.942104777861176,11449.0476565886,1.00012468218749
"log_lik_catch[1279]",-1.27805195948934,0.000768536338927186,0.0779010619530926,-1.43799400013581,-1.32930886126602,-1.27528120718548,-1.22465866737322,-1.13148615391113,10274.434828008,0.999991586847892
"log_lik_catch[1280]",-2.10420577433303,0.00149459364776403,0.145609629489522,-2.41321894444591,-2.19682286097699,-2.09426475009259,-2.00076544257713,-1.84722120762435,9491.47983406965,1.00039418181904
"log_lik_catch[1281]",-1.79248246500073,0.0010290596792312,0.103132849982654,-2.0163911631046,-1.85561401533658,-1.78499257304305,-1.7187030172351,-1.61441691973278,10044.1436339151,1.00023981497968
"log_lik_catch[1282]",-0.742821491705295,0.000600055672599617,0.0665138228460757,-0.879378613211592,-0.786002803604435,-0.740957925215558,-0.697430466170033,-0.618692492090305,12286.8548392688,1.00019231012364
"log_lik_catch[1283]",-0.742821491705295,0.000600055672599617,0.0665138228460757,-0.879378613211592,-0.786002803604435,-0.740957925215558,-0.697430466170033,-0.618692492090305,12286.8548392688,1.00019231012364
"log_lik_catch[1284]",-1.27805195948934,0.000768536338927186,0.0779010619530926,-1.43799400013581,-1.32930886126602,-1.27528120718548,-1.22465866737322,-1.13148615391113,10274.434828008,0.999991586847892
"log_lik_catch[1285]",-2.82720776933922,0.00249452927644761,0.227106945631523,-3.29724783109014,-2.97517671680598,-2.81194046462862,-2.66816563481391,-2.41774940849283,8288.64658482314,1.00058783506112
"log_lik_catch[1286]",-3.99953739368509,0.00182735145392482,0.199776903683889,-4.44417087847101,-4.11994094130381,-3.98089519869819,-3.85982389673203,-3.66323659971104,11952.1597537115,1.00022287274049
"log_lik_catch[1287]",-2.57597143428801,0.000714508493383731,0.0715092804465098,-2.73921070825809,-2.61784432630273,-2.56789534931604,-2.52483567922431,-2.46196895082537,10016.362296764,1.00059762164911
"log_lik_catch[1288]",-2.65540471506224,0.000777911065957043,0.0830943491142373,-2.84649365483442,-2.70429161870437,-2.64753538709643,-2.59649169733338,-2.51763620565159,11409.932670612,0.999933049178436
"log_lik_catch[1289]",-1.49212634467853,0.000391808780694777,0.039917696224668,-1.58405106999472,-1.51513630261011,-1.48772852489535,-1.46354505262668,-1.42703214248491,10379.6475877958,0.999804562547823
"log_lik_catch[1290]",-2.25973339390956,0.000393727241004231,0.0358641504088104,-2.33647608716841,-2.28200237897473,-2.25802974026381,-2.23512757515015,-2.19290977686227,8297.17341766148,1.00053493745367
"log_lik_catch[1291]",-1.08656604531221,0.000705022423256963,0.0754375562928346,-1.2409058412352,-1.1359749473899,-1.0850571712636,-1.03574074948934,-0.942104777861176,11449.0476565886,1.00012468218749
"log_lik_catch[1292]",-0.742821491705295,0.000600055672599617,0.0665138228460757,-0.879378613211592,-0.786002803604435,-0.740957925215558,-0.697430466170033,-0.618692492090305,12286.8548392688,1.00019231012364
"log_lik_catch[1293]",-0.742821491705295,0.000600055672599617,0.0665138228460757,-0.879378613211592,-0.786002803604435,-0.740957925215558,-0.697430466170033,-0.618692492090305,12286.8548392688,1.00019231012364
"log_lik_catch[1294]",-1.98616724438277,0.000463218593614774,0.0490316850603191,-2.10071071086555,-2.01398157863625,-1.98050117536873,-1.95152394733478,-1.90674606746665,11204.2210952109,0.999763223167869
"log_lik_catch[1295]",-1.27805195948934,0.000768536338927186,0.0779010619530926,-1.43799400013581,-1.32930886126602,-1.27528120718548,-1.22465866737322,-1.13148615391113,10274.434828008,0.999991586847892
"log_lik_catch[1296]",-1.08656604531221,0.000705022423256963,0.0754375562928346,-1.2409058412352,-1.1359749473899,-1.0850571712636,-1.03574074948934,-0.942104777861176,11449.0476565886,1.00012468218749
"log_lik_catch[1297]",-3.99953739368509,0.00182735145392482,0.199776903683889,-4.44417087847101,-4.11994094130381,-3.98089519869819,-3.85982389673203,-3.66323659971104,11952.1597537115,1.00022287274049
"log_lik_catch[1298]",-1.08656604531221,0.000705022423256963,0.0754375562928346,-1.2409058412352,-1.1359749473899,-1.0850571712636,-1.03574074948934,-0.942104777861176,11449.0476565886,1.00012468218749
"log_lik_catch[1299]",-2.44074786623527,0.000815750942874547,0.0862910820033778,-2.63647776116211,-2.49153628058752,-2.43263135177713,-2.3797734630049,-2.29759143764648,11189.6540689993,0.999989396623566
"log_lik_catch[1300]",-1.47574165409947,0.000959491972245885,0.0874068520585037,-1.66006516954052,-1.53240618941986,-1.47075905930819,-1.41427326976213,-1.3176628658583,8298.6656615825,0.999880401703742
"log_lik_catch[1301]",-1.08656604531221,0.000705022423256963,0.0754375562928346,-1.2409058412352,-1.1359749473899,-1.0850571712636,-1.03574074948934,-0.942104777861176,11449.0476565886,1.00012468218749
"log_lik_catch[1302]",-1.08656604531221,0.000705022423256963,0.0754375562928346,-1.2409058412352,-1.1359749473899,-1.0850571712636,-1.03574074948934,-0.942104777861176,11449.0476565886,1.00012468218749
"log_lik_catch[1303]",-0.742821491705295,0.000600055672599617,0.0665138228460757,-0.879378613211592,-0.786002803604435,-0.740957925215558,-0.697430466170033,-0.618692492090305,12286.8548392688,1.00019231012364
"log_lik_catch[1304]",-3.11058027252789,0.000468336607925907,0.0432847666963011,-3.19825604489268,-3.13901319908777,-3.1093706860224,-3.08151392508199,-3.02779406115455,8541.88951683558,1.00027981798224
"log_lik_catch[1305]",-1.10790519007148,0.000678221400226476,0.0764908051544135,-1.26229645267719,-1.15876851370861,-1.10698852963306,-1.0563488761665,-0.960199349994389,12719.6595268478,1.00001682557484
"log_lik_catch[1306]",-0.905138967615363,0.000659850913620725,0.0739338983875228,-1.05287097324457,-0.954235945656808,-0.904167310997616,-0.854961405617285,-0.763116416674752,12554.3886141997,1.00007644557725
"log_lik_catch[1307]",-2.36112225107568,0.000756979926259421,0.0768484350302619,-2.53635860704966,-2.40747731058231,-2.35148231409126,-2.30603719910173,-2.23761178304431,10306.2655842592,1.00023200328322
"log_lik_catch[1308]",-1.10790519007148,0.000678221400226476,0.0764908051544135,-1.26229645267719,-1.15876851370861,-1.10698852963306,-1.0563488761665,-0.960199349994389,12719.6595268478,1.00001682557484
"log_lik_catch[1309]",-1.10790519007148,0.000678221400226476,0.0764908051544135,-1.26229645267719,-1.15876851370861,-1.10698852963306,-1.0563488761665,-0.960199349994389,12719.6595268478,1.00001682557484
"log_lik_catch[1310]",-3.82406199914915,0.00233603436843737,0.259329601326727,-4.37972470932773,-3.98754914570905,-3.80519247548536,-3.64129226417784,-3.36141300853193,12323.8308518879,0.999944366830586
"log_lik_catch[1311]",-0.905138967615363,0.000659850913620725,0.0739338983875228,-1.05287097324457,-0.954235945656808,-0.904167310997616,-0.854961405617285,-0.763116416674752,12554.3886141997,1.00007644557725
"log_lik_catch[1312]",-0.905138967615363,0.000659850913620725,0.0739338983875228,-1.05287097324457,-0.954235945656808,-0.904167310997616,-0.854961405617285,-0.763116416674752,12554.3886141997,1.00007644557725
"log_lik_catch[1313]",-0.905138967615363,0.000659850913620725,0.0739338983875228,-1.05287097324457,-0.954235945656808,-0.904167310997616,-0.854961405617285,-0.763116416674752,12554.3886141997,1.00007644557725
"log_lik_catch[1314]",-0.581405721035941,0.00053920807489841,0.0598678119645073,-0.704038624540573,-0.620186818229242,-0.579896323600035,-0.539861805571746,-0.470474112637323,12327.4712171083,1.00008507158169
"log_lik_catch[1315]",-2.88534303196808,0.00110021517026492,0.113600809877531,-3.1388321321137,-2.95493988788282,-2.872516327314,-2.80398991591707,-2.70141801946956,10661.2369856396,1.00015307076907
"log_lik_catch[1316]",-3.82406199914915,0.00233603436843737,0.259329601326727,-4.37972470932773,-3.98754914570905,-3.80519247548536,-3.64129226417784,-3.36141300853193,12323.8308518879,0.999944366830586
"log_lik_catch[1317]",-0.581405721035941,0.00053920807489841,0.0598678119645073,-0.704038624540573,-0.620186818229242,-0.579896323600035,-0.539861805571746,-0.470474112637323,12327.4712171083,1.00008507158169
"log_lik_catch[1318]",-1.10790519007148,0.000678221400226476,0.0764908051544135,-1.26229645267719,-1.15876851370861,-1.10698852963306,-1.0563488761665,-0.960199349994389,12719.6595268478,1.00001682557484
"log_lik_catch[1319]",-1.93992260800392,0.000319046050989804,0.0300551617861596,-2.00319660370951,-1.9584133426367,-1.93853698636085,-1.91969481217425,-1.88419374459626,8874.24456472272,1.00004184925052
"log_lik_catch[1320]",-0.581405721035941,0.00053920807489841,0.0598678119645073,-0.704038624540573,-0.620186818229242,-0.579896323600035,-0.539861805571746,-0.470474112637323,12327.4712171083,1.00008507158169
"log_lik_catch[1321]",-6.5147278132059,0.00507054591665332,0.580122928228522,-7.73146458362288,-6.8873629654218,-6.48274061653431,-6.10522102257944,-5.45927908317785,13089.727971104,0.999835581307108
"log_lik_catch[1322]",-0.905138967615363,0.000659850913620725,0.0739338983875228,-1.05287097324457,-0.954235945656808,-0.904167310997616,-0.854961405617285,-0.763116416674752,12554.3886141997,1.00007644557725
"log_lik_catch[1323]",-1.24438679944426,0.000705186804120665,0.0770693747984651,-1.40032729297778,-1.29589691471964,-1.24256411833048,-1.19203557856309,-1.09583720041345,11944.1519025146,0.999936779075693
"log_lik_catch[1324]",-2.36112225107568,0.000756979926259421,0.0768484350302619,-2.53635860704966,-2.40747731058231,-2.35148231409126,-2.30603719910173,-2.23761178304431,10306.2655842592,1.00023200328322
"log_lik_catch[1325]",-0.581405721035941,0.00053920807489841,0.0598678119645073,-0.704038624540573,-0.620186818229242,-0.579896323600035,-0.539861805571746,-0.470474112637323,12327.4712171083,1.00008507158169
"log_lik_catch[1326]",-1.45828428532364,0.000238124996738582,0.023806986740483,-1.50833922044653,-1.4736009923525,-1.45741522979784,-1.44206016579181,-1.4136147755283,9995.37025067561,0.999694809788625
"log_lik_catch[1327]",-0.905138967615363,0.000659850913620725,0.0739338983875228,-1.05287097324457,-0.954235945656808,-0.904167310997616,-0.854961405617285,-0.763116416674752,12554.3886141997,1.00007644557725
"log_lik_catch[1328]",-0.905138967615363,0.000659850913620725,0.0739338983875228,-1.05287097324457,-0.954235945656808,-0.904167310997616,-0.854961405617285,-0.763116416674752,12554.3886141997,1.00007644557725
"log_lik_catch[1329]",-0.581405721035941,0.00053920807489841,0.0598678119645073,-0.704038624540573,-0.620186818229242,-0.579896323600035,-0.539861805571746,-0.470474112637323,12327.4712171083,1.00008507158169
"log_lik_catch[1330]",-1.59860433507689,0.000722481275640112,0.0723801998380535,-1.76208100790993,-1.64188968422897,-1.59181336136824,-1.54612880663068,-1.47880923774588,10036.5941637584,1.00000138297487
"log_lik_catch[1331]",-1.59860433507689,0.000722481275640112,0.0723801998380535,-1.76208100790993,-1.64188968422897,-1.59181336136824,-1.54612880663068,-1.47880923774588,10036.5941637584,1.00000138297487
"log_lik_catch[1332]",-0.905138967615363,0.000659850913620725,0.0739338983875228,-1.05287097324457,-0.954235945656808,-0.904167310997616,-0.854961405617285,-0.763116416674752,12554.3886141997,1.00007644557725
"log_lik_catch[1333]",-2.88534303196808,0.00110021517026492,0.113600809877531,-3.1388321321137,-2.95493988788282,-2.872516327314,-2.80398991591707,-2.70141801946956,10661.2369856396,1.00015307076907
"log_lik_catch[1334]",-0.581405721035941,0.00053920807489841,0.0598678119645073,-0.704038624540573,-0.620186818229242,-0.579896323600035,-0.539861805571746,-0.470474112637323,12327.4712171083,1.00008507158169
"log_lik_catch[1335]",-0.905138967615363,0.000659850913620725,0.0739338983875228,-1.05287097324457,-0.954235945656808,-0.904167310997616,-0.854961405617285,-0.763116416674752,12554.3886141997,1.00007644557725
"log_lik_catch[1336]",-3.95032588297062,0.001434269248284,0.148777709511053,-4.28997650456748,-4.03962933167707,-3.93194097082906,-3.84306879537443,-3.713527979103,10760.0518156448,1.0000951339927
"log_lik_catch[1337]",-3.80345919173696,0.00236769407682815,0.264728976042069,-4.35464730820947,-3.9735199690636,-3.79053398569371,-3.61941821630605,-3.316146093055,12501.2023310669,0.999944747431311
"log_lik_catch[1338]",-1.85864109867091,0.00106597421751478,0.111917511985428,-2.10105395165842,-1.92933210522632,-1.85006671976262,-1.77933132074606,-1.66259658970459,11023.0732277732,0.999982198750586
"log_lik_catch[1339]",-1.13527452545244,0.000819501464578159,0.0822194730091408,-1.3080236086245,-1.18790765364451,-1.13256604390509,-1.07855088406104,-0.984096712494288,10065.8373729786,0.999770951228835
"log_lik_catch[1340]",-2.25747525539046,0.000360341711002149,0.0341622225852867,-2.32840100318905,-2.27919738863484,-2.25604391899027,-2.23414378226101,-2.19339927261678,8988.00206058727,1.00039561741917
"log_lik_catch[1341]",-2.88517095578936,0.000539241417231185,0.0554208350299211,-3.0102233507317,-2.91625635389188,-2.8803516143551,-2.84707747034797,-2.79097514166158,10562.8143605848,0.999840649337641
"log_lik_catch[1342]",-1.13527452545244,0.000819501464578159,0.0822194730091408,-1.3080236086245,-1.18790765364451,-1.13256604390509,-1.07855088406104,-0.984096712494288,10065.8373729786,0.999770951228835
"log_lik_catch[1343]",-4.06026732263723,0.0019530827428274,0.206748620149717,-4.51508900254277,-4.18571823290037,-4.03954245466086,-3.91363744655579,-3.71655114299082,11205.8280515005,0.999846568217766
"log_lik_catch[1344]",-2.2295674039539,0.000955720735441411,0.102911314054925,-2.45493287639243,-2.29248747924815,-2.22085360545323,-2.15687631597251,-2.0524097491609,11594.8258499355,0.9998637099384
"log_lik_catch[1345]",-2.19197286104971,0.00153967361820297,0.153232746209856,-2.51434546951756,-2.29080173853067,-2.18226738983966,-2.08479868279993,-1.91642548968303,9904.80279882829,1.00012678188423
"log_lik_catch[1346]",-3.87173600580646,0.00168093701655659,0.177760613067777,-4.26543832347642,-3.97737768764966,-3.85292196475977,-3.74478963936096,-3.58050051109075,11183.2542000939,0.999893562056781
"log_lik_catch[1347]",-2.44970873335021,0.00127335723788951,0.134177883446575,-2.73844246395147,-2.53473381108722,-2.4397078095995,-2.35500420000352,-2.21499538261876,11103.5371874932,0.999990233248112
"log_lik_catch[1348]",-1.13527452545244,0.000819501464578159,0.0822194730091408,-1.3080236086245,-1.18790765364451,-1.13256604390509,-1.07855088406104,-0.984096712494288,10065.8373729786,0.999770951228835
"log_lik_catch[1349]",-3.17488936454509,0.0013863383843239,0.146808055964476,-3.4970024729619,-3.26313239778174,-3.16167556298745,-3.07011843949611,-2.92993308999267,11214.0187940517,0.999920373517674
"log_lik_catch[1350]",-3.03314937202076,0.000577008416352859,0.0597126338882255,-3.16824653307645,-3.06719198144361,-3.02815549503069,-2.99229685088536,-2.93233922721682,10709.4744814906,0.999805313889791
"log_lik_catch[1351]",-2.53950490967426,0.000608692909114857,0.0586681262757923,-2.67549542468285,-2.5725575034135,-2.53222199603347,-2.49873850911115,-2.44345157395814,9289.83394525764,1.00038473161203
"log_lik_catch[1352]",-3.08227211333131,0.00169391714926866,0.180276052741572,-3.46162238176548,-3.19674237335398,-3.07111232847166,-2.95766350741591,-2.76100027438482,11326.3962447691,0.999826162752437
"log_lik_catch[1353]",-2.44970873335021,0.00127335723788951,0.134177883446575,-2.73844246395147,-2.53473381108722,-2.4397078095995,-2.35500420000352,-2.21499538261876,11103.5371874932,0.999990233248112
"log_lik_catch[1354]",-1.85864109867091,0.00106597421751478,0.111917511985428,-2.10105395165842,-1.92933210522632,-1.85006671976262,-1.77933132074606,-1.66259658970459,11023.0732277732,0.999982198750586
"log_lik_catch[1355]",-3.3312873013592,0.000952900833903868,0.0953700328648236,-3.54969840054529,-3.38518697874109,-3.31856213999496,-3.26361905495477,-3.17981508872458,10016.7872691165,1.00019749618645
"log_lik_catch[1356]",-2.95424102856667,0.000702260749686179,0.0754266022424745,-3.12534498357132,-2.99790235689189,-2.94715186662116,-2.90106656946293,-2.83021217051012,11535.9216370716,0.999715041331638
"log_lik_catch[1357]",-3.73145263233608,0.000722938702707921,0.0672028551806708,-3.88702886217797,-3.76890695675666,-3.72419257365431,-3.68598745941189,-3.61883838035233,8641.16899889283,1.00058000168892
"log_lik_catch[1358]",-2.84811765746772,0.00096990102771472,0.100888964404924,-3.07399010161725,-2.90733953924173,-2.83715368345329,-2.77574803824143,-2.68432666635077,10820.1302637544,1.00006986475284
"log_lik_catch[1359]",-2.25747525539046,0.000360341711002149,0.0341622225852867,-2.32840100318905,-2.27919738863484,-2.25604391899027,-2.23414378226101,-2.19339927261678,8988.00206058727,1.00039561741917
"log_lik_catch[1360]",-2.47923359423972,0.00191162322572804,0.184336669225026,-2.86374616334573,-2.59770130001436,-2.46805250422514,-2.3521037036704,-2.14551728547777,9298.62802839224,1.00023084761914
"log_lik_catch[1361]",-2.96843689327722,0.00158905625458218,0.161817151693081,-3.31118997485393,-3.07132972353351,-2.95613498967449,-2.85460935903718,-2.68273463505338,10369.8043091629,1.00007326193722
"log_lik_catch[1362]",-1.13527452545244,0.000819501464578159,0.0822194730091408,-1.3080236086245,-1.18790765364451,-1.13256604390509,-1.07855088406104,-0.984096712494288,10065.8373729786,0.999770951228835
"log_lik_catch[1363]",-1.13527452545244,0.000819501464578159,0.0822194730091408,-1.3080236086245,-1.18790765364451,-1.13256604390509,-1.07855088406104,-0.984096712494288,10065.8373729786,0.999770951228835
"log_lik_catch[1364]",-3.87173600580646,0.00168093701655659,0.177760613067777,-4.26543832347642,-3.97737768764966,-3.85292196475977,-3.74478963936096,-3.58050051109075,11183.2542000939,0.999893562056781
"log_lik_catch[1365]",-3.17488936454509,0.0013863383843239,0.146808055964476,-3.4970024729619,-3.26313239778174,-3.16167556298745,-3.07011843949611,-2.92993308999267,11214.0187940517,0.999920373517674
"log_lik_catch[1366]",-3.87173600580646,0.00168093701655659,0.177760613067777,-4.26543832347642,-3.97737768764966,-3.85292196475977,-3.74478963936096,-3.58050051109075,11183.2542000939,0.999893562056781
"log_lik_catch[1367]",-3.51485562306611,0.00183211965919672,0.194487850486336,-3.93331559314943,-3.63501039906934,-3.49874275179966,-3.37800597546689,-3.18050328831147,11268.7899363274,0.999839063130555
"log_lik_catch[1368]",-2.84811765746772,0.00096990102771472,0.100888964404924,-3.07399010161725,-2.90733953924173,-2.83715368345329,-2.77574803824143,-2.68432666635077,10820.1302637544,1.00006986475284
"log_lik_catch[1369]",-3.31925377705494,0.000505467522152191,0.0465454806254075,-3.41400585310877,-3.34880015237287,-3.31730747067782,-3.28788892642876,-3.23231030004951,8479.46645013595,1.00041515939307
"log_lik_catch[1370]",-3.64148536363347,0.00187782213801255,0.211547928014108,-4.09877078775572,-3.77275679104503,-3.6227356364623,-3.49303791729888,-3.27901119963692,12691.3740041392,0.999758698839049
"log_lik_catch[1371]",-2.44526131540714,0.00080280608781685,0.0863720262565758,-2.63854868856136,-2.49793105889463,-2.43731274146175,-2.38349989923223,-2.2996785652517,11575.1040038873,0.999776123771163
"log_lik_catch[1372]",-0.747197498026309,0.000612068665647684,0.0680618486691842,-0.886266636109191,-0.791614743785002,-0.746109652185377,-0.699486218411365,-0.619322457356273,12365.3720700247,0.999776975980335
"log_lik_catch[1373]",-0.747197498026309,0.000612068665647684,0.0680618486691842,-0.886266636109191,-0.791614743785002,-0.746109652185377,-0.699486218411365,-0.619322457356273,12365.3720700247,0.999776975980335
"log_lik_catch[1374]",-1.79774623817433,0.000990462011793368,0.101523347643682,-2.0181972462279,-1.86169640348868,-1.79007115688841,-1.72537948918082,-1.62263733972258,10506.4552023567,0.999928069606261
"log_lik_catch[1375]",-1.98847673163906,0.00047614226318429,0.0496806418888021,-2.10234115923475,-2.0164637661897,-1.9829788675792,-1.95370373625281,-1.90788835776493,10886.8172574995,0.999715955817865
"log_lik_catch[1376]",-2.25908859524853,0.000380753574711367,0.0353586328578661,-2.3332697318718,-2.28182961551396,-2.25721876723127,-2.23486041292626,-2.19385208492943,8623.88488022764,1.00020436616863
"log_lik_catch[1377]",-5.12108646370279,0.00210179453900785,0.235740860623502,-5.65121564186062,-5.26034818669634,-5.0931101162904,-4.95433105261156,-4.73894332329826,12580.2482359328,0.99976861568623
"log_lik_catch[1378]",-1.09133137995193,0.000716751428029411,0.0777960046109653,-1.24765831402428,-1.1429783444544,-1.08936196686093,-1.03774451933957,-0.94425190901438,11780.8724237914,0.999767427773079
"log_lik_catch[1379]",-2.69594248695897,0.000451267439417228,0.0421344386432399,-2.7830240938339,-2.72251639329509,-2.69411273577162,-2.66712580836914,-2.61723683970031,8717.79047578697,0.999996015254164
"log_lik_catch[1380]",-0.747197498026309,0.000612068665647684,0.0680618486691842,-0.886266636109191,-0.791614743785002,-0.746109652185377,-0.699486218411365,-0.619322457356273,12365.3720700247,0.999776975980335
"log_lik_catch[1381]",-3.17801136388219,0.00102815169885905,0.113115363480639,-3.43171429447831,-3.24677566423825,-3.16339919293386,-3.09710124419522,-2.99809835913312,12103.9966793039,0.999902792230875
"log_lik_catch[1382]",-1.79774623817433,0.000990462011793368,0.101523347643682,-2.0181972462279,-1.86169640348868,-1.79007115688841,-1.72537948918082,-1.62263733972258,10506.4552023567,0.999928069606261
"log_lik_catch[1383]",-2.57529509058749,0.00106294089319304,0.119240026384521,-2.83013724262464,-2.65193898701562,-2.56450372366826,-2.49066292782808,-2.37086446677306,12584.2082334195,0.99981455292977
"log_lik_catch[1384]",-1.28249403605238,0.000783187977197752,0.0809200501662149,-1.44781858888401,-1.33548987920867,-1.27960498348283,-1.22714223621402,-1.13094115428802,10675.3042835542,0.999779945627219
"log_lik_catch[1385]",-0.747197498026309,0.000612068665647684,0.0680618486691842,-0.886266636109191,-0.791614743785002,-0.746109652185377,-0.699486218411365,-0.619322457356273,12365.3720700247,0.999776975980335
"log_lik_catch[1386]",-2.44526131540714,0.00080280608781685,0.0863720262565758,-2.63854868856136,-2.49793105889463,-2.43731274146175,-2.38349989923223,-2.2996785652517,11575.1040038873,0.999776123771163
"log_lik_catch[1387]",-0.747197498026309,0.000612068665647684,0.0680618486691842,-0.886266636109191,-0.791614743785002,-0.746109652185377,-0.699486218411365,-0.619322457356273,12365.3720700247,0.999776975980335
"log_lik_catch[1388]",-2.17245535883404,0.000859100180293896,0.0913017206286836,-2.37702737004528,-2.22873826815245,-2.16398728250237,-2.10714517583342,-2.01695182450132,11294.5856691611,0.999824641207669
"log_lik_catch[1389]",-4.51657982657488,0.00304253800723391,0.340150734742782,-5.23106594177401,-4.72958967058604,-4.50143490587456,-4.28282004456458,-3.89765308291091,12498.8714832145,0.999719053554564
"log_lik_catch[1390]",-1.28249403605238,0.000783187977197752,0.0809200501662149,-1.44781858888401,-1.33548987920867,-1.27960498348283,-1.22714223621402,-1.13094115428802,10675.3042835542,0.999779945627219
"log_lik_catch[1391]",-4.61996090014868,0.00259953476222479,0.291692991564103,-5.26322487432041,-4.79516083267498,-4.59393546451486,-4.41508536321398,-4.12666324934577,12591.0146810295,0.999735261117864
"log_lik_catch[1392]",-2.31357669705426,0.000530398069446922,0.0553931124109343,-2.4391713889607,-2.34542252899022,-2.3078027602766,-2.27475459792356,-2.22190786500787,10907.0591001888,0.999722893259582
"log_lik_catch[1393]",-0.747197498026309,0.000612068665647684,0.0680618486691842,-0.886266636109191,-0.791614743785002,-0.746109652185377,-0.699486218411365,-0.619322457356273,12365.3720700247,0.999776975980335
"log_lik_catch[1394]",-1.09133137995193,0.000716751428029411,0.0777960046109653,-1.24765831402428,-1.1429783444544,-1.08936196686093,-1.03774451933957,-0.94425190901438,11780.8724237914,0.999767427773079
"log_lik_catch[1395]",-1.98847673163906,0.00047614226318429,0.0496806418888021,-2.10234115923475,-2.0164637661897,-1.9829788675792,-1.95370373625281,-1.90788835776493,10886.8172574995,0.999715955817865
"log_lik_catch[1396]",-0.747197498026309,0.000612068665647684,0.0680618486691842,-0.886266636109191,-0.791614743785002,-0.746109652185377,-0.699486218411365,-0.619322457356273,12365.3720700247,0.999776975980335
"log_lik_catch[1397]",-1.09133137995193,0.000716751428029411,0.0777960046109653,-1.24765831402428,-1.1429783444544,-1.08936196686093,-1.03774451933957,-0.94425190901438,11780.8724237914,0.999767427773079
"log_lik_catch[1398]",-2.62592020473082,0.00209836572454812,0.198377193216432,-3.04583453575712,-2.75249432564639,-2.61818585053353,-2.48613245869004,-2.26773559640694,8937.60413762921,1.00022251349207
"log_lik_catch[1399]",-1.09133137995193,0.000716751428029411,0.0777960046109653,-1.24765831402428,-1.1429783444544,-1.08936196686093,-1.03774451933957,-0.94425190901438,11780.8724237914,0.999767427773079
"log_lik_catch[1400]",-1.09133137995193,0.000716751428029411,0.0777960046109653,-1.24765831402428,-1.1429783444544,-1.08936196686093,-1.03774451933957,-0.94425190901438,11780.8724237914,0.999767427773079
"log_lik_catch[1401]",-2.11121539075856,0.00143203064519477,0.142250814650007,-2.4136902776701,-2.20183589510696,-2.1039428119541,-2.0105363022536,-1.86017390230376,9867.44923235067,1.00005541439621
"log_lik_catch[1402]",-1.53450465536191,0.00108843781250193,0.0967373525301848,-1.74334828533331,-1.59689925715906,-1.52857259639055,-1.46560791973043,-1.3611846449483,7899.16441768537,0.999974365564027
"log_lik_catch[1403]",-0.747197498026309,0.000612068665647684,0.0680618486691842,-0.886266636109191,-0.791614743785002,-0.746109652185377,-0.699486218411365,-0.619322457356273,12365.3720700247,0.999776975980335
"log_lik_catch[1404]",-0.747197498026309,0.000612068665647684,0.0680618486691842,-0.886266636109191,-0.791614743785002,-0.746109652185377,-0.699486218411365,-0.619322457356273,12365.3720700247,0.999776975980335
"log_lik_catch[1405]",-0.747197498026309,0.000612068665647684,0.0680618486691842,-0.886266636109191,-0.791614743785002,-0.746109652185377,-0.699486218411365,-0.619322457356273,12365.3720700247,0.999776975980335
"log_lik_catch[1406]",-2.44526131540714,0.00080280608781685,0.0863720262565758,-2.63854868856136,-2.49793105889463,-2.43731274146175,-2.38349989923223,-2.2996785652517,11575.1040038873,0.999776123771163
"log_lik_catch[1407]",-0.747197498026309,0.000612068665647684,0.0680618486691842,-0.886266636109191,-0.791614743785002,-0.746109652185377,-0.699486218411365,-0.619322457356273,12365.3720700247,0.999776975980335
"log_lik_catch[1408]",-0.747197498026309,0.000612068665647684,0.0680618486691842,-0.886266636109191,-0.791614743785002,-0.746109652185377,-0.699486218411365,-0.619322457356273,12365.3720700247,0.999776975980335
"log_lik_catch[1409]",-1.60207041787487,0.000728275506060795,0.0719707464604983,-1.76281640666988,-1.64563509199343,-1.59565703802064,-1.54959839533729,-1.48362423704063,9766.08740548853,0.999844832403504
"log_lik_catch[1410]",-3.78757447693668,0.0024242591519792,0.266763998665233,-4.33338744280516,-3.96551942060879,-3.77815335524336,-3.60146622910672,-3.29078483305905,12108.6673860261,0.999710569835184
"log_lik_catch[1411]",-1.45813027661584,0.000249720713143691,0.0237592670822637,-1.50655966903002,-1.47398223525249,-1.45737274437627,-1.44205749188839,-1.41365337086603,9052.25847368948,0.999968035252438
"log_lik_catch[1412]",-5.52201252468581,0.00404441814382573,0.447122445964413,-6.43648165675825,-5.82072143944319,-5.5101797833714,-5.21583231990496,-4.68283829001469,12221.9596264385,0.999708729093038
"log_lik_catch[1413]",-2.35715849686707,0.000738210144632954,0.0749622129490247,-2.52777162917373,-2.40225297724337,-2.34771241835024,-2.30273178240184,-2.23708284724418,10311.5696481082,0.999923502857975
"log_lik_catch[1414]",-0.909827861565553,0.00070745597884139,0.0756897059074398,-1.06373241562056,-0.960198032458314,-0.907419383741291,-0.857454066757706,-0.765847248609913,11446.5548345071,0.999752540070984
"log_lik_catch[1415]",-0.909827861565553,0.00070745597884139,0.0756897059074398,-1.06373241562056,-0.960198032458314,-0.907419383741291,-0.857454066757706,-0.765847248609913,11446.5548345071,0.999752540070984
"log_lik_catch[1416]",-0.909827861565553,0.00070745597884139,0.0756897059074398,-1.06373241562056,-0.960198032458314,-0.907419383741291,-0.857454066757706,-0.765847248609913,11446.5548345071,0.999752540070984
"log_lik_catch[1417]",-2.35715849686707,0.000738210144632954,0.0749622129490247,-2.52777162917373,-2.40225297724337,-2.34771241835024,-2.30273178240184,-2.23708284724418,10311.5696481082,0.999923502857975
"log_lik_catch[1418]",-1.9396737722986,0.000329186226971558,0.0297587879284504,-2.00108717985478,-1.95882265058319,-1.93856954940012,-1.91924870464493,-1.88424224502116,8172.35388607844,1.00026573060491
"log_lik_catch[1419]",-0.909827861565553,0.00070745597884139,0.0756897059074398,-1.06373241562056,-0.960198032458314,-0.907419383741291,-0.857454066757706,-0.765847248609913,11446.5548345071,0.999752540070984
"log_lik_catch[1420]",-0.58522872185014,0.000572998124810608,0.0611349708102817,-0.713042227439867,-0.625255692950897,-0.58258212044095,-0.542266296707606,-0.472616710875423,11383.4267412957,0.999759770196789
"log_lik_catch[1421]",-3.30405482121698,0.0018080834853133,0.196792666093162,-3.72241178955503,-3.4297115028954,-3.28990429806525,-3.16391353556411,-2.95809609137127,11846.2490839464,0.9997383943203
"log_lik_catch[1422]",-3.22137007213943,0.00148115137456827,0.158591242636108,-3.56830178215566,-3.32030179144066,-3.20628002275483,-3.10754666553231,-2.95276451370433,11464.615980419,0.999779618356603
"log_lik_catch[1423]",-2.97819439591181,0.000956683257771003,0.0968598857483214,-3.19891699332841,-3.03552457196196,-2.96536174366699,-2.90804297090317,-2.82472531034586,10250.6535929299,0.999929483985828
"log_lik_catch[1424]",-2.00332488208102,0.000563028022666371,0.0566914532826303,-2.13670911995421,-2.03498406362463,-1.9963041326405,-1.96328122419679,-1.91277045802464,10138.5339288019,0.999820023112018
"log_lik_catch[1425]",-2.35715849686707,0.000738210144632954,0.0749622129490247,-2.52777162917373,-2.40225297724337,-2.34771241835024,-2.30273178240184,-2.23708284724418,10311.5696481082,0.999923502857975
"log_lik_catch[1426]",-3.78757447693668,0.0024242591519792,0.266763998665233,-4.33338744280516,-3.96551942060879,-3.77815335524336,-3.60146622910672,-3.29078483305905,12108.6673860261,0.999710569835184
"log_lik_catch[1427]",-0.966409356242587,0.00080471239641204,0.0862649270837516,-1.14118961946784,-1.02403403642803,-0.965250941603881,-0.907459370733197,-0.801529933023174,11491.7755740775,0.999982190186549
"log_lik_catch[1428]",-3.6216129283052,0.00256281589630228,0.264686830806485,-4.20604986507881,-3.78364105019394,-3.59854768238155,-3.43124993436334,-3.17319334361796,10666.6943269474,1.00009875846268
"log_lik_catch[1429]",-3.3215279428653,0.000568686461109799,0.0500413185430422,-3.42982574949782,-3.35203619597386,-3.31872689391774,-3.28731579176669,-3.23213328594803,7743.04370977647,1.00019244269113
"log_lik_catch[1430]",-0.966409356242587,0.00080471239641204,0.0862649270837516,-1.14118961946784,-1.02403403642803,-0.965250941603881,-0.907459370733197,-0.801529933023174,11491.7755740775,0.999982190186549
"log_lik_catch[1431]",-1.29820872753574,0.000843211845824028,0.0876725883547373,-1.47784192927542,-1.35517593687552,-1.29567837053423,-1.23802214327177,-1.13386081834425,10810.7110257376,0.999972910016129
"log_lik_catch[1432]",-1.54367446398511,0.00109442714179257,0.0986943679068983,-1.7528222104932,-1.60553927607182,-1.53732754135537,-1.47529268758579,-1.36979562318554,8132.25577977428,1.00007788671589
"log_lik_catch[1433]",-3.15535958115097,0.00122303501911278,0.125511175204473,-3.45091882957963,-3.22664431655501,-3.13507126286505,-3.06537866670075,-2.96801600599021,10531.4218022983,1.0000439723197
"log_lik_catch[1434]",-2.55281819019927,0.000693618485477961,0.0649449064988195,-2.7042812704476,-2.58849943359273,-2.54335146352478,-2.50791539236795,-2.45066280812834,8766.95694958526,1.00002106748923
"log_lik_catch[1435]",-3.15535958115097,0.00122303501911278,0.125511175204473,-3.45091882957963,-3.22664431655501,-3.13507126286505,-3.06537866670075,-2.96801600599021,10531.4218022983,1.0000439723197
"log_lik_catch[1436]",-3.16505643725321,0.00189486391910406,0.197054220944273,-3.60735598955258,-3.2845854683304,-3.14559668740796,-3.02312415652975,-2.83871378383769,10814.7237762636,1.00006657214379
"log_lik_catch[1437]",-1.29820872753574,0.000843211845824028,0.0876725883547373,-1.47784192927542,-1.35517593687552,-1.29567837053423,-1.23802214327177,-1.13386081834425,10810.7110257376,0.999972910016129
"log_lik_catch[1438]",-2.50487576410502,0.000472465688389265,0.042329785507021,-2.59679955071112,-2.52973104711635,-2.50194756068948,-2.47617087619883,-2.43004394512877,8026.96901812913,1.00011613433761
"log_lik_catch[1439]",-2.26481710709441,0.000431498260896356,0.0390500395566739,-2.35111140761531,-2.28755384516234,-2.26197761884927,-2.23829680813473,-2.19617663134609,8190.0180126318,1.00006177317001
"log_lik_catch[1440]",-0.966409356242587,0.00080471239641204,0.0862649270837516,-1.14118961946784,-1.02403403642803,-0.965250941603881,-0.907459370733197,-0.801529933023174,11491.7755740775,0.999982190186549
"log_lik_catch[1441]",-0.966409356242587,0.00080471239641204,0.0862649270837516,-1.14118961946784,-1.02403403642803,-0.965250941603881,-0.907459370733197,-0.801529933023174,11491.7755740775,0.999982190186549
"log_lik_catch[1442]",-2.3148444672267,0.000662258708407865,0.0673748216978659,-2.47725991901739,-2.35136668372788,-2.30375522569518,-2.26740885065845,-2.21474679430433,10349.9893323164,1.00000554247371
"log_lik_catch[1443]",-0.966409356242587,0.00080471239641204,0.0862649270837516,-1.14118961946784,-1.02403403642803,-0.965250941603881,-0.907459370733197,-0.801529933023174,11491.7755740775,0.999982190186549
"log_lik_catch[1444]",-1.94570191981993,0.000372322497663923,0.0342880606662631,-2.02229355544257,-1.96539710368168,-1.94296708972044,-1.92275989367499,-1.88626295246663,8481.0043411621,0.999959586000601
"log_lik_catch[1445]",-0.966409356242587,0.00080471239641204,0.0862649270837516,-1.14118961946784,-1.02403403642803,-0.965250941603881,-0.907459370733197,-0.801529933023174,11491.7755740775,0.999982190186549
"log_lik_catch[1446]",-2.92368228807858,0.000860655239086733,0.0862974629663772,-3.13347771490248,-2.96980884017977,-2.90872007201383,-2.86327390786367,-2.79649516283907,10053.9708758841,1.00003467231936
"log_lik_catch[1447]",-1.6564407425579,0.00093625887785124,0.0918419358565699,-1.85899321743371,-1.71206604312643,-1.6472955084637,-1.59073461576949,-1.5045301305476,9622.54965592952,0.999912332699345
"log_lik_catch[1448]",-0.633949294210041,0.00068448696934006,0.0725610779945582,-0.783570442562175,-0.68129633451768,-0.631775828433652,-0.583653242726196,-0.499006774783103,11237.6909063715,0.999995733275197
"log_lik_catch[1449]",-2.50487576410502,0.000472465688389265,0.042329785507021,-2.59679955071112,-2.52973104711635,-2.50194756068948,-2.47617087619883,-2.43004394512877,8026.96901812913,1.00011613433761
"log_lik_catch[1450]",-1.94570191981993,0.000372322497663923,0.0342880606662631,-2.02229355544257,-1.96539710368168,-1.94296708972044,-1.92275989367499,-1.88626295246663,8481.0043411621,0.999959586000601
"log_lik_catch[1451]",-2.50487576410502,0.000472465688389265,0.042329785507021,-2.59679955071112,-2.52973104711635,-2.50194756068948,-2.47617087619883,-2.43004394512877,8026.96901812913,1.00011613433761
"log_lik_catch[1452]",-3.22423511345712,0.000562883462425244,0.0498217834095762,-3.3334748454365,-3.25372604781198,-3.22114108564013,-3.19050635812971,-3.13625531418647,7834.32457445325,1.00017892567587
"log_lik_catch[1453]",-1.29820872753574,0.000843211845824028,0.0876725883547373,-1.47784192927542,-1.35517593687552,-1.29567837053423,-1.23802214327177,-1.13386081834425,10810.7110257376,0.999972910016129
"log_lik_catch[1454]",-0.966409356242587,0.00080471239641204,0.0862649270837516,-1.14118961946784,-1.02403403642803,-0.965250941603881,-0.907459370733197,-0.801529933023174,11491.7755740775,0.999982190186549
"log_lik_catch[1455]",-0.966409356242587,0.00080471239641204,0.0862649270837516,-1.14118961946784,-1.02403403642803,-0.965250941603881,-0.907459370733197,-0.801529933023174,11491.7755740775,0.999982190186549
"log_lik_catch[1456]",-2.3148444672267,0.000662258708407865,0.0673748216978659,-2.47725991901739,-2.35136668372788,-2.30375522569518,-2.26740885065845,-2.21474679430433,10349.9893323164,1.00000554247371
"log_lik_catch[1457]",-3.15535958115097,0.00122303501911278,0.125511175204473,-3.45091882957963,-3.22664431655501,-3.13507126286505,-3.06537866670075,-2.96801600599021,10531.4218022983,1.0000439723197
"log_lik_catch[1458]",-0.900625297721176,0.000708906695102215,0.0715789026423301,-1.04380670437511,-0.947612161802089,-0.899649779097224,-0.851547406234637,-0.764075426250538,10195.1100050843,0.999897318252682
"log_lik_catch[1459]",-1.10360825155165,0.00071397060436886,0.0744794249691481,-1.25121011039967,-1.15258317638538,-1.10271683127622,-1.05344858735064,-0.960108615557423,10882.0813247613,0.99985146908455
"log_lik_catch[1460]",-1.99723262569412,0.000572649254951025,0.0538406727398218,-2.1200244722192,-2.0284444623851,-1.99061439715499,-1.95884336304932,-1.91020100467555,8839.82272095396,0.999843782905395
"log_lik_catch[1461]",-0.577544677981186,0.000587328605875694,0.0576941705238466,-0.696319870783047,-0.615683581456453,-0.576077821635026,-0.537972965263361,-0.469357853643328,9649.42778484608,0.999905777018688
"log_lik_catch[1462]",-0.900625297721176,0.000708906695102215,0.0715789026423301,-1.04380670437511,-0.947612161802089,-0.899649779097224,-0.851547406234637,-0.764075426250538,10195.1100050843,0.999897318252682
"log_lik_catch[1463]",-1.24053050316878,0.000706431342113055,0.0755059471293676,-1.39071710837895,-1.28973695394544,-1.2387974966335,-1.18903103423129,-1.09802592335699,11424.1106459844,0.99979687150621
"log_lik_catch[1464]",-3.32767532236888,0.0020334298494557,0.195689707085166,-3.75104502739828,-3.44910594815815,-3.31165502890052,-3.19030392819585,-2.99189233517367,9261.41995380652,0.999855642075344
"log_lik_catch[1465]",-1.33770747335418,0.000734898853842714,0.07729472942391,-1.49506594272573,-1.38857118345778,-1.33517170762394,-1.28421153276889,-1.19378452421624,11062.2793778623,0.999761965788617
"log_lik_catch[1466]",-1.24053050316878,0.000706431342113055,0.0755059471293676,-1.39071710837895,-1.28973695394544,-1.2387974966335,-1.18903103423129,-1.09802592335699,11424.1106459844,0.99979687150621
"log_lik_catch[1467]",-4.1111248102918,0.00262680683294628,0.254313604201806,-4.66880909084732,-4.26511774485582,-4.08831313736342,-3.93280126705775,-3.68060759016814,9373.09267531676,0.999814408233871
"log_lik_catch[1468]",-2.83306938406878,0.00142097868440027,0.134970681476449,-3.13166976987807,-2.91511355506281,-2.82020210422446,-2.73623333831268,-2.60760259078523,9022.01936194701,0.999945541739152
"log_lik_catch[1469]",-0.900625297721176,0.000708906695102215,0.0715789026423301,-1.04380670437511,-0.947612161802089,-0.899649779097224,-0.851547406234637,-0.764075426250538,10195.1100050843,0.999897318252682
"log_lik_catch[1470]",-2.5615727324554,0.000744099130484974,0.0680461619245069,-2.71975891511963,-2.60031909147783,-2.55191511701358,-2.51350870060912,-2.45435149104191,8362.68376960753,1.00029899789121
"log_lik_catch[1471]",-2.28798816362069,0.000498333062467402,0.0473109833154548,-2.39608978681648,-2.31523697098319,-2.28284831767472,-2.25540317524615,-2.20770317472297,9013.31492033808,0.999959363720679
"log_lik_catch[1472]",-0.577544677981186,0.000587328605875694,0.0576941705238466,-0.696319870783047,-0.615683581456453,-0.576077821635026,-0.537972965263361,-0.469357853643328,9649.42778484608,0.999905777018688
"log_lik_catch[1473]",-0.900625297721176,0.000708906695102215,0.0715789026423301,-1.04380670437511,-0.947612161802089,-0.899649779097224,-0.851547406234637,-0.764075426250538,10195.1100050843,0.999897318252682
"log_lik_catch[1474]",-0.577544677981186,0.000587328605875694,0.0576941705238466,-0.696319870783047,-0.615683581456453,-0.576077821635026,-0.537972965263361,-0.469357853643328,9649.42778484608,0.999905777018688
"log_lik_catch[1475]",-2.28798816362069,0.000498333062467402,0.0473109833154548,-2.39608978681648,-2.31523697098319,-2.28284831767472,-2.25540317524615,-2.20770317472297,9013.31492033808,0.999959363720679
"log_lik_catch[1476]",-0.900625297721176,0.000708906695102215,0.0715789026423301,-1.04380670437511,-0.947612161802089,-0.899649779097224,-0.851547406234637,-0.764075426250538,10195.1100050843,0.999897318252682
"log_lik_catch[1477]",-0.900625297721176,0.000708906695102215,0.0715789026423301,-1.04380670437511,-0.947612161802089,-0.899649779097224,-0.851547406234637,-0.764075426250538,10195.1100050843,0.999897318252682
"log_lik_catch[1478]",-4.68928956809298,0.00355571940028409,0.349203372273085,-5.41221699774338,-4.91226312286705,-4.67628362821759,-4.44834276272161,-4.04169510974089,9644.99252814919,0.999770434216931
"log_lik_catch[1479]",-2.83306938406878,0.00142097868440027,0.134970681476449,-3.13166976987807,-2.91511355506281,-2.82020210422446,-2.73623333831268,-2.60760259078523,9022.01936194701,0.999945541739152
"log_lik_catch[1480]",-4.7097125506649,0.0034340695516451,0.33588497652134,-5.43888654115982,-4.91396919557081,-4.68292491655691,-4.47363428099729,-4.12841211462003,9566.71826815586,0.999769834572047
"log_lik_catch[1481]",-1.59422600154551,0.000772690432684985,0.0694198787915388,-1.74799015921842,-1.63763236367011,-1.58796362662384,-1.54473238928705,-1.47717555027089,8071.54425461148,0.999898731961082
"log_lik_catch[1482]",-0.900625297721176,0.000708906695102215,0.0715789026423301,-1.04380670437511,-0.947612161802089,-0.899649779097224,-0.851547406234637,-0.764075426250538,10195.1100050843,0.999897318252682
"log_lik_catch[1483]",-1.93969558533956,0.000314272291350836,0.0297387754847303,-2.00180263927843,-1.95839308476772,-1.9384638616178,-1.9190434274256,-1.88440698303982,8954.34824051249,1.0004484653036
"log_lik_catch[1484]",-1.45810335372076,0.000233259319002745,0.0234509206332643,-1.50613995948067,-1.47331668766165,-1.45735287640012,-1.44216979402951,-1.41334128151731,10107.454313782,0.999899551375445
"log_lik_catch[1485]",-0.900625297721176,0.000708906695102215,0.0715789026423301,-1.04380670437511,-0.947612161802089,-0.899649779097224,-0.851547406234637,-0.764075426250538,10195.1100050843,0.999897318252682
"log_lik_catch[1486]",-2.36504653927834,0.000814884871173733,0.0759862812646476,-2.53853534034016,-2.41025157923916,-2.355568058822,-2.31087496060646,-2.24465429790431,8695.16588489457,1.00014388775848
"log_lik_catch[1487]",-4.68928956809298,0.00355571940028409,0.349203372273085,-5.41221699774338,-4.91226312286705,-4.67628362821759,-4.44834276272161,-4.04169510974089,9644.99252814919,0.999770434216931
"log_lik_catch[1488]",-2.51486650577586,0.000475052213001592,0.0446506095140343,-2.61451421670011,-2.54098925982283,-2.5114872183467,-2.48435214822843,-2.43610840651284,8834.29896460109,1.0001339314932
"log_lik_catch[1489]",-2.17800716090202,0.000970760731511871,0.0927041028805919,-2.379725022831,-2.23611602429144,-2.17051326686166,-2.1115414239818,-2.02072218005085,9119.55213494711,0.999972692960772
"log_lik_catch[1490]",-0.900625297721176,0.000708906695102215,0.0715789026423301,-1.04380670437511,-0.947612161802089,-0.899649779097224,-0.851547406234637,-0.764075426250538,10195.1100050843,0.999897318252682
"log_lik_catch[1491]",-0.577544677981186,0.000587328605875694,0.0576941705238466,-0.696319870783047,-0.615683581456453,-0.576077821635026,-0.537972965263361,-0.469357853643328,9649.42778484608,0.999905777018688
"log_lik_catch[1492]",-0.900625297721176,0.000708906695102215,0.0715789026423301,-1.04380670437511,-0.947612161802089,-0.899649779097224,-0.851547406234637,-0.764075426250538,10195.1100050843,0.999897318252682
"log_lik_catch[1493]",-0.900625297721176,0.000708906695102215,0.0715789026423301,-1.04380670437511,-0.947612161802089,-0.899649779097224,-0.851547406234637,-0.764075426250538,10195.1100050843,0.999897318252682
"log_lik_catch[1494]",-2.73113628768735,0.00263164746994541,0.22214123158826,-3.19440815784398,-2.87570682895235,-2.72244600464943,-2.57478162387395,-2.32374535874475,7125.29627579706,1.00027689714561
"log_lik_catch[1495]",-2.49768918859904,0.000429687907330455,0.0384632134130618,-2.57800740222731,-2.52174478412835,-2.49629752633537,-2.47102309095746,-2.42653395702359,8012.81039193118,1.00074930910225
"log_lik_catch[1496]",-3.84044021995288,0.00265161341324858,0.257590691707864,-4.39134735776858,-4.00033453668273,-3.82190251129476,-3.66086892670929,-3.38719789299617,9437.1295326016,0.999806089733426
"log_lik_catch[1497]",-0.900625297721176,0.000708906695102215,0.0715789026423301,-1.04380670437511,-0.947612161802089,-0.899649779097224,-0.851547406234637,-0.764075426250538,10195.1100050843,0.999897318252682
"log_lik_catch[1498]",-1.24053050316878,0.000706431342113055,0.0755059471293676,-1.39071710837895,-1.28973695394544,-1.2387974966335,-1.18903103423129,-1.09802592335699,11424.1106459844,0.99979687150621
"log_lik_catch[1499]",-3.81924597160325,0.00222891743135351,0.214321513782034,-4.29324147218117,-3.94898003328656,-3.79778327314551,-3.66770311366965,-3.46378549271883,9245.78041594708,0.999851309096538
"log_lik_catch[1500]",-3.84044021995288,0.00265161341324858,0.257590691707864,-4.39134735776858,-4.00033453668273,-3.82190251129476,-3.66086892670929,-3.38719789299617,9437.1295326016,0.999806089733426
"log_lik_catch[1501]",-1.10360825155165,0.00071397060436886,0.0744794249691481,-1.25121011039967,-1.15258317638538,-1.10271683127622,-1.05344858735064,-0.960108615557423,10882.0813247613,0.99985146908455
"log_lik_catch[1502]",-0.900625297721176,0.000708906695102215,0.0715789026423301,-1.04380670437511,-0.947612161802089,-0.899649779097224,-0.851547406234637,-0.764075426250538,10195.1100050843,0.999897318252682
"log_lik_catch[1503]",-1.59422600154551,0.000772690432684985,0.0694198787915388,-1.74799015921842,-1.63763236367011,-1.58796362662384,-1.54473238928705,-1.47717555027089,8071.54425461148,0.999898731961082
"log_lik_catch[1504]",-1.93969558533956,0.000314272291350836,0.0297387754847303,-2.00180263927843,-1.95839308476772,-1.9384638616178,-1.9190434274256,-1.88440698303982,8954.34824051249,1.0004484653036
"log_lik_catch[1505]",-0.577544677981186,0.000587328605875694,0.0576941705238466,-0.696319870783047,-0.615683581456453,-0.576077821635026,-0.537972965263361,-0.469357853643328,9649.42778484608,0.999905777018688
"log_lik_catch[1506]",-0.900625297721176,0.000708906695102215,0.0715789026423301,-1.04380670437511,-0.947612161802089,-0.899649779097224,-0.851547406234637,-0.764075426250538,10195.1100050843,0.999897318252682
"log_lik_catch[1507]",-0.900625297721176,0.000708906695102215,0.0715789026423301,-1.04380670437511,-0.947612161802089,-0.899649779097224,-0.851547406234637,-0.764075426250538,10195.1100050843,0.999897318252682
"log_lik_catch[1508]",-1.10360825155165,0.00071397060436886,0.0744794249691481,-1.25121011039967,-1.15258317638538,-1.10271683127622,-1.05344858735064,-0.960108615557423,10882.0813247613,0.99985146908455
"log_lik_catch[1509]",-1.59422600154551,0.000772690432684985,0.0694198787915388,-1.74799015921842,-1.63763236367011,-1.58796362662384,-1.54473238928705,-1.47717555027089,8071.54425461148,0.999898731961082
"log_lik_catch[1510]",-0.900625297721176,0.000708906695102215,0.0715789026423301,-1.04380670437511,-0.947612161802089,-0.899649779097224,-0.851547406234637,-0.764075426250538,10195.1100050843,0.999897318252682
"log_lik_catch[1511]",-2.120959029494,0.000931384194136799,0.0851485691399013,-2.30886280661251,-2.17313251076008,-2.11327863429298,-2.06019800086645,-1.97702419929919,8357.89636232684,0.999879474609799
"log_lik_catch[1512]",-1.10360825155165,0.00071397060436886,0.0744794249691481,-1.25121011039967,-1.15258317638538,-1.10271683127622,-1.05344858735064,-0.960108615557423,10882.0813247613,0.99985146908455
"log_lik_catch[1513]",-1.93969558533956,0.000314272291350836,0.0297387754847303,-2.00180263927843,-1.95839308476772,-1.9384638616178,-1.9190434274256,-1.88440698303982,8954.34824051249,1.0004484653036
"log_lik_catch[1514]",-0.577544677981186,0.000587328605875694,0.0576941705238466,-0.696319870783047,-0.615683581456453,-0.576077821635026,-0.537972965263361,-0.469357853643328,9649.42778484608,0.999905777018688
"log_lik_catch[1515]",-0.900625297721176,0.000708906695102215,0.0715789026423301,-1.04380670437511,-0.947612161802089,-0.899649779097224,-0.851547406234637,-0.764075426250538,10195.1100050843,0.999897318252682
"log_lik_catch[1516]",-0.922597162972279,0.000751133105800289,0.0767327202251148,-1.07515697290534,-0.974086811220587,-0.922040336838352,-0.870545563297282,-0.77303883938392,10435.8392697962,0.999808525959923
"log_lik_catch[1517]",-0.724753863295984,0.000705563384627245,0.0704422991503779,-0.867767010217458,-0.77205925967742,-0.723987297579941,-0.676534511406589,-0.590383904536169,9967.70037825535,0.999818250388398
"log_lik_catch[1518]",-1.77013088881533,0.00125785264908814,0.111622477688225,-2.01112232151962,-1.84175237275816,-1.76161838239984,-1.69178852406602,-1.57695465581886,7874.87700084719,0.999881018548751
"log_lik_catch[1519]",-0.724753863295984,0.000705563384627245,0.0704422991503779,-0.867767010217458,-0.77205925967742,-0.723987297579941,-0.676534511406589,-0.590383904536169,9967.70037825535,0.999818250388398
"log_lik_catch[1520]",-0.922597162972279,0.000751133105800289,0.0767327202251148,-1.07515697290534,-0.974086811220587,-0.922040336838352,-0.870545563297282,-0.77303883938392,10435.8392697962,0.999808525959923
"log_lik_catch[1521]",-3.09449339380346,0.00146027411998206,0.138395830910062,-3.41186219422824,-3.17475635861738,-3.07674742111847,-2.99508104060709,-2.87394898101833,8982.08660332824,0.999830367180002
"log_lik_catch[1522]",-1.17541723985011,0.000724162323104829,0.0779433482153581,-1.33174675493237,-1.22727097203812,-1.1749537184963,-1.12332740053446,-1.02320460183573,11584.7392936433,0.999759788576069
"log_lik_catch[1523]",-1.77013088881533,0.00125785264908814,0.111622477688225,-2.01112232151962,-1.84175237275816,-1.76161838239984,-1.69178852406602,-1.57695465581886,7874.87700084719,0.999881018548751
"log_lik_catch[1524]",-1.61498546280187,0.000892860489782383,0.0801613344901857,-1.79407949020533,-1.66508936378046,-1.60711146827601,-1.55782344616956,-1.4806211085689,8060.5126973831,0.9998306946721
"log_lik_catch[1525]",-0.922597162972279,0.000751133105800289,0.0767327202251148,-1.07515697290534,-0.974086811220587,-0.922040336838352,-0.870545563297282,-0.77303883938392,10435.8392697962,0.999808525959923
"log_lik_catch[1526]",-0.724753863295984,0.000705563384627245,0.0704422991503779,-0.867767010217458,-0.77205925967742,-0.723987297579941,-0.676534511406589,-0.590383904536169,9967.70037825535,0.999818250388398
"log_lik_catch[1527]",-0.922597162972279,0.000751133105800289,0.0767327202251148,-1.07515697290534,-0.974086811220587,-0.922040336838352,-0.870545563297282,-0.77303883938392,10435.8392697962,0.999808525959923
"log_lik_catch[1528]",-0.922597162972279,0.000751133105800289,0.0767327202251148,-1.07515697290534,-0.974086811220587,-0.922040336838352,-0.870545563297282,-0.77303883938392,10435.8392697962,0.999808525959923
"log_lik_catch[1529]",-1.0667227529246,0.00074407237722896,0.0781111317268435,-1.22246616728669,-1.11918463771942,-1.06626839746957,-1.01393956322038,-0.913853083678314,11020.3527494119,0.999787031280963
"log_lik_catch[1530]",-1.77013088881533,0.00125785264908814,0.111622477688225,-2.01112232151962,-1.84175237275816,-1.76161838239984,-1.69178852406602,-1.57695465581886,7874.87700084719,0.999881018548751
"log_lik_catch[1531]",-0.724753863295984,0.000705563384627245,0.0704422991503779,-0.867767010217458,-0.77205925967742,-0.723987297579941,-0.676534511406589,-0.590383904536169,9967.70037825535,0.999818250388398
"log_lik_catch[1532]",-0.44010898478281,0.000524030077312533,0.0516011740935326,-0.547634552949271,-0.474358901260303,-0.438338038798977,-0.404085669253685,-0.344736746678226,9696.31548740846,0.999815644399759
"log_lik_catch[1533]",-1.3803177177415,0.000736097413981271,0.0791659752856163,-1.54592932769487,-1.43167604773827,-1.3773321613679,-1.32629613414453,-1.23233300876855,11566.6221572805,0.999717789978087
"log_lik_catch[1534]",-3.26961100666644,0.00207826969722721,0.202600917258881,-3.71560039165671,-3.3953787300512,-3.25123052019774,-3.12412621832712,-2.9240318995873,9503.39988434,0.999732900486189
"log_lik_catch[1535]",-0.44010898478281,0.000524030077312533,0.0516011740935326,-0.547634552949271,-0.474358901260303,-0.438338038798977,-0.404085669253685,-0.344736746678226,9696.31548740846,0.999815644399759
"log_lik_catch[1536]",-3.26689706773227,0.00222683525368148,0.218512577482398,-3.73908369478033,-3.40583857893215,-3.25101997627418,-3.1102002652118,-2.88460611919417,9628.90059768355,0.999719644282344
"log_lik_catch[1537]",-1.04315367280489,0.000998548319709011,0.0978431312031564,-1.24139371643644,-1.10893033488642,-1.04159063930274,-0.977751248095292,-0.854286582917404,9601.13364340523,0.99974582520908
"log_lik_catch[1538]",-0.841047588591193,0.000982128742906725,0.0943829131165084,-1.03560071400976,-0.903925203747309,-0.838475505675468,-0.777476166864518,-0.663592951937489,9235.2767178845,0.999726079976883
"log_lik_catch[1539]",-3.95692373523826,0.00331313871427597,0.303885613445164,-4.65211504980416,-4.13698015430653,-3.91938052084447,-3.73949455151593,-3.47762470054324,8412.80924801846,0.999731790200521
"log_lik_catch[1540]",-2.12615462574167,0.00223035269820982,0.190959218736761,-2.53749096245797,-2.24788753418751,-2.1109500859907,-1.99010434640711,-1.79747982763522,7330.50959555203,0.99980082373836
"log_lik_catch[1541]",-3.52282777349402,0.00328390858928693,0.303016932549856,-4.18772300160302,-3.71070311798183,-3.49503525784193,-3.30934230928509,-3.00855309023994,8514.35346993768,0.999718700574014
"log_lik_catch[1542]",-1.74427230154572,0.00145458931942367,0.125778580135893,-2.02514631811459,-1.82045954707594,-1.72959731303728,-1.65273028634861,-1.54050832197936,7477.08963464026,0.999716573559227
"log_lik_catch[1543]",-0.530182058945323,0.000792327673630986,0.0747475201409362,-0.690549294863291,-0.577327914423702,-0.526127438755972,-0.478226744093923,-0.394482347739835,8899.8754344481,0.999704103688354
"log_lik_catch[1544]",-1.1831715639849,0.000971227323654995,0.0966759137946597,-1.3773800907902,-1.24732510762173,-1.18192213219102,-1.11854280309573,-0.99490756885054,9908.20053080265,0.999767079038888
"log_lik_catch[1545]",-0.841047588591193,0.000982128742906725,0.0943829131165084,-1.03560071400976,-0.903925203747309,-0.838475505675468,-0.777476166864518,-0.663592951937489,9235.2767178845,0.999726079976883
"log_lik_catch[1546]",-3.00775535728035,0.00201642472582699,0.1839968811984,-3.43382915550879,-3.11556468108363,-2.9826881828568,-2.87280087189084,-2.72615339476869,8326.39279773854,0.999768385235069
"log_lik_catch[1547]",-0.841047588591193,0.000982128742906725,0.0943829131165084,-1.03560071400976,-0.903925203747309,-0.838475505675468,-0.777476166864518,-0.663592951937489,9235.2767178845,0.999726079976883
"log_lik_catch[1548]",-0.530182058945323,0.000792327673630986,0.0747475201409362,-0.690549294863291,-0.577327914423702,-0.526127438755972,-0.478226744093923,-0.394482347739835,8899.8754344481,0.999704103688354
"log_lik_catch[1549]",-1.04315367280489,0.000998548319709011,0.0978431312031564,-1.24139371643644,-1.10893033488642,-1.04159063930274,-0.977751248095292,-0.854286582917404,9601.13364340523,0.99974582520908
"log_lik_catch[1550]",-0.841047588591193,0.000982128742906725,0.0943829131165084,-1.03560071400976,-0.903925203747309,-0.838475505675468,-0.777476166864518,-0.663592951937489,9235.2767178845,0.999726079976883
"log_lik_catch[1551]",-2.27348814770571,0.000549388405283078,0.0474802234828389,-2.38714562910256,-2.29724432449716,-2.26773496497543,-2.24181106589392,-2.19816079386765,7469.07000436161,0.99987274963499
"log_lik_catch[1552]",-1.1831715639849,0.000971227323654995,0.0966759137946597,-1.3773800907902,-1.24732510762173,-1.18192213219102,-1.11854280309573,-0.99490756885054,9908.20053080265,0.999767079038888
"log_lik_catch[1553]",-0.841047588591193,0.000982128742906725,0.0943829131165084,-1.03560071400976,-0.903925203747309,-0.838475505675468,-0.777476166864518,-0.663592951937489,9235.2767178845,0.999726079976883
"log_lik_catch[1554]",-0.841047588591193,0.000982128742906725,0.0943829131165084,-1.03560071400976,-0.903925203747309,-0.838475505675468,-0.777476166864518,-0.663592951937489,9235.2767178845,0.999726079976883
"log_lik_catch[1555]",-0.841047588591193,0.000982128742906725,0.0943829131165084,-1.03560071400976,-0.903925203747309,-0.838475505675468,-0.777476166864518,-0.663592951937489,9235.2767178845,0.999726079976883
"log_lik_catch[1556]",-3.33026357883381,0.00161993474006906,0.167111964716347,-3.69604480118023,-3.43528168429597,-3.31792956919582,-3.21032353955022,-3.04037543516962,10641.9215276187,1.00016404023113
"log_lik_catch[1557]",-3.23090824932995,0.00095947461248608,0.0924155664142492,-3.44187907982998,-3.2855943484047,-3.22004160367168,-3.16435079172857,-3.08226328397641,9277.33595057357,1.00019342055856
"log_lik_catch[1558]",-3.33026357883381,0.00161993474006906,0.167111964716347,-3.69604480118023,-3.43528168429597,-3.31792956919582,-3.21032353955022,-3.04037543516962,10641.9215276187,1.00016404023113
"log_lik_catch[1559]",-0.723085934553465,0.00061609276048559,0.0647408575886165,-0.856198042124239,-0.765190619227616,-0.720610821253896,-0.678732039321238,-0.602553374383988,11042.4307618477,1.00011119770925
"log_lik_catch[1560]",-2.85815087679763,0.000534417451966484,0.0469839070842745,-2.9577198077773,-2.88675780691573,-2.85492003931999,-2.8260052717525,-2.77351832354471,7729.24357911942,1.00023185711322
"log_lik_catch[1561]",-2.53996393458885,0.000515179861538747,0.0521567911232058,-2.65503448867689,-2.57060633247501,-2.53443899868753,-2.50368169465194,-2.45204713910755,10249.5305023215,0.999918751692083
"log_lik_catch[1562]",-3.84661351100119,0.00172085946110575,0.176463210590985,-4.24037468788942,-3.95512400411517,-3.83071751632574,-3.72044227956781,-3.55000267720365,10515.2001925258,1.00017043086963
"log_lik_catch[1563]",-1.06600383669317,0.000717103710624846,0.0751532821008591,-1.22020382960293,-1.11420295550214,-1.06392123383407,-1.01488256476743,-0.924912308772768,10983.2776969713,1.00010096719574
"log_lik_catch[1564]",-4.48819504184956,0.00215696870148162,0.223586218850061,-4.98774178558603,-4.62563428007532,-4.46891323673981,-4.3281000423708,-4.11089310884328,10744.8999580592,1.00017729938368
"log_lik_catch[1565]",-2.96131631459952,0.00265456520346609,0.232130277351414,-3.43899034357891,-3.11310109721135,-2.9502166836156,-2.79906624130376,-2.54196921667298,7646.74813853614,1.00022180734759
"log_lik_catch[1566]",-3.33026357883381,0.00161993474006906,0.167111964716347,-3.69604480118023,-3.43528168429597,-3.31792956919582,-3.21032353955022,-3.04037543516962,10641.9215276187,1.00016404023113
"log_lik_catch[1567]",-2.53996393458885,0.000515179861538747,0.0521567911232058,-2.65503448867689,-2.57060633247501,-2.53443899868753,-2.50368169465194,-2.45204713910755,10249.5305023215,0.999918751692083
"log_lik_catch[1568]",-2.29740139282649,0.000481813431934935,0.0488307342339201,-2.40583083968626,-2.32603108865761,-2.29200091736323,-2.26351990059608,-2.21595866756463,10271.3777835311,0.99989011039906
"log_lik_catch[1569]",-2.41653303663607,0.000769263531419526,0.0782198530030895,-2.58863431974035,-2.46427405071675,-2.40837955132725,-2.36018742609407,-2.28760740156545,10339.1230097301,0.999938427737114
"log_lik_catch[1570]",-1.06600383669317,0.000717103710624846,0.0751532821008591,-1.22020382960293,-1.11420295550214,-1.06392123383407,-1.01488256476743,-0.924912308772768,10983.2776969713,1.00010096719574
"log_lik_catch[1571]",-2.14217031924548,0.000834779047303973,0.083480317990295,-2.3240576063435,-2.19367207966531,-2.13392279360169,-2.08264418419504,-2.00226195364661,10000.5781876744,0.999954470217477
"log_lik_catch[1572]",-4.48819504184956,0.00215696870148162,0.223586218850061,-4.98774178558603,-4.62563428007532,-4.46891323673981,-4.3281000423708,-4.11089310884328,10744.8999580592,1.00017729938368
"log_lik_catch[1573]",-2.69700422379426,0.00171829612483581,0.159433407853754,-3.03576736203139,-2.80056815558944,-2.68672613119144,-2.58574712361985,-2.41369986997364,8609.19682741532,1.00009179944228
"log_lik_catch[1574]",-1.25982006651912,0.000766967654282732,0.0784552318247483,-1.42472725140119,-1.31015458660289,-1.25709161123779,-1.20618508992534,-1.1152665509174,10463.807051231,1.00007676278808
"log_lik_catch[1575]",-1.06600383669317,0.000717103710624846,0.0751532821008591,-1.22020382960293,-1.11420295550214,-1.06392123383407,-1.01488256476743,-0.924912308772768,10983.2776969713,1.00010096719574
"log_lik_catch[1576]",-1.97422132118571,0.000432300146155179,0.0437363527462375,-2.07232092290617,-1.99969795644797,-1.96909502338248,-1.94398961629628,-1.90213442442322,10235.6249085218,0.999842482094576
"log_lik_catch[1577]",-0.884303576795137,0.00071796938547725,0.0732006248180722,-1.03276741862791,-0.932303790260223,-0.882619598837719,-0.833705351598953,-0.7462381710052,10394.8379641033,0.999977446436724
"log_lik_catch[1578]",-1.22560752774742,0.000756491386400061,0.0780143871989199,-1.38411875566647,-1.27692762572919,-1.22382197944021,-1.171729031729,-1.07831238730119,10635.0963337625,0.99998141064337
"log_lik_catch[1579]",-1.39718584187381,0.000825134022992019,0.0820956337318812,-1.56864378105869,-1.44967908921563,-1.39405351752507,-1.33992394705197,-1.24627645476827,9898.99556521702,1.00000586138281
"log_lik_catch[1580]",-0.884303576795137,0.00071796938547725,0.0732006248180722,-1.03276741862791,-0.932303790260223,-0.882619598837719,-0.833705351598953,-0.7462381710052,10394.8379641033,0.999977446436724
"log_lik_catch[1581]",-0.564035681595468,0.000575454207714619,0.0581044578840636,-0.68378652692331,-0.60171173842641,-0.561262514888888,-0.523317282994225,-0.456684343847665,10195.2379692317,0.999976061169345
"log_lik_catch[1582]",-3.28781657618176,0.00148266424146313,0.143607464434641,-3.60430348382807,-3.37653584552362,-3.2729086018436,-3.18371964232997,-3.05114776511224,9381.41615729127,0.999975092091748
"log_lik_catch[1583]",-5.29059673548354,0.00376637653229443,0.386412329489034,-6.1208812059154,-5.5328834964507,-5.2617166051727,-5.01813270051297,-4.62301561308819,10525.7846450632,1.00002095000476
"log_lik_catch[1584]",-1.79443901875474,0.00116556429202653,0.105946288498367,-2.02070545914254,-1.86173035964713,-1.78594054400864,-1.71799069462191,-1.61414700032815,8262.26321244237,0.99989282897862
"log_lik_catch[1585]",-0.884303576795137,0.00071796938547725,0.0732006248180722,-1.03276741862791,-0.932303790260223,-0.882619598837719,-0.833705351598953,-0.7462381710052,10394.8379641033,0.999977446436724
"log_lik_catch[1586]",-3.59111666540903,0.00150671886475956,0.145114151077704,-3.91452754135379,-3.67943218452808,-3.57535359340548,-3.48591187396166,-3.3538922399829,9275.87909738491,0.999976871684833
"log_lik_catch[1587]",-3.01033872416983,0.00111649823168901,0.105286855571658,-3.24879994416317,-3.07442129183886,-2.998374815957,-2.93345438449033,-2.84096380509061,8892.67113886302,0.999998828552235
"log_lik_catch[1588]",-1.94136169733745,0.000335017954889558,0.030999661269166,-2.00637032303126,-1.96056774985489,-1.93999073824077,-1.92026620580953,-1.88437487874901,8562.04942308863,1.00013650733374
"log_lik_catch[1589]",-2.38185146563522,0.0008556483368342,0.0810719337736654,-2.56480800630167,-2.43176056172094,-2.37303355778178,-2.32221160098896,-2.25029696017982,8977.39725321131,1.00000439071048
"log_lik_catch[1590]",-0.564035681595468,0.000575454207714619,0.0581044578840636,-0.68378652692331,-0.60171173842641,-0.561262514888888,-0.523317282994225,-0.456684343847665,10195.2379692317,0.999976061169345
"log_lik_catch[1591]",-2.26007742189562,0.000408212194276521,0.0365344031582691,-2.33751358994365,-2.28272618510499,-2.25820034622179,-2.23523674362499,-2.19237403873742,8009.99206495867,1.00024159521316
"log_lik_catch[1592]",-1.22560752774742,0.000756491386400061,0.0780143871989199,-1.38411875566647,-1.27692762572919,-1.22382197944021,-1.171729031729,-1.07831238730119,10635.0963337625,0.99998141064337
"log_lik_catch[1593]",-4.07039139873308,0.00139109319906856,0.131480949511552,-4.36916236373081,-4.14905764256562,-4.05436259847787,-3.97396779288178,-3.862961330704,8933.32653308863,0.99999057561141
"log_lik_catch[1594]",-2.2371863464438,0.0011419489667676,0.106305217036223,-2.46885025974554,-2.30395565507066,-2.22742880391831,-2.16052997755397,-2.05995574655141,8665.94174342808,0.999875255985917
"log_lik_catch[1595]",-0.564035681595468,0.000575454207714619,0.0581044578840636,-0.68378652692331,-0.60171173842641,-0.561262514888888,-0.523317282994225,-0.456684343847665,10195.2379692317,0.999976061169345
"log_lik_catch[1596]",-2.75180563064548,0.000633122379187337,0.0652616575776789,-2.90055219187783,-2.79019472061155,-2.74503320521269,-2.70531762046703,-2.64310839360634,10625.2919156354,1.00015538153313
"log_lik_catch[1597]",-3.68798820593537,0.00104366746789755,0.115285772343956,-3.95124599371764,-3.75651382596108,-3.67585122573586,-3.60562787043129,-3.50133931465689,12201.8908066985,0.999957428103667
"log_lik_catch[1598]",-2.75180563064548,0.000633122379187337,0.0652616575776789,-2.90055219187783,-2.79019472061155,-2.74503320521269,-2.70531762046703,-2.64310839360634,10625.2919156354,1.00015538153313
"log_lik_catch[1599]",-2.35322249457785,0.000991061731435311,0.108379682524714,-2.58544649353891,-2.42095019374234,-2.34649795959249,-2.27687524421111,-2.16258992766227,11958.9853956386,0.99997179191279
"log_lik_catch[1600]",-3.59957708651568,0.00148593590137269,0.170322793045434,-3.97494440000563,-3.7047872554242,-3.58597129867222,-3.47709626298657,-3.30682423839077,13138.4880117084,0.999799798585102
"log_lik_catch[1601]",-3.02225895892233,0.000892089772761354,0.0981330275514885,-3.24472994592106,-3.081068713687,-3.01240109614491,-2.95201302847193,-2.86135128990277,12100.7774684394,0.999966246399836
"log_lik_catch[1602]",-2.86953474545244,0.000443174079071231,0.0461722870632427,-2.96795851858881,-2.89808391810285,-2.86763515549843,-2.83783495203296,-2.7870932026675,10854.606208255,0.999921214493996
"log_lik_catch[1603]",-1.21751369217286,0.000761250597485428,0.0781124802566137,-1.37900017615308,-1.26832160209014,-1.21504666678753,-1.16370905355656,-1.06977453762886,10528.9621094657,0.9996523268652
"log_lik_catch[1604]",-2.85350246261788,0.000479495905580877,0.0441388914767125,-2.94673075926688,-2.88093449087691,-2.85152248125266,-2.82369573952787,-2.77207046281482,8473.69908930007,1.00044789552705
"log_lik_catch[1605]",-4.29109202000143,0.00151076469753121,0.172349028508382,-4.67857187648182,-4.39515853892649,-4.27490172468998,-4.16650846619104,-4.00734636433414,13014.3961870175,0.999825331471312
"log_lik_catch[1606]",-3.02225895892233,0.000892089772761354,0.0981330275514885,-3.24472994592106,-3.081068713687,-3.01240109614491,-2.95201302847193,-2.86135128990277,12100.7774684394,0.999966246399836
"log_lik_catch[1607]",-3.24894297953522,0.000615364513277189,0.0598730724971477,-3.38376118396826,-3.28387196945782,-3.24432004286811,-3.20739183593655,-3.14611540009206,9466.69085588025,1.00034392365821
"log_lik_catch[1608]",-1.5709490262978,0.000498453680692643,0.0554014555975274,-1.69442710626377,-1.6046829337029,-1.56608517842914,-1.53154958949108,-1.4763950436365,12353.5772747965,0.999850452720729
"log_lik_catch[1609]",-3.15352852401557,0.000875775077681986,0.1000335347419,-3.37392644163969,-3.21535463632221,-3.14598977712508,-3.08316309562246,-2.97831334240043,13046.8619167428,0.999835462869611
"log_lik_catch[1610]",-1.94098896912681,0.000313969024386835,0.0305751948505046,-2.00652585530566,-1.96015256844994,-1.93965491084943,-1.92013480658831,-1.8840631842309,9483.41726821146,1.00013861788193
"log_lik_catch[1611]",-3.15670665756007,0.00260151391350244,0.23906895209824,-3.64997442427538,-3.30977581471286,-3.14772028045783,-2.99470908443279,-2.71511765548194,8444.8910299587,1.00043304364568
"log_lik_catch[1612]",-3.02225895892233,0.000892089772761354,0.0981330275514885,-3.24472994592106,-3.081068713687,-3.01240109614491,-2.95201302847193,-2.86135128990277,12100.7774684394,0.999966246399836
"log_lik_catch[1613]",-1.5709490262978,0.000498453680692643,0.0554014555975274,-1.69442710626377,-1.6046829337029,-1.56608517842914,-1.53154958949108,-1.4763950436365,12353.5772747965,0.999850452720729
"log_lik_catch[1614]",-3.02225895892233,0.000892089772761354,0.0981330275514885,-3.24472994592106,-3.081068713687,-3.01240109614491,-2.95201302847193,-2.86135128990277,12100.7774684394,0.999966246399836
"log_lik_catch[1615]",-3.68798820593537,0.00104366746789755,0.115285772343956,-3.95124599371764,-3.75651382596108,-3.67585122573586,-3.60562787043129,-3.50133931465689,12201.8908066985,0.999957428103667
"log_lik_catch[1616]",-2.09076060153761,0.000598941809696026,0.0685537906554738,-2.24384291521107,-2.13212942884422,-2.08484738693518,-2.0424072624425,-1.97431108745782,13100.6754244048,0.999797128469804
"log_lik_catch[1617]",-2.75180563064548,0.000633122379187337,0.0652616575776789,-2.90055219187783,-2.79019472061155,-2.74503320521269,-2.70531762046703,-2.64310839360634,10625.2919156354,1.00015538153313
"log_lik_catch[1618]",-1.21751369217286,0.000761250597485428,0.0781124802566137,-1.37900017615308,-1.26832160209014,-1.21504666678753,-1.16370905355656,-1.06977453762886,10528.9621094657,0.9996523268652
"log_lik_catch[1619]",-3.21565606517539,0.000478995965233462,0.0433995639097842,-3.3024345236328,-3.24439707541793,-3.21485698279792,-3.18645765528869,-3.1324234780517,8209.31690042533,1.00041204252535
"log_lik_catch[1620]",-2.49951126165254,0.00042303614328155,0.0394891967563524,-2.58316095768351,-2.52383947788469,-2.49764886085434,-2.47289611115042,-2.4262279706621,8713.68089563094,1.0003789748556
"log_lik_catch[1621]",-2.75180563064548,0.000633122379187337,0.0652616575776789,-2.90055219187783,-2.79019472061155,-2.74503320521269,-2.70531762046703,-2.64310839360634,10625.2919156354,1.00015538153313
"log_lik_catch[1622]",-3.02225895892233,0.000892089772761354,0.0981330275514885,-3.24472994592106,-3.081068713687,-3.01240109614491,-2.95201302847193,-2.86135128990277,12100.7774684394,0.999966246399836
"log_lik_catch[1623]",-2.67975511763353,0.000685419185375902,0.0792685138162859,-2.85394854212166,-2.72777110206055,-2.67350390344324,-2.6242750024262,-2.54278377824995,13374.8499559885,0.999772770210006
"log_lik_catch[1624]",-2.86953474545244,0.000443174079071231,0.0461722870632427,-2.96795851858881,-2.89808391810285,-2.86763515549843,-2.83783495203296,-2.7870932026675,10854.606208255,0.999921214493996
"log_lik_catch[1625]",-0.874562331568648,0.000621704730126422,0.0692421312092043,-1.01529494831045,-0.920333227999418,-0.871930959266239,-0.826762212664454,-0.743418158052084,12404.3071048714,0.999706974187077
"log_lik_catch[1626]",-2.94715125108256,0.000569658846020502,0.06542668341532,-3.09262780663246,-2.98604709660339,-2.94210328988361,-2.90233344649486,-2.8341308995655,13191.0728860017,0.999730714490056
"log_lik_catch[1627]",-1.21751369217286,0.000761250597485428,0.0781124802566137,-1.37900017615308,-1.26832160209014,-1.21504666678753,-1.16370905355656,-1.06977453762886,10528.9621094657,0.9996523268652
"log_lik_catch[1628]",-0.874562331568648,0.000621704730126422,0.0692421312092043,-1.01529494831045,-0.920333227999418,-0.871930959266239,-0.826762212664454,-0.743418158052084,12404.3071048714,0.999706974187077
"log_lik_catch[1629]",-3.94001503987998,0.0021488513494346,0.247854479358966,-4.46509627927778,-4.0980483492477,-3.92654948140922,-3.76595735948811,-3.48989438091287,13303.9559221212,0.999726888327402
"log_lik_catch[1630]",-1.9630748023719,0.000353400833721274,0.0390933806312829,-2.05319057311395,-1.98550247124592,-1.95914823001424,-1.93616051039115,-1.89637228810008,12236.8973394681,0.999879656071829
"log_lik_catch[1631]",-3.39463940020017,0.00165295808503772,0.180698427954237,-3.78849211581535,-3.508666609478,-3.37825974046877,-3.26475409371973,-3.0850198128288,11950.4722138642,0.999787196698267
"log_lik_catch[1632]",-1.04121591689012,0.000705002858800422,0.0756780856888262,-1.19281973076474,-1.09198049750738,-1.03933168017629,-0.989426846624216,-0.898916843579634,11522.8131502934,0.999712582626041
"log_lik_catch[1633]",-2.27113074711443,0.000463818822174078,0.0424452217216491,-2.36549820453353,-2.29596752596741,-2.26794203298985,-2.24175018894334,-2.19750834636223,8374.53834974529,1.00020051242304
"log_lik_catch[1634]",-2.27113074711443,0.000463818822174078,0.0424452217216491,-2.36549820453353,-2.29596752596741,-2.26794203298985,-2.24175018894334,-2.19750834636223,8374.53834974529,1.00020051242304
"log_lik_catch[1635]",-1.04121591689012,0.000705002858800422,0.0756780856888262,-1.19281973076474,-1.09198049750738,-1.03933168017629,-0.989426846624216,-0.898916843579634,11522.8131502934,0.999712582626041
"log_lik_catch[1636]",-2.02523077769329,0.00132397830144071,0.130827453808483,-2.30099794371792,-2.10838062295273,-2.01812757016741,-1.93324255576063,-1.79123778937708,9764.18598652391,1.00005707389985
"log_lik_catch[1637]",-1.73490022777412,0.000876257736341365,0.0901733399029245,-1.92904318125793,-1.79155785832986,-1.72827447914037,-1.67081977550779,-1.57802401868876,10589.9175963136,0.99995830176948
"log_lik_catch[1638]",-2.02523077769329,0.00132397830144071,0.130827453808483,-2.30099794371792,-2.10838062295273,-2.01812757016741,-1.93324255576063,-1.79123778937708,9764.18598652391,1.00005707389985
"log_lik_catch[1639]",-2.99916951181244,0.00123787344866525,0.131762135616012,-3.28999756097958,-3.08085240249694,-2.98666446194691,-2.90358302266559,-2.77855649831155,11329.9698729242,0.99983775134272
"log_lik_catch[1640]",-0.700080335058616,0.000586534721159048,0.0643453494180119,-0.829749825360158,-0.742480977190777,-0.69781178451546,-0.655606258804348,-0.579783741944381,12035.0216205186,0.999764514518661
"log_lik_catch[1641]",-3.06092915950988,0.000802753118445352,0.0769315056662315,-3.23509556600752,-3.10597143468938,-3.05214762917246,-3.00557875723585,-2.93745129644743,9184.26617851669,1.00007541682649
"log_lik_catch[1642]",-1.50485672157251,0.00101171964420923,0.0921537844759476,-1.69907220324074,-1.5633391208117,-1.49925819485774,-1.44107961624478,-1.33737105648259,8296.7114273534,0.999799672264129
"log_lik_catch[1643]",-2.99916951181244,0.00123787344866525,0.131762135616012,-3.28999756097958,-3.08085240249694,-2.98666446194691,-2.90358302266559,-2.77855649831155,11329.9698729242,0.99983775134272
"log_lik_catch[1644]",-1.3612830720195,0.00083840702290654,0.0821952529489901,-1.53135111585838,-1.41425196942342,-1.35745127184258,-1.30569261288281,-1.20884286256975,9611.33373551866,0.999677457494385
"log_lik_catch[1645]",-1.3612830720195,0.00083840702290654,0.0821952529489901,-1.53135111585838,-1.41425196942342,-1.35745127184258,-1.30569261288281,-1.20884286256975,9611.33373551866,0.999677457494385
"log_lik_catch[1646]",-4.95599061440238,0.00281933623066672,0.315957708693909,-5.65504447302392,-5.15607801151757,-4.9279114700578,-4.72999010381606,-4.41191968942569,12559.2633355139,0.999747755814017
"log_lik_catch[1647]",-1.04121591689012,0.000705002858800422,0.0756780856888262,-1.19281973076474,-1.09198049750738,-1.03933168017629,-0.989426846624216,-0.898916843579634,11522.8131502934,0.999712582626041
"log_lik_catch[1648]",-0.700080335058616,0.000586534721159048,0.0643453494180119,-0.829749825360158,-0.742480977190777,-0.69781178451546,-0.655606258804348,-0.579783741944381,12035.0216205186,0.999764514518661
"log_lik_catch[1649]",-0.700080335058616,0.000586534721159048,0.0643453494180119,-0.829749825360158,-0.742480977190777,-0.69781178451546,-0.655606258804348,-0.579783741944381,12035.0216205186,0.999764514518661
"log_lik_catch[1650]",-2.28614581487583,0.00168629093974452,0.161867656464692,-2.62448222161156,-2.3899608083026,-2.27883435713869,-2.17418268619549,-1.99288455795082,9214.14717435484,1.00013388710682
"log_lik_catch[1651]",-3.39463940020017,0.00165295808503772,0.180698427954237,-3.78849211581535,-3.508666609478,-3.37825974046877,-3.26475409371973,-3.0850198128288,11950.4722138642,0.999787196698267
"lp__",-4241.88363820434,0.308009789096692,15.7892257921949,-4273.35773269007,-4252.30506168331,-4241.68559658894,-4231.11322350991,-4211.38807648264,2627.80195859025,1.00166413635821
