"parameter","mean","se_mean","sd","2.5%","25%","50%","75%","97.5%","n_eff","Rhat"
"B1",0.473365881396054,0.00193337460062783,0.171957893395746,0.13243574913928,0.359503875597988,0.473900098105658,0.585740339091627,0.812371915140907,7910.65081118978,0.999681439141848
"B2",0.0549753907756723,0.00586110265989533,0.537738762830699,-0.951372941460358,-0.318395255348695,0.0401849514703479,0.403198017470145,1.18844672761995,8417.51755327416,0.999721612232759
"B1_C",-0.200186549462701,0.000856659335389674,0.0850750617363771,-0.367059315078638,-0.257412503276201,-0.20063835789215,-0.143040607907728,-0.0329623150137483,9862.52783572552,0.999544100239639
"B2_C",-0.0868380849765663,0.00216037433014066,0.198403801756847,-0.473804404208029,-0.221151038796719,-0.0869650562775564,0.0448686069355954,0.309479407728215,8434.16247283489,1.00002163532965
"B3",-0.0213793932414858,0.0106896523880143,0.979876275679732,-1.97200424655931,-0.690931623845013,-0.0185865254102978,0.657535016242737,1.84821198573044,8402.63154337494,0.999746238066496
"gamma_C",-0.00499208864150418,0.0100070094585571,0.980873268961974,-1.91969535296334,-0.670465488181814,-0.000187965811964296,0.662198982049621,1.87028321136818,9607.65009213161,0.999925500131055
"sigma_eps_E",0.226486415173574,0.00362996792035096,0.174676779690402,0.00955168987230895,0.0996580601903489,0.190956030225063,0.307632043091671,0.662450423021901,2315.60660408417,1.00022257850628
"Lcorr_E[1,1]",1,NA,0,1,1,1,1,1,NA,NA
"sigma_r_E",0.561204749174676,0.000757091738631575,0.0650794646541054,0.447379345914455,0.516408382033936,0.556444850325772,0.602352209865978,0.698632776264481,7389.08953671509,1.00016499861911
"phi_E_scaled",0.544673165061391,0.00268966385458661,0.210223260075735,0.142519340483123,0.388802217234479,0.549721113424052,0.708368954572556,0.914617580081555,6108.93522281189,0.999864371482663
"eps_E[1,1]",0.210346400750353,0.00980367104286922,0.803291032704252,-1.42646238387235,-0.291882864458984,0.213445454802633,0.737059235756796,1.75680207781136,6713.79965093734,0.999904159305207
"eps_E[2,1]",-0.138570698585595,0.0103918947921198,0.797360857414056,-1.75646964072907,-0.638408648062959,-0.136332615925767,0.365935529348476,1.44567769091415,5887.35659902949,1.00025990904085
"eps_E[3,1]",-0.500797104388698,0.0106090796609495,0.827992720677245,-2.11211667397258,-1.04982325289291,-0.515047141155702,0.028181654779429,1.21768462405494,6091.12646531438,0.999671168379481
"eps_E[4,1]",-0.558822136505549,0.00995111485656628,0.843039679262497,-2.20474993655229,-1.10662336155266,-0.580058447824103,-0.0251933667717359,1.17298684881006,7177.15877870672,1.0000485760731
"eps_E[5,1]",0.651064754883337,0.0116163397493266,0.868039058491471,-1.13910288385543,0.0882168733845781,0.677821730674274,1.22601995388666,2.32778376997423,5583.9294593568,1.00106815348783
"omega_E_0_raw[1,1]",0.30295752826164,0.00944932538204662,0.801349905971016,-1.26599899923515,-0.211225568736198,0.292058198646937,0.811282846999118,1.8783570246716,7191.88563676671,1.00017796058109
"mu_mu_E[1]",3.0962035932399,0.0205007985204249,0.968065934500942,1.01967839128729,2.69472436888252,3.07461971959255,3.50321072881285,5.24246682525659,2229.81237249192,1.00174900466071
"sigma_mu_E",1.15345223238829,0.0236882907893823,1.44422940584656,0.0317061562014389,0.310948292471476,0.711276187814422,1.41983132866912,5.0707865666574,3717.10573875741,1.00048158039125
"eps_mu_E[1,1]",-0.0364474426212418,0.0132053310086732,0.88599078633114,-1.81041335137915,-0.612546693668517,-0.0425153507542319,0.55721561835819,1.69488621515779,4501.52666919271,1.00044768853207
"R_G",1.32433136757539,0.000322429085088682,0.0305413722023336,1.26457661654056,1.30329717866201,1.32426901011862,1.3447270537391,1.38579920117789,8972.40088507543,0.999757008667731
"R_G_boat",4.56553557008869,0.0294618412594547,2.45586225026326,1.45572299507333,2.8523993827207,4.03370799275595,5.68527223395126,10.8422881171797,6948.45479740386,0.999630528264379
"kappa_OSP",3.13674528243675,0.0101047237815315,0.953375594069202,1.67257857786096,2.45171087217365,2.99701290502679,3.68180582146552,5.3786728688576,8901.82735927239,0.999454887841108
"sigma_r_OSP",5.13866139244693,0.840511648943599,59.3925700748021,0.0429209284201496,0.411328856668957,0.970470020139381,2.30412866319882,23.1593282611914,4993.17472878049,0.999944833912141
"sigma_IE",0.200062693145104,0.00211454753646857,0.201962422540115,0.00529175605369043,0.0568864949458339,0.137452427899944,0.277785905447429,0.734575108682335,9122.33962872672,0.9999272065689
"sigma_eps_C",0.143938130863664,0.00207365978601268,0.0972135181575843,0.0240094800612948,0.0791089047510491,0.123068085643359,0.184495845654985,0.391411663519853,2197.75010714738,1.00078773464351
"Lcorr_C[1,1]",1,NA,0,1,1,1,1,1,NA,NA
"phi_C_scaled",0.386679285649931,0.00305846423384445,0.214176453841965,0.0603952269409572,0.214583137487702,0.360227755837769,0.536616592265515,0.840400371700236,4903.84387392018,0.999750893112583
"sigma_r_C",0.772584001977835,0.000405459945844468,0.0387571434185877,0.696686618579284,0.746486772207115,0.77155889580024,0.797832896731813,0.85061861164687,9137.08371548255,0.999706824070445
"eps_C[1,1]",0.421981889936221,0.00992710984554489,0.743394385805728,-0.987896967837431,-0.0805526218166519,0.414324287047619,0.892159712713741,1.97428213096371,5607.80494088069,1.00013876938774
"eps_C[2,1]",-0.463322993990708,0.00964552219214022,0.739073135181885,-1.95817606415457,-0.92773265381815,-0.452409226079476,0.0108842248980345,0.99699200057604,5871.15226005534,1.00027485412078
"eps_C[3,1]",0.41683073803332,0.00874022999914256,0.721847073037419,-0.962155541821421,-0.0673117094660752,0.408995873972949,0.873142448621001,1.93743440616838,6820.9470340558,0.999885963696873
"eps_C[4,1]",-0.821825012616253,0.00938361441000618,0.752579819786829,-2.32760307011486,-1.32022640311493,-0.807103062124747,-0.318308995275302,0.636828667673877,6432.27835751965,0.999658755542052
"eps_C[5,1]",0.70928861420192,0.00982420180440281,0.784656321779968,-0.832011086110777,0.181123883091059,0.713753305090643,1.227978712642,2.21620621186376,6379.17338323791,1.00027800774784
"omega_C_0_raw[1,1]",-0.344558303783063,0.00888940595042731,0.68438894444656,-1.73085383513306,-0.755181935412918,-0.338958322259038,0.0721708587382061,1.02076381016174,5927.34890053302,0.999681532701541
"mu_mu_C[1]",0.174033917611533,0.0167671895070767,0.923643652577337,-2.13490220288898,-0.161575206680813,0.310052125884677,0.584936807538995,1.95001890536397,3034.50847208648,1.00089756308498
"sigma_mu_C",1.07326273860447,0.0180996203771224,1.16748430756627,0.0249965343171408,0.314850968232672,0.703620619717001,1.39530851530552,4.49437793000879,4160.66904299774,1.00116265152335
"eps_mu_C[1,1]",0.149492116365929,0.0116148865131696,0.871791435217,-1.63601933605949,-0.408733246921585,0.14447104855931,0.710500247195091,1.88059356202528,5633.7199501055,1.00012230338341
"L_raw[1]",-0.00582613837166425,0.0100980669957798,0.993030231134058,-1.96703030203896,-0.688985737664502,-0.00454862852879661,0.67634759242325,1.89891687203848,9670.48921047659,0.999623659109751
"L_raw[2]",0.00192556028961638,0.0109552128130059,1.00688904968852,-1.96078423325346,-0.666583934335911,0.0113482773397865,0.672710098467826,1.95063916557571,8447.37158765671,0.999662289218787
"L_raw[3]",0.00178974113616083,0.0110103329504487,1.00215928403901,-1.93534762541287,-0.656141580845546,-0.00517120726171941,0.679196392665357,1.9035831998566,8284.62021070314,1.0006198861792
"L_raw[4]",0.00856469764894945,0.0107063006970649,1.00450677525895,-1.93653027490139,-0.676694560904529,0.0161878971425596,0.682713852886465,1.95142327149049,8802.92227076973,0.999727998878984
"L_raw[5]",0.0117393291010839,0.0105285966277629,1.00417205460931,-1.96450528572417,-0.644421762219494,0.0100126797439396,0.68466574560508,2.00959347533146,9096.5201867311,0.999847261663877
"L_raw[6]",0.00431522627652951,0.0106226147609416,1.01261963405973,-2.03208605544393,-0.671277227999663,0.0210762129006395,0.671062591582638,2.00988569623845,9087.19451347451,0.999813592604927
"L_raw[7]",0.0213180733559147,0.0103126889568989,1.00076725529616,-1.92068243203075,-0.632436540512117,0.0266917673969362,0.674024434197005,1.99419456177291,9417.21174828211,0.999899399721949
"L_raw[8]",0.000976289456660176,0.0105658857953197,1.00405317252392,-1.98336509122244,-0.676292357072008,0.00305037056116651,0.684386288381361,1.91384480021381,9030.28799544088,0.999626540871528
"L_raw[9]",-0.00650166013774226,0.00997351515322818,1.00566882910648,-2.01917763290684,-0.66475198496376,0.00800115112428591,0.665797610646797,1.98167110035415,10167.4834671819,0.999733242421945
"L_raw[10]",0.0135050924872357,0.0105256754084933,1.02400867648642,-1.95740073811915,-0.696568941473278,-0.00310740389793339,0.717821364502524,2.03599334369065,9464.71032877501,0.999704120780148
"L_raw[11]",0.0269717383715412,0.0102159183268225,1.00951456733249,-1.94005970966725,-0.655211693727538,0.0234195413493185,0.709278358641866,1.99380211973886,9764.9574671494,0.999726993761002
"L_raw[12]",0.0131432506538852,0.01034024594839,1.01259484250518,-1.9782146604867,-0.665048287592954,0.0207672093462448,0.697159941699806,2.00562977017407,9589.80297272117,0.999627607095563
"L_raw[13]",-0.00145974903198534,0.0103749788813045,1.01531400509753,-1.96217782172868,-0.684506375014604,-0.00818423483579165,0.676567999045823,2.01633618312421,9576.92995258485,0.999509534286821
"L_raw[14]",-0.0069768335603145,0.0102926772691874,1.01248582602903,-1.99840444300996,-0.684853251531139,-0.0104954902615693,0.688110474820415,1.98104477674928,9676.56444422187,0.999487281833024
"L_raw[15]",0.00269648249377277,0.0101020155636405,1.00262610740254,-1.96066685315554,-0.670172091597652,0.00228012585890154,0.688899880113081,1.92562286903339,9850.58338180202,0.999542709425971
"L_raw[16]",-0.0112082646456166,0.0106007402893475,0.97282459728,-1.90401564993046,-0.668180427248978,-0.0176252114041212,0.643823490967458,1.92014025677936,8421.64046014959,1.00010130697706
"L_raw[17]",-0.00608666988516064,0.0102034317145269,0.989101046748729,-1.93389438926683,-0.689607448700151,-0.00886962310572649,0.651572699981109,1.93148158092917,9396.9907257471,0.999917077108733
"L_raw[18]",0.00760639182653303,0.00995605705014131,0.990682943421873,-1.97707673993738,-0.659497665522685,0.00953387862501277,0.675529990961861,1.93654961683944,9901.35469700665,1.00016335435778
"L_raw[19]",-0.00443225880289064,0.00981285226682563,1.00294795529147,-1.94447304680118,-0.678332895529619,-0.00546514152003011,0.694320930224745,1.9488158729761,10446.390913517,0.999961598026077
"L_raw[20]",-0.000919707697303658,0.0107088951597919,1.01029874207263,-1.93136041678611,-0.686270299223737,-0.0149276250379928,0.67298259240577,1.9954679620424,8900.41569337373,0.999708530604742
"L_raw[21]",-0.0203097307190566,0.0103158331623822,0.999694417821868,-1.99993054478306,-0.695875866114136,-0.00426263816868635,0.648680232396696,1.95144131664442,9391.30433940558,0.999550277480463
"L_raw[22]",0.00372432796823971,0.00989705785060388,0.996486055812346,-1.93878105185563,-0.661787898819311,-0.000759894744017918,0.676384363419601,1.94479214935813,10137.4852198455,0.999517798774686
"L_raw[23]",-0.0124666043036485,0.00971915225075071,0.992004455980885,-1.94930580873594,-0.691206872268835,0.0050980723498902,0.648428376076413,1.9602619188569,10417.6670954342,0.999518751142675
"L_raw[24]",0.00600256676436056,0.0107523362978992,0.988071578386839,-1.90323023409511,-0.670781675498683,0.00784956043055773,0.669083627844063,1.94271507535624,8444.44547330607,0.999994121186155
"L_raw[25]",0.000914278355784421,0.00997598263018501,1.0392796299494,-2.01020652788948,-0.681623372903132,-0.0102610332295497,0.684301211271722,2.05436009972377,10853.0914300527,0.999568356353085
"L_raw[26]",0.00453514656924067,0.00986055129082864,0.989745058553907,-1.94767127652562,-0.642022811674747,0.00848443989596593,0.659202591321971,2.01491407975536,10074.9822890844,0.999705290148356
"L_raw[27]",-0.00326198438275883,0.0099251977323397,0.990347537600329,-1.94587946418418,-0.658743402680152,-0.0126284579480035,0.657124357096233,1.94944076466985,9956.27576180952,0.999486094743544
"L_raw[28]",0.00261281070155782,0.0100504434643337,0.981601820923795,-1.95982846253698,-0.667344235398857,0.00669060479554475,0.659630078802205,1.89185099280143,9538.9431580945,0.999540496804709
"L_raw[29]",-0.00833343686088074,0.0101395481830449,0.993578666658553,-1.94898443736226,-0.672471370304341,-0.0182727951953238,0.674415342851822,1.92534271595706,9602.1239888112,0.999627421581838
"L_raw[30]",-0.00406636308782141,0.0106591004559017,1.00668817815335,-1.96276820591474,-0.704415381915187,-0.00516921981267866,0.68067562139182,1.97081012717296,8919.67081409372,0.99957450611584
"L_raw[31]",0.00758330830558079,0.0102255264623237,1.00993260365258,-1.97133633855665,-0.671411680609987,0.00072153090852069,0.680429502858871,1.99450196867726,9754.68908700296,0.999570608850336
"L_raw[32]",-0.0113394673790778,0.00893219159433089,1.01718780394969,-2.03500356134479,-0.711345044097838,-0.00911372230104466,0.690496257347838,1.98449241144356,12968.3949559735,0.999481540829418
"L_raw[33]",-0.00510568706894306,0.0105592952205636,1.00822025811716,-1.99303485541152,-0.677730408092765,-0.0116530940871565,0.671872529187603,2.02676393753384,9116.76949656218,1.00004306185718
"L_raw[34]",-0.0197787784223473,0.00984430011810327,1.0070407744707,-1.98711158373361,-0.692119158329772,-0.0178582020976482,0.643397734864928,1.99681302929461,10464.6430661638,0.999548292048085
"L_raw[35]",0.0142981902239421,0.0105303895213786,1.01096088136211,-1.93098839986677,-0.666965670349006,0.023048088921895,0.689666584010285,2.02791367142631,9216.7929187279,0.999614122170812
"L_raw[36]",0.000964392178593588,0.0103608952961861,0.982350757946083,-1.930961418551,-0.654863146844731,-0.00167877047729736,0.680471036072377,1.92286731034041,8989.56339354171,0.999833672213203
"L_raw[37]",-0.000376380655588584,0.0111320776806014,1.01279941183921,-1.9823481113528,-0.684979247210149,0.00263147012483592,0.699446030490836,1.97899723382759,8277.40918269899,0.99948533092015
"L_raw[38]",0.00817476032733653,0.0097838222564034,0.992974281166324,-1.95310277192624,-0.670906734611186,0.00329599505437327,0.697121197765599,1.94487664746857,10300.5138799862,0.999613261134797
"L_raw[39]",0.0138160152492714,0.0105402114584938,1.00586495867328,-1.96889923163454,-0.657543745180492,0.0103116160395005,0.664651218466399,1.97943743041383,9107.11268281787,0.999541350929263
"L_raw[40]",0.0180475762767669,0.0102014987580529,1.00180432596086,-1.95415391825891,-0.661745790781049,0.0224367209441677,0.696639930513967,1.9882591838352,9643.57013583632,0.999712883520244
"L_raw[41]",-0.0200791109170623,0.010036833294012,1.01493529174034,-2.00199129947323,-0.70238221018546,-0.040874865019542,0.648309970667499,2.01023526325577,10225.4701861553,0.999512697674211
"L_raw[42]",-0.0040508355155821,0.00997585179587424,0.984928215771132,-1.95690398391866,-0.655742834114498,-0.00540342426551366,0.643593451363403,1.98755205392929,9747.85771053323,0.999990388872496
"L_raw[43]",6.51694659104673e-05,0.0105601217142244,1.01572972949994,-1.96341282250595,-0.676707237136239,0.0120468262065353,0.667084701488378,1.98157766186329,9251.6347867856,0.999788142814036
"L_raw[44]",0.00557724051799447,0.00969518491526467,1.00707107714824,-1.96063072778364,-0.671466974270905,0.0103907239734246,0.695928375595465,1.95934532543589,10789.6672932079,0.999362889986394
"L_raw[45]",-0.00791792385309677,0.010325814893149,1.01535407173067,-1.96145190130023,-0.69739236767712,-0.0203073797086616,0.683575315742234,2.00011775432998,9669.10683412018,0.999430625683268
"L_raw[46]",-0.00121414430644807,0.010232157261818,0.996847377411101,-1.93518972654276,-0.693645376272139,-0.0192100266688654,0.672435769236299,1.96251020667947,9491.23941498704,0.999776799156791
"L_raw[47]",0.00238720991725035,0.0105843632196449,0.994608152168978,-1.97559918229477,-0.666555352502056,0.00407267471133633,0.676588642372051,1.96099466446058,8830.28171415129,0.999792925180611
"L_raw[48]",0.00735207934906995,0.0107616339635044,0.975625909552377,-1.84777446898634,-0.674600307874541,0.0172071240779111,0.692483356294556,1.83817914285671,8218.8341738561,0.999846667311948
"L_raw[49]",-0.00516601525568043,0.0103024423503348,1.00320582288291,-1.95487445768897,-0.700723986907437,-0.00421119811052738,0.681733569267772,1.92743145307047,9481.99457480735,0.999690038580023
"L_raw[50]",-0.00737134023202566,0.0108279034761715,1.01593590508664,-2.028508497703,-0.688887587717249,-0.00035238225891294,0.659645511008152,1.9797904837167,8803.26686595945,0.999802765733818
"L_raw[51]",0.00148648628128728,0.0109497320216861,1.00581433735201,-1.93322668565268,-0.688954664000281,-0.0177501720162297,0.667304148871609,1.95247399703648,8437.78903426526,1.000348211273
"L_raw[52]",0.00383003197333691,0.00967618762391892,0.983000545576062,-1.93052628901657,-0.667290781676935,0.00139644044937461,0.673163069959843,1.95479282087981,10320.4576491392,0.999835037605112
"L_raw[53]",-0.0277656437563902,0.0107230571367671,1.00284092037683,-2.00015292367447,-0.735415175054326,-0.0187388634566939,0.655646078116418,1.92912826653082,8746.35002069774,0.999631166984307
"L_raw[54]",-0.00875594474930965,0.0107595732286294,0.991300194198151,-1.94755842750095,-0.674209255151005,-0.0208502266339528,0.671060864140364,1.94553152108063,8488.2916121872,1.00028858289584
"L_raw[55]",0.0018118593521124,0.0103710286455098,0.99981014084673,-1.98290348382103,-0.666162706945313,0.00394416288431117,0.680274319578938,1.95001139065729,9293.75901526592,0.999785227763287
"L_raw[56]",0.000429066352821744,0.00957498926464083,0.978823981891743,-1.96260452114535,-0.635171489117357,-0.0206302791958572,0.66318511465852,1.92943675890941,10450.3927186271,0.999954141502611
"L_raw[57]",-0.0105538163850296,0.00966067656025522,1.01060969008538,-2.00037948417688,-0.704321486201671,-0.0162538446105885,0.695669952677783,1.94897793059178,10943.3888660863,0.999500041675109
"L_raw[58]",-3.71829129057531e-05,0.0104365423178453,1.00342295376557,-1.94032338823183,-0.676706597478537,-0.00830358209976724,0.663041783419488,2.01945195436025,9243.89036847698,0.999863943885523
"L_raw[59]",0.0124675671199951,0.0104027528349142,0.980666787612225,-1.91827704129743,-0.636803845842334,0.0109996620838832,0.667641261206398,1.97973695470164,8886.81981199231,0.999952270502572
"L_raw[60]",-0.0086357088044606,0.00997429467024125,0.996518422544972,-1.96595616949281,-0.664306943999717,-0.0191526532968411,0.645917136932551,1.953779529573,9981.74049516853,1.0000758519813
"L_raw[61]",0.00100247070432382,0.0105956266397753,0.99398883297478,-1.94967384866649,-0.679725587495721,0.0121457303795997,0.672578706930595,1.93500122701188,8800.54803000242,0.999773104223382
"L_raw[62]",-0.0130747200097133,0.0098694099500205,0.999400364004699,-1.95907442207269,-0.677226745894204,-0.0175855445813463,0.660908122098105,1.93139596505483,10254.0782889571,0.999916033910082
"L_raw[63]",-0.00318145122466766,0.00984302125349366,1.01716436813423,-1.93015445407505,-0.703977546666882,-0.0050038145897472,0.68610349925437,1.99438700577147,10678.8732216627,0.99974833872908
"L_raw[64]",-0.0138542996005193,0.0106069879085808,1.00141026595656,-2.02029508775755,-0.678236170752666,-0.014869508815993,0.672289022902733,1.90771237493094,8913.32887449563,0.999855002874592
"L_raw[65]",-0.000614685223579206,0.0106703581759055,1.01200331954303,-1.95139289118505,-0.699222395463764,0.0065851718464816,0.696782917273062,1.94036204045218,8995.09757072149,0.999681878955542
"L_raw[66]",0.0035500140814978,0.0108214530910208,0.991036804612484,-1.93471292942477,-0.648785682575044,-0.00514468664841455,0.65863286191074,1.96830112374772,8387.03401508889,0.999687584887764
"L_raw[67]",0.0215336041067797,0.0106528687977127,0.978264976408622,-1.8811355831098,-0.640164412268884,0.0390883211276109,0.689227150326082,1.93337368089873,8432.95638488818,0.999578022305629
"L_raw[68]",0.00241023235661402,0.00998021730394351,0.998082487605779,-1.93075938393397,-0.670270653720978,-0.00341319142204603,0.66678025614258,1.98100675392023,10001.2175899373,0.999798789462446
"L_raw[69]",-0.000189348573021596,0.0107256337282919,1.00537583584969,-2.00122391543609,-0.681154190244785,0.00904205222070401,0.688583704949021,1.97797789099146,8786.39981398163,0.999410681133493
"L_raw[70]",0.000908370164337019,0.0106699704123174,0.990176917489236,-1.94407598608885,-0.659824297569004,0.0012647558651777,0.677766421798045,1.95173183250454,8611.90372051756,0.999962360783566
"L_raw[71]",0.00968021947554416,0.0104156463604523,1.00454807746015,-1.93301993087538,-0.684298557075793,0.00948596987545142,0.703925729825866,1.97533850782801,9301.84292734541,0.999831731833536
"L_raw[72]",-0.00543918091041742,0.00936699094542442,0.998417012095785,-1.94242174468735,-0.702291823594033,-0.0132973139552716,0.67274380737898,1.96472082387477,11361.187934388,0.999666966299401
"L_raw[73]",-0.00255393215867372,0.00925734186902895,0.975765104170235,-1.90014142616363,-0.665744290913959,-0.00849663399566074,0.663630666628362,1.89962930832102,11110.0998105548,0.999770520261639
"L_raw[74]",-0.00340394832427294,0.0111392075219138,1.00882522830249,-2.01231044647083,-0.669379606293513,-0.00187749258628517,0.665293691344074,1.96085385773285,8202.0663658025,0.999658449128525
"L_raw[75]",0.0168636021216518,0.010215717111077,1.01994149035713,-1.93834705013087,-0.679075268239215,0.020060970311471,0.69886764386031,1.99387599961156,9968.10953196107,0.999812725968143
"L_raw[76]",0.00250862516211539,0.0104678016318157,0.981118854690551,-1.95653240250693,-0.648677151542204,0.0136208403514617,0.6444131973616,1.92064392988036,8784.80803324475,0.999730733842823
"mu_E[1,1]",3.05719696691925,0.00299449052134809,0.216532097566281,2.67628334252296,2.94010625179619,3.05170393385877,3.16121417063242,3.51186182158784,5228.75966659786,1.00002620546509
"phi_E",0.0893463301227823,0.00537932770917321,0.420446520151469,-0.714961319033755,-0.222395565531042,0.0994422268481031,0.416737909145113,0.82923516016311,6108.9352228119,0.999864371482663
"omega_E[1,1]",0.0759291477870344,0.0030017094596344,0.218912172000819,-0.328040913691738,-0.0281300262262479,0.0456195216459748,0.176763629366053,0.549219933386483,5318.66347383725,1.00071448736236
"omega_E[2,1]",0.0551305047893338,0.00302061093795035,0.218331525206103,-0.376902425326572,-0.0391906284192059,0.0325863379806878,0.148026096260881,0.524654379519752,5224.48294658081,1.00057470994954
"omega_E[3,1]",-0.0304513559539764,0.00304589576366346,0.216253621278417,-0.498076904618316,-0.118360596949224,-0.01353668864447,0.0639211911820083,0.368228915858459,5040.7679304746,0.999879193811433
"omega_E[4,1]",-0.133946644418276,0.00366788332486863,0.243123358003054,-0.715593098560048,-0.246514441352252,-0.0833263754324462,0.00376593274972757,0.229640561369127,4393.61852243138,1.00006995964366
"omega_E[5,1]",-0.158667637669179,0.0038179446176149,0.242618358051987,-0.728183202234363,-0.278015774764314,-0.115155879943905,-0.00800719974516645,0.214593601384587,4038.20228234101,1.00000701566218
"omega_E[6,1]",0.151178804564023,0.00406774808358283,0.263929688553329,-0.249182326432614,-0.00187825653822347,0.0975410803824653,0.269349114586905,0.78154369002745,4209.86716131928,1.00151472445223
"omega_E_0[1,1]",0.0759291477870344,0.0030017094596344,0.218912172000819,-0.328040913691738,-0.0281300262262479,0.0456195216459748,0.176763629366053,0.549219933386483,5318.66347383725,1.00071448736236
"lambda_E_S[1,1,1]",23.3163665689098,0.0545714354633252,4.29093215681145,16.6934437698759,20.2912235740217,22.6926146613331,25.718834088496,33.4178684300716,6182.61980253695,1.00012940151311
"lambda_E_S[1,2,1]",23.3163665689098,0.0545714354633252,4.29093215681145,16.6934437698759,20.2912235740217,22.6926146613331,25.718834088496,33.4178684300716,6182.61980253695,1.00012940151311
"lambda_E_S[1,3,1]",23.3163665689098,0.0545714354633252,4.29093215681145,16.6934437698759,20.2912235740217,22.6926146613331,25.718834088496,33.4178684300716,6182.61980253695,1.00012940151311
"lambda_E_S[1,4,1]",23.3163665689098,0.0545714354633252,4.29093215681145,16.6934437698759,20.2912235740217,22.6926146613331,25.718834088496,33.4178684300716,6182.61980253695,1.00012940151311
"lambda_E_S[1,5,1]",37.473167570597,0.0928711045950682,7.12256683212214,26.3028692210597,32.6086088433649,36.3773446262416,41.2179773140664,54.4749964114448,5881.82154636669,0.999775657750589
"lambda_E_S[1,6,1]",37.473167570597,0.0928711045950682,7.12256683212214,26.3028692210597,32.6086088433649,36.3773446262416,41.2179773140664,54.4749964114448,5881.82154636669,0.999775657750589
"lambda_E_S[1,7,1]",37.473167570597,0.0928711045950682,7.12256683212214,26.3028692210597,32.6086088433649,36.3773446262416,41.2179773140664,54.4749964114448,5881.82154636669,0.999775657750589
"lambda_E_S[1,8,1]",23.3163665689098,0.0545714354633252,4.29093215681145,16.6934437698759,20.2912235740217,22.6926146613331,25.718834088496,33.4178684300716,6182.61980253695,1.00012940151311
"lambda_E_S[1,9,1]",23.3163665689098,0.0545714354633252,4.29093215681145,16.6934437698759,20.2912235740217,22.6926146613331,25.718834088496,33.4178684300716,6182.61980253695,1.00012940151311
"lambda_E_S[1,10,1]",23.3163665689098,0.0545714354633252,4.29093215681145,16.6934437698759,20.2912235740217,22.6926146613331,25.718834088496,33.4178684300716,6182.61980253695,1.00012940151311
"lambda_E_S[1,11,1]",23.3163665689098,0.0545714354633252,4.29093215681145,16.6934437698759,20.2912235740217,22.6926146613331,25.718834088496,33.4178684300716,6182.61980253695,1.00012940151311
"lambda_E_S[1,12,1]",37.473167570597,0.0928711045950682,7.12256683212214,26.3028692210597,32.6086088433649,36.3773446262416,41.2179773140664,54.4749964114448,5881.82154636669,0.999775657750589
"lambda_E_S[1,13,1]",37.473167570597,0.0928711045950682,7.12256683212214,26.3028692210597,32.6086088433649,36.3773446262416,41.2179773140664,54.4749964114448,5881.82154636669,0.999775657750589
"lambda_E_S[1,14,1]",37.473167570597,0.0928711045950682,7.12256683212214,26.3028692210597,32.6086088433649,36.3773446262416,41.2179773140664,54.4749964114448,5881.82154636669,0.999775657750589
"lambda_E_S[1,15,1]",22.8303580685927,0.0542895385577104,4.16778731782877,16.2745306076139,19.9755507360695,22.2882486020344,25.0961987389399,32.612742825876,5893.57476077185,0.999984822043888
"lambda_E_S[1,16,1]",22.8303580685927,0.0542895385577104,4.16778731782877,16.2745306076139,19.9755507360695,22.2882486020344,25.0961987389399,32.612742825876,5893.57476077185,0.999984822043888
"lambda_E_S[1,17,1]",22.8303580685927,0.0542895385577104,4.16778731782877,16.2745306076139,19.9755507360695,22.2882486020344,25.0961987389399,32.612742825876,5893.57476077185,0.999984822043888
"lambda_E_S[1,18,1]",22.8303580685927,0.0542895385577104,4.16778731782877,16.2745306076139,19.9755507360695,22.2882486020344,25.0961987389399,32.612742825876,5893.57476077185,0.999984822043888
"lambda_E_S[1,19,1]",36.6463963030398,0.0868825214465403,6.65130537924896,26.1297652709468,32.1402021691097,35.7944707971306,40.3024425813495,52.1767342976204,5860.69260845799,0.999451747840817
"lambda_E_S[1,20,1]",36.6463963030398,0.0868825214465403,6.65130537924896,26.1297652709468,32.1402021691097,35.7944707971306,40.3024425813495,52.1767342976204,5860.69260845799,0.999451747840817
"lambda_E_S[1,21,1]",36.6463963030398,0.0868825214465403,6.65130537924896,26.1297652709468,32.1402021691097,35.7944707971306,40.3024425813495,52.1767342976204,5860.69260845799,0.999451747840817
"lambda_E_S[1,22,1]",22.8303580685927,0.0542895385577104,4.16778731782877,16.2745306076139,19.9755507360695,22.2882486020344,25.0961987389399,32.612742825876,5893.57476077185,0.999984822043888
"lambda_E_S[1,23,1]",22.8303580685927,0.0542895385577104,4.16778731782877,16.2745306076139,19.9755507360695,22.2882486020344,25.0961987389399,32.612742825876,5893.57476077185,0.999984822043888
"lambda_E_S[1,24,1]",22.8303580685927,0.0542895385577104,4.16778731782877,16.2745306076139,19.9755507360695,22.2882486020344,25.0961987389399,32.612742825876,5893.57476077185,0.999984822043888
"lambda_E_S[1,25,1]",22.8303580685927,0.0542895385577104,4.16778731782877,16.2745306076139,19.9755507360695,22.2882486020344,25.0961987389399,32.612742825876,5893.57476077185,0.999984822043888
"lambda_E_S[1,26,1]",36.6463963030398,0.0868825214465403,6.65130537924896,26.1297652709468,32.1402021691097,35.7944707971306,40.3024425813495,52.1767342976204,5860.69260845799,0.999451747840817
"lambda_E_S[1,27,1]",36.6463963030398,0.0868825214465403,6.65130537924896,26.1297652709468,32.1402021691097,35.7944707971306,40.3024425813495,52.1767342976204,5860.69260845799,0.999451747840817
"lambda_E_S[1,28,1]",36.6463963030398,0.0868825214465403,6.65130537924896,26.1297652709468,32.1402021691097,35.7944707971306,40.3024425813495,52.1767342976204,5860.69260845799,0.999451747840817
"lambda_E_S[1,29,1]",20.8696993899318,0.0402019301189445,3.20590231238427,15.3383733149159,18.589506533507,20.6475611304691,22.7636402620808,27.8579431133165,6359.2626250252,0.999869132264999
"lambda_E_S[1,30,1]",20.8696993899318,0.0402019301189445,3.20590231238427,15.3383733149159,18.589506533507,20.6475611304691,22.7636402620808,27.8579431133165,6359.2626250252,0.999869132264999
"lambda_E_S[1,31,1]",20.8696993899318,0.0402019301189445,3.20590231238427,15.3383733149159,18.589506533507,20.6475611304691,22.7636402620808,27.8579431133165,6359.2626250252,0.999869132264999
"lambda_E_S[1,32,1]",20.8696993899318,0.0402019301189445,3.20590231238427,15.3383733149159,18.589506533507,20.6475611304691,22.7636402620808,27.8579431133165,6359.2626250252,0.999869132264999
"lambda_E_S[1,33,1]",33.5987893536244,0.0711026306352793,5.77926415205579,23.8420141502519,29.6038260612007,33.0579625653251,37.0063853683134,46.4040950120178,6606.53518746739,0.999949523365948
"lambda_E_S[1,34,1]",33.5987893536244,0.0711026306352793,5.77926415205579,23.8420141502519,29.6038260612007,33.0579625653251,37.0063853683134,46.4040950120178,6606.53518746739,0.999949523365948
"lambda_E_S[1,35,1]",33.5987893536244,0.0711026306352793,5.77926415205579,23.8420141502519,29.6038260612007,33.0579625653251,37.0063853683134,46.4040950120178,6606.53518746739,0.999949523365948
"lambda_E_S[1,36,1]",20.8696993899318,0.0402019301189445,3.20590231238427,15.3383733149159,18.589506533507,20.6475611304691,22.7636402620808,27.8579431133165,6359.2626250252,0.999869132264999
"lambda_E_S[1,37,1]",20.8696993899318,0.0402019301189445,3.20590231238427,15.3383733149159,18.589506533507,20.6475611304691,22.7636402620808,27.8579431133165,6359.2626250252,0.999869132264999
"lambda_E_S[1,38,1]",20.8696993899318,0.0402019301189445,3.20590231238427,15.3383733149159,18.589506533507,20.6475611304691,22.7636402620808,27.8579431133165,6359.2626250252,0.999869132264999
"lambda_E_S[1,39,1]",20.8696993899318,0.0402019301189445,3.20590231238427,15.3383733149159,18.589506533507,20.6475611304691,22.7636402620808,27.8579431133165,6359.2626250252,0.999869132264999
"lambda_E_S[1,40,1]",33.5987893536244,0.0711026306352793,5.77926415205579,23.8420141502519,29.6038260612007,33.0579625653251,37.0063853683134,46.4040950120178,6606.53518746739,0.999949523365948
"lambda_E_S[1,41,1]",33.5987893536244,0.0711026306352793,5.77926415205579,23.8420141502519,29.6038260612007,33.0579625653251,37.0063853683134,46.4040950120178,6606.53518746739,0.999949523365948
"lambda_E_S[1,42,1]",33.5987893536244,0.0711026306352793,5.77926415205579,23.8420141502519,29.6038260612007,33.0579625653251,37.0063853683134,46.4040950120178,6606.53518746739,0.999949523365948
"lambda_E_S[1,43,1]",18.9525064855362,0.0533920315139375,3.65950157216248,12.5239091042437,16.3982011423712,18.7582488884729,21.2327832833503,26.5570292193721,4697.76172157666,1.00020358362182
"lambda_E_S[1,44,1]",18.9525064855362,0.0533920315139375,3.65950157216248,12.5239091042437,16.3982011423712,18.7582488884729,21.2327832833503,26.5570292193721,4697.76172157666,1.00020358362182
"lambda_E_S[1,45,1]",18.9525064855362,0.0533920315139375,3.65950157216248,12.5239091042437,16.3982011423712,18.7582488884729,21.2327832833503,26.5570292193721,4697.76172157666,1.00020358362182
"lambda_E_S[1,46,1]",18.9525064855362,0.0533920315139375,3.65950157216248,12.5239091042437,16.3982011423712,18.7582488884729,21.2327832833503,26.5570292193721,4697.76172157666,1.00020358362182
"lambda_E_S[1,47,1]",30.3989453270598,0.0839884461617117,5.73036029994853,20.214930063011,26.3984870296466,30.0906240541139,33.999697711719,42.7781520384002,4655.05445226853,1.00069014115391
"lambda_E_S[1,48,1]",30.3989453270598,0.0839884461617117,5.73036029994853,20.214930063011,26.3984870296466,30.0906240541139,33.999697711719,42.7781520384002,4655.05445226853,1.00069014115391
"lambda_E_S[1,49,1]",30.3989453270598,0.0839884461617117,5.73036029994853,20.214930063011,26.3984870296466,30.0906240541139,33.999697711719,42.7781520384002,4655.05445226853,1.00069014115391
"lambda_E_S[1,50,1]",18.9525064855362,0.0533920315139375,3.65950157216248,12.5239091042437,16.3982011423712,18.7582488884729,21.2327832833503,26.5570292193721,4697.76172157666,1.00020358362182
"lambda_E_S[1,51,1]",18.9525064855362,0.0533920315139375,3.65950157216248,12.5239091042437,16.3982011423712,18.7582488884729,21.2327832833503,26.5570292193721,4697.76172157666,1.00020358362182
"lambda_E_S[1,52,1]",18.9525064855362,0.0533920315139375,3.65950157216248,12.5239091042437,16.3982011423712,18.7582488884729,21.2327832833503,26.5570292193721,4697.76172157666,1.00020358362182
"lambda_E_S[1,53,1]",18.9525064855362,0.0533920315139375,3.65950157216248,12.5239091042437,16.3982011423712,18.7582488884729,21.2327832833503,26.5570292193721,4697.76172157666,1.00020358362182
"lambda_E_S[1,54,1]",30.3989453270598,0.0839884461617117,5.73036029994853,20.214930063011,26.3984870296466,30.0906240541139,33.999697711719,42.7781520384002,4655.05445226853,1.00069014115391
"lambda_E_S[1,55,1]",30.3989453270598,0.0839884461617117,5.73036029994853,20.214930063011,26.3984870296466,30.0906240541139,33.999697711719,42.7781520384002,4655.05445226853,1.00069014115391
"lambda_E_S[1,56,1]",30.3989453270598,0.0839884461617117,5.73036029994853,20.214930063011,26.3984870296466,30.0906240541139,33.999697711719,42.7781520384002,4655.05445226853,1.00069014115391
"lambda_E_S[1,57,1]",18.5000642123797,0.0559520826504654,3.62446142616129,12.1146700511155,15.900535466003,18.3288156852254,20.7608097250411,26.2866386110133,4196.18330132977,1.00012621387463
"lambda_E_S[1,58,1]",18.5000642123797,0.0559520826504654,3.62446142616129,12.1146700511155,15.900535466003,18.3288156852254,20.7608097250411,26.2866386110133,4196.18330132977,1.00012621387463
"lambda_E_S[1,59,1]",18.5000642123797,0.0559520826504654,3.62446142616129,12.1146700511155,15.900535466003,18.3288156852254,20.7608097250411,26.2866386110133,4196.18330132977,1.00012621387463
"lambda_E_S[1,60,1]",18.5000642123797,0.0559520826504654,3.62446142616129,12.1146700511155,15.900535466003,18.3288156852254,20.7608097250411,26.2866386110133,4196.18330132977,1.00012621387463
"lambda_E_S[1,61,1]",29.7069433578791,0.0958268456085652,5.86563381464131,19.2805222913304,25.6469463719316,29.3557248809708,33.3625958529557,42.3515443798069,3746.75684152373,1.00046617581612
"lambda_E_S[1,62,1]",29.7069433578791,0.0958268456085652,5.86563381464131,19.2805222913304,25.6469463719316,29.3557248809708,33.3625958529557,42.3515443798069,3746.75684152373,1.00046617581612
"lambda_E_S[1,63,1]",29.7069433578791,0.0958268456085652,5.86563381464131,19.2805222913304,25.6469463719316,29.3557248809708,33.3625958529557,42.3515443798069,3746.75684152373,1.00046617581612
"lambda_E_S[1,64,1]",18.5000642123797,0.0559520826504654,3.62446142616129,12.1146700511155,15.900535466003,18.3288156852254,20.7608097250411,26.2866386110133,4196.18330132977,1.00012621387463
"lambda_E_S[1,65,1]",18.5000642123797,0.0559520826504654,3.62446142616129,12.1146700511155,15.900535466003,18.3288156852254,20.7608097250411,26.2866386110133,4196.18330132977,1.00012621387463
"lambda_E_S[1,66,1]",18.5000642123797,0.0559520826504654,3.62446142616129,12.1146700511155,15.900535466003,18.3288156852254,20.7608097250411,26.2866386110133,4196.18330132977,1.00012621387463
"lambda_E_S[1,67,1]",18.5000642123797,0.0559520826504654,3.62446142616129,12.1146700511155,15.900535466003,18.3288156852254,20.7608097250411,26.2866386110133,4196.18330132977,1.00012621387463
"lambda_E_S[1,68,1]",29.7069433578791,0.0958268456085652,5.86563381464131,19.2805222913304,25.6469463719316,29.3557248809708,33.3625958529557,42.3515443798069,3746.75684152373,1.00046617581612
"lambda_E_S[1,69,1]",29.7069433578791,0.0958268456085652,5.86563381464131,19.2805222913304,25.6469463719316,29.3557248809708,33.3625958529557,42.3515443798069,3746.75684152373,1.00046617581612
"lambda_E_S[1,70,1]",29.7069433578791,0.0958268456085652,5.86563381464131,19.2805222913304,25.6469463719316,29.3557248809708,33.3625958529557,42.3515443798069,3746.75684152373,1.00046617581612
"lambda_E_S[1,71,1]",25.561832474209,0.108534523148342,7.07891714491829,16.5323746793163,20.7970303459288,23.9235734926639,28.5850448456753,43.9640593688282,4254.00360235763,1.00114088736162
"lambda_E_S[1,72,1]",25.561832474209,0.108534523148342,7.07891714491829,16.5323746793163,20.7970303459288,23.9235734926639,28.5850448456753,43.9640593688282,4254.00360235763,1.00114088736162
"lambda_E_S[1,73,1]",25.561832474209,0.108534523148342,7.07891714491829,16.5323746793163,20.7970303459288,23.9235734926639,28.5850448456753,43.9640593688282,4254.00360235763,1.00114088736162
"lambda_E_S[1,74,1]",25.561832474209,0.108534523148342,7.07891714491829,16.5323746793163,20.7970303459288,23.9235734926639,28.5850448456753,43.9640593688282,4254.00360235763,1.00114088736162
"lambda_E_S[1,75,1]",48.1430775308644,0.349190289612692,28.886096432648,16.8816032877344,29.5001476809336,40.6281035596383,58.4524792447108,123.606327283902,6843.10804513476,0.999920006805792
"lambda_E_S[1,76,1]",40.9892467356957,0.168309848057488,11.1008166695561,26.638754609475,33.3896642497255,38.5124978727622,45.7724112517047,70.2142621822675,4350.01550345171,1.00065108781272
"r_E",3.3038309287328,0.00947045639501481,0.768342547955201,2.04881195386891,2.7561254671678,3.22965215882936,3.74984601677778,4.99629576915737,6582.15264007797,0.999894400980247
"r_OSP",99243.3411259698,95915.939352652,6670551.5145681,0.00186444827474273,0.188359144087391,1.06178297754806,5.91046491036667,542.8282792788,4836.61942807751,1.00018285293114
"mu_C[1,1]",0.380920475973144,0.00153999803527462,0.114946666091145,0.179120946655245,0.322686655713021,0.378740995872732,0.437683620700843,0.594387346587457,5571.24715763095,0.999721531283393
"phi_C",-0.226641428700139,0.0061169284676889,0.428352907683929,-0.879209546118086,-0.570833725024596,-0.279544488324463,0.0732331845310294,0.680800743400471,4903.84387392017,0.999750893112583
"r_C",1.68808795823314,0.00179564063277745,0.170435320990946,1.38207063163103,1.57099976882021,1.67981646683162,1.79455084291149,2.06027441079107,9009.07821016594,0.999732863478228
"omega_C[1,1]",-0.0499205180493548,0.00154539288239652,0.118038823172579,-0.27280454084668,-0.106853520077707,-0.0446071936671256,0.00972917679873049,0.158352549031084,5834.07390839202,0.999637794047929
"omega_C[2,1]",0.0662350150279322,0.00174248957758727,0.120642837408811,-0.150564757089468,0.00505765852576113,0.0624844548246958,0.126471488670751,0.282331030355738,4793.61010818787,1.00084627088274
"omega_C[3,1]",-0.0823620543668924,0.00164066839092891,0.117394411728989,-0.301663234292971,-0.139183178292013,-0.0780154928438307,-0.0204048073953774,0.122849342681008,5119.80270693337,0.999544858820482
"omega_C[4,1]",0.073471982479273,0.00162964066249352,0.122150624962964,-0.154466390173103,0.0107001444921074,0.0731787690991831,0.137667217554254,0.289356907960044,5618.33565359067,0.999782079210397
"omega_C[5,1]",-0.1411153717759,0.00194077604735447,0.127977599819139,-0.401144011907332,-0.207063443660646,-0.13399114092847,-0.06360494015183,0.0602912883527542,4348.27572042401,0.999893219704945
"omega_C[6,1]",0.137081304846862,0.00208810141832564,0.131115194250395,-0.0656135671210389,0.0578163998620319,0.129457809669405,0.207928677622251,0.396569428917594,3942.7829395006,0.999982991260594
"omega_C_0[1,1]",-0.0499205180493548,0.00154539288239652,0.118038823172579,-0.27280454084668,-0.106853520077707,-0.0446071936671256,0.00972917679873049,0.158352549031084,5834.07390839202,0.999637794047929
"lambda_C_S[1,1,1]",1.39901457145754,0.00157397437532391,0.136733187470238,1.14411039590917,1.30450948454252,1.3934529732512,1.48887461904936,1.68074707631341,7546.62136392036,0.999691699688667
"lambda_C_S[1,2,1]",1.39901457145754,0.00157397437532391,0.136733187470238,1.14411039590917,1.30450948454252,1.3934529732512,1.48887461904936,1.68074707631341,7546.62136392036,0.999691699688667
"lambda_C_S[1,3,1]",1.39901457145754,0.00157397437532391,0.136733187470238,1.14411039590917,1.30450948454252,1.3934529732512,1.48887461904936,1.68074707631341,7546.62136392036,0.999691699688667
"lambda_C_S[1,4,1]",1.39901457145754,0.00157397437532391,0.136733187470238,1.14411039590917,1.30450948454252,1.3934529732512,1.48887461904936,1.68074707631341,7546.62136392036,0.999691699688667
"lambda_C_S[1,5,1]",1.14387523949348,0.00122235986641451,0.0972996340687844,0.962966694823811,1.07705530250679,1.14026470282867,1.20635285767264,1.33949466444547,6336.13248062883,0.999629397035959
"lambda_C_S[1,6,1]",1.14387523949348,0.00122235986641451,0.0972996340687844,0.962966694823811,1.07705530250679,1.14026470282867,1.20635285767264,1.33949466444547,6336.13248062883,0.999629397035959
"lambda_C_S[1,7,1]",1.14387523949348,0.00122235986641451,0.0972996340687844,0.962966694823811,1.07705530250679,1.14026470282867,1.20635285767264,1.33949466444547,6336.13248062883,0.999629397035959
"lambda_C_S[1,8,1]",1.39901457145754,0.00157397437532391,0.136733187470238,1.14411039590917,1.30450948454252,1.3934529732512,1.48887461904936,1.68074707631341,7546.62136392036,0.999691699688667
"lambda_C_S[1,9,1]",1.39901457145754,0.00157397437532391,0.136733187470238,1.14411039590917,1.30450948454252,1.3934529732512,1.48887461904936,1.68074707631341,7546.62136392036,0.999691699688667
"lambda_C_S[1,10,1]",1.39901457145754,0.00157397437532391,0.136733187470238,1.14411039590917,1.30450948454252,1.3934529732512,1.48887461904936,1.68074707631341,7546.62136392036,0.999691699688667
"lambda_C_S[1,11,1]",1.39901457145754,0.00157397437532391,0.136733187470238,1.14411039590917,1.30450948454252,1.3934529732512,1.48887461904936,1.68074707631341,7546.62136392036,0.999691699688667
"lambda_C_S[1,12,1]",1.14387523949348,0.00122235986641451,0.0972996340687844,0.962966694823811,1.07705530250679,1.14026470282867,1.20635285767264,1.33949466444547,6336.13248062883,0.999629397035959
"lambda_C_S[1,13,1]",1.14387523949348,0.00122235986641451,0.0972996340687844,0.962966694823811,1.07705530250679,1.14026470282867,1.20635285767264,1.33949466444547,6336.13248062883,0.999629397035959
"lambda_C_S[1,14,1]",1.14387523949348,0.00122235986641451,0.0972996340687844,0.962966694823811,1.07705530250679,1.14026470282867,1.20635285767264,1.33949466444547,6336.13248062883,0.999629397035959
"lambda_C_S[1,15,1]",1.57176668369528,0.0019932532021982,0.158786368813198,1.29090225761617,1.4629866315091,1.56075929041346,1.67349649387188,1.90655310303958,6346.02083305113,1.00033825297406
"lambda_C_S[1,16,1]",1.57176668369528,0.0019932532021982,0.158786368813198,1.29090225761617,1.4629866315091,1.56075929041346,1.67349649387188,1.90655310303958,6346.02083305113,1.00033825297406
"lambda_C_S[1,17,1]",1.57176668369528,0.0019932532021982,0.158786368813198,1.29090225761617,1.4629866315091,1.56075929041346,1.67349649387188,1.90655310303958,6346.02083305113,1.00033825297406
"lambda_C_S[1,18,1]",1.57176668369528,0.0019932532021982,0.158786368813198,1.29090225761617,1.4629866315091,1.56075929041346,1.67349649387188,1.90655310303958,6346.02083305113,1.00033825297406
"lambda_C_S[1,19,1]",1.28567178074982,0.00152587585579271,0.120247021947622,1.07759296727001,1.20119471479657,1.27639101100019,1.36010566949365,1.54709373339638,6210.26677299328,1.00085533177694
"lambda_C_S[1,20,1]",1.28567178074982,0.00152587585579271,0.120247021947622,1.07759296727001,1.20119471479657,1.27639101100019,1.36010566949365,1.54709373339638,6210.26677299328,1.00085533177694
"lambda_C_S[1,21,1]",1.28567178074982,0.00152587585579271,0.120247021947622,1.07759296727001,1.20119471479657,1.27639101100019,1.36010566949365,1.54709373339638,6210.26677299328,1.00085533177694
"lambda_C_S[1,22,1]",1.57176668369528,0.0019932532021982,0.158786368813198,1.29090225761617,1.4629866315091,1.56075929041346,1.67349649387188,1.90655310303958,6346.02083305113,1.00033825297406
"lambda_C_S[1,23,1]",1.57176668369528,0.0019932532021982,0.158786368813198,1.29090225761617,1.4629866315091,1.56075929041346,1.67349649387188,1.90655310303958,6346.02083305113,1.00033825297406
"lambda_C_S[1,24,1]",1.57176668369528,0.0019932532021982,0.158786368813198,1.29090225761617,1.4629866315091,1.56075929041346,1.67349649387188,1.90655310303958,6346.02083305113,1.00033825297406
"lambda_C_S[1,25,1]",1.57176668369528,0.0019932532021982,0.158786368813198,1.29090225761617,1.4629866315091,1.56075929041346,1.67349649387188,1.90655310303958,6346.02083305113,1.00033825297406
"lambda_C_S[1,26,1]",1.28567178074982,0.00152587585579271,0.120247021947622,1.07759296727001,1.20119471479657,1.27639101100019,1.36010566949365,1.54709373339638,6210.26677299328,1.00085533177694
"lambda_C_S[1,27,1]",1.28567178074982,0.00152587585579271,0.120247021947622,1.07759296727001,1.20119471479657,1.27639101100019,1.36010566949365,1.54709373339638,6210.26677299328,1.00085533177694
"lambda_C_S[1,28,1]",1.28567178074982,0.00152587585579271,0.120247021947622,1.07759296727001,1.20119471479657,1.27639101100019,1.36010566949365,1.54709373339638,6210.26677299328,1.00085533177694
"lambda_C_S[1,29,1]",1.35257112391188,0.00140950994407571,0.112481289577086,1.14382819681621,1.27450001218694,1.3478331971512,1.42444456324432,1.58495936662842,6368.31130850253,0.999629768304398
"lambda_C_S[1,30,1]",1.35257112391188,0.00140950994407571,0.112481289577086,1.14382819681621,1.27450001218694,1.3478331971512,1.42444456324432,1.58495936662842,6368.31130850253,0.999629768304398
"lambda_C_S[1,31,1]",1.35257112391188,0.00140950994407571,0.112481289577086,1.14382819681621,1.27450001218694,1.3478331971512,1.42444456324432,1.58495936662842,6368.31130850253,0.999629768304398
"lambda_C_S[1,32,1]",1.35257112391188,0.00140950994407571,0.112481289577086,1.14382819681621,1.27450001218694,1.3478331971512,1.42444456324432,1.58495936662842,6368.31130850253,0.999629768304398
"lambda_C_S[1,33,1]",1.10772941323536,0.00130985525403569,0.0982166069537275,0.923490799754626,1.03810253992454,1.10546578044711,1.17415027581493,1.30561889582976,5622.41942702195,0.999520456721335
"lambda_C_S[1,34,1]",1.10772941323536,0.00130985525403569,0.0982166069537275,0.923490799754626,1.03810253992454,1.10546578044711,1.17415027581493,1.30561889582976,5622.41942702195,0.999520456721335
"lambda_C_S[1,35,1]",1.10772941323536,0.00130985525403569,0.0982166069537275,0.923490799754626,1.03810253992454,1.10546578044711,1.17415027581493,1.30561889582976,5622.41942702195,0.999520456721335
"lambda_C_S[1,36,1]",1.35257112391188,0.00140950994407571,0.112481289577086,1.14382819681621,1.27450001218694,1.3478331971512,1.42444456324432,1.58495936662842,6368.31130850253,0.999629768304398
"lambda_C_S[1,37,1]",1.35257112391188,0.00140950994407571,0.112481289577086,1.14382819681621,1.27450001218694,1.3478331971512,1.42444456324432,1.58495936662842,6368.31130850253,0.999629768304398
"lambda_C_S[1,38,1]",1.35257112391188,0.00140950994407571,0.112481289577086,1.14382819681621,1.27450001218694,1.3478331971512,1.42444456324432,1.58495936662842,6368.31130850253,0.999629768304398
"lambda_C_S[1,39,1]",1.35257112391188,0.00140950994407571,0.112481289577086,1.14382819681621,1.27450001218694,1.3478331971512,1.42444456324432,1.58495936662842,6368.31130850253,0.999629768304398
"lambda_C_S[1,40,1]",1.10772941323536,0.00130985525403569,0.0982166069537275,0.923490799754626,1.03810253992454,1.10546578044711,1.17415027581493,1.30561889582976,5622.41942702195,0.999520456721335
"lambda_C_S[1,41,1]",1.10772941323536,0.00130985525403569,0.0982166069537275,0.923490799754626,1.03810253992454,1.10546578044711,1.17415027581493,1.30561889582976,5622.41942702195,0.999520456721335
"lambda_C_S[1,42,1]",1.10772941323536,0.00130985525403569,0.0982166069537275,0.923490799754626,1.03810253992454,1.10546578044711,1.17415027581493,1.30561889582976,5622.41942702195,0.999520456721335
"lambda_C_S[1,43,1]",1.58469727580058,0.00218718427965788,0.175082755556256,1.28041433196366,1.45928315192395,1.57050242512538,1.69235381465098,1.96793080437275,6407.90397211931,0.999572951910264
"lambda_C_S[1,44,1]",1.58469727580058,0.00218718427965788,0.175082755556256,1.28041433196366,1.45928315192395,1.57050242512538,1.69235381465098,1.96793080437275,6407.90397211931,0.999572951910264
"lambda_C_S[1,45,1]",1.58469727580058,0.00218718427965788,0.175082755556256,1.28041433196366,1.45928315192395,1.57050242512538,1.69235381465098,1.96793080437275,6407.90397211931,0.999572951910264
"lambda_C_S[1,46,1]",1.58469727580058,0.00218718427965788,0.175082755556256,1.28041433196366,1.45928315192395,1.57050242512538,1.69235381465098,1.96793080437275,6407.90397211931,0.999572951910264
"lambda_C_S[1,47,1]",1.29454375625095,0.00151637116707453,0.115756507292903,1.09325278107287,1.2141352634704,1.28669268778252,1.36764072714081,1.54245642859443,5827.46659719597,0.99986228187568
"lambda_C_S[1,48,1]",1.29454375625095,0.00151637116707453,0.115756507292903,1.09325278107287,1.2141352634704,1.28669268778252,1.36764072714081,1.54245642859443,5827.46659719597,0.99986228187568
"lambda_C_S[1,49,1]",1.29454375625095,0.00151637116707453,0.115756507292903,1.09325278107287,1.2141352634704,1.28669268778252,1.36764072714081,1.54245642859443,5827.46659719597,0.99986228187568
"lambda_C_S[1,50,1]",1.58469727580058,0.00218718427965788,0.175082755556256,1.28041433196366,1.45928315192395,1.57050242512538,1.69235381465098,1.96793080437275,6407.90397211931,0.999572951910264
"lambda_C_S[1,51,1]",1.58469727580058,0.00218718427965788,0.175082755556256,1.28041433196366,1.45928315192395,1.57050242512538,1.69235381465098,1.96793080437275,6407.90397211931,0.999572951910264
"lambda_C_S[1,52,1]",1.58469727580058,0.00218718427965788,0.175082755556256,1.28041433196366,1.45928315192395,1.57050242512538,1.69235381465098,1.96793080437275,6407.90397211931,0.999572951910264
"lambda_C_S[1,53,1]",1.58469727580058,0.00218718427965788,0.175082755556256,1.28041433196366,1.45928315192395,1.57050242512538,1.69235381465098,1.96793080437275,6407.90397211931,0.999572951910264
"lambda_C_S[1,54,1]",1.29454375625095,0.00151637116707453,0.115756507292903,1.09325278107287,1.2141352634704,1.28669268778252,1.36764072714081,1.54245642859443,5827.46659719597,0.99986228187568
"lambda_C_S[1,55,1]",1.29454375625095,0.00151637116707453,0.115756507292903,1.09325278107287,1.2141352634704,1.28669268778252,1.36764072714081,1.54245642859443,5827.46659719597,0.99986228187568
"lambda_C_S[1,56,1]",1.29454375625095,0.00151637116707453,0.115756507292903,1.09325278107287,1.2141352634704,1.28669268778252,1.36764072714081,1.54245642859443,5827.46659719597,0.99986228187568
"lambda_C_S[1,57,1]",1.27827770567452,0.00208107596452724,0.136608130831592,1.02933620782511,1.18066235079421,1.27409732103593,1.36844829255618,1.55787689959416,4309.00731565388,1.00017424826818
"lambda_C_S[1,58,1]",1.27827770567452,0.00208107596452724,0.136608130831592,1.02933620782511,1.18066235079421,1.27409732103593,1.36844829255618,1.55787689959416,4309.00731565388,1.00017424826818
"lambda_C_S[1,59,1]",1.27827770567452,0.00208107596452724,0.136608130831592,1.02933620782511,1.18066235079421,1.27409732103593,1.36844829255618,1.55787689959416,4309.00731565388,1.00017424826818
"lambda_C_S[1,60,1]",1.27827770567452,0.00208107596452724,0.136608130831592,1.02933620782511,1.18066235079421,1.27409732103593,1.36844829255618,1.55787689959416,4309.00731565388,1.00017424826818
"lambda_C_S[1,61,1]",1.04567332583462,0.00173025262312747,0.104740596357706,0.849913992185282,0.971646301726497,1.04286815338879,1.11738412827486,1.25552742295238,3664.46899897267,0.99988384907071
"lambda_C_S[1,62,1]",1.04567332583462,0.00173025262312747,0.104740596357706,0.849913992185282,0.971646301726497,1.04286815338879,1.11738412827486,1.25552742295238,3664.46899897267,0.99988384907071
"lambda_C_S[1,63,1]",1.04567332583462,0.00173025262312747,0.104740596357706,0.849913992185282,0.971646301726497,1.04286815338879,1.11738412827486,1.25552742295238,3664.46899897267,0.99988384907071
"lambda_C_S[1,64,1]",1.27827770567452,0.00208107596452724,0.136608130831592,1.02933620782511,1.18066235079421,1.27409732103593,1.36844829255618,1.55787689959416,4309.00731565388,1.00017424826818
"lambda_C_S[1,65,1]",1.27827770567452,0.00208107596452724,0.136608130831592,1.02933620782511,1.18066235079421,1.27409732103593,1.36844829255618,1.55787689959416,4309.00731565388,1.00017424826818
"lambda_C_S[1,66,1]",1.27827770567452,0.00208107596452724,0.136608130831592,1.02933620782511,1.18066235079421,1.27409732103593,1.36844829255618,1.55787689959416,4309.00731565388,1.00017424826818
"lambda_C_S[1,67,1]",1.27827770567452,0.00208107596452724,0.136608130831592,1.02933620782511,1.18066235079421,1.27409732103593,1.36844829255618,1.55787689959416,4309.00731565388,1.00017424826818
"lambda_C_S[1,68,1]",1.04567332583462,0.00173025262312747,0.104740596357706,0.849913992185282,0.971646301726497,1.04286815338879,1.11738412827486,1.25552742295238,3664.46899897267,0.99988384907071
"lambda_C_S[1,69,1]",1.04567332583462,0.00173025262312747,0.104740596357706,0.849913992185282,0.971646301726497,1.04286815338879,1.11738412827486,1.25552742295238,3664.46899897267,0.99988384907071
"lambda_C_S[1,70,1]",1.04567332583462,0.00173025262312747,0.104740596357706,0.849913992185282,0.971646301726497,1.04286815338879,1.11738412827486,1.25552742295238,3664.46899897267,0.99988384907071
"lambda_C_S[1,71,1]",1.6909126016279,0.003137771497283,0.206179699135925,1.34282323043384,1.54313686258944,1.67001466976786,1.81842220205971,2.13651991176275,4317.6673125312,0.999548624534244
"lambda_C_S[1,72,1]",1.6909126016279,0.003137771497283,0.206179699135925,1.34282323043384,1.54313686258944,1.67001466976786,1.81842220205971,2.13651991176275,4317.6673125312,0.999548624534244
"lambda_C_S[1,73,1]",1.6909126016279,0.003137771497283,0.206179699135925,1.34282323043384,1.54313686258944,1.67001466976786,1.81842220205971,2.13651991176275,4317.6673125312,0.999548624534244
"lambda_C_S[1,74,1]",1.6909126016279,0.003137771497283,0.206179699135925,1.34282323043384,1.54313686258944,1.67001466976786,1.81842220205971,2.13651991176275,4317.6673125312,0.999548624534244
"lambda_C_S[1,75,1]",1.27815313919876,0.00232950326696036,0.219763827925099,0.909375661957054,1.12405027107942,1.25408945608422,1.41311194508872,1.77157846133466,8899.91327407575,0.999975155016324
"lambda_C_S[1,76,1]",1.38199645980764,0.00230330794262474,0.149668705358981,1.13513274728949,1.27374194290939,1.36855047263204,1.47735279139455,1.71527068768763,4222.38659027702,0.999874578473056
"L[1]",1.77385454933769,0.0058356126959823,0.538640198930331,0.942253587476458,1.38255402303583,1.69768178156115,2.08242386629732,3.00507745537158,8519.70589165947,0.999563168802366
"L[2]",1.78058171823794,0.00646238118757954,0.554615838156242,0.9440208569043,1.39187683565561,1.70579753016976,2.08015265207107,3.0520698594908,7365.45180300933,0.999841560768729
"L[3]",1.77939562118485,0.00642924928600429,0.546161559643555,0.951252220271085,1.39624400431952,1.69736474563978,2.08420433601558,3.00928715410857,7216.41880342485,1.00115656451346
"L[4]",1.78351978763259,0.00636334981256489,0.549554305960244,0.950914788151245,1.38766139815108,1.70827590703356,2.08640488384145,3.05278795455292,7458.46804537237,0.999967130165075
"L[5]",1.7850701183993,0.00623005961502326,0.549676485056448,0.942967621536876,1.40116176886685,1.70511414391866,2.08762692449665,3.10652985382734,7784.48546374304,0.999857438309924
"L[6]",1.78242382132362,0.00601557053300389,0.553300844992373,0.924042174772791,1.38991845876889,1.71078292307065,2.07912483086222,3.10680232779429,8459.97384436315,0.999780889489338
"L[7]",1.79005853311975,0.00596644674285675,0.554778258768728,0.955446559607316,1.40620880706729,1.713667451043,2.0809731128003,3.09221178277969,8645.84269243294,0.999773888526591
"L[8]",1.77893565197945,0.00596647223756395,0.54177984126403,0.937647434684834,1.38782885145892,1.70155640103542,2.08745190420702,3.01856580616496,8245.37543189385,0.99959741371859
"L[9]",1.77548099727256,0.00567068363366401,0.546733784553184,0.927627499731864,1.39264201477677,1.70408548855184,2.07584341437983,3.0806167311945,9295.67614985999,0.99957796073187
"L[10]",1.78985702926875,0.00645751847945841,0.567691183598236,0.944979570840553,1.37941234145036,1.69841596747888,2.10849550312658,3.13123122038205,7728.46036116328,0.99973054096466
"L[11]",1.79428254502229,0.00617763877911911,0.557160078030831,0.949908458606791,1.39663356511921,1.71198609019701,2.10309855296788,3.09184775695066,8134.20212839236,0.999822104985288
"L[12]",1.78727192006683,0.00602367770154184,0.555863095156742,0.939097334956331,1.39251821150364,1.71062437063977,2.09546656745802,3.1028381977264,8515.54070235563,0.999668518450838
"L[13]",1.78005964460442,0.0060296486158712,0.555702739712986,0.943626266975672,1.38441316480916,1.69583116092144,2.08256155075276,3.11282011918602,8493.7811745407,0.999511108116629
"L[14]",1.77656391183129,0.00584504463445048,0.552252205902275,0.933426475131193,1.38426910392979,1.6946557217581,2.08978542731499,3.08003737507388,8926.87091385351,0.999437114120894
"L[15]",1.77983451441087,0.00593129339457504,0.54459702496241,0.944054101054993,1.39037935048863,1.7011632621249,2.09028039806808,3.02925015729724,8430.46859157471,0.999699323386905
"L[16]",1.76823436532578,0.00602200265488111,0.529019153142559,0.960235758508361,1.39121035397366,1.69103487253277,2.06220396930993,3.02427178325703,7717.22045267476,1.00001472230823
"L[17]",1.77333512469678,0.00597909295691499,0.539020508029316,0.951667030287456,1.38229618204366,1.69548250600538,2.06700368081554,3.03457907775784,8127.18165816535,1.00007552988406
"L[18]",1.78056098359306,0.00584499345453614,0.538687392902204,0.939417997252833,1.3948389373825,1.70486924010606,2.08191313711816,3.03919645117161,8493.86912672945,1.00031943756991
"L[19]",1.77631090303617,0.00562033008678857,0.545852260508581,0.948651616849865,1.38697953051171,1.69721506341456,2.09368262925233,3.05040089868804,9432.49493620075,0.999991458297722
"L[20]",1.78014671515835,0.00637913137579031,0.5608440719161,0.952390752653804,1.38368075370022,1.69240393681462,2.08032274851134,3.09339347147602,7729.67394514234,0.999855466149303
"L[21]",1.76728065558624,0.00582638211731106,0.540467850877007,0.932999297100062,1.37969918219735,1.69782744399378,2.06521083601112,3.05280474255514,8604.8202603591,0.999725339630407
"L[22]",1.77955857370338,0.00571915839801351,0.542322401843363,0.9502729079658,1.39388092132646,1.69961251478105,2.08244682499794,3.04672090397771,8991.88696271993,0.999514734412826
"L[23]",1.77037658594306,0.00556728197609987,0.538723754319316,0.947277222240814,1.3816330809182,1.7026020068102,2.06505480832056,3.06089340425226,9363.66385286286,0.999642545515882
"L[24]",1.77964526738688,0.00620783977622245,0.540792123947177,0.96046206257419,1.3901251172741,1.70400799311819,2.07789080589644,3.04482301396499,7588.91550315207,1.00002354773548
"L[25]",1.78549659242033,0.00610727249286777,0.574043475579108,0.930127407250589,1.38561111614214,1.69477491939786,2.08739862666493,3.14853190089849,8834.76445315115,0.99948165103534
"L[26]",1.77921569317843,0.00577349051635975,0.542580783951535,0.947741845842509,1.40217052027884,1.70433257594373,2.07174040466989,3.11149238950703,8831.85446373832,0.999714222587059
"L[27]",1.77506221245469,0.00578916093019403,0.54226168517485,0.948251460897961,1.39515459675137,1.6935716728699,2.07044913712287,3.05097279320096,8773.77703823737,0.999433325344465
"L[28]",1.77672423118407,0.00571476029602902,0.534901497914123,0.944291584198412,1.39155938845906,1.70341563735999,2.07200612151575,2.99871407873166,8760.95784476137,0.999579606077078
"L[29]",1.77269470505723,0.00581880117653813,0.538080784619578,0.947368559221014,1.38942062135613,1.69070639454481,2.08121708551027,3.02899558016027,8551.21706105905,0.999581540389501
"L[30]",1.77705926375517,0.00607376440698805,0.547357234123141,0.943459150796039,1.37616912739642,1.69736574644844,2.08512946042624,3.07059480906927,8121.30535874223,0.999578024030307
"L[31]",1.78390191458145,0.00585141695514502,0.55293399341282,0.941037163853484,1.38986240382224,1.70036806028083,2.0849755167367,3.09249696000634,8929.44546558611,0.99967931350208
"L[32]",1.77489563398943,0.00539801573696044,0.553008035920684,0.923233759391757,1.37331117281292,1.69535835159936,2.09128169315826,3.08322454438995,10495.2935884715,0.999783577097458
"L[33]",1.77687151416961,0.00651985128612178,0.550254400153614,0.93493133648711,1.38723024357056,1.69406730726181,2.07963003440735,3.12257328454026,7122.81506408365,1.00035419698814
"L[34]",1.76883130916037,0.00577547939318246,0.546844938155093,0.936594162137212,1.38125500050641,1.69091667109848,2.06194058730827,3.09464187288138,8965.04173363529,0.999522837868065
"L[35]",1.78790637184102,0.00644160292283684,0.559374815781866,0.952497054093946,1.39171746789253,1.71179528898808,2.09076123854704,3.12365064096637,7540.80861776197,0.999782935477687
"L[36]",1.77561563152365,0.00591697240282058,0.531463841616887,0.952504771490582,1.3967796087022,1.69914404397529,2.08500147460188,3.02674725368347,8067.67430903058,0.999633706274482
"L[37]",1.77974468779884,0.00632750317066796,0.548449618343967,0.937933552338996,1.38421678859151,1.70134258258392,2.09690419184769,3.07814585821406,7512.91948001938,0.99953155228768
"L[38]",1.78140024852264,0.00574999782460913,0.541133952214831,0.946198803371592,1.39007295403064,1.70168178884367,2.09544222430414,3.04679813141355,8856.74633826176,0.999722889445295
"L[39]",1.78666972940857,0.00614292239697891,0.553258567867516,0.941725444170447,1.39565680031455,1.70526707621535,2.07512961559164,3.0785523819712,8111.59462071913,0.999466962102457
"L[40]",1.78804221124625,0.00607814100618115,0.547955724225512,0.945900484437867,1.39389852581042,1.7114813250781,2.09513970446905,3.08671083094467,8127.35807433082,0.999698771746998
"L[41]",1.77053040236689,0.00620474684938521,0.557761119160421,0.932422614501414,1.37700877271728,1.67928111177809,2.0649814483763,3.10712800989627,8080.68801086834,0.999543285585377
"L[42]",1.7738976457295,0.0058995635219257,0.539367662382293,0.945120415623921,1.3964110417081,1.69724649312918,2.0620616565856,3.08605589886983,8358.53271368086,1.00012526733838
"L[43]",1.78101042095054,0.00632168302727009,0.55932514234614,0.943276717711138,1.38765612986813,1.70615500229165,2.07664510572273,3.08052966186859,7828.22412366162,0.99959591784108
"L[44]",1.78233531930456,0.00581340452811569,0.55103738465726,0.944064334625588,1.3898393420529,1.70530753731064,2.09469250785862,3.06005183242692,8984.64742542938,0.999386669751624
"L[45]",1.77666281542131,0.00613105095875401,0.555268040125996,0.943831942446488,1.37907163049977,1.68967474270313,2.08694411761922,3.0977114044565,8202.2972289125,0.99946287740615
"L[46]",1.77739390543105,0.00599175760606936,0.546129590744135,0.95129728991093,1.38062272763502,1.69023106413172,2.07998146472635,3.06295861397727,8307.74093233716,0.999806257957312
"L[47]",1.77854005528428,0.00601523637890474,0.540986315999233,0.939834508351426,1.39188877140479,1.70207833351766,2.08257445709134,3.06156633235639,8088.48460512561,0.99990731595333
"L[48]",1.77803300214504,0.00628559790928949,0.527870545808488,0.976574645969687,1.38853350684024,1.70879832349864,2.09252874010925,2.95081675236135,7052.80162147461,0.999918908718209
"L[49]",1.77567981394818,0.00593761117198161,0.542648523653303,0.945696047131215,1.37769396503221,1.69785365178157,2.08579134019863,3.03089421625722,8352.44728354761,0.999806954961425
"L[50]",1.77667718514552,0.00615092268379739,0.552855500189436,0.925034451832927,1.38259473397135,1.6998203037871,2.07201571162878,3.07887847781351,8078.72329155359,0.999850782338315
"L[51]",1.78018927714686,0.00640260616711006,0.551101227556823,0.95185767670244,1.38256691109074,1.69097149106893,2.07678182468595,3.05375033613051,7408.82232034208,1.00018160909749
"L[52]",1.77750038286564,0.0056358563122202,0.535042524270032,0.952629107205157,1.39158172835207,1.70071236517016,2.08043535820125,3.05587540322482,9012.73862683525,0.999825551847937
"L[53]",1.76390539567579,0.00604669405880107,0.541509714229303,0.932936981719493,1.36343015697084,1.69047000609132,2.0695311330666,3.03243746701117,8020.03960608841,0.999585770507705
"L[54]",1.77222926089687,0.00633241742315873,0.539514315873805,0.947773929552229,1.38869641454503,1.68939960948966,2.07912371978037,3.04739686177401,7258.83418465486,1.00098975984853
"L[55]",1.77901200983727,0.00608022983492239,0.545001907548606,0.937777293525725,1.39205273319297,1.70201272354052,2.08487843254681,3.05149511135853,8034.44815266058,0.99996248367667
"L[56]",1.7752239888454,0.00571672398791178,0.534939216284141,0.943505481836818,1.40505550076899,1.68951104969636,2.07421711094956,3.03271813501944,8756.17485493874,1.00008221810336
"L[57]",1.77398391100859,0.00550536092753265,0.545658735472637,0.932873585065192,1.37620788216639,1.69173073475906,2.09453011010787,3.05054917349633,9823.59912854285,0.999507777090204
"L[58]",1.77910562536025,0.00607109240138269,0.551248058849077,0.949833331481318,1.38765639853272,1.6957704433869,2.07412792188888,3.11573113760903,8244.42669128764,0.99982417397101
"L[59]",1.78158890580859,0.00595720989303925,0.533000984675099,0.956136272088614,1.40436761464734,1.70561910245543,2.07699187872718,3.07882902725436,8005.16372241387,1.00029313600216
"L[60]",1.77320991915808,0.00588410179577415,0.544561127340578,0.942557269781224,1.39282793791039,1.690260165057,2.06349963355993,3.05494661211047,8565.10947711788,1.00020175263179
"L[61]",1.77777993620251,0.00623566810383131,0.541912124139648,0.947172659396547,1.38640016017752,1.7062056235892,2.08007068844832,3.03778497295047,7552.51770167779,0.999836856964492
"L[62]",1.77102776623227,0.00559927702820587,0.54195916322228,0.944505212729051,1.38743987233129,1.69105499005141,2.0728006994634,3.03450114188083,9368.48179089259,0.999742307514531
"L[63]",1.77956789575308,0.00594547543675502,0.558167614438797,0.952735379286738,1.37634989679057,1.69745004957193,2.08852756158899,3.09239030880272,8813.65589735166,0.999848238628601
"L[64]",1.77078676141233,0.00590795137418675,0.541013135261648,0.927316568061891,1.38701979937792,1.69243345609034,2.07988989842892,3.01301718726554,8385.74775544247,0.999878198278871
"L[65]",1.7795878852622,0.00619840765146264,0.54998766988941,0.946684310097958,1.3783147157819,1.70336175839246,2.09522956960957,3.04267439324958,7873.09761548963,0.999892480336129
"L[66]",1.7789121849515,0.00646668025918013,0.544030872137522,0.951433364518146,1.39932859503806,1.69737834096795,2.07138634808446,3.06828443668517,7077.57229945858,0.999849541951468
"L[67]",1.78604585738343,0.00595876059837584,0.533179914813641,0.966849508266771,1.40295248617707,1.72005238694692,2.09048563525929,3.036302085825,8006.37056657008,0.999569808162629
"L[68]",1.77939756242746,0.00581450706830642,0.546563388548537,0.952562493881794,1.3903382464975,1.69826017086355,2.07645544673622,3.0800021022851,8835.99108024593,1.00007826330835
"L[69]",1.77876820119828,0.00603487154437884,0.545370274108082,0.93263729512514,1.38580610280025,1.70461771415573,2.09008213149312,3.07720469506949,8166.70493345483,0.999444472277478
"L[70]",1.77719510713458,0.00628384220114178,0.54030763028417,0.948764634605887,1.39470232277424,1.7006451479326,2.08331042237571,3.0530705030158,7393.18647475062,1.00022511249677
"L[71]",1.78431047768252,0.00610667726218832,0.551589834580747,0.951916720702237,1.38449947531367,1.70484474238487,2.09972413169548,3.07476917020192,8158.73019310546,0.999812295226911
"L[72]",1.77511556053806,0.00542953555717471,0.543210467864542,0.949235581346823,1.3770461295206,1.69323187857637,2.08017368847129,3.06499058756317,10009.4657425701,0.999686474973657
"L[73]",1.77318882691006,0.00534557070463351,0.531600959526005,0.96135246069313,1.39222747442547,1.69567223473537,2.0744943794411,3.00571971186278,9889.70542436318,0.999825527232542
"L[74]",1.7777023927668,0.00624678897620849,0.549281908622011,0.929540516805163,1.39070994591765,1.69904275340255,2.07552961804241,3.06143701509802,7731.73427722169,0.999659143785838
"L[75]",1.79066518103509,0.00617167524694031,0.56337315032231,0.950396642046857,1.386670671021,1.71026196239771,2.0965403720715,3.09191628260491,8332.70792747993,0.999711097193499
"L[76]",1.77640101228943,0.00601167362996281,0.53243306135526,0.945225773852184,1.39937415708347,1.70696084076876,2.06256882953972,3.02472879014731,7844.02989612666,0.999839096728559
"E_scale",1.32433136757539,0.000322429085088682,0.0305413722023336,1.26457661654056,1.30329717866201,1.32426901011862,1.3447270537391,1.38579920117789,8972.40088507543,0.999757008667731
"f_crab[1]",1,NA,0,1,1,1,1,1,NA,NA
"Omega_C[1,1]",1,NA,0,1,1,1,1,1,NA,NA
"Omega_E[1,1]",1,NA,0,1,1,1,1,1,NA,NA
"lambda_Ctot_S[1,1,1]",76.552978727031,0.312512744706492,28.299543767249,35.2718699917744,56.4808547160229,72.0142019417287,91.8993232098606,143.096290274358,8200.18030638608,0.999788994580652
"lambda_Ctot_S[1,2,1]",76.9358449621367,0.355037070650192,29.5369874260493,35.2743693194144,56.5858135403005,72.1672193886481,91.2654159822668,149.216952376095,6921.25727502454,0.999739558019741
"lambda_Ctot_S[1,3,1]",76.8819803567804,0.337573420071624,28.8902271784284,35.0534950203355,56.3203675162854,72.4760207986122,91.7849076590917,148.041187974555,7324.28822691802,1.00010113946075
"lambda_Ctot_S[1,4,1]",76.9694126704766,0.347086760235206,28.9439074638215,35.4558697543549,56.3827916523599,71.9960580321521,92.0339215034252,146.036946778141,6954.05669033398,1.00008350046849
"lambda_Ctot_S[1,5,1]",101.372674661521,0.477006262025224,38.7442693800794,46.031564781911,74.6641589291365,94.4642159719788,119.69173891051,196.236465106021,6597.30846354091,1.00017891213874
"lambda_Ctot_S[1,6,1]",101.151709961418,0.457765227869637,38.5390283388695,46.4704526782117,74.1503822107935,94.1563871017133,120.476600210691,194.467538532339,7087.87289865566,0.999709576349593
"lambda_Ctot_S[1,7,1]",101.66052379653,0.470689223122747,39.1144226893364,46.7004226746449,74.9143923856382,94.7644510810721,120.051161684244,195.127080026208,6905.66234629528,0.99999588526234
"lambda_Ctot_S[1,8,1]",76.875951163303,0.335614573016369,28.9847898557941,35.4736887639195,56.4043027575408,71.7951176503072,92.0660337267091,146.964446300744,7458.62360225426,1.00000691315258
"lambda_Ctot_S[1,9,1]",76.6462107394274,0.336746440017295,28.9027665264459,35.399549614046,56.3407783264822,71.678182037853,91.7112475985813,146.451056765113,7366.6969291941,0.999577462053462
"lambda_Ctot_S[1,10,1]",77.2143412100042,0.364752514883755,29.6575042167013,36.0519290528433,56.2160629012485,71.1647439860147,92.4824701323211,147.614698650913,6611.08303275512,1.00028401624366
"lambda_Ctot_S[1,11,1]",77.5957800725409,0.35344237851902,30.1415848136682,35.5473301183429,56.3896245503945,72.4293519498865,92.4209793565686,151.099933907884,7272.68745952606,0.999760420339231
"lambda_Ctot_S[1,12,1]",101.383085698782,0.453629112536631,38.4202229703367,46.3232617173178,74.454888763274,94.8531311082942,121.014297464702,195.717177390931,7173.28233925171,0.999590843298157
"lambda_Ctot_S[1,13,1]",100.94306133034,0.437422981041076,38.359200425074,47.2131806474279,73.4416831996515,94.1118994804418,120.60743462813,196.114573712229,7690.16928319555,0.999494537004445
"lambda_Ctot_S[1,14,1]",100.73983707435,0.431057519089995,38.1558238284777,46.4406386663285,73.9186312515541,94.4649352978211,120.029946798385,192.467869390228,7835.22044171366,0.999548587388001
"lambda_Ctot_S[1,15,1]",84.4729382649404,0.369090225008397,31.501734050556,39.6675095938399,61.6126981647198,78.9356517935431,101.16886926384,159.312437211606,7284.56854900284,1.00003938711406
"lambda_Ctot_S[1,16,1]",83.8596278080132,0.386830989883101,30.8926917495643,40.4581480104353,62.2218416432816,78.4921682150327,99.0861557671473,159.69302864977,6377.77191628803,0.999798164152595
"lambda_Ctot_S[1,17,1]",84.1991694009886,0.38751947050288,31.5004268753188,39.689461983724,62.2640351611867,78.8712907606298,100.176697243908,161.130400652671,6607.63161068462,1.00069369867657
"lambda_Ctot_S[1,18,1]",84.57287871197,0.374471969744257,31.5483769750501,39.5237541253742,62.2575338111356,79.1409207677896,100.776377001867,159.973108306477,7097.66362076929,1.00028207156585
"lambda_Ctot_S[1,19,1]",110.779969710414,0.470386445612379,41.6180621614872,52.0966974785798,80.7937359636395,103.915132725527,132.949725993329,211.006396209328,7828.0593797405,1.00001570027262
"lambda_Ctot_S[1,20,1]",110.984802556765,0.499726155457946,42.0617482318628,51.7018978370871,81.1114818109623,103.43151778535,132.107883206166,213.028148546094,7084.52076156048,1.00004039548403
"lambda_Ctot_S[1,21,1]",110.23759971051,0.463011885271829,41.1396974422779,51.2790342723665,81.094869583703,103.35513219857,131.216052601994,209.631608871176,7894.7413893074,0.999838048034017
"lambda_Ctot_S[1,22,1]",84.3770267866783,0.364272378771813,31.2082530608708,39.5892295175926,62.4177725770383,78.726206349437,100.195519939743,159.650299742541,7339.83731894503,0.999615087612294
"lambda_Ctot_S[1,23,1]",83.9725193543426,0.349694507834063,30.9351338258504,38.7942762240021,62.51256980652,78.7906947401399,99.6455807833995,159.949934228275,7825.75730420504,0.999551325747807
"lambda_Ctot_S[1,24,1]",84.5834260547987,0.381009047745275,31.7079488314119,40.2615556808188,61.751734285576,79.1488852437137,100.891529787228,161.184411190349,6925.73259954811,0.999786899406112
"lambda_Ctot_S[1,25,1]",84.6129436276226,0.384756843246068,32.2541906681532,39.116507976919,61.8567128126225,78.0564803090141,101.330566189058,163.895953847513,7027.47957551199,0.999411176956878
"lambda_Ctot_S[1,26,1]",111.038057460952,0.47304620617113,41.4979196890604,51.9778044043267,81.7255211441233,103.702404439306,132.155233347366,208.908786432233,7695.65383599355,0.999707386411204
"lambda_Ctot_S[1,27,1]",110.844515610327,0.482711847956975,41.4227983988711,50.2676723514139,81.7332664667259,104.380838879533,132.092554734842,210.461913058498,7363.81642492341,0.999455349455709
"lambda_Ctot_S[1,28,1]",110.76277451409,0.466733954519569,40.624925334546,52.2507864999921,82.1754095496772,103.8496864937,132.126946291581,206.709599921922,7576.1115116797,0.999661698357683
"lambda_Ctot_S[1,29,1]",66.2733688213632,0.264877252089104,23.5241287283045,31.5346179068407,49.4800106473254,62.448607047807,79.0961238160805,122.611574086448,7887.47090053161,0.999460826051562
"lambda_Ctot_S[1,30,1]",66.4794340092602,0.271766233631085,23.9811102923564,31.5387628972006,49.3045314672755,62.6140667086579,79.4720344095218,124.913547033871,7786.59491361311,0.999527315810861
"lambda_Ctot_S[1,31,1]",66.6876906070972,0.263782293375034,24.0545904685151,31.2069746006224,49.7862902703107,62.6842222866147,79.4997292698334,126.06109361047,8315.81186212759,0.999672341204476
"lambda_Ctot_S[1,32,1]",66.3159893282215,0.259003969000203,23.9933457992248,31.2561454946457,49.2223655808702,62.4588180751876,79.1420350035809,124.154160331054,8581.61028028931,0.999599691071255
"lambda_Ctot_S[1,33,1]",87.6680391190715,0.39796343329519,32.9661543654279,40.3050303041144,64.6009967131221,81.8327504272406,104.438648065325,166.729846597169,6861.99248220296,1.00003450693847
"lambda_Ctot_S[1,34,1]",87.1816879125205,0.34907163061888,32.2011871351313,40.6035305861717,64.3758303932881,81.887644594691,104.054163470345,166.623226424717,8509.70796140227,0.999653360752656
"lambda_Ctot_S[1,35,1]",88.2381168451682,0.405489397761229,33.2526035948061,40.8418508745073,64.641954592979,82.8423978719465,105.245861950824,169.898972240945,6725.00023216268,1.00014948194114
"lambda_Ctot_S[1,36,1]",66.2763780469572,0.264463368401036,22.9195907898298,32.018211589072,49.9064662809764,62.3216540747874,78.8636555081297,120.589891239807,7510.73896769431,0.999775009986907
"lambda_Ctot_S[1,37,1]",66.5966219364708,0.29346167145951,24.1781325510912,30.9865855981011,49.1878527526067,62.6236692672715,79.5086785124515,124.365352972807,6788.01408390047,0.999579162290945
"lambda_Ctot_S[1,38,1]",66.6465358237076,0.256791384443008,23.9702962171164,32.0388180802367,49.58898092878,62.5210327628577,79.286983926256,124.834760926353,8713.36495142693,0.999556483176477
"lambda_Ctot_S[1,39,1]",66.6852232437485,0.279359349036318,23.7117176530855,32.2665051328604,49.9211715448252,62.8063431649629,78.9967097888576,124.894717028071,7204.42973259875,0.999869606171671
"lambda_Ctot_S[1,40,1]",88.118739250807,0.381108406698271,32.2897838761151,40.6087240571607,65.2513828867358,82.6248830282599,105.449231346381,164.534977658152,7178.49196812864,0.999698294563718
"lambda_Ctot_S[1,41,1]",87.1854809367542,0.35936338586481,32.3604667132518,40.518438703825,64.6176645389964,81.4263990737341,104.03195619465,165.445006857707,8108.89916838936,0.999673674214671
"lambda_Ctot_S[1,42,1]",87.3991577478414,0.371673437414316,31.9219464912262,41.4659645815732,65.1172275439598,82.1663372409675,103.881676614036,165.388028916101,7376.59062098978,1.00001497183084
"lambda_Ctot_S[1,43,1]",70.818481201137,0.340328979829317,27.944446423869,31.4313246017331,51.4331605904401,65.468383757607,84.7166553203165,139.802319985129,6742.06845309735,0.999594154511913
"lambda_Ctot_S[1,44,1]",70.8223302388341,0.325602970957705,27.3274766449326,31.91397316231,51.3857492366085,66.3155471812177,85.0155140882267,135.60592023272,7044.04863298316,0.999778123184336
"lambda_Ctot_S[1,45,1]",70.6524670891833,0.347050928642536,27.909736223856,30.7361704986749,51.6558730579761,65.6561263628868,84.4309933296809,136.340757250481,6467.33030668397,0.999526564272525
"lambda_Ctot_S[1,46,1]",70.7500109615556,0.339953159716145,27.4185857646208,31.6805935247155,51.3416428692177,65.9654455928329,84.6658315936195,137.271156796649,6505.06943410763,0.999848970479671
"lambda_Ctot_S[1,47,1]",92.6584755588014,0.425103729779523,34.4219523502726,41.9563664021115,67.6878309058787,87.4119015298348,111.921918165943,176.312629751978,6556.63741057901,0.999629086276852
"lambda_Ctot_S[1,48,1]",92.6149267519976,0.447554586824584,34.1932175524489,43.3893155459864,68.0753281358128,86.8946102105234,111.46303110457,174.774681140831,5836.97608696707,1.00008869052211
"lambda_Ctot_S[1,49,1]",92.4795982482404,0.434294990562996,34.6697705605081,41.6595133917945,67.8869692253391,86.805328041292,110.921198637561,175.769773109961,6372.82943816083,0.999939559843578
"lambda_Ctot_S[1,50,1]",70.6673668087183,0.324384596986169,27.6658222151201,30.7917142917579,51.3489527624152,66.1964159265638,84.8506006784012,136.356042960919,7273.88977004656,0.999713863356658
"lambda_Ctot_S[1,51,1]",70.7418202491625,0.343136246422915,27.184315889997,31.062357309463,51.292958405451,65.9980062364538,85.099176284954,134.490988299856,6276.29898533375,1.00008644005944
"lambda_Ctot_S[1,52,1]",70.6673227429539,0.328978431069529,26.9345257078061,31.7459767420878,51.8401501279061,66.0196525820572,84.7777466042616,133.894230790844,6703.22527089616,1.00010384526634
"lambda_Ctot_S[1,53,1]",70.1797301313518,0.349130967925215,27.3481180608661,31.1367470341826,50.8741034867782,65.1506125527328,83.9477078190617,137.122047196243,6135.89822197335,0.999811568615934
"lambda_Ctot_S[1,54,1]",92.3669759934331,0.45740633667399,34.5997971052958,42.4549648817259,67.6797047246543,86.154012291486,110.897936557001,175.379816745817,5721.93276735761,1.00186248045602
"lambda_Ctot_S[1,55,1]",92.7721396750642,0.438932975051911,35.2232029155904,41.8266814199908,68.2701299331113,86.8732043773711,111.125376223109,177.099363927462,6439.63529530342,1.00000775314216
"lambda_Ctot_S[1,56,1]",92.3723646123602,0.402387014504217,33.8930723072013,42.3355552970481,68.5620710632493,86.7560424459837,110.271147289607,175.206212077378,7094.69879273761,1.00010560527254
"lambda_Ctot_S[1,57,1]",55.4872468944583,0.256971068830346,21.1530597232139,24.5752843131777,40.3718781519742,51.7131265118402,67.1945062187542,106.306166685092,6776.07071057814,0.999820853734317
"lambda_Ctot_S[1,58,1]",55.7360292172353,0.266729756191202,21.7856750732389,25.0761295641003,40.2692353779431,51.8317203198815,66.8834951189032,109.273345621438,6671.12545555432,0.999790119232717
"lambda_Ctot_S[1,59,1]",55.771413596038,0.275743320458988,21.2028859421935,25.0332041713371,40.7802906220514,52.2729290048088,67.1820377889163,107.163193157824,5912.61978468661,0.999822944353983
"lambda_Ctot_S[1,60,1]",55.4859909837664,0.25878455965674,21.2976036568069,24.6061556823211,40.2003583276036,52.1137526309646,66.770482989426,106.521335448185,6773.05746012994,1.00041248027332
"lambda_Ctot_S[1,61,1]",73.1528259599766,0.399474802144995,28.1611730201138,32.7773089896979,53.2887010231749,68.5962916626498,88.29562426757,140.3191678307,4969.61449866303,0.999887106179738
"lambda_Ctot_S[1,62,1]",72.8689834625687,0.342609536668063,28.0625999479145,32.743135233049,52.8792960367754,68.0355115767103,87.8882834359875,140.771887410808,6708.9864566035,0.999958460674944
"lambda_Ctot_S[1,63,1]",73.2495959853775,0.38660318495853,28.9367389075702,32.8969165806022,52.2408687347698,68.6243898283636,87.699304156091,144.209682349781,5602.32521898441,0.999745360820744
"lambda_Ctot_S[1,64,1]",55.4285716479152,0.280241820965709,21.27079376891,24.4382375828471,40.4343613252006,51.7530498580685,66.393800085207,106.851512387293,5761.0480998483,0.999693895857774
"lambda_Ctot_S[1,65,1]",55.5589259613837,0.288253338130731,21.1345735478694,24.953179345125,40.5501364323584,51.9269057379736,66.3633372105818,107.543630984197,5375.74039281028,1.00025837749685
"lambda_Ctot_S[1,66,1]",55.6109109749782,0.272480845395544,21.1458021360385,25.0016942133919,40.5933541118238,52.1707937812967,66.1939014911003,106.448838872014,6022.49394688747,0.999985274166272
"lambda_Ctot_S[1,67,1]",55.9806316457686,0.288417409906204,21.3888490683655,25.0230225501522,40.8677170374429,52.4600369484006,67.2587346440114,108.373158806462,5499.60992319146,0.999458386382575
"lambda_Ctot_S[1,68,1]",73.0740666675968,0.353679319916948,27.8855865538802,33.2898070488592,53.1821524261143,68.3936040870163,87.4141417943602,141.870693352957,6216.41835939227,1.00000755396554
"lambda_Ctot_S[1,69,1]",73.1924282929462,0.357664665717534,28.4829371308939,32.3094075706892,53.3656669274856,68.6331360473013,86.997711075464,143.165194445626,6341.87192790996,0.999775673574503
"lambda_Ctot_S[1,70,1]",72.9866202401405,0.372320315417937,27.769651502883,33.0660189784694,53.5128348918699,68.289989287021,87.2791382461173,138.533536992823,5562.97862757197,1.00004176841144
"lambda_Ctot_S[1,71,1]",102.086160515424,0.625452049938886,45.2680868678082,43.3602624584606,70.9346834061428,92.8978747870107,122.390318113045,215.927879047606,5238.37084592348,1.0003860284761
"lambda_Ctot_S[1,72,1]",101.515916167954,0.598532958834435,44.613693594979,43.2804184836878,70.997242293057,92.4937944822729,121.235779979826,215.241701115073,5555.97419442866,1.00011602605915
"lambda_Ctot_S[1,73,1]",101.260420078309,0.580997012035562,43.2370554804996,43.9441272933102,71.1961890968816,92.4284082264043,122.520933340976,211.222700623825,5538.14627607904,1.00003772180524
"lambda_Ctot_S[1,74,1]",101.520990919519,0.580806821202108,44.0659774819268,42.8238760173519,70.7867585933406,92.0141480021598,121.513623357554,216.921519259065,5756.29973512099,0.999982313891276
"lambda_Ctot_S[1,75,1]",144.892812788311,1.24277793680061,102.059594174685,38.134575702914,78.3220170732546,117.244139267013,179.534035076684,424.821644072666,6744.04726054081,0.999819888993315
"lambda_Ctot_S[1,76,1]",133.183526238096,0.794771379124542,57.0982803434056,58.7354154829689,93.4660578095257,121.855620298299,158.561928191897,277.38874101284,5161.32989825164,1.00029947759887
"C_expected[1,1,1]",76.552978727031,0.312512744706492,28.299543767249,35.2718699917744,56.4808547160229,72.0142019417287,91.8993232098606,143.096290274358,8200.18030638608,0.999788994580652
"C_expected[1,2,1]",76.9358449621367,0.355037070650192,29.5369874260493,35.2743693194144,56.5858135403005,72.1672193886481,91.2654159822668,149.216952376095,6921.25727502454,0.999739558019741
"C_expected[1,3,1]",76.8819803567804,0.337573420071624,28.8902271784284,35.0534950203355,56.3203675162854,72.4760207986122,91.7849076590917,148.041187974555,7324.28822691802,1.00010113946075
"C_expected[1,4,1]",76.9694126704766,0.347086760235206,28.9439074638215,35.4558697543549,56.3827916523599,71.9960580321521,92.0339215034252,146.036946778141,6954.05669033398,1.00008350046849
"C_expected[1,5,1]",101.372674661521,0.477006262025224,38.7442693800794,46.031564781911,74.6641589291365,94.4642159719788,119.69173891051,196.236465106021,6597.30846354091,1.00017891213874
"C_expected[1,6,1]",101.151709961418,0.457765227869637,38.5390283388695,46.4704526782117,74.1503822107935,94.1563871017133,120.476600210691,194.467538532339,7087.87289865566,0.999709576349593
"C_expected[1,7,1]",101.66052379653,0.470689223122747,39.1144226893364,46.7004226746449,74.9143923856382,94.7644510810721,120.051161684244,195.127080026208,6905.66234629528,0.99999588526234
"C_expected[1,8,1]",76.875951163303,0.335614573016369,28.9847898557941,35.4736887639195,56.4043027575408,71.7951176503072,92.0660337267091,146.964446300744,7458.62360225426,1.00000691315258
"C_expected[1,9,1]",76.6462107394274,0.336746440017295,28.9027665264459,35.399549614046,56.3407783264822,71.678182037853,91.7112475985813,146.451056765113,7366.6969291941,0.999577462053462
"C_expected[1,10,1]",77.2143412100042,0.364752514883755,29.6575042167013,36.0519290528433,56.2160629012485,71.1647439860147,92.4824701323211,147.614698650913,6611.08303275512,1.00028401624366
"C_expected[1,11,1]",77.5957800725409,0.35344237851902,30.1415848136682,35.5473301183429,56.3896245503945,72.4293519498865,92.4209793565686,151.099933907884,7272.68745952606,0.999760420339231
"C_expected[1,12,1]",101.383085698782,0.453629112536631,38.4202229703367,46.3232617173178,74.454888763274,94.8531311082942,121.014297464702,195.717177390931,7173.28233925171,0.999590843298157
"C_expected[1,13,1]",100.94306133034,0.437422981041076,38.359200425074,47.2131806474279,73.4416831996515,94.1118994804418,120.60743462813,196.114573712229,7690.16928319555,0.999494537004445
"C_expected[1,14,1]",100.73983707435,0.431057519089995,38.1558238284777,46.4406386663285,73.9186312515541,94.4649352978211,120.029946798385,192.467869390228,7835.22044171366,0.999548587388001
"C_expected[1,15,1]",84.4729382649404,0.369090225008397,31.501734050556,39.6675095938399,61.6126981647198,78.9356517935431,101.16886926384,159.312437211606,7284.56854900284,1.00003938711406
"C_expected[1,16,1]",83.8596278080132,0.386830989883101,30.8926917495643,40.4581480104353,62.2218416432816,78.4921682150327,99.0861557671473,159.69302864977,6377.77191628803,0.999798164152595
"C_expected[1,17,1]",84.1991694009886,0.38751947050288,31.5004268753188,39.689461983724,62.2640351611867,78.8712907606298,100.176697243908,161.130400652671,6607.63161068462,1.00069369867657
"C_expected[1,18,1]",84.57287871197,0.374471969744257,31.5483769750501,39.5237541253742,62.2575338111356,79.1409207677896,100.776377001867,159.973108306477,7097.66362076929,1.00028207156585
"C_expected[1,19,1]",110.779969710414,0.470386445612379,41.6180621614872,52.0966974785798,80.7937359636395,103.915132725527,132.949725993329,211.006396209328,7828.0593797405,1.00001570027262
"C_expected[1,20,1]",110.984802556765,0.499726155457946,42.0617482318628,51.7018978370871,81.1114818109623,103.43151778535,132.107883206166,213.028148546094,7084.52076156048,1.00004039548403
"C_expected[1,21,1]",110.23759971051,0.463011885271829,41.1396974422779,51.2790342723665,81.094869583703,103.35513219857,131.216052601994,209.631608871176,7894.7413893074,0.999838048034017
"C_expected[1,22,1]",84.3770267866783,0.364272378771813,31.2082530608708,39.5892295175926,62.4177725770383,78.726206349437,100.195519939743,159.650299742541,7339.83731894503,0.999615087612294
"C_expected[1,23,1]",83.9725193543426,0.349694507834063,30.9351338258504,38.7942762240021,62.51256980652,78.7906947401399,99.6455807833995,159.949934228275,7825.75730420504,0.999551325747807
"C_expected[1,24,1]",84.5834260547987,0.381009047745275,31.7079488314119,40.2615556808188,61.751734285576,79.1488852437137,100.891529787228,161.184411190349,6925.73259954811,0.999786899406112
"C_expected[1,25,1]",84.6129436276226,0.384756843246068,32.2541906681532,39.116507976919,61.8567128126225,78.0564803090141,101.330566189058,163.895953847513,7027.47957551199,0.999411176956878
"C_expected[1,26,1]",111.038057460952,0.47304620617113,41.4979196890604,51.9778044043267,81.7255211441233,103.702404439306,132.155233347366,208.908786432233,7695.65383599355,0.999707386411204
"C_expected[1,27,1]",110.844515610327,0.482711847956975,41.4227983988711,50.2676723514139,81.7332664667259,104.380838879533,132.092554734842,210.461913058498,7363.81642492341,0.999455349455709
"C_expected[1,28,1]",110.76277451409,0.466733954519569,40.624925334546,52.2507864999921,82.1754095496772,103.8496864937,132.126946291581,206.709599921922,7576.1115116797,0.999661698357683
"C_expected[1,29,1]",66.2733688213632,0.264877252089104,23.5241287283045,31.5346179068407,49.4800106473254,62.448607047807,79.0961238160805,122.611574086448,7887.47090053161,0.999460826051562
"C_expected[1,30,1]",66.4794340092602,0.271766233631085,23.9811102923564,31.5387628972006,49.3045314672755,62.6140667086579,79.4720344095218,124.913547033871,7786.59491361311,0.999527315810861
"C_expected[1,31,1]",66.6876906070972,0.263782293375034,24.0545904685151,31.2069746006224,49.7862902703107,62.6842222866147,79.4997292698334,126.06109361047,8315.81186212759,0.999672341204476
"C_expected[1,32,1]",66.3159893282215,0.259003969000203,23.9933457992248,31.2561454946457,49.2223655808702,62.4588180751876,79.1420350035809,124.154160331054,8581.61028028931,0.999599691071255
"C_expected[1,33,1]",87.6680391190715,0.39796343329519,32.9661543654279,40.3050303041144,64.6009967131221,81.8327504272406,104.438648065325,166.729846597169,6861.99248220296,1.00003450693847
"C_expected[1,34,1]",87.1816879125205,0.34907163061888,32.2011871351313,40.6035305861717,64.3758303932881,81.887644594691,104.054163470345,166.623226424717,8509.70796140227,0.999653360752656
"C_expected[1,35,1]",88.2381168451682,0.405489397761229,33.2526035948061,40.8418508745073,64.641954592979,82.8423978719465,105.245861950824,169.898972240945,6725.00023216268,1.00014948194114
"C_expected[1,36,1]",66.2763780469572,0.264463368401036,22.9195907898298,32.018211589072,49.9064662809764,62.3216540747874,78.8636555081297,120.589891239807,7510.73896769431,0.999775009986907
"C_expected[1,37,1]",66.5966219364708,0.29346167145951,24.1781325510912,30.9865855981011,49.1878527526067,62.6236692672715,79.5086785124515,124.365352972807,6788.01408390047,0.999579162290945
"C_expected[1,38,1]",66.6465358237076,0.256791384443008,23.9702962171164,32.0388180802367,49.58898092878,62.5210327628577,79.286983926256,124.834760926353,8713.36495142693,0.999556483176477
"C_expected[1,39,1]",66.6852232437485,0.279359349036318,23.7117176530855,32.2665051328604,49.9211715448252,62.8063431649629,78.9967097888576,124.894717028071,7204.42973259875,0.999869606171671
"C_expected[1,40,1]",88.118739250807,0.381108406698271,32.2897838761151,40.6087240571607,65.2513828867358,82.6248830282599,105.449231346381,164.534977658152,7178.49196812864,0.999698294563718
"C_expected[1,41,1]",87.1854809367542,0.35936338586481,32.3604667132518,40.518438703825,64.6176645389964,81.4263990737341,104.03195619465,165.445006857707,8108.89916838936,0.999673674214671
"C_expected[1,42,1]",87.3991577478414,0.371673437414316,31.9219464912262,41.4659645815732,65.1172275439598,82.1663372409675,103.881676614036,165.388028916101,7376.59062098978,1.00001497183084
"C_expected[1,43,1]",70.818481201137,0.340328979829317,27.944446423869,31.4313246017331,51.4331605904401,65.468383757607,84.7166553203165,139.802319985129,6742.06845309735,0.999594154511913
"C_expected[1,44,1]",70.8223302388341,0.325602970957705,27.3274766449326,31.91397316231,51.3857492366085,66.3155471812177,85.0155140882267,135.60592023272,7044.04863298316,0.999778123184336
"C_expected[1,45,1]",70.6524670891833,0.347050928642536,27.909736223856,30.7361704986749,51.6558730579761,65.6561263628868,84.4309933296809,136.340757250481,6467.33030668397,0.999526564272525
"C_expected[1,46,1]",70.7500109615556,0.339953159716145,27.4185857646208,31.6805935247155,51.3416428692177,65.9654455928329,84.6658315936195,137.271156796649,6505.06943410763,0.999848970479671
"C_expected[1,47,1]",92.6584755588014,0.425103729779523,34.4219523502726,41.9563664021115,67.6878309058787,87.4119015298348,111.921918165943,176.312629751978,6556.63741057901,0.999629086276852
"C_expected[1,48,1]",92.6149267519976,0.447554586824584,34.1932175524489,43.3893155459864,68.0753281358128,86.8946102105234,111.46303110457,174.774681140831,5836.97608696707,1.00008869052211
"C_expected[1,49,1]",92.4795982482404,0.434294990562996,34.6697705605081,41.6595133917945,67.8869692253391,86.805328041292,110.921198637561,175.769773109961,6372.82943816083,0.999939559843578
"C_expected[1,50,1]",70.6673668087183,0.324384596986169,27.6658222151201,30.7917142917579,51.3489527624152,66.1964159265638,84.8506006784012,136.356042960919,7273.88977004656,0.999713863356658
"C_expected[1,51,1]",70.7418202491625,0.343136246422915,27.184315889997,31.062357309463,51.292958405451,65.9980062364538,85.099176284954,134.490988299856,6276.29898533375,1.00008644005944
"C_expected[1,52,1]",70.6673227429539,0.328978431069529,26.9345257078061,31.7459767420878,51.8401501279061,66.0196525820572,84.7777466042616,133.894230790844,6703.22527089616,1.00010384526634
"C_expected[1,53,1]",70.1797301313518,0.349130967925215,27.3481180608661,31.1367470341826,50.8741034867782,65.1506125527328,83.9477078190617,137.122047196243,6135.89822197335,0.999811568615934
"C_expected[1,54,1]",92.3669759934331,0.45740633667399,34.5997971052958,42.4549648817259,67.6797047246543,86.154012291486,110.897936557001,175.379816745817,5721.93276735761,1.00186248045602
"C_expected[1,55,1]",92.7721396750642,0.438932975051911,35.2232029155904,41.8266814199908,68.2701299331113,86.8732043773711,111.125376223109,177.099363927462,6439.63529530342,1.00000775314216
"C_expected[1,56,1]",92.3723646123602,0.402387014504217,33.8930723072013,42.3355552970481,68.5620710632493,86.7560424459837,110.271147289607,175.206212077378,7094.69879273761,1.00010560527254
"C_expected[1,57,1]",55.4872468944583,0.256971068830346,21.1530597232139,24.5752843131777,40.3718781519742,51.7131265118402,67.1945062187542,106.306166685092,6776.07071057814,0.999820853734317
"C_expected[1,58,1]",55.7360292172353,0.266729756191202,21.7856750732389,25.0761295641003,40.2692353779431,51.8317203198815,66.8834951189032,109.273345621438,6671.12545555432,0.999790119232717
"C_expected[1,59,1]",55.771413596038,0.275743320458988,21.2028859421935,25.0332041713371,40.7802906220514,52.2729290048088,67.1820377889163,107.163193157824,5912.61978468661,0.999822944353983
"C_expected[1,60,1]",55.4859909837664,0.25878455965674,21.2976036568069,24.6061556823211,40.2003583276036,52.1137526309646,66.770482989426,106.521335448185,6773.05746012994,1.00041248027332
"C_expected[1,61,1]",73.1528259599766,0.399474802144995,28.1611730201138,32.7773089896979,53.2887010231749,68.5962916626498,88.29562426757,140.3191678307,4969.61449866303,0.999887106179738
"C_expected[1,62,1]",72.8689834625687,0.342609536668063,28.0625999479145,32.743135233049,52.8792960367754,68.0355115767103,87.8882834359875,140.771887410808,6708.9864566035,0.999958460674944
"C_expected[1,63,1]",73.2495959853775,0.38660318495853,28.9367389075702,32.8969165806022,52.2408687347698,68.6243898283636,87.699304156091,144.209682349781,5602.32521898441,0.999745360820744
"C_expected[1,64,1]",55.4285716479152,0.280241820965709,21.27079376891,24.4382375828471,40.4343613252006,51.7530498580685,66.393800085207,106.851512387293,5761.0480998483,0.999693895857774
"C_expected[1,65,1]",55.5589259613837,0.288253338130731,21.1345735478694,24.953179345125,40.5501364323584,51.9269057379736,66.3633372105818,107.543630984197,5375.74039281028,1.00025837749685
"C_expected[1,66,1]",55.6109109749782,0.272480845395544,21.1458021360385,25.0016942133919,40.5933541118238,52.1707937812967,66.1939014911003,106.448838872014,6022.49394688747,0.999985274166272
"C_expected[1,67,1]",55.9806316457686,0.288417409906204,21.3888490683655,25.0230225501522,40.8677170374429,52.4600369484006,67.2587346440114,108.373158806462,5499.60992319146,0.999458386382575
"C_expected[1,68,1]",73.0740666675968,0.353679319916948,27.8855865538802,33.2898070488592,53.1821524261143,68.3936040870163,87.4141417943602,141.870693352957,6216.41835939227,1.00000755396554
"C_expected[1,69,1]",73.1924282929462,0.357664665717534,28.4829371308939,32.3094075706892,53.3656669274856,68.6331360473013,86.997711075464,143.165194445626,6341.87192790996,0.999775673574503
"C_expected[1,70,1]",72.9866202401405,0.372320315417937,27.769651502883,33.0660189784694,53.5128348918699,68.289989287021,87.2791382461173,138.533536992823,5562.97862757197,1.00004176841144
"C_expected[1,71,1]",102.086160515424,0.625452049938886,45.2680868678082,43.3602624584606,70.9346834061428,92.8978747870107,122.390318113045,215.927879047606,5238.37084592348,1.0003860284761
"C_expected[1,72,1]",101.515916167954,0.598532958834435,44.613693594979,43.2804184836878,70.997242293057,92.4937944822729,121.235779979826,215.241701115073,5555.97419442866,1.00011602605915
"C_expected[1,73,1]",101.260420078309,0.580997012035562,43.2370554804996,43.9441272933102,71.1961890968816,92.4284082264043,122.520933340976,211.222700623825,5538.14627607904,1.00003772180524
"C_expected[1,74,1]",101.520990919519,0.580806821202108,44.0659774819268,42.8238760173519,70.7867585933406,92.0141480021598,121.513623357554,216.921519259065,5756.29973512099,0.999982313891276
"C_expected[1,75,1]",144.892812788311,1.24277793680061,102.059594174685,38.134575702914,78.3220170732546,117.244139267013,179.534035076684,424.821644072666,6744.04726054081,0.999819888993315
"C_expected[1,76,1]",133.183526238096,0.794771379124542,57.0982803434056,58.7354154829689,93.4660578095257,121.855620298299,158.561928191897,277.38874101284,5161.32989825164,1.00029947759887
"C_expected_sum",6308.5821841266,8.37102063634373,653.040411708616,5148.2672548554,5854.03926369673,6263.48004704306,6707.57595640187,7709.12116312852,6085.87866426737,0.99987234901764
"C[1,1,1]",76.7271666666667,0.330467799904064,29.4655634916004,33,56,72,93,147,7950.07459120793,0.999743027979963
"C[1,2,1]",77.0031666666667,0.369697627303108,30.5803479855834,32,56,72,92,151,6842.1331211768,0.99977127942905
"C[1,3,1]",76.9838333333333,0.349108749418728,30.28569149214,32,56,72,93,152,7525.8147094596,0.999980402107775
"C[1,4,1]",76.9525,0.362102118709018,30.3579233644502,33,55,72,93,148,7028.81299279794,1.00002242439429
"C[1,5,1]",101.27,0.495255678830232,39.8992200169334,44,73,94,121,198,6490.37639566082,1.00019033947867
"C[1,6,1]",101.034,0.472639481143841,39.6944511517925,44,73,94,122,198,7053.41779354013,0.999633777137377
"C[1,7,1]",101.489166666667,0.49445263764425,40.2925443578258,45,73,95,121,196,6640.48789661373,0.999981750142962
"C[1,8,1]",76.7406666666667,0.347348847728128,30.2064753225881,33,55,71,93,149,7562.55209149526,0.999865244656837
"C[1,9,1]",76.626,0.353485209672568,30.313384407096,32,55,72,92,151,7354.04629887674,0.999554598926921
"C[1,10,1]",77.1473333333333,0.386774505482266,31.0080668470398,33,55,71,93,149,6427.37596176664,1.00020045061401
"C[1,11,1]",77.5445,0.372997941417232,31.5828951537756,33,56,72,93,155,7169.53529845709,0.999544811581884
"C[1,12,1]",101.412333333333,0.469012486682817,39.7866620569653,43.975,73,95,122,197.025,7196.24929138473,0.999554778583464
"C[1,13,1]",100.827833333333,0.454908013095114,39.7419899216523,44,73,94,122,198,7632.24044715397,0.999570641376981
"C[1,14,1]",100.7635,0.438768177700652,39.672083553202,44,73,94,121,195,8175.22615314786,0.999469215969994
"C[1,15,1]",84.6625,0.389549321264318,32.7849213652886,37,61,79,102,162,7083.10025213702,1.00014806710318
"C[1,16,1]",83.8346666666667,0.401288797303658,32.1066992735981,38,61,79,100,162,6401.43365702655,0.999593182038227
"C[1,17,1]",84.067,0.403951503318223,32.5253925601757,36,61,79,102,163,6483.1584561381,1.00052213151963
"C[1,18,1]",84.7041666666667,0.383331421022902,32.8684860040879,37,62,79,102,164,7352.08571637864,0.999964534177891
"C[1,19,1]",110.653166666667,0.489880723272864,42.5909404060652,50,80,104,133,213,7558.81572727677,0.999956286672078
"C[1,20,1]",111.183333333333,0.519984815358131,43.4466223127562,49,81,104,134,217.025,6981.21019319994,0.9999758946225
"C[1,21,1]",110.135166666667,0.475359531483712,42.464001560659,48,80,103,132,214,7979.89949335982,0.999889339092995
"C[1,22,1]",84.4516666666667,0.372012062366647,32.5487875014855,38,61,79,101,163,7655.18315716617,0.99963474746932
"C[1,23,1]",83.9755,0.368508162659916,32.2357993160232,37,61,79,101,162,7652.13569036727,0.999533802623536
"C[1,24,1]",84.7953333333333,0.400531993355094,33.0733490788596,37,61,80,102,163,6818.39136533051,0.99992447894465
"C[1,25,1]",84.4326666666667,0.404840322616199,33.5803673754135,37,60,78,102,167,6880.23641728767,0.999453749763543
"C[1,26,1]",110.958166666667,0.500929284342528,42.9241287635588,50,81,103,133,211,7342.60448751392,0.999691266235177
"C[1,27,1]",110.919666666667,0.503546695468611,42.8162673760129,48,81,104,133,209,7229.9968340883,0.999536829636703
"C[1,28,1]",110.473833333333,0.486965623275867,41.7924205613285,49,81,103,133,211,7365.43571897787,0.99958991347262
"C[1,29,1]",66.0448333333333,0.283325572750621,24.7741286334585,29,48,62,80,126,7645.8403547128,0.999430202001092
"C[1,30,1]",66.5091666666667,0.294004933713118,25.1274978426065,29,48,62,80,127,7304.47911967436,0.999686855169929
"C[1,31,1]",66.7811666666667,0.285811420825461,25.3662213616833,29,49,63,80,128,7876.84679144165,0.999825627768916
"C[1,32,1]",66.0516666666667,0.277864377216998,25.2811099369107,29,48,62,80,126,8278.02109170875,0.999557692307884
"C[1,33,1]",87.7956666666667,0.415085118734086,34.1184543325636,38,64,82,106,169.025,6756.22911486348,0.999875641082553
"C[1,34,1]",87.1426666666667,0.376790574618749,33.590192463384,37,64,82,104,169,7947.39728513516,0.999706540423288
"C[1,35,1]",88.3408333333333,0.431299119524198,34.4598497701299,39,64,83,107,172,6383.65806626831,1.00014299573497
"C[1,36,1]",66.2365,0.281477438058238,24.2961097964648,29,49,62,80,124,7450.51518191014,0.999789526232885
"C[1,37,1]",66.693,0.311620033873359,25.5985083863351,29,48.75,63,81,129,6748.05446047127,0.999457228378215
"C[1,38,1]",66.698,0.280126307996089,25.4060433855166,29.975,49,62,80,126,8225.57517811928,0.999676991901209
"C[1,39,1]",66.7931666666667,0.305865576166369,25.1354799443117,30,49,63,80,127,6753.25518661165,1.00008058126526
"C[1,40,1]",87.9676666666667,0.389760322448023,33.4655137615443,38,64,83,106,168,7372.24469323071,0.999611593054913
"C[1,41,1]",87.2718333333333,0.381261430535686,33.9337765385844,38,63,81,104,170,7921.70462751911,0.999580977196761
"C[1,42,1]",87.4558333333333,0.394577988344885,33.3443302031746,38,64,82,105,170,7141.31660154752,0.99981972143586
"C[1,43,1]",70.5563333333333,0.357869642640937,29.1319458945128,29,50,65,85,142,6626.57732552736,0.999565087448199
"C[1,44,1]",70.6218333333333,0.346279690409101,28.6057838869028,29,50,66,86,137,6824.23015398362,1.00001222306221
"C[1,45,1]",70.7351666666667,0.358989472529811,29.0148641279307,28,51,66,85,140,6532.47349725612,0.999564619487133
"C[1,46,1]",70.6461666666667,0.353171535596638,28.5707662378778,29,50,66,86,139,6544.43846205789,0.999679356949089
"C[1,47,1]",92.576,0.435736155684841,35.4085326538315,39,68,87,112,178,6603.41610429358,0.999563362404962
"C[1,48,1]",92.6833333333333,0.452332692915258,35.3846822063544,41,67,87,112,177,6119.48173546767,0.999950403939477
"C[1,49,1]",92.4926666666667,0.444215684258607,36.0436883628839,39,67,87,112,179,6583.70973470808,0.99995000060103
"C[1,50,1]",70.768,0.35259655226464,28.998367659022,29,51,66,86,140,6763.80347990646,0.999529842025764
"C[1,51,1]",70.845,0.362467957529825,28.3754031204911,29,51,66,86,138,6128.368040292,1.00012714314645
"C[1,52,1]",70.6036666666667,0.34256115690933,28.2358365137785,29,50,66,86,138,6793.9928264173,1.00028909634547
"C[1,53,1]",70.1951666666667,0.371729078881636,28.4886411940807,29,50,66,85,140,5873.41110192358,0.999894828789379
"C[1,54,1]",92.3555,0.469198916107445,36.0163756686138,40,66,86,111,178,5892.31579861756,1.00147264108443
"C[1,55,1]",92.9148333333333,0.458867193370703,36.7188047882335,39,67,87,112,181,6403.28828200925,0.999874682382618
"C[1,56,1]",92.3416666666667,0.424420348757987,35.26488620789,39,67,87,111,177,6903.8695677236,0.999913913074176
"C[1,57,1]",55.4481666666667,0.280414544607016,22.6755229971899,22,39,52,68,111,6539.03336367785,0.999838152476731
"C[1,58,1]",55.9125,0.283127306624398,22.9760562385435,23,39,52,68,112,6585.48031744174,0.99965653128642
"C[1,59,1]",55.7376666666667,0.288834202860438,22.4204882701351,23,40,52,68,109.025,6025.49725864834,0.999831524571669
"C[1,60,1]",55.558,0.274480395285537,22.5331517211363,22,40,52,68,109.025,6739.39980263258,1.00055957653364
"C[1,61,1]",73.131,0.406532545728564,29.2387127404825,30,52,68,89,142,5172.80203197837,0.999711193666011
"C[1,62,1]",72.8108333333333,0.359139083758687,29.2931174583262,30,52,68,88,145,6652.82110465493,0.999850575770809
"C[1,63,1]",73.3508333333333,0.411253184049524,30.1405566996572,30,52,68,89,147,5371.35667951789,0.999922479967204
"C[1,64,1]",55.3708333333333,0.290761787680103,22.4521490984437,22,39,52,67,109,5962.6754945473,0.999704593049961
"C[1,65,1]",55.5486666666667,0.292807055574564,22.4000727401799,23,40,52,67,110,5852.42399735678,1.00023908707991
"C[1,66,1]",55.6185,0.291310175682005,22.4257242900868,23,40,52,68,110,5926.27290270753,1.00050988581298
"C[1,67,1]",56.0505,0.29765991622194,22.8614972772919,23,40,52,68,112,5898.86735435077,0.999478418918001
"C[1,68,1]",73.1178333333333,0.369456187062824,29.2211440772332,31,52,68,89,144,6255.59384307903,0.99979286575466
"C[1,69,1]",73.2071666666667,0.372253242291966,29.8010950500691,30,52,69,89,145.025,6408.95861339489,0.999990800875161
"C[1,70,1]",72.9978333333333,0.391822715031269,29.080212718746,30,52,68,88,143.025,5508.27911647367,0.999871744960026
"C[1,71,1]",102.273166666667,0.631584557786867,46.6162138302851,41,70,93,123,219,5447.67246768196,1.00028965948998
"C[1,72,1]",101.494333333333,0.618473168854805,45.8661594786371,40,70,92,122,219,5499.75099166737,1.00016160604905
"C[1,73,1]",101.396166666667,0.602821260790334,44.1044565301496,41,71,92,123,214,5352.88394876008,0.99997369409741
"C[1,74,1]",101.547,0.590040976165764,45.2967779282564,40,70,92.5,123,219,5893.45912376895,0.999991341069529
"C[1,75,1]",144.961666666667,1.25345542188841,102.895824934836,36,78,117,180,426,6738.72479116121,0.999817886458866
"C[1,76,1]",133.121166666667,0.821150836940332,58.3494638246745,55,92,122,160,279,5049.26145690318,1.00025966005845
"C_sum",6308.54,8.36396091460126,657.758164297829,5136.95,5852,6269.5,6710,7718,6184.55570274152,0.999909063588232
"E[1,1,1]",54.7070152544268,0.216418644589706,19.4125897039318,26.2421297688194,40.8487466537249,51.577182260647,65.3569688395585,100.439943294337,8045.95511750903,0.999625492836364
"E[1,2,1]",54.9695420998953,0.239499333777829,20.2033359214738,26.2726888566747,40.9388811137154,51.5424969128675,65.0371892634982,104.87972833734,7116.02639845688,0.999772819924344
"E[1,3,1]",54.9323907877706,0.230110141957408,19.8168840177815,26.0797840350756,40.9593912628286,51.8671781426051,65.2366959086065,103.191192973732,7416.50364494504,1.00044520835518
"E[1,4,1]",55.0005093000971,0.238487690883344,19.8280459066207,26.5237551480475,40.9386987135441,51.6000678376163,65.9522897556553,101.968566179194,6912.38460396609,1.00010413563021
"E[1,5,1]",88.5782807415286,0.39582938640675,32.6795425791086,41.7771771173688,65.8778612010685,83.1276021490383,104.109287213738,168.801487213163,6816.0987188342,1.00012382991296
"E[1,6,1]",88.4281723763469,0.380007858405079,32.5836579452768,41.6449288327318,65.179130828785,82.7449663663517,105.146702633385,166.601580275367,7352.15273360831,0.999644576318773
"E[1,7,1]",88.9102864303898,0.397788895688797,33.3104030306405,41.8308735550172,65.8970937308874,83.075506160381,104.51745536351,169.708531203953,7012.20273049745,0.999820899974723
"E[1,8,1]",54.9187577141434,0.230706613666454,19.7819604678758,26.2907594467994,40.6566750288916,51.7025886649308,65.5241031583265,102.590509722086,7352.22128825123,0.999887962591101
"E[1,9,1]",54.7933434423,0.225444871780292,19.8224682161835,26.236472425007,40.819019637461,51.2723080776868,65.0185248028673,101.908214560982,7730.98336367677,0.999499956629944
"E[1,10,1]",55.1946622727578,0.249861169849904,20.4202004656442,26.2602076844357,40.7469075576485,51.4383539012384,65.1843758480396,103.371612212993,6679.16949401175,1.00019895189737
"E[1,11,1]",55.3876430405578,0.2389686311302,20.4084256246002,26.3021164250002,40.9619958241822,51.9103576845393,65.6822936532046,102.41606001033,7293.52060850093,0.99974386142011
"E[1,12,1]",88.5816116334998,0.380865488752509,32.3997272471902,42.0125852370802,65.8404944252639,83.1627301873179,105.430124662353,165.479435958906,7236.68159519206,0.999597394945664
"E[1,13,1]",88.2795810044784,0.368497893293412,32.6373730580775,41.4684208593544,65.0482128359001,82.6010856557029,105.157128265537,167.87962037628,7844.41158951363,0.999489553918884
"E[1,14,1]",88.0407681274872,0.357797769994714,32.2544979792159,42.0641178753988,65.4359750936677,82.7044469454061,104.678053316066,165.597603356275,8126.53321213756,0.999505574104355
"E[1,15,1]",53.7808923252889,0.220408668288371,19.2668227085151,25.9345072372988,39.9228556894426,50.6339596633215,63.8628260396042,99.6822514979369,7641.2227672229,0.999841986370812
"E[1,16,1]",53.3889696034075,0.238955977232337,18.9812333154733,26.8531812807355,40.2173090710877,50.0535559189538,62.9006639612483,98.6833767491667,6309.76316163398,0.999857110040741
"E[1,17,1]",53.5522878840641,0.226664947174142,19.0383667052386,26.044717485213,40.0459615282234,50.3575258178042,63.5737269176049,100.123131704197,7054.89652870936,1.00060931030365
"E[1,18,1]",53.7805044085736,0.225949454856732,19.0825868193865,25.7931298878896,40.2631994192098,50.5751105876732,63.8165429546132,98.6265929124237,7132.66616953387,1.00066803215765
"E[1,19,1]",86.154111695934,0.342417493490184,31.0871077727689,41.1923303810707,63.8097874334326,80.9480723085161,102.44835067207,160.286681880831,8242.30630215259,0.999694696512112
"E[1,20,1]",86.2702577412439,0.372321481417346,31.3188375659463,41.7574416752577,64.0278950098975,80.8942094708757,102.531158944278,162.621983302969,7075.79237332823,0.999827058947642
"E[1,21,1]",85.7147102029582,0.344048129973727,30.7093704424325,41.3247272402033,64.0104611726708,81.1755923570375,100.965302026524,160.379486595041,7967.15787802796,0.999592439051371
"E[1,22,1]",53.6947156209731,0.214605797313545,18.9587417259298,26.2663472788211,40.1969534960017,50.3747581449417,63.6373221498777,99.1650209404947,7804.33891523847,0.999759185046918
"E[1,23,1]",53.4592235731655,0.211969451542748,18.9406298846499,25.51461278273,39.9650022049654,50.7509547574723,63.2578988336035,99.3059501968566,7984.39994844249,0.999548943461111
"E[1,24,1]",53.7713988694789,0.227835915803853,19.1692417065145,26.4249470211511,39.9853781065488,50.7247748630323,63.7059396546585,100.3627979333,7078.89536987858,0.999719731248783
"E[1,25,1]",53.8490174726217,0.226718948009974,19.725232210579,25.474610442641,39.9069907944569,50.2517868828629,64.1976726214299,101.617597022611,7569.5247542334,0.999370906821035
"E[1,26,1]",86.3319937452186,0.350794395897042,30.925200209926,41.6217811797946,64.5970245145766,81.2511063012805,101.996942187424,160.00005447006,7771.76654624822,0.999661241086946
"E[1,27,1]",86.2026343642664,0.360568171632094,31.1185801094136,40.7444582870484,64.4592958669198,81.3767202704567,102.102134628933,159.944268703333,7448.43050117836,0.999412684044679
"E[1,28,1]",86.1525470412182,0.350520684746307,30.5022138701902,42.2436962541216,64.6928038477452,80.8929539622239,101.752420511793,159.114618502911,7572.43267648913,0.999641505392423
"E[1,29,1]",48.9905442716085,0.193953951213818,16.8802540624373,23.9964145233624,36.9527263515624,46.2191674564774,58.2682778325105,89.2989054743365,7574.61728930092,0.999449803041262
"E[1,30,1]",49.1359964422611,0.195125226636628,17.1539645211825,23.7952982554942,36.8774280417765,46.3630918724962,58.5502119263846,90.1658792937815,7728.62390692102,0.999528153311046
"E[1,31,1]",49.2782179372943,0.18999050130592,17.1792907116394,23.7452682824212,37.2173308106055,46.5083208991546,58.22934915558,91.7303832456219,8176.10914997143,0.999763567111617
"E[1,32,1]",49.0096537357199,0.183131839543801,17.0506393655409,23.7453551917114,36.6150577936264,46.0386964602561,58.5039637782025,89.9658133621117,8668.69298241541,0.999749978538413
"E[1,33,1]",79.0500305268206,0.340150894157982,28.3649822694621,37.0450571958362,59.123218064183,74.2849554907229,94.121590345786,148.151777532225,6953.79364849685,1.00021153181278
"E[1,34,1]",78.715405600732,0.317938704659075,28.1852600903802,37.7463663615342,58.8021437850459,74.1668236046138,93.4040170960671,147.982753831988,7858.81911077228,0.99966781972365
"E[1,35,1]",79.6015594984924,0.360015000186411,28.9100778314221,38.3313784911053,59.0426974487639,74.9600620396716,95.0778930639243,148.735203706835,6448.47958582504,1.00018779158435
"E[1,36,1]",48.9756520830299,0.185436597148742,16.2948825487183,24.4598084549854,37.3587251491935,46.4524644231025,57.9466134699473,88.0258415702837,7721.6759259882,0.99986107037818
"E[1,37,1]",49.1962427561706,0.207225501797853,17.2064582744676,23.6419587547047,36.9370746770296,46.5569199875988,58.3966144355202,90.306620061563,6894.40150273506,0.999516057584263
"E[1,38,1]",49.235347622216,0.184577061166821,17.0528194524712,24.2441529069109,37.0192907419589,46.4147235287819,58.4241042956593,89.5212864765133,8535.65659256181,0.999539950512
"E[1,39,1]",49.3283216897776,0.195087251936715,17.0799037260022,24.0835881788937,37.2544527966754,46.5077752941774,58.5498715010521,89.2700869824706,7665.01580070507,0.999763508008872
"E[1,40,1]",79.5005785504938,0.32833941916656,28.0329947363991,38.0474311473791,59.6626158566303,74.7143546967344,94.466124546564,146.497289852268,7289.41942543276,0.999618561598169
"E[1,41,1]",78.7287008497389,0.318016228260136,28.4112436504013,37.6526614016139,59.1481138805152,73.5890244776034,93.219814368806,146.871267360326,7981.452332845,0.999702263981208
"E[1,42,1]",78.8789875708653,0.317387024647782,27.7269103000223,38.2218660160761,59.4433215189944,74.3501519507051,93.1781837878516,146.069415545456,7631.75849475203,1.00020627048495
"E[1,43,1]",44.6719198858603,0.203672642572597,16.6916543044701,20.6625757475737,32.9489774632924,41.6367955230006,53.7022241274159,84.3883302201761,6716.35072502699,0.999594547599492
"E[1,44,1]",44.646138681413,0.191272667936819,16.2565572736503,20.5226820440162,33.1637663167393,42.0733457688069,53.2410077564451,83.0765405110932,7223.56068586709,0.999812798177705
"E[1,45,1]",44.530720614608,0.205299626382194,16.5531589687585,20.6554626071476,32.9488243731259,41.8847817715377,52.5963260372118,83.9851084132057,6501.07915111208,0.999479296281424
"E[1,46,1]",44.6453255410377,0.202637576309925,16.5009632127627,20.405155031194,32.8645759109694,42.0653540891761,53.5207147531045,84.8154868965383,6630.99388596107,0.999869371301905
"E[1,47,1]",71.5967210413139,0.318360655647829,25.9110859632135,33.2382058867637,52.8721761821448,67.406894602099,85.680964691822,133.597980954692,6624.18494671007,0.999608815501011
"E[1,48,1]",71.5074088215003,0.331849647894798,25.4083100123636,34.7224928483218,53.2502471066372,67.1981655835227,85.248483924055,132.384698474598,5862.31076635231,1.00017122616063
"E[1,49,1]",71.3733172979805,0.322177838426628,25.6633528969445,33.1469789701832,53.1230493684612,67.4831646094163,85.2913023861119,131.368802383776,6345.05608383043,0.999869278390537
"E[1,50,1]",44.5364735596517,0.190837499747035,16.3661270615919,20.2298445772561,33.0152888737905,42.0783566619243,53.4192735341302,83.8816347512494,7354.69049392516,0.999649166090953
"E[1,51,1]",44.6396144874169,0.204522353645225,16.359127721483,20.5380339404049,32.9738526960703,41.8382900260721,53.6657653093742,83.2031637574533,6397.91877707525,1.00016583444213
"E[1,52,1]",44.5695775504658,0.195303474864372,16.0878832015236,20.498384880667,33.3121847964941,42.0726067449116,53.1651673647577,82.7929708185617,6785.43771647804,1.00023892974929
"E[1,53,1]",44.2547482682947,0.202669672148718,16.3887017508801,20.9164051670475,32.7873715778701,41.5459882101863,52.6946967322868,84.0947329840648,6539.00355879053,0.999869758796379
"E[1,54,1]",71.3233178477895,0.330645133969381,25.727598911639,33.5631353878224,52.8008487630382,67.0310643144064,85.7742195925843,131.477066527151,6054.44365395477,1.0017423158947
"E[1,55,1]",71.5906646993938,0.320203534908818,26.0444127597408,33.1851541923675,53.1463333767908,67.657717078735,85.6570474394239,133.875201010491,6615.71663275195,0.999951953686983
"E[1,56,1]",71.3448771610925,0.295973332441572,25.2756683654831,33.8242030648946,53.2907070052368,67.707706727785,84.9789649285934,131.164192034207,7292.89787862265,1.00011808798036
"E[1,57,1]",43.4015550373554,0.18454126342711,15.7696285646525,19.6709719576542,31.8790174193341,40.790134689586,52.3487208578131,81.3643564774108,7302.23741813899,0.999849868541839
"E[1,58,1]",43.5868703064482,0.193280419805858,16.1924233987498,20.2950322234732,32.0940963684039,40.6023849275088,52.3579602084613,82.8430234051568,7018.55943492337,0.999994588192917
"E[1,59,1]",43.6605447261573,0.193675748726949,15.9254479633169,20.2771523171182,32.2972605556993,41.1312525269818,52.1752173670746,82.4929962308735,6761.34081247895,0.999637061518848
"E[1,60,1]",43.4162042469727,0.191779827703329,15.9714444469055,19.8398649580414,32.0075084740093,40.9210687819675,51.9177412687643,81.340755782493,6935.57611365645,1.00052486941824
"E[1,61,1]",69.9746882849108,0.347956926073118,25.9032230969253,32.0337009875983,51.4211651421281,65.7143438115642,83.4215951356302,130.845422543463,5541.87391726235,0.999884913054637
"E[1,62,1]",69.6687970964017,0.302772498447748,25.7948431889535,32.2112186162611,51.1916738009738,65.4184600727491,83.3325395380598,133.3922390069,7258.26691580172,1.00024417848145
"E[1,63,1]",70.0113493848727,0.320175929836908,26.4164075343201,32.4151321829533,51.048274285221,65.6407147663316,83.3023396614449,133.864739307166,6807.22574309849,0.999821959949801
"E[1,64,1]",43.3970833040799,0.202030955374162,15.9981590167493,19.6585517530134,32.0633240888296,40.7974048377944,51.8301533475112,81.6069794875119,6270.52903786986,0.999807713769282
"E[1,65,1]",43.5111087443046,0.21108794671039,15.8875414734558,20.2731082320751,32.2269153984707,40.9462563263363,51.9662064640152,81.7432696369663,5664.82533397034,1.00029708802487
"E[1,66,1]",43.5566648274326,0.204655010194666,16.0088816963155,20.2382313490205,32.1385458927312,40.9992829360936,51.8235463276754,81.5758382235982,6118.95456151674,0.99987697919162
"E[1,67,1]",43.7560783583269,0.202652736581023,15.8613461964851,20.3981293826441,32.5612850179989,41.1745395589129,52.2966912594556,82.1584609905035,6125.97391444447,0.999514139530475
"E[1,68,1]",69.8712845054167,0.308144008223678,25.457583137272,32.6362445885199,51.5699711969169,65.4235147303731,83.9151182587531,130.109281362362,6825.38080293047,1.00031970789351
"E[1,69,1]",69.9807134414273,0.309714666033314,26.137322167177,32.1258922725366,51.6234007568182,65.7360697853368,83.2707600520392,132.670808731195,7121.94539699531,0.999846832033547
"E[1,70,1]",69.8343552076247,0.321817674848349,25.5597891910475,32.6088140447417,51.7170225893628,65.8991546876325,83.1174168053395,130.975254647319,6308.0445195758,0.999827676645459
"E[1,71,1]",60.340955507459,0.354143359456792,25.4736809441203,27.2377065809685,42.8306748274007,55.3510479640283,71.9257477320634,122.510769339956,5173.98546687794,1.00071927056858
"E[1,72,1]",60.0475248882009,0.327875370033944,25.3890268680374,27.033483483248,42.7616715317243,54.9658725414055,70.7525992265448,125.731519059818,5996.1780863952,1.00022281165692
"E[1,73,1]",59.8692992848514,0.316834708461265,24.3532595427601,27.5547131232099,42.8091593478039,54.9558600750682,71.3549843035212,121.435565764721,5908.111619435,1.00018993243564
"E[1,74,1]",60.048456091202,0.322750496912023,24.9457599657195,26.6925192926787,42.7745259466304,54.9162287366438,71.572739692109,124.250776189943,5973.92325552251,1.00023284843684
"E[1,75,1]",113.535159808003,0.944803996625813,77.1746209595586,31.4237755041354,62.9173736190207,93.5323421269634,140.742561598583,315.978690051978,6672.14639723035,0.99996844358992
"E[1,76,1]",96.3559740989485,0.529792743984858,39.4328163017405,44.0067598617164,68.862240118608,88.7257308538966,114.155843913895,196.389790834787,5539.92109792955,1.00047508357616
"E_sum",4787.50656051753,5.8195862439237,448.13559434329,3981.79639286948,4485.90258897861,4756.48248144526,5060.54312857666,5738.74692535741,5929.72650833802,0.999809891766844
"R_G_out",1.32433136757539,0.000322429085088682,0.0305413722023336,1.26457661654056,1.30329717866201,1.32426901011862,1.3447270537391,1.38579920117789,8972.40088507543,0.999757008667731
"R_G_boat_out",4.56553557008869,0.0294618412594547,2.45586225026326,1.45572299507333,2.8523993827207,4.03370799275595,5.68527223395126,10.8422881171797,6948.45479740386,0.999630528264379
"kappa_OSP_out",3.13674528243675,0.0101047237815315,0.953375594069202,1.67257857786096,2.45171087217365,2.99701290502679,3.68180582146552,5.3786728688576,8901.82735927239,0.999454887841108
"f_crab_out[1]",1,NA,0,1,1,1,1,1,NA,NA
"sigma_IE_out",0.200062693145104,0.00211454753646857,0.201962422540115,0.00529175605369043,0.0568864949458339,0.137452427899944,0.277785905447429,0.734575108682335,9122.33962872672,0.9999272065689
"B1_C_out",-0.200186549462701,0.000856659335389674,0.0850750617363771,-0.367059315078638,-0.257412503276201,-0.20063835789215,-0.143040607907728,-0.0329623150137483,9862.52783572552,0.999544100239639
"B2_C_out",-0.0868380849765663,0.00216037433014066,0.198403801756847,-0.473804404208029,-0.221151038796719,-0.0869650562775564,0.0448686069355954,0.309479407728215,8434.16247283489,1.00002163532965
"B3_out",-0.0213793932414858,0.0106896523880143,0.979876275679732,-1.97200424655931,-0.690931623845013,-0.0185865254102978,0.657535016242737,1.84821198573044,8402.63154337494,0.999746238066496
"gamma_C_out",-0.00499208864150418,0.0100070094585571,0.980873268961974,-1.91969535296334,-0.670465488181814,-0.000187965811964296,0.662198982049621,1.87028321136818,9607.65009213161,0.999925500131055
"L_out[1]",1.77385454933769,0.0058356126959823,0.538640198930331,0.942253587476458,1.38255402303583,1.69768178156115,2.08242386629732,3.00507745537158,8519.70589165947,0.999563168802366
"L_out[2]",1.78058171823794,0.00646238118757954,0.554615838156242,0.9440208569043,1.39187683565561,1.70579753016976,2.08015265207107,3.0520698594908,7365.45180300933,0.999841560768729
"L_out[3]",1.77939562118485,0.00642924928600429,0.546161559643555,0.951252220271085,1.39624400431952,1.69736474563978,2.08420433601558,3.00928715410857,7216.41880342485,1.00115656451346
"L_out[4]",1.78351978763259,0.00636334981256489,0.549554305960244,0.950914788151245,1.38766139815108,1.70827590703356,2.08640488384145,3.05278795455292,7458.46804537237,0.999967130165075
"L_out[5]",1.7850701183993,0.00623005961502326,0.549676485056448,0.942967621536876,1.40116176886685,1.70511414391866,2.08762692449665,3.10652985382734,7784.48546374304,0.999857438309924
"L_out[6]",1.78242382132362,0.00601557053300389,0.553300844992373,0.924042174772791,1.38991845876889,1.71078292307065,2.07912483086222,3.10680232779429,8459.97384436315,0.999780889489338
"L_out[7]",1.79005853311975,0.00596644674285675,0.554778258768728,0.955446559607316,1.40620880706729,1.713667451043,2.0809731128003,3.09221178277969,8645.84269243294,0.999773888526591
"L_out[8]",1.77893565197945,0.00596647223756395,0.54177984126403,0.937647434684834,1.38782885145892,1.70155640103542,2.08745190420702,3.01856580616496,8245.37543189385,0.99959741371859
"L_out[9]",1.77548099727256,0.00567068363366401,0.546733784553184,0.927627499731864,1.39264201477677,1.70408548855184,2.07584341437983,3.0806167311945,9295.67614985999,0.99957796073187
"L_out[10]",1.78985702926875,0.00645751847945841,0.567691183598236,0.944979570840553,1.37941234145036,1.69841596747888,2.10849550312658,3.13123122038205,7728.46036116328,0.99973054096466
"L_out[11]",1.79428254502229,0.00617763877911911,0.557160078030831,0.949908458606791,1.39663356511921,1.71198609019701,2.10309855296788,3.09184775695066,8134.20212839236,0.999822104985288
"L_out[12]",1.78727192006683,0.00602367770154184,0.555863095156742,0.939097334956331,1.39251821150364,1.71062437063977,2.09546656745802,3.1028381977264,8515.54070235563,0.999668518450838
"L_out[13]",1.78005964460442,0.0060296486158712,0.555702739712986,0.943626266975672,1.38441316480916,1.69583116092144,2.08256155075276,3.11282011918602,8493.7811745407,0.999511108116629
"L_out[14]",1.77656391183129,0.00584504463445048,0.552252205902275,0.933426475131193,1.38426910392979,1.6946557217581,2.08978542731499,3.08003737507388,8926.87091385351,0.999437114120894
"L_out[15]",1.77983451441087,0.00593129339457504,0.54459702496241,0.944054101054993,1.39037935048863,1.7011632621249,2.09028039806808,3.02925015729724,8430.46859157471,0.999699323386905
"L_out[16]",1.76823436532578,0.00602200265488111,0.529019153142559,0.960235758508361,1.39121035397366,1.69103487253277,2.06220396930993,3.02427178325703,7717.22045267476,1.00001472230823
"L_out[17]",1.77333512469678,0.00597909295691499,0.539020508029316,0.951667030287456,1.38229618204366,1.69548250600538,2.06700368081554,3.03457907775784,8127.18165816535,1.00007552988406
"L_out[18]",1.78056098359306,0.00584499345453614,0.538687392902204,0.939417997252833,1.3948389373825,1.70486924010606,2.08191313711816,3.03919645117161,8493.86912672945,1.00031943756991
"L_out[19]",1.77631090303617,0.00562033008678857,0.545852260508581,0.948651616849865,1.38697953051171,1.69721506341456,2.09368262925233,3.05040089868804,9432.49493620075,0.999991458297722
"L_out[20]",1.78014671515835,0.00637913137579031,0.5608440719161,0.952390752653804,1.38368075370022,1.69240393681462,2.08032274851134,3.09339347147602,7729.67394514234,0.999855466149303
"L_out[21]",1.76728065558624,0.00582638211731106,0.540467850877007,0.932999297100062,1.37969918219735,1.69782744399378,2.06521083601112,3.05280474255514,8604.8202603591,0.999725339630407
"L_out[22]",1.77955857370338,0.00571915839801351,0.542322401843363,0.9502729079658,1.39388092132646,1.69961251478105,2.08244682499794,3.04672090397771,8991.88696271993,0.999514734412826
"L_out[23]",1.77037658594306,0.00556728197609987,0.538723754319316,0.947277222240814,1.3816330809182,1.7026020068102,2.06505480832056,3.06089340425226,9363.66385286286,0.999642545515882
"L_out[24]",1.77964526738688,0.00620783977622245,0.540792123947177,0.96046206257419,1.3901251172741,1.70400799311819,2.07789080589644,3.04482301396499,7588.91550315207,1.00002354773548
"L_out[25]",1.78549659242033,0.00610727249286777,0.574043475579108,0.930127407250589,1.38561111614214,1.69477491939786,2.08739862666493,3.14853190089849,8834.76445315115,0.99948165103534
"L_out[26]",1.77921569317843,0.00577349051635975,0.542580783951535,0.947741845842509,1.40217052027884,1.70433257594373,2.07174040466989,3.11149238950703,8831.85446373832,0.999714222587059
"L_out[27]",1.77506221245469,0.00578916093019403,0.54226168517485,0.948251460897961,1.39515459675137,1.6935716728699,2.07044913712287,3.05097279320096,8773.77703823737,0.999433325344465
"L_out[28]",1.77672423118407,0.00571476029602902,0.534901497914123,0.944291584198412,1.39155938845906,1.70341563735999,2.07200612151575,2.99871407873166,8760.95784476137,0.999579606077078
"L_out[29]",1.77269470505723,0.00581880117653813,0.538080784619578,0.947368559221014,1.38942062135613,1.69070639454481,2.08121708551027,3.02899558016027,8551.21706105905,0.999581540389501
"L_out[30]",1.77705926375517,0.00607376440698805,0.547357234123141,0.943459150796039,1.37616912739642,1.69736574644844,2.08512946042624,3.07059480906927,8121.30535874223,0.999578024030307
"L_out[31]",1.78390191458145,0.00585141695514502,0.55293399341282,0.941037163853484,1.38986240382224,1.70036806028083,2.0849755167367,3.09249696000634,8929.44546558611,0.99967931350208
"L_out[32]",1.77489563398943,0.00539801573696044,0.553008035920684,0.923233759391757,1.37331117281292,1.69535835159936,2.09128169315826,3.08322454438995,10495.2935884715,0.999783577097458
"L_out[33]",1.77687151416961,0.00651985128612178,0.550254400153614,0.93493133648711,1.38723024357056,1.69406730726181,2.07963003440735,3.12257328454026,7122.81506408365,1.00035419698814
"L_out[34]",1.76883130916037,0.00577547939318246,0.546844938155093,0.936594162137212,1.38125500050641,1.69091667109848,2.06194058730827,3.09464187288138,8965.04173363529,0.999522837868065
"L_out[35]",1.78790637184102,0.00644160292283684,0.559374815781866,0.952497054093946,1.39171746789253,1.71179528898808,2.09076123854704,3.12365064096637,7540.80861776197,0.999782935477687
"L_out[36]",1.77561563152365,0.00591697240282058,0.531463841616887,0.952504771490582,1.3967796087022,1.69914404397529,2.08500147460188,3.02674725368347,8067.67430903058,0.999633706274482
"L_out[37]",1.77974468779884,0.00632750317066796,0.548449618343967,0.937933552338996,1.38421678859151,1.70134258258392,2.09690419184769,3.07814585821406,7512.91948001938,0.99953155228768
"L_out[38]",1.78140024852264,0.00574999782460913,0.541133952214831,0.946198803371592,1.39007295403064,1.70168178884367,2.09544222430414,3.04679813141355,8856.74633826176,0.999722889445295
"L_out[39]",1.78666972940857,0.00614292239697891,0.553258567867516,0.941725444170447,1.39565680031455,1.70526707621535,2.07512961559164,3.0785523819712,8111.59462071913,0.999466962102457
"L_out[40]",1.78804221124625,0.00607814100618115,0.547955724225512,0.945900484437867,1.39389852581042,1.7114813250781,2.09513970446905,3.08671083094467,8127.35807433082,0.999698771746998
"L_out[41]",1.77053040236689,0.00620474684938521,0.557761119160421,0.932422614501414,1.37700877271728,1.67928111177809,2.0649814483763,3.10712800989627,8080.68801086834,0.999543285585377
"L_out[42]",1.7738976457295,0.0058995635219257,0.539367662382293,0.945120415623921,1.3964110417081,1.69724649312918,2.0620616565856,3.08605589886983,8358.53271368086,1.00012526733838
"L_out[43]",1.78101042095054,0.00632168302727009,0.55932514234614,0.943276717711138,1.38765612986813,1.70615500229165,2.07664510572273,3.08052966186859,7828.22412366162,0.99959591784108
"L_out[44]",1.78233531930456,0.00581340452811569,0.55103738465726,0.944064334625588,1.3898393420529,1.70530753731064,2.09469250785862,3.06005183242692,8984.64742542938,0.999386669751624
"L_out[45]",1.77666281542131,0.00613105095875401,0.555268040125996,0.943831942446488,1.37907163049977,1.68967474270313,2.08694411761922,3.0977114044565,8202.2972289125,0.99946287740615
"L_out[46]",1.77739390543105,0.00599175760606936,0.546129590744135,0.95129728991093,1.38062272763502,1.69023106413172,2.07998146472635,3.06295861397727,8307.74093233716,0.999806257957312
"L_out[47]",1.77854005528428,0.00601523637890474,0.540986315999233,0.939834508351426,1.39188877140479,1.70207833351766,2.08257445709134,3.06156633235639,8088.48460512561,0.99990731595333
"L_out[48]",1.77803300214504,0.00628559790928949,0.527870545808488,0.976574645969687,1.38853350684024,1.70879832349864,2.09252874010925,2.95081675236135,7052.80162147461,0.999918908718209
"L_out[49]",1.77567981394818,0.00593761117198161,0.542648523653303,0.945696047131215,1.37769396503221,1.69785365178157,2.08579134019863,3.03089421625722,8352.44728354761,0.999806954961425
"L_out[50]",1.77667718514552,0.00615092268379739,0.552855500189436,0.925034451832927,1.38259473397135,1.6998203037871,2.07201571162878,3.07887847781351,8078.72329155359,0.999850782338315
"L_out[51]",1.78018927714686,0.00640260616711006,0.551101227556823,0.95185767670244,1.38256691109074,1.69097149106893,2.07678182468595,3.05375033613051,7408.82232034208,1.00018160909749
"L_out[52]",1.77750038286564,0.0056358563122202,0.535042524270032,0.952629107205157,1.39158172835207,1.70071236517016,2.08043535820125,3.05587540322482,9012.73862683525,0.999825551847937
"L_out[53]",1.76390539567579,0.00604669405880107,0.541509714229303,0.932936981719493,1.36343015697084,1.69047000609132,2.0695311330666,3.03243746701117,8020.03960608841,0.999585770507705
"L_out[54]",1.77222926089687,0.00633241742315873,0.539514315873805,0.947773929552229,1.38869641454503,1.68939960948966,2.07912371978037,3.04739686177401,7258.83418465486,1.00098975984853
"L_out[55]",1.77901200983727,0.00608022983492239,0.545001907548606,0.937777293525725,1.39205273319297,1.70201272354052,2.08487843254681,3.05149511135853,8034.44815266058,0.99996248367667
"L_out[56]",1.7752239888454,0.00571672398791178,0.534939216284141,0.943505481836818,1.40505550076899,1.68951104969636,2.07421711094956,3.03271813501944,8756.17485493874,1.00008221810336
"L_out[57]",1.77398391100859,0.00550536092753265,0.545658735472637,0.932873585065192,1.37620788216639,1.69173073475906,2.09453011010787,3.05054917349633,9823.59912854285,0.999507777090204
"L_out[58]",1.77910562536025,0.00607109240138269,0.551248058849077,0.949833331481318,1.38765639853272,1.6957704433869,2.07412792188888,3.11573113760903,8244.42669128764,0.99982417397101
"L_out[59]",1.78158890580859,0.00595720989303925,0.533000984675099,0.956136272088614,1.40436761464734,1.70561910245543,2.07699187872718,3.07882902725436,8005.16372241387,1.00029313600216
"L_out[60]",1.77320991915808,0.00588410179577415,0.544561127340578,0.942557269781224,1.39282793791039,1.690260165057,2.06349963355993,3.05494661211047,8565.10947711788,1.00020175263179
"L_out[61]",1.77777993620251,0.00623566810383131,0.541912124139648,0.947172659396547,1.38640016017752,1.7062056235892,2.08007068844832,3.03778497295047,7552.51770167779,0.999836856964492
"L_out[62]",1.77102776623227,0.00559927702820587,0.54195916322228,0.944505212729051,1.38743987233129,1.69105499005141,2.0728006994634,3.03450114188083,9368.48179089259,0.999742307514531
"L_out[63]",1.77956789575308,0.00594547543675502,0.558167614438797,0.952735379286738,1.37634989679057,1.69745004957193,2.08852756158899,3.09239030880272,8813.65589735166,0.999848238628601
"L_out[64]",1.77078676141233,0.00590795137418675,0.541013135261648,0.927316568061891,1.38701979937792,1.69243345609034,2.07988989842892,3.01301718726554,8385.74775544247,0.999878198278871
"L_out[65]",1.7795878852622,0.00619840765146264,0.54998766988941,0.946684310097958,1.3783147157819,1.70336175839246,2.09522956960957,3.04267439324958,7873.09761548963,0.999892480336129
"L_out[66]",1.7789121849515,0.00646668025918013,0.544030872137522,0.951433364518146,1.39932859503806,1.69737834096795,2.07138634808446,3.06828443668517,7077.57229945858,0.999849541951468
"L_out[67]",1.78604585738343,0.00595876059837584,0.533179914813641,0.966849508266771,1.40295248617707,1.72005238694692,2.09048563525929,3.036302085825,8006.37056657008,0.999569808162629
"L_out[68]",1.77939756242746,0.00581450706830642,0.546563388548537,0.952562493881794,1.3903382464975,1.69826017086355,2.07645544673622,3.0800021022851,8835.99108024593,1.00007826330835
"L_out[69]",1.77876820119828,0.00603487154437884,0.545370274108082,0.93263729512514,1.38580610280025,1.70461771415573,2.09008213149312,3.07720469506949,8166.70493345483,0.999444472277478
"L_out[70]",1.77719510713458,0.00628384220114178,0.54030763028417,0.948764634605887,1.39470232277424,1.7006451479326,2.08331042237571,3.0530705030158,7393.18647475062,1.00022511249677
"L_out[71]",1.78431047768252,0.00610667726218832,0.551589834580747,0.951916720702237,1.38449947531367,1.70484474238487,2.09972413169548,3.07476917020192,8158.73019310546,0.999812295226911
"L_out[72]",1.77511556053806,0.00542953555717471,0.543210467864542,0.949235581346823,1.3770461295206,1.69323187857637,2.08017368847129,3.06499058756317,10009.4657425701,0.999686474973657
"L_out[73]",1.77318882691006,0.00534557070463351,0.531600959526005,0.96135246069313,1.39222747442547,1.69567223473537,2.0744943794411,3.00571971186278,9889.70542436318,0.999825527232542
"L_out[74]",1.7777023927668,0.00624678897620849,0.549281908622011,0.929540516805163,1.39070994591765,1.69904275340255,2.07552961804241,3.06143701509802,7731.73427722169,0.999659143785838
"L_out[75]",1.79066518103509,0.00617167524694031,0.56337315032231,0.950396642046857,1.386670671021,1.71026196239771,2.0965403720715,3.09191628260491,8332.70792747993,0.999711097193499
"L_out[76]",1.77640101228943,0.00601167362996281,0.53243306135526,0.945225773852184,1.39937415708347,1.70696084076876,2.06256882953972,3.02472879014731,7844.02989612666,0.999839096728559
"log_lik_gear[1]",-3.85863045529395,0.00160681668435656,0.123455505732409,-4.11540255574121,-3.93322442588854,-3.85260643779929,-3.77383658158302,-3.63642631577487,5903.21037510039,1.00046560967782
"log_lik_gear[2]",-3.82831268136886,0.00157392919401954,0.123971395980211,-4.08740350965751,-3.90289421486505,-3.82115870042472,-3.74402945841933,-3.60713497111076,6204.01160179063,1.00037868014762
"log_lik_gear[3]",-5.12173921549555,0.0053097102472482,0.419717143688949,-6.05078043175765,-5.37076718013999,-5.07318684993143,-4.81286644115647,-4.47127905131188,6248.44243451441,0.999975706182739
"log_lik_gear[4]",-4.16533669207498,0.00302212968026765,0.237051309142003,-4.74203707567195,-4.28282961437147,-4.12638581895338,-4.0006339240167,-3.80870808031679,6152.59777438531,0.999571784535513
"log_lik_gear[5]",-4.31446190872124,0.0017363578239875,0.130397134441919,-4.59075403455547,-4.39437573623399,-4.30670137300788,-4.22704707436918,-4.08013142400673,5639.72124492037,1.00011520211699
"log_lik_gear[6]",-4.81402442137747,0.00441111526669936,0.338738159986972,-5.56497552944441,-5.0100046953861,-4.76911169557856,-4.56897584412057,-4.2940900407394,5897.00417608534,1.00006965853639
"log_lik_gear[7]",-3.8566387088953,0.0042127028347659,0.31650742270579,-4.59630587383121,-4.02628295517396,-3.80498637104697,-3.6322974617564,-3.38696984601895,5644.76867578698,1.00002302443
"log_lik_gear[8]",-4.1491833984347,0.00237401398528934,0.191325640514156,-4.61997722645815,-4.24614225502604,-4.11835602398111,-4.01832405636349,-3.85469952434886,6495.00972594982,0.99961484697724
"log_lik_gear[9]",-5.2501517032468,0.0046903229937185,0.35207207837606,-6.053560305418,-5.44461323824848,-5.20468438472574,-4.99803284498302,-4.71076967573919,5634.52961917964,0.999675869082317
"log_lik_gear[10]",-3.85856784552836,0.00166264529882183,0.124685582041955,-4.11548120818295,-3.93414336878974,-3.85350192384168,-3.7739925394661,-3.63495401146886,5623.84388650111,1.00055171807883
"log_lik_gear[11]",-4.5600828669207,0.00378241539461127,0.276715923231595,-5.20678937007072,-4.70883172860077,-4.52245625627565,-4.36225282777528,-4.13996167539228,5352.16947165703,1.00030232126776
"log_lik_gear[12]",-4.1361917330485,0.00278567368132266,0.217528946556649,-4.66053694419347,-4.2521935661238,-4.10360924194951,-3.98605964114035,-3.79337448925386,6097.80639210213,0.999395477534925
"log_lik_gear[13]",-5.02356590894624,0.00391461542196201,0.285309898907126,-5.6877150747349,-5.17354040153955,-4.98398719619937,-4.82318349195516,-4.59654036073372,5311.96829642915,0.999870689168832
"log_lik_gear[14]",-3.85856784552836,0.00166264529882183,0.124685582041955,-4.11548120818295,-3.93414336878974,-3.85350192384168,-3.7739925394661,-3.63495401146886,5623.84388650111,1.00055171807883
"log_lik_gear[15]",-3.82610093025676,0.00161789758452379,0.124184459066595,-4.08240541470283,-3.89975410499597,-3.81963778808494,-3.74244018418915,-3.60296020570128,5891.58905360814,1.00043090047686
"log_lik_gear[16]",-4.66532141948385,0.00619762967227499,0.451327761383437,-5.68528541476737,-4.92805154942178,-4.59968352124022,-4.34448895243937,-3.9566693251699,5303.13705886257,0.999782459990722
"log_lik_gear[17]",-4.6842536325356,0.00281074152807838,0.19804229061979,-5.14231170133382,-4.78905644669429,-4.66049250947475,-4.54872763937013,-4.36978560782826,4964.4833799812,1.00016508494708
"log_lik_gear[18]",-4.74809049934267,0.00302602378484818,0.213923535164591,-5.24697981628694,-4.85938244033917,-4.72158305203875,-4.59995229324414,-4.41423664757348,4997.7261936851,1.00009653011089
"log_lik_gear[19]",-3.74684272481596,0.00148305639572736,0.116038104044119,-3.98491261454596,-3.82187050410175,-3.74449909048167,-3.66749379925594,-3.53127416783991,6121.895559375,1.00016162898549
"log_lik_gear[20]",-4.20946890839445,0.00235701812671158,0.185352963251385,-4.6342292505376,-4.31030720235767,-4.18405037035107,-4.08087528502372,-3.9133028310231,6184.05327110384,1.00012505615409
"log_lik_gear[21]",-4.56797903342021,0.00334623939883723,0.266777198549109,-5.20256120627547,-4.71356852725531,-4.52458159370542,-4.38334226650534,-4.16676773015508,6355.99283141077,0.999953854114929
"log_lik_gear[22]",-4.12285352593934,0.00178356832731741,0.131972429122598,-4.40632745867662,-4.2033253174345,-4.11391195649146,-4.03307728968084,-3.88582516010014,5475.03522908977,0.999909243119064
"log_lik_gear[23]",-4.78072078132122,0.002995929546754,0.241204561120786,-5.36336323561806,-4.90208129317507,-4.74165633276492,-4.61471968817633,-4.4353495082019,6481.98228256691,0.999772855365441
"log_lik_gear[24]",-3.8219647906875,0.00153665445034564,0.119821959073811,-4.06852217597721,-3.89662773460969,-3.81784007427631,-3.73946044877934,-3.60112969229023,6080.23543136318,1.00024761761761
"log_lik_gear[25]",-3.68290023436696,0.00150238798532672,0.118131190194996,-3.92464269587911,-3.75991404095864,-3.67871541821888,-3.60349422435352,-3.4644636374551,6182.51182166068,1.00004440001041
"log_lik_gear[26]",-4.10149482515984,0.00208310228045898,0.163027252380886,-4.46947113118321,-4.19372824358916,-4.08266175198773,-3.99011739067219,-3.83265461800775,6124.90320243977,1.00019105421928
"log_lik_gear[27]",-3.65564998171331,0.00153694573318895,0.121234644530373,-3.90875850669459,-3.73231843185948,-3.65083085363788,-3.57187667960729,-3.4333995382878,6222.09187542814,0.999988692330796
"log_lik_gear[28]",-4.85971391868133,0.00592136514626099,0.505153072298093,-5.96159433483144,-5.16704762696142,-4.80565281421586,-4.49835812512222,-4.02745880143664,7277.83677635806,0.999945157829503
"log_lik_gear[29]",-4.07872774743962,0.00188581216575497,0.142675719827233,-4.39439533346913,-4.16540206659297,-4.06588222336764,-3.9833403249098,-3.8296543473241,5724.0481507544,0.999898014773838
"log_lik_gear[30]",-4.24952131579531,0.00376199394446277,0.310716954913616,-4.93560497030395,-4.43113676379435,-4.21574843221363,-4.03019256453818,-3.73609504741004,6821.71733286618,0.999896620475766
"log_lik_gear[31]",-3.5007597901033,0.00261424345402825,0.170690207354045,-3.86922499780218,-3.60620616360689,-3.48602336892415,-3.37739865380507,-3.21639117889635,4263.09640164175,1.00049717575678
"log_lik_gear[32]",-3.56795130833853,0.00400934336519184,0.277179885221037,-4.15371986842948,-3.74443582863928,-3.55645955671554,-3.37000134404166,-3.07552974304294,4779.43894908238,1.00029905667255
"log_lik_gear[33]",-3.99559487231772,0.00236002373629204,0.144653906616173,-4.31826448793349,-4.0825030510788,-3.98384968559054,-3.89665358982618,-3.74073008233408,3756.88232436288,1.00058003417145
"log_lik_gear[34]",-5.80932370411179,0.00964972476000372,0.653090697932887,-7.47936665971834,-6.10669178112801,-5.66257947695163,-5.33821315660909,-4.97584869272964,4580.54489342783,1.00085870463389
"log_lik_gear[35]",-3.85003805104338,0.00508606341764864,0.384071204005172,-4.65597202018362,-4.0904605218317,-3.833580715577,-3.58405403246492,-3.16884310336664,5702.42985320027,1.00009131274471
"log_lik_gear[36]",-3.49256158757576,0.00283378919173991,0.185275511020677,-3.89275722011749,-3.60850539110049,-3.47875642221807,-3.35873570204134,-3.18290762569596,4274.65392910266,1.00048511185223
"log_lik_gear[37]",-3.69736416698198,0.00173050902792911,0.131238663370171,-3.97570007033008,-3.77330051959522,-3.68834267244673,-3.60871978481953,-3.4740381698461,5751.43026604719,1.00001880276859
"log_lik_gear[38]",-4.0498190218287,0.00201536775162413,0.132854802599973,-4.34248024807876,-4.13089798303624,-4.04219302198311,-3.96031158538647,-3.81485850820184,4345.56156229514,1.00033358646794
"log_lik_gear[39]",-3.97413619254903,0.00385232384644117,0.246990006757957,-4.50094493129142,-4.13602684773987,-3.96058228272502,-3.79994442019852,-3.53340125435746,4110.67541815296,1.00079399448196
"log_lik_gear[40]",-3.70194522263005,0.00173153993735236,0.136530724170493,-4.00310535849935,-3.77604856966365,-3.69291396036471,-3.61247200998453,-3.46929694699144,6217.21322052191,0.999995611769038
"log_lik_gear[41]",-4.8765091517757,0.00768639307009479,0.507169759124655,-6.17986004411566,-5.11117569539311,-4.74750905172731,-4.51853939505929,-4.25603505316795,4353.730281436,1.0000464770519
"log_lik_gear[42]",-4.34632159680363,0.00251223507578575,0.194518576222203,-4.84416697505793,-4.42379331791897,-4.31509205475655,-4.22216070824035,-4.07186086583763,5995.1715431911,0.999788490649627
"log_lik_gear[43]",-4.79071947954617,0.00525123911907172,0.344546180779825,-5.70326132438016,-4.9204127497755,-4.70410557774304,-4.56145344529428,-4.37411899768884,4304.98151621494,0.999760978471713
"log_lik_gear[44]",-3.50060314166783,0.00407465066329872,0.24920797037541,-4.02566236721611,-3.6635205751388,-3.49040482606366,-3.31716188574701,-3.0657827337693,3740.61572070593,1.00016806591056
"log_lik_gear[45]",-6.90495771254841,0.0109148344498887,1.0124702205144,-9.01215698660289,-7.56439296170907,-6.87767016621612,-6.19430494085463,-5.06601217039132,8604.590578886,0.999633551346226
"log_lik_gear[46]",-3.46962758058899,0.00362020862693959,0.212473034957578,-3.92871676618216,-3.60764639116698,-3.45595676848476,-3.31114569513635,-3.10309351201985,3444.6130679161,1.00031209648116
"log_lik_gear[47]",-5.1877226823662,0.00718884051265852,0.636557611577364,-6.53703939897879,-5.59376668079246,-5.14247225307698,-4.74769947694062,-4.03840586711167,7840.75229145818,0.999494198844584
"log_lik_gear[48]",-3.93235076042975,0.00379030899271718,0.23577320722306,-4.43939245607874,-4.08477501650469,-3.916466414767,-3.7633172726426,-3.52322866487356,3869.3647485688,1.00074940539892
"log_lik_gear[49]",-3.82675206836845,0.00321989684281166,0.229065415036192,-4.43846023240107,-3.9002117532547,-3.7775479798422,-3.68496289351713,-3.54204051673121,5060.98592726287,1.00058940933585
"log_lik_gear[50]",-3.99312741638324,0.00223056923495263,0.165132995466698,-4.3761269817394,-4.0708358649606,-3.97372232797623,-3.88786463663735,-3.73697370532332,5480.70342705835,1.00068570729454
"log_lik_gear[51]",-4.69233392913904,0.00875047068085793,0.507081689521588,-6.09986603108695,-4.83815077019751,-4.53005278248791,-4.37864893548631,-4.18082085105431,3358.09539601932,1.00119056411206
"log_lik_gear[52]",-6.8945302880592,0.0140354408082735,0.948549462141227,-8.98682958747452,-7.5045084217177,-6.80521298007886,-6.19314294467172,-5.33947726720871,4567.38740824939,1.00047672259673
"log_lik_catch[1]",-2.23657917068171,0.000735848104494063,0.0626349705018584,-2.36434230315949,-2.2763142654955,-2.23433685449134,-2.19348648758583,-2.11997863372941,7245.31719712448,0.999748177720764
"log_lik_catch[2]",-4.35017906395372,0.00135901175022069,0.11827924225329,-4.61926903350474,-4.42151910961418,-4.33945089480021,-4.26799973298234,-4.14942338738215,7574.79081224845,1.00014453872389
"log_lik_catch[3]",-1.64334738481053,0.00129318263041319,0.117284418134845,-1.8863695980161,-1.72124353714363,-1.6404548444018,-1.56257184411964,-1.42818506212773,8225.47354320744,0.999775316264323
"log_lik_catch[4]",-1.59911560711497,0.000760630738391413,0.0656427915141296,-1.73529372554009,-1.64268589584513,-1.59694709746341,-1.55386894570331,-1.47562790992533,7447.7714159673,0.999776962859621
"log_lik_catch[5]",-1.64334738481053,0.00129318263041319,0.117284418134845,-1.8863695980161,-1.72124353714363,-1.6404548444018,-1.56257184411964,-1.42818506212773,8225.47354320744,0.999775316264323
"log_lik_catch[6]",-2.04861679379216,0.00039855145941041,0.0376264772853429,-2.12417897344992,-2.07295062397386,-2.04781630206008,-2.023167445633,-1.97500274570185,8912.88520032908,0.999712852914772
"log_lik_catch[7]",-1.64334738481053,0.00129318263041319,0.117284418134845,-1.8863695980161,-1.72124353714363,-1.6404548444018,-1.56257184411964,-1.42818506212773,8225.47354320744,0.999775316264323
"log_lik_catch[8]",-3.7979701118705,0.00170564199562607,0.148136376904813,-4.13019850265111,-3.88858173434198,-3.78492877440284,-3.69349728840819,-3.54183982431025,7543.06197707719,1.0000944075594
"log_lik_catch[9]",-1.64334738481053,0.00129318263041319,0.117284418134845,-1.8863695980161,-1.72124353714363,-1.6404548444018,-1.56257184411964,-1.42818506212773,8225.47354320744,0.999775316264323
"log_lik_catch[10]",-2.71068235715684,0.000980444522809743,0.0863283184868569,-2.89881004273306,-2.76493920004609,-2.70470117114284,-2.65109174862465,-2.55780294951837,7752.83451656576,1.00003062756005
"log_lik_catch[11]",-1.64334738481053,0.00129318263041319,0.117284418134845,-1.8863695980161,-1.72124353714363,-1.6404548444018,-1.56257184411964,-1.42818506212773,8225.47354320744,0.999775316264323
"log_lik_catch[12]",-3.18523302224281,0.000531860869420388,0.0489122457333895,-3.28194511183307,-3.21783394333461,-3.18471962030975,-3.15282667434851,-3.08768238659069,8457.44394874535,0.999595215450347
"log_lik_catch[13]",-1.73731516696024,0.000370831210397433,0.032826866209066,-1.80447929653602,-1.75874413632876,-1.73599793598178,-1.71541166898329,-1.67458211724104,7836.21409376506,0.999624929372565
"log_lik_catch[14]",-1.47678086956421,0.000605592317055114,0.0475118015397193,-1.57318375121715,-1.50737458516397,-1.4751487867716,-1.44404438493722,-1.3874066279254,6155.20161377151,0.999709240020617
"log_lik_catch[15]",-2.8630182330618,0.00091556678310098,0.0773804390347262,-3.0306762765637,-2.91179733982277,-2.85809387498351,-2.80879703669277,-2.72500515110414,7143.02751235256,0.999708944502005
"log_lik_catch[16]",-1.8661822442434,0.00132059001711479,0.119174179106074,-2.10713600871511,-1.9454226635247,-1.86454374126335,-1.78388346059352,-1.64552917485368,8143.82285590809,0.999627983046891
"log_lik_catch[17]",-2.8630182330618,0.00091556678310098,0.0773804390347262,-3.0306762765637,-2.91179733982277,-2.85809387498351,-2.80879703669277,-2.72500515110414,7143.02751235256,0.999708944502005
"log_lik_catch[18]",-1.44110136923711,0.00106126714857069,0.0935114432924483,-1.63033453110416,-1.50345065480496,-1.43920684795115,-1.37724492340644,-1.26672119676374,7763.90260063145,0.999631283612855
"log_lik_catch[19]",-4.49444334934851,0.00279662087768091,0.220095090445558,-4.96915548302299,-4.63476940525346,-4.48068306249116,-4.34220111722283,-4.10198973725602,6193.74782290429,0.999842212024082
"log_lik_catch[20]",-1.73731516696024,0.000370831210397433,0.032826866209066,-1.80447929653602,-1.75874413632876,-1.73599793598178,-1.71541166898329,-1.67458211724104,7836.21409376506,0.999624929372565
"log_lik_catch[21]",-2.63424004939235,0.000471134112904415,0.0444207723548126,-2.72226501816487,-2.66353756187257,-2.63367722038069,-2.60494341310022,-2.54583439839417,8889.61820635584,0.999568445155073
"log_lik_catch[22]",-2.08610461228673,0.00045663715914235,0.0426196252465479,-2.17202124471703,-2.11384797061007,-2.08406767999392,-2.05704447850415,-2.00639574494792,8711.17531505678,0.999582537457247
"log_lik_catch[23]",-0.870912460040457,0.000713706676087165,0.0601407261284562,-0.990569220896367,-0.910888639537394,-0.869861520591928,-0.829719947442825,-0.755432251204247,7100.64526024433,0.999637066064897
"log_lik_catch[24]",-1.47678086956421,0.000605592317055114,0.0475118015397193,-1.57318375121715,-1.50737458516397,-1.4751487867716,-1.44404438493722,-1.3874066279254,6155.20161377151,0.999709240020617
"log_lik_catch[25]",-1.26019754807065,0.000260901480240979,0.0230548409811903,-1.30794616686568,-1.27504613795127,-1.25904154938656,-1.24469218056728,-1.21679785869882,7808.5640309578,0.999617785886945
"log_lik_catch[26]",-0.870912460040457,0.000713706676087165,0.0601407261284562,-0.990569220896367,-0.910888639537394,-0.869861520591928,-0.829719947442825,-0.755432251204247,7100.64526024433,0.999637066064897
"log_lik_catch[27]",-2.13384770738979,0.000585797404702953,0.0472899073659892,-2.23245854544872,-2.16464099382968,-2.13274520554716,-2.10185349736684,-2.04437548724162,6516.91475275885,0.999719197718617
"log_lik_catch[28]",-2.29117249965561,0.000470131780497464,0.0416698258376289,-2.3754464759651,-2.31864889985947,-2.28988343460784,-2.2635780465313,-2.21045908303575,7856.04839919071,0.999631377840269
"log_lik_catch[29]",-2.13384770738979,0.000585797404702953,0.0472899073659892,-2.23245854544872,-2.16464099382968,-2.13274520554716,-2.10185349736684,-2.04437548724162,6516.91475275885,0.999719197718617
"log_lik_catch[30]",-0.870912460040457,0.000713706676087165,0.0601407261284562,-0.990569220896367,-0.910888639537394,-0.869861520591928,-0.829719947442825,-0.755432251204247,7100.64526024433,0.999637066064897
"log_lik_catch[31]",-2.56971028945023,0.00063130034258984,0.0565860170128367,-2.68660340094567,-2.60602578925596,-2.56695832828072,-2.53057920785338,-2.46645131613073,8034.26591244347,0.999631058688501
"log_lik_catch[32]",-1.44110136923711,0.00106126714857069,0.0935114432924483,-1.63033453110416,-1.50345065480496,-1.43920684795115,-1.37724492340644,-1.26672119676374,7763.90260063145,0.999631283612855
"log_lik_catch[33]",-2.20532602452614,0.0015338712498908,0.140894571270655,-2.49232057537797,-2.29843596941523,-2.20347934101226,-2.10801085725423,-1.94354782705823,8437.44014742323,0.999627256618052
"log_lik_catch[34]",-2.29117249965561,0.000470131780497464,0.0416698258376289,-2.3754464759651,-2.31864889985947,-2.28988343460784,-2.2635780465313,-2.21045908303575,7856.04839919071,0.999631377840269
"log_lik_catch[35]",-2.8630182330618,0.00091556678310098,0.0773804390347262,-3.0306762765637,-2.91179733982277,-2.85809387498351,-2.80879703669277,-2.72500515110414,7143.02751235256,0.999708944502005
"log_lik_catch[36]",-2.29664681248525,0.000443634937707523,0.0421581154256577,-2.38101957002337,-2.32434027393476,-2.29589315095659,-2.26839627004729,-2.21499930295831,9030.48125079694,0.999563249917722
"log_lik_catch[37]",-2.20532602452614,0.0015338712498908,0.140894571270655,-2.49232057537797,-2.29843596941523,-2.20347934101226,-2.10801085725423,-1.94354782705823,8437.44014742323,0.999627256618052
"log_lik_catch[38]",-2.02388544879196,0.000762549287422961,0.0598417432472808,-2.14324152776051,-2.06280104932675,-2.02232163408316,-1.98322354103146,-1.91001654925728,6158.46721474177,0.999727745727285
"log_lik_catch[39]",-2.4822565912812,0.000790132008295357,0.0675882742519599,-2.62785296845575,-2.52517619536104,-2.47848347013879,-2.43514771222849,-2.36058501500832,7317.17436798227,0.999681755786447
"log_lik_catch[40]",-3.35397333875888,0.00169619529839466,0.134715511841453,-3.64250536562166,-3.43925456334584,-3.34525609250118,-3.26016268566787,-3.11609306067836,6307.8811342532,0.999785650896166
"log_lik_catch[41]",-3.60899355288061,0.00130714911865653,0.11485521544412,-3.84739467486861,-3.68220429059216,-3.60513496324325,-3.52962185499678,-3.39135113500638,7720.60213815876,0.999844825614597
"log_lik_catch[42]",-1.01551485304732,0.000878396618763369,0.077969816109616,-1.17416468072729,-1.06609311378383,-1.0134347056019,-0.96184292209517,-0.869723765210769,7879.01104269627,0.999766568234157
"log_lik_catch[43]",-1.01551485304732,0.000878396618763369,0.077969816109616,-1.17416468072729,-1.06609311378383,-1.0134347056019,-0.96184292209517,-0.869723765210769,7879.01104269627,0.999766568234157
"log_lik_catch[44]",-2.23657917068171,0.000735848104494063,0.0626349705018584,-2.36434230315949,-2.2763142654955,-2.23433685449134,-2.19348648758583,-2.11997863372941,7245.31719712448,0.999748177720764
"log_lik_catch[45]",-2.70025531402201,0.000634778847491284,0.0548070043396773,-2.81246232612306,-2.73522181858828,-2.69890026936022,-2.66377085313946,-2.59599881388434,7454.64963846487,0.999656739119832
"log_lik_catch[46]",-3.00467799283452,0.000516001419066386,0.0486505253100962,-3.10131935272092,-3.036560281164,-3.00404248594957,-2.97192454047416,-2.90844094817351,8889.41693178038,0.99972540647283
"log_lik_catch[47]",-2.71068235715684,0.000980444522809743,0.0863283184868569,-2.89881004273306,-2.76493920004609,-2.70470117114284,-2.65109174862465,-2.55780294951837,7752.83451656576,1.00003062756005
"log_lik_catch[48]",-1.01551485304732,0.000878396618763369,0.077969816109616,-1.17416468072729,-1.06609311378383,-1.0134347056019,-0.96184292209517,-0.869723765210769,7879.01104269627,0.999766568234157
"log_lik_catch[49]",-4.36577340272033,0.00293657404560635,0.253710355809434,-4.90265065070137,-4.53032580989565,-4.35493771005115,-4.19174501331916,-3.90442767245574,7464.39265198625,0.999958005663746
"log_lik_catch[50]",-3.07675168619631,0.00137713156528639,0.12008518727617,-3.3427170718473,-3.1517503740173,-3.06759410544721,-2.99280537963062,-2.86576786922653,7603.75322436254,1.00004087786288
"log_lik_catch[51]",-3.49785253952062,0.00157885667737033,0.137314728294132,-3.80269773450941,-3.58208758588755,-3.48680584198364,-3.40143985658443,-3.25905892171431,7563.95310104289,1.00007445920085
"log_lik_catch[52]",-2.45818439933373,0.00182432442306373,0.170263810546573,-2.807238669165,-2.5714679887663,-2.45168845766927,-2.33957704380119,-2.14684039700911,8710.44921545466,0.999764006181496
"log_lik_catch[53]",-2.37921138617256,0.00100396514375382,0.0881457734165305,-2.57020286325823,-2.4350969008145,-2.37413510653305,-2.31828616138229,-2.2220607715036,7708.42614097963,0.999972554831248
"log_lik_catch[54]",-2.23657917068171,0.000735848104494063,0.0626349705018584,-2.36434230315949,-2.2763142654955,-2.23433685449134,-2.19348648758583,-2.11997863372941,7245.31719712448,0.999748177720764
"log_lik_catch[55]",-1.96733912792614,0.000740791238044045,0.063130958716824,-2.09579533501939,-2.00792699796629,-1.96476246679178,-1.92400160020742,-1.84994989457881,7262.6162225569,0.999762606121922
"log_lik_catch[56]",-4.65823776849724,0.00319280189278993,0.275603268572791,-5.25433460475714,-4.83225522783337,-4.64252298677833,-4.46772235961247,-4.17037313204631,7451.17533977883,1.00001220332128
"log_lik_catch[57]",-1.77973862648833,0.000474047072309949,0.0408356978109206,-1.86510262684207,-1.80554264854442,-1.77811114121937,-1.75225739553197,-1.70388314219276,7420.5658808702,0.999634778041125
"log_lik_catch[58]",-2.97365764552946,0.00097260765321697,0.0857729856177446,-3.16112003163228,-3.02667116628748,-2.96806500197212,-2.91398843010048,-2.82322665331866,7777.24337492088,1.00005692006837
"log_lik_catch[59]",-1.44110136923711,0.00106126714857069,0.0935114432924483,-1.63033453110416,-1.50345065480496,-1.43920684795115,-1.37724492340644,-1.26672119676374,7763.90260063145,0.999631283612855
"log_lik_catch[60]",-1.44110136923711,0.00106126714857069,0.0935114432924483,-1.63033453110416,-1.50345065480496,-1.43920684795115,-1.37724492340644,-1.26672119676374,7763.90260063145,0.999631283612855
"log_lik_catch[61]",-2.4822565912812,0.000790132008295357,0.0675882742519599,-2.62785296845575,-2.52517619536104,-2.47848347013879,-2.43514771222849,-2.36058501500832,7317.17436798227,0.999681755786447
"log_lik_catch[62]",-2.68523487367597,0.000560055110006639,0.0518335119074501,-2.78947351732936,-2.71902344118197,-2.68285489097871,-2.64999181090092,-2.58842367358476,8565.63849478099,0.999594300101184
"log_lik_catch[63]",-1.73731516696024,0.000370831210397433,0.032826866209066,-1.80447929653602,-1.75874413632876,-1.73599793598178,-1.71541166898329,-1.67458211724104,7836.21409376506,0.999624929372565
"log_lik_catch[64]",-0.870912460040457,0.000713706676087165,0.0601407261284562,-0.990569220896367,-0.910888639537394,-0.869861520591928,-0.829719947442825,-0.755432251204247,7100.64526024433,0.999637066064897
"log_lik_catch[65]",-2.4780814533425,0.00045503007696646,0.0431740127134241,-2.56334782985292,-2.50602002913365,-2.4775042473255,-2.44906705656714,-2.39355490686777,9002.53093108568,0.999562990956963
"log_lik_catch[66]",-2.08610461228673,0.00045663715914235,0.0426196252465479,-2.17202124471703,-2.11384797061007,-2.08406767999392,-2.05704447850415,-2.00639574494792,8711.17531505678,0.999582537457247
"log_lik_catch[67]",-4.14561938312556,0.00219653624999693,0.173271900601575,-4.52286881370312,-4.25292690207947,-4.13165731256153,-4.02476995020512,-3.84477641706142,6222.70952175125,0.999836308930517
"log_lik_catch[68]",-2.08610461228673,0.00045663715914235,0.0426196252465479,-2.17202124471703,-2.11384797061007,-2.08406767999392,-2.05704447850415,-2.00639574494792,8711.17531505678,0.999582537457247
"log_lik_catch[69]",-2.20532602452614,0.0015338712498908,0.140894571270655,-2.49232057537797,-2.29843596941523,-2.20347934101226,-2.10801085725423,-1.94354782705823,8437.44014742323,0.999627256618052
"log_lik_catch[70]",-1.87433743316976,0.000566119094369869,0.0495886115681383,-1.97784596189958,-1.90600363313975,-1.87178438501237,-1.83961523913403,-1.78409752274802,7672.701290238,0.999637918746825
"log_lik_catch[71]",-1.44110136923711,0.00106126714857069,0.0935114432924483,-1.63033453110416,-1.50345065480496,-1.43920684795115,-1.37724492340644,-1.26672119676374,7763.90260063145,0.999631283612855
"log_lik_catch[72]",-1.73731516696024,0.000370831210397433,0.032826866209066,-1.80447929653602,-1.75874413632876,-1.73599793598178,-1.71541166898329,-1.67458211724104,7836.21409376506,0.999624929372565
"log_lik_catch[73]",-1.47678086956421,0.000605592317055114,0.0475118015397193,-1.57318375121715,-1.50737458516397,-1.4751487867716,-1.44404438493722,-1.3874066279254,6155.20161377151,0.999709240020617
"log_lik_catch[74]",-1.73731516696024,0.000370831210397433,0.032826866209066,-1.80447929653602,-1.75874413632876,-1.73599793598178,-1.71541166898329,-1.67458211724104,7836.21409376506,0.999624929372565
"log_lik_catch[75]",-2.4822565912812,0.000790132008295357,0.0675882742519599,-2.62785296845575,-2.52517619536104,-2.47848347013879,-2.43514771222849,-2.36058501500832,7317.17436798227,0.999681755786447
"log_lik_catch[76]",-1.85705071506541,0.00058677134085897,0.0464789378177661,-1.95325867638928,-1.88681875699871,-1.85601594295271,-1.8251420503364,-1.77108405604743,6274.43466603346,0.999724130790334
"log_lik_catch[77]",-2.68523487367597,0.000560055110006639,0.0518335119074501,-2.78947351732936,-2.71902344118197,-2.68285489097871,-2.64999181090092,-2.58842367358476,8565.63849478099,0.999594300101184
"log_lik_catch[78]",-1.44110136923711,0.00106126714857069,0.0935114432924483,-1.63033453110416,-1.50345065480496,-1.43920684795115,-1.37724492340644,-1.26672119676374,7763.90260063145,0.999631283612855
"log_lik_catch[79]",-4.67700575616942,0.00285448382817534,0.224587373105715,-5.16363852843098,-4.81931577213659,-4.66172454159986,-4.52114956927954,-4.28085231661769,6190.35416951764,0.99985484324048
"log_lik_catch[80]",-2.02388544879196,0.000762549287422961,0.0598417432472808,-2.14324152776051,-2.06280104932675,-2.02232163408316,-1.98322354103146,-1.91001654925728,6158.46721474177,0.999727745727285
"log_lik_catch[81]",-1.44110136923711,0.00106126714857069,0.0935114432924483,-1.63033453110416,-1.50345065480496,-1.43920684795115,-1.37724492340644,-1.26672119676374,7763.90260063145,0.999631283612855
"log_lik_catch[82]",-0.870912460040457,0.000713706676087165,0.0601407261284562,-0.990569220896367,-0.910888639537394,-0.869861520591928,-0.829719947442825,-0.755432251204247,7100.64526024433,0.999637066064897
"log_lik_catch[83]",-0.870912460040457,0.000713706676087165,0.0601407261284562,-0.990569220896367,-0.910888639537394,-0.869861520591928,-0.829719947442825,-0.755432251204247,7100.64526024433,0.999637066064897
"log_lik_catch[84]",-1.44110136923711,0.00106126714857069,0.0935114432924483,-1.63033453110416,-1.50345065480496,-1.43920684795115,-1.37724492340644,-1.26672119676374,7763.90260063145,0.999631283612855
"log_lik_catch[85]",-1.87433743316976,0.000566119094369869,0.0495886115681383,-1.97784596189958,-1.90600363313975,-1.87178438501237,-1.83961523913403,-1.78409752274802,7672.701290238,0.999637918746825
"log_lik_catch[86]",-1.47678086956421,0.000605592317055114,0.0475118015397193,-1.57318375121715,-1.50737458516397,-1.4751487867716,-1.44404438493722,-1.3874066279254,6155.20161377151,0.999709240020617
"log_lik_catch[87]",-1.44110136923711,0.00106126714857069,0.0935114432924483,-1.63033453110416,-1.50345065480496,-1.43920684795115,-1.37724492340644,-1.26672119676374,7763.90260063145,0.999631283612855
"log_lik_catch[88]",-3.14019573165054,0.000996317986325296,0.0836024142886435,-3.32198256974222,-3.19239684909171,-3.13466786626973,-3.08138590634787,-2.99216944273458,7041.11921129712,0.999727018334125
"log_lik_catch[89]",-3.35397333875888,0.00169619529839466,0.134715511841453,-3.64250536562166,-3.43925456334584,-3.34525609250118,-3.26016268566787,-3.11609306067836,6307.8811342532,0.999785650896166
"log_lik_catch[90]",-2.05316749694133,0.000431574059921452,0.0382349982679572,-2.13086444323272,-2.07828757690288,-2.05185447000459,-2.0277752972654,-1.97949429830578,7848.9485682688,0.999628870968676
"log_lik_catch[91]",-2.8603600086084,0.00067032944354861,0.0547277184178798,-2.97158010841607,-2.89631497010286,-2.85911220535244,-2.82386552635981,-2.75470593928686,6665.58228883897,0.999726900340664
"log_lik_catch[92]",-2.08610461228673,0.00045663715914235,0.0426196252465479,-2.17202124471703,-2.11384797061007,-2.08406767999392,-2.05704447850415,-2.00639574494792,8711.17531505678,0.999582537457247
"log_lik_catch[93]",-3.87975752375978,0.00151572231375895,0.121721791214377,-4.14615224625169,-3.9545279548775,-3.86953587734152,-3.79473409765627,-3.669619857444,6449.07430807249,0.999806028377362
"log_lik_catch[94]",-1.44110136923711,0.00106126714857069,0.0935114432924483,-1.63033453110416,-1.50345065480496,-1.43920684795115,-1.37724492340644,-1.26672119676374,7763.90260063145,0.999631283612855
"log_lik_catch[95]",-3.35397333875888,0.00169619529839466,0.134715511841453,-3.64250536562166,-3.43925456334584,-3.34525609250118,-3.26016268566787,-3.11609306067836,6307.8811342532,0.999785650896166
"log_lik_catch[96]",-2.20532602452614,0.0015338712498908,0.140894571270655,-2.49232057537797,-2.29843596941523,-2.20347934101226,-2.10801085725423,-1.94354782705823,8437.44014742323,0.999627256618052
"log_lik_catch[97]",-2.56971028945023,0.00063130034258984,0.0565860170128367,-2.68660340094567,-2.60602578925596,-2.56695832828072,-2.53057920785338,-2.46645131613073,8034.26591244347,0.999631058688501
"log_lik_catch[98]",-1.44110136923711,0.00106126714857069,0.0935114432924483,-1.63033453110416,-1.50345065480496,-1.43920684795115,-1.37724492340644,-1.26672119676374,7763.90260063145,0.999631283612855
"log_lik_catch[99]",-2.08610461228673,0.00045663715914235,0.0426196252465479,-2.17202124471703,-2.11384797061007,-2.08406767999392,-2.05704447850415,-2.00639574494792,8711.17531505678,0.999582537457247
"log_lik_catch[100]",-1.47678086956421,0.000605592317055114,0.0475118015397193,-1.57318375121715,-1.50737458516397,-1.4751487867716,-1.44404438493722,-1.3874066279254,6155.20161377151,0.999709240020617
"log_lik_catch[101]",-2.68523487367597,0.000560055110006639,0.0518335119074501,-2.78947351732936,-2.71902344118197,-2.68285489097871,-2.64999181090092,-2.58842367358476,8565.63849478099,0.999594300101184
"log_lik_catch[102]",-2.90799273169675,0.00122220630600192,0.0992236126686988,-3.1195218781015,-2.96934612266291,-2.90162889045875,-2.83887225814696,-2.7315426034669,6590.84397124212,0.999747900953607
"log_lik_catch[103]",-2.4822565912812,0.000790132008295357,0.0675882742519599,-2.62785296845575,-2.52517619536104,-2.47848347013879,-2.43514771222849,-2.36058501500832,7317.17436798227,0.999681755786447
"log_lik_catch[104]",-2.4780814533425,0.00045503007696646,0.0431740127134241,-2.56334782985292,-2.50602002913365,-2.4775042473255,-2.44906705656714,-2.39355490686777,9002.53093108568,0.999562990956963
"log_lik_catch[105]",-2.4822565912812,0.000790132008295357,0.0675882742519599,-2.62785296845575,-2.52517619536104,-2.47848347013879,-2.43514771222849,-2.36058501500832,7317.17436798227,0.999681755786447
"log_lik_catch[106]",-2.72922324068763,0.00188365709901958,0.177048579734286,-3.09079629711351,-2.84542799598444,-2.72695183375485,-2.60713687624241,-2.39878711191349,8834.48425630377,0.999629454725892
"log_lik_catch[107]",-1.32040284144021,0.000404450258038918,0.0350535498494239,-1.39592801441555,-1.34207342435253,-1.31767399748904,-1.29551620529149,-1.26012215403617,7511.62289220832,1.00016679815582
"log_lik_catch[108]",-1.1070108676211,0.00110387840703653,0.0870794085044042,-1.28168025079641,-1.16418484942819,-1.10460915671604,-1.04676808204561,-0.944737998299198,6222.83756028109,1.00026843855429
"log_lik_catch[109]",-4.34856396532394,0.00277150456831908,0.221025955605754,-4.81508597752435,-4.48887683637234,-4.33795260970843,-4.18910187810338,-3.95376681383563,6359.97423490167,1.00017774953194
"log_lik_catch[110]",-1.32040284144021,0.000404450258038918,0.0350535498494239,-1.39592801441555,-1.34207342435253,-1.31767399748904,-1.29551620529149,-1.26012215403617,7511.62289220832,1.00016679815582
"log_lik_catch[111]",-2.24155290530413,0.00200218507183258,0.161319271437141,-2.56625893273476,-2.34861873874754,-2.23736316472984,-2.13152421731292,-1.94137099588251,6491.78407091704,1.00011669002804
"log_lik_catch[112]",-1.76809301727955,0.00163135292982341,0.129908919022801,-2.02508899412542,-1.85449477693452,-1.76494799175115,-1.67880705363919,-1.5269044197638,6341.35524941688,1.00018291479517
"log_lik_catch[113]",-1.81999304283902,0.000543846880291463,0.047201651418763,-1.92045399517774,-1.84958266530426,-1.81692338599167,-1.78660204811972,-1.73725950251816,7532.8809426449,1.00015585104083
"log_lik_catch[114]",-1.76809301727955,0.00163135292982341,0.129908919022801,-2.02508899412542,-1.85449477693452,-1.76494799175115,-1.67880705363919,-1.5269044197638,6341.35524941688,1.00018291479517
"log_lik_catch[115]",-2.67660852099638,0.000676088962289754,0.0547118386095053,-2.78971218040373,-2.71094280358339,-2.67369496930623,-2.63947415485746,-2.57697646978367,6548.69746861042,0.999841807668815
"log_lik_catch[116]",-2.04662560208367,0.000400007692287955,0.037347576433262,-2.12271877081555,-2.07139042633626,-2.04580528145489,-2.02155695859587,-1.9737592019128,8717.42387109257,0.99968865796902
"log_lik_catch[117]",-3.45620053061692,0.00136198813053213,0.105258680422977,-3.68280876262372,-3.52086681462191,-3.44833464914168,-3.38165489796111,-3.27459998327202,5972.67930829867,1.00012521059676
"log_lik_catch[118]",-2.94802367031031,0.00133472550784858,0.103503436959331,-3.16757051697518,-3.01287112486363,-2.9417081824352,-2.87512117689743,-2.76685337663285,6013.47655343997,1.00015288982937
"log_lik_catch[119]",-2.33170472874924,0.00156224285434414,0.123272337086316,-2.58113512389935,-2.4115709322248,-2.32731078953712,-2.24602821477079,-2.10497925993451,6226.35911485673,1.00025366460143
"log_lik_catch[120]",-1.1070108676211,0.00110387840703653,0.0870794085044042,-1.28168025079641,-1.16418484942819,-1.10460915671604,-1.04676808204561,-0.944737998299198,6222.83756028109,1.00026843855429
"log_lik_catch[121]",-1.75864961232824,0.000462169410580497,0.038074682070127,-1.83735374135772,-1.78274826244224,-1.7565218043716,-1.732685830648,-1.68955563066169,6786.88008624941,0.99982175305556
"log_lik_catch[122]",-2.27749051605861,0.00114942772141037,0.0911300164962327,-2.46375308287588,-2.33738372800524,-2.27272056811761,-2.21524493601981,-2.11262501171655,6285.78559938121,1.00033811372531
"log_lik_catch[123]",-2.63515464751066,0.000480524957969297,0.0448680999269176,-2.72560048342402,-2.66508464961599,-2.63447873464087,-2.60520068996059,-2.5465782033495,8718.53385034033,0.999688347391588
"log_lik_catch[124]",-1.32040284144021,0.000404450258038918,0.0350535498494239,-1.39592801441555,-1.34207342435253,-1.31767399748904,-1.29551620529149,-1.26012215403617,7511.62289220832,1.00016679815582
"log_lik_catch[125]",-2.59096878639106,0.00178461561133047,0.141586999530449,-2.87622927294051,-2.68424777968787,-2.58575979778182,-2.49262026592937,-2.33228799318469,6294.44410466727,1.00020542607336
"log_lik_catch[126]",-2.89101458513145,0.000927574507747605,0.0721683830487201,-3.04634755228488,-2.93598663480676,-2.88585914322456,-2.83970956519012,-2.76479486451502,6053.35774353015,1.00001339689384
"log_lik_catch[127]",-2.94802367031031,0.00133472550784858,0.103503436959331,-3.16757051697518,-3.01287112486363,-2.9417081824352,-2.87512117689743,-2.76685337663285,6013.47655343997,1.00015288982937
"log_lik_catch[128]",-2.47693063957251,0.000486026590781673,0.0437607693331431,-2.56489757510206,-2.50590017512228,-2.47592118743911,-2.4472260698094,-2.39066233195429,8106.80704337811,0.999669259861986
"log_lik_catch[129]",-1.81999304283902,0.000543846880291463,0.047201651418763,-1.92045399517774,-1.84958266530426,-1.81692338599167,-1.78660204811972,-1.73725950251816,7532.8809426449,1.00015585104083
"log_lik_catch[130]",-2.68971544833838,0.00153929790836983,0.121160846475605,-2.93852476231786,-2.76785701213149,-2.68513954643218,-2.60601153815121,-2.46981455280828,6195.54105424931,1.00027990938745
"log_lik_catch[131]",-2.32062069499631,0.000605416043520171,0.0492886555851032,-2.42240907753792,-2.35173002684744,-2.31828714432322,-2.28714899374135,-2.23090391622447,6628.05484708692,0.999835173078642
"log_lik_catch[132]",-4.89450408662481,0.00350386295292266,0.281288140285834,-5.45413286224241,-5.07956905396923,-4.88794965163195,-4.70236391496704,-4.37021601847721,6444.78778050445,1.00069798179226
"log_lik_catch[133]",-2.60571928374078,0.00112592713587637,0.0882362009830304,-2.79587969004692,-2.66074781255108,-2.60000158569813,-2.54377923672338,-2.45144504995203,6141.47983460285,1.00082094260018
"log_lik_catch[134]",-1.55672172762318,0.0013633420759673,0.109503946849606,-1.78872403301801,-1.627817439364,-1.55307011168829,-1.48026277547042,-1.35636689475696,6451.33908087046,1.00054456404202
"log_lik_catch[135]",-2.05885872919928,0.000446543735180991,0.039607291569886,-2.14007171457201,-2.084277559162,-2.05720153685796,-2.0326361182499,-1.9833856690886,7867.23801225557,0.999744012542279
"log_lik_catch[136]",-1.91738441086059,0.000685042269643115,0.0554627691636708,-2.03542604440072,-1.95188468255575,-1.91355641944474,-1.87894768882637,-1.81914449490525,6554.93453927654,1.00071352641721
"log_lik_catch[137]",-3.04561034107892,0.000959525790428168,0.0749629793921385,-3.19815395250748,-3.09503106614541,-3.04114106404287,-2.99340618360851,-2.90820002574228,6103.52002413637,1.00041693605419
"log_lik_catch[138]",-2.00015431322906,0.00168751714342173,0.137922374719466,-2.28802865512951,-2.08936334613484,-1.99486748804591,-1.90333241442303,-1.74615174128441,6679.94774680895,1.00040869342569
"log_lik_catch[139]",-1.54477914745911,0.000733261678261153,0.0579615841859294,-1.67034344378355,-1.58094747459897,-1.54030723257836,-1.50396990550304,-1.44305941194313,6248.30926190579,1.00083263219148
"log_lik_catch[140]",-2.1177081246871,0.00127594784446319,0.100924743472857,-2.33408109654062,-2.18266741459277,-2.11264027116315,-2.04626670997747,-1.94125550676404,6256.47139510959,1.00070421710452
"log_lik_catch[141]",-0.952930254112203,0.000904514360249597,0.0715709280836667,-1.10508560192455,-0.999568192392004,-0.949858730919994,-0.902793337064238,-0.824561067338232,6260.98070502582,1.00071834940595
"log_lik_catch[142]",-2.57987172372485,0.000657488104171076,0.0558568394372433,-2.69411163505974,-2.61574423436078,-2.57694458495365,-2.54188044654436,-2.47875250373433,7217.33588582265,1.0004275742831
"log_lik_catch[143]",-1.55672172762318,0.0013633420759673,0.109503946849606,-1.78872403301801,-1.627817439364,-1.55307011168829,-1.48026277547042,-1.35636689475696,6451.33908087046,1.00054456404202
"log_lik_catch[144]",-1.82144428481775,0.000582134763328177,0.0465802805561498,-1.9166295019838,-1.85236934244283,-1.81922560116385,-1.78912744781612,-1.73448303602752,6402.61120533465,1.00031102634744
"log_lik_catch[145]",-5.16252875843234,0.00368981249609416,0.296493011321933,-5.75978418494443,-5.35649381086845,-5.15337641012417,-4.9593390700442,-4.61666884321972,6456.84449882376,1.0006830228042
"log_lik_catch[146]",-1.82144428481775,0.000582134763328177,0.0465802805561498,-1.9166295019838,-1.85236934244283,-1.81922560116385,-1.78912744781612,-1.73448303602752,6402.61120533465,1.00031102634744
"log_lik_catch[147]",-2.05885872919928,0.000446543735180991,0.039607291569886,-2.14007171457201,-2.084277559162,-2.05720153685796,-2.0326361182499,-1.9833856690886,7867.23801225557,0.999744012542279
"log_lik_catch[148]",-0.952930254112203,0.000904514360249597,0.0715709280836667,-1.10508560192455,-0.999568192392004,-0.949858730919994,-0.902793337064238,-0.824561067338232,6260.98070502582,1.00071834940595
"log_lik_catch[149]",-1.75769136436396,0.000403809808699352,0.0362899577598189,-1.83328767862419,-1.78089671189965,-1.75611011453927,-1.73309497852658,-1.68972984268748,8076.42561577403,1.00005510508116
"log_lik_catch[150]",-1.55672172762318,0.0013633420759673,0.109503946849606,-1.78872403301801,-1.627817439364,-1.55307011168829,-1.48026277547042,-1.35636689475696,6451.33908087046,1.00054456404202
"log_lik_catch[151]",-1.55672172762318,0.0013633420759673,0.109503946849606,-1.78872403301801,-1.627817439364,-1.55307011168829,-1.48026277547042,-1.35636689475696,6451.33908087046,1.00054456404202
"log_lik_catch[152]",-3.1838612141979,0.0016130506082192,0.126003028296852,-3.43759127195106,-3.2673474912483,-3.18057186542521,-3.09728702589159,-2.94688456915601,6101.91254996115,1.00073095747556
"log_lik_catch[153]",-2.50944884283171,0.000530574603923742,0.0478290589856954,-2.60678615324225,-2.54058441854753,-2.50792964946995,-2.47726938289609,-2.41814531334264,8126.26079101557,1.0000449327162
"log_lik_catch[154]",-3.15140328308075,0.000713520974712049,0.0588964986005845,-3.27318163213481,-3.18978126675527,-3.14920641846608,-3.11193210640192,-3.04066932439787,6813.42477051532,1.0000179344144
"log_lik_catch[155]",-2.07668200614128,0.000465507172987584,0.0418994103643675,-2.16294112092918,-2.10372380661464,-2.07509130311383,-2.04836475478407,-1.9974753031209,8101.45581781433,1.00005016041138
"log_lik_catch[156]",-5.61732056553331,0.0031278735891745,0.248675131550667,-6.13200329314567,-5.77478354816048,-5.60555601648429,-5.44447931321125,-5.17144225409253,6320.71671948329,1.00068947589359
"log_lik_catch[157]",-3.17704991938291,0.000798167556349762,0.0660049468236439,-3.31368439079512,-3.21868274013593,-3.17408125262953,-3.13191278928136,-3.05613570247211,6838.56264286407,1.00058431214381
"log_lik_catch[158]",-2.63515464751066,0.000480524957969297,0.0448680999269176,-2.72560048342402,-2.66508464961599,-2.63447873464087,-2.60520068996059,-2.5465782033495,8718.53385034033,0.999688347391588
"log_lik_catch[159]",-2.31153145129845,0.000865014649515471,0.0710873301191047,-2.4597861485073,-2.35799322169483,-2.30664711703314,-2.26195009972854,-2.18524836063136,6753.63338596406,1.00030246718863
"log_lik_catch[160]",-3.99487607341675,0.00258907562382072,0.206211519441716,-4.4246464134703,-4.12623858184074,-3.98597479317825,-3.84674604853914,-3.62294894806807,6343.60850785072,1.00018827736128
"log_lik_catch[161]",-4.36052732037458,0.00302974679673017,0.243212649790639,-4.86539193857875,-4.51735989232253,-4.35139731493669,-4.18428428285518,-3.91665077329265,6444.06108862039,1.00018081102366
"log_lik_catch[162]",-2.89101458513145,0.000927574507747605,0.0721683830487201,-3.04634755228488,-2.93598663480676,-2.88585914322456,-2.83970956519012,-2.76479486451502,6053.35774353015,1.00001339689384
"log_lik_catch[163]",-2.78111492719733,0.000551929131542479,0.0484312363725587,-2.87803825586343,-2.81264774218101,-2.77989392333235,-2.74880106000677,-2.68796002315557,7699.88922961417,0.999697733574263
"log_lik_catch[164]",-1.75864961232824,0.000462169410580497,0.038074682070127,-1.83735374135772,-1.78274826244224,-1.7565218043716,-1.732685830648,-1.68955563066169,6786.88008624941,0.99982175305556
"log_lik_catch[165]",-1.81999304283902,0.000543846880291463,0.047201651418763,-1.92045399517774,-1.84958266530426,-1.81692338599167,-1.78660204811972,-1.73725950251816,7532.8809426449,1.00015585104083
"log_lik_catch[166]",-2.94802367031031,0.00133472550784858,0.103503436959331,-3.16757051697518,-3.01287112486363,-2.9417081824352,-2.87512117689743,-2.76685337663285,6013.47655343997,1.00015288982937
"log_lik_catch[167]",-3.6400112168123,0.00160074823036766,0.124237524822191,-3.90536907206492,-3.71737749863882,-3.63152847792055,-3.55081086906171,-3.4241223320387,6023.64709353106,1.00015395694645
"log_lik_catch[168]",-3.6400112168123,0.00160074823036766,0.124237524822191,-3.90536907206492,-3.71737749863882,-3.63152847792055,-3.55081086906171,-3.4241223320387,6023.64709353106,1.00015395694645
"log_lik_catch[169]",-2.93827285876924,0.000718316885922298,0.057918197796359,-3.05940320446518,-2.97448946868053,-2.93508203137265,-2.8989822251883,-2.83293282214588,6501.26588462487,0.999845748387033
"log_lik_catch[170]",-1.68161563152483,0.000939844142459483,0.0748705392558179,-1.8357603313909,-1.73081659770228,-1.67694472402762,-1.63041688083737,-1.54697648170738,6346.14870206037,1.00034114652077
"log_lik_catch[171]",-1.27475987093052,0.000289273612124442,0.0259162222756964,-1.32927346041343,-1.2911231851254,-1.27335515625073,-1.25712143495843,-1.22708068661252,8026.49159015048,1.00006414860232
"log_lik_catch[172]",-1.55672172762318,0.0013633420759673,0.109503946849606,-1.78872403301801,-1.627817439364,-1.55307011168829,-1.48026277547042,-1.35636689475696,6451.33908087046,1.00054456404202
"log_lik_catch[173]",-2.47354542439979,0.000454460710334957,0.0427052570420566,-2.56044420262958,-2.50178453645102,-2.47276714121735,-2.44512628644415,-2.38965630175618,8830.18890407266,0.999619859584327
"log_lik_catch[174]",-3.04561034107892,0.000959525790428168,0.0749629793921385,-3.19815395250748,-3.09503106614541,-3.04114106404287,-2.99340618360851,-2.90820002574228,6103.52002413637,1.00041693605419
"log_lik_catch[175]",-1.54477914745911,0.000733261678261153,0.0579615841859294,-1.67034344378355,-1.58094747459897,-1.54030723257836,-1.50396990550304,-1.44305941194313,6248.30926190579,1.00083263219148
"log_lik_catch[176]",-2.47354542439979,0.000454460710334957,0.0427052570420566,-2.56044420262958,-2.50178453645102,-2.47276714121735,-2.44512628644415,-2.38965630175618,8830.18890407266,0.999619859584327
"log_lik_catch[177]",-1.27475987093052,0.000289273612124442,0.0259162222756964,-1.32927346041343,-1.2911231851254,-1.27335515625073,-1.25712143495843,-1.22708068661252,8026.49159015048,1.00006414860232
"log_lik_catch[178]",-2.5195864254597,0.000617879433665631,0.0514547027539845,-2.62582730403519,-2.55295940618516,-2.51780220285506,-2.48532229435297,-2.42291100914015,6934.93935778246,0.999995776220601
"log_lik_catch[179]",-2.57987172372485,0.000657488104171076,0.0558568394372433,-2.69411163505974,-2.61574423436078,-2.57694458495365,-2.54188044654436,-2.47875250373433,7217.33588582265,1.0004275742831
"log_lik_catch[180]",-1.91738441086059,0.000685042269643115,0.0554627691636708,-2.03542604440072,-1.95188468255575,-1.91355641944474,-1.87894768882637,-1.81914449490525,6554.93453927654,1.00071352641721
"log_lik_catch[181]",-2.31665292458921,0.000504120592282037,0.0454167120057136,-2.40945823449044,-2.34611971889796,-2.31507534838608,-2.28603421330511,-2.23029660308882,8116.38246452782,1.00004705767742
"log_lik_catch[182]",-1.55672172762318,0.0013633420759673,0.109503946849606,-1.78872403301801,-1.627817439364,-1.55307011168829,-1.48026277547042,-1.35636689475696,6451.33908087046,1.00054456404202
"log_lik_catch[183]",-1.55672172762318,0.0013633420759673,0.109503946849606,-1.78872403301801,-1.627817439364,-1.55307011168829,-1.48026277547042,-1.35636689475696,6451.33908087046,1.00054456404202
"log_lik_catch[184]",-3.04561034107892,0.000959525790428168,0.0749629793921385,-3.19815395250748,-3.09503106614541,-3.04114106404287,-2.99340618360851,-2.90820002574228,6103.52002413637,1.00041693605419
"log_lik_catch[185]",-3.13868594212113,0.0018058608132684,0.142081001276683,-3.41638335341789,-3.23422660570925,-3.13775087228195,-3.04171953096894,-2.8652262628005,6190.18274008843,1.00076980505197
"log_lik_catch[186]",-2.67073628236742,0.000549835042180337,0.0495866721059528,-2.77146675099942,-2.70307361292315,-2.66921386792139,-2.63742966754511,-2.575806005956,8133.2682315434,1.00004338734589
"log_lik_catch[187]",-1.82144428481775,0.000582134763328177,0.0465802805561498,-1.9166295019838,-1.85236934244283,-1.81922560116385,-1.78912744781612,-1.73448303602752,6402.61120533465,1.00031102634744
"log_lik_catch[188]",-2.77607518247603,0.000893212874926141,0.0700449163480303,-2.91880320928816,-2.82217145897444,-2.7720672279532,-2.72745160004335,-2.64720903601941,6149.5493780217,1.00040053081655
"log_lik_catch[189]",-2.92894804073135,0.000638299552446726,0.0539714414662205,-3.03973463208277,-2.96409544220151,-2.92705674110482,-2.89333199788918,-2.82675722894566,7149.55406800223,0.999907053324882
"log_lik_catch[190]",-2.40341158261429,0.000660455671230265,0.0554682228194743,-2.51862776504448,-2.43836501167477,-2.40029597729941,-2.36520896132952,-2.30239018204053,7053.44290833375,1.00049762289328
"log_lik_catch[191]",-1.27475987093052,0.000289273612124442,0.0259162222756964,-1.32927346041343,-1.2911231851254,-1.27335515625073,-1.25712143495843,-1.22708068661252,8026.49159015048,1.00006414860232
"log_lik_catch[192]",-3.91923897668443,0.00220367562797764,0.173494861447986,-4.27123927413479,-4.03342139799475,-3.91402489382535,-3.79931860881848,-3.59652747815786,6198.37569124729,1.00073608837159
"log_lik_catch[193]",-2.35087226496496,0.00194573992055491,0.161512655311569,-2.69157288337462,-2.45486905655699,-2.34496314728314,-2.23846129285218,-2.0526034754353,6890.38574115907,1.00030865688707
"log_lik_catch[194]",-2.40738862770258,0.000786191078459446,0.0620542503306487,-2.53256601390484,-2.44804750649963,-2.40398627702268,-2.36448202883917,-2.29322869297537,6229.98275071388,1.00037185420292
"log_lik_catch[195]",-2.40691402265457,0.000938499329646228,0.0772613206770881,-2.56868099830878,-2.4562050890786,-2.40397712246929,-2.35222471316026,-2.26756714569466,6777.29393425242,0.999637651857644
"log_lik_catch[196]",-1.57671153741635,0.000689496572174628,0.0544737280964215,-1.68781449223861,-1.61166487831436,-1.57505435955245,-1.53890104075866,-1.47527213639314,6241.80180689589,0.999673717741466
"log_lik_catch[197]",-1.28324114725111,0.000319362472763388,0.0269201301410228,-1.34038416987437,-1.30082519728423,-1.28189468201479,-1.26454677490454,-1.23488158056973,7105.36750680266,0.999808323342825
"log_lik_catch[198]",-2.37877645147091,0.000596642559450219,0.0522883914881497,-2.48720492651869,-2.41173218294819,-2.37752205610455,-2.34252937683002,-2.28102498374511,7680.36935662959,0.999531488618045
"log_lik_catch[199]",-1.60883563964338,0.0011459936266169,0.100344077800644,-1.81248493776473,-1.6754596806334,-1.60385583216647,-1.54135647899455,-1.41818910749037,7666.88744039,0.999473839735149
"log_lik_catch[200]",-2.998824862814,0.000915665864860965,0.0766097181618723,-3.16309818156348,-3.04697290910253,-2.99586838057956,-2.94597650607099,-2.86122886962729,6999.92973214522,0.999613678648221
"log_lik_catch[201]",-2.64011262892172,0.000475932237521367,0.0446100889372396,-2.72836856851752,-2.66941986476699,-2.63973647281138,-2.61055593013662,-2.5510282025217,8785.69115230939,0.999585820172009
"log_lik_catch[202]",-1.60883563964338,0.0011459936266169,0.100344077800644,-1.81248493776473,-1.6754596806334,-1.60385583216647,-1.54135647899455,-1.41818910749037,7666.88744039,0.999473839735149
"log_lik_catch[203]",-2.47554450276669,0.000475395201984748,0.0432051608745942,-2.56346046172072,-2.50427436804624,-2.47435454488883,-2.44630621511492,-2.39170440704726,8259.65038207733,0.999728821613822
"log_lik_catch[204]",-2.37877645147091,0.000596642559450219,0.0522883914881497,-2.48720492651869,-2.41173218294819,-2.37752205610455,-2.34252937683002,-2.28102498374511,7680.36935662959,0.999531488618045
"log_lik_catch[205]",-2.16998256426258,0.00108985554849028,0.0922517440060211,-2.35982480025377,-2.22999283809057,-2.16489140067953,-2.10698011067031,-1.99739906377841,7164.9191031219,0.999509616925031
"log_lik_catch[206]",-3.1148859938403,0.00130659327784473,0.105847242376151,-3.34266826786397,-3.18248823630161,-3.10911228948532,-3.04012316310382,-2.92704929037535,6562.63509653959,0.999703962453008
"log_lik_catch[207]",-3.1148859938403,0.00130659327784473,0.105847242376151,-3.34266826786397,-3.18248823630161,-3.10911228948532,-3.04012316310382,-2.92704929037535,6562.63509653959,0.999703962453008
"log_lik_catch[208]",-2.1491043807515,0.000845446855012306,0.0670579396800887,-2.2843821427996,-2.19235843498782,-2.14708126393105,-2.10262720569498,-2.02290107209339,6291.11734276122,0.999659514981311
"log_lik_catch[209]",-2.37877645147091,0.000596642559450219,0.0522883914881497,-2.48720492651869,-2.41173218294819,-2.37752205610455,-2.34252937683002,-2.28102498374511,7680.36935662959,0.999531488618045
"log_lik_catch[210]",-0.990387080583524,0.000772521973177884,0.06517683586177,-1.12256435621163,-1.03358110423589,-0.987421809163757,-0.946082945750587,-0.866938182307824,7118.11276352498,0.999518163779352
"log_lik_catch[211]",-3.1148859938403,0.00130659327784473,0.105847242376151,-3.34266826786397,-3.18248823630161,-3.10911228948532,-3.04012316310382,-2.92704929037535,6562.63509653959,0.999703962453008
"log_lik_catch[212]",-2.73670898933231,0.000920940232752943,0.0766085029194994,-2.89978740572998,-2.78482606586735,-2.73353092611199,-2.68295300274331,-2.59909861910532,6919.76042192642,0.999621997305998
"log_lik_catch[213]",-2.28134191830595,0.00043373461241656,0.04011847566263,-2.36259172766276,-2.30811175703071,-2.28032769936211,-2.2543956645962,-2.20277091481394,8555.40720724316,0.999678889511726
"log_lik_catch[214]",-2.41571554484258,0.0016457432582872,0.150940090572524,-2.72870280916677,-2.51506780342841,-2.41021837898339,-2.31529066958877,-2.13237125272915,8411.72455495326,0.999467107751381
"log_lik_catch[215]",-1.76944223225823,0.000442897331837825,0.0374509106704333,-1.84766343480539,-1.79413627169602,-1.768035996841,-1.74362521424266,-1.70094256666202,7150.20736961687,0.999818408940121
"log_lik_catch[216]",-1.60883563964338,0.0011459936266169,0.100344077800644,-1.81248493776473,-1.6754596806334,-1.60385583216647,-1.54135647899455,-1.41818910749037,7666.88744039,0.999473839735149
"log_lik_catch[217]",-3.00990289853938,0.000719517462986257,0.0623557037476726,-3.14106017724869,-3.04906784842349,-3.00832359971212,-2.96653898230132,-2.89503954372173,7510.51455811795,0.999549324175518
"log_lik_catch[218]",-2.94769709023025,0.000625730397721905,0.053133991292636,-3.05595837929474,-2.98299944103856,-2.94663472322403,-2.91147337282611,-2.84787694210532,7210.58289236586,0.999833106605913
"log_lik_catch[219]",-2.05042807503058,0.000394886097331076,0.0370709726477598,-2.12442324609514,-2.0746980865259,-2.04974575778712,-2.02573671092894,-1.97724108025701,8813.01022764073,0.999589761469907
"log_lik_catch[220]",-0.990387080583524,0.000772521973177884,0.06517683586177,-1.12256435621163,-1.03358110423589,-0.987421809163757,-0.946082945750587,-0.866938182307824,7118.11276352498,0.999518163779352
"log_lik_catch[221]",-2.05042807503058,0.000394886097331076,0.0370709726477598,-2.12442324609514,-2.0746980865259,-2.04974575778712,-2.02573671092894,-1.97724108025701,8813.01022764073,0.999589761469907
"log_lik_catch[222]",-2.64011262892172,0.000475932237521367,0.0446100889372396,-2.72836856851752,-2.66941986476699,-2.63973647281138,-2.61055593013662,-2.5510282025217,8785.69115230939,0.999585820172009
"log_lik_catch[223]",-1.8908087893319,0.000911096065840177,0.0750194802875083,-2.0428188609407,-1.94103633585821,-1.88792220137712,-1.83951675232139,-1.74976616690047,6779.84491353985,0.999566570687008
"log_lik_catch[224]",-2.05042807503058,0.000394886097331076,0.0370709726477598,-2.12442324609514,-2.0746980865259,-2.04974575778712,-2.02573671092894,-1.97724108025701,8813.01022764073,0.999589761469907
"log_lik_catch[225]",-3.06024056798952,0.0015341944191841,0.122386549099625,-3.31475102394197,-3.14028798815757,-3.0550770547011,-2.97571012967416,-2.83851905841322,6363.65433477612,0.999731501690023
"log_lik_catch[226]",-3.06024056798952,0.0015341944191841,0.122386549099625,-3.31475102394197,-3.14028798815757,-3.0550770547011,-2.97571012967416,-2.83851905841322,6363.65433477612,0.999731501690023
"log_lik_catch[227]",-1.57671153741635,0.000689496572174628,0.0544737280964215,-1.68781449223861,-1.61166487831436,-1.57505435955245,-1.53890104075866,-1.47527213639314,6241.80180689589,0.999673717741466
"log_lik_catch[228]",-4.44630644814815,0.00285714210258309,0.225441919883215,-4.90435007272903,-4.59700592895924,-4.4382005593831,-4.29251272732997,-4.02503468489007,6225.95054547297,0.999822133459861
"log_lik_catch[229]",-2.998824862814,0.000915665864860965,0.0766097181618723,-3.16309818156348,-3.04697290910253,-2.99586838057956,-2.94597650607099,-2.86122886962729,6999.92973214522,0.999613678648221
"log_lik_catch[230]",-2.47554450276669,0.000475395201984748,0.0432051608745942,-2.56346046172072,-2.50427436804624,-2.47435454488883,-2.44630621511492,-2.39170440704726,8259.65038207733,0.999728821613822
"log_lik_catch[231]",-1.28324114725111,0.000319362472763388,0.0269201301410228,-1.34038416987437,-1.30082519728423,-1.28189468201479,-1.26454677490454,-1.23488158056973,7105.36750680266,0.999808323342825
"log_lik_catch[232]",-2.28134191830595,0.00043373461241656,0.04011847566263,-2.36259172766276,-2.30811175703071,-2.28032769936211,-2.2543956645962,-2.20277091481394,8555.40720724316,0.999678889511726
"log_lik_catch[233]",-0.990387080583524,0.000772521973177884,0.06517683586177,-1.12256435621163,-1.03358110423589,-0.987421809163757,-0.946082945750587,-0.866938182307824,7118.11276352498,0.999518163779352
"log_lik_catch[234]",-3.1148859938403,0.00130659327784473,0.105847242376151,-3.34266826786397,-3.18248823630161,-3.10911228948532,-3.04012316310382,-2.92704929037535,6562.63509653959,0.999703962453008
"log_lik_catch[235]",-3.41559389968489,0.00113517684511574,0.0934244402969007,-3.61743574623226,-3.47381012479829,-3.41016924589251,-3.34930808693775,-3.24996902095958,6773.20096250207,0.999667950041821
"log_lik_catch[236]",-1.57671153741635,0.000689496572174628,0.0544737280964215,-1.68781449223861,-1.61166487831436,-1.57505435955245,-1.53890104075866,-1.47527213639314,6241.80180689589,0.999673717741466
"log_lik_catch[237]",-2.73670898933231,0.000920940232752943,0.0766085029194994,-2.89978740572998,-2.78482606586735,-2.73353092611199,-2.68295300274331,-2.59909861910532,6919.76042192642,0.999621997305998
"log_lik_catch[238]",-1.76944223225823,0.000442897331837825,0.0374509106704333,-1.84766343480539,-1.79413627169602,-1.768035996841,-1.74362521424266,-1.70094256666202,7150.20736961687,0.999818408940121
"log_lik_catch[239]",-1.60883563964338,0.0011459936266169,0.100344077800644,-1.81248493776473,-1.6754596806334,-1.60385583216647,-1.54135647899455,-1.41818910749037,7666.88744039,0.999473839735149
"log_lik_catch[240]",-2.16998256426258,0.00108985554849028,0.0922517440060211,-2.35982480025377,-2.22999283809057,-2.16489140067953,-2.10698011067031,-1.99739906377841,7164.9191031219,0.999509616925031
"log_lik_catch[241]",-2.81940893778793,0.000563865969281089,0.0512517905481785,-2.92262414211557,-2.85241434718966,-2.81846785299762,-2.78508409743654,-2.71937714578638,8261.64093797131,0.999523161926487
"log_lik_catch[242]",-3.00990289853938,0.000719517462986257,0.0623557037476726,-3.14106017724869,-3.04906784842349,-3.00832359971212,-2.96653898230132,-2.89503954372173,7510.51455811795,0.999549324175518
"log_lik_catch[243]",-2.3505661969788,0.000895683954556567,0.0669628908461585,-2.48264392424129,-2.39640116725299,-2.34965735192102,-2.30369490465199,-2.22316899840285,5589.31775337557,0.999686459539467
"log_lik_catch[244]",-2.12098985334779,0.000606545628190661,0.0476610160588698,-2.21719315128251,-2.15299237659399,-2.11923195525967,-2.08770411659008,-2.03247477281132,6174.46935631443,0.999854466071812
"log_lik_catch[245]",-2.32835754468549,0.00108034395557244,0.0830822824638657,-2.49482447193124,-2.38455346140453,-2.32857488725565,-2.26984788100839,-2.16842028033494,5914.15558393941,0.999514443264591
"log_lik_catch[246]",-1.40991831518738,0.00113068613347838,0.0935069327791408,-1.59591250835546,-1.4724316059697,-1.40887575521667,-1.34583824737879,-1.22799925302324,6839.17144417803,0.999383927462738
"log_lik_catch[247]",-1.45965892338755,0.000645570438929766,0.0481642967043934,-1.55667631487243,-1.49173309480463,-1.45834752601571,-1.42564038314485,-1.3700185009378,5566.25598466037,0.999681210755786
"log_lik_catch[248]",-3.38310960781275,0.00208192050150049,0.157523578341632,-3.70900752323907,-3.48695420363606,-3.37345688900268,-3.27012249837909,-3.10141438161258,5724.8334147702,0.999625031057306
"log_lik_catch[249]",-2.04961481569444,0.000426568690740708,0.0379679697883427,-2.12606434425509,-2.07490917817545,-2.0483991400944,-2.02397890470569,-1.97731625263971,7922.40059510152,0.99977649781258
"log_lik_catch[250]",-1.40991831518738,0.00113068613347838,0.0935069327791408,-1.59591250835546,-1.4724316059697,-1.40887575521667,-1.34583824737879,-1.22799925302324,6839.17144417803,0.999383927462738
"log_lik_catch[251]",-0.849154091082684,0.000767624118405323,0.0606284547224952,-0.970113798422258,-0.890357275322845,-0.849322384019924,-0.807268452860855,-0.731520021437789,6238.1494513857,0.99942793283619
"log_lik_catch[252]",-2.50731796872373,0.000908273840581173,0.0731250891780689,-2.66668379242747,-2.55338908477532,-2.50120118295763,-2.45586261779471,-2.37877189539963,6481.85341168725,0.999438332709885
"log_lik_catch[253]",-2.09710488185619,0.000501978980505944,0.0445444355315678,-2.19044228666823,-2.12548514678322,-2.09540020165745,-2.06645057672979,-2.01599327241352,7874.37068735401,0.99938836440603
"log_lik_catch[254]",-1.72369675214371,0.000903594005724307,0.0687199223574928,-1.86018260088498,-1.7704612931046,-1.72273965566232,-1.6755541996116,-1.59373018899045,5783.8715283642,0.999539040238373
"log_lik_catch[255]",-2.68530533302872,0.0019288146906895,0.174323661543931,-3.03266259178211,-2.7983291675199,-2.68104034292629,-2.56746875374579,-2.35562534813704,8168.29978535248,0.999389790259633
"log_lik_catch[256]",-1.25803366508128,0.000257065338699834,0.0228184725082529,-1.30492717670546,-1.27298480145037,-1.25699043400343,-1.24252579134291,-1.21557399593168,7879.27199168675,0.999765613538932
"log_lik_catch[257]",-1.45965892338755,0.000645570438929766,0.0481642967043934,-1.55667631487243,-1.49173309480463,-1.45834752601571,-1.42564038314485,-1.3700185009378,5566.25598466037,0.999681210755786
"log_lik_catch[258]",-7.53414978499983,0.00629845208542353,0.481918691721408,-8.51965678142141,-7.85430324887559,-7.51830970892429,-7.19564159079451,-6.65844507137512,5854.36617140875,0.999786779095448
"log_lik_catch[259]",-1.82972009140249,0.00138564707486237,0.11840789462229,-2.0623708714811,-1.90816169496367,-1.82771850568685,-1.74887631348889,-1.60118869472634,7302.2392768976,0.999371222204497
"log_lik_catch[260]",-1.40991831518738,0.00113068613347838,0.0935069327791408,-1.59591250835546,-1.4724316059697,-1.40887575521667,-1.34583824737879,-1.22799925302324,6839.17144417803,0.999383927462738
"log_lik_catch[261]",-2.94711521701234,0.00140171663322596,0.108374765345696,-3.1808294170188,-3.01726720773433,-2.93808343244314,-2.87017294351056,-2.75890463308005,5977.72437735226,0.999540286065281
"log_lik_catch[262]",-3.07227322660381,0.00067748153904959,0.0591140013720445,-3.19809400492555,-3.10914765554717,-3.06914703452961,-3.03169639363511,-2.96506339443633,7613.52509864828,0.999386150341911
"log_lik_catch[263]",-2.50731796872373,0.000908273840581173,0.0731250891780689,-2.66668379242747,-2.55338908477532,-2.50120118295763,-2.45586261779471,-2.37877189539963,6481.85341168725,0.999438332709885
"log_lik_catch[264]",-2.50731796872373,0.000908273840581173,0.0731250891780689,-2.66668379242747,-2.55338908477532,-2.50120118295763,-2.45586261779471,-2.37877189539963,6481.85341168725,0.999438332709885
"log_lik_catch[265]",-1.40991831518738,0.00113068613347838,0.0935069327791408,-1.59591250835546,-1.4724316059697,-1.40887575521667,-1.34583824737879,-1.22799925302324,6839.17144417803,0.999383927462738
"log_lik_catch[266]",-2.51929273032246,0.000603295609710879,0.0494199088770811,-2.61726991892011,-2.55195793650144,-2.51745616863328,-2.48538772468379,-2.42705213212962,6710.32493847875,0.999870392211835
"log_lik_catch[267]",-2.94711521701234,0.00140171663322596,0.108374765345696,-3.1808294170188,-3.01726720773433,-2.93808343244314,-2.87017294351056,-2.75890463308005,5977.72437735226,0.999540286065281
"log_lik_catch[268]",-1.40991831518738,0.00113068613347838,0.0935069327791408,-1.59591250835546,-1.4724316059697,-1.40887575521667,-1.34583824737879,-1.22799925302324,6839.17144417803,0.999383927462738
"log_lik_catch[269]",-1.45965892338755,0.000645570438929766,0.0481642967043934,-1.55667631487243,-1.49173309480463,-1.45834752601571,-1.42564038314485,-1.3700185009378,5566.25598466037,0.999681210755786
"log_lik_catch[270]",-2.32835754468549,0.00108034395557244,0.0830822824638657,-2.49482447193124,-2.38455346140453,-2.32857488725565,-2.26984788100839,-2.16842028033494,5914.15558393941,0.999514443264591
"log_lik_catch[271]",-2.50731796872373,0.000908273840581173,0.0731250891780689,-2.66668379242747,-2.55338908477532,-2.50120118295763,-2.45586261779471,-2.37877189539963,6481.85341168725,0.999438332709885
"log_lik_catch[272]",-1.40991831518738,0.00113068613347838,0.0935069327791408,-1.59591250835546,-1.4724316059697,-1.40887575521667,-1.34583824737879,-1.22799925302324,6839.17144417803,0.999383927462738
"log_lik_catch[273]",-2.69936012148141,0.000622254761292707,0.0545909870030675,-2.81516028035982,-2.7335750058427,-2.69671387269898,-2.66192373100497,-2.59990904587249,7696.71554232401,0.99938576909186
"log_lik_catch[274]",-2.33954602455218,0.000603745499186342,0.0485743725446492,-2.43712302287985,-2.371991328812,-2.33783145947756,-2.3060063267686,-2.24938907117024,6473.0145961872,0.999868135939952
"log_lik_catch[275]",-1.82972009140249,0.00138564707486237,0.11840789462229,-2.0623708714811,-1.90816169496367,-1.82771850568685,-1.74887631348889,-1.60118869472634,7302.2392768976,0.999371222204497
"log_lik_catch[276]",-1.45965892338755,0.000645570438929766,0.0481642967043934,-1.55667631487243,-1.49173309480463,-1.45834752601571,-1.42564038314485,-1.3700185009378,5566.25598466037,0.999681210755786
"log_lik_catch[277]",-1.25803366508128,0.000257065338699834,0.0228184725082529,-1.30492717670546,-1.27298480145037,-1.25699043400343,-1.24252579134291,-1.21557399593168,7879.27199168675,0.999765613538932
"log_lik_catch[278]",-2.51929273032246,0.000603295609710879,0.0494199088770811,-2.61726991892011,-2.55195793650144,-2.51745616863328,-2.48538772468379,-2.42705213212962,6710.32493847875,0.999870392211835
"log_lik_catch[279]",-1.84252820995384,0.00061574483092,0.0469910112115565,-1.93619948242508,-1.87389019650107,-1.84068146002021,-1.8096297901069,-1.75514253588971,5824.08939268444,0.999809645672866
"log_lik_catch[280]",-2.00203322746748,0.000816310496598156,0.0609860858999163,-2.12358234939198,-2.04345040782862,-2.00088861318298,-1.95926217758006,-1.88699409933148,5581.49783195195,0.999685187092308
"log_lik_catch[281]",-2.00203322746748,0.000816310496598156,0.0609860858999163,-2.12358234939198,-2.04345040782862,-2.00088861318298,-1.95926217758006,-1.88699409933148,5581.49783195195,0.999685187092308
"log_lik_catch[282]",-1.40991831518738,0.00113068613347838,0.0935069327791408,-1.59591250835546,-1.4724316059697,-1.40887575521667,-1.34583824737879,-1.22799925302324,6839.17144417803,0.999383927462738
"log_lik_catch[283]",-1.60883563964338,0.0011459936266169,0.100344077800644,-1.81248493776473,-1.6754596806334,-1.60385583216647,-1.54135647899455,-1.41818910749037,7666.88744039,0.999473839735149
"log_lik_catch[284]",-0.990387080583524,0.000772521973177884,0.06517683586177,-1.12256435621163,-1.03358110423589,-0.987421809163757,-0.946082945750587,-0.866938182307824,7118.11276352498,0.999518163779352
"log_lik_catch[285]",-1.60883563964338,0.0011459936266169,0.100344077800644,-1.81248493776473,-1.6754596806334,-1.60385583216647,-1.54135647899455,-1.41818910749037,7666.88744039,0.999473839735149
"log_lik_catch[286]",-3.26575044022491,0.00119636408749904,0.0979511549863114,-3.47711499621468,-3.32724479220398,-3.26035452511798,-3.19615777334424,-3.093152306257,6703.35758167826,0.999683156759597
"log_lik_catch[287]",-0.990387080583524,0.000772521973177884,0.06517683586177,-1.12256435621163,-1.03358110423589,-0.987421809163757,-0.946082945750587,-0.866938182307824,7118.11276352498,0.999518163779352
"log_lik_catch[288]",-0.990387080583524,0.000772521973177884,0.06517683586177,-1.12256435621163,-1.03358110423589,-0.987421809163757,-0.946082945750587,-0.866938182307824,7118.11276352498,0.999518163779352
"log_lik_catch[289]",-2.28134191830595,0.00043373461241656,0.04011847566263,-2.36259172766276,-2.30811175703071,-2.28032769936211,-2.2543956645962,-2.20277091481394,8555.40720724316,0.999678889511726
"log_lik_catch[290]",-2.05042807503058,0.000394886097331076,0.0370709726477598,-2.12442324609514,-2.0746980865259,-2.04974575778712,-2.02573671092894,-1.97724108025701,8813.01022764073,0.999589761469907
"log_lik_catch[291]",-3.36956103855511,0.00233214931272954,0.220785601253576,-3.8348387700219,-3.50940350004128,-3.36070082760852,-3.22057510348684,-2.95860670056264,8962.49218314567,0.999498466974527
"log_lik_catch[292]",-3.01998602649049,0.000574035801173193,0.0504788791733547,-3.1225991310831,-3.05282143100847,-3.01939149197005,-2.98595356155824,-2.92287170287401,7732.88316340636,0.999795491527575
"log_lik_catch[293]",-1.60883563964338,0.0011459936266169,0.100344077800644,-1.81248493776473,-1.6754596806334,-1.60385583216647,-1.54135647899455,-1.41818910749037,7666.88744039,0.999473839735149
"log_lik_catch[294]",-1.60883563964338,0.0011459936266169,0.100344077800644,-1.81248493776473,-1.6754596806334,-1.60385583216647,-1.54135647899455,-1.41818910749037,7666.88744039,0.999473839735149
"log_lik_catch[295]",-1.8908087893319,0.000911096065840177,0.0750194802875083,-2.0428188609407,-1.94103633585821,-1.88792220137712,-1.83951675232139,-1.74976616690047,6779.84491353985,0.999566570687008
"log_lik_catch[296]",-1.57671153741635,0.000689496572174628,0.0544737280964215,-1.68781449223861,-1.61166487831436,-1.57505435955245,-1.53890104075866,-1.47527213639314,6241.80180689589,0.999673717741466
"log_lik_catch[297]",-3.1148859938403,0.00130659327784473,0.105847242376151,-3.34266826786397,-3.18248823630161,-3.10911228948532,-3.04012316310382,-2.92704929037535,6562.63509653959,0.999703962453008
"log_lik_catch[298]",-1.28324114725111,0.000319362472763388,0.0269201301410228,-1.34038416987437,-1.30082519728423,-1.28189468201479,-1.26454677490454,-1.23488158056973,7105.36750680266,0.999808323342825
"log_lik_catch[299]",-1.60883563964338,0.0011459936266169,0.100344077800644,-1.81248493776473,-1.6754596806334,-1.60385583216647,-1.54135647899455,-1.41818910749037,7666.88744039,0.999473839735149
"log_lik_catch[300]",-4.11847018823577,0.00160415077480963,0.128743551369353,-4.39734224211424,-4.19906912334793,-4.10975736483956,-4.02779623914829,-3.89595010532418,6441.10826484309,0.999754486619129
"log_lik_catch[301]",-2.06011015325244,0.00141934481652134,0.127709929931147,-2.32009061695878,-2.14474824840621,-2.05498822268408,-1.97490165226508,-1.81943553274122,8096.05595598052,0.999464128640086
"log_lik_catch[302]",-2.81940893778793,0.000563865969281089,0.0512517905481785,-2.92262414211557,-2.85241434718966,-2.81846785299762,-2.78508409743654,-2.71937714578638,8261.64093797131,0.999523161926487
"log_lik_catch[303]",-1.60883563964338,0.0011459936266169,0.100344077800644,-1.81248493776473,-1.6754596806334,-1.60385583216647,-1.54135647899455,-1.41818910749037,7666.88744039,0.999473839735149
"log_lik_catch[304]",-3.84498537330061,0.00164384550309613,0.131545802780617,-4.12810226126752,-3.92855080301922,-3.83651684228267,-3.75323429833711,-3.61634780498392,6403.7150031528,0.999757206282644
"log_lik_catch[305]",-2.16998256426258,0.00108985554849028,0.0922517440060211,-2.35982480025377,-2.22999283809057,-2.16489140067953,-2.10698011067031,-1.99739906377841,7164.9191031219,0.999509616925031
"log_lik_catch[306]",-1.60883563964338,0.0011459936266169,0.100344077800644,-1.81248493776473,-1.6754596806334,-1.60385583216647,-1.54135647899455,-1.41818910749037,7666.88744039,0.999473839735149
"log_lik_catch[307]",-2.77089227836513,0.000485940491452062,0.0453614373552885,-2.86137456454232,-2.80068042992681,-2.77031594343102,-2.74087022767284,-2.68020221861395,8713.79699154307,0.999638397915154
"log_lik_catch[308]",-3.7779000036553,0.000912995464415292,0.0771703608970152,-3.94369375485692,-3.82598136418479,-3.77481150014344,-3.72458064390463,-3.63999600815784,7144.36809709299,0.999599705015676
"log_lik_catch[309]",-2.50209719447384,0.000493188927624985,0.0455771555640778,-2.59334111792036,-2.5313614452339,-2.50133030744766,-2.47185249160019,-2.41200808875446,8540.19524614353,0.999532844796687
"log_lik_catch[310]",-3.06024056798952,0.0015341944191841,0.122386549099625,-3.31475102394197,-3.14028798815757,-3.0550770547011,-2.97571012967416,-2.83851905841322,6363.65433477612,0.999731501690023
"log_lik_catch[311]",-1.28324114725111,0.000319362472763388,0.0269201301410228,-1.34038416987437,-1.30082519728423,-1.28189468201479,-1.26454677490454,-1.23488158056973,7105.36750680266,0.999808323342825
"log_lik_catch[312]",-1.76944223225823,0.000442897331837825,0.0374509106704333,-1.84766343480539,-1.79413627169602,-1.768035996841,-1.74362521424266,-1.70094256666202,7150.20736961687,0.999818408940121
"log_lik_catch[313]",-3.06024056798952,0.0015341944191841,0.122386549099625,-3.31475102394197,-3.14028798815757,-3.0550770547011,-2.97571012967416,-2.83851905841322,6363.65433477612,0.999731501690023
"log_lik_catch[314]",-3.00990289853938,0.000719517462986257,0.0623557037476726,-3.14106017724869,-3.04906784842349,-3.00832359971212,-2.96653898230132,-2.89503954372173,7510.51455811795,0.999549324175518
"log_lik_catch[315]",-2.05042807503058,0.000394886097331076,0.0370709726477598,-2.12442324609514,-2.0746980865259,-2.04974575778712,-2.02573671092894,-1.97724108025701,8813.01022764073,0.999589761469907
"log_lik_catch[316]",-2.28134191830595,0.00043373461241656,0.04011847566263,-2.36259172766276,-2.30811175703071,-2.28032769936211,-2.2543956645962,-2.20277091481394,8555.40720724316,0.999678889511726
"log_lik_catch[317]",-3.40715693194754,0.00193639588080961,0.147403736179787,-3.71984542337706,-3.50238939927886,-3.39650512658884,-3.30095900110375,-3.15195250943834,5794.66965876984,0.999616778461387
"log_lik_catch[318]",-2.69936012148141,0.000622254761292707,0.0545909870030675,-2.81516028035982,-2.7335750058427,-2.69671387269898,-2.66192373100497,-2.59990904587249,7696.71554232401,0.99938576909186
"log_lik_catch[319]",-2.16548506863671,0.00159315869911481,0.13938550861916,-2.43962186349118,-2.25793228967922,-2.16266718853819,-2.0702252287363,-1.90026175893983,7654.50603462662,0.999372798022788
"log_lik_catch[320]",-2.28730901289609,0.000464993617822617,0.0414080533542834,-2.37032155429142,-2.31499134940843,-2.28613389058137,-2.25940460970268,-2.20804721010498,7930.04486277923,0.999778956027338
"log_lik_catch[321]",-2.32835754468549,0.00108034395557244,0.0830822824638657,-2.49482447193124,-2.38455346140453,-2.32857488725565,-2.26984788100839,-2.16842028033494,5914.15558393941,0.999514443264591
"log_lik_catch[322]",-2.61375755514678,0.00132769296126577,0.10204623860442,-2.8300268323334,-2.68091413235764,-2.60666027923683,-2.54147863337105,-2.43254318276865,5907.43153519193,0.999532870547229
"log_lik_catch[323]",-1.45965892338755,0.000645570438929766,0.0481642967043934,-1.55667631487243,-1.49173309480463,-1.45834752601571,-1.42564038314485,-1.3700185009378,5566.25598466037,0.999681210755786
"log_lik_catch[324]",-1.25803366508128,0.000257065338699834,0.0228184725082529,-1.30492717670546,-1.27298480145037,-1.25699043400343,-1.24252579134291,-1.21557399593168,7879.27199168675,0.999765613538932
"log_lik_catch[325]",-2.89237883409138,0.000498677847569639,0.0466078420684028,-2.98463590794226,-2.92313646511764,-2.8920064353724,-2.86155588320539,-2.79904135830762,8735.30028282701,0.999623626259901
"log_lik_catch[326]",-3.21138097359636,0.00144534693846476,0.112055365213601,-3.45529894283407,-3.28303055341468,-3.20120906469828,-3.13183446820359,-3.01878151904718,6010.64525721932,0.999545974882595
"log_lik_catch[327]",-2.09710488185619,0.000501978980505944,0.0445444355315678,-2.19044228666823,-2.12548514678322,-2.09540020165745,-2.06645057672979,-2.01599327241352,7874.37068735401,0.99938836440603
"log_lik_catch[328]",-2.91814618971693,0.000547529391860332,0.0503776928258457,-3.02092115594547,-2.95079998462844,-2.91722293338752,-2.88446211912664,-2.82064789013165,8465.67658579138,0.999440093242165
"log_lik_catch[329]",-1.84252820995384,0.00061574483092,0.0469910112115565,-1.93619948242508,-1.87389019650107,-1.84068146002021,-1.8096297901069,-1.75514253588971,5824.08939268444,0.999809645672866
"log_lik_catch[330]",-5.87225090485237,0.00488912690837094,0.372467468059625,-6.65396557872403,-6.11297292008845,-5.85393944489819,-5.61006438097392,-5.21386760105765,5803.8218400806,0.999779590077234
"log_lik_catch[331]",-1.82972009140249,0.00138564707486237,0.11840789462229,-2.0623708714811,-1.90816169496367,-1.82771850568685,-1.74887631348889,-1.60118869472634,7302.2392768976,0.999371222204497
"log_lik_catch[332]",-2.51929273032246,0.000603295609710879,0.0494199088770811,-2.61726991892011,-2.55195793650144,-2.51745616863328,-2.48538772468379,-2.42705213212962,6710.32493847875,0.999870392211835
"log_lik_catch[333]",-2.00203322746748,0.000816310496598156,0.0609860858999163,-2.12358234939198,-2.04345040782862,-2.00088861318298,-1.95926217758006,-1.88699409933148,5581.49783195195,0.999685187092308
"log_lik_catch[334]",-1.40991831518738,0.00113068613347838,0.0935069327791408,-1.59591250835546,-1.4724316059697,-1.40887575521667,-1.34583824737879,-1.22799925302324,6839.17144417803,0.999383927462738
"log_lik_catch[335]",-1.82365611131057,0.000589071198657172,0.0509841161120332,-1.93437522660314,-1.85550807442126,-1.81912969561036,-1.78796874549681,-1.73297874315754,7490.90363669614,0.999608493451017
"log_lik_catch[336]",-3.56039179892334,0.000593402008055845,0.0554556634765693,-3.67303657754117,-3.59641104249667,-3.55904201449509,-3.52326929266304,-3.45324838197769,8733.6098669333,0.999648979972542
"log_lik_catch[337]",-2.3196382076218,0.000614829539432327,0.0505031266336579,-2.42750733482506,-2.35141787684953,-2.3163996623079,-2.28487762647068,-2.22685552799336,6747.25435101891,0.999512478770643
"log_lik_catch[338]",-3.50521235570464,0.000706955632614984,0.0586627564910827,-3.6274083915539,-3.54270628422561,-3.50227369093234,-3.46584941203439,-3.39484924251224,6885.58135726225,0.999514854265853
"log_lik_catch[339]",-3.27336327857931,0.00119092568432415,0.0928600400151662,-3.47725546268869,-3.3312540114293,-3.26685746413993,-3.20652493577133,-3.11359934142517,6079.78763316672,0.999471750336099
"log_lik_catch[340]",-1.563953168417,0.00134897484702625,0.106553091737161,-1.78245664880032,-1.63607332034058,-1.55987072497557,-1.49045848795295,-1.36818203290614,6239.13535574278,0.999740120315541
"log_lik_catch[341]",-1.54905443460074,0.00071423215528425,0.0557576526672673,-1.667678205591,-1.58450787569029,-1.54569454668391,-1.51027418184561,-1.45137892507116,6094.38894070502,0.999883216102781
"log_lik_catch[342]",-2.44893325099142,0.00115152732918304,0.0872149432333838,-2.62139388013654,-2.50710578846016,-2.4474450561408,-2.38842617371012,-2.28556935281629,5736.31914731814,0.999820595295338
"log_lik_catch[343]",-2.51118997194436,0.000515079122026401,0.0472640250099926,-2.60557581117317,-2.54277663607454,-2.50984141529575,-2.47880157272006,-2.4218415788243,8420.02756716212,0.999864180945895
"log_lik_catch[344]",-2.64861687375178,0.000545405604047459,0.0471924303391495,-2.74381789513502,-2.6792821505906,-2.64714347500262,-2.61749132589489,-2.55671546869698,7486.95968939992,0.999679587012363
"log_lik_catch[345]",-2.47333913847833,0.000454772460157906,0.0426336544600795,-2.55820433082958,-2.50188882203097,-2.47275494703471,-2.44475446059721,-2.39018296758202,8788.54150003266,0.999745891292879
"log_lik_catch[346]",-3.17335573307853,0.00157637381105859,0.1197632545409,-3.41302879445226,-3.25230977905411,-3.16994330856805,-3.09073935766659,-2.9527233035073,5772.03234928573,0.999843006559219
"log_lik_catch[347]",-1.75901049785339,0.000392568106083395,0.035854359378963,-1.83182171243419,-1.78266689615571,-1.75749261259424,-1.73422087245495,-1.69246823286774,8341.6873632461,0.999859702739787
"log_lik_catch[348]",-2.44893325099142,0.00115152732918304,0.0872149432333838,-2.62139388013654,-2.50710578846016,-2.4474450561408,-2.38842617371012,-2.28556935281629,5736.31914731814,0.999820595295338
"log_lik_catch[349]",-3.91774727284122,0.00195281818700255,0.149139983568942,-4.22092390460986,-4.01341488920824,-3.91176808988689,-3.81346094606159,-3.64661400302541,5832.63177688205,0.999859164380358
"log_lik_catch[350]",-2.0572217090365,0.000450368422906961,0.0391464886906221,-2.13762771059142,-2.08247884473281,-2.05587688237275,-2.03128662570074,-1.98171717929173,7555.26603220077,0.999683008575154
"log_lik_catch[351]",-3.17335573307853,0.00157637381105859,0.1197632545409,-3.41302879445226,-3.25230977905411,-3.16994330856805,-3.09073935766659,-2.9527233035073,5772.03234928573,0.999843006559219
"log_lik_catch[352]",-3.17335573307853,0.00157637381105859,0.1197632545409,-3.41302879445226,-3.25230977905411,-3.16994330856805,-3.09073935766659,-2.9527233035073,5772.03234928573,0.999843006559219
"log_lik_catch[353]",-3.26628395933479,0.00107403349006683,0.0838717926823875,-3.44209486825884,-3.31939035851101,-3.26091574560306,-3.2086721517051,-3.11683398621693,6098.12334393655,0.999866454177829
"log_lik_catch[354]",-3.58348628870848,0.00201407618212882,0.154325584600228,-3.8922203637399,-3.68309106895726,-3.57868335941637,-3.47669878038832,-3.2973598026788,5871.16214153153,0.999866758099679
"log_lik_catch[355]",-2.12493876350053,0.00125878447608652,0.09752323648515,-2.32999001379877,-2.18978530776616,-2.11903595900252,-2.05681986207969,-1.95236785489911,6002.24135383271,0.999782572502279
"log_lik_catch[356]",-1.8181889070799,0.000569520831315305,0.0450678483286349,-1.91010911272659,-1.84783271351396,-1.81617964300318,-1.78647755033885,-1.73496959014799,6262.01956845818,0.999725704202864
"log_lik_catch[357]",-2.77795336015978,0.00115915777599456,0.0878028093520279,-2.95404016218156,-2.83668031480799,-2.77526474510453,-2.71530315077834,-2.61597662310703,5737.61915631798,0.999802160410692
"log_lik_catch[358]",-1.27569971109886,0.000281633885994128,0.0255988429874497,-1.32857890611081,-1.29231482411466,-1.27428845691458,-1.25787817083755,-1.22896921401309,8261.72733924657,0.999856093168214
"log_lik_catch[359]",-2.0572217090365,0.000450368422906961,0.0391464886906221,-2.13762771059142,-2.08247884473281,-2.05587688237275,-2.03128662570074,-1.98171717929173,7555.26603220077,0.999683008575154
"log_lik_catch[360]",-2.47333913847833,0.000454772460157906,0.0426336544600795,-2.55820433082958,-2.50188882203097,-2.47275494703471,-2.44475446059721,-2.39018296758202,8788.54150003266,0.999745891292879
"log_lik_catch[361]",-1.563953168417,0.00134897484702625,0.106553091737161,-1.78245664880032,-1.63607332034058,-1.55987072497557,-1.49045848795295,-1.36818203290614,6239.13535574278,0.999740120315541
"log_lik_catch[362]",-0.958065312186726,0.000900276750822375,0.0692058775332421,-1.10209241543302,-1.00448718155099,-0.954475487324766,-0.910004749133461,-0.832120086279026,5909.27076613524,0.999789958275781
"log_lik_catch[363]",-1.54905443460074,0.00071423215528425,0.0557576526672673,-1.667678205591,-1.58450787569029,-1.54569454668391,-1.51027418184561,-1.45137892507116,6094.38894070502,0.999883216102781
"log_lik_catch[364]",-3.03982636160629,0.000929365839576265,0.0718335625384047,-3.1865435477077,-3.08532754035176,-3.0368521875066,-2.98884003695612,-2.90870632713754,5974.22260292328,0.999742644500101
"log_lik_catch[365]",-2.93945585773497,0.00189724631981487,0.154844122501292,-3.26668112853269,-3.04120071339695,-2.93187713379342,-2.82950852137569,-2.65706547502228,6661.03955128564,0.999705083162178
"log_lik_catch[366]",-2.3599621349621,0.00192682141670545,0.158520638247915,-2.68923815925974,-2.46535954163947,-2.35699873665332,-2.24946839271733,-2.06206257534878,6768.44173583669,0.999695015751221
"log_lik_catch[367]",-2.5830333330095,0.00064019782410967,0.0544739151885608,-2.69545399038744,-2.61884617386299,-2.58101916418884,-2.54537515514952,-2.48237027992975,7240.17049284788,0.999911875702454
"log_lik_catch[368]",-1.563953168417,0.00134897484702625,0.106553091737161,-1.78245664880032,-1.63607332034058,-1.55987072497557,-1.49045848795295,-1.36818203290614,6239.13535574278,0.999740120315541
"log_lik_catch[369]",-2.31830586985147,0.000489531686627944,0.0448786502741887,-2.40808979546969,-2.34820947946944,-2.31689451521719,-2.28748987515986,-2.23383048490849,8404.61758458882,0.999863201380578
"log_lik_catch[370]",-2.12493876350053,0.00125878447608652,0.09752323648515,-2.32999001379877,-2.18978530776616,-2.11903595900252,-2.05681986207969,-1.95236785489911,6002.24135383271,0.999782572502279
"log_lik_catch[371]",-1.563953168417,0.00134897484702625,0.106553091737161,-1.78245664880032,-1.63607332034058,-1.55987072497557,-1.49045848795295,-1.36818203290614,6239.13535574278,0.999740120315541
"log_lik_catch[372]",-1.563953168417,0.00134897484702625,0.106553091737161,-1.78245664880032,-1.63607332034058,-1.55987072497557,-1.49045848795295,-1.36818203290614,6239.13535574278,0.999740120315541
"log_lik_catch[373]",-1.563953168417,0.00134897484702625,0.106553091737161,-1.78245664880032,-1.63607332034058,-1.55987072497557,-1.49045848795295,-1.36818203290614,6239.13535574278,0.999740120315541
"log_lik_catch[374]",-1.75901049785339,0.000392568106083395,0.035854359378963,-1.83182171243419,-1.78266689615571,-1.75749261259424,-1.73422087245495,-1.69246823286774,8341.6873632461,0.999859702739787
"log_lik_catch[375]",-3.17335573307853,0.00157637381105859,0.1197632545409,-3.41302879445226,-3.25230977905411,-3.16994330856805,-3.09073935766659,-2.9527233035073,5772.03234928573,0.999843006559219
"log_lik_catch[376]",-2.51654547415237,0.000609747353836265,0.0502324482045972,-2.62059249088511,-2.54903157373698,-2.51438210011348,-2.48242202613496,-2.42148979662122,6786.85923579796,0.999685691052331
"log_lik_catch[377]",-1.8181889070799,0.000569520831315305,0.0450678483286349,-1.91010911272659,-1.84783271351396,-1.81617964300318,-1.78647755033885,-1.73496959014799,6262.01956845818,0.999725704202864
"log_lik_catch[378]",-2.47333913847833,0.000454772460157906,0.0426336544600795,-2.55820433082958,-2.50188882203097,-2.47275494703471,-2.44475446059721,-2.39018296758202,8788.54150003266,0.999745891292879
"log_lik_catch[379]",-0.958065312186726,0.000900276750822375,0.0692058775332421,-1.10209241543302,-1.00448718155099,-0.954475487324766,-0.910004749133461,-0.832120086279026,5909.27076613524,0.999789958275781
"log_lik_catch[380]",-2.3599621349621,0.00192682141670545,0.158520638247915,-2.68923815925974,-2.46535954163947,-2.35699873665332,-2.24946839271733,-2.06206257534878,6768.44173583669,0.999695015751221
"log_lik_catch[381]",-1.75901049785339,0.000392568106083395,0.035854359378963,-1.83182171243419,-1.78266689615571,-1.75749261259424,-1.73422087245495,-1.69246823286774,8341.6873632461,0.999859702739787
"log_lik_catch[382]",-1.77640164159717,0.00171757370660252,0.139184691685833,-2.06100437696124,-1.86935118528487,-1.77028087161567,-1.68133825859322,-1.51901211572006,6566.7756224463,0.999560618674122
"log_lik_catch[383]",-2.28088694457655,0.0010713587543911,0.0838532161596779,-2.45815200820844,-2.33538059568858,-2.27695172087403,-2.22155103920379,-2.13059973221981,6125.89577496127,0.999496246198346
"log_lik_catch[384]",-2.2508597300542,0.00207325057179962,0.170975397294639,-2.60204340393775,-2.36325937745567,-2.2445636972999,-2.1341627037074,-1.93319882276785,6800.85719336688,0.999573303757358
"log_lik_catch[385]",-1.75790188390996,0.000469664923029525,0.0389088644987117,-1.84027043338958,-1.78261249027495,-1.75546376262082,-1.73119666167648,-1.686685803395,6863.10844465061,0.999529139176953
"log_lik_catch[386]",-2.34022317981889,0.00166354195078725,0.133290947797015,-2.62057604931272,-2.42707629806803,-2.33285491843114,-2.24684346235294,-2.09957582302611,6419.98181205736,0.999546633734997
"log_lik_catch[387]",-2.34022317981889,0.00166354195078725,0.133290947797015,-2.62057604931272,-2.42707629806803,-2.33285491843114,-2.24684346235294,-2.09957582302611,6419.98181205736,0.999546633734997
"log_lik_catch[388]",-2.04796589263219,0.00040930960883453,0.0376956937595365,-2.12337575273382,-2.07261526647076,-2.047127038631,-2.02210786444745,-1.97567780285529,8481.63542643332,0.999634702031272
"log_lik_catch[389]",-2.62089468403248,0.00099548775282578,0.0780758572931746,-2.79027649899311,-2.67002987884122,-2.61525493845602,-2.56467763823205,-2.48431625378182,6151.22595466355,0.999481646953989
"log_lik_catch[390]",-2.62089468403248,0.00099548775282578,0.0780758572931746,-2.79027649899311,-2.67002987884122,-2.61525493845602,-2.56467763823205,-2.48431625378182,6151.22595466355,0.999481646953989
"log_lik_catch[391]",-1.75790188390996,0.000469664923029525,0.0389088644987117,-1.84027043338958,-1.78261249027495,-1.75546376262082,-1.73119666167648,-1.686685803395,6863.10844465061,0.999529139176953
"log_lik_catch[392]",-2.62089468403248,0.00099548775282578,0.0780758572931746,-2.79027649899311,-2.67002987884122,-2.61525493845602,-2.56467763823205,-2.48431625378182,6151.22595466355,0.999481646953989
"log_lik_catch[393]",-2.2508597300542,0.00207325057179962,0.170975397294639,-2.60204340393775,-2.36325937745567,-2.2445636972999,-2.1341627037074,-1.93319882276785,6800.85719336688,0.999573303757358
"log_lik_catch[394]",-2.34022317981889,0.00166354195078725,0.133290947797015,-2.62057604931272,-2.42707629806803,-2.33285491843114,-2.24684346235294,-2.09957582302611,6419.98181205736,0.999546633734997
"log_lik_catch[395]",-2.94239562708975,0.00142184918800769,0.110978037862914,-3.17695568575068,-3.01451704958055,-2.93656045482143,-2.86432431983436,-2.74317267642866,6092.09988688773,0.999488152648208
"log_lik_catch[396]",-1.563953168417,0.00134897484702625,0.106553091737161,-1.78245664880032,-1.63607332034058,-1.55987072497557,-1.49045848795295,-1.36818203290614,6239.13535574278,0.999740120315541
"log_lik_catch[397]",-2.0572217090365,0.000450368422906961,0.0391464886906221,-2.13762771059142,-2.08247884473281,-2.05587688237275,-2.03128662570074,-1.98171717929173,7555.26603220077,0.999683008575154
"log_lik_catch[398]",-1.563953168417,0.00134897484702625,0.106553091737161,-1.78245664880032,-1.63607332034058,-1.55987072497557,-1.49045848795295,-1.36818203290614,6239.13535574278,0.999740120315541
"log_lik_catch[399]",-1.75901049785339,0.000392568106083395,0.035854359378963,-1.83182171243419,-1.78266689615571,-1.75749261259424,-1.73422087245495,-1.69246823286774,8341.6873632461,0.999859702739787
"log_lik_catch[400]",-4.51345230003653,0.00285213761253905,0.222048343601664,-4.95997726093226,-4.65874182200575,-4.50443160297586,-4.3604172386507,-4.10294407535067,6061.13732602141,0.999888708533374
"log_lik_catch[401]",-1.75901049785339,0.000392568106083395,0.035854359378963,-1.83182171243419,-1.78266689615571,-1.75749261259424,-1.73422087245495,-1.69246823286774,8341.6873632461,0.999859702739787
"log_lik_catch[402]",-1.27569971109886,0.000281633885994128,0.0255988429874497,-1.32857890611081,-1.29231482411466,-1.27428845691458,-1.25787817083755,-1.22896921401309,8261.72733924657,0.999856093168214
"log_lik_catch[403]",-2.4027954538876,0.000764892069075872,0.0597275369136095,-2.52504824128922,-2.44118136631195,-2.40043487948404,-2.36056438958454,-2.29279668279777,6097.45908746177,0.999734552970208
"log_lik_catch[404]",-3.03982636160629,0.000929365839576265,0.0718335625384047,-3.1865435477077,-3.08532754035176,-3.0368521875066,-2.98884003695612,-2.90870632713754,5974.22260292328,0.999742644500101
"log_lik_catch[405]",-1.563953168417,0.00134897484702625,0.106553091737161,-1.78245664880032,-1.63607332034058,-1.55987072497557,-1.49045848795295,-1.36818203290614,6239.13535574278,0.999740120315541
"log_lik_catch[406]",-3.17335573307853,0.00157637381105859,0.1197632545409,-3.41302879445226,-3.25230977905411,-3.16994330856805,-3.09073935766659,-2.9527233035073,5772.03234928573,0.999843006559219
"log_lik_catch[407]",-3.17335573307853,0.00157637381105859,0.1197632545409,-3.41302879445226,-3.25230977905411,-3.16994330856805,-3.09073935766659,-2.9527233035073,5772.03234928573,0.999843006559219
"log_lik_catch[408]",-3.91774727284122,0.00195281818700255,0.149139983568942,-4.22092390460986,-4.01341488920824,-3.91176808988689,-3.81346094606159,-3.64661400302541,5832.63177688205,0.999859164380358
"log_lik_catch[409]",-1.75901049785339,0.000392568106083395,0.035854359378963,-1.83182171243419,-1.78266689615571,-1.75749261259424,-1.73422087245495,-1.69246823286774,8341.6873632461,0.999859702739787
"log_lik_catch[410]",-3.91774727284122,0.00195281818700255,0.149139983568942,-4.22092390460986,-4.01341488920824,-3.91176808988689,-3.81346094606159,-3.64661400302541,5832.63177688205,0.999859164380358
"log_lik_catch[411]",-1.85243156116241,0.0010205865192668,0.0787703000045399,-2.0184191440732,-1.90341135001114,-1.84705234431153,-1.79691081469803,-1.71341335030248,5956.96905445,0.999825725612793
"log_lik_catch[412]",-2.86344325687197,0.000638089475528373,0.0553779164737366,-2.97658781191936,-2.90053485113446,-2.86182273050823,-2.82489231375095,-2.75941506308229,7531.99565377913,0.999905343048658
"log_lik_catch[413]",-2.07820632931363,0.000452224862013169,0.0414007360494537,-2.1616087946929,-2.10566678907059,-2.07673134210548,-2.04966816676545,-2.00069712996085,8381.22027433599,0.999861815147349
"log_lik_catch[414]",-1.563953168417,0.00134897484702625,0.106553091737161,-1.78245664880032,-1.63607332034058,-1.55987072497557,-1.49045848795295,-1.36818203290614,6239.13535574278,0.999740120315541
"log_lik_catch[415]",-2.0572217090365,0.000450368422906961,0.0391464886906221,-2.13762771059142,-2.08247884473281,-2.05587688237275,-2.03128662570074,-1.98171717929173,7555.26603220077,0.999683008575154
"log_lik_catch[416]",-4.43494409200035,0.00293382404522774,0.228932462730667,-4.89154503000686,-4.58602957245626,-4.42718681883879,-4.27818302574013,-4.00443290337919,6089.00923954649,0.999889647843935
"log_lik_catch[417]",-2.92598401906739,0.000632596578810016,0.0528498101015739,-3.03369215055205,-2.96028363882382,-2.92410613796943,-2.89068459875898,-2.82487498523465,6979.64259879888,0.999678400917223
"log_lik_catch[418]",-1.85243156116241,0.0010205865192668,0.0787703000045399,-2.0184191440732,-1.90341135001114,-1.84705234431153,-1.79691081469803,-1.71341335030248,5956.96905445,0.999825725612793
"log_lik_catch[419]",-3.17335573307853,0.00157637381105859,0.1197632545409,-3.41302879445226,-3.25230977905411,-3.16994330856805,-3.09073935766659,-2.9527233035073,5772.03234928573,0.999843006559219
"log_lik_catch[420]",-3.28496857802006,0.000840434333725326,0.066382783560475,-3.4199571095337,-3.32783525662625,-3.28182213890622,-3.23813253723572,-3.16271673765112,6238.83279575451,0.999712615331208
"log_lik_catch[421]",-1.27569971109886,0.000281633885994128,0.0255988429874497,-1.32857890611081,-1.29231482411466,-1.27428845691458,-1.25787817083755,-1.22896921401309,8261.72733924657,0.999856093168214
"log_lik_catch[422]",-2.12493876350053,0.00125878447608652,0.09752323648515,-2.32999001379877,-2.18978530776616,-2.11903595900252,-2.05681986207969,-1.95236785489911,6002.24135383271,0.999782572502279
"log_lik_catch[423]",-3.25196545444647,0.000972187123463304,0.0749501902285373,-3.40569990088665,-3.29937131511002,-3.24849430523369,-3.19877600832248,-3.11559860940764,5943.54766238438,0.999744833389767
"log_lik_catch[424]",-1.563953168417,0.00134897484702625,0.106553091737161,-1.78245664880032,-1.63607332034058,-1.55987072497557,-1.49045848795295,-1.36818203290614,6239.13535574278,0.999740120315541
"log_lik_catch[425]",-4.35021538608579,0.00212667820290895,0.162866190475528,-4.68314583007639,-4.45324015218171,-4.34298933588428,-4.23591641182813,-4.05660551649973,5864.86900737476,0.999865717116424
"log_lik_catch[426]",-1.27569971109886,0.000281633885994128,0.0255988429874497,-1.32857890611081,-1.29231482411466,-1.27428845691458,-1.25787817083755,-1.22896921401309,8261.72733924657,0.999856093168214
"log_lik_catch[427]",-2.28258382102247,0.000440185838941937,0.0404098154127485,-2.36456856807947,-2.30936268390804,-2.28174671518555,-2.25558938321702,-2.20389848545688,8427.55507680298,0.999713539747428
"log_lik_catch[428]",-0.948179205401836,0.0011543108799652,0.0797570963450088,-1.10615596104786,-1.00282400669187,-0.946676510638503,-0.892604808299813,-0.794889300377247,4774.11736020086,1.00009737466294
"log_lik_catch[429]",-2.28547869164105,0.000454436574341188,0.0412080233584361,-2.3684161937322,-2.31248059005777,-2.28458814109938,-2.25814792859432,-2.20466978519071,8222.74857948494,0.999784781942125
"log_lik_catch[430]",-2.4751665639488,0.000488481260498178,0.0432274899226224,-2.5612819394863,-2.50355154459754,-2.47387826593109,-2.44636997143747,-2.39041947662456,7831.12617167737,0.999808265089623
"log_lik_catch[431]",-2.4751665639488,0.000488481260498178,0.0432274899226224,-2.5612819394863,-2.50355154459754,-2.47387826593109,-2.44636997143747,-2.39041947662456,7831.12617167737,0.999808265089623
"log_lik_catch[432]",-2.18670653734185,0.000928014739417255,0.0615881748051122,-2.31397522230044,-2.22779166832722,-2.18411580425696,-2.14230241200117,-2.07542010177021,4404.38139472184,1.00025077903394
"log_lik_catch[433]",-2.11081088742241,0.00162672377801782,0.112296285104147,-2.33300915077486,-2.18761505860378,-2.10833403488002,-2.03275362568656,-1.89932204397237,4765.44157423245,1.00012794637323
"log_lik_catch[434]",-1.75732706275506,0.000514224335467332,0.0382822873339659,-1.83963488722102,-1.78145414296834,-1.75531564031394,-1.73055741553136,-1.68799983653497,5542.30607340716,1.00005372765859
"log_lik_catch[435]",-3.9474964760217,0.00269804432207367,0.186784097268642,-4.36235780757041,-4.06639276826617,-3.92818801431003,-3.81336693047112,-3.63400299866761,4792.71535020744,1.00034560805587
"log_lik_catch[436]",-1.54976963667711,0.00162293964384308,0.119325420698588,-1.78768303233064,-1.63085132595545,-1.54637859116996,-1.46841929312896,-1.31876498859461,5405.81539149833,1.00000998122125
"log_lik_catch[437]",-3.19667249126333,0.00214620459545935,0.148639163841431,-3.52119615305823,-3.2923789490735,-3.18300537470697,-3.089787645913,-2.94257056134048,4796.49798365408,1.00030534352453
"log_lik_catch[438]",-2.07623143615037,0.000591878068261189,0.044184082513311,-2.17015745063805,-2.10426909603406,-2.0741992507085,-2.04542440293445,-1.99543319667989,5572.71954463269,1.00005434276391
"log_lik_catch[439]",-1.27453493105791,0.000369404740042403,0.0273597265633985,-1.33413216653199,-1.29153737302391,-1.27281309692736,-1.25529924572497,-1.22590485737639,5485.52978759107,1.00005244694016
"log_lik_catch[440]",-1.75732706275506,0.000514224335467332,0.0382822873339659,-1.83963488722102,-1.78145414296834,-1.75531564031394,-1.73055741553136,-1.68799983653497,5542.30607340716,1.00005372765859
"log_lik_catch[441]",-1.54976963667711,0.00162293964384308,0.119325420698588,-1.78768303233064,-1.63085132595545,-1.54637859116996,-1.46841929312896,-1.31876498859461,5405.81539149833,1.00000998122125
"log_lik_catch[442]",-1.27453493105791,0.000369404740042403,0.0273597265633985,-1.33413216653199,-1.29153737302391,-1.27281309692736,-1.25529924572497,-1.22590485737639,5485.52978759107,1.00005244694016
"log_lik_catch[443]",-1.82574545378291,0.000674718020436248,0.0519667904805759,-1.93977644555387,-1.85762598092925,-1.8226996494562,-1.78894919650569,-1.7353777245648,5932.08235120725,1.00004865162807
"log_lik_catch[444]",-2.28547869164105,0.000454436574341188,0.0412080233584361,-2.3684161937322,-2.31248059005777,-2.28458814109938,-2.25814792859432,-2.20466978519071,8222.74857948494,0.999784781942125
"log_lik_catch[445]",-1.54976963667711,0.00162293964384308,0.119325420698588,-1.78768303233064,-1.63085132595545,-1.54637859116996,-1.46841929312896,-1.31876498859461,5405.81539149833,1.00000998122125
"log_lik_catch[446]",-2.84842786798117,0.000827974579050781,0.0658128320614146,-2.99322887586213,-2.88784094269186,-2.8446422118081,-2.80269614241926,-2.73431313364224,6318.10957359047,1.00004900010633
"log_lik_catch[447]",-3.0536202632382,0.00115470944880965,0.0862039385495085,-3.24612893550955,-3.10585355862991,-3.04602856189622,-2.99287276743856,-2.90883702391046,5573.25325196308,1.00018391082745
"log_lik_catch[448]",-1.75732706275506,0.000514224335467332,0.0382822873339659,-1.83963488722102,-1.78145414296834,-1.75531564031394,-1.73055741553136,-1.68799983653497,5542.30607340716,1.00005372765859
"log_lik_catch[449]",-1.54112095118162,0.00101275788781351,0.0658696572089506,-1.67565934376619,-1.58524682531117,-1.53878829293474,-1.49399013638246,-1.41934157795357,4230.18672464893,1.0002530054334
"log_lik_catch[450]",-1.54112095118162,0.00101275788781351,0.0658696572089506,-1.67565934376619,-1.58524682531117,-1.53878829293474,-1.49399013638246,-1.41934157795357,4230.18672464893,1.0002530054334
"log_lik_catch[451]",-1.35518967178266,0.0015015646911608,0.101245769105135,-1.55924394226941,-1.42274855936097,-1.35486970070319,-1.28501271497607,-1.16233279813861,4546.37937427424,0.999716436586506
"log_lik_catch[452]",-2.09511924378744,0.00198934637419689,0.148002006681692,-2.40102150219177,-2.19357265916341,-2.09256840544486,-1.99323555754057,-1.81320239001121,5534.95882147093,0.999641075817402
"log_lik_catch[453]",-1.35518967178266,0.0015015646911608,0.101245769105135,-1.55924394226941,-1.42274855936097,-1.35486970070319,-1.28501271497607,-1.16233279813861,4546.37937427424,0.999716436586506
"log_lik_catch[454]",-1.7316228108684,0.000362323458491215,0.031885132181726,-1.79553149231091,-1.7523921201085,-1.73044033883137,-1.71004036139771,-1.66982237477801,7744.32440654903,0.999827984595929
"log_lik_catch[455]",-2.12052192687619,0.000690998107775888,0.052766540015617,-2.23323273145162,-2.15298708220865,-2.117481422138,-2.08366441959209,-2.02420486302784,5831.27494978041,0.999735131288423
"log_lik_catch[456]",-2.09511924378744,0.00198934637419689,0.148002006681692,-2.40102150219177,-2.19357265916341,-2.09256840544486,-1.99323555754057,-1.81320239001121,5534.95882147093,0.999641075817402
"log_lik_catch[457]",-1.35518967178266,0.0015015646911608,0.101245769105135,-1.55924394226941,-1.42274855936097,-1.35486970070319,-1.28501271497607,-1.16233279813861,4546.37937427424,0.999716436586506
"log_lik_catch[458]",-3.83172324993612,0.0022991093618962,0.147728266138702,-4.16301085837756,-3.92293360152316,-3.81691499223717,-3.72492350055899,-3.58862603163414,4128.64879929439,0.999980759258522
"log_lik_catch[459]",-4.34459833254132,0.0037053927345722,0.233705674172712,-4.85143511916375,-4.49409305973481,-4.3236850562303,-4.17220802312944,-3.95148553041169,3978.04802992936,1.0000371903619
"log_lik_catch[460]",-1.43097884279107,0.000834613837099209,0.0503578834180919,-1.53355950730772,-1.46593490186725,-1.42897871298632,-1.39444502142387,-1.33750842891114,3640.52296427363,1.00000371675515
"log_lik_catch[461]",-2.55678357655197,0.00135562832887771,0.0901163024001633,-2.75412303556089,-2.61329425232569,-2.54920758205576,-2.49319866273759,-2.40149015849342,4419.01479678969,0.99987315360096
"log_lik_catch[462]",-1.35518967178266,0.0015015646911608,0.101245769105135,-1.55924394226941,-1.42274855936097,-1.35486970070319,-1.28501271497607,-1.16233279813861,4546.37937427424,0.999716436586506
"log_lik_catch[463]",-1.43097884279107,0.000834613837099209,0.0503578834180919,-1.53355950730772,-1.46593490186725,-1.42897871298632,-1.39444502142387,-1.33750842891114,3640.52296427363,1.00000371675515
"log_lik_catch[464]",-1.35518967178266,0.0015015646911608,0.101245769105135,-1.55924394226941,-1.42274855936097,-1.35486970070319,-1.28501271497607,-1.16233279813861,4546.37937427424,0.999716436586506
"log_lik_catch[465]",-2.12052192687619,0.000690998107775888,0.052766540015617,-2.23323273145162,-2.15298708220865,-2.117481422138,-2.08366441959209,-2.02420486302784,5831.27494978041,0.999735131288423
"log_lik_catch[466]",-2.12052192687619,0.000690998107775888,0.052766540015617,-2.23323273145162,-2.15298708220865,-2.117481422138,-2.08366441959209,-2.02420486302784,5831.27494978041,0.999735131288423
"log_lik_catch[467]",-1.35518967178266,0.0015015646911608,0.101245769105135,-1.55924394226941,-1.42274855936097,-1.35486970070319,-1.28501271497607,-1.16233279813861,4546.37937427424,0.999716436586506
"log_lik_catch[468]",-2.10093735918971,0.000702764513184953,0.0472351040750929,-2.19739869068576,-2.13292593961953,-2.0987105064046,-2.06790517183791,-2.01326001371104,4517.62425782878,1.00003475340254
"log_lik_catch[469]",-3.00555951894464,0.000532098155607458,0.0489488854258187,-3.10254131983889,-3.03726973394035,-3.00547044229462,-2.97249831932363,-2.91077914017447,8462.56675412818,0.99973092936003
"log_lik_catch[470]",-1.35518967178266,0.0015015646911608,0.101245769105135,-1.55924394226941,-1.42274855936097,-1.35486970070319,-1.28501271497607,-1.16233279813861,4546.37937427424,0.999716436586506
"log_lik_catch[471]",-1.43097884279107,0.000834613837099209,0.0503578834180919,-1.53355950730772,-1.46593490186725,-1.42897871298632,-1.39444502142387,-1.33750842891114,3640.52296427363,1.00000371675515
"log_lik_catch[472]",-1.35518967178266,0.0015015646911608,0.101245769105135,-1.55924394226941,-1.42274855936097,-1.35486970070319,-1.28501271497607,-1.16233279813861,4546.37937427424,0.999716436586506
"log_lik_catch[473]",-2.12052192687619,0.000690998107775888,0.052766540015617,-2.23323273145162,-2.15298708220865,-2.117481422138,-2.08366441959209,-2.02420486302784,5831.27494978041,0.999735131288423
"log_lik_catch[474]",-1.35518967178266,0.0015015646911608,0.101245769105135,-1.55924394226941,-1.42274855936097,-1.35486970070319,-1.28501271497607,-1.16233279813861,4546.37937427424,0.999716436586506
"log_lik_catch[475]",-1.35518967178266,0.0015015646911608,0.101245769105135,-1.55924394226941,-1.42274855936097,-1.35486970070319,-1.28501271497607,-1.16233279813861,4546.37937427424,0.999716436586506
"log_lik_catch[476]",-1.43097884279107,0.000834613837099209,0.0503578834180919,-1.53355950730772,-1.46593490186725,-1.42897871298632,-1.39444502142387,-1.33750842891114,3640.52296427363,1.00000371675515
"log_lik_catch[477]",-3.48936922930597,0.00298710336705697,0.186219877397911,-3.88554966358046,-3.61246247049267,-3.47835985892503,-3.35298883771998,-3.1609398584736,3886.43644438365,0.999990649348173
"log_lik_catch[478]",-1.43097884279107,0.000834613837099209,0.0503578834180919,-1.53355950730772,-1.46593490186725,-1.42897871298632,-1.39444502142387,-1.33750842891114,3640.52296427363,1.00000371675515
"log_lik_catch[479]",-2.62586990367707,0.00104626036918707,0.0743878756783277,-2.78778981196131,-2.67179437421265,-2.61914494131288,-2.57373843603489,-2.49403168081642,5055.04193579546,0.999816802420634
"log_lik_catch[480]",-2.6075055526246,0.00232543198377861,0.182437537861878,-2.99026462907227,-2.72868739581707,-2.59945243223612,-2.48123439760837,-2.26381255096731,6154.9017126121,0.999609506437863
"log_lik_catch[481]",-2.09511924378744,0.00198934637419689,0.148002006681692,-2.40102150219177,-2.19357265916341,-2.09256840544486,-1.99323555754057,-1.81320239001121,5534.95882147093,0.999641075817402
"log_lik_catch[482]",-2.9393134944979,0.000707752136123681,0.0579076584533288,-3.05971395213634,-2.97494444583427,-2.93725390351561,-2.8998997718016,-2.83184870755191,6694.36874382494,0.999726325241284
"log_lik_catch[483]",-4.32435301639955,0.00406396692250055,0.253659454965721,-4.85186312749534,-4.49342205422002,-4.3112134513214,-4.14011151339014,-3.8705418596618,3895.84599790987,1.00002017080789
"log_lik_catch[484]",-3.23611277101481,0.00175369655379306,0.114939826881133,-3.49035634203134,-3.30675910240064,-3.2245997354234,-3.15419695442156,-3.04259917728132,4295.682556506,0.999927316793336
"log_lik_catch[485]",-1.67985978985161,0.00122051759579379,0.0742725399890445,-1.82787426760884,-1.7308637065986,-1.67862267318626,-1.62761105913806,-1.53866848858579,3703.1257738949,0.999909163304444
"log_lik_catch[486]",-0.811223420549724,0.00103839052265259,0.0660046365857297,-0.94213564137518,-0.855830071376266,-0.810428154352317,-0.765460445147837,-0.68535103248623,4040.42879061676,0.999787122339
"log_lik_catch[487]",-1.35518967178266,0.0015015646911608,0.101245769105135,-1.55924394226941,-1.42274855936097,-1.35486970070319,-1.28501271497607,-1.16233279813861,4546.37937427424,0.999716436586506
"log_lik_catch[488]",-1.25615056755487,0.000253577150649503,0.0222858970039682,-1.30138503849255,-1.27050858972619,-1.25511298558205,-1.24095954167948,-1.21359556609563,7723.95976923766,0.999829037968801
"log_lik_catch[489]",-1.35518967178266,0.0015015646911608,0.101245769105135,-1.55924394226941,-1.42274855936097,-1.35486970070319,-1.28501271497607,-1.16233279813861,4546.37937427424,0.999716436586506
"log_lik_catch[490]",-1.25615056755487,0.000253577150649503,0.0222858970039682,-1.30138503849255,-1.27050858972619,-1.25511298558205,-1.24095954167948,-1.21359556609563,7723.95976923766,0.999829037968801
"log_lik_catch[491]",-2.32143420033829,0.000593729616375655,0.0491404223838447,-2.42349851596385,-2.35191643242121,-2.31952678879576,-2.28779569422381,-2.22972784920811,6850.15414707972,0.999705587037131
"log_lik_catch[492]",-1.35518967178266,0.0015015646911608,0.101245769105135,-1.55924394226941,-1.42274855936097,-1.35486970070319,-1.28501271497607,-1.16233279813861,4546.37937427424,0.999716436586506
"log_lik_catch[493]",-4.00953812584687,0.00361311999892693,0.22657255471933,-4.49533257540189,-4.15684599416324,-3.99338539505459,-3.84340760200507,-3.6172991859114,3932.32887182997,1.00002228903669
"log_lik_catch[494]",-1.35518967178266,0.0015015646911608,0.101245769105135,-1.55924394226941,-1.42274855936097,-1.35486970070319,-1.28501271497607,-1.16233279813861,4546.37937427424,0.999716436586506
"log_lik_catch[495]",-0.811223420549724,0.00103839052265259,0.0660046365857297,-0.94213564137518,-0.855830071376266,-0.810428154352317,-0.765460445147837,-0.68535103248623,4040.42879061676,0.999787122339
"log_lik_catch[496]",-3.02262938764882,0.00208803107214197,0.132799468541306,-3.3128535796967,-3.10723125749659,-3.0118993943054,-2.92683267492896,-2.79597267405012,4045.00217731339,0.999951773992498
"log_lik_catch[497]",-2.12052192687619,0.000690998107775888,0.052766540015617,-2.23323273145162,-2.15298708220865,-2.117481422138,-2.08366441959209,-2.02420486302784,5831.27494978041,0.999735131288423
"log_lik_catch[498]",-2.10093735918971,0.000702764513184953,0.0472351040750929,-2.19739869068576,-2.13292593961953,-2.0987105064046,-2.06790517183791,-2.01326001371104,4517.62425782878,1.00003475340254
"log_lik_catch[499]",-2.63511807783611,0.000507898172922284,0.0447413984706288,-2.72335638647264,-2.66454298871614,-2.63411002530936,-2.60512772985593,-2.54664572012317,7760.07302519245,0.999826551388038
"log_lik_catch[500]",-2.95055007366243,0.00159669922755432,0.105145481251043,-3.18096428680921,-3.01625758569291,-2.94113489253078,-2.87588787751127,-2.77200033635535,4336.45651608128,0.999906838829882
"log_lik_catch[501]",-1.35518967178266,0.0015015646911608,0.101245769105135,-1.55924394226941,-1.42274855936097,-1.35486970070319,-1.28501271497607,-1.16233279813861,4546.37937427424,0.999716436586506
"log_lik_catch[502]",-1.92593251162893,0.000936712715074256,0.0637980554590181,-2.06274817082424,-1.96601750414993,-1.9210033842939,-1.88154298472511,-1.81297030916615,4638.7615925287,0.99980836894644
"log_lik_catch[503]",-1.7316228108684,0.000362323458491215,0.031885132181726,-1.79553149231091,-1.7523921201085,-1.73044033883137,-1.71004036139771,-1.66982237477801,7744.32440654903,0.999827984595929
"log_lik_catch[504]",-4.05910084547509,0.00320598759812655,0.20245623893577,-4.50655433268401,-4.18761456645689,-4.04120890956993,-3.90946611833752,-3.71994725098928,3987.84852095777,1.00002200167173
"log_lik_catch[505]",-1.35518967178266,0.0015015646911608,0.101245769105135,-1.55924394226941,-1.42274855936097,-1.35486970070319,-1.28501271497607,-1.16233279813861,4546.37937427424,0.999716436586506
"log_lik_catch[506]",-2.52431010855281,0.000679136248195031,0.0559176567344443,-2.64655868341478,-2.55811768238301,-2.52167858598566,-2.48604394149975,-2.42446596100504,6779.28832938722,0.999970397467429
"log_lik_catch[507]",-0.948179205401836,0.0011543108799652,0.0797570963450088,-1.10615596104786,-1.00282400669187,-0.946676510638503,-0.892604808299813,-0.794889300377247,4774.11736020086,1.00009737466294
"log_lik_catch[508]",-0.948179205401836,0.0011543108799652,0.0797570963450088,-1.10615596104786,-1.00282400669187,-0.946676510638503,-0.892604808299813,-0.794889300377247,4774.11736020086,1.00009737466294
"log_lik_catch[509]",-1.54976963667711,0.00162293964384308,0.119325420698588,-1.78768303233064,-1.63085132595545,-1.54637859116996,-1.46841929312896,-1.31876498859461,5405.81539149833,1.00000998122125
"log_lik_catch[510]",-1.54112095118162,0.00101275788781351,0.0658696572089506,-1.67565934376619,-1.58524682531117,-1.53878829293474,-1.49399013638246,-1.41934157795357,4230.18672464893,1.0002530054334
"log_lik_catch[511]",-1.54976963667711,0.00162293964384308,0.119325420698588,-1.78768303233064,-1.63085132595545,-1.54637859116996,-1.46841929312896,-1.31876498859461,5405.81539149833,1.00000998122125
"log_lik_catch[512]",-1.54112095118162,0.00101275788781351,0.0658696572089506,-1.67565934376619,-1.58524682531117,-1.53878829293474,-1.49399013638246,-1.41934157795357,4230.18672464893,1.0002530054334
"log_lik_catch[513]",-2.34184543349684,0.00215783883511501,0.170776003741899,-2.68243724168243,-2.45632444605237,-2.33487106212023,-2.22680699552853,-2.01640854329146,6263.47983161168,0.999892929117034
"log_lik_catch[514]",-3.26656345268684,0.00121412935270866,0.0903643775572338,-3.46843687240399,-3.32094439079024,-3.25812128595568,-3.2027887681201,-3.11512955036511,5539.42396419051,1.00019960736835
"log_lik_catch[515]",-0.948179205401836,0.0011543108799652,0.0797570963450088,-1.10615596104786,-1.00282400669187,-0.946676510638503,-0.892604808299813,-0.794889300377247,4774.11736020086,1.00009737466294
"log_lik_catch[516]",-1.54112095118162,0.00101275788781351,0.0658696572089506,-1.67565934376619,-1.58524682531117,-1.53878829293474,-1.49399013638246,-1.41934157795357,4230.18672464893,1.0002530054334
"log_lik_catch[517]",-3.26761404675672,0.00151546839126847,0.10924135442571,-3.50929484757295,-3.33398069893202,-3.25704677153003,-3.18829072171857,-3.08814529904232,5196.13453579551,1.00026190420498
"log_lik_catch[518]",-3.05719005838068,0.00151554509913159,0.108599526793273,-3.29604543092253,-3.12352981078593,-3.04683999604873,-2.9788582515258,-2.8783121024199,5134.73620454531,1.00025832608243
"log_lik_catch[519]",-1.91773703489876,0.00147455411435042,0.0924886010650629,-2.10290842757279,-1.98020339128297,-1.91622001310326,-1.85286656565984,-1.74362046197732,3934.18692440256,0.999836827241061
"log_lik_catch[520]",-2.7296209580145,0.000877169139165466,0.0658481027112557,-2.8717953417536,-2.77038041792389,-2.72508679953542,-2.68375407958894,-2.61060350462445,5635.33637877429,0.999773466839224
"log_lik_catch[521]",-3.50871966539225,0.00284137101543028,0.178568535256708,-3.89687915975258,-3.62417510564122,-3.49540668805507,-3.37751926025159,-3.2028136901587,3949.60787927851,0.999995867688403
"log_lik_catch[522]",-1.43097884279107,0.000834613837099209,0.0503578834180919,-1.53355950730772,-1.46593490186725,-1.42897871298632,-1.39444502142387,-1.33750842891114,3640.52296427363,1.00000371675515
"log_lik_catch[523]",-1.965209623079,0.00106781977922754,0.0644852905337656,-2.09414064587106,-2.0103479208396,-1.9633655393887,-1.91892302044621,-1.8434522229235,3646.91297188929,1.0000085260954
"log_lik_catch[524]",-2.50334737815902,0.000659591636432421,0.0483285959371278,-2.60128251289164,-2.5351523922054,-2.50202837243307,-2.47019601519296,-2.41124251145649,5368.5632686987,0.999987162473994
"log_lik_catch[525]",-4.22699345231577,0.00262281245497134,0.167654382222827,-4.60378369549482,-4.33065435207274,-4.20809207949774,-4.10489295939467,-3.95103042642487,4085.9716095171,1.0000047980601
"log_lik_catch[526]",-1.965209623079,0.00106781977922754,0.0644852905337656,-2.09414064587106,-2.0103479208396,-1.9633655393887,-1.91892302044621,-1.8434522229235,3646.91297188929,1.0000085260954
"log_lik_catch[527]",-4.00953812584687,0.00361311999892693,0.22657255471933,-4.49533257540189,-4.15684599416324,-3.99338539505459,-3.84340760200507,-3.6172991859114,3932.32887182997,1.00002228903669
"log_lik_catch[528]",-3.50871966539225,0.00284137101543028,0.178568535256708,-3.89687915975258,-3.62417510564122,-3.49540668805507,-3.37751926025159,-3.2028136901587,3949.60787927851,0.999995867688403
"log_lik_catch[529]",-1.35518967178266,0.0015015646911608,0.101245769105135,-1.55924394226941,-1.42274855936097,-1.35486970070319,-1.28501271497607,-1.16233279813861,4546.37937427424,0.999716436586506
"log_lik_catch[530]",-4.90197015636383,0.00528874813356588,0.348367444808766,-5.61006930333107,-5.13644983492277,-4.88937326728544,-4.65498265193243,-4.26589229869752,4338.7972482318,0.99974793330917
"log_lik_catch[531]",-1.84756431403148,0.00232384795452634,0.156022320971736,-2.17587662736126,-1.9465882415658,-1.84039409976,-1.74021708234435,-1.56526361760689,4507.73159967826,0.999462851533436
"log_lik_catch[532]",-1.73725933460767,0.00146801855624604,0.0956986855378817,-1.94427825951389,-1.79754018959597,-1.72913020999295,-1.66874884138098,-1.57439877971807,4249.6078413708,0.999555353925618
"log_lik_catch[533]",-3.96667461652672,0.00223296495154467,0.139377979052803,-4.26514819391138,-4.05479914616086,-3.95607634514507,-3.86493724685816,-3.72626958760034,3896.04992304544,0.999625621420677
"log_lik_catch[534]",-2.85514382646109,0.00111358685730805,0.0725158474690556,-3.01118630030212,-2.89984091704509,-2.84908656162876,-2.8044584057786,-2.72819033549085,4240.50578668664,0.999510038862444
"log_lik_catch[535]",-2.58453327773656,0.00117773987854987,0.0756030808242337,-2.74671115248163,-2.63200810282262,-2.57869898349212,-2.53133006689344,-2.45206013944598,4120.78755683831,0.999520166608874
"log_lik_catch[536]",-2.05461411782836,0.000428336391587329,0.0398335677476741,-2.13666286801791,-2.07998427538645,-2.05315161928117,-2.02781598001154,-1.97963931948481,8648.25457248906,0.999681759540467
"log_lik_catch[537]",-2.88452940504777,0.00174516727364334,0.109588869966865,-3.11731825859197,-2.95482241441676,-2.87741617400069,-2.80505665650133,-2.69172624506636,3943.29053993033,0.999581800766672
"log_lik_catch[538]",-2.88452940504777,0.00174516727364334,0.109588869966865,-3.11731825859197,-2.95482241441676,-2.87741617400069,-2.80505665650133,-2.69172624506636,3943.29053993033,0.999581800766672
"log_lik_catch[539]",-2.34437943336486,0.0017796804203097,0.115528258778776,-2.59264062814798,-2.41812900394627,-2.33599201382914,-2.2623507271864,-2.14597165314411,4213.97942369922,0.999544840561074
"log_lik_catch[540]",-2.05461411782836,0.000428336391587329,0.0398335677476741,-2.13666286801791,-2.07998427538645,-2.05315161928117,-2.02781598001154,-1.97963931948481,8648.25457248906,0.999681759540467
"log_lik_catch[541]",-4.25398705151089,0.00231518098987822,0.144419879295797,-4.56397166784252,-4.34508600375352,-4.24221704183272,-4.14866791284291,-4.00573577564086,3891.20453882121,0.999632862472172
"log_lik_catch[542]",-2.18343714553829,0.000925484920307607,0.0670227322846524,-2.32738600668058,-2.22505550817788,-2.17759197486466,-2.13592069807013,-2.06878676696447,5244.51779608526,0.999690864435937
"log_lik_catch[543]",-2.88452940504777,0.00174516727364334,0.109588869966865,-3.11731825859197,-2.95482241441676,-2.87741617400069,-2.80505665650133,-2.69172624506636,3943.29053993033,0.999581800766672
"log_lik_catch[544]",-2.88452940504777,0.00174516727364334,0.109588869966865,-3.11731825859197,-2.95482241441676,-2.87741617400069,-2.80505665650133,-2.69172624506636,3943.29053993033,0.999581800766672
"log_lik_catch[545]",-3.10099061134935,0.000550234228138685,0.049476600269771,-3.20103227510796,-3.13323708234446,-3.09957865854184,-3.06808258130321,-3.00426522858029,8085.45555483724,0.999608327223406
"log_lik_catch[546]",-2.52774522260946,0.000679026099843539,0.0565165283387277,-2.64432346826568,-2.5635948794525,-2.52396161862495,-2.4886098408583,-2.42700080467799,6927.52365722806,0.999735423872377
"log_lik_catch[547]",-4.08075802256778,0.00386573223595767,0.376825259008372,-4.89931721278599,-4.31168868544739,-4.0530032100582,-3.80919814725132,-3.42840786520371,9502.03169952806,0.999985414038275
"log_lik_catch[548]",-1.54391902175039,0.00178068542243447,0.176518838780469,-1.92420281340595,-1.65580141454607,-1.53433417061941,-1.424306758034,-1.2213974021939,9826.70043493706,0.999918592924934
"log_lik_catch[549]",-1.83731378084936,0.000787233525991589,0.0760206522338376,-2.01232024537613,-1.88045044306326,-1.82764062647718,-1.78303336348684,-1.71528720045439,9325.15416727571,1.00000220487751
"log_lik_catch[550]",-1.54391902175039,0.00178068542243447,0.176518838780469,-1.92420281340595,-1.65580141454607,-1.53433417061941,-1.424306758034,-1.2213974021939,9826.70043493706,0.999918592924934
"log_lik_catch[551]",-0.945144730324229,0.0012620782597639,0.123513081566472,-1.21476611680734,-1.02268158198763,-0.937018797663245,-0.859948625369172,-0.724647178185768,9577.52607188199,0.999944301573297
"log_lik_catch[552]",-3.64743260592625,0.00314456240013545,0.306676911121155,-4.31828929124407,-3.83665203105176,-3.62296959158142,-3.4242529931439,-3.12053812701426,9511.3404311414,0.999989742051163
"log_lik_catch[553]",-2.66905262191623,0.000741139584136136,0.0636461804683593,-2.81954314561494,-2.70256582254049,-2.66146014478847,-2.62630172355141,-2.56405892311887,7374.70534541459,0.999968356855104
"log_lik_catch[554]",-2.90884625377744,0.000683408755608481,0.0548046423224118,-3.02643510271404,-2.94114896483118,-2.90569681399272,-2.872479638952,-2.8098297956973,6430.92757137985,0.999924634869733
"log_lik_catch[555]",-1.76297076943945,0.00060328034924549,0.0506201888321804,-1.88393694718933,-1.79079160508711,-1.75663135387009,-1.72857728962546,-1.68199399794583,7040.59176640405,0.999886165471621
"log_lik_catch[556]",-2.10568721255892,0.00176135320842145,0.172839991035546,-2.48330638344267,-2.21458284293435,-2.0948170088184,-1.9857541617698,-1.79507380485104,9629.31869695202,0.999927086105192
"log_lik_catch[557]",-2.48408085257685,0.0017081127500837,0.168290711412571,-2.85167736467925,-2.58846717937302,-2.47148057046414,-2.36270180915429,-2.19189849437046,9707.04904074707,1.00000412964323
"log_lik_catch[558]",-3.22530484116997,0.00243350495867014,0.237766238267264,-3.75399846289814,-3.36868247413439,-3.20393659828739,-3.0503813348359,-2.82712972698699,9546.31811826706,0.999994545942977
"log_lik_catch[559]",-2.29648865733041,0.000580868400333588,0.0468101229091849,-2.39676168516393,-2.32419784722134,-2.29372882093983,-2.26515577075224,-2.21219505208791,6494.17609261498,0.999911023954328
"log_lik_catch[560]",-1.83765869559057,0.00150126588478974,0.145422600054907,-2.15496495568237,-1.93021047344681,-1.82618933776347,-1.73584397617815,-1.58307742929511,9383.1482740131,0.999937155984695
"log_lik_catch[561]",-0.945144730324229,0.0012620782597639,0.123513081566472,-1.21476611680734,-1.02268158198763,-0.937018797663245,-0.859948625369172,-0.724647178185768,9577.52607188199,0.999944301573297
"log_lik_catch[562]",-2.81790525912487,0.00174834169752808,0.170558730041676,-3.20439053061226,-2.9191243534325,-2.79933285582267,-2.69515658824299,-2.54059790207769,9516.89496778992,0.999999447226437
"log_lik_catch[563]",-2.48408085257685,0.0017081127500837,0.168290711412571,-2.85167736467925,-2.58846717937302,-2.47148057046414,-2.36270180915429,-2.19189849437046,9707.04904074707,1.00000412964323
"log_lik_catch[564]",-0.945144730324229,0.0012620782597639,0.123513081566472,-1.21476611680734,-1.02268158198763,-0.937018797663245,-0.859948625369172,-0.724647178185768,9577.52607188199,0.999944301573297
"log_lik_catch[565]",-2.80377489815665,0.00129115969990286,0.122924226699454,-3.09602820837976,-2.87167768733365,-2.78485858002201,-2.71606727533002,-2.61635783341631,9063.89874475817,0.999998915407644
"log_lik_catch[566]",-2.07317918974891,0.000593397479654161,0.0512529111424925,-2.19356818376196,-2.10107774480763,-2.0671796563912,-2.03829379996283,-1.98732855206729,7460.11773491515,0.999958591145745
"log_lik_catch[567]",-3.58821397880165,0.000904023355212806,0.0763681717061975,-3.76462625833505,-3.63196401731895,-3.58075528415628,-3.53649245464636,-3.45955352838922,7136.17490618057,0.999898666058893
"log_lik_catch[568]",-2.46111576541175,0.00148723321628644,0.141492332715075,-2.77430591839068,-2.55177934745996,-2.44826162055392,-2.36218706100988,-2.21801093601902,9051.23123764202,0.999935607863508
"log_lik_catch[569]",-2.54000954442024,0.00085615537656801,0.0775930231303299,-2.72709287712222,-2.57970884807492,-2.52779731428732,-2.48641634323783,-2.41941727147479,8213.72520365907,0.999989386210616
"log_lik_catch[570]",-0.945144730324229,0.0012620782597639,0.123513081566472,-1.21476611680734,-1.02268158198763,-0.937018797663245,-0.859948625369172,-0.724647178185768,9577.52607188199,0.999944301573297
"log_lik_catch[571]",-1.76297076943945,0.00060328034924549,0.0506201888321804,-1.88393694718933,-1.79079160508711,-1.75663135387009,-1.72857728962546,-1.68199399794583,7040.59176640405,0.999886165471621
"log_lik_catch[572]",-2.46287701399293,0.00176354618990123,0.172059086287853,-2.84093468858484,-2.57124835548235,-2.45066662875188,-2.34248477050258,-2.1562147702655,9518.78563643154,0.999928986985488
"log_lik_catch[573]",-2.10568721255892,0.00176135320842145,0.172839991035546,-2.48330638344267,-2.21458284293435,-2.0948170088184,-1.9857541617698,-1.79507380485104,9629.31869695202,0.999927086105192
"log_lik_catch[574]",-2.18948013134649,0.00103386170974857,0.0932694299108804,-2.40395508327859,-2.24503275122127,-2.17949224612658,-2.1229246890786,-2.04014806644063,8138.67567804244,0.999925643957592
"log_lik_catch[575]",-2.64738406099683,0.000650624514691487,0.0514797583336799,-2.75489705926935,-2.67847258766608,-2.6447398443533,-2.61340623854568,-2.55146970027814,6260.54516734009,0.99988370631678
"log_lik_catch[576]",-2.3228666983735,0.00074387156779336,0.0626327850350687,-2.4702141732829,-2.35817488947409,-2.3157287535024,-2.28032049837238,-2.22018730251625,7089.36812250764,0.999891412394882
"log_lik_catch[577]",-2.07317918974891,0.000593397479654161,0.0512529111424925,-2.19356818376196,-2.10107774480763,-2.0671796563912,-2.03829379996283,-1.98732855206729,7460.11773491515,0.999958591145745
"log_lik_catch[578]",-2.80377489815665,0.00129115969990286,0.122924226699454,-3.09602820837976,-2.87167768733365,-2.78485858002201,-2.71606727533002,-2.61635783341631,9063.89874475817,0.999998915407644
"log_lik_catch[579]",-2.08255193166165,0.000690055871950661,0.0580282248516204,-2.21989335159003,-2.11492656488563,-2.07570077393883,-2.04308998404189,-1.98830415293874,7071.47578931598,0.999889295447154
"log_lik_catch[580]",-2.98566199277077,0.00148120471707345,0.0932022336065796,-3.1742589172166,-3.04984204207058,-2.98051204687125,-2.91838348387078,-2.81402698058856,3959.3369957536,0.999852958300725
"log_lik_catch[581]",-3.81921760558345,0.00254473039300954,0.160155006330291,-4.14260525684098,-3.92838001425519,-3.8120089494749,-3.70183458229303,-3.52051002128452,3960.93288991324,0.999979178366436
"log_lik_catch[582]",-1.79600909656173,0.000689303128597819,0.0463938592184198,-1.89323531925488,-1.82612082823057,-1.79324408928785,-1.76356220239159,-1.71114079408604,4530.02398280103,0.999721357505464
"log_lik_catch[583]",-2.16680361299344,0.00135236949019039,0.0882441264930251,-2.36335017840198,-2.22391462147427,-2.15949727587476,-2.10270336599495,-2.01994268818618,4257.75716217868,0.999900566585204
"log_lik_catch[584]",-2.37197739470343,0.000929939591377211,0.0613252577635978,-2.49967373945713,-2.41253461969046,-2.36767125017749,-2.32876266167793,-2.26033168812913,4348.79853748721,0.999758980217252
"log_lik_catch[585]",-2.3916359349728,0.00152897197794212,0.0961463763244594,-2.57994064064324,-2.45881273827398,-2.38858941583876,-2.3227849907714,-2.20662676763679,3954.27427473796,0.999869039864931
"log_lik_catch[586]",-1.63035575712338,0.00192887753275578,0.128375859393203,-1.90709182137411,-1.71307048939006,-1.62475737739665,-1.53922868502563,-1.40003740457001,4429.52766864561,0.999634649327102
"log_lik_catch[587]",-2.19202849650043,0.0018558528916836,0.120986556580696,-2.45683987086153,-2.269485798397,-2.18434521022743,-2.1040053835576,-1.98470888500673,4249.98245221052,0.999711457410566
"log_lik_catch[588]",-1.79600909656173,0.000689303128597819,0.0463938592184198,-1.89323531925488,-1.82612082823057,-1.79324408928785,-1.76356220239159,-1.71114079408604,4530.02398280103,0.999721357505464
"log_lik_catch[589]",-2.37197739470343,0.000929939591377211,0.0613252577635978,-2.49967373945713,-2.41253461969046,-2.36767125017749,-2.32876266167793,-2.26033168812913,4348.79853748721,0.999758980217252
"log_lik_catch[590]",-3.79498421990967,0.0028161887547773,0.178503660055058,-4.14869343265969,-3.9180230617864,-3.78847182678125,-3.66462740035236,-3.46026477216726,4017.63733069359,0.999997770028167
"log_lik_catch[591]",-2.76693294382099,0.000902740424201847,0.0662246615144235,-2.90742006656856,-2.80817545542958,-2.76191278250522,-2.71993077566803,-2.65036631002964,5381.62848907705,1.00011943425326
"log_lik_catch[592]",-2.16680361299344,0.00135236949019039,0.0882441264930251,-2.36335017840198,-2.22391462147427,-2.15949727587476,-2.10270336599495,-2.01994268818618,4257.75716217868,0.999900566585204
"log_lik_catch[593]",-2.49970604758824,0.000665206442589023,0.0494808106584579,-2.60160182317614,-2.53164857419993,-2.49728427476483,-2.46632246233574,-2.40632634387325,5533.00061990073,0.999756416963329
"log_lik_catch[594]",-2.36525887698104,0.00161742474701853,0.104662756257552,-2.59631897016519,-2.4321097563547,-2.35711508110373,-2.28942431277593,-2.18854286527683,4187.32015762685,0.999814389406011
"log_lik_catch[595]",-1.63035575712338,0.00192887753275578,0.128375859393203,-1.90709182137411,-1.71307048939006,-1.62475737739665,-1.53922868502563,-1.40003740457001,4429.52766864561,0.999634649327102
"log_lik_catch[596]",-1.77680276261449,0.000525038511298851,0.0419775508482412,-1.86584450332021,-1.80289426248956,-1.77401458258016,-1.7475286141625,-1.70295677806444,6392.22234670975,1.00014388077609
"log_lik_catch[597]",-1.77680276261449,0.000525038511298851,0.0419775508482412,-1.86584450332021,-1.80289426248956,-1.77401458258016,-1.7475286141625,-1.70295677806444,6392.22234670975,1.00014388077609
"log_lik_catch[598]",-2.44210817707634,0.00263333919801453,0.183567715308201,-2.82971881549961,-2.56001747879464,-2.43574866478288,-2.31640711475614,-2.10524246433767,4859.35914270918,0.99956078580159
"log_lik_catch[599]",-2.98772360145344,0.00309045661532951,0.223111987732835,-3.45025121860608,-3.12978343346563,-2.98041083814008,-2.83573768843959,-2.58045461790337,5211.95321190872,0.999537783906841
"log_lik_catch[600]",-2.4802036350209,0.000476024663042835,0.0442132541347694,-2.57047648917752,-2.5093521151834,-2.47908524214235,-2.45084726476167,-2.39454343849687,8626.72695760379,1.00004200554454
"log_lik_catch[601]",-2.91102073766932,0.000671293163357782,0.0517608494688551,-3.01534472003611,-2.94458966929583,-2.90891620794508,-2.87666520105546,-2.81104148307043,5945.36253065941,0.999783774869905
"log_lik_catch[602]",-2.16680361299344,0.00135236949019039,0.0882441264930251,-2.36335017840198,-2.22391462147427,-2.15949727587476,-2.10270336599495,-2.01994268818618,4257.75716217868,0.999900566585204
"log_lik_catch[603]",-3.09392734994908,0.00207674970216534,0.13039115009786,-3.35242691330632,-3.18376503561728,-3.08980343592745,-2.99990055354741,-2.84707117695632,3942.10255374289,0.999933366969179
"log_lik_catch[604]",-3.09392734994908,0.00207674970216534,0.13039115009786,-3.35242691330632,-3.18376503561728,-3.08980343592745,-2.99990055354741,-2.84707117695632,3942.10255374289,0.999933366969179
"log_lik_catch[605]",-2.49970604758824,0.000665206442589023,0.0494808106584579,-2.60160182317614,-2.53164857419993,-2.49728427476483,-2.46632246233574,-2.40632634387325,5533.00061990073,0.999756416963329
"log_lik_catch[606]",-2.19202849650043,0.0018558528916836,0.120986556580696,-2.45683987086153,-2.269485798397,-2.18434521022743,-2.1040053835576,-1.98470888500673,4249.98245221052,0.999711457410566
"log_lik_catch[607]",-3.81921760558345,0.00254473039300954,0.160155006330291,-4.14260525684098,-3.92838001425519,-3.8120089494749,-3.70183458229303,-3.52051002128452,3960.93288991324,0.999979178366436
"log_lik_catch[608]",-3.09392734994908,0.00207674970216534,0.13039115009786,-3.35242691330632,-3.18376503561728,-3.08980343592745,-2.99990055354741,-2.84707117695632,3942.10255374289,0.999933366969179
"log_lik_catch[609]",-2.22983387741691,0.00095807848862235,0.0667612604616224,-2.37384696436852,-2.2723394900352,-2.2240818390182,-2.18227829824354,-2.1163765443792,4855.64443179962,1.00006708989766
"log_lik_catch[610]",-1.79600909656173,0.000689303128597819,0.0463938592184198,-1.89323531925488,-1.82612082823057,-1.79324408928785,-1.76356220239159,-1.71114079408604,4530.02398280103,0.999721357505464
"log_lik_catch[611]",-2.78963365007516,0.00055107839188087,0.0496645113904204,-2.89303821192181,-2.82174568441795,-2.78865490115308,-2.7556494672956,-2.69372415940876,8122.04833126986,1.00010150679294
"log_lik_catch[612]",-2.37197739470343,0.000929939591377211,0.0613252577635978,-2.49967373945713,-2.41253461969046,-2.36767125017749,-2.32876266167793,-2.26033168812913,4348.79853748721,0.999758980217252
"log_lik_catch[613]",-1.77680276261449,0.000525038511298851,0.0419775508482412,-1.86584450332021,-1.80289426248956,-1.77401458258016,-1.7475286141625,-1.70295677806444,6392.22234670975,1.00014388077609
"log_lik_catch[614]",-2.81537467005031,0.000806492711632636,0.057106874519184,-2.9346472251668,-2.85202787265349,-2.81241962416238,-2.77650388363975,-2.70751955432919,5013.90255815432,0.999756647896676
"log_lik_catch[615]",-2.81537467005031,0.000806492711632636,0.057106874519184,-2.9346472251668,-2.85202787265349,-2.81241962416238,-2.77650388363975,-2.70751955432919,5013.90255815432,0.999756647896676
"log_lik_catch[616]",-2.05070881182496,0.000458217256753934,0.0383837410674322,-2.12748739249838,-2.07558507356653,-2.04986817219729,-2.02481203721644,-1.97694895347762,7017.0039325842,0.999819277556843
"log_lik_catch[617]",-3.09392734994908,0.00207674970216534,0.13039115009786,-3.35242691330632,-3.18376503561728,-3.08980343592745,-2.99990055354741,-2.84707117695632,3942.10255374289,0.999933366969179
"log_lik_catch[618]",-2.43864317000873,0.00210500206349595,0.138946542593854,-2.74162460830883,-2.52735470254471,-2.43022957584828,-2.33914988164495,-2.19432295768828,4357.02886981501,0.999658095155155
"log_lik_catch[619]",-2.64042506118001,0.000554994087262638,0.0462343421174807,-2.73205127056669,-2.67052612094241,-2.63966314424055,-2.6095438011339,-2.55062987721821,6939.89104215408,0.99982974519146
"log_lik_catch[620]",-2.34022667550837,0.000646177468003591,0.0518618535360386,-2.44919890220627,-2.37297110610723,-2.33744712745642,-2.30417535644401,-2.24744109026636,6441.58064372903,1.00014687468966
"log_lik_catch[621]",-2.64042506118001,0.000554994087262638,0.0462343421174807,-2.73205127056669,-2.67052612094241,-2.63966314424055,-2.6095438011339,-2.55062987721821,6939.89104215408,0.99982974519146
"log_lik_catch[622]",-3.24720170860287,0.00191999110475661,0.120122623054123,-3.48853554806551,-3.32984612612168,-3.24110305506241,-3.16031905795019,-3.02350552413879,3914.27361974085,0.999915513340084
"log_lik_catch[623]",-1.77680276261449,0.000525038511298851,0.0419775508482412,-1.86584450332021,-1.80289426248956,-1.77401458258016,-1.7475286141625,-1.70295677806444,6392.22234670975,1.00014388077609
"log_lik_catch[624]",-1.63035575712338,0.00192887753275578,0.128375859393203,-1.90709182137411,-1.71307048939006,-1.62475737739665,-1.53922868502563,-1.40003740457001,4429.52766864561,0.999634649327102
"log_lik_catch[625]",-1.00612051266945,0.00131967936316581,0.0859027956026799,-1.19367246750856,-1.06233118389051,-1.00143889272437,-0.943909248619514,-0.856554720740389,4237.18810662952,0.999723368296639
"log_lik_catch[626]",-3.66223548128412,0.00127022559635746,0.0817310925594885,-3.83223925752377,-3.716205249363,-3.65688313642178,-3.60444678538906,-3.51424754038665,4140.11961725007,0.999816521917784
"log_lik_catch[627]",-3.00748486146139,0.000597203957018679,0.0496199530599762,-3.1055937619989,-3.03987240033941,-3.00686817772118,-2.97442098661473,-2.91067050764453,6903.46845773087,0.999834720803879
"lp__",-1460.07505553532,0.199861149896366,8.0021062545686,-1476.25669249294,-1465.38126964142,-1459.64609792738,-1454.61449940176,-1445.66506554311,1603.06770124702,1.0017521731267
