"Mode","PE_Catch","PE_Effort"
"Shore (Dock/Jetty/Beach)",21533.2564333598,22589.7888888889
"Private Boat",22823.4945783359,12469.7507099391
"Commercial/Charter",11985.6830227743,282.811594202899
"PORT TOTAL",56342.4340344701,35342.3511930309
