"Mode","PE_Catch","PE_Effort"
"Shore (Dock/Jetty/Beach)",21533.2564333598,22589.7888888889
"Private Boat",28228.3759916594,9352.31303245436
"Commercial/Charter",11985.6830227743,282.811594202899
"PORT TOTAL",61747.3154477936,32224.9135155461
