"","mean","se_mean","sd","2.5%","25%","50%","75%","97.5%","n_eff","Rhat"
"C_sum",58609.6017,651.91427894493,15345.0583440147,34124.65,48091.75,56800,67298.25,92849.3,554.059111133066,1.00673440938039
"C_expected_sum",58608.8837416957,651.166326636003,15343.3998398796,34148.8914167395,48091.2690510928,56791.9452664074,67261.2027479059,92965.7117968309,555.2126303374,1.00671227014239
"E_sum",89811.1581609407,376.617188032273,13478.4048130968,69771.6582997332,80710.6496139148,87938.0406931008,96670.6398605149,120563.532623224,1280.78643412446,1.00177506078834
"B1",0.289787989679957,0.00614096879819421,0.153592019315361,-0.012979513018527,0.187083191749347,0.290427509799438,0.393385180142961,0.597625556071616,625.552146847748,1.00658952960396
"B2",0.687985745542176,0.0127654397143201,0.374977862749995,-0.0330492038151687,0.438334903444355,0.682809544462523,0.935697958817972,1.45996997351177,862.858736818711,1.00511578904961
"B1_C_out",-0.0987447874721298,0.00713606094748393,0.213449756229298,-0.531372980670287,-0.238632753099281,-0.0905111870685107,0.0435653792366294,0.321843709612733,894.693382443452,1.00648781429224
