"Mode","PE_Catch","PE_Effort"
"Shore (Dock/Jetty/Beach)",21533.2564333598,22589.7888888889
"Private Boat",37637.8346555459,12469.7507099391
"Commercial/Charter",11985.6830227743,282.811594202899
"PORT TOTAL",71156.7741116801,35342.3511930309
