"Mode","PE_Catch","PE_Effort"
"Shore (Dock/Jetty/Beach)",18242.1826356719,68693.8588651961
"Private Boat",22823.4945783359,12469.7507099391
"Commercial/Charter",12007.1197463768,282.811594202899
"PORT TOTAL",53072.7969603846,81446.4211693381
