"parameter","mean","se_mean","sd","2.5%","25%","50%","75%","97.5%","n_eff","Rhat"
"B1",0.352906610177017,0.0014977896358777,0.110640156902599,0.139049813111214,0.279289418714355,0.35332728902969,0.4278451869878,0.568512290692866,5456.62267953672,0.999815127935631
"B2",0.592725880266931,0.0039555186611486,0.280414893966959,0.0618950075194073,0.400544870698005,0.584933422377585,0.780484576220532,1.1517131205788,5025.68516428747,0.999510347616487
"B1_C",-0.0262682377305545,0.0020250059593423,0.155071483644094,-0.331233505999363,-0.130973928795345,-0.0273884515585985,0.0769155583050757,0.277833134157852,5864.23374586035,0.999691306726738
"L_raw[1]",-0.00934396682451748,0.0129082435032679,1.01222697717879,-2.03262327993131,-0.710587192039888,0.00509705303088807,0.671583070710099,1.95732504964729,6149.24103245125,1.00032718748799
"L_raw[2]",-0.00308748287346626,0.0116169279124743,0.992941992331918,-1.91092706836718,-0.681896951864216,0.00123048267763959,0.68116038865493,1.87282524978589,7305.75605545871,0.999057836220263
"L_raw[3]",-0.0085401529341984,0.0118944962866237,1.00678998861582,-1.95721029875686,-0.677249315239993,-0.00679428352770869,0.648873875850937,1.96883076008824,7164.49636267602,0.999623301903027
"L_raw[4]",0.00838785573429683,0.0115680757596264,1.02486561172267,-1.98177109743719,-0.67164427733522,0.00522177276120303,0.691987189252009,2.02299997819116,7848.9505661375,0.999249383169034
"L_raw[5]",0.00861661370218344,0.0118970939947874,0.995583312496993,-1.93322084534007,-0.664915115557533,0.0142430925072549,0.653958442357258,1.98928227451183,7002.82754759146,0.999588906401194
"L_raw[6]",-0.0280515148329284,0.0123489468462614,0.977533293215616,-1.92727982339374,-0.673328890128948,-0.0100289286671474,0.613597493132247,1.86550704139579,6266.18586795165,0.999589691138728
"L_raw[7]",0.0195158549421638,0.0118775835206563,0.986736321258761,-1.92671379537593,-0.647017824513642,0.0136533669840752,0.681071316592413,2.05500569427423,6901.54053959243,0.999991688478373
"L_raw[8]",0.0097499856840018,0.0123768882659174,0.98952245236138,-1.91361249684251,-0.66061649581174,0.0264861297777679,0.680597373043553,1.96003642601498,6391.87635071206,0.999335590020323
"L_raw[9]",-0.00962890298861131,0.0124019159389988,1.00319321565132,-2.0007408287299,-0.690965129799761,0.00161552902077555,0.690334629541696,1.89802762318794,6543.22125957768,0.999487364503426
"L_raw[10]",0.00307321194458463,0.0123169332704089,1.0031340208075,-1.99093544110154,-0.659230898044703,0.0077126852007145,0.682056798616267,1.97227879535925,6633.04192013458,0.999725215829221
"L_raw[11]",-0.0101673457275231,0.014262593648424,0.998288633160763,-1.91905214430564,-0.708117739580763,-0.0196331754254765,0.664111218093472,1.98090740161006,4899.08792839706,1.00085280871042
"L_raw[12]",0.0202506489803293,0.0120867701807789,0.999358078148948,-2.02188000811237,-0.653001210835771,0.0390221862702145,0.691185903087402,1.99185845322747,6836.30964976886,0.999336038975547
"L_raw[13]",-0.00653040767177843,0.0124648828288125,1.0198743897408,-1.98884136313056,-0.690393326966493,-0.00233983223810784,0.671154302368003,2.00060209880812,6694.48189939666,0.999557448659202
"L_raw[14]",0.00907660920654417,0.0125052256729784,1.0145607194528,-1.97779849142933,-0.664731905365656,0.00652210339604005,0.672248769395633,2.0526167594372,6582.22949913936,0.999718462927602
"L_raw[15]",-0.0280584103972347,0.0115356453381468,0.984969751812622,-1.95801177809009,-0.675275625436047,-0.0429823139208656,0.633824137314165,1.87520331368271,7290.57860443739,0.999757697503288
"L_raw[16]",-0.0035207099315853,0.0112782745764027,0.99142072142505,-1.96489338977797,-0.653436332609546,0.005093205433268,0.661047444249803,1.97193988044802,7727.35129736291,0.999685983906521
"L_raw[17]",0.0232086322360027,0.0127891300866993,1.02388120108413,-1.9922244098746,-0.654759916632204,0.0212984234085899,0.711909268015426,2.03566913847509,6409.39634977141,0.999394593267483
"L_raw[18]",0.0294512697056813,0.0126540871823403,1.01518574123154,-1.97395895859658,-0.663388789966931,0.0265353379140054,0.715368606821396,2.02547483602284,6436.19767265267,0.999564285280119
"L_raw[19]",0.00734931671749517,0.0131546563821018,0.986604741323227,-1.94664210176184,-0.650264388741991,0.0139233054115264,0.660503044178891,2.03131326444999,5625.06286003411,0.999815521742516
"L_raw[20]",0.0178465574769128,0.0130954749100307,0.978979692427237,-1.920177239943,-0.639330278150224,0.030556973246394,0.672597394736786,1.90586339553056,5588.62360115568,0.999312567560142
"L_raw[21]",-0.000869058562074114,0.0125176431826154,1.0101527847328,-1.96102805555298,-0.697483641200063,-0.00827812394973754,0.685257661983575,1.93875238413898,6512.21897377875,0.99908786151473
"L_raw[22]",-0.0011211447348548,0.0129171013355682,1.02219771328703,-2.03291429318771,-0.690705649526703,-0.0137289308256198,0.69242400846073,2.03769748575499,6262.38374695619,0.999572272302592
"L_raw[23]",0.0169614411206636,0.0132604168567133,1.00175838208534,-1.93716182318009,-0.666554305647453,0.0165259072750868,0.697874220058455,1.95435228212068,5707.04919722018,0.99949007594411
"L_raw[24]",0.0109743563219308,0.0126728439809792,0.989244332010996,-1.93581322386207,-0.656953335468766,0.0203054790940932,0.664836033083893,1.92038080332963,6093.38985058431,0.999522685218382
"L_raw[25]",-0.0188686274066514,0.0123313999592714,1.02285246574727,-2.00682104359265,-0.699327380450837,-0.0245797181731279,0.664301946539943,1.99141948739727,6880.20256673361,0.999244790458399
"L_raw[26]",0.010679050063252,0.0117735096077918,1.00323609638137,-1.89715809400009,-0.701923427195456,0.013935592990158,0.695403000610816,2.00593047727039,7260.9661852795,0.9993296489281
"L_raw[27]",0.0023254364834305,0.0123172648907366,1.03428636580156,-1.95302409751095,-0.688905499698965,-0.0166341541456426,0.715079132933446,1.98217217076051,7051.03770245937,0.999704617216956
"L_raw[28]",0.00882921122037592,0.013005883247667,1.01385582117298,-1.9623609318486,-0.684013131680253,0.0196781084684039,0.699494794340669,2.00403422647802,6076.76855797676,0.999333006008985
"L_raw[29]",0.00455823103053314,0.012404015337151,1.00280191163241,-1.97636222614126,-0.670901189941195,0.00719003585618131,0.701640390535489,2.00279921803396,6535.90479210938,1.00026618258797
"L_raw[30]",0.00451548711455009,0.0121510696642761,1.01409314272571,-2.01814377321327,-0.691814053980426,-0.00191069571836891,0.685095664916184,1.87662497556479,6965.08900537905,0.999602311429933
"L_raw[31]",0.0273961136651167,0.0128550958909933,1.01363572243602,-1.94195100430916,-0.666609656601472,0.0141866548591591,0.701269875081994,2.08729079184744,6217.46249061885,0.999479451375133
"L_raw[32]",0.00653017066250549,0.0126572709890789,1.01085646900294,-1.97082865510287,-0.680009505959679,-0.00757317987778441,0.698691897799925,1.95206293997752,6378.21027371899,0.999432732247779
"L_raw[33]",-0.00419882267914439,0.0131645699937072,1.01317343256316,-1.97127035972165,-0.70471689069302,-0.0329985474189658,0.69181165223147,2.01250208631823,5923.17045164751,0.99935249628067
"L_raw[34]",-0.0167054158037747,0.0129310834227333,1.01716122085002,-1.99691025049084,-0.714853201554356,-0.0155657232891871,0.685018861438901,1.95802552287752,6187.42235092117,0.999266037499915
"L_raw[35]",0.00971823240508294,0.0119942524279734,0.995256211580914,-1.88560399889616,-0.698884660774368,0.0225755733552723,0.701993390545803,1.93687271849945,6885.30882387816,0.999956054257312
"L_raw[36]",-0.00976151247647419,0.0124881439545521,1.0068717672607,-1.96300956224143,-0.721466605645354,0.00993294565221379,0.703515249404522,1.91975197564704,6500.58638808231,0.999597049429427
"L_raw[37]",-0.0131530294223122,0.0131703949418384,1.00022675304211,-1.9794664927107,-0.681072654723651,-0.0136161020549858,0.669912794516402,1.87751261384354,5767.65581687758,0.999484164771838
"L_raw[38]",-0.0089538165226979,0.0118462097137516,0.993618613108302,-1.98683777653029,-0.666905917898085,-0.00763422548486137,0.653951673405557,1.98178947159511,7035.26730964157,0.999874582081152
"L_raw[39]",-0.010716669501672,0.0128204687622735,1.01612450840763,-2.01208150532942,-0.721710460984981,-0.00391954806050497,0.662671290756051,2.01495564770234,6281.82803237915,0.999560161176253
"L_raw[40]",0.0163438895152328,0.0116650705583924,0.996162746005771,-1.87607579923516,-0.6487343685347,0.0203899183134142,0.68388626435719,1.97157483657662,7292.65808543904,0.999752651964884
"L_raw[41]",0.00496591649434112,0.0122385793541813,1.00801560173073,-1.9710847544917,-0.661651551030951,-0.00771640028937725,0.66800915672531,1.99003575308433,6783.79150605415,0.999453048582646
"L_raw[42]",0.00494030086782648,0.0136357046513457,1.03782413222988,-2.02761279201889,-0.683933114319934,0.00946834068662775,0.718547972982719,1.99685109659489,5792.85100374967,0.999540562185952
"L_raw[43]",-0.00534079311455409,0.0116494627380107,0.985232268187021,-1.90045814302849,-0.669618074872431,-0.0023936973680827,0.644273570764137,1.95415180898001,7152.62508600127,0.999749917384038
"L_raw[44]",-0.0212730200765398,0.0109301722122677,0.998040723307066,-1.96336704947821,-0.698650728688922,-0.0167777367301517,0.664509012865466,1.87193770310248,8337.62801985898,0.999506384608785
"L_raw[45]",-0.0145408708919217,0.0116321491074727,1.02787557408371,-2.01542605880169,-0.702476549320557,-0.0335278620407631,0.658919956454421,2.04302587051479,7808.38413681534,0.999202685724438
"L_raw[46]",-0.0197109263800248,0.0125038547308731,0.975430768989387,-1.89597049021157,-0.669477035818636,-0.0283001199470699,0.637544799391121,1.90517057532362,6085.62325548244,0.999470919275146
"L_raw[47]",0.00446733827349943,0.012747720182975,0.978428841916257,-1.89293057779863,-0.649141052065006,-0.00270098320834402,0.657823729677168,1.97985335900534,5891.06003425098,0.999545161169016
"L_raw[48]",-0.0186516539977888,0.0120359530858717,1.01328365521912,-2.0659035931376,-0.699365358232374,-0.0168260918993881,0.662749531137222,1.95266285566072,7087.63105071147,0.999920601821508
"L_raw[49]",0.000719053744330501,0.0127047885704036,1.00373401797272,-1.92674879392498,-0.716060228176471,0.00851646348791027,0.716017984570183,1.9168342197708,6241.69297873356,0.999247709925842
"L_raw[50]",-0.000338121547315231,0.0130368160489883,1.02758944075549,-2.01906823436243,-0.709081944203412,0.0161143008525349,0.689180867576238,1.99579445820536,6212.9261384546,0.999275234307632
"L_raw[51]",-0.0067297874873246,0.0127852303327569,1.0100162352335,-2.05053440940393,-0.691316142383719,0.0185738191426663,0.678539119762731,1.95748436462648,6240.79039688706,1.00009652096837
"L_raw[52]",0.0087889764327665,0.0132668752062113,0.994069707542624,-1.92951486369676,-0.666133306649753,0.0104244523025358,0.693940473168044,1.95082392705212,5614.31003036317,0.999712915392046
"L_raw[53]",-0.0102664659307222,0.012161375126614,1.01804162053618,-2.05863282663903,-0.689008582513088,-0.00521232521271031,0.657979328862681,1.94117087283396,7007.54180902637,0.999385280144989
"L_raw[54]",0.0120108260258295,0.0126033830350632,0.999865799929895,-1.96216075406543,-0.655138283532502,0.012445065752927,0.676954401734661,2.00675235123325,6293.74520300037,0.999537677963942
"L_raw[55]",0.00833801684035841,0.0121816231351539,0.987780554516345,-1.86337623972011,-0.661691208261326,0.00200869431246017,0.671856409925792,1.94980662889351,6575.22510568736,0.999469670341694
"L_raw[56]",0.00233877500049734,0.012259399382668,1.00504105056494,-1.99944803580483,-0.654721418354683,0.0149644728336388,0.645834491986632,2.03095878147613,6720.92755733525,0.999215941552549
"L_raw[57]",0.0110873774471186,0.0122178014364085,0.985064811727536,-1.96655517199186,-0.644614653139891,0.0182680913816268,0.690280079782725,1.95825967796187,6500.45095190055,0.999651964363013
"L_raw[58]",0.00220745527957165,0.0114493091097094,1.01697209488095,-2.01036443556325,-0.666549240653722,0.00348279989441418,0.654846674332498,1.97209442370037,7889.68222361518,0.999590044631951
"L_raw[59]",-0.0180620681424123,0.0123488684895138,0.984721467622529,-1.91932092641167,-0.683733584905759,-0.0195324506636772,0.638117845313252,1.89290385917003,6358.76068949897,0.999847618214977
"L_raw[60]",0.0134480581899942,0.011844036691292,1.01006277476574,-1.95848100417528,-0.668567389566466,0.0217352448259139,0.69391481552781,1.98682689103743,7272.72629227346,0.999626513399804
"L_raw[61]",-0.00229703274481348,0.0126648141084801,1.00391386359216,-1.97969925139609,-0.663601324723166,0.00584808074691368,0.651347880189838,1.97968093501406,6283.40804844108,0.999161304349868
"L_raw[62]",0.00114843478147208,0.0130644268515481,1.0206742049424,-2.0142534141395,-0.663868969261545,-0.0103810623103816,0.699926618842425,2.0367071845814,6103.70527750732,0.99937213217597
"L_raw[63]",-0.00998316138210907,0.0117345503282371,0.978048908846553,-1.91831048138211,-0.662710808888155,-0.0157903445082337,0.652183998251858,1.90767673906277,6946.85512557252,0.999521616678159
"L_raw[64]",0.0291567551589239,0.0126018718973325,0.99978554948361,-1.91918356095441,-0.655179957308523,0.0322408305665064,0.698461069904226,1.99605252940286,6294.2442176329,1.00005201384939
"L_raw[65]",-0.0247505564647355,0.0123149070830836,1.01423618327162,-1.98374018010165,-0.707689063244964,-0.0296537389926029,0.647534400495332,1.95753702921417,6782.90791990843,0.999475131354211
"L_raw[66]",-0.00897076810904615,0.0112539576264008,0.992761905509049,-1.99511456216151,-0.653030437600416,-0.0179969402471587,0.651269555533594,1.89609821690618,7781.79268749483,0.99929567385101
"L_raw[67]",0.0285571896040511,0.0126099967954653,1.0086622091989,-2.08734471642987,-0.654721945155372,0.0297445626682129,0.715568489812642,2.03695893001284,6398.25503444362,0.999904025832202
"L_raw[68]",-0.00338724415887772,0.0124139285922748,0.991932829515524,-1.92109288801593,-0.695283185285471,-0.00822639825347101,0.688587203543487,1.95274905483024,6384.78154473229,0.999677665845927
"L_raw[69]",-0.00602479801906992,0.0127537995102763,0.991159340535511,-1.9153000933862,-0.666574514826161,-0.0207486395514652,0.677481795610729,1.90957531072036,6039.59455502543,0.999568251775548
"L_raw[70]",-0.0219312077287021,0.0122988082832141,0.998638877499895,-1.99754077047423,-0.699037765354551,-0.0235231633232505,0.67065257378958,1.91793691033443,6593.11840627758,0.999801383420164
"L_raw[71]",-0.00742837657059022,0.0121921879650562,1.00412693275994,-1.96482257841178,-0.694483732816616,-0.0111113488133162,0.687713309797754,1.98427371070073,6782.87686161749,0.999607816803836
"L_raw[72]",-0.0190400086478446,0.0123455227195233,1.0011474909138,-1.93738924598309,-0.69248828135264,-0.0397117722004248,0.655794000892096,1.97410187956384,6576.23252032441,0.999400473309169
"L_raw[73]",0.00316814276344817,0.0122294991387176,1.01062693673789,-1.92676835728459,-0.689296663304268,-0.0179571677522012,0.683296826749989,1.97432334879312,6829.11454873649,0.999456752127208
"L_raw[74]",-0.0209305975185976,0.0129787257436571,1.00003134272052,-1.92227002158774,-0.710335548675081,-0.00263329970910765,0.64020115170432,1.97264661140294,5936.94619166773,0.999761379375193
"L_raw[75]",0.00420196044029473,0.0122067619943703,0.959301338004577,-1.86285474116786,-0.656626492761005,0.0072681985323836,0.643717201857581,1.86821179889765,6176.0264421797,0.999356598223016
"L_raw[76]",0.00490679740104466,0.0125570395047376,0.989747530924829,-1.91756552894894,-0.66695590710257,-0.007040504119543,0.679056801783348,1.92946667201314,6212.61345495878,0.999892163301361
"L_raw[77]",-0.035549321996708,0.0125412978916558,0.979084859650267,-2.00295800243977,-0.676466745811209,-0.0312593657199388,0.617471610224971,1.86094186342721,6094.74727928337,0.999071839385369
"L_raw[78]",0.000319727721104618,0.0122518350144509,1.02178581147441,-1.9991261258598,-0.6969076664991,-0.0410360432619457,0.701197099543037,1.98613165778137,6955.32544508912,0.999450030894646
"L_raw[79]",0.00363943863139435,0.0128729690967983,1.00737289285855,-1.95178982939844,-0.668568800967193,0.00977315510835197,0.68353755689156,1.998314379024,6123.82917322654,0.999437241336821
"L_raw[80]",-0.00844822032947972,0.0125025178024911,1.00225662360248,-2.01047491568895,-0.674401660781812,-0.0100295775379074,0.675361062149587,1.94289905420796,6426.32827637035,0.999345484089869
"L_raw[81]",0.0229397944089479,0.0117892776156411,1.00127711364184,-1.9292230264981,-0.651954872999664,0.017508632173067,0.689000492774117,1.99005434086729,7213.30323832662,0.999237957876374
"L_raw[82]",-0.00120171727756586,0.0134285877530216,0.984387085110882,-2.00412484514072,-0.670168733807636,0.0196610336246831,0.671223779855882,1.95818419384594,5373.67171692951,0.999401083801482
"L_raw[83]",0.0235747031211924,0.0123333640040896,0.970385089407831,-1.94261444790092,-0.611669540746798,0.025835436039015,0.681923377823326,1.9109786288413,6190.49148660826,0.999234076349314
"L_raw[84]",-0.002929563219148,0.0120453380355711,0.999468432427483,-2.01690714930275,-0.671084341319112,0.0208923898393044,0.659661800669646,1.92238453233851,6884.94029950964,0.999359820417749
"L_raw[85]",0.0106640440254332,0.0114000862364953,0.971576774561965,-1.87404411170613,-0.651041892504453,0.0155765281811017,0.695999159176849,1.8731708512913,7263.36678701046,0.999723804991415
"L_raw[86]",-0.0177917442606748,0.0135880661660889,1.01107642891716,-1.99911322027282,-0.694299536310593,-0.0187754443254561,0.682276261795273,1.93082010692058,5536.72133380419,0.99938869193173
"L_raw[87]",-0.00811983792667906,0.0129241777245163,1.02088736738072,-1.9763582294614,-0.695639558644756,-0.00347384917416197,0.664153616821993,1.98538733745263,6239.50039613404,0.99968356368294
"L_raw[88]",0.00921522776770165,0.0113806239588019,0.976907524879694,-1.8826475856412,-0.671433041420466,0.0202204410081991,0.677647410087277,1.90826207933647,7368.42661750308,0.999091038457108
"L_raw[89]",0.00997326058444301,0.0122605959181379,1.03677177674893,-2.05931832820969,-0.684344686358457,0.0154090831332452,0.687038227313374,2.09516348292635,7150.61134909172,0.999926403476664
"L_raw[90]",-0.0176217450294222,0.0131875217889399,0.982093061093038,-1.96470944625592,-0.696402799619789,-0.00828531662196713,0.666482992044211,1.88671957792474,5545.98773444544,0.999530545490417
"L_raw[91]",-0.00770907544968062,0.0121647655215421,1.04583434179504,-2.08359873263382,-0.709779581593266,-0.00704022613113498,0.688507765756718,2.05289876693153,7391.25715861833,0.999861469054334
"L_raw[92]",-0.00246562787887645,0.0116332122554854,0.996513589914472,-1.91646284548332,-0.684454195840566,-0.00789908322476579,0.667233945509801,1.95432434914391,7337.82157283324,0.999414512505618
"L_raw[93]",0.00475175292986322,0.0116253426053025,0.972915575181397,-1.9596146244904,-0.642923995330974,-0.00123735396149672,0.665818823368986,1.9034352426663,7003.88151732275,0.999494372061559
"L_raw[94]",-0.0115663123115275,0.0126562130590933,1.00843136520379,-1.96779553581238,-0.675467877989254,-0.00848359704123314,0.668244083738482,1.99438880295926,6348.70482484578,1.00062300627873
"L_raw[95]",-0.00888151808123875,0.012834739836728,1.00385004620055,-1.99800038644914,-0.667526607259635,-0.022774418105125,0.651946924025305,1.98395357334126,6117.35306892332,1.00000732891528
"L_raw[96]",-0.0177897873983092,0.010231938783016,0.985943865678923,-1.97396725296656,-0.668939912895289,-0.00977484588811914,0.635645263458158,1.91500163408899,9285.14119556262,0.999571111223515
"L_raw[97]",0.00510479476653114,0.0113440375040098,1.01518703059541,-2.04057385632988,-0.668831847382829,-0.00187354760521156,0.681219480283632,2.02299050067333,8008.60390204189,1.00022454845942
"L_raw[98]",-0.0142402250983114,0.0144078568512338,1.02992706451598,-1.94642607547829,-0.728862159143938,-0.0199938109056068,0.693064026878087,2.00813363112348,5109.92083149195,0.999311569590962
"L_raw[99]",0.0160280087130323,0.0127274542504256,0.996550809934734,-1.91240170279024,-0.659063474878083,0.0352090942063534,0.677871427822687,1.9249817268543,6130.78101223138,1.00004988134381
"L_raw[100]",0.0140499966287023,0.0127616702924739,1.03811536879833,-2.02798505426864,-0.675716580015695,0.0333775296080538,0.697400731462627,2.03629599897359,6617.22955839696,0.999907997959635
"L_raw[101]",0.00410433087914779,0.0120355445021576,1.01108286122097,-1.92419757703945,-0.691430194307898,-0.0117753475274418,0.663549514988446,1.9736374233345,7057.35577201542,0.999411191752013
"L_raw[102]",0.0105657596621651,0.010584291701787,1.00263454468855,-1.92147594090748,-0.674428137338411,0.0219620138790276,0.695586190858842,1.96041221366687,8973.49709323455,0.99920770962505
"L_raw[103]",-0.00409620473618378,0.0117626567068708,0.982610014957888,-1.92661572603026,-0.666051547137607,0.00202949874317828,0.660896949991658,1.90463091863261,6978.33039809709,1.00002214780707
"L_raw[104]",0.00703770168114442,0.0127928712945057,1.00493943786117,-1.962849064801,-0.685089853982721,0.026278665464403,0.683784796694225,1.97492723783936,6170.83194147904,0.999557364672418
"L_raw[105]",-0.0185994543938348,0.0122605985114297,0.994502863640225,-1.98360676279468,-0.689074354549317,-0.036203161401444,0.662489290067282,1.92702724242331,6579.43701384473,0.999284729621524
"L_raw[106]",-0.00981837539167743,0.0124108405291991,1.00932379660841,-1.96142752617764,-0.695326973162099,-0.0255170317386386,0.666452266484818,2.01622322864336,6613.9153892312,0.999563942609551
"L_raw[107]",0.00428995734097608,0.0119744698761275,0.996828818244214,-1.93984992688011,-0.659926913368683,0.00845166295145884,0.655353869107741,1.96874754991957,6929.92569945792,0.999793503875083
"L_raw[108]",-0.00239511670043956,0.0124273167339918,0.982832858935372,-1.95496558157089,-0.667358965070457,0.018285023457344,0.677021214390919,1.86767657968124,6254.6728792098,0.999800661778755
"L_raw[109]",0.00020674250603736,0.0117895148989274,0.970063524426629,-1.90566862561846,-0.660441014590581,0.0268797773877222,0.648575353523739,1.90504719559229,6770.30881281991,0.999334558962683
"L_raw[110]",-0.011139739576245,0.0130441397049449,1.01065950857247,-2.0364000825227,-0.692230853093917,-0.0204014353001014,0.668813238900784,1.96467715506467,6003.14522323951,0.999793443073121
"L_raw[111]",-0.0359078999921102,0.0117810453774181,0.983791479215457,-1.9575568191289,-0.682475269674201,-0.0400420842307527,0.614563588064357,1.93329084734366,6973.30170894298,0.999902321939933
"L_raw[112]",-0.0182391322490783,0.0120937078587344,0.981268573075039,-1.92083075998107,-0.6736537396222,-0.0226083202634849,0.648121790321762,1.86854876271234,6583.49989886373,0.999746217850726
"L_raw[113]",-0.0135516051469604,0.011800443181825,0.983626077827297,-1.92353267074176,-0.661844779874396,-0.0170983224055258,0.63171250305877,1.97399458603722,6948.05795207092,1.00017404125457
"L_raw[114]",-0.0112314211111311,0.0133267084335208,0.978553242452297,-1.97691855206924,-0.672573731786392,-0.000401529871081854,0.652898304057888,1.84183741890661,5391.6678295643,0.999806219026643
"L_raw[115]",0.00832338433488828,0.0128208696795529,0.97023821856675,-1.88550193898085,-0.654854920848638,0.0163094921441541,0.66800449123466,1.93527411596083,5726.9288068474,0.999208429726353
"L_raw[116]",-0.0102570997765552,0.0126202910110443,0.968175377631632,-1.92741306352217,-0.677484810391386,-0.00705931917705877,0.6630884262138,1.85687871481422,5885.30979336484,0.999746542510275
"L_raw[117]",0.0187187110605515,0.0124317725937233,0.995099206241629,-1.95228088302939,-0.646549760658556,0.0283980266576214,0.69845532075231,1.91806091879859,6407.1758705534,0.99963760012686
"L_raw[118]",-0.0221239488120382,0.0124867465814768,1.00714137950459,-1.97530260799123,-0.706354802882156,-0.00549098196839168,0.647210380052986,1.96573477691727,6505.52400899211,0.99930567284912
"L_raw[119]",-0.0275941897803524,0.012105684753021,0.986032980341486,-1.95638678958502,-0.699311063031952,-0.0263132345048614,0.637607043236011,1.90803934902325,6634.43834061586,1.00026298818875
"L_raw[120]",-0.0137786865036986,0.0113186304753891,0.977471007793215,-1.90136700106479,-0.684732500344726,-0.0199490055252149,0.656060920971934,1.84682697479468,7457.95926134026,0.999852208460942
"L_raw[121]",-0.00657816143154751,0.0121753928355555,1.00146901319981,-1.93992890686246,-0.680667380977056,-0.00784230884668126,0.677672638614873,1.91222574649721,6765.64283722788,0.999348987340064
"L_raw[122]",0.0207552732788827,0.0119661207019786,0.984775999741126,-1.88243753671196,-0.642176488741427,0.0239591300197201,0.688068146861942,1.96074164326327,6772.7984693649,0.99946130906223
"L_raw[123]",-0.00471476696899897,0.0126968212067939,1.00831294599631,-1.97784319879724,-0.682499866794766,-0.00811228519009641,0.665254272111309,1.98803951940588,6306.67830020644,0.999768636751365
"L_raw[124]",-0.0191425103698048,0.0139404094897843,1.028630391585,-2.02587946117807,-0.693038824722617,-0.0190585873125678,0.647783380612489,1.98266020299929,5444.62084201884,0.999901238187369
"L_raw[125]",0.0177935669692184,0.0117486538679993,0.996498464014878,-1.87640562625507,-0.655457968941207,0.0120465886302494,0.700315988321211,1.98024408058782,7194.109587646,0.999290630048871
"L_raw[126]",-0.00838288567951823,0.0120111856572519,0.991658012610667,-1.96713160708153,-0.667216928390505,-0.00820156552354126,0.62712323737773,1.99688611831722,6816.35327587001,0.99968385938138
"L_raw[127]",-0.0150885738039429,0.0124830823314888,1.00298802667465,-2.00523016522148,-0.693334306180175,0.00266573931601795,0.659750284941289,1.95011993970231,6455.76670073297,0.999188919241561
"L_raw[128]",-0.0133486333518046,0.0119471090760575,1.01342541970326,-1.99573346180547,-0.687314300370672,-0.0105343842275824,0.649793951286342,1.98162367882103,7195.44949807615,0.999629611295069
"L_raw[129]",-0.0145216734246417,0.0121815208883191,0.985924177784311,-1.87545191227225,-0.698969791068786,-0.00893962894046755,0.633346253767039,1.88356532124564,6550.64411108539,0.999338971132289
"L_raw[130]",-0.00470183392926326,0.0123322544106163,0.982469061916798,-1.96123350186032,-0.640723662490502,-0.0184843418992352,0.653941844210007,1.9459642815685,6346.77080790021,0.999388418125238
"L_raw[131]",0.00466236597739992,0.0115227380371679,0.983946865957078,-1.93855182286282,-0.654335595800862,-0.0103920835474547,0.663976647580292,1.93082184744249,7291.7524527515,0.999432201496332
"L_raw[132]",-0.0018293336072043,0.0127584458962573,1.01233795592272,-1.96688322089012,-0.673666406210565,-0.01014513111523,0.668570443547754,1.9814795332361,6295.86617434837,1.00001611424875
"L_raw[133]",-0.00563335246345744,0.0121468027837391,0.967804423807623,-1.87747029512311,-0.663095742830454,-0.0132436154618551,0.654417344550673,1.83994846092413,6348.20942058152,0.999424682896534
"L_raw[134]",0.00132561559290155,0.0123557757992692,0.997951138507901,-1.9919453950123,-0.664993316784692,-0.00786993363103827,0.675720299001774,1.94176967215613,6523.46771589524,0.999309514771322
"L_raw[135]",-0.00666884448576351,0.0120807478287966,0.989266445050974,-1.94640156752554,-0.680167846081543,4.05991717454199e-05,0.659427929425922,1.91749857194083,6705.61969237015,0.99950877561878
"L_raw[136]",0.0179150879471018,0.0121400049718401,1.0340120347387,-2.07076521140896,-0.656248332886437,0.0173692768105116,0.698568241668324,2.02007082242103,7254.59976981894,0.99927791578481
"L_raw[137]",-0.0061309876442998,0.0112480410535207,1.04781045140306,-2.02602758988811,-0.712531877358119,0.00294014644741675,0.691777965181973,2.04441033373591,8677.84055969036,0.999305441294263
"L_raw[138]",-0.0136450941982178,0.0128874245992751,1.01506017204632,-1.95048998220927,-0.735947528850259,-0.0187579627789222,0.706598782451958,1.92119183813431,6203.70732371807,0.999969144231008
"L_raw[139]",0.016413804338883,0.0115825687444342,1.00231601128767,-1.93476928028765,-0.668893548231431,0.0155781814655381,0.722001484417593,1.96287916317293,7488.58153888442,0.999517926876337
"L_raw[140]",-0.00530777060220204,0.011728233665749,0.966615030796491,-1.8808794650909,-0.649214427481322,-0.00604040070902856,0.625604722060619,1.91783267048506,6792.69114520832,0.999347451788228
"L_raw[141]",0.00318119475132166,0.0115807723328976,0.99280384316995,-1.94166852939626,-0.660057858200132,0.00310219115978142,0.653734778273995,1.95531426472519,7349.39943377872,0.999379026084654
"L_raw[142]",0.0264805999584046,0.0102697496457912,0.98176374462784,-1.86633755383204,-0.652203282044698,0.0253411481444257,0.691035749305611,1.94934188170002,9138.90719294693,0.99944186331175
"L_raw[143]",0.00251319450066791,0.0121930275419799,1.02434152829928,-1.96941131974444,-0.700069678963317,-0.0122808184908857,0.686248472147201,1.9862849599178,7057.75292059901,0.999950964412072
"L_raw[144]",0.000789334984206898,0.0128850981590792,0.998398213749526,-1.91626956963036,-0.684986221436306,0.00228553254531032,0.677924362191689,1.94863035897679,6003.88172187673,0.999636131502663
"L_raw[145]",-0.0226084884630337,0.0125680506756369,1.01788524652579,-1.98085974265319,-0.706159427251107,-0.0224609631890277,0.681135859380107,1.92712649348317,6559.36492161033,0.999403717691878
"L_raw[146]",-0.00408715579540099,0.0126854234415179,1.01048836288932,-1.96935630403167,-0.685057840846419,0.00342356363774752,0.670846106045831,1.96629640215583,6345.30782549528,0.999297264819672
"L_raw[147]",-0.00255234392987271,0.0129387781757781,1.0347113491263,-2.01901882086553,-0.694948132295394,0.00275874744775367,0.690874633919433,2.0285214662,6395.16701044523,0.999889730062748
"L_raw[148]",-0.0015977448473311,0.0116775933339234,0.998842011849187,-1.93722214210206,-0.691772963349038,-0.00896981255692211,0.679505151527397,1.94913828358908,7316.22254291521,0.999167216365555
"L_raw[149]",0.000370445647336934,0.0124274737436139,0.996446123812287,-1.92827948971378,-0.698706225118222,0.0191938221241854,0.68566413334747,1.90764809888845,6428.97794193585,0.999644020473079
"L_raw[150]",0.0134696816609025,0.0125989256050283,1.03159711804033,-2.00161106092494,-0.666698492408634,0.0109036509479761,0.716713764319303,1.98798376510066,6704.29656957525,1.00217758859218
"L_raw[151]",-0.0127224669346743,0.012167090101466,1.00066039353387,-1.9392648047018,-0.69290045989388,-0.0291438878098765,0.653283859033717,1.97907213976703,6763.94352581365,0.999702060181013
"L_raw[152]",0.00178982520693728,0.0125213896528226,1.00197478912607,-1.96386863815649,-0.667876246113435,0.0108149435488376,0.675972503974696,1.97200653860508,6403.36897542717,0.9991147056436
"L_raw[153]",-0.0121870965242814,0.0114857009020334,0.998427962729139,-2.02254958835623,-0.658958781953287,-0.02765760961212,0.665211183014401,1.94735576629224,7556.4613618402,0.999670694153695
"L_raw[154]",-0.0201085455557783,0.0131080473503758,1.02202023564042,-2.0341919414692,-0.697707585433004,-0.0282714137756584,0.669965656668984,1.96053225435558,6079.15177721501,0.999663254270476
"L_raw[155]",0.00414508583057644,0.0118289952939566,0.984191276289877,-1.95262833410704,-0.648642448830364,0.00317938106521614,0.670244233744638,1.87565546082722,6922.50541877622,0.999543831829967
"L_raw[156]",-0.000509100213976234,0.0120134933260788,0.975940223635516,-1.89931876793271,-0.657057337950133,0.00812471980419337,0.641156378713267,1.87963313399732,6599.4510657263,0.99923228061839
"L_raw[157]",0.000841220064989562,0.012339222489484,0.994316291655996,-1.92571293243178,-0.659683256447447,0.00763355880530086,0.675481994361419,1.93560557303074,6493.42038979464,0.999789285787716
"L_raw[158]",-0.00376412496930041,0.0115572576341986,0.951956774084305,-1.89055762569924,-0.642809007499395,-0.0109510717299468,0.62595454833009,1.87567828406942,6784.60968411268,0.999178326350156
"L_raw[159]",-0.00195780966745853,0.0121863750439193,0.991818455100878,-1.90503422693049,-0.679504090340224,-0.00392178738630975,0.664100240995407,1.92891714155515,6623.92323568042,0.99926707806937
"L_raw[160]",-0.0138491017002512,0.0113386739698991,1.00002026033723,-1.92612988227159,-0.711307448105035,-0.0177169853105301,0.671275528820972,1.91520847249787,7778.44995732991,0.99936541261387
"L_raw[161]",-0.00271590347655266,0.0111651835455484,0.994276603800224,-1.96552392102793,-0.68629525328368,0.00343037550529894,0.682497814958197,1.9535924380302,7930.17382031574,0.999368150503027
"L_raw[162]",-0.00229552509710836,0.0115870242958299,0.993238801068648,-1.95914199443605,-0.66769723533669,-0.0129904474102261,0.67407411884547,1.97692675618401,7347.90476458634,0.999688420627028
"L_raw[163]",0.0255306572669026,0.0106706212421289,1.01894511327058,-2.01573058220601,-0.661989602133,0.0287953906808005,0.705933020916618,2.00023270376439,9118.47416994877,0.999641251055106
"L_raw[164]",-0.000695921977390438,0.0120133833415661,1.00326176294037,-1.97985375058253,-0.682987405319371,0.00901664859139894,0.688826819944034,1.94617151787169,6974.25544143606,0.999601046914155
"L_raw[165]",-0.0178118089342513,0.0126466193301994,0.99480132181422,-1.95113675339287,-0.714253692454058,-0.0228375387584841,0.661872196013118,1.92053496579506,6187.62256793188,0.999771376352327
"L_raw[166]",-8.41982433273598e-05,0.0134668058121986,1.01160159839596,-1.95040133552988,-0.668391062360987,0.0140259778759712,0.682991395521434,1.9323045579168,5642.73712180554,0.999709955456962
"L_raw[167]",0.0190681975842146,0.0124714197359163,0.990956858821951,-1.90485831411373,-0.622211388549187,0.0148230873938011,0.699784294846706,1.96610939071643,6313.6093083211,0.999811545681392
"L_raw[168]",-0.0081003679798521,0.0121377098568831,0.981817558421477,-1.97304706355609,-0.650222941805225,-0.00842096677662599,0.643625170281425,1.94643106082983,6543.16821628462,0.999495020633271
"L_raw[169]",-0.00322669734810625,0.0114736560604947,0.988124298564495,-1.90326533948639,-0.667402873785541,-0.0223639757036584,0.647700454753683,1.95145434800838,7416.85013440623,1.00022752216494
"L_raw[170]",-0.00123217226479593,0.0120816894069209,1.0099135909895,-2.0104858189671,-0.666535061681953,0.00285647392361474,0.664204666929279,1.96723760047532,6987.35968784357,0.999538648671813
"L_raw[171]",-0.0171629379829418,0.0121061743973893,1.01342750916816,-1.99035507840663,-0.704173755120734,0.00444803794096477,0.656478275476733,1.92612189433139,7007.63585352934,0.999666258625398
"L_raw[172]",-0.0122208203979094,0.012172165774457,1.02144232493608,-2.07244363348643,-0.681216832211669,0.0037896310252955,0.66965878453465,1.92709560310468,7041.93451515885,0.999871428931494
"L_raw[173]",-0.00803925466219814,0.0113386323428774,0.9836847213329,-1.95858168017324,-0.673566783073515,-0.0103317261481506,0.64894337756492,1.95299118359201,7526.45561741473,0.999653790362511
"L_raw[174]",0.00440004269522186,0.0114595644473887,0.98966945090928,-1.93401657577004,-0.656753060597984,-0.00264098173002158,0.687789601842658,1.93289490672508,7458.37313020322,0.999480480619248
"L_raw[175]",0.015822334869891,0.0135939179931671,1.00060358328608,-1.96280973995193,-0.642916354771693,0.0238441251188255,0.689881981578045,1.99147519539277,5417.94779816749,0.999594476959677
"L_raw[176]",-0.00676477296156164,0.0132916107066301,0.990541188689696,-1.93811529901199,-0.68514810339357,-0.013906024056922,0.669388760312442,1.9637548284488,5553.79509236334,0.999296675646982
"L_raw[177]",0.00464152116349262,0.0120673317329112,0.999248465094426,-1.90971168103511,-0.686027971499593,0.0035678625370147,0.680983746218126,1.94896467862229,6856.8472724287,0.999731572420548
"L_raw[178]",0.0158561416487755,0.012444838540208,0.996757167300176,-1.90773491015999,-0.665167045246936,0.0249507355746564,0.699167388952796,1.92083501982428,6415.05230188249,0.999902791948982
"L_raw[179]",-0.0189951838737059,0.0123566997638576,0.976327754070442,-1.90509599001542,-0.702035433460963,-0.0136512853954292,0.674139506451255,1.87901816286416,6242.89860359893,0.999440602369756
"L_raw[180]",0.00169866332423867,0.0126624242594288,0.979335895495938,-1.8939807220442,-0.666425819439029,-0.0101240968979317,0.68217564911488,1.92875394696693,5981.76881964692,0.999422881741676
"L_raw[181]",0.00218778580662504,0.0139113501084309,1.00103903250022,-2.05188134307771,-0.661990829434222,-0.0016160847525542,0.678589178072549,2.0035087596252,5178.01688450432,0.999630523425302
"L_raw[182]",-0.0069635780398251,0.0127050498822704,1.03224932564094,-2.01538006141141,-0.710172454587431,-0.00678189047496579,0.689497967302081,2.03912507076499,6601.10235160434,0.99909539859697
"L_raw[183]",-0.0240792103101185,0.0130320961867319,1.01502892034167,-1.94260043825793,-0.729673486739465,-0.0393536461923185,0.689802592522773,1.93933698866474,6066.36139646906,1.00009215167996
"L_raw[184]",-0.00997768508201778,0.0120555658450299,1.03722908058105,-2.03585396672196,-0.699658974181231,-0.012301533305246,0.700040100053339,2.04862414470282,7402.42762933628,0.999245009426865
"L_raw[185]",-0.00307574562827568,0.0123635784979827,0.989840806020689,-1.94979736684627,-0.673076296948845,0.0158244692775342,0.657068202532009,1.93145623560024,6409.76822660847,0.999435826479801
"L_raw[186]",-0.00400852090471361,0.0123458199849837,1.04681212127753,-2.04541233593208,-0.698275586676095,-0.0269404719284123,0.705565251779908,2.06693790735601,7189.48207358205,0.999522251003321
"L_raw[187]",0.0192720568049289,0.0118419720632221,0.99499556272121,-1.92818503168909,-0.637214700189707,0.0180047417756049,0.675512822259157,1.98243647907677,7059.82967741097,0.999579429779223
"L_raw[188]",-0.00383697640608179,0.0120557418310588,0.98796438725259,-1.92853492768114,-0.689119409470759,-0.00342116168855824,0.670604677541345,1.93809368351242,6715.75279879048,1.00020719209802
"L_raw[189]",0.0146270517861632,0.0120421642754495,1.00725415830101,-1.96998888689886,-0.683779297977216,0.0178997113807164,0.692290636231173,1.98166933070559,6996.30997920681,1.00033604353513
"L_raw[190]",0.0148841086910127,0.0117072818910037,1.00693348090146,-1.96378221127008,-0.651745991349503,0.0153650293713038,0.679984058017386,1.99854252466996,7397.57559763194,0.999266401128361
"L_raw[191]",0.017020380516997,0.0119305917431346,1.00569679641702,-1.99029537599564,-0.649888694607291,0.00903660174664301,0.720821422348908,1.98155986630324,7105.75393173038,0.999642390075565
"L_raw[192]",0.00362140768227052,0.0125486859386624,1.01245364363255,-2.02596088607626,-0.689036401110138,0.0177097876177858,0.681937924410368,2.00363104175904,6509.59238587736,1.00014990238567
"L_raw[193]",0.00697979448405122,0.0122491671565838,1.0033535283774,-1.95371450995864,-0.663817928173081,0.0166220468972024,0.680271320002275,1.94838996916903,6709.5723769851,0.999264867378921
"L_raw[194]",0.0202712029285646,0.0123810330315285,0.991396324008107,-1.97160761177062,-0.643961510691918,0.0055512372228969,0.670866165349776,1.9474616474157,6411.81294518753,0.999393473160758
"L_raw[195]",-0.0177363977865258,0.0128977893290742,0.977573259168201,-1.93653593356469,-0.669303636472022,-0.023002928346285,0.648036678899261,1.92203538188408,5744.70945405849,0.999897278130532
"L_raw[196]",0.00556807092407817,0.0132970718801954,0.983022976722025,-1.89817880001246,-0.646048232467205,-0.0078446619890249,0.662473441936742,1.9433950126782,5465.31634570545,1.00070066173614
"L_raw[197]",0.00588400005305042,0.0118457389068348,1.0166971406026,-1.92370015782477,-0.663492716255486,0.00590089599218257,0.681699661681248,2.02337162846387,7366.46096914699,0.999602323531596
"L_raw[198]",0.00587953805659032,0.0131154805259136,0.981384112376905,-1.84638293652837,-0.662000132379603,0.0162764215179547,0.649254600627052,1.98631889042863,5598.98922815276,0.99962217522014
"L_raw[199]",0.00626776212522313,0.0127565686403259,1.01748108024543,-1.98929523146428,-0.67042025186331,0.00604454781976766,0.689800608178416,1.9878518583973,6361.87225510244,0.999267303061738
"L_raw[200]",-0.0104524326650633,0.0137313431142482,1.02982517073184,-2.06194560522736,-0.7085988405666,0.00171039248313114,0.694876639891703,1.95579213409409,5624.72075725626,0.999574350986452
"L_raw[201]",-0.000266572966758655,0.011502296417221,1.00413674434937,-1.94238824055588,-0.704957437079326,-0.0215851842837361,0.712483079844075,1.93813079654646,7621.08154219974,0.999680490256514
"L_raw[202]",0.010151985024431,0.0112982729294808,0.991951159887645,-1.94878853950645,-0.665374531288508,0.0177590909874617,0.673260818805839,1.91837371565168,7708.26178944843,0.999522526454586
"L_raw[203]",0.00553071039983732,0.0124521199554259,0.984221291635807,-1.92492078332627,-0.66206670708414,0.0144753275143544,0.66373002910939,1.9356403553515,6247.39434727378,0.999430604396788
"L_raw[204]",0.00195344261696653,0.0120544631666223,1.03175687704923,-2.02094713091333,-0.699686193597263,0.000263634116997025,0.701692658521325,2.0263583772019,7325.86642964996,0.999759592443611
"L_raw[205]",-0.030824390846786,0.0125774706083854,1.02842439323493,-2.09037920439368,-0.701637597542006,-0.0405033356140343,0.651661604111484,2.05292288629366,6685.87289605424,0.99925637837995
"L_raw[206]",0.00931109215443169,0.0123169799738109,1.01842197623633,-1.98483710050128,-0.681663165638448,0.0141503553583413,0.702488707422705,2.01522287112096,6836.70835584231,0.999303534536721
"L_raw[207]",-0.00142625844786725,0.0115656818397381,0.978455049946461,-1.92527500123631,-0.649887376390519,-0.000265703439721073,0.66121374046647,1.91787081348895,7157.13609989352,0.999473873709881
"L_raw[208]",0.0172816282930218,0.0116211786429318,0.977036638574067,-1.9146056663727,-0.647391496861354,0.0299699181786957,0.672818200143513,1.89338260719147,7068.40369572945,0.999371912166591
"L_raw[209]",0.0158171489392988,0.0124216922269852,1.00648648993876,-1.97760971009848,-0.673319809574557,0.0182067809577175,0.693140935907866,2.01503881196742,6565.29689471551,1.0000914930713
"L_raw[210]",-0.0197429764117523,0.013309645805627,0.986196613274886,-1.96622221265266,-0.689954342843387,-0.0209446979971751,0.645209999203454,1.93323842613552,5490.27397442652,0.999224750853113
"L_raw[211]",-0.0155427645309743,0.0129004711742814,0.990502306705601,-2.01578147384677,-0.640506802381298,-0.0242502390080033,0.645247111489062,1.94811565424806,5895.2175606513,0.999288099138553
"L_raw[212]",-0.00280196996641276,0.0120318432234825,1.00384803952196,-1.98534339899378,-0.682340562617077,-0.01484847214573,0.678182941424198,1.92367584272409,6960.99980502003,0.999393241832284
"L_raw[213]",0.0205556733145423,0.0119585366930066,1.01151231106188,-1.95232923512054,-0.678175612807225,0.0130805172619061,0.710098726331406,1.99892563312735,7154.61493797422,0.999718888895149
"L_raw[214]",-0.00768127259238943,0.0129875430217636,0.999130754741432,-2.00491324030131,-0.68230114692369,-0.00129418745960814,0.673867741130691,1.92377793594915,5918.21388345421,1.00001009591714
"L_raw[215]",0.0024378803299984,0.0121047335673241,0.998443133814536,-1.96402626879783,-0.65126738404009,-0.000919471425467452,0.670595404152587,1.99778157285087,6803.55969814749,0.999103327320103
"L_raw[216]",-0.00699791751433562,0.0111474674883046,0.986068991706512,-1.9412874704624,-0.667905867295878,-0.0140823351780573,0.650664409127643,1.94598546151169,7824.60053989563,0.999416327342937
"L_raw[217]",-0.0166918715778762,0.0124927705366447,1.00686341686259,-2.00573850560998,-0.698129528027838,-0.0109811575061729,0.675608136511938,1.94362989887832,6495.66467175809,1.00000858207951
"L_raw[218]",0.00175988125467884,0.0126951753103798,1.00722617497792,-1.96486802276162,-0.653131663641417,-3.94126518733721e-05,0.657232580442052,1.92564141914629,6294.72268055777,0.999442397544017
"L_raw[219]",0.00451191530953475,0.0110208465942236,0.967680899629368,-1.90425316356641,-0.648132983915849,-0.00252616477761622,0.652049519125034,1.91185716486895,7709.64575371812,0.999490013158607
"L_raw[220]",-0.00707136594172798,0.0123923662818393,0.996785105166985,-1.92667420550968,-0.705627994076627,-0.0118889058866172,0.673372651594801,1.97286727329189,6469.85573250293,0.999582709363712
"L_raw[221]",-0.00723137511368659,0.0121789889055781,0.984547953689064,-1.90551351168518,-0.675135553103254,-0.00759850213188122,0.655602432993388,1.91390687350974,6535.08556174149,0.999252421313208
"L_raw[222]",0.0012332411182687,0.0115531440382841,0.980868462113847,-1.90399660276294,-0.67533020251066,-0.0218826861939587,0.669627486861688,1.899321625452,7208.10602164029,0.999643761885152
"L_raw[223]",0.0109297027158179,0.0134958508682036,1.00090622474604,-1.95348419623654,-0.663961270722649,0.00776037259479521,0.684092981008321,1.94446417398598,5500.29824707528,0.999671412569775
"L_raw[224]",-0.013194117117261,0.0122124201424253,1.01309869290568,-1.98363892209718,-0.694300181168885,-0.0212841212195943,0.671996788783413,1.97310800625269,6881.76814028044,0.999809312272896
"L_raw[225]",-0.00202798425659681,0.0125662862210874,0.992668190661005,-1.97318262545842,-0.656048895206832,-0.0134397001518951,0.665975228832902,1.93513261837685,6240.13975263277,0.99981904646679
"L_raw[226]",-0.0172251636334964,0.013067581270133,0.99364963720994,-1.97250354781168,-0.686944356189267,-0.00619079469860427,0.659257946299915,1.9374783098475,5781.97403582057,0.999419421839678
"L_raw[227]",0.0144943611962927,0.0122758868448519,0.98910440258291,-1.92903083816609,-0.658089117065953,0.0198329624257425,0.689914532385498,1.87196376007072,6492.0000830277,0.999780364934119
"L_raw[228]",0.000686731281381834,0.0114873574259462,0.990343540957826,-1.94677661537086,-0.662045100170515,0.00421138654328991,0.656421449763306,1.94215955783523,7432.44113774816,0.999432688626084
"L_raw[229]",-0.00172243117404128,0.0123896502181775,0.971308983996029,-1.88996420964917,-0.653866977302843,-0.00129973303967053,0.661866372620444,1.82156275061438,6146.05893073091,0.999613523659217
"L_raw[230]",-0.00114084926809027,0.0117718249429584,0.989052516447912,-1.93709418483976,-0.67202681827018,0.00014464174921805,0.677624044347485,1.92085001323639,7059.12893292707,0.999373364544492
"L_raw[231]",0.00894479274935052,0.0119153977712563,1.00779811634039,-1.98264456499252,-0.653455896908451,0.0129019839742976,0.6721180303043,2.01054700376631,7153.68799490631,0.999506436174379
"L_raw[232]",-0.00671758827326916,0.0123824812714525,1.03617392846559,-2.00607619652957,-0.700342142810218,-0.0101438463011769,0.687788529457115,2.04538787802146,7002.44911725724,0.999402646760615
"L_raw[233]",0.00991282021067492,0.0116170991632187,1.00127934124765,-1.96309426243211,-0.685355935842468,0.0240043547607748,0.688506705627147,1.91605875161692,7428.73931287602,0.999154358826124
"L_raw[234]",-0.0173615345876874,0.0120458981561509,0.992217693164412,-1.93738332492321,-0.673056610556845,-0.0240009427231248,0.637369532796484,1.96779837100116,6784.77672047707,0.999484106720986
"L_raw[235]",-0.00760389341892741,0.01152040082931,0.979438402443521,-1.88863875868212,-0.685445940495908,-0.01503897725246,0.646092810353263,1.98093306757349,7228.01552493915,0.999329584357116
"L_raw[236]",-0.00390088096470733,0.0121599903558253,1.00605281031184,-1.98986265181223,-0.670756307546928,-0.001749716365389,0.671713889372842,1.96999305438284,6845.02590603494,0.999152790628336
"L_raw[237]",0.00905219945718529,0.0120008886914232,1.01118850131511,-1.98698950332529,-0.674053325373285,0.0203837730992842,0.712292953350771,1.92088754843553,7099.65801291925,1.00023225010295
"L_raw[238]",0.00124690497932691,0.0123383669131371,0.988490862976537,-1.89991949260155,-0.666897157310439,-0.0047034096820835,0.671199121842527,1.93433937688287,6418.44696000865,0.999615098769116
"L_raw[239]",0.0242181100998162,0.011539901056445,1.02134705606263,-1.94410438944603,-0.67267145599629,0.0266188125328377,0.737507818643279,1.95926084772741,7833.25947137056,0.99987583211856
"L_raw[240]",0.0141071304588742,0.0137565765627039,1.00035923304522,-1.92540030069379,-0.653691844797819,0.0220728460002632,0.70215853583689,1.99329040309719,5287.99737205203,0.99906994753686
"L_raw[241]",-0.0134756430870054,0.011837875869457,0.975641800399938,-1.93167620077807,-0.672697865279661,-0.000729668411046673,0.629977777996056,1.92833490504809,6792.55610856818,0.999915906990881
"L_raw[242]",0.0133838089397614,0.012216567046658,0.986406022081945,-1.97671083363454,-0.637607454597863,0.018421976124269,0.658502049147239,1.96154895208991,6519.48160609686,0.99940466923883
"L_raw[243]",-0.00207528784809685,0.0124606331184899,1.00371242938323,-1.9504228592158,-0.683675551419459,-0.00670781068321439,0.664265882421678,1.99336332246375,6488.41151137761,0.999511610961668
"L_raw[244]",-0.00525788263183226,0.0124482471050119,0.980746178697281,-1.90320582396256,-0.651849651967698,-0.000551418245050825,0.637676103644313,1.94965738018994,6207.21585029839,0.999365814638489
"L_raw[245]",-0.0054884573879449,0.0122118552372191,1.02505905778029,-2.04203460591695,-0.694951944123034,-0.0107551802378156,0.680705922374122,2.00388225708859,7045.86763717654,0.999517537453368
"L_raw[246]",-0.00962591414483871,0.0120578177637356,1.04239523179087,-1.96532483268308,-0.708194203887271,-0.0154476857305839,0.680749737197476,2.05139101180094,7473.55784932085,0.999511792135446
"L_raw[247]",0.00768084771269174,0.0123280175399663,1.01463474187912,-1.989104689831,-0.68280775989502,0.0108432138935503,0.684163383074539,1.97485686934384,6773.80936894648,0.999413843090978
"L_raw[248]",0.00126580292334676,0.0115700132950644,1.00575109708788,-1.94822159838256,-0.677272640176554,0.00730366413784078,0.668213573570865,1.96058610515233,7556.37171948047,0.999268812254125
"L_raw[249]",0.00778387461142957,0.0109842865251219,1.00153150654627,-1.95152185654033,-0.675001682037917,0.00661823569313992,0.679695150641471,1.9696440309194,8313.53110786912,0.999208535860515
"L_raw[250]",0.00409087498253911,0.0113287386391044,0.985700570710759,-1.93600357051025,-0.655190297800615,0.0119986780819136,0.667217352641312,1.93335140559078,7570.54074285251,0.999612353510266
"L_raw[251]",-0.010340238852461,0.0130607297202491,0.999406749241837,-1.95684867168326,-0.673973886225805,-0.0216987104385326,0.643511680174865,1.98948773468872,5855.30701418993,0.999225288013328
"L_raw[252]",-0.00190815332265783,0.0119446055011929,0.986524766125311,-1.94516719978379,-0.692323041801838,-0.00556515317706834,0.658008902593774,1.96060185902952,6821.38188304031,0.999446547577891
"L_raw[253]",-0.0251738909963066,0.0117140481809927,0.998955800118903,-1.98383446034239,-0.70134248662926,-0.0195412108251359,0.649030863182427,1.88522993410562,7272.4129863501,0.999806761207391
"L_raw[254]",-0.00397633017620449,0.0115771815008648,0.970485913690959,-1.88335841776257,-0.678222843328723,-0.00544608430900419,0.671651161427871,1.95963074777041,7027.04586691265,0.99955887818723
"L_raw[255]",0.00265583925517514,0.0121825259261121,1.01266012266329,-1.96755159649725,-0.705902300977069,0.00412305626026988,0.704844873009742,1.9473253782416,6909.59715956257,0.999436958449403
"L_raw[256]",0.0286923602454058,0.0122772892643248,1.01631099692871,-1.97587510351961,-0.63675940088142,0.0339372989494147,0.724543737787058,2.05243366447637,6852.48783197755,0.999102329038791
"L_raw[257]",0.0016329149161832,0.0137006622701688,0.992294998704697,-1.91773364749299,-0.664433799107481,-0.0105467566855414,0.645946623637216,1.93739164246914,5245.64001122633,0.999637967332597
"L_raw[258]",-0.00177581963639786,0.0132036047627808,1.00371001446483,-1.92477477651957,-0.695284483785948,0.0104522353589231,0.69871010828003,1.92713723891411,5778.71775774671,0.999639621452562
"L_raw[259]",-0.00816940894612042,0.011619284117931,0.989319688008385,-1.92687301774051,-0.709919708260017,0.000456132186054206,0.67170815059223,1.96578840244,7249.60861758334,0.999450927066677
"L_raw[260]",-0.00224776196782111,0.0119567335108395,1.00393164143167,-1.95140351464275,-0.674109711883877,0.014191341165649,0.664399574277762,1.94209143046293,7049.90370345097,0.999706124477366
"L_raw[261]",0.0135218233011708,0.0122949228369063,1.00793015783845,-1.96780884375008,-0.654872182170994,0.0115090458287233,0.66880476841772,2.00749012428562,6720.61883214552,0.999590109975596
"L_raw[262]",-0.0280321756506494,0.0122188535580743,1.01831591246312,-2.05604385408028,-0.69481618350144,-0.0164925052549327,0.653571131276825,2.01709038587576,6945.50999658426,0.999476468085819
"L_raw[263]",0.0109169534077539,0.0125895066389328,1.00296258065458,-1.91713983227905,-0.683924921650865,0.0246279838154359,0.671497020798887,1.98241656350441,6346.75944871433,0.999322834663474
"L_raw[264]",-0.0166315957954786,0.0129979583512304,1.0085028467096,-2.02909247859436,-0.716785115919063,-0.0258270200231912,0.6711709235122,1.92640992904178,6020.10373431676,1.00025673031155
"L_raw[265]",0.00792866322885113,0.0130709234875846,1.01175330998771,-1.9518057563235,-0.70201671285926,0.0169102109930444,0.706623622702137,1.9570356592344,5991.51599194406,0.999220306366978
"L_raw[266]",-0.00344453384184407,0.0130622612532402,1.02355419062491,-2.03783708607226,-0.702782293278361,0.00191064600738253,0.673842561129365,2.03470571984926,6140.23439553454,0.999361741968899
"L_raw[267]",0.0141155681349447,0.0129799331318551,0.995145721223607,-1.93691440928015,-0.666665621407137,0.00616381663623429,0.689273533222406,1.89421200473968,5877.98467963978,0.999903964095927
"L_raw[268]",-0.00657311950352959,0.0133050515097195,1.00199886359313,-1.95228520771936,-0.668972362347949,0.00100131658082104,0.668704874194398,1.96496564364764,5671.544415143,0.999870218081165
"L_raw[269]",0.00544124514376515,0.0119951260412946,1.00660341820329,-1.95527852643253,-0.678082083570704,0.0116871268203879,0.685757939047983,1.96008215040502,7042.18078756049,0.999365749056849
"L_raw[270]",0.00051213020203473,0.0121982555346442,1.02386680652291,-1.98333135763883,-0.706396389437697,0.00388693471771447,0.703470176128376,2.01006265030906,7045.1699368378,0.999778467579455
"L_raw[271]",0.0130076424399865,0.0117929823129014,1.00689394555091,-1.9817962752793,-0.652145714955461,0.0223107582795323,0.700187084760793,1.95613478664455,7289.87639373435,0.999734994364592
"L_raw[272]",0.0127915904121997,0.0112748326430888,0.989245007752774,-1.94707667370931,-0.679769014852004,0.0309967139107704,0.706637011133018,1.90165632802548,7698.17050859055,0.999268146175127
"L_raw[273]",0.00333841940009724,0.011810374934784,1.02364371225248,-1.95461490657439,-0.707653963865445,-0.00433830038770069,0.722309606962761,1.98180444379166,7512.2542167308,0.999646568582265
"L_raw[274]",-0.00802673459167098,0.0128111059353203,0.991855720231418,-1.99726173800538,-0.667846943839763,-0.000303034006398886,0.648697335418609,1.93977590995594,5994.0969060547,0.999438357627601
"L_raw[275]",-0.0110285467478989,0.0122530391144294,1.01366956076998,-2.02928279180572,-0.679365887215855,-0.010675296145154,0.690420366569926,1.93542450859496,6843.92388676456,1.00152104576411
"L_raw[276]",-0.0124516988585556,0.0118711066259074,1.03286728087304,-2.02483351091794,-0.704316855274706,-0.0163270596440835,0.683191309975043,2.08509471797275,7570.18736374909,0.999602819560674
"L_raw[277]",-0.00867932952729998,0.0135121848837577,1.00670515224462,-1.97885050837005,-0.688893266269634,-0.0261018871407531,0.677751950952279,1.94273449863269,5550.77245795049,0.999356459144841
"L_raw[278]",0.00542257616919021,0.0129495640431181,1.01081466412549,-1.94577349361931,-0.675604568852334,-0.00122888208391406,0.700446277407587,2.01107899923072,6093.02235860731,0.999348648149594
"L_raw[279]",0.0118790334075565,0.0114266876895689,0.963309534487596,-1.85616528986737,-0.649221081333337,0.00754693952301169,0.66196194785615,1.8798055028388,7107.07670150657,0.999220122687366
"L_raw[280]",0.00766709332689396,0.0108363951464338,0.983723156682134,-1.91279884763864,-0.642210743439654,-0.0105630355639507,0.675671379268934,1.90030774986563,8240.92806649255,0.999412048488246
"L_raw[281]",0.00210858695379228,0.0126941385530791,1.02591009841016,-2.01362973087607,-0.702189530173954,-0.00552215366937162,0.696518284999385,2.03850019133977,6531.48811756293,0.999618128515789
"L_raw[282]",0.00385551301082759,0.0120495848134811,1.03360312626495,-2.00524046805031,-0.700705167302295,0.0138638223152981,0.674890145557456,2.05645318604098,7358.06233427116,0.999823853758998
"L_raw[283]",0.00508025635560739,0.0117083413689341,1.0067298954863,-1.89583231870194,-0.687900293479528,-0.00458888959005878,0.686843982982398,1.96899448565162,7393.24636452282,0.999459858826205
"L_raw[284]",-0.00601044483616869,0.0131341619454278,1.01659578600929,-1.97336735559436,-0.658559382859791,-0.0207422297663434,0.685632895300952,1.99968217244683,5990.89732525914,0.999821976312408
"L_raw[285]",0.00502505743364019,0.0123247764092246,0.996208443749504,-1.90919816948073,-0.674072586732132,0.0105215342326562,0.654280008794364,1.98149872331678,6533.44648852809,0.999284978336657
"L_raw[286]",-0.00618726446517319,0.012187854427619,1.00117079360886,-1.95939460947534,-0.683431130049671,-0.00257405423182215,0.667139798955295,1.98062306651482,6747.79417256705,0.999777690186735
"L_raw[287]",0.00970883527923873,0.0126738867678755,1.01433656213696,-1.98207361769744,-0.665586243941353,0.0117464305001282,0.690522988935756,1.98161721285113,6405.3743265786,1.00038298244044
"L_raw[288]",-0.00351318853370816,0.0122242480009907,1.0090147250655,-1.96108828075653,-0.702639442186405,0.00625590898602246,0.691907605685244,1.93702906428892,6813.19319659236,0.999847896229567
"L_raw[289]",0.00385323155331472,0.0124029939373773,1.01274938693943,-2.02456440666275,-0.647978785793943,0.0174375584678747,0.669344601041483,2.02294502778538,6667.31409511537,0.999384885599176
"sigma_IE",0.201494327818495,0.00251562254899017,0.197165655606595,0.00679774013972369,0.0611381928797735,0.146880694081035,0.274853353621473,0.746295082776369,6142.87356483557,0.999495955740355
"sigma_eps_E",0.967290486109935,0.00891825542400444,0.307186528317816,0.549562379039714,0.753905462977834,0.911060327952013,1.10974320508365,1.70208294623829,1186.43655253371,1.00241524234636
"Lcorr_E[1,1]",1,NA,0,1,1,1,1,1,NA,NA
"sigma_r_E",0.946767583749775,0.000794654485022443,0.0623373552351797,0.831234543422275,0.903267256725218,0.944065338573528,0.987908343046993,1.07090913737483,6153.75310015026,0.999907706544374
"phi_E_scaled",0.862305086352569,0.00214963989152364,0.0799926544427916,0.67060768098927,0.820841966348582,0.87579678551211,0.921675902819301,0.973984302655318,1384.7417655807,0.999601800854081
"eps_E[1,1]",-0.627445642996328,0.00890834912143783,0.47179486570036,-1.60766076583284,-0.937326165534185,-0.601647259896408,-0.293353965731073,0.216314260325153,2804.86499885131,1.00037259619723
"eps_E[2,1]",-1.22021957766944,0.0101814162746869,0.559663806487236,-2.40135145888116,-1.58849171094134,-1.1991219638744,-0.839123257087855,-0.188357589284087,3021.6075388784,0.99968139043935
"eps_E[3,1]",0.0640418266486294,0.0119925624590491,0.544177567977121,-1.01873512500937,-0.295846952071896,0.0744484855149485,0.427852746552357,1.13478840495289,2059.00448552647,1.00060091300187
"eps_E[4,1]",0.823230924856171,0.0136772366110533,0.495322428734908,-0.0931272282965132,0.499082544726365,0.803367619387987,1.13176095285166,1.85460379762314,1311.53313513422,1.00050280966567
"eps_E[5,1]",0.799257178851125,0.0109715961014641,0.383147062691254,0.111231838539446,0.531244117845882,0.774096182220703,1.03799240637443,1.62642767298779,1219.5268822265,1.00184924303508
"eps_E[6,1]",0.379484440324846,0.00763402647542114,0.330083325716909,-0.220070418875109,0.158279973370267,0.35771499078448,0.580393603654857,1.10817044406002,1869.5619006976,1.00007183392924
"eps_E[7,1]",1.63664368060415,0.0143473961080258,0.491034576097728,0.778282482155051,1.28896006273574,1.60184362071851,1.95401551979334,2.66755637317556,1171.32650488485,1.00290483683121
"eps_E[8,1]",0.618400832649603,0.0096042461378313,0.417105146466645,-0.0763630684826678,0.315517971926729,0.581747692657612,0.883756340483821,1.54135956509738,1886.09921189902,1.00031429504
"eps_E[9,1]",0.252761063892062,0.0100269359496427,0.427997247295555,-0.504851307083484,-0.034368273349858,0.221036068308992,0.527070912730673,1.16175143298942,1821.98782312653,0.99976967043151
"omega_E_0_raw[1,1]",-0.781094949635123,0.0156908762065083,0.647986705850598,-2.1220833971903,-1.20284147328839,-0.770946178019641,-0.34431811936213,0.442031645282976,1705.44532071281,1.00057341815476
"mu_mu_E[1]",2.71687824601319,0.0243503007396729,0.903591235529903,0.822484312315031,2.18144040042399,2.73285514432627,3.27310144450208,4.54620092590048,1377.00450423716,1.00133675169175
"sigma_mu_E",12.7296360091642,2.43375075102386,139.02803976787,0.0698252259557176,0.772899360650126,1.98834214328069,5.21922833943601,52.2846103075236,3263.26694486042,0.999896492554121
"R_G",1.36186854582826,0.00547105357625361,0.404933726415761,0.732988415211357,1.07600309667783,1.30455732062337,1.58242158639482,2.27923137849449,5478.04965851214,1.00009496634723
"R_G_boat",3.5519964105637,0.00189219423659761,0.162322003088661,3.24557167283102,3.44221129247986,3.55406474664052,3.65664424518378,3.87474487805566,7359.07715123502,0.999856476113565
"kappa_OSP",3.14118529096477,0.00425823851304256,0.335800513107544,2.53695767811968,2.91102332390029,3.12460046159979,3.35245270723743,3.84765983598172,6218.74492582885,0.999730014471799
"sigma_r_OSP",0.832524806009178,0.00075076483855428,0.0572403317516896,0.729460178596773,0.790939905561823,0.83058334910305,0.871245380020409,0.94979931545645,5812.94796182027,0.999456665715223
"f_crab_param[1]",0.299910393056434,0.00109289161725516,0.098867278772472,0.125524284104284,0.228576577908619,0.294668107165452,0.364857117280695,0.508320563330194,8183.72395734868,0.999385742776199
"sigma_eps_C",0.435426805736693,0.00599381268262335,0.19397130179707,0.117385138046187,0.307340229419663,0.40822949295037,0.534513338012754,0.887616383078364,1047.29403094653,1.00457651003235
"Lcorr_C[1,1]",1,NA,0,1,1,1,1,1,NA,NA
"phi_C_scaled",0.437716429010669,0.00505325308193121,0.195030542236916,0.109481632602845,0.287917045141119,0.421327136444319,0.571146586024294,0.847818622999779,1489.57768404631,1.00014828025156
"sigma_r_C",0.770887484007989,0.00094588124319135,0.0637437886077216,0.655407276367103,0.726386425603539,0.768485372450135,0.812676582689702,0.901368088710409,4541.53345067889,0.999991184089762
"eps_C[1,1]",0.886550260528494,0.0142708856518875,0.651166283304395,-0.319509074462495,0.450402311189836,0.864724970460134,1.30850489496435,2.18854256763129,2082.00590890216,1.00072118310818
"eps_C[2,1]",-0.666135531237531,0.0110287419620381,0.786955956755637,-2.22795443662202,-1.17049653986565,-0.663951204689715,-0.140590760437388,0.843276770761925,5091.53698325116,0.999519608030116
"eps_C[3,1]",0.284466920089001,0.0120968562770206,0.752754708748164,-1.21038754358472,-0.203811466257208,0.290077642106778,0.798580634245826,1.7404546891116,3872.23690789457,1.00029682301719
"eps_C[4,1]",-0.760990156559008,0.0117664776501982,0.730405277230523,-2.22929962674143,-1.24267078077131,-0.75764704250893,-0.281344945215047,0.678395916621935,3853.31804472325,0.999721511725052
"eps_C[5,1]",0.811779279778116,0.014701452422859,0.709645450761255,-0.531190694165884,0.349289939537314,0.808552930756107,1.27592074620726,2.22715867904098,2330.0345482203,1.00104496887558
"eps_C[6,1]",-0.121085627151587,0.0132974225560635,0.811964113710591,-1.66771023329095,-0.661566468382117,-0.122877807246266,0.440074850206664,1.4738804941809,3728.53935143164,0.999783917326599
"eps_C[7,1]",-0.464773918772216,0.0116139639588083,0.718706008021184,-1.89226793914962,-0.944625562520779,-0.451428356310483,0.00225225987178942,0.919243828825488,3829.49584607542,0.999722417438436
"eps_C[8,1]",0.257851646301615,0.0118803867830218,0.633667606707106,-1.01641420148462,-0.135589172709817,0.270414974084916,0.664960425603581,1.50897513030434,2844.8662490803,0.999431131343766
"eps_C[9,1]",-0.813279328807423,0.0116400138431665,0.764633846394082,-2.29942672189667,-1.31718152220916,-0.814650619298273,-0.323532452630929,0.708254809272573,4315.19119104785,1.00025398104293
"omega_C_0_raw[1,1]",0.779456110746097,0.0115679085080934,0.52152342568756,-0.17383040053248,0.443277180022042,0.752348294904467,1.09214695149373,1.86575164243641,2032.53461868844,1.0006842166444
"mu_mu_C[1]",1.04902265911316,0.00704749417540444,0.231836719391924,0.553351222782185,0.924813580345146,1.06478792551675,1.1920038575258,1.4491999452964,1082.16876389083,1.00002978087459
"sigma_mu_C",9.71619574688709,1.48822032840215,83.966005647838,0.0754712654482437,0.854601011811887,2.03262090736557,4.7829413998007,54.448180756303,3183.26300948946,1.00054652257029
"mu_E[1,1]",2.71687824601319,0.0243503007396729,0.903591235529903,0.822484312315031,2.18144040042399,2.73285514432627,3.27310144450208,4.54620092590048,1377.00450423716,1.00133675169175
"phi_E",0.724610172705139,0.00429927978304728,0.159985308885583,0.341215361978541,0.641683932697165,0.75159357102422,0.843351805638602,0.947968605310637,1384.7417655807,0.999601800854081
"omega_E[1,1]",-1.07879335508527,0.0244663473924544,0.924237008448386,-2.95381015687999,-1.63743293965343,-1.09544197358872,-0.528102124621536,0.887200794519055,1427.01465579154,1.00112446112207
"omega_E[2,1]",-1.35305160096725,0.0252799998251814,0.93889942223611,-3.23524816637937,-1.922240697433,-1.37228685541825,-0.792906388767638,0.673001003291665,1379.38027207211,1.00113872178366
"omega_E[3,1]",-2.11591280124464,0.0259583248538783,0.967562052834725,-4.07247522870467,-2.73628492270171,-2.1361931071498,-1.51585580873225,-0.0623707617388426,1389.32652833553,1.0006308251889
"omega_E[4,1]",-1.48260851793685,0.0247042810222905,0.918947588301799,-3.33833867545013,-2.0349565759402,-1.51608923903553,-0.939132583244768,0.445599499415312,1383.68440664095,1.00075270373498
"omega_E[5,1]",-0.355478480160012,0.0245723533429412,0.916956891534211,-2.17683462505132,-0.920670323323189,-0.375951051067005,0.188897051395896,1.57210499097867,1392.52927574959,1.00104914528716
"omega_E[6,1]",0.451470013152159,0.0246346560596566,0.911643940461078,-1.4020812538316,-0.105104222546827,0.432623526334464,0.998219996380899,2.37004078608245,1369.48567204244,1.00112233917436
"omega_E[7,1]",0.670867145871602,0.024641489960984,0.912952789986692,-1.18937901070566,0.128965196270318,0.631856060341673,1.1907057170947,2.58718448793481,1372.65915846941,1.00108733250521
"omega_E[8,1]",1.96722806141303,0.0244358393937999,0.916441023803448,0.102700509167216,1.40589027329804,1.94206288154767,2.504650798678,3.88610918993845,1406.54787704436,1.00142758557376
"omega_E[9,1]",2.01015266205293,0.0246084958148094,0.915551188440926,0.145815972478937,1.45563813886154,1.97694538652533,2.53872713542622,3.94926545513377,1384.18814245054,1.00148752325753
"omega_E[10,1]",1.71948022462378,0.0243809821055339,0.913596711592867,-0.165024676094625,1.16423458159616,1.69720466308571,2.2592264100317,3.68584366896416,1404.12788416536,1.00148153813791
"omega_E_0[1,1]",-1.07879335508527,0.0244663473924544,0.924237008448386,-2.95381015687999,-1.63743293965343,-1.09544197358872,-0.528102124621536,0.887200794519055,1427.01465579154,1.00112446112207
"lambda_E_S[1,1,1]",7.57982783172709,0.0285971079087184,2.04102036238816,4.45320450730616,6.13321837530504,7.27795387549112,8.76898327201646,12.3139391022474,5093.90037275486,0.999434316045637
"lambda_E_S[1,2,1]",5.32129890947416,0.0198936387959306,1.41481848254549,3.15423926555952,4.3290999767385,5.12419680461745,6.14707678758076,8.7053456378865,5057.93207368369,0.999614614270402
"lambda_E_S[1,3,1]",5.32129890947416,0.0198936387959306,1.41481848254549,3.15423926555952,4.3290999767385,5.12419680461745,6.14707678758076,8.7053456378865,5057.93207368369,0.999614614270402
"lambda_E_S[1,4,1]",5.32129890947416,0.0198936387959306,1.41481848254549,3.15423926555952,4.3290999767385,5.12419680461745,6.14707678758076,8.7053456378865,5057.93207368369,0.999614614270402
"lambda_E_S[1,5,1]",5.32129890947416,0.0198936387959306,1.41481848254549,3.15423926555952,4.3290999767385,5.12419680461745,6.14707678758076,8.7053456378865,5057.93207368369,0.999614614270402
"lambda_E_S[1,6,1]",7.57982783172709,0.0285971079087184,2.04102036238816,4.45320450730616,6.13321837530504,7.27795387549112,8.76898327201646,12.3139391022474,5093.90037275486,0.999434316045637
"lambda_E_S[1,7,1]",7.57982783172709,0.0285971079087184,2.04102036238816,4.45320450730616,6.13321837530504,7.27795387549112,8.76898327201646,12.3139391022474,5093.90037275486,0.999434316045637
"lambda_E_S[1,8,1]",7.57982783172709,0.0285971079087184,2.04102036238816,4.45320450730616,6.13321837530504,7.27795387549112,8.76898327201646,12.3139391022474,5093.90037275486,0.999434316045637
"lambda_E_S[1,9,1]",5.32129890947416,0.0198936387959306,1.41481848254549,3.15423926555952,4.3290999767385,5.12419680461745,6.14707678758076,8.7053456378865,5057.93207368369,0.999614614270402
"lambda_E_S[1,10,1]",5.32129890947416,0.0198936387959306,1.41481848254549,3.15423926555952,4.3290999767385,5.12419680461745,6.14707678758076,8.7053456378865,5057.93207368369,0.999614614270402
"lambda_E_S[1,11,1]",5.32129890947416,0.0198936387959306,1.41481848254549,3.15423926555952,4.3290999767385,5.12419680461745,6.14707678758076,8.7053456378865,5057.93207368369,0.999614614270402
"lambda_E_S[1,12,1]",5.32129890947416,0.0198936387959306,1.41481848254549,3.15423926555952,4.3290999767385,5.12419680461745,6.14707678758076,8.7053456378865,5057.93207368369,0.999614614270402
"lambda_E_S[1,13,1]",7.57982783172709,0.0285971079087184,2.04102036238816,4.45320450730616,6.13321837530504,7.27795387549112,8.76898327201646,12.3139391022474,5093.90037275486,0.999434316045637
"lambda_E_S[1,14,1]",7.57982783172709,0.0285971079087184,2.04102036238816,4.45320450730616,6.13321837530504,7.27795387549112,8.76898327201646,12.3139391022474,5093.90037275486,0.999434316045637
"lambda_E_S[1,15,1]",7.57982783172709,0.0285971079087184,2.04102036238816,4.45320450730616,6.13321837530504,7.27795387549112,8.76898327201646,12.3139391022474,5093.90037275486,0.999434316045637
"lambda_E_S[1,16,1]",5.32129890947416,0.0198936387959306,1.41481848254549,3.15423926555952,4.3290999767385,5.12419680461745,6.14707678758076,8.7053456378865,5057.93207368369,0.999614614270402
"lambda_E_S[1,17,1]",5.32129890947416,0.0198936387959306,1.41481848254549,3.15423926555952,4.3290999767385,5.12419680461745,6.14707678758076,8.7053456378865,5057.93207368369,0.999614614270402
"lambda_E_S[1,18,1]",5.32129890947416,0.0198936387959306,1.41481848254549,3.15423926555952,4.3290999767385,5.12419680461745,6.14707678758076,8.7053456378865,5057.93207368369,0.999614614270402
"lambda_E_S[1,19,1]",5.32129890947416,0.0198936387959306,1.41481848254549,3.15423926555952,4.3290999767385,5.12419680461745,6.14707678758076,8.7053456378865,5057.93207368369,0.999614614270402
"lambda_E_S[1,20,1]",7.57982783172709,0.0285971079087184,2.04102036238816,4.45320450730616,6.13321837530504,7.27795387549112,8.76898327201646,12.3139391022474,5093.90037275486,0.999434316045637
"lambda_E_S[1,21,1]",7.57982783172709,0.0285971079087184,2.04102036238816,4.45320450730616,6.13321837530504,7.27795387549112,8.76898327201646,12.3139391022474,5093.90037275486,0.999434316045637
"lambda_E_S[1,22,1]",7.57982783172709,0.0285971079087184,2.04102036238816,4.45320450730616,6.13321837530504,7.27795387549112,8.76898327201646,12.3139391022474,5093.90037275486,0.999434316045637
"lambda_E_S[1,23,1]",5.32129890947416,0.0198936387959306,1.41481848254549,3.15423926555952,4.3290999767385,5.12419680461745,6.14707678758076,8.7053456378865,5057.93207368369,0.999614614270402
"lambda_E_S[1,24,1]",5.32129890947416,0.0198936387959306,1.41481848254549,3.15423926555952,4.3290999767385,5.12419680461745,6.14707678758076,8.7053456378865,5057.93207368369,0.999614614270402
"lambda_E_S[1,25,1]",5.32129890947416,0.0198936387959306,1.41481848254549,3.15423926555952,4.3290999767385,5.12419680461745,6.14707678758076,8.7053456378865,5057.93207368369,0.999614614270402
"lambda_E_S[1,26,1]",5.32129890947416,0.0198936387959306,1.41481848254549,3.15423926555952,4.3290999767385,5.12419680461745,6.14707678758076,8.7053456378865,5057.93207368369,0.999614614270402
"lambda_E_S[1,27,1]",7.57982783172709,0.0285971079087184,2.04102036238816,4.45320450730616,6.13321837530504,7.27795387549112,8.76898327201646,12.3139391022474,5093.90037275486,0.999434316045637
"lambda_E_S[1,28,1]",7.57982783172709,0.0285971079087184,2.04102036238816,4.45320450730616,6.13321837530504,7.27795387549112,8.76898327201646,12.3139391022474,5093.90037275486,0.999434316045637
"lambda_E_S[1,29,1]",7.57982783172709,0.0285971079087184,2.04102036238816,4.45320450730616,6.13321837530504,7.27795387549112,8.76898327201646,12.3139391022474,5093.90037275486,0.999434316045637
"lambda_E_S[1,30,1]",5.32129890947416,0.0198936387959306,1.41481848254549,3.15423926555952,4.3290999767385,5.12419680461745,6.14707678758076,8.7053456378865,5057.93207368369,0.999614614270402
"lambda_E_S[1,31,1]",14.2090908988316,0.08248867573262,5.62644962793499,6.46545072278781,10.2643703922755,13.2060987132117,16.8098527723415,27.4907266288791,4652.43385283784,0.999492642211826
"lambda_E_S[1,32,1]",10.7945686718695,0.0602590311700036,4.21973226512794,4.90283707142979,7.86029724204773,10.0058939762088,12.8891919412762,20.970433516653,4903.71818356858,0.999737935395224
"lambda_E_S[1,33,1]",4.06039132653442,0.0153569860954944,1.13510844200804,2.27825991255462,3.25299258067826,3.8901057684572,4.69821295380714,6.72518731225462,5463.39656316122,0.999313983022974
"lambda_E_S[1,34,1]",5.77858599953165,0.0228411887214049,1.61982601790097,3.25963210586966,4.64291956222336,5.56670255422077,6.66598644032658,9.722201062552,5029.20497602308,0.999551978540396
"lambda_E_S[1,35,1]",5.77858599953165,0.0228411887214049,1.61982601790097,3.25963210586966,4.64291956222336,5.56670255422077,6.66598644032658,9.722201062552,5029.20497602308,0.999551978540396
"lambda_E_S[1,36,1]",5.77858599953165,0.0228411887214049,1.61982601790097,3.25963210586966,4.64291956222336,5.56670255422077,6.66598644032658,9.722201062552,5029.20497602308,0.999551978540396
"lambda_E_S[1,37,1]",4.06039132653442,0.0153569860954944,1.13510844200804,2.27825991255462,3.25299258067826,3.8901057684572,4.69821295380714,6.72518731225462,5463.39656316122,0.999313983022974
"lambda_E_S[1,38,1]",4.06039132653442,0.0153569860954944,1.13510844200804,2.27825991255462,3.25299258067826,3.8901057684572,4.69821295380714,6.72518731225462,5463.39656316122,0.999313983022974
"lambda_E_S[1,39,1]",4.06039132653442,0.0153569860954944,1.13510844200804,2.27825991255462,3.25299258067826,3.8901057684572,4.69821295380714,6.72518731225462,5463.39656316122,0.999313983022974
"lambda_E_S[1,40,1]",4.06039132653442,0.0153569860954944,1.13510844200804,2.27825991255462,3.25299258067826,3.8901057684572,4.69821295380714,6.72518731225462,5463.39656316122,0.999313983022974
"lambda_E_S[1,41,1]",5.77858599953165,0.0228411887214049,1.61982601790097,3.25963210586966,4.64291956222336,5.56670255422077,6.66598644032658,9.722201062552,5029.20497602308,0.999551978540396
"lambda_E_S[1,42,1]",5.77858599953165,0.0228411887214049,1.61982601790097,3.25963210586966,4.64291956222336,5.56670255422077,6.66598644032658,9.722201062552,5029.20497602308,0.999551978540396
"lambda_E_S[1,43,1]",5.77858599953165,0.0228411887214049,1.61982601790097,3.25963210586966,4.64291956222336,5.56670255422077,6.66598644032658,9.722201062552,5029.20497602308,0.999551978540396
"lambda_E_S[1,44,1]",4.06039132653442,0.0153569860954944,1.13510844200804,2.27825991255462,3.25299258067826,3.8901057684572,4.69821295380714,6.72518731225462,5463.39656316122,0.999313983022974
"lambda_E_S[1,45,1]",4.06039132653442,0.0153569860954944,1.13510844200804,2.27825991255462,3.25299258067826,3.8901057684572,4.69821295380714,6.72518731225462,5463.39656316122,0.999313983022974
"lambda_E_S[1,46,1]",4.06039132653442,0.0153569860954944,1.13510844200804,2.27825991255462,3.25299258067826,3.8901057684572,4.69821295380714,6.72518731225462,5463.39656316122,0.999313983022974
"lambda_E_S[1,47,1]",4.06039132653442,0.0153569860954944,1.13510844200804,2.27825991255462,3.25299258067826,3.8901057684572,4.69821295380714,6.72518731225462,5463.39656316122,0.999313983022974
"lambda_E_S[1,48,1]",5.77858599953165,0.0228411887214049,1.61982601790097,3.25963210586966,4.64291956222336,5.56670255422077,6.66598644032658,9.722201062552,5029.20497602308,0.999551978540396
"lambda_E_S[1,49,1]",5.77858599953165,0.0228411887214049,1.61982601790097,3.25963210586966,4.64291956222336,5.56670255422077,6.66598644032658,9.722201062552,5029.20497602308,0.999551978540396
"lambda_E_S[1,50,1]",5.77858599953165,0.0228411887214049,1.61982601790097,3.25963210586966,4.64291956222336,5.56670255422077,6.66598644032658,9.722201062552,5029.20497602308,0.999551978540396
"lambda_E_S[1,51,1]",4.06039132653442,0.0153569860954944,1.13510844200804,2.27825991255462,3.25299258067826,3.8901057684572,4.69821295380714,6.72518731225462,5463.39656316122,0.999313983022974
"lambda_E_S[1,52,1]",4.06039132653442,0.0153569860954944,1.13510844200804,2.27825991255462,3.25299258067826,3.8901057684572,4.69821295380714,6.72518731225462,5463.39656316122,0.999313983022974
"lambda_E_S[1,53,1]",4.06039132653442,0.0153569860954944,1.13510844200804,2.27825991255462,3.25299258067826,3.8901057684572,4.69821295380714,6.72518731225462,5463.39656316122,0.999313983022974
"lambda_E_S[1,54,1]",4.06039132653442,0.0153569860954944,1.13510844200804,2.27825991255462,3.25299258067826,3.8901057684572,4.69821295380714,6.72518731225462,5463.39656316122,0.999313983022974
"lambda_E_S[1,55,1]",5.77858599953165,0.0228411887214049,1.61982601790097,3.25963210586966,4.64291956222336,5.56670255422077,6.66598644032658,9.722201062552,5029.20497602308,0.999551978540396
"lambda_E_S[1,56,1]",5.77858599953165,0.0228411887214049,1.61982601790097,3.25963210586966,4.64291956222336,5.56670255422077,6.66598644032658,9.722201062552,5029.20497602308,0.999551978540396
"lambda_E_S[1,57,1]",5.77858599953165,0.0228411887214049,1.61982601790097,3.25963210586966,4.64291956222336,5.56670255422077,6.66598644032658,9.722201062552,5029.20497602308,0.999551978540396
"lambda_E_S[1,58,1]",4.06039132653442,0.0153569860954944,1.13510844200804,2.27825991255462,3.25299258067826,3.8901057684572,4.69821295380714,6.72518731225462,5463.39656316122,0.999313983022974
"lambda_E_S[1,59,1]",4.06039132653442,0.0153569860954944,1.13510844200804,2.27825991255462,3.25299258067826,3.8901057684572,4.69821295380714,6.72518731225462,5463.39656316122,0.999313983022974
"lambda_E_S[1,60,1]",4.06039132653442,0.0153569860954944,1.13510844200804,2.27825991255462,3.25299258067826,3.8901057684572,4.69821295380714,6.72518731225462,5463.39656316122,0.999313983022974
"lambda_E_S[1,61,1]",4.06039132653442,0.0153569860954944,1.13510844200804,2.27825991255462,3.25299258067826,3.8901057684572,4.69821295380714,6.72518731225462,5463.39656316122,0.999313983022974
"lambda_E_S[1,62,1]",5.77858599953165,0.0228411887214049,1.61982601790097,3.25963210586966,4.64291956222336,5.56670255422077,6.66598644032658,9.722201062552,5029.20497602308,0.999551978540396
"lambda_E_S[1,63,1]",2.78219025706914,0.0162488159904309,1.05114705947955,1.2094668704745,2.04987900224492,2.60729626995045,3.3486609133926,5.24448593216287,4184.88490587823,0.999462060410029
"lambda_E_S[1,64,1]",2.78219025706914,0.0162488159904309,1.05114705947955,1.2094668704745,2.04987900224492,2.60729626995045,3.3486609133926,5.24448593216287,4184.88490587823,0.999462060410029
"lambda_E_S[1,65,1]",1.95702253920088,0.0122587050199008,0.748145257029978,0.85839038378025,1.44265881043114,1.82137908763511,2.36192793223034,3.73088045164643,3724.62594765948,0.999380285915559
"lambda_E_S[1,66,1]",1.95702253920088,0.0122587050199008,0.748145257029978,0.85839038378025,1.44265881043114,1.82137908763511,2.36192793223034,3.73088045164643,3724.62594765948,0.999380285915559
"lambda_E_S[1,67,1]",1.95702253920088,0.0122587050199008,0.748145257029978,0.85839038378025,1.44265881043114,1.82137908763511,2.36192793223034,3.73088045164643,3724.62594765948,0.999380285915559
"lambda_E_S[1,68,1]",1.95702253920088,0.0122587050199008,0.748145257029978,0.85839038378025,1.44265881043114,1.82137908763511,2.36192793223034,3.73088045164643,3724.62594765948,0.999380285915559
"lambda_E_S[1,69,1]",2.78219025706914,0.0162488159904309,1.05114705947955,1.2094668704745,2.04987900224492,2.60729626995045,3.3486609133926,5.24448593216287,4184.88490587823,0.999462060410029
"lambda_E_S[1,70,1]",5.18837695077758,0.0372308665216796,2.43432780552483,1.93161209635666,3.46867702193551,4.71478798987698,6.36388692464743,11.3050597613085,4275.15466424166,0.999250278221418
"lambda_E_S[1,71,1]",2.78219025706914,0.0162488159904309,1.05114705947955,1.2094668704745,2.04987900224492,2.60729626995045,3.3486609133926,5.24448593216287,4184.88490587823,0.999462060410029
"lambda_E_S[1,72,1]",1.95702253920088,0.0122587050199008,0.748145257029978,0.85839038378025,1.44265881043114,1.82137908763511,2.36192793223034,3.73088045164643,3724.62594765948,0.999380285915559
"lambda_E_S[1,73,1]",1.95702253920088,0.0122587050199008,0.748145257029978,0.85839038378025,1.44265881043114,1.82137908763511,2.36192793223034,3.73088045164643,3724.62594765948,0.999380285915559
"lambda_E_S[1,74,1]",1.95702253920088,0.0122587050199008,0.748145257029978,0.85839038378025,1.44265881043114,1.82137908763511,2.36192793223034,3.73088045164643,3724.62594765948,0.999380285915559
"lambda_E_S[1,75,1]",1.95702253920088,0.0122587050199008,0.748145257029978,0.85839038378025,1.44265881043114,1.82137908763511,2.36192793223034,3.73088045164643,3724.62594765948,0.999380285915559
"lambda_E_S[1,76,1]",2.78219025706914,0.0162488159904309,1.05114705947955,1.2094668704745,2.04987900224492,2.60729626995045,3.3486609133926,5.24448593216287,4184.88490587823,0.999462060410029
"lambda_E_S[1,77,1]",2.78219025706914,0.0162488159904309,1.05114705947955,1.2094668704745,2.04987900224492,2.60729626995045,3.3486609133926,5.24448593216287,4184.88490587823,0.999462060410029
"lambda_E_S[1,78,1]",2.78219025706914,0.0162488159904309,1.05114705947955,1.2094668704745,2.04987900224492,2.60729626995045,3.3486609133926,5.24448593216287,4184.88490587823,0.999462060410029
"lambda_E_S[1,79,1]",1.95702253920088,0.0122587050199008,0.748145257029978,0.85839038378025,1.44265881043114,1.82137908763511,2.36192793223034,3.73088045164643,3724.62594765948,0.999380285915559
"lambda_E_S[1,80,1]",1.95702253920088,0.0122587050199008,0.748145257029978,0.85839038378025,1.44265881043114,1.82137908763511,2.36192793223034,3.73088045164643,3724.62594765948,0.999380285915559
"lambda_E_S[1,81,1]",1.95702253920088,0.0122587050199008,0.748145257029978,0.85839038378025,1.44265881043114,1.82137908763511,2.36192793223034,3.73088045164643,3724.62594765948,0.999380285915559
"lambda_E_S[1,82,1]",1.95702253920088,0.0122587050199008,0.748145257029978,0.85839038378025,1.44265881043114,1.82137908763511,2.36192793223034,3.73088045164643,3724.62594765948,0.999380285915559
"lambda_E_S[1,83,1]",2.78219025706914,0.0162488159904309,1.05114705947955,1.2094668704745,2.04987900224492,2.60729626995045,3.3486609133926,5.24448593216287,4184.88490587823,0.999462060410029
"lambda_E_S[1,84,1]",2.78219025706914,0.0162488159904309,1.05114705947955,1.2094668704745,2.04987900224492,2.60729626995045,3.3486609133926,5.24448593216287,4184.88490587823,0.999462060410029
"lambda_E_S[1,85,1]",2.78219025706914,0.0162488159904309,1.05114705947955,1.2094668704745,2.04987900224492,2.60729626995045,3.3486609133926,5.24448593216287,4184.88490587823,0.999462060410029
"lambda_E_S[1,86,1]",1.95702253920088,0.0122587050199008,0.748145257029978,0.85839038378025,1.44265881043114,1.82137908763511,2.36192793223034,3.73088045164643,3724.62594765948,0.999380285915559
"lambda_E_S[1,87,1]",1.95702253920088,0.0122587050199008,0.748145257029978,0.85839038378025,1.44265881043114,1.82137908763511,2.36192793223034,3.73088045164643,3724.62594765948,0.999380285915559
"lambda_E_S[1,88,1]",1.95702253920088,0.0122587050199008,0.748145257029978,0.85839038378025,1.44265881043114,1.82137908763511,2.36192793223034,3.73088045164643,3724.62594765948,0.999380285915559
"lambda_E_S[1,89,1]",1.95702253920088,0.0122587050199008,0.748145257029978,0.85839038378025,1.44265881043114,1.82137908763511,2.36192793223034,3.73088045164643,3724.62594765948,0.999380285915559
"lambda_E_S[1,90,1]",2.78219025706914,0.0162488159904309,1.05114705947955,1.2094668704745,2.04987900224492,2.60729626995045,3.3486609133926,5.24448593216287,4184.88490587823,0.999462060410029
"lambda_E_S[1,91,1]",5.00279515412616,0.016284979017709,1.08539734475698,3.18851114011519,4.22964707984706,4.87411528984797,5.63074833144981,7.52997547212614,4442.25109370371,1.00019244437409
"lambda_E_S[1,92,1]",5.00279515412616,0.016284979017709,1.08539734475698,3.18851114011519,4.22964707984706,4.87411528984797,5.63074833144981,7.52997547212614,4442.25109370371,1.00019244437409
"lambda_E_S[1,93,1]",3.51513949422372,0.0112485581976589,0.7644990699798,2.30588902815766,2.98411251321762,3.42473963653155,3.95955586209117,5.27834441451152,4619.13019681361,1.00052802809993
"lambda_E_S[1,94,1]",3.51513949422372,0.0112485581976589,0.7644990699798,2.30588902815766,2.98411251321762,3.42473963653155,3.95955586209117,5.27834441451152,4619.13019681361,1.00052802809993
"lambda_E_S[1,95,1]",3.51513949422372,0.0112485581976589,0.7644990699798,2.30588902815766,2.98411251321762,3.42473963653155,3.95955586209117,5.27834441451152,4619.13019681361,1.00052802809993
"lambda_E_S[1,96,1]",3.51513949422372,0.0112485581976589,0.7644990699798,2.30588902815766,2.98411251321762,3.42473963653155,3.95955586209117,5.27834441451152,4619.13019681361,1.00052802809993
"lambda_E_S[1,97,1]",5.00279515412616,0.016284979017709,1.08539734475698,3.18851114011519,4.22964707984706,4.87411528984797,5.63074833144981,7.52997547212614,4442.25109370371,1.00019244437409
"lambda_E_S[1,98,1]",5.00279515412616,0.016284979017709,1.08539734475698,3.18851114011519,4.22964707984706,4.87411528984797,5.63074833144981,7.52997547212614,4442.25109370371,1.00019244437409
"lambda_E_S[1,99,1]",5.00279515412616,0.016284979017709,1.08539734475698,3.18851114011519,4.22964707984706,4.87411528984797,5.63074833144981,7.52997547212614,4442.25109370371,1.00019244437409
"lambda_E_S[1,100,1]",3.51513949422372,0.0112485581976589,0.7644990699798,2.30588902815766,2.98411251321762,3.42473963653155,3.95955586209117,5.27834441451152,4619.13019681361,1.00052802809993
"lambda_E_S[1,101,1]",3.51513949422372,0.0112485581976589,0.7644990699798,2.30588902815766,2.98411251321762,3.42473963653155,3.95955586209117,5.27834441451152,4619.13019681361,1.00052802809993
"lambda_E_S[1,102,1]",3.51513949422372,0.0112485581976589,0.7644990699798,2.30588902815766,2.98411251321762,3.42473963653155,3.95955586209117,5.27834441451152,4619.13019681361,1.00052802809993
"lambda_E_S[1,103,1]",3.51513949422372,0.0112485581976589,0.7644990699798,2.30588902815766,2.98411251321762,3.42473963653155,3.95955586209117,5.27834441451152,4619.13019681361,1.00052802809993
"lambda_E_S[1,104,1]",5.00279515412616,0.016284979017709,1.08539734475698,3.18851114011519,4.22964707984706,4.87411528984797,5.63074833144981,7.52997547212614,4442.25109370371,1.00019244437409
"lambda_E_S[1,105,1]",5.00279515412616,0.016284979017709,1.08539734475698,3.18851114011519,4.22964707984706,4.87411528984797,5.63074833144981,7.52997547212614,4442.25109370371,1.00019244437409
"lambda_E_S[1,106,1]",5.00279515412616,0.016284979017709,1.08539734475698,3.18851114011519,4.22964707984706,4.87411528984797,5.63074833144981,7.52997547212614,4442.25109370371,1.00019244437409
"lambda_E_S[1,107,1]",3.51513949422372,0.0112485581976589,0.7644990699798,2.30588902815766,2.98411251321762,3.42473963653155,3.95955586209117,5.27834441451152,4619.13019681361,1.00052802809993
"lambda_E_S[1,108,1]",3.51513949422372,0.0112485581976589,0.7644990699798,2.30588902815766,2.98411251321762,3.42473963653155,3.95955586209117,5.27834441451152,4619.13019681361,1.00052802809993
"lambda_E_S[1,109,1]",3.51513949422372,0.0112485581976589,0.7644990699798,2.30588902815766,2.98411251321762,3.42473963653155,3.95955586209117,5.27834441451152,4619.13019681361,1.00052802809993
"lambda_E_S[1,110,1]",3.51513949422372,0.0112485581976589,0.7644990699798,2.30588902815766,2.98411251321762,3.42473963653155,3.95955586209117,5.27834441451152,4619.13019681361,1.00052802809993
"lambda_E_S[1,111,1]",5.00279515412616,0.016284979017709,1.08539734475698,3.18851114011519,4.22964707984706,4.87411528984797,5.63074833144981,7.52997547212614,4442.25109370371,1.00019244437409
"lambda_E_S[1,112,1]",5.00279515412616,0.016284979017709,1.08539734475698,3.18851114011519,4.22964707984706,4.87411528984797,5.63074833144981,7.52997547212614,4442.25109370371,1.00019244437409
"lambda_E_S[1,113,1]",5.00279515412616,0.016284979017709,1.08539734475698,3.18851114011519,4.22964707984706,4.87411528984797,5.63074833144981,7.52997547212614,4442.25109370371,1.00019244437409
"lambda_E_S[1,114,1]",3.51513949422372,0.0112485581976589,0.7644990699798,2.30588902815766,2.98411251321762,3.42473963653155,3.95955586209117,5.27834441451152,4619.13019681361,1.00052802809993
"lambda_E_S[1,115,1]",3.51513949422372,0.0112485581976589,0.7644990699798,2.30588902815766,2.98411251321762,3.42473963653155,3.95955586209117,5.27834441451152,4619.13019681361,1.00052802809993
"lambda_E_S[1,116,1]",3.51513949422372,0.0112485581976589,0.7644990699798,2.30588902815766,2.98411251321762,3.42473963653155,3.95955586209117,5.27834441451152,4619.13019681361,1.00052802809993
"lambda_E_S[1,117,1]",3.51513949422372,0.0112485581976589,0.7644990699798,2.30588902815766,2.98411251321762,3.42473963653155,3.95955586209117,5.27834441451152,4619.13019681361,1.00052802809993
"lambda_E_S[1,118,1]",5.00279515412616,0.016284979017709,1.08539734475698,3.18851114011519,4.22964707984706,4.87411528984797,5.63074833144981,7.52997547212614,4442.25109370371,1.00019244437409
"lambda_E_S[1,119,1]",5.00279515412616,0.016284979017709,1.08539734475698,3.18851114011519,4.22964707984706,4.87411528984797,5.63074833144981,7.52997547212614,4442.25109370371,1.00019244437409
"lambda_E_S[1,120,1]",5.00279515412616,0.016284979017709,1.08539734475698,3.18851114011519,4.22964707984706,4.87411528984797,5.63074833144981,7.52997547212614,4442.25109370371,1.00019244437409
"lambda_E_S[1,121,1]",3.51513949422372,0.0112485581976589,0.7644990699798,2.30588902815766,2.98411251321762,3.42473963653155,3.95955586209117,5.27834441451152,4619.13019681361,1.00052802809993
"lambda_E_S[1,122,1]",10.7750899240469,0.0277243391265305,1.94273539844923,7.61288683121174,9.38673493333462,10.5989413742885,11.9069553948808,15.0751848649841,4910.2646711641,0.999798872529608
"lambda_E_S[1,123,1]",10.7750899240469,0.0277243391265305,1.94273539844923,7.61288683121174,9.38673493333462,10.5989413742885,11.9069553948808,15.0751848649841,4910.2646711641,0.999798872529608
"lambda_E_S[1,124,1]",10.7750899240469,0.0277243391265305,1.94273539844923,7.61288683121174,9.38673493333462,10.5989413742885,11.9069553948808,15.0751848649841,4910.2646711641,0.999798872529608
"lambda_E_S[1,125,1]",15.352297480735,0.0414566379558527,2.86716442565675,10.6677264172633,13.2960292693809,15.0724463581131,17.0702308094466,21.8236716042267,4783.18348963416,0.99990912341169
"lambda_E_S[1,126,1]",15.352297480735,0.0414566379558527,2.86716442565675,10.6677264172633,13.2960292693809,15.0724463581131,17.0702308094466,21.8236716042267,4783.18348963416,0.99990912341169
"lambda_E_S[1,127,1]",15.352297480735,0.0414566379558527,2.86716442565675,10.6677264172633,13.2960292693809,15.0724463581131,17.0702308094466,21.8236716042267,4783.18348963416,0.99990912341169
"lambda_E_S[1,128,1]",10.7750899240469,0.0277243391265305,1.94273539844923,7.61288683121174,9.38673493333462,10.5989413742885,11.9069553948808,15.0751848649841,4910.2646711641,0.999798872529608
"lambda_E_S[1,129,1]",10.7750899240469,0.0277243391265305,1.94273539844923,7.61288683121174,9.38673493333462,10.5989413742885,11.9069553948808,15.0751848649841,4910.2646711641,0.999798872529608
"lambda_E_S[1,130,1]",10.7750899240469,0.0277243391265305,1.94273539844923,7.61288683121174,9.38673493333462,10.5989413742885,11.9069553948808,15.0751848649841,4910.2646711641,0.999798872529608
"lambda_E_S[1,131,1]",10.7750899240469,0.0277243391265305,1.94273539844923,7.61288683121174,9.38673493333462,10.5989413742885,11.9069553948808,15.0751848649841,4910.2646711641,0.999798872529608
"lambda_E_S[1,132,1]",15.352297480735,0.0414566379558527,2.86716442565675,10.6677264172633,13.2960292693809,15.0724463581131,17.0702308094466,21.8236716042267,4783.18348963416,0.99990912341169
"lambda_E_S[1,133,1]",15.352297480735,0.0414566379558527,2.86716442565675,10.6677264172633,13.2960292693809,15.0724463581131,17.0702308094466,21.8236716042267,4783.18348963416,0.99990912341169
"lambda_E_S[1,134,1]",15.352297480735,0.0414566379558527,2.86716442565675,10.6677264172633,13.2960292693809,15.0724463581131,17.0702308094466,21.8236716042267,4783.18348963416,0.99990912341169
"lambda_E_S[1,135,1]",10.7750899240469,0.0277243391265305,1.94273539844923,7.61288683121174,9.38673493333462,10.5989413742885,11.9069553948808,15.0751848649841,4910.2646711641,0.999798872529608
"lambda_E_S[1,136,1]",10.7750899240469,0.0277243391265305,1.94273539844923,7.61288683121174,9.38673493333462,10.5989413742885,11.9069553948808,15.0751848649841,4910.2646711641,0.999798872529608
"lambda_E_S[1,137,1]",10.7750899240469,0.0277243391265305,1.94273539844923,7.61288683121174,9.38673493333462,10.5989413742885,11.9069553948808,15.0751848649841,4910.2646711641,0.999798872529608
"lambda_E_S[1,138,1]",10.7750899240469,0.0277243391265305,1.94273539844923,7.61288683121174,9.38673493333462,10.5989413742885,11.9069553948808,15.0751848649841,4910.2646711641,0.999798872529608
"lambda_E_S[1,139,1]",15.352297480735,0.0414566379558527,2.86716442565675,10.6677264172633,13.2960292693809,15.0724463581131,17.0702308094466,21.8236716042267,4783.18348963416,0.99990912341169
"lambda_E_S[1,140,1]",15.352297480735,0.0414566379558527,2.86716442565675,10.6677264172633,13.2960292693809,15.0724463581131,17.0702308094466,21.8236716042267,4783.18348963416,0.99990912341169
"lambda_E_S[1,141,1]",15.352297480735,0.0414566379558527,2.86716442565675,10.6677264172633,13.2960292693809,15.0724463581131,17.0702308094466,21.8236716042267,4783.18348963416,0.99990912341169
"lambda_E_S[1,142,1]",10.7750899240469,0.0277243391265305,1.94273539844923,7.61288683121174,9.38673493333462,10.5989413742885,11.9069553948808,15.0751848649841,4910.2646711641,0.999798872529608
"lambda_E_S[1,143,1]",10.7750899240469,0.0277243391265305,1.94273539844923,7.61288683121174,9.38673493333462,10.5989413742885,11.9069553948808,15.0751848649841,4910.2646711641,0.999798872529608
"lambda_E_S[1,144,1]",10.7750899240469,0.0277243391265305,1.94273539844923,7.61288683121174,9.38673493333462,10.5989413742885,11.9069553948808,15.0751848649841,4910.2646711641,0.999798872529608
"lambda_E_S[1,145,1]",10.7750899240469,0.0277243391265305,1.94273539844923,7.61288683121174,9.38673493333462,10.5989413742885,11.9069553948808,15.0751848649841,4910.2646711641,0.999798872529608
"lambda_E_S[1,146,1]",15.352297480735,0.0414566379558527,2.86716442565675,10.6677264172633,13.2960292693809,15.0724463581131,17.0702308094466,21.8236716042267,4783.18348963416,0.99990912341169
"lambda_E_S[1,147,1]",15.352297480735,0.0414566379558527,2.86716442565675,10.6677264172633,13.2960292693809,15.0724463581131,17.0702308094466,21.8236716042267,4783.18348963416,0.99990912341169
"lambda_E_S[1,148,1]",15.352297480735,0.0414566379558527,2.86716442565675,10.6677264172633,13.2960292693809,15.0724463581131,17.0702308094466,21.8236716042267,4783.18348963416,0.99990912341169
"lambda_E_S[1,149,1]",10.7750899240469,0.0277243391265305,1.94273539844923,7.61288683121174,9.38673493333462,10.5989413742885,11.9069553948808,15.0751848649841,4910.2646711641,0.999798872529608
"lambda_E_S[1,150,1]",10.7750899240469,0.0277243391265305,1.94273539844923,7.61288683121174,9.38673493333462,10.5989413742885,11.9069553948808,15.0751848649841,4910.2646711641,0.999798872529608
"lambda_E_S[1,151,1]",10.7750899240469,0.0277243391265305,1.94273539844923,7.61288683121174,9.38673493333462,10.5989413742885,11.9069553948808,15.0751848649841,4910.2646711641,0.999798872529608
"lambda_E_S[1,152,1]",24.0549129422334,0.0527390373494671,3.7674120388936,17.7142045386535,21.3947486168932,23.703652251975,26.2325293532199,32.5411939742855,5102.95626090697,0.99937465311648
"lambda_E_S[1,153,1]",34.3348224259208,0.0914513276382425,6.01071277388744,24.363865548938,30.067986225229,33.815803563087,37.7683815644574,47.8974187913898,4319.88237223842,0.999451065835419
"lambda_E_S[1,154,1]",34.3348224259208,0.0914513276382425,6.01071277388744,24.363865548938,30.067986225229,33.815803563087,37.7683815644574,47.8974187913898,4319.88237223842,0.999451065835419
"lambda_E_S[1,155,1]",34.3348224259208,0.0914513276382425,6.01071277388744,24.363865548938,30.067986225229,33.815803563087,37.7683815644574,47.8974187913898,4319.88237223842,0.999451065835419
"lambda_E_S[1,156,1]",24.0549129422334,0.0527390373494671,3.7674120388936,17.7142045386535,21.3947486168932,23.703652251975,26.2325293532199,32.5411939742855,5102.95626090697,0.99937465311648
"lambda_E_S[1,157,1]",24.0549129422334,0.0527390373494671,3.7674120388936,17.7142045386535,21.3947486168932,23.703652251975,26.2325293532199,32.5411939742855,5102.95626090697,0.99937465311648
"lambda_E_S[1,158,1]",24.0549129422334,0.0527390373494671,3.7674120388936,17.7142045386535,21.3947486168932,23.703652251975,26.2325293532199,32.5411939742855,5102.95626090697,0.99937465311648
"lambda_E_S[1,159,1]",24.0549129422334,0.0527390373494671,3.7674120388936,17.7142045386535,21.3947486168932,23.703652251975,26.2325293532199,32.5411939742855,5102.95626090697,0.99937465311648
"lambda_E_S[1,160,1]",34.3348224259208,0.0914513276382425,6.01071277388744,24.363865548938,30.067986225229,33.815803563087,37.7683815644574,47.8974187913898,4319.88237223842,0.999451065835419
"lambda_E_S[1,161,1]",34.3348224259208,0.0914513276382425,6.01071277388744,24.363865548938,30.067986225229,33.815803563087,37.7683815644574,47.8974187913898,4319.88237223842,0.999451065835419
"lambda_E_S[1,162,1]",34.3348224259208,0.0914513276382425,6.01071277388744,24.363865548938,30.067986225229,33.815803563087,37.7683815644574,47.8974187913898,4319.88237223842,0.999451065835419
"lambda_E_S[1,163,1]",24.0549129422334,0.0527390373494671,3.7674120388936,17.7142045386535,21.3947486168932,23.703652251975,26.2325293532199,32.5411939742855,5102.95626090697,0.99937465311648
"lambda_E_S[1,164,1]",24.0549129422334,0.0527390373494671,3.7674120388936,17.7142045386535,21.3947486168932,23.703652251975,26.2325293532199,32.5411939742855,5102.95626090697,0.99937465311648
"lambda_E_S[1,165,1]",24.0549129422334,0.0527390373494671,3.7674120388936,17.7142045386535,21.3947486168932,23.703652251975,26.2325293532199,32.5411939742855,5102.95626090697,0.99937465311648
"lambda_E_S[1,166,1]",24.0549129422334,0.0527390373494671,3.7674120388936,17.7142045386535,21.3947486168932,23.703652251975,26.2325293532199,32.5411939742855,5102.95626090697,0.99937465311648
"lambda_E_S[1,167,1]",34.3348224259208,0.0914513276382425,6.01071277388744,24.363865548938,30.067986225229,33.815803563087,37.7683815644574,47.8974187913898,4319.88237223842,0.999451065835419
"lambda_E_S[1,168,1]",34.3348224259208,0.0914513276382425,6.01071277388744,24.363865548938,30.067986225229,33.815803563087,37.7683815644574,47.8974187913898,4319.88237223842,0.999451065835419
"lambda_E_S[1,169,1]",34.3348224259208,0.0914513276382425,6.01071277388744,24.363865548938,30.067986225229,33.815803563087,37.7683815644574,47.8974187913898,4319.88237223842,0.999451065835419
"lambda_E_S[1,170,1]",24.0549129422334,0.0527390373494671,3.7674120388936,17.7142045386535,21.3947486168932,23.703652251975,26.2325293532199,32.5411939742855,5102.95626090697,0.99937465311648
"lambda_E_S[1,171,1]",24.0549129422334,0.0527390373494671,3.7674120388936,17.7142045386535,21.3947486168932,23.703652251975,26.2325293532199,32.5411939742855,5102.95626090697,0.99937465311648
"lambda_E_S[1,172,1]",24.0549129422334,0.0527390373494671,3.7674120388936,17.7142045386535,21.3947486168932,23.703652251975,26.2325293532199,32.5411939742855,5102.95626090697,0.99937465311648
"lambda_E_S[1,173,1]",24.0549129422334,0.0527390373494671,3.7674120388936,17.7142045386535,21.3947486168932,23.703652251975,26.2325293532199,32.5411939742855,5102.95626090697,0.99937465311648
"lambda_E_S[1,174,1]",34.3348224259208,0.0914513276382425,6.01071277388744,24.363865548938,30.067986225229,33.815803563087,37.7683815644574,47.8974187913898,4319.88237223842,0.999451065835419
"lambda_E_S[1,175,1]",64.0153161584194,0.281445397688783,20.1366849556648,35.0234724856595,49.6844503491497,60.6880793669394,74.6151755796776,111.394239697317,5119.02968872721,0.999574865476708
"lambda_E_S[1,176,1]",64.0153161584194,0.281445397688783,20.1366849556648,35.0234724856595,49.6844503491497,60.6880793669394,74.6151755796776,111.394239697317,5119.02968872721,0.999574865476708
"lambda_E_S[1,177,1]",64.0153161584194,0.281445397688783,20.1366849556648,35.0234724856595,49.6844503491497,60.6880793669394,74.6151755796776,111.394239697317,5119.02968872721,0.999574865476708
"lambda_E_S[1,178,1]",24.0549129422334,0.0527390373494671,3.7674120388936,17.7142045386535,21.3947486168932,23.703652251975,26.2325293532199,32.5411939742855,5102.95626090697,0.99937465311648
"lambda_E_S[1,179,1]",24.0549129422334,0.0527390373494671,3.7674120388936,17.7142045386535,21.3947486168932,23.703652251975,26.2325293532199,32.5411939742855,5102.95626090697,0.99937465311648
"lambda_E_S[1,180,1]",24.0549129422334,0.0527390373494671,3.7674120388936,17.7142045386535,21.3947486168932,23.703652251975,26.2325293532199,32.5411939742855,5102.95626090697,0.99937465311648
"lambda_E_S[1,181,1]",34.3348224259208,0.0914513276382425,6.01071277388744,24.363865548938,30.067986225229,33.815803563087,37.7683815644574,47.8974187913898,4319.88237223842,0.999451065835419
"lambda_E_S[1,182,1]",34.3348224259208,0.0914513276382425,6.01071277388744,24.363865548938,30.067986225229,33.815803563087,37.7683815644574,47.8974187913898,4319.88237223842,0.999451065835419
"lambda_E_S[1,183,1]",42.9400301873481,0.122612428806964,8.52485233141161,29.0671306669231,37.0001159942677,41.9947716655471,47.83300798177,62.5339740515253,4833.97877187948,1.00021529564718
"lambda_E_S[1,184,1]",30.1722884163053,0.0866420452207851,6.02372251900919,20.6026338594517,25.866075098574,29.4695062554536,33.760124391887,43.9999267785668,4833.62022520013,0.999624191297737
"lambda_E_S[1,185,1]",30.1722884163053,0.0866420452207851,6.02372251900919,20.6026338594517,25.866075098574,29.4695062554536,33.760124391887,43.9999267785668,4833.62022520013,0.999624191297737
"lambda_E_S[1,186,1]",30.1722884163053,0.0866420452207851,6.02372251900919,20.6026338594517,25.866075098574,29.4695062554536,33.760124391887,43.9999267785668,4833.62022520013,0.999624191297737
"lambda_E_S[1,187,1]",30.1722884163053,0.0866420452207851,6.02372251900919,20.6026338594517,25.866075098574,29.4695062554536,33.760124391887,43.9999267785668,4833.62022520013,0.999624191297737
"lambda_E_S[1,188,1]",42.9400301873481,0.122612428806964,8.52485233141161,29.0671306669231,37.0001159942677,41.9947716655471,47.83300798177,62.5339740515253,4833.97877187948,1.00021529564718
"lambda_E_S[1,189,1]",42.9400301873481,0.122612428806964,8.52485233141161,29.0671306669231,37.0001159942677,41.9947716655471,47.83300798177,62.5339740515253,4833.97877187948,1.00021529564718
"lambda_E_S[1,190,1]",42.9400301873481,0.122612428806964,8.52485233141161,29.0671306669231,37.0001159942677,41.9947716655471,47.83300798177,62.5339740515253,4833.97877187948,1.00021529564718
"lambda_E_S[1,191,1]",30.1722884163053,0.0866420452207851,6.02372251900919,20.6026338594517,25.866075098574,29.4695062554536,33.760124391887,43.9999267785668,4833.62022520013,0.999624191297737
"lambda_E_S[1,192,1]",30.1722884163053,0.0866420452207851,6.02372251900919,20.6026338594517,25.866075098574,29.4695062554536,33.760124391887,43.9999267785668,4833.62022520013,0.999624191297737
"lambda_E_S[1,193,1]",30.1722884163053,0.0866420452207851,6.02372251900919,20.6026338594517,25.866075098574,29.4695062554536,33.760124391887,43.9999267785668,4833.62022520013,0.999624191297737
"lambda_E_S[1,194,1]",30.1722884163053,0.0866420452207851,6.02372251900919,20.6026338594517,25.866075098574,29.4695062554536,33.760124391887,43.9999267785668,4833.62022520013,0.999624191297737
"lambda_E_S[1,195,1]",42.9400301873481,0.122612428806964,8.52485233141161,29.0671306669231,37.0001159942677,41.9947716655471,47.83300798177,62.5339740515253,4833.97877187948,1.00021529564718
"lambda_E_S[1,196,1]",42.9400301873481,0.122612428806964,8.52485233141161,29.0671306669231,37.0001159942677,41.9947716655471,47.83300798177,62.5339740515253,4833.97877187948,1.00021529564718
"lambda_E_S[1,197,1]",80.4041403905814,0.402590992396445,27.3985535942205,41.1306937794051,60.9592308612291,75.7826507123343,94.2956159152531,150.117181398157,4631.55862338654,0.99960218603636
"lambda_E_S[1,198,1]",30.1722884163053,0.0866420452207851,6.02372251900919,20.6026338594517,25.866075098574,29.4695062554536,33.760124391887,43.9999267785668,4833.62022520013,0.999624191297737
"lambda_E_S[1,199,1]",30.1722884163053,0.0866420452207851,6.02372251900919,20.6026338594517,25.866075098574,29.4695062554536,33.760124391887,43.9999267785668,4833.62022520013,0.999624191297737
"lambda_E_S[1,200,1]",30.1722884163053,0.0866420452207851,6.02372251900919,20.6026338594517,25.866075098574,29.4695062554536,33.760124391887,43.9999267785668,4833.62022520013,0.999624191297737
"lambda_E_S[1,201,1]",30.1722884163053,0.0866420452207851,6.02372251900919,20.6026338594517,25.866075098574,29.4695062554536,33.760124391887,43.9999267785668,4833.62022520013,0.999624191297737
"lambda_E_S[1,202,1]",42.9400301873481,0.122612428806964,8.52485233141161,29.0671306669231,37.0001159942677,41.9947716655471,47.83300798177,62.5339740515253,4833.97877187948,1.00021529564718
"lambda_E_S[1,203,1]",42.9400301873481,0.122612428806964,8.52485233141161,29.0671306669231,37.0001159942677,41.9947716655471,47.83300798177,62.5339740515253,4833.97877187948,1.00021529564718
"lambda_E_S[1,204,1]",42.9400301873481,0.122612428806964,8.52485233141161,29.0671306669231,37.0001159942677,41.9947716655471,47.83300798177,62.5339740515253,4833.97877187948,1.00021529564718
"lambda_E_S[1,205,1]",30.1722884163053,0.0866420452207851,6.02372251900919,20.6026338594517,25.866075098574,29.4695062554536,33.760124391887,43.9999267785668,4833.62022520013,0.999624191297737
"lambda_E_S[1,206,1]",30.1722884163053,0.0866420452207851,6.02372251900919,20.6026338594517,25.866075098574,29.4695062554536,33.760124391887,43.9999267785668,4833.62022520013,0.999624191297737
"lambda_E_S[1,207,1]",30.1722884163053,0.0866420452207851,6.02372251900919,20.6026338594517,25.866075098574,29.4695062554536,33.760124391887,43.9999267785668,4833.62022520013,0.999624191297737
"lambda_E_S[1,208,1]",30.1722884163053,0.0866420452207851,6.02372251900919,20.6026338594517,25.866075098574,29.4695062554536,33.760124391887,43.9999267785668,4833.62022520013,0.999624191297737
"lambda_E_S[1,209,1]",42.9400301873481,0.122612428806964,8.52485233141161,29.0671306669231,37.0001159942677,41.9947716655471,47.83300798177,62.5339740515253,4833.97877187948,1.00021529564718
"lambda_E_S[1,210,1]",42.9400301873481,0.122612428806964,8.52485233141161,29.0671306669231,37.0001159942677,41.9947716655471,47.83300798177,62.5339740515253,4833.97877187948,1.00021529564718
"lambda_E_S[1,211,1]",42.9400301873481,0.122612428806964,8.52485233141161,29.0671306669231,37.0001159942677,41.9947716655471,47.83300798177,62.5339740515253,4833.97877187948,1.00021529564718
"lambda_E_S[1,212,1]",30.1722884163053,0.0866420452207851,6.02372251900919,20.6026338594517,25.866075098574,29.4695062554536,33.760124391887,43.9999267785668,4833.62022520013,0.999624191297737
"lambda_E_S[1,213,1]",109.946901240678,0.283554251940952,19.9045659162862,76.81725726869,96.0704456436639,108.100610817469,121.486965851684,153.65507003514,4927.57330380528,0.999479322700962
"lambda_E_S[1,214,1]",109.946901240678,0.283554251940952,19.9045659162862,76.81725726869,96.0704456436639,108.100610817469,121.486965851684,153.65507003514,4927.57330380528,0.999479322700962
"lambda_E_S[1,215,1]",109.946901240678,0.283554251940952,19.9045659162862,76.81725726869,96.0704456436639,108.100610817469,121.486965851684,153.65507003514,4927.57330380528,0.999479322700962
"lambda_E_S[1,216,1]",293.684018331811,1.43071182521549,99.5889653895114,147.312038670468,224.11075658635,277.593076124836,343.877109073614,540.195532359608,4845.27139288342,0.999757647608798
"lambda_E_S[1,217,1]",156.657073279325,0.411062010245525,29.3156752336709,107.895759465281,135.569073409432,153.788631261739,174.299041484844,221.651966026424,5086.10263898204,0.999658991641342
"lambda_E_S[1,218,1]",156.657073279325,0.411062010245525,29.3156752336709,107.895759465281,135.569073409432,153.788631261739,174.299041484844,221.651966026424,5086.10263898204,0.999658991641342
"lambda_E_S[1,219,1]",109.946901240678,0.283554251940952,19.9045659162862,76.81725726869,96.0704456436639,108.100610817469,121.486965851684,153.65507003514,4927.57330380528,0.999479322700962
"lambda_E_S[1,220,1]",109.946901240678,0.283554251940952,19.9045659162862,76.81725726869,96.0704456436639,108.100610817469,121.486965851684,153.65507003514,4927.57330380528,0.999479322700962
"lambda_E_S[1,221,1]",109.946901240678,0.283554251940952,19.9045659162862,76.81725726869,96.0704456436639,108.100610817469,121.486965851684,153.65507003514,4927.57330380528,0.999479322700962
"lambda_E_S[1,222,1]",109.946901240678,0.283554251940952,19.9045659162862,76.81725726869,96.0704456436639,108.100610817469,121.486965851684,153.65507003514,4927.57330380528,0.999479322700962
"lambda_E_S[1,223,1]",156.657073279325,0.411062010245525,29.3156752336709,107.895759465281,135.569073409432,153.788631261739,174.299041484844,221.651966026424,5086.10263898204,0.999658991641342
"lambda_E_S[1,224,1]",156.657073279325,0.411062010245525,29.3156752336709,107.895759465281,135.569073409432,153.788631261739,174.299041484844,221.651966026424,5086.10263898204,0.999658991641342
"lambda_E_S[1,225,1]",156.657073279325,0.411062010245525,29.3156752336709,107.895759465281,135.569073409432,153.788631261739,174.299041484844,221.651966026424,5086.10263898204,0.999658991641342
"lambda_E_S[1,226,1]",109.946901240678,0.283554251940952,19.9045659162862,76.81725726869,96.0704456436639,108.100610817469,121.486965851684,153.65507003514,4927.57330380528,0.999479322700962
"lambda_E_S[1,227,1]",109.946901240678,0.283554251940952,19.9045659162862,76.81725726869,96.0704456436639,108.100610817469,121.486965851684,153.65507003514,4927.57330380528,0.999479322700962
"lambda_E_S[1,228,1]",109.946901240678,0.283554251940952,19.9045659162862,76.81725726869,96.0704456436639,108.100610817469,121.486965851684,153.65507003514,4927.57330380528,0.999479322700962
"lambda_E_S[1,229,1]",109.946901240678,0.283554251940952,19.9045659162862,76.81725726869,96.0704456436639,108.100610817469,121.486965851684,153.65507003514,4927.57330380528,0.999479322700962
"lambda_E_S[1,230,1]",156.657073279325,0.411062010245525,29.3156752336709,107.895759465281,135.569073409432,153.788631261739,174.299041484844,221.651966026424,5086.10263898204,0.999658991641342
"lambda_E_S[1,231,1]",156.657073279325,0.411062010245525,29.3156752336709,107.895759465281,135.569073409432,153.788631261739,174.299041484844,221.651966026424,5086.10263898204,0.999658991641342
"lambda_E_S[1,232,1]",156.657073279325,0.411062010245525,29.3156752336709,107.895759465281,135.569073409432,153.788631261739,174.299041484844,221.651966026424,5086.10263898204,0.999658991641342
"lambda_E_S[1,233,1]",109.946901240678,0.283554251940952,19.9045659162862,76.81725726869,96.0704456436639,108.100610817469,121.486965851684,153.65507003514,4927.57330380528,0.999479322700962
"lambda_E_S[1,234,1]",109.946901240678,0.283554251940952,19.9045659162862,76.81725726869,96.0704456436639,108.100610817469,121.486965851684,153.65507003514,4927.57330380528,0.999479322700962
"lambda_E_S[1,235,1]",109.946901240678,0.283554251940952,19.9045659162862,76.81725726869,96.0704456436639,108.100610817469,121.486965851684,153.65507003514,4927.57330380528,0.999479322700962
"lambda_E_S[1,236,1]",109.946901240678,0.283554251940952,19.9045659162862,76.81725726869,96.0704456436639,108.100610817469,121.486965851684,153.65507003514,4927.57330380528,0.999479322700962
"lambda_E_S[1,237,1]",156.657073279325,0.411062010245525,29.3156752336709,107.895759465281,135.569073409432,153.788631261739,174.299041484844,221.651966026424,5086.10263898204,0.999658991641342
"lambda_E_S[1,238,1]",156.657073279325,0.411062010245525,29.3156752336709,107.895759465281,135.569073409432,153.788631261739,174.299041484844,221.651966026424,5086.10263898204,0.999658991641342
"lambda_E_S[1,239,1]",156.657073279325,0.411062010245525,29.3156752336709,107.895759465281,135.569073409432,153.788631261739,174.299041484844,221.651966026424,5086.10263898204,0.999658991641342
"lambda_E_S[1,240,1]",109.946901240678,0.283554251940952,19.9045659162862,76.81725726869,96.0704456436639,108.100610817469,121.486965851684,153.65507003514,4927.57330380528,0.999479322700962
"lambda_E_S[1,241,1]",109.946901240678,0.283554251940952,19.9045659162862,76.81725726869,96.0704456436639,108.100610817469,121.486965851684,153.65507003514,4927.57330380528,0.999479322700962
"lambda_E_S[1,242,1]",109.946901240678,0.283554251940952,19.9045659162862,76.81725726869,96.0704456436639,108.100610817469,121.486965851684,153.65507003514,4927.57330380528,0.999479322700962
"lambda_E_S[1,243,1]",109.946901240678,0.283554251940952,19.9045659162862,76.81725726869,96.0704456436639,108.100610817469,121.486965851684,153.65507003514,4927.57330380528,0.999479322700962
"lambda_E_S[1,244,1]",162.870587557759,0.363679016711164,26.5933161174092,117.53012814513,144.100614146049,160.504383931456,178.307922994392,222.461652170634,5346.97931312307,0.99957925995877
"lambda_E_S[1,245,1]",162.870587557759,0.363679016711164,26.5933161174092,117.53012814513,144.100614146049,160.504383931456,178.307922994392,222.461652170634,5346.97931312307,0.99957925995877
"lambda_E_S[1,246,1]",162.870587557759,0.363679016711164,26.5933161174092,117.53012814513,144.100614146049,160.504383931456,178.307922994392,222.461652170634,5346.97931312307,0.99957925995877
"lambda_E_S[1,247,1]",114.376664080401,0.25141195912853,18.2792856736618,83.6010579265505,101.553829934572,112.849739555257,124.980427484083,155.281294201701,5286.23633793653,0.999480522239095
"lambda_E_S[1,248,1]",114.376664080401,0.25141195912853,18.2792856736618,83.6010579265505,101.553829934572,112.849739555257,124.980427484083,155.281294201701,5286.23633793653,0.999480522239095
"lambda_E_S[1,249,1]",114.376664080401,0.25141195912853,18.2792856736618,83.6010579265505,101.553829934572,112.849739555257,124.980427484083,155.281294201701,5286.23633793653,0.999480522239095
"lambda_E_S[1,250,1]",114.376664080401,0.25141195912853,18.2792856736618,83.6010579265505,101.553829934572,112.849739555257,124.980427484083,155.281294201701,5286.23633793653,0.999480522239095
"lambda_E_S[1,251,1]",162.870587557759,0.363679016711164,26.5933161174092,117.53012814513,144.100614146049,160.504383931456,178.307922994392,222.461652170634,5346.97931312307,0.99957925995877
"lambda_E_S[1,252,1]",162.870587557759,0.363679016711164,26.5933161174092,117.53012814513,144.100614146049,160.504383931456,178.307922994392,222.461652170634,5346.97931312307,0.99957925995877
"lambda_E_S[1,253,1]",162.870587557759,0.363679016711164,26.5933161174092,117.53012814513,144.100614146049,160.504383931456,178.307922994392,222.461652170634,5346.97931312307,0.99957925995877
"lambda_E_S[1,254,1]",114.376664080401,0.25141195912853,18.2792856736618,83.6010579265505,101.553829934572,112.849739555257,124.980427484083,155.281294201701,5286.23633793653,0.999480522239095
"lambda_E_S[1,255,1]",114.376664080401,0.25141195912853,18.2792856736618,83.6010579265505,101.553829934572,112.849739555257,124.980427484083,155.281294201701,5286.23633793653,0.999480522239095
"lambda_E_S[1,256,1]",114.376664080401,0.25141195912853,18.2792856736618,83.6010579265505,101.553829934572,112.849739555257,124.980427484083,155.281294201701,5286.23633793653,0.999480522239095
"lambda_E_S[1,257,1]",114.376664080401,0.25141195912853,18.2792856736618,83.6010579265505,101.553829934572,112.849739555257,124.980427484083,155.281294201701,5286.23633793653,0.999480522239095
"lambda_E_S[1,258,1]",162.870587557759,0.363679016711164,26.5933161174092,117.53012814513,144.100614146049,160.504383931456,178.307922994392,222.461652170634,5346.97931312307,0.99957925995877
"lambda_E_S[1,259,1]",162.870587557759,0.363679016711164,26.5933161174092,117.53012814513,144.100614146049,160.504383931456,178.307922994392,222.461652170634,5346.97931312307,0.99957925995877
"lambda_E_S[1,260,1]",162.870587557759,0.363679016711164,26.5933161174092,117.53012814513,144.100614146049,160.504383931456,178.307922994392,222.461652170634,5346.97931312307,0.99957925995877
"lambda_E_S[1,261,1]",114.376664080401,0.25141195912853,18.2792856736618,83.6010579265505,101.553829934572,112.849739555257,124.980427484083,155.281294201701,5286.23633793653,0.999480522239095
"lambda_E_S[1,262,1]",114.376664080401,0.25141195912853,18.2792856736618,83.6010579265505,101.553829934572,112.849739555257,124.980427484083,155.281294201701,5286.23633793653,0.999480522239095
"lambda_E_S[1,263,1]",114.376664080401,0.25141195912853,18.2792856736618,83.6010579265505,101.553829934572,112.849739555257,124.980427484083,155.281294201701,5286.23633793653,0.999480522239095
"lambda_E_S[1,264,1]",114.376664080401,0.25141195912853,18.2792856736618,83.6010579265505,101.553829934572,112.849739555257,124.980427484083,155.281294201701,5286.23633793653,0.999480522239095
"lambda_E_S[1,265,1]",162.870587557759,0.363679016711164,26.5933161174092,117.53012814513,144.100614146049,160.504383931456,178.307922994392,222.461652170634,5346.97931312307,0.99957925995877
"lambda_E_S[1,266,1]",162.870587557759,0.363679016711164,26.5933161174092,117.53012814513,144.100614146049,160.504383931456,178.307922994392,222.461652170634,5346.97931312307,0.99957925995877
"lambda_E_S[1,267,1]",162.870587557759,0.363679016711164,26.5933161174092,117.53012814513,144.100614146049,160.504383931456,178.307922994392,222.461652170634,5346.97931312307,0.99957925995877
"lambda_E_S[1,268,1]",114.376664080401,0.25141195912853,18.2792856736618,83.6010579265505,101.553829934572,112.849739555257,124.980427484083,155.281294201701,5286.23633793653,0.999480522239095
"lambda_E_S[1,269,1]",114.376664080401,0.25141195912853,18.2792856736618,83.6010579265505,101.553829934572,112.849739555257,124.980427484083,155.281294201701,5286.23633793653,0.999480522239095
"lambda_E_S[1,270,1]",114.376664080401,0.25141195912853,18.2792856736618,83.6010579265505,101.553829934572,112.849739555257,124.980427484083,155.281294201701,5286.23633793653,0.999480522239095
"lambda_E_S[1,271,1]",114.376664080401,0.25141195912853,18.2792856736618,83.6010579265505,101.553829934572,112.849739555257,124.980427484083,155.281294201701,5286.23633793653,0.999480522239095
"lambda_E_S[1,272,1]",162.870587557759,0.363679016711164,26.5933161174092,117.53012814513,144.100614146049,160.504383931456,178.307922994392,222.461652170634,5346.97931312307,0.99957925995877
"lambda_E_S[1,273,1]",162.870587557759,0.363679016711164,26.5933161174092,117.53012814513,144.100614146049,160.504383931456,178.307922994392,222.461652170634,5346.97931312307,0.99957925995877
"lambda_E_S[1,274,1]",162.870587557759,0.363679016711164,26.5933161174092,117.53012814513,144.100614146049,160.504383931456,178.307922994392,222.461652170634,5346.97931312307,0.99957925995877
"lambda_E_S[1,275,1]",227.940429490435,1.08095704454303,73.188771434885,122.372257458694,176.367566647632,216.731114844847,264.672282652476,403.334887928889,4584.28956406745,0.9992300270184
"lambda_E_S[1,276,1]",86.0482795702551,0.247445282607416,16.805372491789,58.8829470768888,74.0138610122374,84.3775122060242,96.0055629844892,123.584926397275,4612.51645816526,0.999717808915106
"lambda_E_S[1,277,1]",86.0482795702551,0.247445282607416,16.805372491789,58.8829470768888,74.0138610122374,84.3775122060242,96.0055629844892,123.584926397275,4612.51645816526,0.999717808915106
"lambda_E_S[1,278,1]",86.0482795702551,0.247445282607416,16.805372491789,58.8829470768888,74.0138610122374,84.3775122060242,96.0055629844892,123.584926397275,4612.51645816526,0.999717808915106
"lambda_E_S[1,279,1]",122.491298218581,0.36375137968397,24.0092222220814,82.2556578091472,105.578833554741,120.352032821973,136.672581747402,176.806317008841,4356.59194503337,0.999871609504746
"lambda_E_S[1,280,1]",122.491298218581,0.36375137968397,24.0092222220814,82.2556578091472,105.578833554741,120.352032821973,136.672581747402,176.806317008841,4356.59194503337,0.999871609504746
"lambda_E_S[1,281,1]",122.491298218581,0.36375137968397,24.0092222220814,82.2556578091472,105.578833554741,120.352032821973,136.672581747402,176.806317008841,4356.59194503337,0.999871609504746
"lambda_E_S[1,282,1]",86.0482795702551,0.247445282607416,16.805372491789,58.8829470768888,74.0138610122374,84.3775122060242,96.0055629844892,123.584926397275,4612.51645816526,0.999717808915106
"lambda_E_S[1,283,1]",86.0482795702551,0.247445282607416,16.805372491789,58.8829470768888,74.0138610122374,84.3775122060242,96.0055629844892,123.584926397275,4612.51645816526,0.999717808915106
"lambda_E_S[1,284,1]",86.0482795702551,0.247445282607416,16.805372491789,58.8829470768888,74.0138610122374,84.3775122060242,96.0055629844892,123.584926397275,4612.51645816526,0.999717808915106
"lambda_E_S[1,285,1]",86.0482795702551,0.247445282607416,16.805372491789,58.8829470768888,74.0138610122374,84.3775122060242,96.0055629844892,123.584926397275,4612.51645816526,0.999717808915106
"lambda_E_S[1,286,1]",122.491298218581,0.36375137968397,24.0092222220814,82.2556578091472,105.578833554741,120.352032821973,136.672581747402,176.806317008841,4356.59194503337,0.999871609504746
"lambda_E_S[1,287,1]",122.491298218581,0.36375137968397,24.0092222220814,82.2556578091472,105.578833554741,120.352032821973,136.672581747402,176.806317008841,4356.59194503337,0.999871609504746
"lambda_E_S[1,288,1]",122.491298218581,0.36375137968397,24.0092222220814,82.2556578091472,105.578833554741,120.352032821973,136.672581747402,176.806317008841,4356.59194503337,0.999871609504746
"lambda_E_S[1,289,1]",86.0482795702551,0.247445282607416,16.805372491789,58.8829470768888,74.0138610122374,84.3775122060242,96.0055629844892,123.584926397275,4612.51645816526,0.999717808915106
"r_E",1.13020619472464,0.0019086678105974,0.149537581065726,0.871956421378306,1.02462911880375,1.12200784792303,1.22565281469513,1.44728096853853,6138.18542777985,0.999889337668026
"r_OSP",1.46327461708787,0.002570147571639,0.20080342490442,1.10850152657585,1.31740413948118,1.44955119808039,1.59850142405473,1.87930306827427,6104.1628490433,0.999394756309795
"mu_C[1,1]",1.04902265911316,0.00704749417540444,0.231836719391924,0.553351222782185,0.924813580345146,1.06478792551675,1.1920038575258,1.4491999452964,1082.16876389083,1.00002978087459
"phi_C",-0.124567141978662,0.0101065061638624,0.390061084473831,-0.78103673479431,-0.424165909717763,-0.157345727111362,0.142293172048589,0.695637245999558,1489.57768404631,1.00014828025156
"r_C",1.71753563875595,0.00437593271703659,0.286497668750998,1.23082313834844,1.51413468687095,1.69328004249963,1.89524151355405,2.32797067535463,4286.48110098928,1.00015586224582
"L[1]",1.25287476486078,0.00511285679001344,0.387295025818864,0.652160011317173,0.9696165443303,1.2018363427336,1.46784667344296,2.15872821773348,5737.94764937524,1.00018594752576
"L[2]",1.25295326146678,0.00470925327490929,0.377576267314721,0.676409536311829,0.977998140475384,1.20044305617812,1.47207021094764,2.10469199585443,6428.43534944508,0.999113269607818
"L[3]",1.25276881524371,0.00500185796988156,0.386617660528337,0.667082517523411,0.979362687793717,1.19755656085461,1.45788058541583,2.16619201000352,5974.48762510039,0.999590374076788
"L[4]",1.26112418135993,0.0047207038581623,0.396094186389322,0.662185355563654,0.981010902667933,1.20188132910159,1.47685927119975,2.20168191079921,7040.1744793199,0.999305178559994
"L[5]",1.25819079463278,0.0050980006324689,0.386832696136675,0.671900723885974,0.982993303785922,1.20513848530926,1.46010607844014,2.17952342244367,5757.66747624041,0.999953645319793
"L[6]",1.24212557786283,0.00498929625232061,0.371695361083406,0.673099314872308,0.980515224803709,1.19639502478862,1.44253330135087,2.10007628280096,5550.03469167098,0.999679222845542
"L[7]",1.26124591012637,0.00505835902420261,0.382971869532376,0.673213622245513,0.988285442993458,1.20492529316707,1.4720308125411,2.22292360901806,5732.10910540188,1.00020917656695
"L[8]",1.2577016694541,0.00515498657970969,0.381332753461849,0.675864826977517,0.98426191129458,1.2095729893458,1.47182156521409,2.16048484727882,5472.08885358903,0.999374829699102
"L[9]",1.25149787006646,0.00480174673260781,0.379588615440126,0.658427612505531,0.975341140959382,1.20058179034729,1.47612729111675,2.12066526512539,6249.24941556555,0.999581984415792
"L[10]",1.25642888622216,0.00511183838356898,0.383071867053694,0.66036731082677,0.984670994958822,1.20277981289125,1.47246607387022,2.16843406842598,5615.73088430633,0.999815027423076
"L[11]",1.25140793513441,0.00568892998246991,0.384435725699372,0.674762866876293,0.970335137548955,1.19295285589067,1.46456010648396,2.17405433522453,4566.52986876738,1.00041068764829
"L[12]",1.26263034254632,0.00509144311230891,0.385686470356776,0.654265266331198,0.98651297084219,1.21413053639502,1.4765042909704,2.18120856935558,5738.34978399408,0.999264643075527
"L[13]",1.25506379841175,0.00522778838344362,0.393506265523624,0.66078230087909,0.975508465393351,1.19915795673406,1.46765798686909,2.1869375803235,5665.87911920657,0.999654729612224
"L[14]",1.26041574315222,0.00534282030162212,0.393606294176106,0.662975032783714,0.98304732671015,1.20235026433455,1.46813984520309,2.22133104417717,5427.28882607544,0.999592684909991
"L[15]",1.24318629631013,0.00486058724024473,0.377383918932502,0.666922151753589,0.979942756568629,1.18462570460712,1.45131320968975,2.10619405011509,6028.22279987386,0.999816303977741
"L[16]",1.25280679909695,0.00470816241267064,0.380155622540705,0.665546707170271,0.986384202463001,1.20183495572997,1.46321459323291,2.16821342282293,6519.58519064102,0.999465147743465
"L[17]",1.266623440957,0.00528681727814404,0.397146549417063,0.660112000704413,0.985992611381125,1.20769198377148,1.48571232787109,2.21006582154136,5643.03814265531,0.999614248658751
"L[18]",1.26803870465778,0.00514484393218082,0.393529300457857,0.663739114495318,0.983443512717377,1.20959085103603,1.48725503055212,2.20331720414264,5850.72569264841,0.999530448966829
"L[19]",1.25664122107837,0.00533041857808249,0.382188402988787,0.669200834874971,0.987323278871766,1.20502287487278,1.46297563873543,2.20717972170339,5140.81981078645,0.999921472399512
"L[20]",1.25945299568254,0.00542660866026757,0.37655840606155,0.674535069581164,0.990567243628925,1.2110510875253,1.46829340971551,2.12565637893523,4815.126341141,0.999281079413494
"L[21]",1.25606562676968,0.00521273910155455,0.390351213196982,0.666318940165924,0.973435672679144,1.19702357693513,1.4738807019131,2.14673327880596,5607.62662395936,0.99909603957985
"L[22]",1.25762011733647,0.0053828712305327,0.397744196908517,0.652103017647928,0.975417068516038,1.19506775148832,1.4770528312651,2.21141106621964,5459.83756915323,0.999974309762328
"L[23]",1.26184167531245,0.00564055081110502,0.38818105783831,0.671106805380557,0.982510021904387,1.2059640987664,1.47946986297655,2.15680367015485,4736.15216183898,0.999684476917825
"L[24]",1.25806909479766,0.00526081939542452,0.38145471905768,0.671378373027793,0.985344018122,1.20733228272946,1.46487860080447,2.13493415011485,5257.49899920753,0.99977540081715
"L[25]",1.25115746554833,0.00533725220057077,0.399457745678946,0.657227693650291,0.972897394860228,1.1911838465116,1.46464390175268,2.18092135797604,5601.5245485829,0.999273690441592
"L[26]",1.25988730955699,0.00505366145658691,0.390656583320123,0.67920940663544,0.972140000927358,1.20502731496342,1.47837345734115,2.19043620124799,5975.55164512966,0.999454550566861
"L[27]",1.26008855769879,0.00529934896219092,0.400152906870471,0.667920819123393,0.975944045601646,1.19402662164746,1.48712586202382,2.17487939291846,5701.73350400653,0.999894082449704
"L[28]",1.26005968425995,0.00533674187875784,0.391519453525011,0.666052543825809,0.977377443805568,1.20710507349401,1.48018932239934,2.18919046540531,5382.13139314607,0.999282962479133
"L[29]",1.25703611658664,0.00497341443438136,0.383715356587531,0.663260729793753,0.981229601331663,1.20259120873779,1.48114240945886,2.18837975242954,5952.63234336305,1.00004249699657
"L[30]",1.2586588801573,0.00513700614130128,0.394320672550334,0.654999007228264,0.975092774634805,1.19931255402058,1.47380909675116,2.10709253032126,5892.21956607505,0.99969838108938
"L[31]",1.26739110855279,0.00546210035775962,0.397196545845733,0.670143330967481,0.982493707737302,1.20511808075521,1.48097776167598,2.24455866266294,5288.00156962164,0.999425778590139
"L[32]",1.25885597994806,0.00514127905074354,0.389510266684323,0.664362716332239,0.978552056248122,1.19727681749828,1.47983286675339,2.15532275025322,5739.78289277678,0.999242077328122
"L[33]",1.25534389035219,0.00548387923756648,0.393373480705279,0.664274674998245,0.97132563122171,1.18817913250987,1.47678151064487,2.19475886447589,5145.58068149281,0.999583919934336
"L[34]",1.25079728579518,0.00492261647292162,0.389013087529607,0.659184700412541,0.968376432298238,1.19440940303387,1.47377512376743,2.15918151515687,6245.0572446977,0.999190080095716
"L[35]",1.25833759113132,0.00488523240351008,0.38310899849924,0.681567736892216,0.973026618418186,1.2081547978147,1.48129927681513,2.14552305836537,6149.98770475213,0.999731249343256
"L[36]",1.25211085698817,0.00476568484494807,0.383301902337317,0.665922981423189,0.966457063579723,1.20358120288413,1.48197570352052,2.1345314250566,6468.91301330702,0.999814088284703
"L[37]",1.25027171208255,0.00521662667635855,0.383564105240865,0.662643379262001,0.978240008719204,1.19510820149923,1.46711134484664,2.10765371146696,5406.2534326289,0.999460184357343
"L[38]",1.25124000185436,0.00472879881610455,0.382852362719595,0.6611795953189,0.982406428331281,1.19725482473172,1.46010318234996,2.17462980676764,6554.82328835776,0.999713479157066
"L[39]",1.25322326267055,0.00546400776788803,0.392834856265902,0.656191334410265,0.96638634974617,1.19858979739279,1.46392762241617,2.19637501684501,5168.89149325348,0.999655995717941
"L[40]",1.26092972476686,0.00498254169515429,0.384577918784495,0.683518759984713,0.987776567612787,1.20736287432147,1.47327449482257,2.16797605737854,5957.5377965658,0.999743042474139
"L[41]",1.25807778520216,0.00509743573077063,0.389783992832153,0.664311662255591,0.983956187115022,1.19722532605708,1.46627372839931,2.18001621715096,5847.15332983697,0.999616701067997
"L[42]",1.26132860881948,0.00582147177717335,0.400816737823668,0.653140978171172,0.977400902890023,1.2034134506486,1.48867423575198,2.18447797254056,4740.52133520898,0.999696251962227
"L[43]",1.2518472952091,0.00488025522615422,0.381595418512615,0.678537259960657,0.981607381994271,1.19913857828284,1.4558699548328,2.15667377276851,6113.94085765159,1.00015428255568
"L[44]",1.24672480414552,0.0042125503456576,0.378372862046489,0.665851538231873,0.973094941054356,1.19397519029032,1.46473488959215,2.10413166694164,8067.70020408327,0.999503631022849
"L[45]",1.25326288178847,0.00494385101436808,0.399171762469952,0.655533244767666,0.971978680943696,1.1879904695266,1.46228113876833,2.21494895918409,6519.11847882234,0.999550468200476
"L[46]",1.245302536654,0.00513361911977195,0.374378469673699,0.679451457037169,0.981648919389818,1.189855083206,1.45293407465299,2.12521493186972,5318.31971660609,0.999483948651788
"L[47]",1.25473469839914,0.00558815249552789,0.378680699219073,0.680071311730934,0.987656067146579,1.19902807938989,1.46180018101872,2.17336717816954,4592.0841985699,0.999907703122816
"L[48]",1.24958960012603,0.00482733767677008,0.38703743500805,0.645681119056729,0.972886327916362,1.19395788988798,1.46396193877743,2.15571060686552,6428.21786343128,1.00005659783557
"L[49]",1.25568197915138,0.00508765103590477,0.384071936974332,0.673206555440201,0.96802582774438,1.20306985917016,1.48754477959927,2.13266386919542,5698.89323616815,0.999359542858069
"L[50]",1.25833336089282,0.00556428581649002,0.39896673271441,0.654817366152867,0.970054499103717,1.20581522232026,1.47561642727746,2.1837858288622,5141.08173330739,0.999586669638869
"L[51]",1.25343718871488,0.00504723445656509,0.384532483529634,0.64866507979905,0.975238442536421,1.20670523884502,1.47091299540024,2.15883101155679,5804.42370721516,1.00004773516736
"L[52]",1.25782483598639,0.00533112559055104,0.383095759058845,0.672648150343187,0.982634120701054,1.20375868233881,1.47772495131987,2.15452166758591,5163.88855692582,1.00019861168511
"L[53]",1.25354893803589,0.00539820480678516,0.395189948428899,0.647091166546386,0.975913813607596,1.19812502940175,1.46186841852977,2.14829138441286,5359.3616541851,0.999680648561355
"L[54]",1.25981489333592,0.0053227729963108,0.387490294142407,0.666092544152923,0.985880703299192,1.20448859760384,1.47021386976707,2.19097645679679,5299.63265777303,0.999519276588538
"L[55]",1.25723076834452,0.00511880202480394,0.383384429570909,0.686128300079301,0.983944487432245,1.20072334788906,1.46796704323377,2.1538642985243,5609.60492334783,0.999494248938354
"L[56]",1.25686625613181,0.00534663838532826,0.390821171230812,0.658683036225226,0.986003999972128,1.20539932285218,1.4565518671126,2.20694522803891,5343.11522382961,0.999263931216292
"L[57]",1.25755591653763,0.00488829331013057,0.378032423442172,0.665215000807137,0.988998129252068,1.2065945879387,1.47610311256024,2.15933320894043,5980.58389821342,0.999694434250364
"L[58]",1.25841262378954,0.00499491538159201,0.399433072889374,0.656529426395441,0.982511515272551,1.20125446320521,1.46049527063403,2.16831419032937,6394.87076660871,0.999453765738853
"L[59]",1.24698060488526,0.00504514413041997,0.380107073741309,0.674708408094414,0.977459410101849,1.19298887972728,1.45318388899346,2.11740805767773,5676.29225945744,0.999687683107316
"L[60]",1.26129462909095,0.00508028046782281,0.388847713430151,0.66682834466451,0.981916838887739,1.20785025440895,1.47771360419515,2.17791856675883,5858.46339577024,0.999527178191087
"L[61]",1.25439317867123,0.00481003257497079,0.382474820280605,0.662597126415361,0.983380818513165,1.20210715748527,1.45896301941848,2.17325455836139,6322.80318452248,0.999240577806079
"L[62]",1.25795272008592,0.00528973241502567,0.393763881377608,0.655763898313409,0.983301851959689,1.19626863520083,1.48038108301553,2.2107541753505,5541.20666051547,0.999297323686724
"L[63]",1.24916528177661,0.0048377987213397,0.376063616003986,0.674912997663407,0.983643557494756,1.19432891981374,1.45932902939716,2.12681313594851,6042.64449795248,0.999592270103384
"L[64]",1.26630821852486,0.00527699121343874,0.38918526389668,0.674736182090588,0.98586837384113,1.21166301188904,1.47973035827119,2.18395471739109,5439.26268809002,1.00044808676628
"L[65]",1.24793560669281,0.00507627801383098,0.392725366596036,0.661794307410961,0.970459952001871,1.18937200145083,1.45729489537644,2.15886510954145,5985.31634250041,0.999452289473011
"L[66]",1.2510341880863,0.00460267998762078,0.382822670322495,0.659539981322434,0.986504329792796,1.19353856378354,1.45892873674422,2.11943814465712,6917.89132729427,0.999633195973562
"L[67]",1.26667951038184,0.00508982537907793,0.38901273601686,0.641541296328683,0.986003843861012,1.21075596089302,1.48734418989457,2.21092120692894,5841.46628409999,1.00012617141649
"L[68]",1.25295591121649,0.00472314031597011,0.379231107950054,0.674349802934604,0.974078490387099,1.1970421558664,1.47535364158101,2.15576634580629,6446.82993740406,0.999883124080826
"L[69]",1.25217501935031,0.00524519540550961,0.383214617080201,0.675522751561562,0.982504070249098,1.19255368897567,1.47044650064431,2.12802469517931,5337.7814500508,0.999473414673092
"L[70]",1.24661184773173,0.00484868057023831,0.379246259324353,0.659060018013067,0.972981925757835,1.19156147149981,1.46743698265721,2.13336945643991,6117.80265987233,1.00010784137789
"L[71]",1.25292701665226,0.005177901427958,0.386440913828589,0.665560850648347,0.974312131591639,1.19600658324075,1.47496690207016,2.17625099654426,5570.04423127315,0.999545247643346
"L[72]",1.24864548465225,0.00531592471690581,0.388682031666923,0.671061035105615,0.974895565750636,1.1857885861512,1.46091035061512,2.16962022012426,5346.02868197502,0.999599168677339
"L[73]",1.25784987837128,0.00491527238814548,0.391808779000986,0.673202646960888,0.975829459888175,1.19355282741891,1.47301394588516,2.16976437288858,6354.08683256303,0.999636663640481
"L[74]",1.24746774127292,0.00511892910708959,0.38341290065777,0.674111794776452,0.969689748877795,1.19905238881887,1.45409236643425,2.16867318016255,5610.15955540364,0.999655518296878
"L[75]",1.25232167622951,0.00487892704882896,0.368136822683473,0.686235203615763,0.98544067999676,1.20261940867996,1.45562704425783,2.10178103461643,5693.37605460137,0.999450040056417
"L[76]",1.25595041578549,0.00509685613230813,0.381844542872789,0.675063781336044,0.982391655987893,1.19746811145667,1.47114151642066,2.14076152329272,5612.6560175144,0.999893147528423
"L[77]",1.23925062676375,0.00481575912933916,0.368386339433376,0.65798983443597,0.979592661057803,1.18879922987033,1.44421083851126,2.09720208583105,5851.63893969884,0.999153949421506
"L[78]",1.25810963315864,0.00514061345255274,0.397769267488132,0.658746707226013,0.973603897464625,1.1853175863626,1.48094543439711,2.17746455885258,5987.32115958954,0.999440122812193
"L[79]",1.25737510408205,0.00561411687592002,0.388645504006671,0.668168228618741,0.981916422730628,1.20352349996972,1.47312032898093,2.18543713539453,4792.30440808336,0.999467388442853
"L[80]",1.25239626855701,0.00512511911871839,0.386565767365545,0.656507660521741,0.980199711104208,1.19639479765802,1.46951127287178,2.14940578849155,5689.03828829333,0.999499220053105
"L[81]",1.26405323529267,0.0049204036232971,0.3879756597666,0.672707041030637,0.986822691504747,1.20631971395988,1.47553658044284,2.18002837525523,6217.38128246692,0.999553185628717
"L[82]",1.25288672147502,0.00505988265916943,0.377015987361243,0.657759514066233,0.981445236021441,1.20709889102049,1.46768846585487,2.15928428500043,5551.86174699747,0.999216445069338
"L[83]",1.26069000253191,0.00502399458427129,0.373345447482027,0.670009908847065,0.998821389913096,1.20933693321234,1.47240713900831,2.12892074748796,5522.34321697258,0.999263958925405
"L[84]",1.2537128053824,0.0047733742119601,0.381320405941529,0.655242108979271,0.981175689611116,1.20754490648198,1.46260647114309,2.13621790386773,6381.59337730295,0.999507826296005
"L[85]",1.25571384612872,0.00451144570537817,0.369631760029079,0.68393550434357,0.987093055319674,1.20562067258298,1.47863789097431,2.10491038328604,6712.8522787985,0.999943459465672
"L[86]",1.24961745728807,0.00518110460571712,0.385527371552596,0.65874919062975,0.974365972733559,1.1932598403417,1.47256302461261,2.14163078851863,5536.88767663611,0.999616154849238
"L[87]",1.25476230363025,0.00551424611223044,0.39668624763634,0.663261599681959,0.973974353142139,1.19875010438817,1.46457872928323,2.17697819149116,5175.13874642103,0.999777764677672
"L[88]",1.25584491855109,0.00444333311453364,0.372080315107674,0.682172501719461,0.981073052454255,1.20730149418445,1.47051956432242,2.12718646333946,7012.22175795283,0.999023213074669
"L[89]",1.26313018723415,0.00520477878080431,0.401705099994041,0.646957977599713,0.977280244777521,1.20556011611751,1.47466821629498,2.24986587174933,5956.76051697215,0.99978747199505
"L[90]",1.24630892564526,0.00525154194471018,0.371413958436655,0.665583508649994,0.973751361996077,1.19702100260083,1.46560255316253,2.11348329212428,5001.9893813219,0.999621797134875
"L[91]",1.257836629036,0.00591543910355111,0.408083310642778,0.642262656244079,0.969851498728123,1.19746819323973,1.47531864555128,2.22151898035345,4759.08752338208,0.999755463845145
"L[92]",1.25404640043822,0.00497407192714295,0.385174861249699,0.67528713453743,0.977248118955355,1.19715969686155,1.46593277102429,2.15678538755495,5996.41590573052,0.999702843404696
"L[93]",1.25378201604682,0.00456105666699812,0.370964086124648,0.666601525613098,0.989499875769464,1.19955463529325,1.4653105564663,2.12410845033883,6615.04491398678,0.999396350164268
"L[94]",1.25196729031264,0.00523758726098451,0.389613225874864,0.664967538028873,0.979886231659855,1.19694979213095,1.46637708784939,2.18286524392389,5533.5627473596,1.0004063763146
"L[95]",1.25259927705942,0.00543576416038032,0.388847455531994,0.658969228056373,0.982223478637523,1.19182915486005,1.45922523862237,2.17604202630386,5117.25797052957,1.00013998988665
"L[96]",1.2469023471638,0.00427661779939186,0.375596866596765,0.663737447043189,0.981807108541282,1.19648621622059,1.45210631852595,2.13149178109007,7713.35007834955,0.999892429121805
"L[97]",1.25884657660703,0.00473996405194851,0.391905525918259,0.650606289828154,0.98183893908616,1.1993257131579,1.47209625664593,2.20167580019904,6836.16723268023,1.00052705858838
"L[98]",1.25333213140741,0.0057716488451093,0.395742669475089,0.669244214184326,0.964315177360188,1.19282377384452,1.4773364675607,2.19188455603617,4701.38651839881,0.999538129968082
"L[99]",1.26069540601088,0.00517851656220527,0.383787653098913,0.676110367391937,0.984720465951999,1.21274246584712,1.4706184099925,2.1378829739942,5492.51508768171,1.00032815183351
"L[100]",1.2646426664327,0.00523570364126954,0.400357128684166,0.653068044025278,0.979813125750259,1.21207627270286,1.47925972891792,2.21048148404735,5847.16056284099,0.999989655951843
"L[101]",1.25844612800566,0.00532441556870296,0.394750163337397,0.673722149075081,0.975205124711208,1.19576837420582,1.46431332760945,2.16931789777416,5496.68370912096,0.999456421498334
"L[102]",1.25939071210919,0.00442000813024622,0.386340130811106,0.674272374172709,0.980191925336546,1.20793242930623,1.47845469030729,2.16072804110607,7640.00264005298,0.999229592804029
"L[103]",1.25163130995994,0.00465198087113815,0.375826544806543,0.673233437959976,0.982658222845124,1.20073084202495,1.46314853984261,2.12487049571678,6526.78132235259,0.999889180182051
"L[104]",1.25834545920475,0.0051323034744234,0.386731805699623,0.665955011803634,0.977061823671707,1.20949772263657,1.47322959746169,2.17015752600021,5677.99655896458,0.999579369738636
"L[105]",1.2477024514765,0.00495402091599156,0.381577336178891,0.661821242434297,0.975894542804996,1.18703738287812,1.46384764701466,2.13919529981785,5932.66016769418,0.99929291377697
"L[106]",1.25293323992803,0.00537916186809235,0.391266323188478,0.666239075516532,0.974065689025069,1.19084898921105,1.46558904210191,2.19721036043907,5290.73137961446,0.999827357931239
"L[107]",1.25666465947151,0.00514720723985202,0.38807081835788,0.670565825735961,0.984465408922499,1.20304646885666,1.46071744773116,2.16613792095333,5684.32190355898,1.00022163788985
"L[108]",1.25208700017158,0.00501383972674453,0.373866797930063,0.667531975298586,0.982272876305661,1.2066006965699,1.47024333501321,2.10144358658712,5560.23186806731,0.999904271594923
"L[109]",1.25189175219722,0.0048536313068954,0.371234736494051,0.677477436699479,0.984313592070874,1.20971584516639,1.45775001710243,2.12513582069825,5850.104803346,0.999613454533552
"L[110]",1.25238822269837,0.00529472873813126,0.390653686230947,0.651421444952271,0.97497085656509,1.1926779195216,1.46662747314155,2.16349447464366,5443.72807608945,0.999723606863319
"L[111]",1.2400376697029,0.00465255883447852,0.374409580741611,0.667013202108172,0.977828538191957,1.18567108625551,1.44295145413268,2.14321881914586,6476.04949280374,1.00021082934311
"L[112]",1.24631621777689,0.00474614651412091,0.376510933867782,0.674402859224065,0.980419670385317,1.19188854985278,1.45755167740786,2.10199359384333,6293.21984677998,0.999720579299084
"L[113]",1.24853309797342,0.0048357493493441,0.380104926168424,0.67385640306294,0.983899156250006,1.19386041394656,1.45039409696839,2.16955037515462,6178.44851577198,1.00017288311302
"L[114]",1.24849186140675,0.00544441081296031,0.373384877490918,0.663150041199145,0.98073738479476,1.19985545980474,1.45964177790203,2.08521669959058,4703.39738531925,0.999815090441725
"L[115]",1.25527499697444,0.0052744757639146,0.376127283790452,0.681588671670305,0.985964517489705,1.20588590296058,1.46627168355714,2.14449439009167,5085.23553662984,0.999213001262815
"L[116]",1.24776872781064,0.00508984869673815,0.369203815556873,0.673072410057715,0.979293501017946,1.19746134125874,1.46411078673938,2.09464727288432,5261.65800118753,0.999563431557456
"L[117]",1.26131438606165,0.00506970995521804,0.380381660351805,0.668069741140065,0.988424166303767,1.21026696286122,1.4797278016318,2.13344881684462,5629.54004256647,0.999494988858548
"L[118]",1.24768863827559,0.00518316534450655,0.386508784535609,0.663471606351128,0.970848473721908,1.19802490515214,1.45715320317545,2.16418098062348,5560.68906634269,0.999568756402634
"L[119]",1.24320962567179,0.00479031159162364,0.37542730247477,0.667247369624291,0.972902154931258,1.19056460250452,1.45296118703075,2.1270443030458,6142.20318414398,1.00011923977499
"L[120]",1.2474599869571,0.00440329683018299,0.372460336239787,0.678352320247739,0.977166536995768,1.19283980582342,1.46102732215273,2.08834032842152,7154.90936561772,0.999905490481499
"L[121]",1.25273029951779,0.00485164932655779,0.382050900676917,0.670549932738342,0.978358950700206,1.19718014146044,1.47053069400168,2.1297173991404,6201.0273951999,0.99937350992741
"L[122]",1.26142211078285,0.00503367517073135,0.382377947225083,0.682215489404012,0.989721795861778,1.20865635936493,1.47512392325391,2.16094177788875,5770.52466469421,0.999618202539829
"L[123]",1.25442090938237,0.00527838194463194,0.388644700071473,0.662966116576676,0.97782126001162,1.19708313096031,1.46506245514318,2.17871099826175,5421.30540948565,0.999860673064315
"L[124]",1.25135397726896,0.00566094084495471,0.397373876440782,0.653480767382714,0.974734560987016,1.19315848564529,1.45740370869834,2.17519783315788,4927.44054352369,0.99986672027524
"L[125]",1.26152381718317,0.00498752787024528,0.385263685009247,0.683451131171992,0.985786153829301,1.20434463394984,1.48055401715229,2.17362174527529,5966.85490820237,0.999457335009523
"L[126]",1.25134407432608,0.00501869458525964,0.384172881027662,0.665099965907287,0.982314731338972,1.1970510665477,1.44839860623894,2.18450092414165,5859.65267505471,0.999633720860675
"L[127]",1.24969130290114,0.00486302907801082,0.381937677802794,0.657541442535572,0.974648185906477,1.20096005045491,1.46264532110869,2.15406741569948,6168.38217765806,0.999437900954825
"L[128]",1.2517796309998,0.00485618841566805,0.391210580117306,0.65941745367555,0.976409973598236,1.19621361540697,1.45828304108644,2.17452154692367,6489.78225948537,0.999829088486012
"L[129]",1.24849275543961,0.00497972070555005,0.381337366867898,0.683646700476715,0.973001768004569,1.19678604969606,1.45110515275371,2.11148429594361,5864.19976223102,0.99930385363231
"L[130]",1.25162964750382,0.00505495933078564,0.379488843017591,0.666277879277432,0.99015334385894,1.19336405680431,1.46009884919501,2.15138294382832,5635.8923944023,0.999537534579363
"L[131]",1.25541188434347,0.00482224475496282,0.382122017975834,0.670827010673892,0.986118136744263,1.19626467693088,1.46450097232459,2.14163234173376,6279.21894480818,0.999707098277848
"L[132]",1.25598164140703,0.00524961996931555,0.391106152701217,0.665149737683562,0.980415945301595,1.1963533121613,1.46652066139745,2.17442753723734,5550.51864804834,1.00023621335976
"L[133]",1.24952433179897,0.00500444042171231,0.369781543195876,0.683232979812698,0.983529978273676,1.19524175715757,1.46030710770114,2.08403569228251,5459.83369576064,0.999840310189149
"L[134]",1.25582783170578,0.0052891681634854,0.389649823526732,0.660167254868002,0.982970246361036,1.19717017623811,1.46966966527535,2.14867737639068,5427.17989531428,0.999715424677871
"L[135]",1.25156294689188,0.00489859986560858,0.380167886131655,0.669249129699161,0.978505573005142,1.20001461866666,1.46250389487317,2.13308892847219,6022.91762602472,0.999579580494233
"L[136]",1.26598545422867,0.00543926643693523,0.403507407935166,0.644740091276109,0.985552440287366,1.20626926146191,1.47977793033642,2.19974799851074,5503.28949384152,0.999458930442629
"L[137]",1.25835316476424,0.00470308820474376,0.403815065109611,0.653451739091883,0.969051036006478,1.20105894921379,1.47676661644442,2.2158690155482,7372.22848172753,0.99950413455285
"L[138]",1.25172707303258,0.00513157766073605,0.388477662786047,0.668428771563796,0.96226759583695,1.19326611597583,1.48334725307023,2.13545410616323,5730.99847238715,0.999749096915752
"L[139]",1.26135158983785,0.00476213865852518,0.383471847772788,0.671588667860707,0.981820775856447,1.20562127450817,1.49021738127603,2.16232776159053,6484.29700850199,0.999506479038215
"L[140]",1.24977090631007,0.00479210382182541,0.372326685469144,0.682534446109043,0.987634319756742,1.1978274530833,1.44773894207683,2.13330281158215,6036.64853614836,0.999314553420576
"L[141]",1.25567910198024,0.00498238363813222,0.383181988837887,0.670200068148268,0.984426846250643,1.20111730865752,1.46000814141046,2.15742599284756,5914.74253840464,0.999183497733757
"L[142]",1.26340370502788,0.00447903771911246,0.382687817162116,0.68551855749722,0.986749148319321,1.20915758732024,1.47643778141531,2.15356399553311,7299.94913277158,0.999519388539692
"L[143]",1.25891947582519,0.00478688752613763,0.395254297725346,0.6646453991425,0.972680763753537,1.19558704428448,1.47431889421689,2.17756462799097,6817.83921533945,0.999725141239616
"L[144]",1.25544715705771,0.00551728893013652,0.384925793834645,0.67532629153167,0.977092157178571,1.20082310216308,1.47064176342608,2.15310430795815,4867.46203367864,0.99987444114115
"L[145]",1.24873475912041,0.00498539273164494,0.3909498208096,0.662366472781574,0.970905372329352,1.19194123548597,1.47205932057666,2.13925922510876,6149.54925640674,0.999453776133045
"L[146]",1.25475745981978,0.00530000497961695,0.387658592358649,0.664656220837172,0.977071159050403,1.20123312076336,1.46752225525899,2.16454570631618,5349.90750587972,0.999784056570955
"L[147]",1.25807542679097,0.00498155533350878,0.398261726223489,0.654827092706348,0.97417642410097,1.20099356079606,1.47636643815694,2.20533194789818,6391.56524078713,0.999432802106026
"L[148]",1.25464899702506,0.00474369957444731,0.385675888805743,0.671094657711466,0.975104796912784,1.19677521662446,1.47133934327242,2.15343241652262,6610.13949634216,0.999073137892908
"L[149]",1.2545382999566,0.00511103715136963,0.37887357107547,0.672897500823402,0.973078706995661,1.20692971205296,1.47406044084968,2.12679464932402,5495.03606704215,0.999592918839996
"L[150]",1.26396844549795,0.00535221342733188,0.400870463746756,0.658255772982729,0.982467527212364,1.20393174142933,1.48785534991789,2.1786745496661,5609.72110835118,1.00270852703453
"L[151]",1.25062778514021,0.00502149468609058,0.384966133649462,0.670683537189155,0.974775026145785,1.1895539327866,1.4598106253559,2.17285767778024,5877.3159201176,1.00001263116682
"L[152]",1.25611833216301,0.00546139844521609,0.387326823955333,0.66575136290912,0.982120454893504,1.20389970280868,1.46978085334166,2.16825680481101,5029.76187510351,0.999116305993847
"L[153]",1.25057685820775,0.00479864305358969,0.385033138889548,0.654133851035899,0.984751390334803,1.1900844540656,1.46504346951472,2.15228116962771,6438.12385431895,0.999827176694893
"L[154]",1.2499501693906,0.00546635591825258,0.389282717567966,0.651853115505734,0.973370295919654,1.18986536484242,1.46713461045275,2.16080585878678,5071.47671466257,0.999569463404447
"L[155]",1.25477822866982,0.00487978288076473,0.375949917771086,0.668000170195213,0.987803810586969,1.20114514304954,1.4672572290346,2.10647988682831,5935.52297191938,0.999984462111636
"L[156]",1.25227685243374,0.00476402271436433,0.37383865749446,0.678769241706408,0.985313273274656,1.20292846727982,1.45450912698432,2.10899506171153,6157.73180794265,0.999317859071717
"L[157]",1.25498526864694,0.00494465950249936,0.384034903937768,0.673415815371175,0.98453737998378,1.20275123107022,1.46956458334997,2.14470762376417,6032.10113947307,0.999946546584734
"L[158]",1.24857713729543,0.00456568803729982,0.36410079008749,0.680555616931748,0.98953403480177,1.19606408367826,1.44789091351942,2.1064942008407,6359.61426735063,0.999311275637313
"L[159]",1.253795258763,0.00506713579468065,0.384378165123573,0.677606388498597,0.978700440597541,1.19858898679084,1.46455535624841,2.14040850787557,5754.2977770408,0.999222804355666
"L[160]",1.25001011058243,0.00443505930541931,0.382535122437433,0.673331567856663,0.969407114037819,1.19363880728933,1.46771125115338,2.1316240344885,7439.50035673559,0.999271750846023
"L[161]",1.25344046898971,0.00456781630194131,0.380164063189493,0.665420824680249,0.976708521427163,1.2012355709411,1.47266090679658,2.15631197247573,6926.67580092414,0.999552307210274
"L[162]",1.25374263960862,0.00509610692477714,0.383805714577798,0.666696074232364,0.982173199329844,1.19533254330435,1.46894402787171,2.1714596336156,5672.12522412116,1.00003180414749
"L[163]",1.26687733414286,0.00463645925347865,0.394622324828121,0.655473359660014,0.983856404103854,1.21041127316915,1.48305101629207,2.18669532870591,7244.19957955785,0.999732789250896
"L[164]",1.25503410215868,0.00484650466856908,0.382601393607221,0.662566378540279,0.977678236595446,1.20325038777375,1.47545971456266,2.15151665253591,6232.12024701102,0.99954741209224
"L[165]",1.24817134581769,0.00507833285046527,0.382943332364064,0.668299094279821,0.968550638997543,1.19180658596861,1.46357667601713,2.13503288171122,5686.25981256771,1.00010757812741
"L[166]",1.25619313875976,0.00514946065787017,0.386563934043456,0.668446617237013,0.981968781984511,1.20505999043248,1.4728789804386,2.1425847867218,5635.32770180926,0.999658894178616
"L[167]",1.26145745894964,0.00528602754182852,0.384733944459016,0.677642146953816,0.995667552489446,1.20534819552806,1.48031787524093,2.16442423410486,5297.39267874676,1.00017449438897
"L[168]",1.25022466256244,0.00496917512057832,0.378069305917097,0.663920701529732,0.987335552753492,1.19697227805621,1.45558678724066,2.15168426331791,5788.60926890502,0.999592618095431
"L[169]",1.25309724380642,0.00488601550309125,0.384928293756455,0.677966065721929,0.982260040849907,1.19197591685625,1.4573674617819,2.15492937637877,6206.54613541433,1.00021986495273
"L[170]",1.25601506546764,0.00535011114238758,0.3913696951687,0.65650556505367,0.982515694681328,1.20102877135226,1.46460116797107,2.16515703180479,5351.17039016535,0.999540062363515
"L[171]",1.25018853387874,0.00501700799259526,0.388747441267157,0.660482291702402,0.971483916169109,1.20160245038912,1.46121026759383,2.1386143661319,6004.06660324959,0.999672956674687
"L[172]",1.2527402052572,0.00479884938720282,0.39036841012713,0.644415526761307,0.978197753612854,1.20136508202347,1.46699955152032,2.1392391924989,6617.21266582073,0.999675495524257
"L[173]",1.25043489508051,0.00464464496638017,0.376895180138595,0.666808125927701,0.980445250228799,1.19628635519545,1.45791097276544,2.1559229734495,6584.70195766454,0.999727175496433
"L[174]",1.25547386049549,0.00459712364471953,0.378415963591149,0.671740339900714,0.985403220395069,1.19904962347989,1.47500066720794,2.14296426491721,6775.89283043201,0.999575506219811
"L[175]",1.26120444818477,0.00580570395532187,0.386607952178591,0.665962867050481,0.989502141889943,1.20861466072195,1.47592682931207,2.18095786195314,4434.36862381516,0.9998541642556
"L[176]",1.25164054558473,0.00524967199190771,0.380024712406073,0.670914865614717,0.977044701425741,1.19500427011322,1.46688071681216,2.16289593143722,5240.33849057749,0.999710684261691
"L[177]",1.25722032012131,0.00504854628211701,0.388916133844285,0.676656462803818,0.976786835177269,1.20128511908077,1.47199214053303,2.15332035238364,5934.43306487755,1.00020596765603
"L[178]",1.26060162740662,0.00516671945320229,0.382136322617086,0.677057615816038,0.98291900833897,1.20901596727787,1.48004393620216,2.13522508232557,5470.24627340303,1.0002014541327
"L[179]",1.24531132283599,0.00486969374396271,0.370341955318432,0.677593830797228,0.972107316109982,1.19509558922296,1.46897284199843,2.10860588084342,5783.65703750058,0.999436769554114
"L[180]",1.25369956947356,0.00511302236660248,0.377579843238604,0.679857093743844,0.982547894698018,1.19636090258342,1.47251857568793,2.14030376019892,5453.33551796591,0.999548616577161
"L[181]",1.25606380235863,0.00571540327588318,0.385474237487378,0.648403013367977,0.983856041781399,1.1994183509394,1.47093511312489,2.18884545869322,4548.80120342283,0.999971395371777
"L[182]",1.25617670190766,0.00502462239319619,0.396662348792759,0.655542313160948,0.969737198187518,1.19756100655177,1.47575680642681,2.21235837367086,6232.10984267962,0.999241339878516
"L[183]",1.24787565741872,0.00522780865004025,0.387843417665983,0.670012757509516,0.964080495464668,1.18591599811511,1.47589167804443,2.14711003975676,5503.93738180612,0.999984105313488
"L[184]",1.25582758319886,0.00508344684857079,0.40214417057047,0.651528184363918,0.972800615350809,1.19557961230592,1.48043148200931,2.21867196004368,6258.16459342922,0.99931262259693
"L[185]",1.25292924548741,0.00483963701979489,0.380534126354173,0.668567675528387,0.980589543194531,1.20571036578296,1.46146889396895,2.14203957971459,6182.46463324066,0.999191360936209
"L[186]",1.25916457928001,0.00527652929518355,0.405131429446555,0.64966261889189,0.973204469698297,1.19034052603667,1.48288740208353,2.23089534030685,5895.15414452674,0.999427167602292
"L[187]",1.26190192405216,0.00497459626124298,0.385216022286779,0.672916551259109,0.991196133754509,1.20649924456352,1.46957817509595,2.17505198326742,5996.4332910627,0.999534132673942
"L[188]",1.25256992514249,0.00500064276868868,0.380507936890942,0.672845921787271,0.975881378678442,1.19876903438305,1.46741596999568,2.14630908810375,5789.96286305995,0.999954842748255
"L[189]",1.26156145581884,0.00506956982168472,0.389756857750299,0.664530098945096,0.977445999117815,1.20646123093257,1.47699376624694,2.17455132700788,5910.78704724207,1.00050319956689
"L[190]",1.26154259480474,0.00480418503651021,0.389018072937313,0.665768606563193,0.98688452673162,1.20554417884331,1.4715507508709,2.1855868060392,6556.9233064877,0.99943394222789
"L[191]",1.26200367053851,0.00490958011629628,0.385661879259576,0.660494122757408,0.987434562174235,1.20325759409903,1.48968992189874,2.17447992283217,6170.56204534074,0.999472676635681
"L[192]",1.25780530409203,0.00495968359238692,0.388457864057646,0.653464801489701,0.975905654765288,1.20639251611469,1.472413601904,2.18892582714208,6134.51020709796,1.00033060307322
"L[193]",1.25826991425228,0.00500636005634141,0.38790240758703,0.667782476505056,0.983316908931856,1.20599889276084,1.47167756971277,2.15294904060135,6003.44849055978,0.999190217814501
"L[194]",1.26198328462275,0.00527955954198514,0.384664060745737,0.664207474429444,0.989191935009594,1.20200011767889,1.46753101513672,2.15234967225948,5308.45132657681,0.999760471050483
"L[195]",1.24613020493786,0.00502317772594881,0.37417015601344,0.67123282479429,0.981699994536414,1.19174745650453,1.45751448286856,2.13599443031991,5548.57168719798,1.00023510213079
"L[196]",1.25561101546577,0.00550678213855927,0.380837355314822,0.679001482809362,0.988572878953997,1.19717924455635,1.46384068748077,2.14972530106936,4782.81178814919,1.00053326049809
"L[197]",1.25950459014563,0.00504209305604369,0.395575923201702,0.673822573564875,0.983412849112762,1.2021262039825,1.4723083449788,2.20192735073545,6155.14073375053,0.99972593990789
"L[198]",1.25562615796767,0.00527651288699884,0.380421778605851,0.689634658401181,0.983853295707574,1.20587384135654,1.45804709998434,2.17758666668375,5198.00552883241,0.999886343655996
"L[199]",1.25960563370689,0.00534943641293807,0.394617431246551,0.660692328158604,0.981371238711704,1.20217802363037,1.47589080455603,2.17858834554118,5441.7235036861,0.999453691351444
"L[200]",1.25438401734336,0.00532574788420739,0.393559217848107,0.646448493349571,0.970195099276568,1.20061590072046,1.47814001200764,2.15773529733433,5460.83394521121,0.999804348016134
"L[201]",1.25564915857908,0.00485577342971279,0.387397247328597,0.670055385859792,0.971255539033242,1.19225444030365,1.48596810391501,2.14633298280207,6364.96811249332,0.999918529779064
"L[202]",1.25799688667206,0.00457997545235742,0.381172302413621,0.668770046572481,0.982857826787072,1.20641033543138,1.46858566674647,2.13364904637982,6926.54037871622,0.999815678381868
"L[203]",1.25544099249572,0.00510124924357352,0.377386829252902,0.673575851562298,0.983833682064946,1.20522245121862,1.46439262462649,2.1447300022613,5472.93627995337,0.999749372604962
"L[204]",1.25974959194113,0.0050615296570987,0.40066144584993,0.654448370779512,0.97279270958995,1.20009497729161,1.48116561479984,2.20390131970658,6266.01652812827,1.00006476828177
"L[205]",1.24708218174263,0.00511404637978877,0.395794443845509,0.640957458198566,0.972223351145121,1.18550702954759,1.45910033921699,2.22153520247397,5989.76883507331,0.999259430898538
"L[206]",1.26077065109101,0.00520097797998568,0.393744257317339,0.661576554905154,0.978066726494445,1.20510495990692,1.48151941285197,2.19655112673361,5731.3698584511,0.999193852392444
"L[207]",1.2522726615398,0.00467453639969742,0.375338142741825,0.67350434600864,0.987434952344511,1.19990435140711,1.46328764204232,2.13332725253155,6447.15794067224,0.999405340363324
"L[208]",1.25894322179501,0.00471953009367567,0.374752972317058,0.675663515531069,0.988174592938512,1.21083782035582,1.46839068891356,2.11771249335653,6305.10978363419,0.999332404945694
"L[209]",1.26188036439848,0.00531385636586764,0.389555775644166,0.663012552406814,0.980517894206724,1.2065723762963,1.4773705294526,2.19643050634827,5374.27237132199,0.999721936134746
"L[210]",1.24621037090507,0.00519123990709322,0.376859195921814,0.665281489611072,0.975636947167261,1.19248354829356,1.4562790078001,2.14318517581861,5270.06576529731,0.999489250677174
"L[211]",1.24818430061433,0.00509676802109833,0.377888084935006,0.655463362612819,0.990217738888605,1.19130159520791,1.45629522231574,2.15277210845852,5497.13829262849,0.999199553624135
"L[212]",1.25439479466766,0.00509836205754505,0.384336990110133,0.661476081885634,0.97786797605146,1.19466644804338,1.47075585518343,2.13704565129652,5682.80851506075,0.999881538364291
"L[213]",1.26434035270624,0.0049602884227743,0.392234076551199,0.668060050372683,0.979090571859717,1.20471823781524,1.48490563233946,2.18583793818883,6252.83233497254,0.999875722038739
"L[214]",1.25211311418524,0.00541560762461041,0.383271791882912,0.657603988591161,0.9778795584432,1.19953418366706,1.46885309346466,2.13711107163779,5008.63440315067,1.00005631419372
"L[215]",1.25585044023554,0.00498930491366446,0.383896057831078,0.665719892087417,0.987026240532013,1.19966903607155,1.46741181424167,2.18508785027567,5920.34769268512,0.999132879788584
"L[216]",1.2511033120519,0.00480441158549846,0.378624022416117,0.670276707337247,0.982111735167333,1.19494106589181,1.45866390052883,2.15139656495255,6210.63374815902,0.999651973874638
"L[217]",1.2496660028802,0.00485763291141897,0.385176479829623,0.657441197401268,0.973247078221801,1.19605330631597,1.46962019697201,2.14987679670001,6287.38616237921,0.999769041398471
"L[218]",1.25676001481135,0.00558337313470667,0.391473529719179,0.665551847757532,0.986474378329249,1.19998581388653,1.46154096068712,2.1383061275822,4915.99574425364,0.999721701370541
"L[219]",1.25336843404205,0.00459780871353289,0.371546963658702,0.677765184649392,0.987954793289476,1.19909094793223,1.45927015576535,2.12948190392078,6530.18725655116,0.99942550553338
"L[220]",1.25232531897051,0.00508152277628515,0.383671461402768,0.67322166056664,0.971060185670372,1.19572768521922,1.46863497405226,2.16881676957119,5700.74007244717,0.999433367192965
"L[221]",1.25084146340154,0.0051876770765727,0.378677819404867,0.677508963247434,0.979983926375038,1.19726765492959,1.46082637919022,2.13079173906394,5328.36377102246,0.999704749733979
"L[222]",1.25346695678782,0.00454206382846217,0.375198676200557,0.677817349504061,0.979926703004439,1.1921480353882,1.46698577575227,2.12148870952187,6823.64035415292,0.999532835717832
"L[223]",1.25935366299756,0.00550685001194736,0.386917692980447,0.667828633614913,0.98327462967356,1.20279698919413,1.47336583539335,2.15041501575273,4936.6311964297,0.999983179119643
"L[224]",1.25183247075567,0.00485893085856801,0.391025616346894,0.661814576723964,0.97436578421067,1.19236218698387,1.46802886596917,2.16897361917207,6476.33015012577,0.999557450853196
"L[225]",1.25372206620459,0.00519264691285548,0.382910051357757,0.663893701342721,0.985611414588321,1.19517144915309,1.46537931448092,2.14440335644386,5437.70881923906,0.999643756374407
"L[226]",1.24785570830877,0.0052489278580843,0.377892778482701,0.664028971499105,0.976518350739281,1.19777338245861,1.46242931742872,2.14591292579704,5183.17625857122,0.999499837828234
"L[227]",1.25920611822082,0.00504609762307757,0.379796834106817,0.672745827764013,0.985008344191696,1.2071611587981,1.47594124860984,2.10414814237094,5664.88873221126,0.999560604459767
"L[228]",1.25450258149417,0.00495715567408769,0.382013376255484,0.669173826307579,0.983840061389821,1.20151705746767,1.46118535722953,2.14892867069876,5938.70872195383,0.999504239562416
"L[229]",1.25121523509684,0.00516847748110969,0.372040934320889,0.680676784572277,0.986256776261981,1.19953219160807,1.46357411567693,2.07257207458349,5181.50827316471,0.999535424079801
"L[230]",1.2532682749555,0.00460250246909234,0.376849244682852,0.671120417404603,0.980898305730664,1.2000520766297,1.47050925931193,2.13523473015008,6704.20426491042,0.999760249683835
"L[231]",1.25956312384675,0.00498569162176993,0.390995216446882,0.662011892863464,0.986378417286619,1.20465371712031,1.46808226625368,2.19347195947154,6150.23998989778,0.999673467544571
"L[232]",1.25699638556126,0.00536172934308511,0.4016331083635,0.657374612922452,0.972601262131929,1.19635377574891,1.47500018561301,2.21651928864447,5611.11588592915,0.999528594715125
"L[233]",1.25869946618262,0.00475104903791171,0.382811039049371,0.66590603861824,0.976983785826235,1.20867275809232,1.47531801361367,2.13216774551325,6492.16994640326,0.999303716068523
"L[234]",1.24798869221158,0.00491065254004411,0.381318950899866,0.671062205851398,0.980595335070088,1.19139069322797,1.45285766058524,2.16552123316399,6029.73695711104,0.999450764773382
"L[235]",1.25029413754009,0.00481044702606029,0.377724113306181,0.680948088319831,0.97695741055285,1.19459816482278,1.45666474413407,2.17407115985351,6165.64545694666,0.999489824382352
"L[236]",1.25446954669676,0.00489542555635863,0.388849592403924,0.660579894970869,0.981272250118883,1.1993702674714,1.46790428184318,2.16694748354534,6309.31767365123,0.999552857253142
"L[237]",1.25955401984967,0.00475605163755348,0.38645346461387,0.661149505360058,0.980302150550411,1.20736064139199,1.48588335013272,2.13525872487527,6602.3917270187,1.00007189168486
"L[238]",1.2543344682469,0.00507998864085361,0.378478771216698,0.678646953253004,0.982409020236078,1.19830797197689,1.46767790230006,2.1438930742525,5550.82541058774,0.999572621458445
"L[239]",1.26664771740785,0.00482314723926642,0.395038866899938,0.669710537780073,0.980708627467384,1.20962117156668,1.49716589295645,2.15998200046484,6708.39479913266,1.00007070189685
"L[240]",1.26054380891357,0.00565047293699409,0.3861630511525,0.673478953357885,0.986308596226236,1.20797259429442,1.4813726452305,2.18214577753924,4670.59097859894,0.999154048849242
"L[241]",1.24726064863442,0.00462990022243569,0.370799740816007,0.672212142830284,0.980700857507441,1.19973739554076,1.44963951828559,2.14003488008826,6414.0978391696,1.00004861098178
"L[242]",1.25868288376729,0.00494964412734552,0.380052695862451,0.663191366438865,0.991079362281405,1.2066502753376,1.46209768095266,2.16146503672618,5895.75849256087,0.999583418705665
"L[243]",1.2549505039936,0.00515354489290679,0.387251856812,0.668442238003165,0.977476421761986,1.19758761842565,1.46462805303785,2.18219348114728,5646.44224748833,0.999441890448168
"L[244]",1.2515042449633,0.00522861819028559,0.382712804701831,0.677978171793225,0.98685384075948,1.19980152380683,1.45299135071978,2.15376815494386,5357.62271214225,0.999251539467482
"L[245]",1.2560260063357,0.00502981149377544,0.395561545728094,0.650321270901079,0.97417529754129,1.19613438278831,1.47186945906174,2.1890906643478,6184.78650557131,0.999541937703887
"L[246]",1.25661533039813,0.00514275010386781,0.404526765626256,0.66546061724246,0.970312883689115,1.19445171041399,1.47188880858853,2.22051436024795,6187.33571762802,0.999336657529677
"L[247]",1.25977541682918,0.0051628315126022,0.391936004922623,0.660730100420882,0.977730928582838,1.20390991344721,1.47339694826937,2.1701116743696,5763.07695102831,0.999802077935718
"L[248]",1.25645447061365,0.00495963002656893,0.389907713602699,0.668883952213606,0.979355851183519,1.20263220215255,1.4663636521288,2.16084082117719,6180.5210895445,0.999371681162658
"L[249]",1.2584460973189,0.00460657193250908,0.388488034175006,0.668221883905109,0.980023297242602,1.20238493428115,1.47142320927079,2.16672062954277,7112.12824176104,0.999194237976464
"L[250]",1.25514112985485,0.00455131583416786,0.378845804610781,0.671340034830067,0.985865317983441,1.20432730802269,1.46592549469972,2.1432577512205,6928.6881744965,0.999666954748706
"L[251]",1.25141516139032,0.00539275896631258,0.385489341352752,0.667154955088239,0.980325510401654,1.1922138471848,1.45553724741563,2.17965782434964,5109.7862080004,0.999386939852274
"L[252]",1.25319375005045,0.00491332848709127,0.381147472902173,0.669497028538144,0.974943893056816,1.19799821707988,1.46188138737108,2.1608515539297,6017.75480612744,0.999474062239928
"L[253]",1.24555807951422,0.00476966582866724,0.381013673430812,0.661775632051781,0.972309441367594,1.19298587394301,1.45794923651843,2.11253955949969,6381.24203918015,0.999736199283374
"L[254]",1.25049282293365,0.00488590386988602,0.371791443390674,0.682027053776854,0.979076703941455,1.19804101168316,1.46787666219233,2.16022159348346,5790.40505581401,0.999987486555962
"L[255]",1.2575832951743,0.00516012826828637,0.389705182834342,0.66501617110085,0.970980268232806,1.20148521899454,1.4825670055998,2.15226155473797,5703.63031724637,0.999670464796096
"L[256]",1.26807655271972,0.0053025795720746,0.39691001299122,0.663357742926771,0.991331530036735,1.21227983389132,1.49135436703342,2.22120903593101,5602.85936443259,0.999183845412597
"L[257]",1.25518926640607,0.00543603415470426,0.384568605808652,0.675029734938037,0.983135258345933,1.196209167908,1.45660099651368,2.14585709955567,5004.76053107649,0.999622380470347
"L[258]",1.25483931781015,0.00532821527387384,0.38495653483872,0.673605348467392,0.974078114340307,1.20376872825739,1.47984091447884,2.13926589933345,5219.8721562058,0.999590464637496
"L[259]",1.25102285564633,0.00466769126567822,0.380174052279688,0.673181478800072,0.969810724762838,1.20016422549591,1.46790175452747,2.16421583273141,6633.77440322919,0.999402590623522
"L[260]",1.25475691609401,0.00503901168461213,0.386902799172196,0.668245667421622,0.980285565807387,1.20511977638781,1.46468679733634,2.148884756817,5895.39641123542,0.999976006795275
"L[261]",1.26126041081127,0.00513671117405139,0.392017732775091,0.664964856449535,0.985959403795155,1.20415041996406,1.46662374576452,2.19146135058342,5824.26505895592,0.999833552303647
"L[262]",1.24658665642095,0.00487100626509668,0.388131794197172,0.647593821606841,0.974215004108612,1.19407736884773,1.45993643401885,2.19778200765374,6349.23005510677,0.999730630145826
"L[263]",1.25979771681646,0.00523265870556608,0.389035874104553,0.675150016067229,0.977403406270204,1.20889890804076,1.4678087989452,2.17503885126686,5527.57294951728,0.999333052840053
"L[264]",1.24990972751932,0.00531015342723933,0.386973465505476,0.652851125986577,0.967815338139604,1.19073820016873,1.46766519361768,2.13879925097942,5310.6567826962,1.00005758272014
"L[265]",1.25957263077904,0.00530298828991064,0.390456044879754,0.668164973177591,0.972112776060077,1.20610316535641,1.48335835694686,2.15854040913504,5421.29406724805,0.999282927755287
"L[266]",1.25683159886688,0.00524765430657819,0.3977528037726,0.651140675302115,0.971889533825504,1.20068802974441,1.46884201868011,2.2094271522423,5745.07977702561,0.999506092665873
"L[267]",1.25999370129824,0.00544761995210193,0.385664461236212,0.671156618563037,0.982477219007895,1.20222102734925,1.47565745296104,2.11823917487948,5011.93739808147,1.00017783174252
"L[268]",1.25289714775227,0.00550497533426571,0.384361119836624,0.668068874341138,0.981797564011239,1.20036052844443,1.46657979602052,2.16368167507634,4874.92732052905,1.00008405034241
"L[269]",1.25779634405923,0.00491513588212869,0.385579292991964,0.667469221141834,0.979118060956411,1.20421475095833,1.47410192400493,2.1605141947937,6153.98379007415,0.999412083050505
"L[270]",1.25830178025202,0.00519716339107426,0.396958778119284,0.661875475288144,0.970836451418027,1.20140011485495,1.48195566362335,2.1931533494714,5833.88789025323,1.00013781311295
"L[271]",1.26080461147739,0.00485423022834041,0.388754176119309,0.662180354506751,0.986766248907767,1.2080588315836,1.48049676314579,2.15795711420922,6413.71110603839,0.999975570381084
"L[272]",1.25865283218853,0.0046860704603204,0.379544294292146,0.669113659907043,0.978622661063779,1.21121086169837,1.48336428894247,2.12297513148059,6560.0523521421,0.99925634383708
"L[273]",1.25895263039733,0.00463618186661261,0.392916185120789,0.667602121093988,0.970470153055747,1.19843922780313,1.49035513792831,2.17463947017622,7182.55416153535,0.999664740528892
"L[274]",1.25119213055031,0.00527360863682918,0.379762516394467,0.65911523246577,0.982129094184528,1.19989091769551,1.45780336381365,2.14739255160277,5185.71206475777,0.999772493183357
"L[275]",1.25225123708784,0.00491101478229963,0.386194860977806,0.652813924683899,0.978741019759828,1.19616304148144,1.47616523482067,2.14459121834231,6184.0144835224,1.00081576709057
"L[276]",1.25451784658518,0.00516636958546416,0.400263394964133,0.653685785826006,0.971442207587685,1.19413671334073,1.47296731821168,2.24308013225879,6002.3429736114,1.00020399368112
"L[277]",1.25280843072452,0.00573312713530896,0.387675341428502,0.662765799969379,0.975947560438827,1.19064002727401,1.47056568092752,2.14929939201377,4572.49470132176,0.999734960306429
"L[278]",1.25860188886804,0.00528611921264629,0.390977865518136,0.6693752319922,0.979846051222222,1.19955768413725,1.4806119395946,2.19382210775375,5470.54300424951,0.999366809871241
"L[279]",1.25566739199646,0.00460100172774623,0.370830646938092,0.687613739822639,0.987632480291655,1.20271997682609,1.46361608978687,2.10910399298218,6496.00641187697,0.999506495266627
"L[280]",1.25637379089417,0.00456413795931037,0.379976350301771,0.676029823849086,0.989711628561592,1.19620333286673,1.4696480797858,2.12211638285731,6930.99534950236,0.999625200270599
"L[281]",1.25904045114851,0.0054404804120166,0.396811748351058,0.655886610537409,0.972062377555302,1.19801367045586,1.47886816897637,2.21194367051975,5319.79064661697,0.999767708425633
"L[282]",1.26056567359131,0.00526700652395125,0.400682975856608,0.657539409720555,0.972495345055202,1.20500139375673,1.46930367851627,2.22388910578687,5787.2743195335,0.999907199026105
"L[283]",1.25802746670586,0.0049118714288253,0.389816592842139,0.67947955423556,0.976238330594772,1.19834913748936,1.47458230118262,2.16629840320277,6298.34812938898,0.999528367385025
"L[284]",1.25482611409337,0.00540867642783349,0.392242579318447,0.663856949588606,0.984869414687326,1.1925559888714,1.47404662574113,2.18633438764515,5259.2942636341,1.00009927272566
"L[285]",1.2565400773018,0.00502874292322286,0.382288880669587,0.676760465995411,0.980296496661042,1.20379383708426,1.46024695349993,2.17444003229824,5779.15661013697,0.999246261114563
"L[286]",1.25332223158779,0.00533968455618737,0.388496333478624,0.66664553224262,0.977548105770655,1.19907370228742,1.4658913632181,2.17386893795393,5293.49668503902,0.999530302070983
"L[287]",1.26072246331545,0.00526354857697965,0.395145366850785,0.662125278796127,0.982795403075894,1.20423618053748,1.47621068332693,2.17451738014844,5635.81226053779,1.00027788339341
"L[288]",1.25485583542243,0.0049404648933457,0.38672155897928,0.666306910637597,0.971931186114744,1.20225424218823,1.47682400371975,2.14562395496394,6127.18696377836,0.999982748089746
"L[289]",1.25795721753847,0.00491032948228459,0.389569134810266,0.653738559153538,0.988000505922631,1.20629397434165,1.46686138738856,2.20164557795255,6294.30543208985,0.999761538672305
"E_scale",1,NA,0,1,1,1,1,1,NA,NA
"f_crab[1]",0.299910393056434,0.00109289161725516,0.098867278772472,0.125524284104284,0.228576577908619,0.294668107165452,0.364857117280695,0.508320563330194,8183.72395734868,0.999385742776199
"omega_C[1,1]",0.355082022654604,0.00716583297528476,0.25273668527794,-0.051098939091266,0.187677870600282,0.337761589106763,0.49958812502,0.878247557264205,1243.9508126651,0.999863621237333
"omega_C[2,1]",0.334586853417629,0.00703632224045529,0.255287340168587,-0.0888071222283381,0.168423240194482,0.318164909954973,0.477749089578399,0.883287356765734,1316.33708228038,0.999948941665311
"omega_C[3,1]",-0.320701248992497,0.00765050794797255,0.383009593737978,-1.09451639938175,-0.564077994362838,-0.308670824846406,-0.0722620909434114,0.451846601226867,2506.33294923399,1.00051935537458
"omega_C[4,1]",0.214496397634754,0.00683742479173325,0.347758790447131,-0.434868711717923,-0.00954360936759923,0.202093491820908,0.41800380309836,0.948854474631804,2586.84917789565,0.999378332043559
"omega_C[5,1]",-0.369084190848464,0.00723117146003918,0.326713705797259,-1.00335887839918,-0.580362701834446,-0.371409516354753,-0.15898643606905,0.267379029500425,2041.34960364201,1.00017182105111
"omega_C[6,1]",0.431997087314169,0.00828267526526645,0.30863088120782,-0.107231270640162,0.223930565934195,0.417982062752131,0.615061810431086,1.09693442751731,1388.47315886103,1.00066044061595
"omega_C[7,1]",-0.114524420725416,0.00678242393841404,0.347788245830887,-0.791089263212895,-0.334044512294311,-0.115493053650275,0.090275249026074,0.590601458941636,2629.41984335099,1.00066216488795
"omega_C[8,1]",-0.147613836805208,0.00628291456128327,0.322377504528168,-0.774091440512832,-0.343167515069031,-0.143931592356879,0.0402710943291368,0.484300958084464,2632.73502021023,0.999863528728337
"omega_C[9,1]",0.144609059961293,0.00693495658369368,0.27309339758707,-0.352472167101903,-0.0228962174754883,0.130088653269564,0.300076884022976,0.693708371423821,1550.72542753374,0.999282097873545
"omega_C[10,1]",-0.369601296512989,0.00671319004023122,0.341434726691617,-1.06942331506362,-0.58327068126739,-0.362436312113908,-0.141652660658635,0.262727042406895,2586.76810519856,1.00125447685177
"omega_C_0[1,1]",0.355082022654604,0.00716583297528476,0.25273668527794,-0.051098939091266,0.187677870600282,0.337761589106763,0.49958812502,0.878247557264205,1243.9508126651,0.999863621237333
"lambda_C_S[1,1,1]",4.00785152112521,0.00883369625588119,0.583224287053999,3.01647842997776,3.59514341287338,3.96338466879454,4.36067938309142,5.29896381143097,4358.99406413632,0.999913382611162
"lambda_C_S[1,2,1]",4.11827274993253,0.00902304554243768,0.624844910907839,3.03962688674356,3.68633966304626,4.06982104798765,4.48803813389895,5.47838674841326,4795.54725931802,0.999731363862057
"lambda_C_S[1,3,1]",4.11827274993253,0.00902304554243768,0.624844910907839,3.03962688674356,3.68633966304626,4.06982104798765,4.48803813389895,5.47838674841326,4795.54725931802,0.999731363862057
"lambda_C_S[1,4,1]",4.11827274993253,0.00902304554243768,0.624844910907839,3.03962688674356,3.68633966304626,4.06982104798765,4.48803813389895,5.47838674841326,4795.54725931802,0.999731363862057
"lambda_C_S[1,5,1]",4.11827274993253,0.00902304554243768,0.624844910907839,3.03962688674356,3.68633966304626,4.06982104798765,4.48803813389895,5.47838674841326,4795.54725931802,0.999731363862057
"lambda_C_S[1,6,1]",4.00785152112521,0.00883369625588119,0.583224287053999,3.01647842997776,3.59514341287338,3.96338466879454,4.36067938309142,5.29896381143097,4358.99406413632,0.999913382611162
"lambda_C_S[1,7,1]",4.00785152112521,0.00883369625588119,0.583224287053999,3.01647842997776,3.59514341287338,3.96338466879454,4.36067938309142,5.29896381143097,4358.99406413632,0.999913382611162
"lambda_C_S[1,8,1]",4.00785152112521,0.00883369625588119,0.583224287053999,3.01647842997776,3.59514341287338,3.96338466879454,4.36067938309142,5.29896381143097,4358.99406413632,0.999913382611162
"lambda_C_S[1,9,1]",4.11827274993253,0.00902304554243768,0.624844910907839,3.03962688674356,3.68633966304626,4.06982104798765,4.48803813389895,5.47838674841326,4795.54725931802,0.999731363862057
"lambda_C_S[1,10,1]",4.11827274993253,0.00902304554243768,0.624844910907839,3.03962688674356,3.68633966304626,4.06982104798765,4.48803813389895,5.47838674841326,4795.54725931802,0.999731363862057
"lambda_C_S[1,11,1]",4.11827274993253,0.00902304554243768,0.624844910907839,3.03962688674356,3.68633966304626,4.06982104798765,4.48803813389895,5.47838674841326,4795.54725931802,0.999731363862057
"lambda_C_S[1,12,1]",4.11827274993253,0.00902304554243768,0.624844910907839,3.03962688674356,3.68633966304626,4.06982104798765,4.48803813389895,5.47838674841326,4795.54725931802,0.999731363862057
"lambda_C_S[1,13,1]",4.00785152112521,0.00883369625588119,0.583224287053999,3.01647842997776,3.59514341287338,3.96338466879454,4.36067938309142,5.29896381143097,4358.99406413632,0.999913382611162
"lambda_C_S[1,14,1]",4.00785152112521,0.00883369625588119,0.583224287053999,3.01647842997776,3.59514341287338,3.96338466879454,4.36067938309142,5.29896381143097,4358.99406413632,0.999913382611162
"lambda_C_S[1,15,1]",4.00785152112521,0.00883369625588119,0.583224287053999,3.01647842997776,3.59514341287338,3.96338466879454,4.36067938309142,5.29896381143097,4358.99406413632,0.999913382611162
"lambda_C_S[1,16,1]",4.11827274993253,0.00902304554243768,0.624844910907839,3.03962688674356,3.68633966304626,4.06982104798765,4.48803813389895,5.47838674841326,4795.54725931802,0.999731363862057
"lambda_C_S[1,17,1]",4.11827274993253,0.00902304554243768,0.624844910907839,3.03962688674356,3.68633966304626,4.06982104798765,4.48803813389895,5.47838674841326,4795.54725931802,0.999731363862057
"lambda_C_S[1,18,1]",4.11827274993253,0.00902304554243768,0.624844910907839,3.03962688674356,3.68633966304626,4.06982104798765,4.48803813389895,5.47838674841326,4795.54725931802,0.999731363862057
"lambda_C_S[1,19,1]",4.11827274993253,0.00902304554243768,0.624844910907839,3.03962688674356,3.68633966304626,4.06982104798765,4.48803813389895,5.47838674841326,4795.54725931802,0.999731363862057
"lambda_C_S[1,20,1]",4.00785152112521,0.00883369625588119,0.583224287053999,3.01647842997776,3.59514341287338,3.96338466879454,4.36067938309142,5.29896381143097,4358.99406413632,0.999913382611162
"lambda_C_S[1,21,1]",4.00785152112521,0.00883369625588119,0.583224287053999,3.01647842997776,3.59514341287338,3.96338466879454,4.36067938309142,5.29896381143097,4358.99406413632,0.999913382611162
"lambda_C_S[1,22,1]",4.00785152112521,0.00883369625588119,0.583224287053999,3.01647842997776,3.59514341287338,3.96338466879454,4.36067938309142,5.29896381143097,4358.99406413632,0.999913382611162
"lambda_C_S[1,23,1]",4.11827274993253,0.00902304554243768,0.624844910907839,3.03962688674356,3.68633966304626,4.06982104798765,4.48803813389895,5.47838674841326,4795.54725931802,0.999731363862057
"lambda_C_S[1,24,1]",4.11827274993253,0.00902304554243768,0.624844910907839,3.03962688674356,3.68633966304626,4.06982104798765,4.48803813389895,5.47838674841326,4795.54725931802,0.999731363862057
"lambda_C_S[1,25,1]",4.11827274993253,0.00902304554243768,0.624844910907839,3.03962688674356,3.68633966304626,4.06982104798765,4.48803813389895,5.47838674841326,4795.54725931802,0.999731363862057
"lambda_C_S[1,26,1]",4.11827274993253,0.00902304554243768,0.624844910907839,3.03962688674356,3.68633966304626,4.06982104798765,4.48803813389895,5.47838674841326,4795.54725931802,0.999731363862057
"lambda_C_S[1,27,1]",4.00785152112521,0.00883369625588119,0.583224287053999,3.01647842997776,3.59514341287338,3.96338466879454,4.36067938309142,5.29896381143097,4358.99406413632,0.999913382611162
"lambda_C_S[1,28,1]",4.00785152112521,0.00883369625588119,0.583224287053999,3.01647842997776,3.59514341287338,3.96338466879454,4.36067938309142,5.29896381143097,4358.99406413632,0.999913382611162
"lambda_C_S[1,29,1]",4.00785152112521,0.00883369625588119,0.583224287053999,3.01647842997776,3.59514341287338,3.96338466879454,4.36067938309142,5.29896381143097,4358.99406413632,0.999913382611162
"lambda_C_S[1,30,1]",4.11827274993253,0.00902304554243768,0.624844910907839,3.03962688674356,3.68633966304626,4.06982104798765,4.48803813389895,5.47838674841326,4795.54725931802,0.999731363862057
"lambda_C_S[1,31,1]",4.00785152112521,0.00883369625588119,0.583224287053999,3.01647842997776,3.59514341287338,3.96338466879454,4.36067938309142,5.29896381143097,4358.99406413632,0.999913382611162
"lambda_C_S[1,32,1]",3.94716854292568,0.0109118699486079,0.708930392577478,2.76676732709708,3.46080539150377,3.87852147802752,4.35441777944389,5.54299745779393,4220.93659337362,0.999901976584236
"lambda_C_S[1,33,1]",4.03160410883643,0.00902106318612735,0.592842287631595,3.0444101056401,3.60900902856026,3.98002173681102,4.38702012842731,5.38823591157083,4318.79807748422,0.999703049904935
"lambda_C_S[1,34,1]",3.94716854292568,0.0109118699486079,0.708930392577478,2.76676732709708,3.46080539150377,3.87852147802752,4.35441777944389,5.54299745779393,4220.93659337362,0.999901976584236
"lambda_C_S[1,35,1]",3.94716854292568,0.0109118699486079,0.708930392577478,2.76676732709708,3.46080539150377,3.87852147802752,4.35441777944389,5.54299745779393,4220.93659337362,0.999901976584236
"lambda_C_S[1,36,1]",3.94716854292568,0.0109118699486079,0.708930392577478,2.76676732709708,3.46080539150377,3.87852147802752,4.35441777944389,5.54299745779393,4220.93659337362,0.999901976584236
"lambda_C_S[1,37,1]",4.03160410883643,0.00902106318612735,0.592842287631595,3.0444101056401,3.60900902856026,3.98002173681102,4.38702012842731,5.38823591157083,4318.79807748422,0.999703049904935
"lambda_C_S[1,38,1]",4.03160410883643,0.00902106318612735,0.592842287631595,3.0444101056401,3.60900902856026,3.98002173681102,4.38702012842731,5.38823591157083,4318.79807748422,0.999703049904935
"lambda_C_S[1,39,1]",4.03160410883643,0.00902106318612735,0.592842287631595,3.0444101056401,3.60900902856026,3.98002173681102,4.38702012842731,5.38823591157083,4318.79807748422,0.999703049904935
"lambda_C_S[1,40,1]",4.03160410883643,0.00902106318612735,0.592842287631595,3.0444101056401,3.60900902856026,3.98002173681102,4.38702012842731,5.38823591157083,4318.79807748422,0.999703049904935
"lambda_C_S[1,41,1]",3.94716854292568,0.0109118699486079,0.708930392577478,2.76676732709708,3.46080539150377,3.87852147802752,4.35441777944389,5.54299745779393,4220.93659337362,0.999901976584236
"lambda_C_S[1,42,1]",3.94716854292568,0.0109118699486079,0.708930392577478,2.76676732709708,3.46080539150377,3.87852147802752,4.35441777944389,5.54299745779393,4220.93659337362,0.999901976584236
"lambda_C_S[1,43,1]",3.94716854292568,0.0109118699486079,0.708930392577478,2.76676732709708,3.46080539150377,3.87852147802752,4.35441777944389,5.54299745779393,4220.93659337362,0.999901976584236
"lambda_C_S[1,44,1]",4.03160410883643,0.00902106318612735,0.592842287631595,3.0444101056401,3.60900902856026,3.98002173681102,4.38702012842731,5.38823591157083,4318.79807748422,0.999703049904935
"lambda_C_S[1,45,1]",4.03160410883643,0.00902106318612735,0.592842287631595,3.0444101056401,3.60900902856026,3.98002173681102,4.38702012842731,5.38823591157083,4318.79807748422,0.999703049904935
"lambda_C_S[1,46,1]",4.03160410883643,0.00902106318612735,0.592842287631595,3.0444101056401,3.60900902856026,3.98002173681102,4.38702012842731,5.38823591157083,4318.79807748422,0.999703049904935
"lambda_C_S[1,47,1]",4.03160410883643,0.00902106318612735,0.592842287631595,3.0444101056401,3.60900902856026,3.98002173681102,4.38702012842731,5.38823591157083,4318.79807748422,0.999703049904935
"lambda_C_S[1,48,1]",3.94716854292568,0.0109118699486079,0.708930392577478,2.76676732709708,3.46080539150377,3.87852147802752,4.35441777944389,5.54299745779393,4220.93659337362,0.999901976584236
"lambda_C_S[1,49,1]",3.94716854292568,0.0109118699486079,0.708930392577478,2.76676732709708,3.46080539150377,3.87852147802752,4.35441777944389,5.54299745779393,4220.93659337362,0.999901976584236
"lambda_C_S[1,50,1]",3.94716854292568,0.0109118699486079,0.708930392577478,2.76676732709708,3.46080539150377,3.87852147802752,4.35441777944389,5.54299745779393,4220.93659337362,0.999901976584236
"lambda_C_S[1,51,1]",4.03160410883643,0.00902106318612735,0.592842287631595,3.0444101056401,3.60900902856026,3.98002173681102,4.38702012842731,5.38823591157083,4318.79807748422,0.999703049904935
"lambda_C_S[1,52,1]",4.03160410883643,0.00902106318612735,0.592842287631595,3.0444101056401,3.60900902856026,3.98002173681102,4.38702012842731,5.38823591157083,4318.79807748422,0.999703049904935
"lambda_C_S[1,53,1]",4.03160410883643,0.00902106318612735,0.592842287631595,3.0444101056401,3.60900902856026,3.98002173681102,4.38702012842731,5.38823591157083,4318.79807748422,0.999703049904935
"lambda_C_S[1,54,1]",4.03160410883643,0.00902106318612735,0.592842287631595,3.0444101056401,3.60900902856026,3.98002173681102,4.38702012842731,5.38823591157083,4318.79807748422,0.999703049904935
"lambda_C_S[1,55,1]",3.94716854292568,0.0109118699486079,0.708930392577478,2.76676732709708,3.46080539150377,3.87852147802752,4.35441777944389,5.54299745779393,4220.93659337362,0.999901976584236
"lambda_C_S[1,56,1]",3.94716854292568,0.0109118699486079,0.708930392577478,2.76676732709708,3.46080539150377,3.87852147802752,4.35441777944389,5.54299745779393,4220.93659337362,0.999901976584236
"lambda_C_S[1,57,1]",3.94716854292568,0.0109118699486079,0.708930392577478,2.76676732709708,3.46080539150377,3.87852147802752,4.35441777944389,5.54299745779393,4220.93659337362,0.999901976584236
"lambda_C_S[1,58,1]",4.03160410883643,0.00902106318612735,0.592842287631595,3.0444101056401,3.60900902856026,3.98002173681102,4.38702012842731,5.38823591157083,4318.79807748422,0.999703049904935
"lambda_C_S[1,59,1]",4.03160410883643,0.00902106318612735,0.592842287631595,3.0444101056401,3.60900902856026,3.98002173681102,4.38702012842731,5.38823591157083,4318.79807748422,0.999703049904935
"lambda_C_S[1,60,1]",4.03160410883643,0.00902106318612735,0.592842287631595,3.0444101056401,3.60900902856026,3.98002173681102,4.38702012842731,5.38823591157083,4318.79807748422,0.999703049904935
"lambda_C_S[1,61,1]",4.03160410883643,0.00902106318612735,0.592842287631595,3.0444101056401,3.60900902856026,3.98002173681102,4.38702012842731,5.38823591157083,4318.79807748422,0.999703049904935
"lambda_C_S[1,62,1]",3.94716854292568,0.0109118699486079,0.708930392577478,2.76676732709708,3.46080539150377,3.87852147802752,4.35441777944389,5.54299745779393,4220.93659337362,0.999901976584236
"lambda_C_S[1,63,1]",2.16392941938942,0.0173437089152294,0.808775295492857,0.915397592987376,1.56775376753385,2.04367404539747,2.64080345651394,4.08431240468157,2174.56203713366,0.999827238770256
"lambda_C_S[1,64,1]",2.16392941938942,0.0173437089152294,0.808775295492857,0.915397592987376,1.56775376753385,2.04367404539747,2.64080345651394,4.08431240468157,2174.56203713366,0.999827238770256
"lambda_C_S[1,65,1]",2.24086006629417,0.0203401607489853,0.894972727057252,0.921359691021462,1.58405098540921,2.10798634624296,2.76861620031723,4.27762719559986,1936.02446207506,0.999817839248798
"lambda_C_S[1,66,1]",2.24086006629417,0.0203401607489853,0.894972727057252,0.921359691021462,1.58405098540921,2.10798634624296,2.76861620031723,4.27762719559986,1936.02446207506,0.999817839248798
"lambda_C_S[1,67,1]",2.24086006629417,0.0203401607489853,0.894972727057252,0.921359691021462,1.58405098540921,2.10798634624296,2.76861620031723,4.27762719559986,1936.02446207506,0.999817839248798
"lambda_C_S[1,68,1]",2.24086006629417,0.0203401607489853,0.894972727057252,0.921359691021462,1.58405098540921,2.10798634624296,2.76861620031723,4.27762719559986,1936.02446207506,0.999817839248798
"lambda_C_S[1,69,1]",2.16392941938942,0.0173437089152294,0.808775295492857,0.915397592987376,1.56775376753385,2.04367404539747,2.64080345651394,4.08431240468157,2174.56203713366,0.999827238770256
"lambda_C_S[1,70,1]",2.16392941938942,0.0173437089152294,0.808775295492857,0.915397592987376,1.56775376753385,2.04367404539747,2.64080345651394,4.08431240468157,2174.56203713366,0.999827238770256
"lambda_C_S[1,71,1]",2.16392941938942,0.0173437089152294,0.808775295492857,0.915397592987376,1.56775376753385,2.04367404539747,2.64080345651394,4.08431240468157,2174.56203713366,0.999827238770256
"lambda_C_S[1,72,1]",2.24086006629417,0.0203401607489853,0.894972727057252,0.921359691021462,1.58405098540921,2.10798634624296,2.76861620031723,4.27762719559986,1936.02446207506,0.999817839248798
"lambda_C_S[1,73,1]",2.24086006629417,0.0203401607489853,0.894972727057252,0.921359691021462,1.58405098540921,2.10798634624296,2.76861620031723,4.27762719559986,1936.02446207506,0.999817839248798
"lambda_C_S[1,74,1]",2.24086006629417,0.0203401607489853,0.894972727057252,0.921359691021462,1.58405098540921,2.10798634624296,2.76861620031723,4.27762719559986,1936.02446207506,0.999817839248798
"lambda_C_S[1,75,1]",2.24086006629417,0.0203401607489853,0.894972727057252,0.921359691021462,1.58405098540921,2.10798634624296,2.76861620031723,4.27762719559986,1936.02446207506,0.999817839248798
"lambda_C_S[1,76,1]",2.16392941938942,0.0173437089152294,0.808775295492857,0.915397592987376,1.56775376753385,2.04367404539747,2.64080345651394,4.08431240468157,2174.56203713366,0.999827238770256
"lambda_C_S[1,77,1]",2.16392941938942,0.0173437089152294,0.808775295492857,0.915397592987376,1.56775376753385,2.04367404539747,2.64080345651394,4.08431240468157,2174.56203713366,0.999827238770256
"lambda_C_S[1,78,1]",2.16392941938942,0.0173437089152294,0.808775295492857,0.915397592987376,1.56775376753385,2.04367404539747,2.64080345651394,4.08431240468157,2174.56203713366,0.999827238770256
"lambda_C_S[1,79,1]",2.24086006629417,0.0203401607489853,0.894972727057252,0.921359691021462,1.58405098540921,2.10798634624296,2.76861620031723,4.27762719559986,1936.02446207506,0.999817839248798
"lambda_C_S[1,80,1]",2.24086006629417,0.0203401607489853,0.894972727057252,0.921359691021462,1.58405098540921,2.10798634624296,2.76861620031723,4.27762719559986,1936.02446207506,0.999817839248798
"lambda_C_S[1,81,1]",2.24086006629417,0.0203401607489853,0.894972727057252,0.921359691021462,1.58405098540921,2.10798634624296,2.76861620031723,4.27762719559986,1936.02446207506,0.999817839248798
"lambda_C_S[1,82,1]",2.24086006629417,0.0203401607489853,0.894972727057252,0.921359691021462,1.58405098540921,2.10798634624296,2.76861620031723,4.27762719559986,1936.02446207506,0.999817839248798
"lambda_C_S[1,83,1]",2.16392941938942,0.0173437089152294,0.808775295492857,0.915397592987376,1.56775376753385,2.04367404539747,2.64080345651394,4.08431240468157,2174.56203713366,0.999827238770256
"lambda_C_S[1,84,1]",2.16392941938942,0.0173437089152294,0.808775295492857,0.915397592987376,1.56775376753385,2.04367404539747,2.64080345651394,4.08431240468157,2174.56203713366,0.999827238770256
"lambda_C_S[1,85,1]",2.16392941938942,0.0173437089152294,0.808775295492857,0.915397592987376,1.56775376753385,2.04367404539747,2.64080345651394,4.08431240468157,2174.56203713366,0.999827238770256
"lambda_C_S[1,86,1]",2.24086006629417,0.0203401607489853,0.894972727057252,0.921359691021462,1.58405098540921,2.10798634624296,2.76861620031723,4.27762719559986,1936.02446207506,0.999817839248798
"lambda_C_S[1,87,1]",2.24086006629417,0.0203401607489853,0.894972727057252,0.921359691021462,1.58405098540921,2.10798634624296,2.76861620031723,4.27762719559986,1936.02446207506,0.999817839248798
"lambda_C_S[1,88,1]",2.24086006629417,0.0203401607489853,0.894972727057252,0.921359691021462,1.58405098540921,2.10798634624296,2.76861620031723,4.27762719559986,1936.02446207506,0.999817839248798
"lambda_C_S[1,89,1]",2.24086006629417,0.0203401607489853,0.894972727057252,0.921359691021462,1.58405098540921,2.10798634624296,2.76861620031723,4.27762719559986,1936.02446207506,0.999817839248798
"lambda_C_S[1,90,1]",2.16392941938942,0.0173437089152294,0.808775295492857,0.915397592987376,1.56775376753385,2.04367404539747,2.64080345651394,4.08431240468157,2174.56203713366,0.999827238770256
"lambda_C_S[1,91,1]",3.65599631837208,0.0202628574201311,1.33471344102307,1.81096691255153,2.74625757985081,3.41822442628482,4.25734330706952,6.95704332345297,4338.85054642036,0.999685911812313
"lambda_C_S[1,92,1]",3.65599631837208,0.0202628574201311,1.33471344102307,1.81096691255153,2.74625757985081,3.41822442628482,4.25734330706952,6.95704332345297,4338.85054642036,0.999685911812313
"lambda_C_S[1,93,1]",3.72295579867284,0.0185262158386892,1.25163795439496,1.94685446439754,2.84643468658942,3.51664253084801,4.32743433746077,6.72952192196674,4564.40328553561,0.999537363925583
"lambda_C_S[1,94,1]",3.72295579867284,0.0185262158386892,1.25163795439496,1.94685446439754,2.84643468658942,3.51664253084801,4.32743433746077,6.72952192196674,4564.40328553561,0.999537363925583
"lambda_C_S[1,95,1]",3.72295579867284,0.0185262158386892,1.25163795439496,1.94685446439754,2.84643468658942,3.51664253084801,4.32743433746077,6.72952192196674,4564.40328553561,0.999537363925583
"lambda_C_S[1,96,1]",3.72295579867284,0.0185262158386892,1.25163795439496,1.94685446439754,2.84643468658942,3.51664253084801,4.32743433746077,6.72952192196674,4564.40328553561,0.999537363925583
"lambda_C_S[1,97,1]",3.65599631837208,0.0202628574201311,1.33471344102307,1.81096691255153,2.74625757985081,3.41822442628482,4.25734330706952,6.95704332345297,4338.85054642036,0.999685911812313
"lambda_C_S[1,98,1]",3.65599631837208,0.0202628574201311,1.33471344102307,1.81096691255153,2.74625757985081,3.41822442628482,4.25734330706952,6.95704332345297,4338.85054642036,0.999685911812313
"lambda_C_S[1,99,1]",3.65599631837208,0.0202628574201311,1.33471344102307,1.81096691255153,2.74625757985081,3.41822442628482,4.25734330706952,6.95704332345297,4338.85054642036,0.999685911812313
"lambda_C_S[1,100,1]",3.72295579867284,0.0185262158386892,1.25163795439496,1.94685446439754,2.84643468658942,3.51664253084801,4.32743433746077,6.72952192196674,4564.40328553561,0.999537363925583
"lambda_C_S[1,101,1]",3.72295579867284,0.0185262158386892,1.25163795439496,1.94685446439754,2.84643468658942,3.51664253084801,4.32743433746077,6.72952192196674,4564.40328553561,0.999537363925583
"lambda_C_S[1,102,1]",3.72295579867284,0.0185262158386892,1.25163795439496,1.94685446439754,2.84643468658942,3.51664253084801,4.32743433746077,6.72952192196674,4564.40328553561,0.999537363925583
"lambda_C_S[1,103,1]",3.72295579867284,0.0185262158386892,1.25163795439496,1.94685446439754,2.84643468658942,3.51664253084801,4.32743433746077,6.72952192196674,4564.40328553561,0.999537363925583
"lambda_C_S[1,104,1]",3.65599631837208,0.0202628574201311,1.33471344102307,1.81096691255153,2.74625757985081,3.41822442628482,4.25734330706952,6.95704332345297,4338.85054642036,0.999685911812313
"lambda_C_S[1,105,1]",3.65599631837208,0.0202628574201311,1.33471344102307,1.81096691255153,2.74625757985081,3.41822442628482,4.25734330706952,6.95704332345297,4338.85054642036,0.999685911812313
"lambda_C_S[1,106,1]",3.65599631837208,0.0202628574201311,1.33471344102307,1.81096691255153,2.74625757985081,3.41822442628482,4.25734330706952,6.95704332345297,4338.85054642036,0.999685911812313
"lambda_C_S[1,107,1]",3.72295579867284,0.0185262158386892,1.25163795439496,1.94685446439754,2.84643468658942,3.51664253084801,4.32743433746077,6.72952192196674,4564.40328553561,0.999537363925583
"lambda_C_S[1,108,1]",3.72295579867284,0.0185262158386892,1.25163795439496,1.94685446439754,2.84643468658942,3.51664253084801,4.32743433746077,6.72952192196674,4564.40328553561,0.999537363925583
"lambda_C_S[1,109,1]",3.72295579867284,0.0185262158386892,1.25163795439496,1.94685446439754,2.84643468658942,3.51664253084801,4.32743433746077,6.72952192196674,4564.40328553561,0.999537363925583
"lambda_C_S[1,110,1]",3.72295579867284,0.0185262158386892,1.25163795439496,1.94685446439754,2.84643468658942,3.51664253084801,4.32743433746077,6.72952192196674,4564.40328553561,0.999537363925583
"lambda_C_S[1,111,1]",3.65599631837208,0.0202628574201311,1.33471344102307,1.81096691255153,2.74625757985081,3.41822442628482,4.25734330706952,6.95704332345297,4338.85054642036,0.999685911812313
"lambda_C_S[1,112,1]",3.65599631837208,0.0202628574201311,1.33471344102307,1.81096691255153,2.74625757985081,3.41822442628482,4.25734330706952,6.95704332345297,4338.85054642036,0.999685911812313
"lambda_C_S[1,113,1]",3.65599631837208,0.0202628574201311,1.33471344102307,1.81096691255153,2.74625757985081,3.41822442628482,4.25734330706952,6.95704332345297,4338.85054642036,0.999685911812313
"lambda_C_S[1,114,1]",3.72295579867284,0.0185262158386892,1.25163795439496,1.94685446439754,2.84643468658942,3.51664253084801,4.32743433746077,6.72952192196674,4564.40328553561,0.999537363925583
"lambda_C_S[1,115,1]",3.72295579867284,0.0185262158386892,1.25163795439496,1.94685446439754,2.84643468658942,3.51664253084801,4.32743433746077,6.72952192196674,4564.40328553561,0.999537363925583
"lambda_C_S[1,116,1]",3.72295579867284,0.0185262158386892,1.25163795439496,1.94685446439754,2.84643468658942,3.51664253084801,4.32743433746077,6.72952192196674,4564.40328553561,0.999537363925583
"lambda_C_S[1,117,1]",3.72295579867284,0.0185262158386892,1.25163795439496,1.94685446439754,2.84643468658942,3.51664253084801,4.32743433746077,6.72952192196674,4564.40328553561,0.999537363925583
"lambda_C_S[1,118,1]",3.65599631837208,0.0202628574201311,1.33471344102307,1.81096691255153,2.74625757985081,3.41822442628482,4.25734330706952,6.95704332345297,4338.85054642036,0.999685911812313
"lambda_C_S[1,119,1]",3.65599631837208,0.0202628574201311,1.33471344102307,1.81096691255153,2.74625757985081,3.41822442628482,4.25734330706952,6.95704332345297,4338.85054642036,0.999685911812313
"lambda_C_S[1,120,1]",3.65599631837208,0.0202628574201311,1.33471344102307,1.81096691255153,2.74625757985081,3.41822442628482,4.25734330706952,6.95704332345297,4338.85054642036,0.999685911812313
"lambda_C_S[1,121,1]",3.72295579867284,0.0185262158386892,1.25163795439496,1.94685446439754,2.84643468658942,3.51664253084801,4.32743433746077,6.72952192196674,4564.40328553561,0.999537363925583
"lambda_C_S[1,122,1]",2.08002754499673,0.0177455879061429,0.689854785854739,1.04647515083516,1.57835505875096,1.96215269831009,2.45520782312988,3.75398367128637,1511.24396359563,1.00015565465302
"lambda_C_S[1,123,1]",2.08002754499673,0.0177455879061429,0.689854785854739,1.04647515083516,1.57835505875096,1.96215269831009,2.45520782312988,3.75398367128637,1511.24396359563,1.00015565465302
"lambda_C_S[1,124,1]",2.08002754499673,0.0177455879061429,0.689854785854739,1.04647515083516,1.57835505875096,1.96215269831009,2.45520782312988,3.75398367128637,1511.24396359563,1.00015565465302
"lambda_C_S[1,125,1]",2.01331661391125,0.0144129311002166,0.62669878036302,1.07204307059285,1.55173669326399,1.91226531017892,2.35980216982873,3.52292030296519,1890.65844089724,0.999987633796745
"lambda_C_S[1,126,1]",2.01331661391125,0.0144129311002166,0.62669878036302,1.07204307059285,1.55173669326399,1.91226531017892,2.35980216982873,3.52292030296519,1890.65844089724,0.999987633796745
"lambda_C_S[1,127,1]",2.01331661391125,0.0144129311002166,0.62669878036302,1.07204307059285,1.55173669326399,1.91226531017892,2.35980216982873,3.52292030296519,1890.65844089724,0.999987633796745
"lambda_C_S[1,128,1]",2.08002754499673,0.0177455879061429,0.689854785854739,1.04647515083516,1.57835505875096,1.96215269831009,2.45520782312988,3.75398367128637,1511.24396359563,1.00015565465302
"lambda_C_S[1,129,1]",2.08002754499673,0.0177455879061429,0.689854785854739,1.04647515083516,1.57835505875096,1.96215269831009,2.45520782312988,3.75398367128637,1511.24396359563,1.00015565465302
"lambda_C_S[1,130,1]",2.08002754499673,0.0177455879061429,0.689854785854739,1.04647515083516,1.57835505875096,1.96215269831009,2.45520782312988,3.75398367128637,1511.24396359563,1.00015565465302
"lambda_C_S[1,131,1]",2.08002754499673,0.0177455879061429,0.689854785854739,1.04647515083516,1.57835505875096,1.96215269831009,2.45520782312988,3.75398367128637,1511.24396359563,1.00015565465302
"lambda_C_S[1,132,1]",2.01331661391125,0.0144129311002166,0.62669878036302,1.07204307059285,1.55173669326399,1.91226531017892,2.35980216982873,3.52292030296519,1890.65844089724,0.999987633796745
"lambda_C_S[1,133,1]",2.01331661391125,0.0144129311002166,0.62669878036302,1.07204307059285,1.55173669326399,1.91226531017892,2.35980216982873,3.52292030296519,1890.65844089724,0.999987633796745
"lambda_C_S[1,134,1]",2.01331661391125,0.0144129311002166,0.62669878036302,1.07204307059285,1.55173669326399,1.91226531017892,2.35980216982873,3.52292030296519,1890.65844089724,0.999987633796745
"lambda_C_S[1,135,1]",2.08002754499673,0.0177455879061429,0.689854785854739,1.04647515083516,1.57835505875096,1.96215269831009,2.45520782312988,3.75398367128637,1511.24396359563,1.00015565465302
"lambda_C_S[1,136,1]",2.08002754499673,0.0177455879061429,0.689854785854739,1.04647515083516,1.57835505875096,1.96215269831009,2.45520782312988,3.75398367128637,1511.24396359563,1.00015565465302
"lambda_C_S[1,137,1]",2.08002754499673,0.0177455879061429,0.689854785854739,1.04647515083516,1.57835505875096,1.96215269831009,2.45520782312988,3.75398367128637,1511.24396359563,1.00015565465302
"lambda_C_S[1,138,1]",2.08002754499673,0.0177455879061429,0.689854785854739,1.04647515083516,1.57835505875096,1.96215269831009,2.45520782312988,3.75398367128637,1511.24396359563,1.00015565465302
"lambda_C_S[1,139,1]",2.01331661391125,0.0144129311002166,0.62669878036302,1.07204307059285,1.55173669326399,1.91226531017892,2.35980216982873,3.52292030296519,1890.65844089724,0.999987633796745
"lambda_C_S[1,140,1]",2.01331661391125,0.0144129311002166,0.62669878036302,1.07204307059285,1.55173669326399,1.91226531017892,2.35980216982873,3.52292030296519,1890.65844089724,0.999987633796745
"lambda_C_S[1,141,1]",2.01331661391125,0.0144129311002166,0.62669878036302,1.07204307059285,1.55173669326399,1.91226531017892,2.35980216982873,3.52292030296519,1890.65844089724,0.999987633796745
"lambda_C_S[1,142,1]",2.08002754499673,0.0177455879061429,0.689854785854739,1.04647515083516,1.57835505875096,1.96215269831009,2.45520782312988,3.75398367128637,1511.24396359563,1.00015565465302
"lambda_C_S[1,143,1]",2.08002754499673,0.0177455879061429,0.689854785854739,1.04647515083516,1.57835505875096,1.96215269831009,2.45520782312988,3.75398367128637,1511.24396359563,1.00015565465302
"lambda_C_S[1,144,1]",2.08002754499673,0.0177455879061429,0.689854785854739,1.04647515083516,1.57835505875096,1.96215269831009,2.45520782312988,3.75398367128637,1511.24396359563,1.00015565465302
"lambda_C_S[1,145,1]",2.08002754499673,0.0177455879061429,0.689854785854739,1.04647515083516,1.57835505875096,1.96215269831009,2.45520782312988,3.75398367128637,1511.24396359563,1.00015565465302
"lambda_C_S[1,146,1]",2.01331661391125,0.0144129311002166,0.62669878036302,1.07204307059285,1.55173669326399,1.91226531017892,2.35980216982873,3.52292030296519,1890.65844089724,0.999987633796745
"lambda_C_S[1,147,1]",2.01331661391125,0.0144129311002166,0.62669878036302,1.07204307059285,1.55173669326399,1.91226531017892,2.35980216982873,3.52292030296519,1890.65844089724,0.999987633796745
"lambda_C_S[1,148,1]",2.01331661391125,0.0144129311002166,0.62669878036302,1.07204307059285,1.55173669326399,1.91226531017892,2.35980216982873,3.52292030296519,1890.65844089724,0.999987633796745
"lambda_C_S[1,149,1]",2.08002754499673,0.0177455879061429,0.689854785854739,1.04647515083516,1.57835505875096,1.96215269831009,2.45520782312988,3.75398367128637,1511.24396359563,1.00015565465302
"lambda_C_S[1,150,1]",2.08002754499673,0.0177455879061429,0.689854785854739,1.04647515083516,1.57835505875096,1.96215269831009,2.45520782312988,3.75398367128637,1511.24396359563,1.00015565465302
"lambda_C_S[1,151,1]",2.08002754499673,0.0177455879061429,0.689854785854739,1.04647515083516,1.57835505875096,1.96215269831009,2.45520782312988,3.75398367128637,1511.24396359563,1.00015565465302
"lambda_C_S[1,152,1]",4.52738468377331,0.017533019540794,1.13249810716121,2.82403716410792,3.74156415694621,4.3569542039084,5.13632200575493,7.17900989934907,4172.16558088846,1.0011396880848
"lambda_C_S[1,153,1]",4.42706990694045,0.0205464434710703,1.17490000422126,2.6574861742372,3.61606687656215,4.25067232204885,5.05870287113346,7.26482192119019,3269.85500721291,1.00082976957487
"lambda_C_S[1,154,1]",4.42706990694045,0.0205464434710703,1.17490000422126,2.6574861742372,3.61606687656215,4.25067232204885,5.05870287113346,7.26482192119019,3269.85500721291,1.00082976957487
"lambda_C_S[1,155,1]",4.42706990694045,0.0205464434710703,1.17490000422126,2.6574861742372,3.61606687656215,4.25067232204885,5.05870287113346,7.26482192119019,3269.85500721291,1.00082976957487
"lambda_C_S[1,156,1]",4.52738468377331,0.017533019540794,1.13249810716121,2.82403716410792,3.74156415694621,4.3569542039084,5.13632200575493,7.17900989934907,4172.16558088846,1.0011396880848
"lambda_C_S[1,157,1]",4.52738468377331,0.017533019540794,1.13249810716121,2.82403716410792,3.74156415694621,4.3569542039084,5.13632200575493,7.17900989934907,4172.16558088846,1.0011396880848
"lambda_C_S[1,158,1]",4.52738468377331,0.017533019540794,1.13249810716121,2.82403716410792,3.74156415694621,4.3569542039084,5.13632200575493,7.17900989934907,4172.16558088846,1.0011396880848
"lambda_C_S[1,159,1]",4.52738468377331,0.017533019540794,1.13249810716121,2.82403716410792,3.74156415694621,4.3569542039084,5.13632200575493,7.17900989934907,4172.16558088846,1.0011396880848
"lambda_C_S[1,160,1]",4.42706990694045,0.0205464434710703,1.17490000422126,2.6574861742372,3.61606687656215,4.25067232204885,5.05870287113346,7.26482192119019,3269.85500721291,1.00082976957487
"lambda_C_S[1,161,1]",4.42706990694045,0.0205464434710703,1.17490000422126,2.6574861742372,3.61606687656215,4.25067232204885,5.05870287113346,7.26482192119019,3269.85500721291,1.00082976957487
"lambda_C_S[1,162,1]",4.42706990694045,0.0205464434710703,1.17490000422126,2.6574861742372,3.61606687656215,4.25067232204885,5.05870287113346,7.26482192119019,3269.85500721291,1.00082976957487
"lambda_C_S[1,163,1]",4.52738468377331,0.017533019540794,1.13249810716121,2.82403716410792,3.74156415694621,4.3569542039084,5.13632200575493,7.17900989934907,4172.16558088846,1.0011396880848
"lambda_C_S[1,164,1]",4.52738468377331,0.017533019540794,1.13249810716121,2.82403716410792,3.74156415694621,4.3569542039084,5.13632200575493,7.17900989934907,4172.16558088846,1.0011396880848
"lambda_C_S[1,165,1]",4.52738468377331,0.017533019540794,1.13249810716121,2.82403716410792,3.74156415694621,4.3569542039084,5.13632200575493,7.17900989934907,4172.16558088846,1.0011396880848
"lambda_C_S[1,166,1]",4.52738468377331,0.017533019540794,1.13249810716121,2.82403716410792,3.74156415694621,4.3569542039084,5.13632200575493,7.17900989934907,4172.16558088846,1.0011396880848
"lambda_C_S[1,167,1]",4.42706990694045,0.0205464434710703,1.17490000422126,2.6574861742372,3.61606687656215,4.25067232204885,5.05870287113346,7.26482192119019,3269.85500721291,1.00082976957487
"lambda_C_S[1,168,1]",4.42706990694045,0.0205464434710703,1.17490000422126,2.6574861742372,3.61606687656215,4.25067232204885,5.05870287113346,7.26482192119019,3269.85500721291,1.00082976957487
"lambda_C_S[1,169,1]",4.42706990694045,0.0205464434710703,1.17490000422126,2.6574861742372,3.61606687656215,4.25067232204885,5.05870287113346,7.26482192119019,3269.85500721291,1.00082976957487
"lambda_C_S[1,170,1]",4.52738468377331,0.017533019540794,1.13249810716121,2.82403716410792,3.74156415694621,4.3569542039084,5.13632200575493,7.17900989934907,4172.16558088846,1.0011396880848
"lambda_C_S[1,171,1]",4.52738468377331,0.017533019540794,1.13249810716121,2.82403716410792,3.74156415694621,4.3569542039084,5.13632200575493,7.17900989934907,4172.16558088846,1.0011396880848
"lambda_C_S[1,172,1]",4.52738468377331,0.017533019540794,1.13249810716121,2.82403716410792,3.74156415694621,4.3569542039084,5.13632200575493,7.17900989934907,4172.16558088846,1.0011396880848
"lambda_C_S[1,173,1]",4.52738468377331,0.017533019540794,1.13249810716121,2.82403716410792,3.74156415694621,4.3569542039084,5.13632200575493,7.17900989934907,4172.16558088846,1.0011396880848
"lambda_C_S[1,174,1]",4.42706990694045,0.0205464434710703,1.17490000422126,2.6574861742372,3.61606687656215,4.25067232204885,5.05870287113346,7.26482192119019,3269.85500721291,1.00082976957487
"lambda_C_S[1,175,1]",4.42706990694045,0.0205464434710703,1.17490000422126,2.6574861742372,3.61606687656215,4.25067232204885,5.05870287113346,7.26482192119019,3269.85500721291,1.00082976957487
"lambda_C_S[1,176,1]",4.42706990694045,0.0205464434710703,1.17490000422126,2.6574861742372,3.61606687656215,4.25067232204885,5.05870287113346,7.26482192119019,3269.85500721291,1.00082976957487
"lambda_C_S[1,177,1]",4.42706990694045,0.0205464434710703,1.17490000422126,2.6574861742372,3.61606687656215,4.25067232204885,5.05870287113346,7.26482192119019,3269.85500721291,1.00082976957487
"lambda_C_S[1,178,1]",4.52738468377331,0.017533019540794,1.13249810716121,2.82403716410792,3.74156415694621,4.3569542039084,5.13632200575493,7.17900989934907,4172.16558088846,1.0011396880848
"lambda_C_S[1,179,1]",4.52738468377331,0.017533019540794,1.13249810716121,2.82403716410792,3.74156415694621,4.3569542039084,5.13632200575493,7.17900989934907,4172.16558088846,1.0011396880848
"lambda_C_S[1,180,1]",4.52738468377331,0.017533019540794,1.13249810716121,2.82403716410792,3.74156415694621,4.3569542039084,5.13632200575493,7.17900989934907,4172.16558088846,1.0011396880848
"lambda_C_S[1,181,1]",4.42706990694045,0.0205464434710703,1.17490000422126,2.6574861742372,3.61606687656215,4.25067232204885,5.05870287113346,7.26482192119019,3269.85500721291,1.00082976957487
"lambda_C_S[1,182,1]",4.42706990694045,0.0205464434710703,1.17490000422126,2.6574861742372,3.61606687656215,4.25067232204885,5.05870287113346,7.26482192119019,3269.85500721291,1.00082976957487
"lambda_C_S[1,183,1]",2.61125825479162,0.013286175245179,0.871694781799263,1.30016825237677,2.00610994834746,2.49634582838305,3.091156667046,4.53990667412031,4304.56172134414,1.00039437853398
"lambda_C_S[1,184,1]",2.69982964817906,0.0149877846136251,0.965069280720854,1.29723144261614,2.02412300794449,2.57336743950205,3.20869476532189,4.84474009377426,4146.12218870876,1.00049654812092
"lambda_C_S[1,185,1]",2.69982964817906,0.0149877846136251,0.965069280720854,1.29723144261614,2.02412300794449,2.57336743950205,3.20869476532189,4.84474009377426,4146.12218870876,1.00049654812092
"lambda_C_S[1,186,1]",2.69982964817906,0.0149877846136251,0.965069280720854,1.29723144261614,2.02412300794449,2.57336743950205,3.20869476532189,4.84474009377426,4146.12218870876,1.00049654812092
"lambda_C_S[1,187,1]",2.69982964817906,0.0149877846136251,0.965069280720854,1.29723144261614,2.02412300794449,2.57336743950205,3.20869476532189,4.84474009377426,4146.12218870876,1.00049654812092
"lambda_C_S[1,188,1]",2.61125825479162,0.013286175245179,0.871694781799263,1.30016825237677,2.00610994834746,2.49634582838305,3.091156667046,4.53990667412031,4304.56172134414,1.00039437853398
"lambda_C_S[1,189,1]",2.61125825479162,0.013286175245179,0.871694781799263,1.30016825237677,2.00610994834746,2.49634582838305,3.091156667046,4.53990667412031,4304.56172134414,1.00039437853398
"lambda_C_S[1,190,1]",2.61125825479162,0.013286175245179,0.871694781799263,1.30016825237677,2.00610994834746,2.49634582838305,3.091156667046,4.53990667412031,4304.56172134414,1.00039437853398
"lambda_C_S[1,191,1]",2.69982964817906,0.0149877846136251,0.965069280720854,1.29723144261614,2.02412300794449,2.57336743950205,3.20869476532189,4.84474009377426,4146.12218870876,1.00049654812092
"lambda_C_S[1,192,1]",2.69982964817906,0.0149877846136251,0.965069280720854,1.29723144261614,2.02412300794449,2.57336743950205,3.20869476532189,4.84474009377426,4146.12218870876,1.00049654812092
"lambda_C_S[1,193,1]",2.69982964817906,0.0149877846136251,0.965069280720854,1.29723144261614,2.02412300794449,2.57336743950205,3.20869476532189,4.84474009377426,4146.12218870876,1.00049654812092
"lambda_C_S[1,194,1]",2.69982964817906,0.0149877846136251,0.965069280720854,1.29723144261614,2.02412300794449,2.57336743950205,3.20869476532189,4.84474009377426,4146.12218870876,1.00049654812092
"lambda_C_S[1,195,1]",2.61125825479162,0.013286175245179,0.871694781799263,1.30016825237677,2.00610994834746,2.49634582838305,3.091156667046,4.53990667412031,4304.56172134414,1.00039437853398
"lambda_C_S[1,196,1]",2.61125825479162,0.013286175245179,0.871694781799263,1.30016825237677,2.00610994834746,2.49634582838305,3.091156667046,4.53990667412031,4304.56172134414,1.00039437853398
"lambda_C_S[1,197,1]",2.61125825479162,0.013286175245179,0.871694781799263,1.30016825237677,2.00610994834746,2.49634582838305,3.091156667046,4.53990667412031,4304.56172134414,1.00039437853398
"lambda_C_S[1,198,1]",2.69982964817906,0.0149877846136251,0.965069280720854,1.29723144261614,2.02412300794449,2.57336743950205,3.20869476532189,4.84474009377426,4146.12218870876,1.00049654812092
"lambda_C_S[1,199,1]",2.69982964817906,0.0149877846136251,0.965069280720854,1.29723144261614,2.02412300794449,2.57336743950205,3.20869476532189,4.84474009377426,4146.12218870876,1.00049654812092
"lambda_C_S[1,200,1]",2.69982964817906,0.0149877846136251,0.965069280720854,1.29723144261614,2.02412300794449,2.57336743950205,3.20869476532189,4.84474009377426,4146.12218870876,1.00049654812092
"lambda_C_S[1,201,1]",2.69982964817906,0.0149877846136251,0.965069280720854,1.29723144261614,2.02412300794449,2.57336743950205,3.20869476532189,4.84474009377426,4146.12218870876,1.00049654812092
"lambda_C_S[1,202,1]",2.61125825479162,0.013286175245179,0.871694781799263,1.30016825237677,2.00610994834746,2.49634582838305,3.091156667046,4.53990667412031,4304.56172134414,1.00039437853398
"lambda_C_S[1,203,1]",2.61125825479162,0.013286175245179,0.871694781799263,1.30016825237677,2.00610994834746,2.49634582838305,3.091156667046,4.53990667412031,4304.56172134414,1.00039437853398
"lambda_C_S[1,204,1]",2.61125825479162,0.013286175245179,0.871694781799263,1.30016825237677,2.00610994834746,2.49634582838305,3.091156667046,4.53990667412031,4304.56172134414,1.00039437853398
"lambda_C_S[1,205,1]",2.69982964817906,0.0149877846136251,0.965069280720854,1.29723144261614,2.02412300794449,2.57336743950205,3.20869476532189,4.84474009377426,4146.12218870876,1.00049654812092
"lambda_C_S[1,206,1]",2.69982964817906,0.0149877846136251,0.965069280720854,1.29723144261614,2.02412300794449,2.57336743950205,3.20869476532189,4.84474009377426,4146.12218870876,1.00049654812092
"lambda_C_S[1,207,1]",2.69982964817906,0.0149877846136251,0.965069280720854,1.29723144261614,2.02412300794449,2.57336743950205,3.20869476532189,4.84474009377426,4146.12218870876,1.00049654812092
"lambda_C_S[1,208,1]",2.69982964817906,0.0149877846136251,0.965069280720854,1.29723144261614,2.02412300794449,2.57336743950205,3.20869476532189,4.84474009377426,4146.12218870876,1.00049654812092
"lambda_C_S[1,209,1]",2.61125825479162,0.013286175245179,0.871694781799263,1.30016825237677,2.00610994834746,2.49634582838305,3.091156667046,4.53990667412031,4304.56172134414,1.00039437853398
"lambda_C_S[1,210,1]",2.61125825479162,0.013286175245179,0.871694781799263,1.30016825237677,2.00610994834746,2.49634582838305,3.091156667046,4.53990667412031,4304.56172134414,1.00039437853398
"lambda_C_S[1,211,1]",2.61125825479162,0.013286175245179,0.871694781799263,1.30016825237677,2.00610994834746,2.49634582838305,3.091156667046,4.53990667412031,4304.56172134414,1.00039437853398
"lambda_C_S[1,212,1]",2.69982964817906,0.0149877846136251,0.965069280720854,1.29723144261614,2.02412300794449,2.57336743950205,3.20869476532189,4.84474009377426,4146.12218870876,1.00049654812092
"lambda_C_S[1,213,1]",2.58051985024879,0.01451081394785,0.800092665224913,1.32422651054747,2.01177490895211,2.49064789503382,3.04093758979773,4.42762920708832,3040.16412989833,0.999818966237827
"lambda_C_S[1,214,1]",2.58051985024879,0.01451081394785,0.800092665224913,1.32422651054747,2.01177490895211,2.49064789503382,3.04093758979773,4.42762920708832,3040.16412989833,0.999818966237827
"lambda_C_S[1,215,1]",2.58051985024879,0.01451081394785,0.800092665224913,1.32422651054747,2.01177490895211,2.49064789503382,3.04093758979773,4.42762920708832,3040.16412989833,0.999818966237827
"lambda_C_S[1,216,1]",2.52188031363364,0.013851172534316,0.809866673548033,1.25553155485332,1.96171306876777,2.40937549768664,2.9898097440478,4.31892099146859,3418.64478553906,0.999820454179102
"lambda_C_S[1,217,1]",2.52188031363364,0.013851172534316,0.809866673548033,1.25553155485332,1.96171306876777,2.40937549768664,2.9898097440478,4.31892099146859,3418.64478553906,0.999820454179102
"lambda_C_S[1,218,1]",2.52188031363364,0.013851172534316,0.809866673548033,1.25553155485332,1.96171306876777,2.40937549768664,2.9898097440478,4.31892099146859,3418.64478553906,0.999820454179102
"lambda_C_S[1,219,1]",2.58051985024879,0.01451081394785,0.800092665224913,1.32422651054747,2.01177490895211,2.49064789503382,3.04093758979773,4.42762920708832,3040.16412989833,0.999818966237827
"lambda_C_S[1,220,1]",2.58051985024879,0.01451081394785,0.800092665224913,1.32422651054747,2.01177490895211,2.49064789503382,3.04093758979773,4.42762920708832,3040.16412989833,0.999818966237827
"lambda_C_S[1,221,1]",2.58051985024879,0.01451081394785,0.800092665224913,1.32422651054747,2.01177490895211,2.49064789503382,3.04093758979773,4.42762920708832,3040.16412989833,0.999818966237827
"lambda_C_S[1,222,1]",2.58051985024879,0.01451081394785,0.800092665224913,1.32422651054747,2.01177490895211,2.49064789503382,3.04093758979773,4.42762920708832,3040.16412989833,0.999818966237827
"lambda_C_S[1,223,1]",2.52188031363364,0.013851172534316,0.809866673548033,1.25553155485332,1.96171306876777,2.40937549768664,2.9898097440478,4.31892099146859,3418.64478553906,0.999820454179102
"lambda_C_S[1,224,1]",2.52188031363364,0.013851172534316,0.809866673548033,1.25553155485332,1.96171306876777,2.40937549768664,2.9898097440478,4.31892099146859,3418.64478553906,0.999820454179102
"lambda_C_S[1,225,1]",2.52188031363364,0.013851172534316,0.809866673548033,1.25553155485332,1.96171306876777,2.40937549768664,2.9898097440478,4.31892099146859,3418.64478553906,0.999820454179102
"lambda_C_S[1,226,1]",2.58051985024879,0.01451081394785,0.800092665224913,1.32422651054747,2.01177490895211,2.49064789503382,3.04093758979773,4.42762920708832,3040.16412989833,0.999818966237827
"lambda_C_S[1,227,1]",2.58051985024879,0.01451081394785,0.800092665224913,1.32422651054747,2.01177490895211,2.49064789503382,3.04093758979773,4.42762920708832,3040.16412989833,0.999818966237827
"lambda_C_S[1,228,1]",2.58051985024879,0.01451081394785,0.800092665224913,1.32422651054747,2.01177490895211,2.49064789503382,3.04093758979773,4.42762920708832,3040.16412989833,0.999818966237827
"lambda_C_S[1,229,1]",2.58051985024879,0.01451081394785,0.800092665224913,1.32422651054747,2.01177490895211,2.49064789503382,3.04093758979773,4.42762920708832,3040.16412989833,0.999818966237827
"lambda_C_S[1,230,1]",2.52188031363364,0.013851172534316,0.809866673548033,1.25553155485332,1.96171306876777,2.40937549768664,2.9898097440478,4.31892099146859,3418.64478553906,0.999820454179102
"lambda_C_S[1,231,1]",2.52188031363364,0.013851172534316,0.809866673548033,1.25553155485332,1.96171306876777,2.40937549768664,2.9898097440478,4.31892099146859,3418.64478553906,0.999820454179102
"lambda_C_S[1,232,1]",2.52188031363364,0.013851172534316,0.809866673548033,1.25553155485332,1.96171306876777,2.40937549768664,2.9898097440478,4.31892099146859,3418.64478553906,0.999820454179102
"lambda_C_S[1,233,1]",2.58051985024879,0.01451081394785,0.800092665224913,1.32422651054747,2.01177490895211,2.49064789503382,3.04093758979773,4.42762920708832,3040.16412989833,0.999818966237827
"lambda_C_S[1,234,1]",2.58051985024879,0.01451081394785,0.800092665224913,1.32422651054747,2.01177490895211,2.49064789503382,3.04093758979773,4.42762920708832,3040.16412989833,0.999818966237827
"lambda_C_S[1,235,1]",2.58051985024879,0.01451081394785,0.800092665224913,1.32422651054747,2.01177490895211,2.49064789503382,3.04093758979773,4.42762920708832,3040.16412989833,0.999818966237827
"lambda_C_S[1,236,1]",2.58051985024879,0.01451081394785,0.800092665224913,1.32422651054747,2.01177490895211,2.49064789503382,3.04093758979773,4.42762920708832,3040.16412989833,0.999818966237827
"lambda_C_S[1,237,1]",2.52188031363364,0.013851172534316,0.809866673548033,1.25553155485332,1.96171306876777,2.40937549768664,2.9898097440478,4.31892099146859,3418.64478553906,0.999820454179102
"lambda_C_S[1,238,1]",2.52188031363364,0.013851172534316,0.809866673548033,1.25553155485332,1.96171306876777,2.40937549768664,2.9898097440478,4.31892099146859,3418.64478553906,0.999820454179102
"lambda_C_S[1,239,1]",2.52188031363364,0.013851172534316,0.809866673548033,1.25553155485332,1.96171306876777,2.40937549768664,2.9898097440478,4.31892099146859,3418.64478553906,0.999820454179102
"lambda_C_S[1,240,1]",2.58051985024879,0.01451081394785,0.800092665224913,1.32422651054747,2.01177490895211,2.49064789503382,3.04093758979773,4.42762920708832,3040.16412989833,0.999818966237827
"lambda_C_S[1,241,1]",2.58051985024879,0.01451081394785,0.800092665224913,1.32422651054747,2.01177490895211,2.49064789503382,3.04093758979773,4.42762920708832,3040.16412989833,0.999818966237827
"lambda_C_S[1,242,1]",2.58051985024879,0.01451081394785,0.800092665224913,1.32422651054747,2.01177490895211,2.49064789503382,3.04093758979773,4.42762920708832,3040.16412989833,0.999818966237827
"lambda_C_S[1,243,1]",2.58051985024879,0.01451081394785,0.800092665224913,1.32422651054747,2.01177490895211,2.49064789503382,3.04093758979773,4.42762920708832,3040.16412989833,0.999818966237827
"lambda_C_S[1,244,1]",3.28908923646427,0.0102552321373989,0.722701327870852,2.11278739094021,2.78510334791182,3.20803444508966,3.70869200428681,4.91710889768839,4966.22868808608,0.999783143527921
"lambda_C_S[1,245,1]",3.28908923646427,0.0102552321373989,0.722701327870852,2.11278739094021,2.78510334791182,3.20803444508966,3.70869200428681,4.91710889768839,4966.22868808608,0.999783143527921
"lambda_C_S[1,246,1]",3.28908923646427,0.0102552321373989,0.722701327870852,2.11278739094021,2.78510334791182,3.20803444508966,3.70869200428681,4.91710889768839,4966.22868808608,0.999783143527921
"lambda_C_S[1,247,1]",3.36798152125394,0.00922521731624135,0.690322740628239,2.20367818596261,2.86872087962197,3.29896547833459,3.78786056920262,4.88212019086507,5599.52450121825,0.999911760017118
"lambda_C_S[1,248,1]",3.36798152125394,0.00922521731624135,0.690322740628239,2.20367818596261,2.86872087962197,3.29896547833459,3.78786056920262,4.88212019086507,5599.52450121825,0.999911760017118
"lambda_C_S[1,249,1]",3.36798152125394,0.00922521731624135,0.690322740628239,2.20367818596261,2.86872087962197,3.29896547833459,3.78786056920262,4.88212019086507,5599.52450121825,0.999911760017118
"lambda_C_S[1,250,1]",3.36798152125394,0.00922521731624135,0.690322740628239,2.20367818596261,2.86872087962197,3.29896547833459,3.78786056920262,4.88212019086507,5599.52450121825,0.999911760017118
"lambda_C_S[1,251,1]",3.28908923646427,0.0102552321373989,0.722701327870852,2.11278739094021,2.78510334791182,3.20803444508966,3.70869200428681,4.91710889768839,4966.22868808608,0.999783143527921
"lambda_C_S[1,252,1]",3.28908923646427,0.0102552321373989,0.722701327870852,2.11278739094021,2.78510334791182,3.20803444508966,3.70869200428681,4.91710889768839,4966.22868808608,0.999783143527921
"lambda_C_S[1,253,1]",3.28908923646427,0.0102552321373989,0.722701327870852,2.11278739094021,2.78510334791182,3.20803444508966,3.70869200428681,4.91710889768839,4966.22868808608,0.999783143527921
"lambda_C_S[1,254,1]",3.36798152125394,0.00922521731624135,0.690322740628239,2.20367818596261,2.86872087962197,3.29896547833459,3.78786056920262,4.88212019086507,5599.52450121825,0.999911760017118
"lambda_C_S[1,255,1]",3.36798152125394,0.00922521731624135,0.690322740628239,2.20367818596261,2.86872087962197,3.29896547833459,3.78786056920262,4.88212019086507,5599.52450121825,0.999911760017118
"lambda_C_S[1,256,1]",3.36798152125394,0.00922521731624135,0.690322740628239,2.20367818596261,2.86872087962197,3.29896547833459,3.78786056920262,4.88212019086507,5599.52450121825,0.999911760017118
"lambda_C_S[1,257,1]",3.36798152125394,0.00922521731624135,0.690322740628239,2.20367818596261,2.86872087962197,3.29896547833459,3.78786056920262,4.88212019086507,5599.52450121825,0.999911760017118
"lambda_C_S[1,258,1]",3.28908923646427,0.0102552321373989,0.722701327870852,2.11278739094021,2.78510334791182,3.20803444508966,3.70869200428681,4.91710889768839,4966.22868808608,0.999783143527921
"lambda_C_S[1,259,1]",3.28908923646427,0.0102552321373989,0.722701327870852,2.11278739094021,2.78510334791182,3.20803444508966,3.70869200428681,4.91710889768839,4966.22868808608,0.999783143527921
"lambda_C_S[1,260,1]",3.28908923646427,0.0102552321373989,0.722701327870852,2.11278739094021,2.78510334791182,3.20803444508966,3.70869200428681,4.91710889768839,4966.22868808608,0.999783143527921
"lambda_C_S[1,261,1]",3.36798152125394,0.00922521731624135,0.690322740628239,2.20367818596261,2.86872087962197,3.29896547833459,3.78786056920262,4.88212019086507,5599.52450121825,0.999911760017118
"lambda_C_S[1,262,1]",3.36798152125394,0.00922521731624135,0.690322740628239,2.20367818596261,2.86872087962197,3.29896547833459,3.78786056920262,4.88212019086507,5599.52450121825,0.999911760017118
"lambda_C_S[1,263,1]",3.36798152125394,0.00922521731624135,0.690322740628239,2.20367818596261,2.86872087962197,3.29896547833459,3.78786056920262,4.88212019086507,5599.52450121825,0.999911760017118
"lambda_C_S[1,264,1]",3.36798152125394,0.00922521731624135,0.690322740628239,2.20367818596261,2.86872087962197,3.29896547833459,3.78786056920262,4.88212019086507,5599.52450121825,0.999911760017118
"lambda_C_S[1,265,1]",3.28908923646427,0.0102552321373989,0.722701327870852,2.11278739094021,2.78510334791182,3.20803444508966,3.70869200428681,4.91710889768839,4966.22868808608,0.999783143527921
"lambda_C_S[1,266,1]",3.28908923646427,0.0102552321373989,0.722701327870852,2.11278739094021,2.78510334791182,3.20803444508966,3.70869200428681,4.91710889768839,4966.22868808608,0.999783143527921
"lambda_C_S[1,267,1]",3.28908923646427,0.0102552321373989,0.722701327870852,2.11278739094021,2.78510334791182,3.20803444508966,3.70869200428681,4.91710889768839,4966.22868808608,0.999783143527921
"lambda_C_S[1,268,1]",3.36798152125394,0.00922521731624135,0.690322740628239,2.20367818596261,2.86872087962197,3.29896547833459,3.78786056920262,4.88212019086507,5599.52450121825,0.999911760017118
"lambda_C_S[1,269,1]",3.36798152125394,0.00922521731624135,0.690322740628239,2.20367818596261,2.86872087962197,3.29896547833459,3.78786056920262,4.88212019086507,5599.52450121825,0.999911760017118
"lambda_C_S[1,270,1]",3.36798152125394,0.00922521731624135,0.690322740628239,2.20367818596261,2.86872087962197,3.29896547833459,3.78786056920262,4.88212019086507,5599.52450121825,0.999911760017118
"lambda_C_S[1,271,1]",3.36798152125394,0.00922521731624135,0.690322740628239,2.20367818596261,2.86872087962197,3.29896547833459,3.78786056920262,4.88212019086507,5599.52450121825,0.999911760017118
"lambda_C_S[1,272,1]",3.28908923646427,0.0102552321373989,0.722701327870852,2.11278739094021,2.78510334791182,3.20803444508966,3.70869200428681,4.91710889768839,4966.22868808608,0.999783143527921
"lambda_C_S[1,273,1]",3.28908923646427,0.0102552321373989,0.722701327870852,2.11278739094021,2.78510334791182,3.20803444508966,3.70869200428681,4.91710889768839,4966.22868808608,0.999783143527921
"lambda_C_S[1,274,1]",3.28908923646427,0.0102552321373989,0.722701327870852,2.11278739094021,2.78510334791182,3.20803444508966,3.70869200428681,4.91710889768839,4966.22868808608,0.999783143527921
"lambda_C_S[1,275,1]",2.04486126568277,0.0146937071499226,0.729333370651345,0.944920771379327,1.52201777949858,1.91926471028657,2.49122039961472,3.77419965867915,2463.70900214534,1.00093702688241
"lambda_C_S[1,276,1]",2.09476243658289,0.0169083244366928,0.740472245200053,0.993055521964309,1.56213827618709,1.96740436390106,2.52191158131095,3.81859584066227,1917.85789392308,1.00116967720217
"lambda_C_S[1,277,1]",2.09476243658289,0.0169083244366928,0.740472245200053,0.993055521964309,1.56213827618709,1.96740436390106,2.52191158131095,3.81859584066227,1917.85789392308,1.00116967720217
"lambda_C_S[1,278,1]",2.09476243658289,0.0169083244366928,0.740472245200053,0.993055521964309,1.56213827618709,1.96740436390106,2.52191158131095,3.81859584066227,1917.85789392308,1.00116967720217
"lambda_C_S[1,279,1]",2.04486126568277,0.0146937071499226,0.729333370651345,0.944920771379327,1.52201777949858,1.91926471028657,2.49122039961472,3.77419965867915,2463.70900214534,1.00093702688241
"lambda_C_S[1,280,1]",2.04486126568277,0.0146937071499226,0.729333370651345,0.944920771379327,1.52201777949858,1.91926471028657,2.49122039961472,3.77419965867915,2463.70900214534,1.00093702688241
"lambda_C_S[1,281,1]",2.04486126568277,0.0146937071499226,0.729333370651345,0.944920771379327,1.52201777949858,1.91926471028657,2.49122039961472,3.77419965867915,2463.70900214534,1.00093702688241
"lambda_C_S[1,282,1]",2.09476243658289,0.0169083244366928,0.740472245200053,0.993055521964309,1.56213827618709,1.96740436390106,2.52191158131095,3.81859584066227,1917.85789392308,1.00116967720217
"lambda_C_S[1,283,1]",2.09476243658289,0.0169083244366928,0.740472245200053,0.993055521964309,1.56213827618709,1.96740436390106,2.52191158131095,3.81859584066227,1917.85789392308,1.00116967720217
"lambda_C_S[1,284,1]",2.09476243658289,0.0169083244366928,0.740472245200053,0.993055521964309,1.56213827618709,1.96740436390106,2.52191158131095,3.81859584066227,1917.85789392308,1.00116967720217
"lambda_C_S[1,285,1]",2.09476243658289,0.0169083244366928,0.740472245200053,0.993055521964309,1.56213827618709,1.96740436390106,2.52191158131095,3.81859584066227,1917.85789392308,1.00116967720217
"lambda_C_S[1,286,1]",2.04486126568277,0.0146937071499226,0.729333370651345,0.944920771379327,1.52201777949858,1.91926471028657,2.49122039961472,3.77419965867915,2463.70900214534,1.00093702688241
"lambda_C_S[1,287,1]",2.04486126568277,0.0146937071499226,0.729333370651345,0.944920771379327,1.52201777949858,1.91926471028657,2.49122039961472,3.77419965867915,2463.70900214534,1.00093702688241
"lambda_C_S[1,288,1]",2.04486126568277,0.0146937071499226,0.729333370651345,0.944920771379327,1.52201777949858,1.91926471028657,2.49122039961472,3.77419965867915,2463.70900214534,1.00093702688241
"lambda_C_S[1,289,1]",2.09476243658289,0.0169083244366928,0.740472245200053,0.993055521964309,1.56213827618709,1.96740436390106,2.52191158131095,3.81859584066227,1917.85789392308,1.00116967720217
"Omega_C[1,1]",1,NA,0,1,1,1,1,1,NA,NA
"Omega_E[1,1]",1,NA,0,1,1,1,1,1,NA,NA
"lambda_Ctot_S[1,1,1]",11.3872289645952,0.0916439044773298,6.54710253082525,3.28692063573141,6.94210017845543,9.86538931909624,14.3062159669478,27.4025825362253,5103.77025544654,1.00063742587894
"lambda_Ctot_S[1,2,1]",8.25973317453697,0.0641849570910639,4.73911159158748,2.23711487997842,4.91955166791631,7.2527042344012,10.338478991011,19.9215239871083,5451.64239064545,0.999290075380086
"lambda_Ctot_S[1,3,1]",8.20981398481623,0.0613652754117535,4.6175670270697,2.26694485345814,4.94210210738052,7.09206794392349,10.4929851814394,19.9064384863709,5662.14570641906,0.999419966921256
"lambda_Ctot_S[1,4,1]",8.28630245731104,0.0648916630941127,4.75570447818284,2.25669690840828,4.90143968504445,7.28338021579733,10.485067346437,19.8806424786182,5370.95989548936,0.999283116120199
"lambda_Ctot_S[1,5,1]",8.21950087176064,0.0606488459878132,4.56591623547551,2.37556271872343,4.97742103332781,7.13455398014013,10.3970091799686,19.9899202112875,5667.75144595005,0.99974583936552
"lambda_Ctot_S[1,6,1]",11.3233664481318,0.088371147252169,6.43010159680511,3.27661038428632,6.83060255199407,9.95332628195548,14.1757006707691,27.7897995511747,5294.37481081131,0.999480176774967
"lambda_Ctot_S[1,7,1]",11.4219535947486,0.0927354926311224,6.35796362052822,3.28325448952764,6.92826065010949,10.0592272998049,14.4154133968752,26.6397341380056,4700.50057844351,0.999675787318194
"lambda_Ctot_S[1,8,1]",11.385492866189,0.0844152858921454,6.23505440316177,3.25786558470192,6.91293976325454,9.98781599669441,14.4064518076825,27.1315665910047,5455.54701904304,0.999610758557323
"lambda_Ctot_S[1,9,1]",8.18006613136095,0.0637851788183549,4.56664062495221,2.31019979311014,4.90471020469042,7.20365648360321,10.3205206576782,19.4734058588878,5125.71101107028,0.999422045001971
"lambda_Ctot_S[1,10,1]",8.28037080239009,0.0672742250814757,4.74188523836688,2.20058693933805,4.97927432782745,7.29847373900422,10.4956109237741,20.3311528164223,4968.26406163905,0.999397901727303
"lambda_Ctot_S[1,11,1]",8.20729858380605,0.0643338614210021,4.61281375093235,2.29733577409215,4.97438634968324,7.19832519354476,10.3471910844737,20.0619902434115,5141.05915340915,0.999696186869824
"lambda_Ctot_S[1,12,1]",8.30015605676967,0.0649292274771816,4.78493487590409,2.31920330489018,5.004004538632,7.25704143545532,10.3874736000541,20.4033154675625,5430.89731222494,0.999347728964903
"lambda_Ctot_S[1,13,1]",11.3597153951235,0.090845969607601,6.3821715229437,3.19155012657229,6.84762709985482,10.0251811036713,14.1553799420015,27.9414035139584,4935.43702234818,0.999772881144948
"lambda_Ctot_S[1,14,1]",11.4580844304597,0.0938582934911061,6.57318602132233,3.26550356048425,6.85669836042676,9.98600186201572,14.4137142062212,27.6744222786045,4904.63325622719,0.999706732930353
"lambda_Ctot_S[1,15,1]",11.3221328843549,0.0895872633554442,6.50254581497984,3.29570833925325,6.78597091039027,9.83533143376192,14.1622241179605,28.0185069734419,5268.34613782183,0.999431115383255
"lambda_Ctot_S[1,16,1]",8.19483304914356,0.0607358883860304,4.51158255249323,2.3048118547986,5.00103372164199,7.26662591368011,10.2837155198008,19.8170618522345,5517.81379072284,0.999552012437372
"lambda_Ctot_S[1,17,1]",8.29893002542189,0.0647577082155394,4.69872168111425,2.34562287666319,5.0558419332752,7.29125670867446,10.4813962145778,20.0041486360814,5264.73482320542,0.999174206612493
"lambda_Ctot_S[1,18,1]",8.3123317613322,0.0665666721562698,4.70449079386944,2.28782326257455,4.95338352958079,7.30491756380463,10.5105725765297,20.398702433881,4994.72468123582,0.999287013549215
"lambda_Ctot_S[1,19,1]",8.23974497762357,0.0627934618709461,4.68130787109328,2.34625783238822,5.00690396999108,7.1872720027999,10.213741741168,20.0053798051989,5557.83378088212,0.999496676926313
"lambda_Ctot_S[1,20,1]",11.4741560698821,0.0932413297619827,6.523303140338,3.40042689240458,6.86452287481407,10.1118865554002,14.3535921755776,27.4535936973724,4894.61125444326,0.999452014715559
"lambda_Ctot_S[1,21,1]",11.4585151514641,0.0967486927782838,6.7135136449303,3.19603881550326,6.8829067014327,10.0157332144952,14.2906465534497,28.6690929187935,4815.146892223,0.999356319987305
"lambda_Ctot_S[1,22,1]",11.4329462815798,0.097075877624558,6.58875213137138,3.18016474882627,6.83128708176587,10.0608977957508,14.3320798582007,27.9092436761403,4606.63378501045,1.00014732666766
"lambda_Ctot_S[1,23,1]",8.28059779661257,0.0664281034141836,4.72225580273494,2.28922227908023,4.94874671627416,7.21357029557821,10.4934609213231,20.3080121629899,5053.53539313695,0.999264334540723
"lambda_Ctot_S[1,24,1]",8.2148919852437,0.0628924273730478,4.56513477229635,2.37452006161288,4.99300959874756,7.26059386539809,10.3721519503765,19.2806428351896,5268.78519264249,0.99957185631435
"lambda_Ctot_S[1,25,1]",8.22514097315712,0.0635606964391167,4.76414149202111,2.27540822744447,4.89146689877523,7.13824952187996,10.4447928600349,20.5992669190839,5618.13289713708,0.999166282002239
"lambda_Ctot_S[1,26,1]",8.33650269812663,0.0684105215163377,4.88374138575688,2.23835996898241,4.89720520223485,7.1988332304734,10.6083122643028,20.7862180724952,5096.35314206489,0.999793795976825
"lambda_Ctot_S[1,27,1]",11.3921503264484,0.0908443397178812,6.39845305465034,3.2008267615604,6.93170244461663,9.98241550001444,14.2585231353438,27.7627990789992,4960.82869436061,0.999811373885323
"lambda_Ctot_S[1,28,1]",11.4999283737436,0.0972835841910449,6.65124434824251,3.20640954703018,6.87867368730495,9.98053057972776,14.4941807843848,28.1940547834509,4674.40868460597,0.999832571310618
"lambda_Ctot_S[1,29,1]",11.4255423639282,0.0906332608567444,6.52635785554638,3.1927500041731,6.97878454504531,9.99446665358574,14.2165135851103,27.7994587117541,5185.21245842317,1.00045528442499
"lambda_Ctot_S[1,30,1]",8.26830391717995,0.0664819045676555,4.73041636025003,2.28474618023755,4.96757149560101,7.23816866466809,10.3156495207351,20.0730573049565,5062.81235028588,0.999991600078856
"lambda_Ctot_S[1,31,1]",21.5480171790527,0.207800093856397,14.2888137844815,5.19692949611745,12.0871793127356,18.2458269218248,27.1093429984927,56.4449956930326,4728.25482167185,0.999255326232234
"lambda_Ctot_S[1,32,1]",16.1989480444645,0.15828950732371,11.1512707230803,3.76254527872801,8.76697967489079,13.4789323521595,20.1691783416269,46.3807745735638,4963.00215985039,0.999686476756463
"lambda_Ctot_S[1,33,1]",6.19241867308948,0.0510388923705466,3.67250129189843,1.62608833569406,3.67143123369566,5.37808997924509,7.82158332530082,15.335061267916,5177.51579753296,0.999811651309188
"lambda_Ctot_S[1,34,1]",8.60793959333215,0.0765032164684156,5.27370929142351,2.34720294166542,4.9135762131661,7.2732914939604,10.9360782850768,21.8062646865152,4751.96225506413,0.999454117770495
"lambda_Ctot_S[1,35,1]",8.66603648343551,0.0774195738079566,5.27399233302894,2.35619967492523,4.92139231115815,7.42260624788986,10.9304016737827,22.644171217311,4640.6352629402,0.99995433562246
"lambda_Ctot_S[1,36,1]",8.62167862178362,0.074415026314675,5.19169368165461,2.2894904569776,5.02581163401905,7.38140313659827,10.9433408000118,21.6293277919865,4867.39780146751,0.999509392230445
"lambda_Ctot_S[1,37,1]",6.19177884821697,0.0504920826626363,3.72597898290676,1.69665316935472,3.61884753699535,5.33066183570607,7.78769138206675,15.9501838175113,5445.45574129955,0.999502544322522
"lambda_Ctot_S[1,38,1]",6.15982717661282,0.0498257249318571,3.61117925582548,1.64738399413184,3.6482120983285,5.33450403536269,7.73679622197603,15.5240175529509,5252.79971340992,0.999943377420681
"lambda_Ctot_S[1,39,1]",6.17313791280568,0.0526886268355679,3.69654479041585,1.66900034239775,3.59831432786903,5.29909739708001,7.78901709208202,15.6679678271422,4922.18786394864,0.999633459450111
"lambda_Ctot_S[1,40,1]",6.23967638561596,0.0514410265112701,3.70787214857544,1.62078612301129,3.67920295613783,5.39125350948539,7.83838903985466,15.6476830788784,5195.53468859818,0.999761727433704
"lambda_Ctot_S[1,41,1]",8.61545840020899,0.0755371007993999,5.14779101280282,2.32251158095704,5.04891972476069,7.35576434544995,10.840046948674,21.9357231559007,4644.30989336923,0.999988229914881
"lambda_Ctot_S[1,42,1]",8.70466660881437,0.0812668897222863,5.33472433700264,2.28882285048628,4.97699113864112,7.36163579271395,11.0834148417026,22.4980758329776,4309.20037157141,0.999241156810126
"lambda_Ctot_S[1,43,1]",8.63784148656127,0.0773345467427408,5.32415279054945,2.39837413196151,5.01701602566862,7.35850478374855,10.7779979262872,22.5424482917816,4739.73358815539,1.00010560657266
"lambda_Ctot_S[1,44,1]",6.13331440008111,0.0462211979509001,3.57096878803654,1.72429036571468,3.60942069473003,5.30895995929299,7.7964702446496,15.309145219169,5968.8369304595,0.999602227046964
"lambda_Ctot_S[1,45,1]",6.18148904636998,0.0478219563271737,3.69938576458057,1.66101208067076,3.61843330785251,5.35781186715689,7.85420686264221,15.6762318312049,5984.1788528043,0.999786467694833
"lambda_Ctot_S[1,46,1]",6.13226863299424,0.0499231625847679,3.60636722004972,1.76375194264026,3.62921055918636,5.24596623613498,7.69963210157968,15.644721459127,5218.38016036618,0.999696342287581
"lambda_Ctot_S[1,47,1]",6.18581743254853,0.0506952964854107,3.59055298772565,1.72729830871665,3.63317912276418,5.33335178891438,7.86127075043272,15.271875418074,5016.34440275038,0.999325457243949
"lambda_Ctot_S[1,48,1]",8.63113018676255,0.0751673430020239,5.28233069696122,2.21722434783454,4.94706391060773,7.36667672595643,10.8543979174861,22.2314879748594,4938.47403308332,0.999725879044455
"lambda_Ctot_S[1,49,1]",8.63327328211034,0.0748134863319695,5.24330388963524,2.33154767879306,5.03604197795152,7.37056744395949,10.8086305367687,21.7063536205643,4911.9085366258,0.999812353859376
"lambda_Ctot_S[1,50,1]",8.6804675137687,0.080637628429401,5.39558944882302,2.21328382637691,5.05130636162468,7.39601334683137,10.9156264665721,23.0225038639846,4477.15675527469,0.999736855656996
"lambda_Ctot_S[1,51,1]",6.18376560043704,0.0519916084598306,3.67489125247667,1.74014765403089,3.60968860444058,5.33177107832043,7.80146672730378,15.3241288808646,4996.0005459339,0.999566947518994
"lambda_Ctot_S[1,52,1]",6.18684258484149,0.054451211585116,3.65189326263231,1.74017731047602,3.67693628915701,5.37982789551708,7.71614151317269,15.3076845217983,4498.01661981218,0.999998464255347
"lambda_Ctot_S[1,53,1]",6.18510838113942,0.0500698601762405,3.67937852328711,1.6416834067163,3.59955324634469,5.25639877921841,7.75033658677566,16.4680703899856,5400.03010304419,0.999924594131982
"lambda_Ctot_S[1,54,1]",6.21342423489806,0.0497321434148278,3.6816301836779,1.6781323140384,3.69142069507946,5.39806104706811,7.73642143643245,15.5101604366118,5480.32064372295,0.999214502944396
"lambda_Ctot_S[1,55,1]",8.63121195569235,0.0706142448619496,5.07464820934339,2.34733127267756,4.97984892488986,7.47900935296292,11.0493651603405,21.6576765841721,5164.48765374582,0.99998878759939
"lambda_Ctot_S[1,56,1]",8.63521638235587,0.080865281119278,5.27544388040656,2.31088810037884,5.037092723282,7.36706384962387,10.8490764573233,22.2934186093085,4255.92350563815,0.999625081775362
"lambda_Ctot_S[1,57,1]",8.65191025481116,0.0787088274975181,5.2229458775098,2.31416944421299,5.02290290345897,7.46602171377701,10.861229708621,22.4774354704617,4403.35971875087,0.999362704333102
"lambda_Ctot_S[1,58,1]",6.20273803036236,0.0524760096795401,3.72482334833063,1.72192362385468,3.62910722319442,5.33069428783784,7.80503290390854,15.527386241369,5038.36649045403,0.999484963728784
"lambda_Ctot_S[1,59,1]",6.16161760579982,0.0506491007615282,3.69255920697946,1.63229494508447,3.66994261128218,5.29388864250226,7.79301730699469,15.8004780977342,5315.10020685285,0.999816190809582
"lambda_Ctot_S[1,60,1]",6.223857656935,0.0480765343316559,3.64855483092831,1.65235539042942,3.64170299574879,5.414740159609,7.86815643355145,15.7566028804397,5759.37620568167,0.999521772177463
"lambda_Ctot_S[1,61,1]",6.16370241523741,0.0505504552453546,3.58339163451758,1.71484191187538,3.64748897974122,5.34418601270636,7.76502318895296,14.8407870393971,5025.02710613799,0.999394114215373
"lambda_Ctot_S[1,62,1]",8.63088070266866,0.0767433696730761,5.19552169158,2.30409464866486,4.98350852308148,7.42653991176653,10.8580687690641,22.1959080164824,4583.28217472936,0.99986155842187
"lambda_Ctot_S[1,63,1]",2.25125314389394,0.0297665309070161,1.71867643137738,0.440195497975362,1.12085488462368,1.77344300998795,2.87432319981301,6.62161465150225,3333.74053735747,1.0003543494254
"lambda_Ctot_S[1,64,1]",2.25759531651702,0.030452202884395,1.66697169824776,0.449294746023182,1.1254072179337,1.82415653652192,2.86990041925325,6.48100604774686,2996.53271684926,1.00043544072715
"lambda_Ctot_S[1,65,1]",1.6394717603402,0.0229447062814324,1.2911583210531,0.291865709200769,0.780164719733318,1.27365360429558,2.10088961400398,4.9633968198889,3166.60571854121,0.999761248958969
"lambda_Ctot_S[1,66,1]",1.63273639797763,0.0220186190183613,1.26397243252354,0.318584998781582,0.788766786426477,1.27994435204916,2.09306568475753,4.81556404346832,3295.30069459212,1.00061900949538
"lambda_Ctot_S[1,67,1]",1.64767309765396,0.0218860882885959,1.25102511953554,0.313780444046021,0.806351451442104,1.31804861433065,2.13206124818949,4.89810286663942,3267.35080982153,1.00070320305071
"lambda_Ctot_S[1,68,1]",1.6430746781972,0.02315542715163,1.29004330409957,0.302602600115478,0.796983923021708,1.30118513431607,2.05736122615483,5.06928640530353,3103.86614572726,1.00098762761112
"lambda_Ctot_S[1,69,1]",2.24521383531471,0.0286003307791271,1.69158278076155,0.454384239814594,1.11472118496199,1.79363165458368,2.86994030475562,6.73771698052154,3498.19809758178,1.00010855091892
"lambda_Ctot_S[1,70,1]",4.2095564028893,0.0596871875652355,3.49842965592594,0.731738858126306,1.93463071148745,3.21486005304331,5.34974505790941,13.0430171061208,3435.45338818059,1.00113538263227
"lambda_Ctot_S[1,71,1]",2.24881671062632,0.0274111300762594,1.68271821317141,0.443427731845931,1.10518106602783,1.79897636038324,2.90246628839703,6.75554791437662,3768.50338549512,1.00049503011758
"lambda_Ctot_S[1,72,1]",1.6325191281625,0.0229091766619857,1.2635653853232,0.299384887258197,0.794680758564509,1.28278800464007,2.06052680502202,4.91415256199462,3042.12095571423,1.00062362249958
"lambda_Ctot_S[1,73,1]",1.65001122972183,0.0236677937628846,1.3136340678861,0.321006300106996,0.771799422336717,1.3106261728622,2.08945440204673,5.12169713457008,3080.58540410531,1.0003276896717
"lambda_Ctot_S[1,74,1]",1.63263962587967,0.0231219893166067,1.2844428278039,0.313512281107972,0.789466374265753,1.28484118832085,2.07831858114842,4.94606876037424,3085.88092336542,1.00015533353049
"lambda_Ctot_S[1,75,1]",1.6372912676524,0.0213273915923653,1.25391563653998,0.303990958066399,0.804914897063615,1.31270941724914,2.07480972102887,4.92694748455025,3456.69570538486,1.00041025385616
"lambda_Ctot_S[1,76,1]",2.26612363565835,0.0288737609891371,1.70479756560912,0.418666533252312,1.10499437392201,1.81989632024683,2.91196303894141,6.82230117618127,3486.09259863788,0.99978716822557
"lambda_Ctot_S[1,77,1]",2.22983436183168,0.0287320593197466,1.65432634033061,0.445281684129043,1.08950344045992,1.76300631907047,2.84098685129333,6.57432453907639,3315.19333457981,1.00085022542639
"lambda_Ctot_S[1,78,1]",2.25352141472468,0.0311447221034109,1.72433318183291,0.437091116940963,1.10787501557794,1.79007703326066,2.88628810992815,6.73804282000824,3065.30328630073,1.00077567930331
"lambda_Ctot_S[1,79,1]",1.64692851619865,0.0237183542299302,1.28015186106691,0.318153964164553,0.796674009053292,1.28935880228206,2.09897175064478,4.98707841142538,2913.08986368754,1.0012545378794
"lambda_Ctot_S[1,80,1]",1.6367054640558,0.0223245121366237,1.28103195317678,0.307100780151588,0.796479711476981,1.28475248760192,2.10322502264013,4.9127988858733,3292.72886941765,1.00032792795152
"lambda_Ctot_S[1,81,1]",1.65758044089885,0.0226559075085461,1.26953146865913,0.299483077237591,0.805693008565045,1.31566043158619,2.12381806780127,5.08942223402428,3139.95927158004,1.00043903931586
"lambda_Ctot_S[1,82,1]",1.64397433376819,0.0229492168756819,1.30176305051635,0.314079978026601,0.796581901441209,1.29203398211586,2.08348977069218,4.87298163289402,3217.57100946601,1.00028149119272
"lambda_Ctot_S[1,83,1]",2.24797055876205,0.0304777340122039,1.65844038288869,0.456638606180504,1.11970610668267,1.80709563077366,2.88002270441242,6.4416190429028,2960.97253781676,1.00054393915685
"lambda_Ctot_S[1,84,1]",2.23537279972143,0.027854330273789,1.67271673357408,0.444580395908087,1.12468149094417,1.82595757117054,2.83438634894131,6.51554462519205,3606.27932029788,1.00048499083952
"lambda_Ctot_S[1,85,1]",2.25794955794125,0.027829874154079,1.70152178271038,0.431094827976076,1.1266785694049,1.79792420932679,2.88519600354534,6.58177635252073,3738.11399831825,1.00034736801788
"lambda_Ctot_S[1,86,1]",1.63324691488876,0.0226784960972174,1.26488938796461,0.302775231234677,0.785178226570322,1.28393966160783,2.07029679527658,5.06579331820464,3110.83226892784,1.00027285169919
"lambda_Ctot_S[1,87,1]",1.62977245833368,0.0216401313654205,1.22494997838805,0.308550297427203,0.793821240867336,1.28749755770798,2.09625637964725,4.92113807707954,3204.18013158138,1.00155016970604
"lambda_Ctot_S[1,88,1]",1.64905265884503,0.0234679688799496,1.30759183903302,0.318628637325687,0.80029844176209,1.31063331115139,2.08114804923706,5.01104885495076,3104.5123761048,1.00062400127404
"lambda_Ctot_S[1,89,1]",1.65567228289849,0.0246869393443527,1.32442197206508,0.312696080883455,0.792574849562453,1.29800047890594,2.09354138784154,5.03477994524196,2878.18200882704,1.00007009536772
"lambda_Ctot_S[1,90,1]",2.23191950234578,0.0280872384582995,1.66347533796527,0.444697508164186,1.1265616257558,1.77076005108376,2.85357900410316,6.46880278654289,3507.63706300494,1.00052440241299
"lambda_Ctot_S[1,91,1]",6.89996201600664,0.0702930846241514,4.71654047638142,1.68404830951293,3.80961883371178,5.73561937820227,8.47932405178,19.135077342496,4502.17040131283,0.999567452045125
"lambda_Ctot_S[1,92,1]",6.89705252335838,0.0706373566221708,4.69595733917578,1.65700925798,3.87125262988376,5.74839843328754,8.53604960849742,19.3878494869025,4419.56380503811,0.999552390039292
"lambda_Ctot_S[1,93,1]",4.90968339680001,0.0487381764080994,3.22199707410792,1.25020899611697,2.81263005127558,4.17952218265218,6.10817287665705,12.7210427140566,4370.30485121036,0.999399045315373
"lambda_Ctot_S[1,94,1]",4.89350862348699,0.0438300237219447,3.13357210599091,1.26822274306551,2.79069855490201,4.1541694480461,6.15746226787039,12.9103679779577,5111.35416046552,0.999687992259787
"lambda_Ctot_S[1,95,1]",4.93274562925212,0.0461013416706232,3.21977736334247,1.21782600104919,2.75390328797552,4.20587678993437,6.1635658757303,13.4713353496797,4877.80636556184,0.99957886198799
"lambda_Ctot_S[1,96,1]",4.8944413767119,0.0456666246553529,3.21591221905188,1.23737929744363,2.79667151271621,4.14862077749958,6.08012393935129,12.9195656345218,4959.18769582088,0.999731211382906
"lambda_Ctot_S[1,97,1]",6.92791422792025,0.0676425390292143,4.76219626206667,1.66452761544972,3.852305329886,5.72862109853802,8.66163288182238,19.1904731049809,4956.49620285267,0.999728598677978
"lambda_Ctot_S[1,98,1]",6.86676316553733,0.0686667672245748,4.58182969210477,1.62824905369113,3.79083855783734,5.74135360599687,8.64711995864926,18.6368791332162,4452.30268102236,0.999537360476913
"lambda_Ctot_S[1,99,1]",6.93568043673316,0.0680386766186522,4.61069362596475,1.65521934569047,3.84473885587831,5.80327870929278,8.67932267640741,19.3280344951893,4592.20021140657,0.999849369315164
"lambda_Ctot_S[1,100,1]",4.98522024073208,0.048344450440104,3.31287084857777,1.16809860504011,2.79740707564181,4.18998423842133,6.26460136909305,13.3057027284138,4695.86664631025,0.99945666398914
"lambda_Ctot_S[1,101,1]",4.9399209771955,0.0481402583779489,3.24798609904638,1.20059781115064,2.79660914014774,4.14391497927419,6.16710926228005,13.1041222119544,4552.0968125923,0.999457302702197
"lambda_Ctot_S[1,102,1]",4.95051954731371,0.045837311089057,3.20070452307831,1.18264009698956,2.76791274110654,4.16424023656044,6.15093128531652,13.1514640616387,4875.878790451,0.999296909508325
"lambda_Ctot_S[1,103,1]",4.92894533254847,0.0453549163224909,3.25976692933209,1.22164376427324,2.7927529405233,4.13790181561873,6.16102797978188,13.5337025690833,5165.64264694932,0.999688298350362
"lambda_Ctot_S[1,104,1]",6.8841332612731,0.0670255320048191,4.51531374957238,1.64390615848598,3.85564697785312,5.79824968026664,8.62805109075675,18.2046906597538,4538.32220725832,0.999312746756113
"lambda_Ctot_S[1,105,1]",6.90517264125345,0.0708432364447805,4.8328758503728,1.63480557091961,3.73599116629747,5.75396490659034,8.60210580286381,19.1885742117084,4653.87260432456,0.999521344290618
"lambda_Ctot_S[1,106,1]",6.88831557013867,0.074321427278811,4.75698052184436,1.69003720832732,3.81909033535491,5.74102718859958,8.50392575545477,18.670740367417,4096.70473324708,0.999954406630817
"lambda_Ctot_S[1,107,1]",4.91803018776911,0.0443139673761784,3.10582697723962,1.20873367802943,2.79059207580668,4.20153790214563,6.16350260671902,12.4189365134773,4912.16841819254,0.999217101956611
"lambda_Ctot_S[1,108,1]",4.93330749055885,0.0470128435236564,3.24052956748047,1.2663114761997,2.75019889130156,4.17322147649035,6.14460323447083,12.9429011326888,4751.15213658064,0.999744871653532
"lambda_Ctot_S[1,109,1]",4.91707680848526,0.0460663032000111,3.13824503535809,1.22085027785847,2.7823907590824,4.1670998155346,6.12564717121841,12.6891284325217,4640.95094004921,0.999167970818032
"lambda_Ctot_S[1,110,1]",4.9172961953142,0.0448434639343905,3.16493206556807,1.20208420823485,2.77379393777432,4.14048313231441,6.16038970630774,13.2543175341366,4981.15986602255,0.999125491446386
"lambda_Ctot_S[1,111,1]",6.78732825540392,0.0647770450757349,4.41066428805129,1.65689551886785,3.81116712002089,5.6734112292552,8.62416746416818,18.2818027492388,4636.23819579994,1.00006785726804
"lambda_Ctot_S[1,112,1]",6.87022865634515,0.0681876885007643,4.64739300174449,1.63616368418651,3.7786777218014,5.78982291959367,8.61949936865412,19.2066306148128,4645.22615117873,0.999308207382313
"lambda_Ctot_S[1,113,1]",6.85660268726218,0.0675393985821928,4.56695020791397,1.63622572696001,3.88448218852138,5.74636456096774,8.47635327300177,18.9787873698746,4572.33639989387,0.999552613889594
"lambda_Ctot_S[1,114,1]",4.9246924420476,0.0485120908391086,3.17337656282167,1.21887205957542,2.74748568544952,4.11717105984969,6.18238900159904,13.2485318475367,4279.00933702664,0.999776756116936
"lambda_Ctot_S[1,115,1]",4.90752145492528,0.0450175696309349,3.10500025914954,1.23766514546804,2.8196529884039,4.161122283798,6.13936905297913,12.9369139077162,4757.28523637343,0.999263402379403
"lambda_Ctot_S[1,116,1]",4.9117737698827,0.0466073266905564,3.2349692449015,1.24435682623572,2.76167487809836,4.19258132262835,6.16024422494017,12.8495152451353,4817.61317276421,0.999445872213119
"lambda_Ctot_S[1,117,1]",4.958143661496,0.0452419441615882,3.20759903868453,1.23454654247397,2.79951747680267,4.19177714222546,6.19528247796401,13.3763884619493,5026.63823660387,0.999524879578079
"lambda_Ctot_S[1,118,1]",6.88641716441674,0.0746934694847189,4.75131084907311,1.59128965888576,3.81616296045618,5.72789644312016,8.67413535034183,19.1277852693413,4046.33302565334,1.00000647759246
"lambda_Ctot_S[1,119,1]",6.86935852720379,0.0727720361188141,4.8296579824672,1.59860693327065,3.83748312810818,5.68817395524308,8.46440122210847,18.7857323317164,4404.57186985399,1.00022996437209
"lambda_Ctot_S[1,120,1]",6.87349787360324,0.0691716454674857,4.60329880001235,1.67771174896251,3.76855222198581,5.73253428220684,8.66030766036296,18.7818208341152,4428.75971434259,1.00043803413411
"lambda_Ctot_S[1,121,1]",4.9493197376994,0.0470462525954852,3.24496371445573,1.17142002622566,2.77021046887729,4.15435102523373,6.22263059417728,13.2609605545966,4757.39944582944,0.99938503753629
"lambda_Ctot_S[1,122,1]",8.48156978645281,0.0894645648067812,5.29772722329348,2.12745674397763,4.89421700158656,7.21160927015027,10.6876012563339,22.6842134739441,3506.5261224726,0.999839353280749
"lambda_Ctot_S[1,123,1]",8.38440037433728,0.0848158429068835,5.091281926975,2.10454805901524,4.80570458397915,7.25791853100528,10.7404147374155,21.3366783235517,3603.29922312002,1.00044237167507
"lambda_Ctot_S[1,124,1]",8.39311936668886,0.0846850517276134,5.19222265123659,2.12943085755487,4.75178995194484,7.15354125721997,10.7152832806405,21.3406338314484,3759.17982009415,1.0004350304706
"lambda_Ctot_S[1,125,1]",11.7095634042672,0.109943569263277,7.10555719416276,2.93196378786455,6.74967460502312,10.1075990916934,14.6721463760853,29.9954852435566,4176.92440174158,0.999812789685182
"lambda_Ctot_S[1,126,1]",11.5630073204517,0.106716062722963,6.86839408993881,2.99838988147801,6.66166623530179,10.0581601334738,14.6806253121963,28.9618832301085,4142.38847178357,1.00036997063241
"lambda_Ctot_S[1,127,1]",11.6292810462988,0.111743189119742,7.15155318089657,3.02355446454086,6.59005924642736,9.96829494635485,14.7312673587946,29.6640324644098,4095.98748815823,0.999775472977743
"lambda_Ctot_S[1,128,1]",8.42071437420334,0.0846288734495695,5.30851556182576,2.12084792832322,4.76935048941672,7.20758920992273,10.6429122437711,21.3783395068215,3934.67685061393,0.999577043919019
"lambda_Ctot_S[1,129,1]",8.39416628364451,0.0832028924700813,5.16539533404838,2.08126220897345,4.7859357794597,7.21837091205965,10.6248697507124,21.3870535632858,3854.16482066109,0.999974630698268
"lambda_Ctot_S[1,130,1]",8.40998828944039,0.0876023367157881,5.16193858997424,2.04594916779999,4.84365282606774,7.13249890293365,10.8266122085641,21.4382586853956,3472.11647600315,0.99967678232335
"lambda_Ctot_S[1,131,1]",8.47365140065698,0.0874247407242527,5.32897604065782,2.12104747199708,4.77303123408315,7.14619340680516,10.6866297448938,21.7677957498809,3715.51337735939,0.999715742484824
"lambda_Ctot_S[1,132,1]",11.6736461254625,0.112311022272625,7.1611305389358,2.9470288566513,6.58254153253871,9.93717175619592,14.856542128638,30.2886130293762,4065.54170404661,0.999377516607475
"lambda_Ctot_S[1,133,1]",11.5771894589575,0.10756530836178,6.97531000292824,3.05014658759515,6.75767130425402,9.9434832558641,14.6484801171918,29.1695049137732,4205.16047945133,0.999894004032546
"lambda_Ctot_S[1,134,1]",11.657688978593,0.120083213942433,7.38472862389313,3.11107917266817,6.70144758614973,9.85486752735467,14.6202180938512,30.0790968480402,3781.85152741792,0.999483269693676
"lambda_Ctot_S[1,135,1]",8.37582692015149,0.08658053394424,5.12158496725606,2.13280859509021,4.7794895966001,7.12762649730825,10.5493303092876,21.3102604707739,3499.19580115511,1.00023972126534
"lambda_Ctot_S[1,136,1]",8.49627205553323,0.0839802431720355,5.2725101834016,2.06709625265423,4.90289540704428,7.22145842231108,10.7568044091363,22.1875001066504,3941.67305671757,0.999578569510803
"lambda_Ctot_S[1,137,1]",8.43082400730828,0.0926443845073653,5.21128949854317,2.13915539177619,4.7995111072135,7.20339669881461,10.7582423642195,21.4718139489904,3164.11455815008,0.999782946121812
"lambda_Ctot_S[1,138,1]",8.41629265369449,0.0869730838374783,5.34852151111554,2.06586204803207,4.73282167556246,7.16883773537934,10.6473115734848,21.8531589451478,3781.79301240098,0.999899464879488
"lambda_Ctot_S[1,139,1]",11.6560556671821,0.109984468608678,7.03515523366992,3.00991250994293,6.78610562312407,9.94661817924224,14.882394494226,29.7612982194735,4091.51971185819,0.999247930055558
"lambda_Ctot_S[1,140,1]",11.5789533733876,0.113069712485576,7.02853962129328,3.05748386918678,6.56312268057213,9.94956174110427,14.580645136116,29.8309383847632,3864.00446044359,0.999510155775404
"lambda_Ctot_S[1,141,1]",11.6127608113613,0.111781980653868,7.0261620349604,2.95677010855321,6.80094983985211,10.0395153402911,14.5858194346143,29.6624631542794,3950.86982970391,0.999702766978689
"lambda_Ctot_S[1,142,1]",8.52075585249784,0.096356877551741,5.37088989678815,2.15020284333824,4.79436787604626,7.21813728955544,10.787936480394,22.2199316577571,3106.89847851309,1.00013294141755
"lambda_Ctot_S[1,143,1]",8.43632363136255,0.085920647562039,5.17576474097542,2.07427107986643,4.86175530362849,7.21449170756256,10.8003570731573,21.5138946978667,3628.72429435962,1.00047828323388
"lambda_Ctot_S[1,144,1]",8.40476168343481,0.0845503193801114,5.14946711198287,2.06895507375338,4.86325422094342,7.18970878328034,10.5319663706174,21.4739990680559,3709.31804858562,0.999954858077481
"lambda_Ctot_S[1,145,1]",8.44652114546012,0.0898509241659585,5.46807057846332,2.12935768111673,4.67417236463663,7.14228404577075,10.7502262358473,21.9041210261147,3703.59190534545,0.999689383778109
"lambda_Ctot_S[1,146,1]",11.5448370924937,0.109780357119034,6.87213034078521,3.13863129058375,6.74308168774667,10.1390865413113,14.4324293136986,29.6111978109423,3918.62312915671,1.00001780290319
"lambda_Ctot_S[1,147,1]",11.6379402357498,0.112042643525817,7.06901346334845,3.0484702765273,6.60393063019597,10.0378782564893,14.8793893568804,30.0598120245345,3980.62185986324,0.999847932105471
"lambda_Ctot_S[1,148,1]",11.673343088762,0.119198829446238,7.19667179894989,2.96891157171226,6.62351409256155,10.0844985687131,14.7541440935298,30.2335842737485,3645.18364894997,1.00010425373773
"lambda_Ctot_S[1,149,1]",8.45573177763005,0.0880610294820102,5.34113556639611,2.151998928683,4.7430067437049,7.25503189263245,10.6863302518238,22.5022071988654,3678.74500800285,0.999774992381175
"lambda_Ctot_S[1,150,1]",8.50372696524779,0.0937796496024681,5.33233491568172,2.08079512565213,4.80170221958909,7.20741673201085,10.7752911071,22.290541661452,3233.08875082011,1.00172904575415
"lambda_Ctot_S[1,151,1]",8.41643419891844,0.0883410732053952,5.22719020629869,2.16960890383992,4.80141783951612,7.12993714388293,10.7641366559655,22.0924120935172,3501.15441214805,1.00031364561165
"lambda_Ctot_S[1,152,1]",41.2605186457332,0.343236144167195,23.9873085909786,11.4250105443399,24.6349466394412,35.8115532984456,51.7918021272172,103.950809342657,4884.01529569498,0.999210656587655
"lambda_Ctot_S[1,153,1]",57.3303203848443,0.507546906907689,33.7497646067313,15.139589471961,33.3803347922676,49.9795389181226,72.3771350600794,142.532418842486,4421.69849093124,0.999335239720673
"lambda_Ctot_S[1,154,1]",56.8779313127807,0.506828721383479,33.2061493419968,15.8343889064688,34.1732020383162,49.3760098559386,70.4396999491926,144.830540860883,4292.54244138803,0.999417767020591
"lambda_Ctot_S[1,155,1]",57.3123701349439,0.538319112979534,33.2488383803475,15.8015697553416,33.9891631469816,50.7007593532781,71.8777053760104,142.147223550917,3814.81388261723,0.999755789706149
"lambda_Ctot_S[1,156,1]",40.87095460889,0.312063935088231,22.7911610226901,11.4768107129249,24.9756800024841,35.9069992791191,51.1945775045789,99.8575474901484,5333.91066683251,0.999594964005892
"lambda_Ctot_S[1,157,1]",41.1164706463869,0.349516238915767,23.6526818384941,11.3168947699754,24.7443605517678,36.1008631783378,51.3628146995081,98.9291959717633,4579.58435675433,0.999699093949119
"lambda_Ctot_S[1,158,1]",40.6060534032695,0.325505523359396,22.4413883171952,11.4733797291267,25.181393868559,35.9350737784354,51.1561377763117,94.6255311856961,4753.16309755262,0.999197518759219
"lambda_Ctot_S[1,159,1]",40.9473818974806,0.325192300080808,23.1434120981187,11.6242254109793,24.8730773522667,35.967899273686,51.0687051666162,100.550174209768,5064.93958679888,0.99927064331283
"lambda_Ctot_S[1,160,1]",56.8207177938449,0.445630590628545,32.3170643312175,15.8058980642984,34.1412199572528,49.5047600912356,72.2974210532147,136.722682442097,5259.12888598525,0.999568986740988
"lambda_Ctot_S[1,161,1]",57.1936336474936,0.464486594013092,33.1176552509252,15.7624704053294,34.2487995816406,49.8083009435168,72.1289309913681,143.350768727766,5083.61665594129,0.999522916010894
"lambda_Ctot_S[1,162,1]",57.3199269281126,0.482158680094283,33.4131608413751,15.4280722759067,33.7394581908932,50.2100292193439,72.149790364752,142.990219769783,4802.36475881654,0.999594209183646
"lambda_Ctot_S[1,163,1]",41.4135465228772,0.33606404448531,24.2626328124471,11.9360748102048,25.017748804067,35.9812804560329,51.2027917948973,100.590030929484,5212.32817800419,0.999832316220537
"lambda_Ctot_S[1,164,1]",41.1746159806157,0.314628818156913,23.848906627024,11.5545265767864,24.7910068085452,35.8156757221162,51.9711454006698,99.9526839456896,5745.66033873555,0.99969187465231
"lambda_Ctot_S[1,165,1]",41.0365941025303,0.317787194687409,23.7285722664113,11.0257088186345,24.4899753946593,35.9468608966617,51.8181120388685,101.066622538129,5575.32808748685,0.999701127077065
"lambda_Ctot_S[1,166,1]",41.1183638983694,0.32586099155226,23.4826198224342,11.1441434822205,24.852491007332,35.9647715590051,52.1917532513339,98.6788909964336,5193.11983933001,0.999694004390803
"lambda_Ctot_S[1,167,1]",57.7111458367869,0.511486141252367,33.7937026236446,15.7295874113089,34.2419517471388,50.3745598269865,72.9398269430458,141.308580202948,4365.1966596146,0.999650100203467
"lambda_Ctot_S[1,168,1]",57.0391506567002,0.463776211128739,33.0598824974904,15.6476377391247,33.8153084078808,50.0815700121873,71.6225789686036,144.62962158583,5081.42681250871,0.99938643112266
"lambda_Ctot_S[1,169,1]",57.1056757575817,0.482416198601854,33.1926904691062,15.6013587003351,34.1523583152784,49.5609520361201,70.851471853656,144.507686277399,4734.14055448743,0.999516675162503
"lambda_Ctot_S[1,170,1]",41.1861972664141,0.316451361355079,23.684668572926,11.1163714461492,24.6307526329781,36.3450944973902,51.6236205809061,100.947849591747,5601.71084406824,0.999222176130841
"lambda_Ctot_S[1,171,1]",40.9953995187694,0.336074784733797,23.983002895746,11.3315536953651,24.6425274486753,35.9642075784574,51.6141613611943,98.4045388467777,5092.54952878998,0.999738909590787
"lambda_Ctot_S[1,172,1]",41.1825354352966,0.331831512345704,23.7419831777667,10.7080538949798,24.1981221244692,36.0456871836912,52.0335830776018,100.895337039839,5119.16034676524,0.999777112704934
"lambda_Ctot_S[1,173,1]",40.8336286056808,0.317439633982835,22.7882459073417,11.6040598916284,24.6154044333576,35.7313594164586,51.2807001417742,98.4099775185368,5153.46694890579,0.999944492177849
"lambda_Ctot_S[1,174,1]",57.3458293644176,0.542590828016363,33.3344477148729,15.5215247421747,34.1656957072647,50.4507370612754,71.147209173178,143.938629891042,3774.34532101957,0.999778620933123
"lambda_Ctot_S[1,175,1]",108.803120253269,1.20149974280135,74.089331294134,25.1367212834898,58.890421054798,90.3001579679342,137.081492922518,302.694114295886,3802.45414670988,0.999810400684279
"lambda_Ctot_S[1,176,1]",106.883676759471,1.06870959737502,70.3244147553995,26.3163701051793,58.6950688112677,89.2304951013493,135.828860681135,293.396780968933,4330.04923164533,0.999785574195572
"lambda_Ctot_S[1,177,1]",106.666145412197,1.06959773607011,69.9693508256807,25.6941832548061,59.7105158535822,89.8152640457983,133.35393365558,283.071949392682,4279.31975955003,0.999466288345139
"lambda_Ctot_S[1,178,1]",41.2094205979965,0.322501386095131,23.5444247518055,11.491468135038,25.1452251307015,36.225964031309,51.8961394589714,100.530948753041,5329.82558117404,0.999236681625071
"lambda_Ctot_S[1,179,1]",40.5893469479782,0.322554191123296,22.6287678796933,11.5335739833171,24.623916491393,36.0713464229326,51.0241756339032,96.2619024441389,4921.71471670131,0.999433301617537
"lambda_Ctot_S[1,180,1]",41.1240902029489,0.332509907559668,23.4225524072306,11.4969719598319,24.6235279803615,35.8646566352541,51.900551795056,98.7475336466826,4962.02854494845,0.999713303810354
"lambda_Ctot_S[1,181,1]",57.5963145970817,0.560390634925455,34.3351473007043,15.4845094121111,34.0061909066216,50.0481848356886,72.9058944114575,142.29216133083,3754.0157643054,1.00008647479883
"lambda_Ctot_S[1,182,1]",57.5702999536579,0.493349965763411,34.2242448005201,15.1403118570812,33.8163053342656,49.6251691578383,72.8468524582921,145.055187777001,4812.35373092394,0.999349719901793
"lambda_Ctot_S[1,183,1]",42.0216296338037,0.408964196084178,27.3534353054227,10.6839014204131,23.6266679574337,35.8462699819612,52.6396560023124,112.321338502794,4473.5590837948,1.00146584216665
"lambda_Ctot_S[1,184,1]",31.2152142778002,0.340345266236164,22.390030839557,7.0852582023943,16.8672680107334,25.839610393923,39.0616886033235,86.5563411359255,4327.82762291072,1.00085514037137
"lambda_Ctot_S[1,185,1]",30.8306010323637,0.315762875418508,20.4594201839339,7.28735171986195,16.9143825312291,25.8904105017781,38.929027609273,84.0621440314699,4198.21336669501,0.999897127747855
"lambda_Ctot_S[1,186,1]",30.8411148387505,0.319683999448548,21.1525972224619,7.08789043612709,17.0457720184684,25.6902971014473,38.9213642570062,81.2371331201173,4378.09922272133,1.00137638419752
"lambda_Ctot_S[1,187,1]",30.8442060712728,0.301203017446114,20.2856264954469,7.6387733197553,16.9507254306873,26.0506376500384,38.7292467426916,81.4339380021641,4535.84508163238,1.00033887158795
"lambda_Ctot_S[1,188,1]",42.5001153570511,0.423994646912469,28.017439959315,10.0135231715873,23.7026159430599,35.7331825488359,53.3066607268292,113.387501049186,4366.52702942039,1.00176744774938
"lambda_Ctot_S[1,189,1]",42.9633483268475,0.458376736646753,28.9180086776831,9.99491522664889,23.8209269602781,35.8291754567299,53.99897680399,118.187361717432,3980.07843415835,1.00218253979076
"lambda_Ctot_S[1,190,1]",42.8468606004441,0.407930237864205,28.0895144522267,10.1837719724848,23.6332856878571,36.4365848133686,53.8982555876398,116.489404845965,4741.50995903726,1.00100158934276
"lambda_Ctot_S[1,191,1]",31.0040343711689,0.327154484808237,20.9200471705678,7.49073269176444,17.0179459004813,26.1202412970306,38.669044871285,82.2409292414669,4089.02308539766,1.00041686167781
"lambda_Ctot_S[1,192,1]",31.0794186338691,0.304612051760747,21.0511586839767,7.52814721248415,16.6087803602403,25.6968839397618,39.2805852548083,84.7384494726134,4775.92882753902,1.00105400496685
"lambda_Ctot_S[1,193,1]",30.9925900452783,0.295517793297583,20.8620758095018,7.15217724589012,17.0539349172552,25.7833014849962,39.2369369698677,82.8407440788024,4983.65268325457,0.99997519073843
"lambda_Ctot_S[1,194,1]",30.9895156593924,0.300288517415138,20.6221181569656,7.38720931185527,16.8066038891992,25.9945501669903,39.2414695764666,82.2827767478604,4716.16607852824,1.00116460701318
"lambda_Ctot_S[1,195,1]",42.1913820622133,0.414639732741405,27.2740899594277,10.3205675834705,23.6181090858972,35.7645219787422,53.0817733824815,115.104366295966,4326.7191464254,1.00160673378492
"lambda_Ctot_S[1,196,1]",42.7548118131664,0.434597525595291,28.2505457356423,10.3766109075787,23.7522614579929,35.5023624351556,54.1592214482354,117.285270914212,4225.51049774004,1.00109748252068
"lambda_Ctot_S[1,197,1]",80.2085200848395,0.930443635230388,58.1766891422239,15.9404331885506,41.6766550937459,64.7309315721331,101.896694778004,226.073298707244,3909.46981850893,1.00034718107682
"lambda_Ctot_S[1,198,1]",30.8159553456514,0.30104761676863,20.2953448558673,7.11588978299964,16.9254782943619,25.9682248220272,38.8049629789467,83.5066907067483,4544.8806544112,1.00088514376261
"lambda_Ctot_S[1,199,1]",30.7401022775226,0.317035187591359,20.5851631020663,7.43360673729728,17.0821189951803,26.1894977550619,38.3505268242183,81.1355915321908,4215.93290563393,1.00122034774663
"lambda_Ctot_S[1,200,1]",31.0722221970725,0.353373803378482,23.1429494519937,7.07207235206069,17.1096611325162,25.4338895012363,38.6158194434198,86.7891330025556,4289.12508464622,1.00160639460249
"lambda_Ctot_S[1,201,1]",30.8872111394033,0.325047575765454,20.5543110576746,7.31915468326344,16.8905343720089,26.0114790647322,39.3904966905693,80.3842316556877,3998.63705716182,1.00109632232014
"lambda_Ctot_S[1,202,1]",42.6642622305447,0.397681744497869,27.361094692441,9.97292188298453,23.943459852473,36.1108190172453,53.2140757678878,111.950565025003,4733.64437751127,1.00106418267402
"lambda_Ctot_S[1,203,1]",42.3456056363082,0.438703610669892,27.3085570336013,10.4435789480357,23.8943497294055,35.785408105416,52.8436009162891,115.528582463009,3874.85172283762,1.00086475099012
"lambda_Ctot_S[1,204,1]",42.5640164321176,0.419717629451868,27.6092648703918,10.0044977540316,23.7117992552608,36.1962000719832,53.9201882967359,116.351036399936,4327.08337886726,1.00082309458358
"lambda_Ctot_S[1,205,1]",30.7388970518352,0.318764039971876,21.5765751091669,7.29103334830498,16.8208568401804,25.5302302457944,38.5878633126868,84.107235142451,4581.69709880824,1.00069332104441
"lambda_Ctot_S[1,206,1]",30.9899539373674,0.282812249319331,20.8307891804297,7.26665201247933,17.0140110901105,25.8467694932189,39.545316646936,82.9385520863942,5425.19078483243,1.00079186802671
"lambda_Ctot_S[1,207,1]",30.9330225247587,0.327787020542882,21.4702528984129,7.31315614667905,16.9966187000433,25.8334655567624,38.5312071931382,86.7348320958979,4290.33115040563,1.00090092620509
"lambda_Ctot_S[1,208,1]",31.0546545477237,0.312816762606928,20.8482560770246,7.16237621600493,17.2950742298171,26.072729424368,39.2999139528666,82.2262603885756,4441.80441398228,1.00104900519154
"lambda_Ctot_S[1,209,1]",42.3680410492422,0.388944040065307,26.6761513934108,10.4610569086987,24.0701097012032,35.8745782101036,53.6582326532968,109.694681676762,4704.05190249571,1.00067802419308
"lambda_Ctot_S[1,210,1]",42.1305752468769,0.4017124823538,27.0842189820956,10.057271904898,23.884390484149,35.5498341458485,52.6342415101892,108.379289181746,4545.71265603182,1.00143819211035
"lambda_Ctot_S[1,211,1]",42.5745073462793,0.402839074989568,27.8699610872402,9.97232689234881,23.229433064956,35.7110666261696,53.8499607116789,119.892309821465,4786.40611375695,1.00014131549305
"lambda_Ctot_S[1,212,1]",30.9247991608116,0.323992780352021,20.8756374707363,7.34413907890835,16.7425910673798,26.004300501032,38.783892507771,82.1127246766954,4151.53617833897,1.00084078047143
"lambda_Ctot_S[1,213,1]",107.743840126308,1.06003778522494,67.2203306241183,27.9892726546825,62.1927871533555,91.3872386791826,135.411265972873,273.207745409388,4021.22705979026,0.999479245088746
"lambda_Ctot_S[1,214,1]",106.354424054945,0.979698773757245,65.6408135333564,27.7465848528362,61.1398548632631,91.4840376848476,132.721995019805,271.975879017676,4489.13618848235,0.999887158894822
"lambda_Ctot_S[1,215,1]",106.332545729138,0.935248748391136,63.4224423251069,28.4338134687085,61.7928655837962,91.1255421106437,135.538743738914,267.459796791206,4598.66372370585,0.9993608364771
"lambda_Ctot_S[1,216,1]",278.309897901494,2.80577412827915,192.306356237534,61.9114833881518,144.519297361739,225.982636396858,356.418002873141,774.879889099034,4697.66307844132,0.999704402401605
"lambda_Ctot_S[1,217,1]",147.831366078735,1.37552008695707,91.7334692419642,37.4135648154404,84.7646144480171,126.094778273875,187.611233733206,376.177366407119,4447.55945920731,0.999664170368271
"lambda_Ctot_S[1,218,1]",149.04833470556,1.40934151922688,92.8260101580798,38.9100745617707,84.455572458635,125.788906657786,189.821142440614,382.311025189378,4338.1730812843,0.99926838522667
"lambda_Ctot_S[1,219,1]",107.110084721194,1.03974279651154,66.1749611488357,28.3713767822221,60.9508176900653,91.5167813694719,135.175278793729,277.623411451017,4050.75101612967,0.999696762119781
"lambda_Ctot_S[1,220,1]",106.078449720443,0.950079181553169,65.0702093207563,28.0939474772886,62.6930627882262,90.1169657790227,133.61161358532,273.65792893225,4690.77718326162,0.999767198760383
"lambda_Ctot_S[1,221,1]",106.314030206869,0.993694873338455,64.5477461752086,27.3887175689472,61.8558728916857,91.8968337402834,134.331342677752,268.257843340938,4219.45215412093,0.999940182952101
"lambda_Ctot_S[1,222,1]",106.465571509853,1.00068960992241,65.7088788452131,27.8675863318686,62.0030092094049,91.2976538520723,133.608214165306,270.375643530819,4311.70791548902,0.999870034005677
"lambda_Ctot_S[1,223,1]",149.498381582526,1.58461649574313,95.7765085454552,40.3176429907531,85.1053125184347,125.507673329506,187.117237292618,390.350390273834,3653.16810371713,0.999902688499138
"lambda_Ctot_S[1,224,1]",148.90925686153,1.39788793771436,94.5976242888143,36.9113036914471,84.3412779754611,125.358852443634,187.150969238947,391.58243118201,4579.47555010374,0.99996299136996
"lambda_Ctot_S[1,225,1]",149.54277530906,1.58989790755573,97.4133042959065,38.3201652942516,84.6374186142974,126.274875503311,189.629333268484,398.633724248741,3754.03290076116,0.999622428431145
"lambda_Ctot_S[1,226,1]",105.682045919353,0.93683897054382,63.1693457465665,29.3588990237553,61.2694560419421,91.098189262272,135.36991387172,260.500681942062,4546.55931556375,0.999252453578179
"lambda_Ctot_S[1,227,1]",107.195794034645,0.994066716126893,66.4196636936989,27.8350408569459,61.7620311788013,91.5046652776133,133.72252341649,274.710432188346,4464.39156634714,0.999518234909297
"lambda_Ctot_S[1,228,1]",106.775957832532,0.979476486014557,65.8882985340154,27.8645524335205,62.1099561904413,91.2802709666528,133.903930514696,279.460715429033,4525.10391054202,0.999677580756312
"lambda_Ctot_S[1,229,1]",105.926792942243,0.92338909039944,62.1117148007462,28.1505974015626,62.2896724657443,91.6261659468505,134.27573008454,261.622519811189,4524.57259586858,0.999526368379685
"lambda_Ctot_S[1,230,1]",148.251116062423,1.30917253495393,91.358066366056,39.2133670282856,85.3096312181771,127.356296251759,184.833272439648,392.365782076039,4869.67554920963,0.999419072138381
"lambda_Ctot_S[1,231,1]",149.533535557176,1.39427292707912,93.2959322263856,39.2086318980164,85.0425600536541,126.771089054075,188.413656114699,390.960812437914,4477.44054725686,0.999442026828268
"lambda_Ctot_S[1,232,1]",148.841205566423,1.54168752334766,96.1536270320337,37.8998686020253,85.5027124206378,125.809759108054,185.398132877148,390.077538557667,3889.90169935811,1.00019494339663
"lambda_Ctot_S[1,233,1]",107.024977189886,0.943915534022294,65.1516127665934,27.8322228385273,61.7102610113072,92.0587989853484,135.084664432644,273.752141054987,4764.13516808511,0.999374395310732
"lambda_Ctot_S[1,234,1]",106.255440073112,0.955285427855207,65.8547486229551,27.3880684976078,61.6501326959067,90.5623506815153,133.40350229831,271.426117493545,4752.34418665448,0.999728345186384
"lambda_Ctot_S[1,235,1]",106.303922241573,0.962765682491283,65.2361981489012,28.6348630488093,60.7622086861356,91.7898446403094,133.006937748162,278.329527262568,4591.30435882032,1.00001741254454
"lambda_Ctot_S[1,236,1]",105.976043208546,0.960886352512896,63.9882850953615,28.4764200540466,62.5266925092566,90.8984406631109,133.395171832763,269.507874592956,4434.6249076876,0.999447765891446
"lambda_Ctot_S[1,237,1]",150.233289366824,1.4832899250653,95.7594779591815,37.4316150520191,84.381984565245,127.489582508965,188.459908777839,402.089966632402,4167.84391034964,1.00045366438912
"lambda_Ctot_S[1,238,1]",147.957725735918,1.39783416983009,93.019242451328,40.1294537083342,86.6237185046938,126.231679931535,184.425844225959,382.63338300416,4428.27202674874,0.999171268401677
"lambda_Ctot_S[1,239,1]",150.704424808407,1.44340274976329,95.6591715694122,37.0394611114803,84.2654595068931,126.57545053302,192.099196669063,389.664905084813,4392.16022088014,0.999554602764516
"lambda_Ctot_S[1,240,1]",106.969074736317,0.934016160646684,64.2333998475106,28.2169936746378,62.3364296776274,91.5006105047791,134.991913576379,268.170914704363,4729.47613232819,1.00007131556295
"lambda_Ctot_S[1,241,1]",106.453020990051,0.959592863233386,65.6854862202928,27.541518547823,60.9203540724932,91.4317818606838,133.911808053296,276.092303501042,4685.59577438338,0.999441907517421
"lambda_Ctot_S[1,242,1]",106.988512861152,0.970689441260897,65.4017731990534,28.5924226484428,61.8758878504693,91.3015907607346,133.618611562892,279.996169771576,4539.60886393116,0.999446639180415
"lambda_Ctot_S[1,243,1]",106.132806231089,0.960055172650403,63.8870239036186,28.9593782061457,61.813478016508,91.7673078804646,133.762013446433,269.170693425293,4428.25815733783,0.999495586617167
"lambda_Ctot_S[1,244,1]",201.780142166265,1.62982989768781,114.152424354429,59.7876917871121,123.313937095464,177.053358903169,253.05481678826,479.155940524215,4905.52754096687,0.999723376467582
"lambda_Ctot_S[1,245,1]",201.940417037245,1.51680337039376,112.857829097686,58.0156242915054,122.206061731841,177.699780262652,255.022352750317,487.489535978863,5536.11131670934,0.999684038733297
"lambda_Ctot_S[1,246,1]",203.273447966617,1.67303207711545,118.58630987007,56.7476224479923,120.419510048334,177.453959810166,256.118889435859,497.874529441518,5024.12660120367,1.00013000242513
"lambda_Ctot_S[1,247,1]",145.604030625661,1.06222781940843,78.9588550480295,41.6763732668325,89.0171823218976,128.884982986569,183.865662198126,336.940162141172,5525.43331391662,1.0001065121569
"lambda_Ctot_S[1,248,1]",145.13536600085,1.01185942100031,78.4858011010421,41.9191526573198,90.4347829607981,127.952561654778,181.918747420708,346.138590984282,6016.47105630189,0.999381268078272
"lambda_Ctot_S[1,249,1]",145.593807605482,1.02940435495268,79.9535183930285,42.5524394375329,88.8567461486076,128.622273225941,182.955306307681,347.241252750423,6032.58093471276,0.999378050915693
"lambda_Ctot_S[1,250,1]",144.688807486282,1.01751212944219,77.571004571922,42.0240053859236,90.230783347563,129.201250228879,180.246059805011,346.644407646241,5811.92018439471,0.999669294065428
"lambda_Ctot_S[1,251,1]",202.233276306893,1.68981131944592,114.705723069498,55.8154573996184,122.014314851038,177.864751971954,254.114889027643,496.63732757981,4607.80130994058,0.999574378334256
"lambda_Ctot_S[1,252,1]",201.065708353799,1.48264124061816,110.307071358378,59.1973048988832,124.278928194745,178.48189687477,253.211742446351,475.367830960864,5535.21578721869,0.999835173484703
"lambda_Ctot_S[1,253,1]",200.06662594952,1.48556536488364,111.226113615748,58.6224602381035,123.113327966789,177.169764192306,248.401371566085,487.427273850348,5605.70183785245,0.999916162670633
"lambda_Ctot_S[1,254,1]",144.562426630495,0.984764221321315,78.7109305390859,42.5654851724658,89.7979554565176,127.950829505213,181.800264535257,341.817313154046,6388.59814246903,0.999287893493516
"lambda_Ctot_S[1,255,1]",146.0274599858,1.04697098745045,80.1743221614123,40.0814139682023,88.1367332613606,128.29573465293,187.343187000082,343.363284982117,5864.09907826683,0.999582688643189
"lambda_Ctot_S[1,256,1]",146.116138551821,1.01576653641055,77.8901055950123,42.2589604055736,90.043695520854,129.232702041263,185.07576652279,343.404822869526,5879.99264324214,0.999282004231373
"lambda_Ctot_S[1,257,1]",144.878748842035,1.04834249240937,77.9588548012723,42.295797370013,89.2957262543735,129.62129960637,181.848868611671,340.45183840621,5529.99225205041,0.999744120059955
"lambda_Ctot_S[1,258,1]",203.356904384831,1.85523601997602,119.711637404319,57.1963979385968,122.651352825416,178.192821900597,252.589261488728,492.922865488779,4163.65183702826,1.0002382583848
"lambda_Ctot_S[1,259,1]",201.723459538923,1.43283257389457,112.915727441889,56.3874506510773,123.968064955319,178.110721263408,253.958889971947,490.9030926715,6210.37723457145,0.999671999037788
"lambda_Ctot_S[1,260,1]",201.731955836093,1.53793129740583,113.438588107635,59.5116712084465,123.849471681588,174.878707457036,248.57987657428,501.151056637765,5440.61199768168,0.999559340511834
"lambda_Ctot_S[1,261,1]",146.389225428333,1.11314701845433,81.1576163034824,40.9803324237597,89.7631823625004,128.015371393565,184.007044604097,344.459694250307,5315.61490856303,0.999519737254595
"lambda_Ctot_S[1,262,1]",144.09386453409,1.02082762648276,79.1376550487184,41.3309427558857,87.5214984396819,127.450873406439,181.541330272186,335.422634441846,6009.82083895438,0.999789077846638
"lambda_Ctot_S[1,263,1]",145.534514011153,1.07489504335997,79.8196970732308,42.2572187177946,90.2162124394393,128.977447190351,181.810395064756,349.268113568777,5514.27003787283,0.999507996160331
"lambda_Ctot_S[1,264,1]",144.137198055668,1.0056940673825,77.9993325965553,41.6832414049824,89.1696028861655,127.447927892853,181.552736626467,338.499283090709,6015.19896188479,0.999413884158558
"lambda_Ctot_S[1,265,1]",202.792142281932,1.67893130808676,116.942363355979,58.6082306103894,124.050218345624,178.362863334735,252.38559579013,488.500592779955,4851.5205746363,0.999918857064842
"lambda_Ctot_S[1,266,1]",202.715746798789,1.57508902668104,114.15863274235,55.7809723457587,122.46671306106,178.259229657362,255.233542047266,491.754385356468,5252.99884837574,0.999773474229705
"lambda_Ctot_S[1,267,1]",202.027633487337,1.46124483554525,111.190687944815,59.0625434110627,124.952684003735,179.005137716206,252.534760809936,479.066259793913,5790.16388244386,0.999890614479701
"lambda_Ctot_S[1,268,1]",145.097011075633,1.03819380688336,79.5021819859141,42.0449550295029,88.2252570463094,128.567612345588,182.694886376883,348.9164982495,5864.09812565686,0.99994236488054
"lambda_Ctot_S[1,269,1]",146.303845563002,1.01198584475504,81.5563355625021,41.7255356754949,88.4480982881102,128.216921007834,185.546976653045,357.73735265711,6494.8112246181,0.999493490139931
"lambda_Ctot_S[1,270,1]",145.630444007236,1.18494973975867,80.9356907418556,41.6842681898242,88.1898638335088,129.193187324889,182.495081254789,358.797546240804,4665.30772523826,0.999977182838794
"lambda_Ctot_S[1,271,1]",146.449954653565,1.11657960783997,82.0408137408354,41.7544571958385,89.3351289256587,129.25381946436,184.794467882992,349.7372237589,5398.59234634815,0.999941797132063
"lambda_Ctot_S[1,272,1]",203.074536062666,1.53219722344077,113.016623850398,59.1561272412693,122.460696540653,179.024283648284,255.801896826554,495.985180914331,5440.70673157814,0.999489872575203
"lambda_Ctot_S[1,273,1]",202.727846809811,1.76381897157074,115.530034258152,57.5640455947669,123.37380498063,177.910984195469,252.186097462985,493.884133579957,4290.24195056957,0.999834080858734
"lambda_Ctot_S[1,274,1]",201.691604676487,1.67848478480843,113.285603449824,58.6201059546031,121.500280356344,176.55883720706,255.680598651788,484.923497112366,4555.27528259644,0.999824001450633
"lambda_Ctot_S[1,275,1]",175.748382122537,1.83286043950445,124.943471822055,36.5237122513114,90.0692154315054,143.339597771108,224.064172758517,496.710822311595,4646.95368676443,0.999596508096037
"lambda_Ctot_S[1,276,1]",68.2444281077679,0.825917869709113,45.9222123299468,15.7633847546729,37.4110279937935,57.1495703024954,86.3081224176426,184.842313836817,3091.51870992667,1.00073534883168
"lambda_Ctot_S[1,277,1]",68.1086940234963,0.695607144156644,44.2537659067099,15.7781833584352,37.0453003930624,56.780644042603,87.7215075103275,184.053478646103,4047.36527191561,1.00013088222765
"lambda_Ctot_S[1,278,1]",67.8442554537447,0.718807500641327,42.6940667909157,16.1880312838052,37.4897223050032,57.9920080386438,86.592881140081,177.136806509209,3527.84787706584,0.999775768360396
"lambda_Ctot_S[1,279,1]",94.5071890776365,0.97788617859391,61.0146298015287,21.6973200550357,52.785193095942,78.7847365742923,120.007582324967,251.657658542675,3893.06222582595,0.99959535746459
"lambda_Ctot_S[1,280,1]",94.5984354398145,0.973779811167911,62.0511060707287,22.7938854410257,51.8822924738065,79.1729378259444,119.185390358767,262.708103543906,4060.48136693458,0.999427753004469
"lambda_Ctot_S[1,281,1]",95.2036778784492,1.02551533277108,62.90796052397,22.8246872056015,50.8238588517427,78.6194592176016,122.449803907201,261.824241502941,3762.93654796629,1.00005187727139
"lambda_Ctot_S[1,282,1]",68.1023333370943,0.728689805289062,44.4369047368893,16.0233125706996,37.3193919446959,56.7490414640792,87.1746861461222,180.232295085761,3718.79478881384,0.999616610722029
"lambda_Ctot_S[1,283,1]",67.565899074418,0.693390442287098,43.1523228592039,17.2343054559242,37.6790653543006,57.0911717656032,84.7418390349969,181.154910146329,3873.04599742783,1.00021267702698
"lambda_Ctot_S[1,284,1]",67.528064176951,0.72366070585107,42.8097336485391,16.1556638104594,37.222747528961,57.4485960646797,87.0431161553198,173.895484247696,3499.57309223251,1.00011664436474
"lambda_Ctot_S[1,285,1]",67.8656039512045,0.706394767272763,43.8652072909639,16.5682509520841,38.1149313508693,57.0465643916867,85.6504166403589,182.421917686378,3856.07458099959,1.00018565818168
"lambda_Ctot_S[1,286,1]",94.4615914130227,1.06763735682454,62.000151975929,22.3528414447755,52.0679627552563,78.5179011558719,119.584797479352,258.299539817325,3372.3914941496,1.0002126303151
"lambda_Ctot_S[1,287,1]",95.1496401726385,0.982082523871193,62.6101470314091,22.5841931836255,51.1158169022688,79.1547161815336,122.054914200597,251.615649020382,4064.37228859132,1.00034618852245
"lambda_Ctot_S[1,288,1]",94.1919161535548,0.959209428515626,60.3150649394305,22.8884212155178,51.6660762903603,79.3987628769378,119.687648337246,251.536839075461,3953.8912631596,0.999979337199351
"lambda_Ctot_S[1,289,1]",68.040977559434,0.700450614242109,43.442811696149,15.5651219218424,38.1853613257526,57.1803051154013,87.1220516963753,174.540535896272,3846.63351023345,1.00039800795977
"C[1,1,1]",11.3745,0.109725642259846,7.32233937437199,2,6,10,15,29,4453.31529232475,1.00088291152339
"C[1,2,1]",8.24575,0.0829444780512813,5.59099022807522,1,4,7,11,22.0250000000001,4543.62530097226,0.999075449073395
"C[1,3,1]",8.2625,0.0729763631404213,5.44816614821856,1,4,7,11,22,5573.60586889626,0.999396125512374
"C[1,4,1]",8.3285,0.0779472376319127,5.6744724564857,1,4,7,11,23,5299.67853151912,0.999309714273759
"C[1,5,1]",8.23325,0.0782770692849586,5.35719323128533,1,4,7,11,22,4683.87728755445,0.99999419144388
"C[1,6,1]",11.33525,0.103337042386974,7.29065469275306,2,6,10,15,29.0250000000001,4977.61157419011,0.999718201261369
"C[1,7,1]",11.37925,0.109788415492507,7.11551664194319,2,6,10,15,29,4200.48891549732,0.999427595021916
"C[1,8,1]",11.3485,0.100076525794274,7.03902938860774,2,6,10,15,28,4947.21877924893,0.999890513459903
"C[1,9,1]",8.23575,0.0785895955129822,5.46993162438927,1,4,7,11,22,4844.32964372047,0.999616840237151
"C[1,10,1]",8.278,0.078546092635418,5.55494647657287,1,4,7,11,22,5001.61877534233,0.999485573655706
"C[1,11,1]",8.1905,0.0788819416940571,5.40060194564864,1,4,7,11,22,4687.36909709674,0.99935421538256
"C[1,12,1]",8.26725,0.0769524921912202,5.56197458892361,1,4,7,11,22,5224.11371414024,0.999689045319767
"C[1,13,1]",11.368,0.103331924925972,7.23938382526734,2,6,10,15,29,4908.33466697975,0.999849405892489
"C[1,14,1]",11.49775,0.105584909978919,7.39054463317784,2,6,10,15,29,4899.47087476583,0.999615709633181
"C[1,15,1]",11.248,0.105472257025159,7.27624435632719,2,6,10,14.25,30,4759.24510097526,0.9998706813648
"C[1,16,1]",8.18225,0.073205591910895,5.27209480979059,1,4,7,11,21,5186.54213485641,0.999727628777127
"C[1,17,1]",8.285,0.0774912111787035,5.44069621407256,1,4,7,11,22,4929.51346148585,0.99932765658813
"C[1,18,1]",8.29,0.081775316868717,5.52159596543439,1,4,7,11,22,4559.159415034,0.999515619750725
"C[1,19,1]",8.29875,0.0806994927213925,5.59484798886481,1,4,7,11,22,4806.56669780643,0.999632558052872
"C[1,20,1]",11.51725,0.106127975408313,7.35001415743729,2,6,10,15,30,4796.41323394199,0.999452039661103
"C[1,21,1]",11.44425,0.109517825947212,7.5574579542451,2,6,10,15,30,4761.91732879435,0.999542518070658
"C[1,22,1]",11.3905,0.108164902929734,7.33167430482479,2,6,10,15,30,4594.45072736442,0.999763010970535
"C[1,23,1]",8.22925,0.0797353159490807,5.54652011705107,1,4,7,11,21,4838.82310947806,0.999064633184505
"C[1,24,1]",8.24925,0.0758194521036901,5.33673539007284,1,4,7,11,21,4954.38846847632,1.00012750006278
"C[1,25,1]",8.2965,0.0765795718828579,5.57941486336644,1,4,7,11,22,5308.2508978657,0.999463756319385
"C[1,26,1]",8.343,0.0813784119698159,5.62252204873819,1,4,7,11,22,4773.57678720565,0.999406090347075
"C[1,27,1]",11.44175,0.110441951114994,7.39444226305104,2,6,10,15,30,4482.73125899211,0.99997195753719
"C[1,28,1]",11.484,0.110541766449669,7.54688564049553,2,6,10,15,30,4661.03900849914,0.999737395613584
"C[1,29,1]",11.48025,0.105636729445244,7.39451010090649,2,6,10,15,30,4899.91920990595,1.00021986248454
"C[1,30,1]",8.2425,0.078434819668854,5.4272974526379,1,4,7,11,22,4787.94821141106,0.999883794092536
"C[1,31,1]",21.60625,0.21994310719789,14.9285775124134,4,11,18,28,57.0250000000001,4606.97804429752,0.999367743954412
"C[1,32,1]",16.146,0.170052095685687,11.8378933062214,3,8,13,21,48,4846.0162475514,0.999660684414905
"C[1,33,1]",6.26225,0.0664020181123902,4.42706162778022,0,3,5,8,17,4444.9673762367,1.00020878187592
"C[1,34,1]",8.63075,0.0897344246817548,6.10780081086362,1,4,7,11,24,4632.88548062724,0.999690218945095
"C[1,35,1]",8.59975,0.0888931008336335,6.01985129300529,1,4,7,11,24,4586.01440504089,1.00010011070209
"C[1,36,1]",8.6175,0.0880723620892453,5.96343729707113,1,4,7,11,24,4584.73275841556,0.999481648527319
"C[1,37,1]",6.164,0.063650396512686,4.48900231515271,0,3,5,8,17,4973.90437851935,1.00001879162983
"C[1,38,1]",6.19775,0.0604066783546852,4.35693592564374,1,3,5,8,17,5202.26457335451,0.99978916239603
"C[1,39,1]",6.214,0.0661846708155389,4.54107468996437,1,3,5,8,17,4707.63154027802,1.00008977252074
"C[1,40,1]",6.24375,0.0633834969098556,4.36693295842355,0,3,5,8,18,4746.79698254338,0.99953898469775
"C[1,41,1]",8.651,0.0929421765399401,5.98047995859311,1,4,7,11,24,4140.43910176367,0.999666202908649
"C[1,42,1]",8.6345,0.0958325545243223,6.08310453553098,1,4,7,11,24,4029.25199450036,0.999751770199514
"C[1,43,1]",8.54425,0.0888401541905776,6.04972658352705,1,4,7,11,23,4637.16860790191,0.999919300719332
"C[1,44,1]",6.1605,0.0582830859062856,4.36520371814137,0.975000000000009,3,5,8,17,5609.49746930783,1.00004120311374
"C[1,45,1]",6.192,0.0588158889759366,4.4492791574878,0,3,5,8,17,5722.55505029664,0.99993638478253
"C[1,46,1]",6.073,0.0613963325448699,4.27460396525397,0,3,5,8,17,4847.37824187759,0.999927093556095
"C[1,47,1]",6.17725,0.0622687323673922,4.31039178112926,1,3,5,8,17,4791.74217741512,0.999219174630141
"C[1,48,1]",8.617,0.0852942130755552,6.04797118783417,1,4,7,11,24,5027.82662650779,0.999766929163176
"C[1,49,1]",8.62625,0.090098417940183,5.99546055981783,1,4,7,11,23,4428.03220105136,1.00016126819718
"C[1,50,1]",8.67675,0.0936062644815651,6.09303214316767,1,4,7,11,23,4236.98678804631,1.00030482799717
"C[1,51,1]",6.22325,0.0618565535914688,4.47072771359119,0,3,5,8,17,5223.78149168479,0.999473321145833
"C[1,52,1]",6.16925,0.0677373742769612,4.42136761199406,0,3,5,8,17,4260.46042184122,1.00011202388164
"C[1,53,1]",6.21575,0.0617739577553578,4.43662290973786,1,3,5,8,18,5158.15254263754,0.99982709215486
"C[1,54,1]",6.174,0.063800870456987,4.43239613909717,0,3,5,8,17,4826.40684046813,0.999707229172311
"C[1,55,1]",8.64775,0.0850274421559895,5.97411855093412,1,4,7,11.25,24,4936.61710756317,1.00073215325481
"C[1,56,1]",8.695,0.0954545957806623,6.02316732593069,1,4,7,11,24,3981.58664149385,0.999376224489763
"C[1,57,1]",8.62275,0.0947243157817696,5.95930455382097,1,4,7,11,23.0250000000001,3957.93090102544,0.999143330187298
"C[1,58,1]",6.2335,0.0716232474851591,4.63436587752539,0,3,5,8,18,4186.70748180714,0.999705525973714
"C[1,59,1]",6.127,0.0644694587095975,4.44660702991839,0,3,5,8,17,4757.1785587727,0.999755335168123
"C[1,60,1]",6.13725,0.0607097931601221,4.30070185511756,0,3,5,8,16,5018.3525258583,1.00021917381882
"C[1,61,1]",6.1765,0.0656459352350473,4.32776271675483,0,3,5,8,17,4346.21496128091,0.999709239911251
"C[1,62,1]",8.59225,0.087803470478479,6.01494262825551,1,4,7,11,25,4692.88178861372,1.00067744019558
"C[1,63,1]",2.25425,0.0385154803764672,2.26039471853278,0,1,2,3,8,3444.2758773892,1.00026785535103
"C[1,64,1]",2.24775,0.0400197698296196,2.24991899217902,0,1,2,3,8,3160.70956303349,1.0000586593867
"C[1,65,1]",1.653,0.0291158735460675,1.81973043462862,0,0,1,2,6,3906.19993296693,1.00016685309851
"C[1,66,1]",1.629,0.0282298604360806,1.76780663113115,0,0,1,2,6,3921.49851704719,1.00089909103988
"C[1,67,1]",1.633,0.029630965499287,1.8315702723116,0,0,1,2,6,3820.8110962,0.999721166140122
"C[1,68,1]",1.6605,0.0285511723266696,1.80403807840829,0,0,1,2,6,3992.48698951174,1.00091429423257
"C[1,69,1]",2.2585,0.0360895036980847,2.31722250335019,0,1,2,3,8,4122.62331920732,1.00003860331222
"C[1,70,1]",4.2145,0.0681660239808397,4.08805183332452,0,1,3,6,15,3596.63910033234,1.00091556559818
"C[1,71,1]",2.20175,0.0371194982771392,2.18076497391807,0,1,2,3,8,3451.54493219321,1.00220986784385
"C[1,72,1]",1.65,0.0330262793519926,1.85117711583158,0,0,1,2,7,3141.78632990195,0.999956738468561
"C[1,73,1]",1.68,0.0301263341928847,1.87749334094993,0,0,1,2,6,3883.86594816195,1.00012770683672
"C[1,74,1]",1.65925,0.0298331054915702,1.888128887331,0,0,1,2,6,4005.58863238661,0.999602652116812
"C[1,75,1]",1.647,0.0282841480609349,1.80366413200331,0,0,1,2,6,4066.54079828885,0.999532379664863
"C[1,76,1]",2.23025,0.0365472688569895,2.20282728544759,0,1,2,3,8,3632.8798803533,1.00015594239158
"C[1,77,1]",2.24075,0.0360132149391849,2.2259892620021,0,1,2,3,8,3820.51882471551,1.00011180221089
"C[1,78,1]",2.25125,0.0399603789155453,2.30281331739976,0,1,2,3,8,3320.91889634953,0.999961225240894
"C[1,79,1]",1.6325,0.0322898120170775,1.80838638441259,0,0,1,2,6,3136.5442845439,1.00180098521295
"C[1,80,1]",1.62225,0.0286574714800124,1.81573102558978,0,0,1,2,6,4014.46144422004,0.999733378746658
"C[1,81,1]",1.64575,0.0306633504988088,1.84027269403127,0,0,1,2,6,3601.84607834929,1.00091936452527
"C[1,82,1]",1.60875,0.0312068858601958,1.8147993860763,0,0,1,2,6,3381.86589730387,1.00050806616275
"C[1,83,1]",2.219,0.0369803236626453,2.17502222527038,0,1,2,3,8,3459.28212219251,1.00036429199432
"C[1,84,1]",2.26125,0.0390132676162048,2.31405210546061,0,1,2,3,8,3518.20882604336,1.00123606229516
"C[1,85,1]",2.23575,0.0360972753989642,2.23493191566699,0,1,2,3,8,3833.36125678119,0.999586421617734
"C[1,86,1]",1.5985,0.0288957541137824,1.75486969371246,0,0,1,2,6,3688.26129934512,1.0010416348827
"C[1,87,1]",1.61975,0.029598687278976,1.77029472782242,0,0,1,2,6,3577.22495249369,1.00159373759719
"C[1,88,1]",1.66275,0.0315935721231959,1.84861212242991,0,0,1,2,6,3423.68759292845,1.00083078006174
"C[1,89,1]",1.648,0.030800136106936,1.87188995216018,0,0,1,2,7,3693.64672025643,0.999657902218732
"C[1,90,1]",2.24575,0.0345678291689467,2.25790422081354,0,1,2,3,8,4266.45153607458,0.999654174591818
"C[1,91,1]",6.94825,0.0830083892032575,5.45330235399992,0,3,6,9,21,4315.93785047637,1.00047193269685
"C[1,92,1]",6.857,0.085539341934495,5.39331279973069,1,3,6,9,21,3975.38695708305,0.999740342175525
"C[1,93,1]",4.8265,0.0585169459691713,3.85527087613596,0,2,4,6,14,4340.5672680206,1.00033903560326
"C[1,94,1]",4.898,0.056035804728906,3.80890048842611,0,2,4,7,14,4620.27713563816,0.999826643398557
"C[1,95,1]",4.8775,0.0564824931059143,3.87159412390621,0,2,4,7,14,4698.42099082712,0.999463667720807
"C[1,96,1]",4.94025,0.0572019987348659,3.93650275638005,0,2,4,7,15,4735.85843228462,0.999646021708702
"C[1,97,1]",6.913,0.0804376725096329,5.46222390354818,1,3,6,9,21,4611.26419992535,0.999889373493621
"C[1,98,1]",6.878,0.0831223999761716,5.29963560392444,0,3,6,9,20,4064.95619745765,0.999746420682041
"C[1,99,1]",6.926,0.0772311855651478,5.3475857326734,0,3,6,9,20,4794.35411768837,1.00021784489687
"C[1,100,1]",5.00225,0.0603189268311936,3.97752436982203,0,2,4,7,15,4348.28985352091,0.999126145847838
"C[1,101,1]",4.95175,0.0584169175430485,3.86816010567696,0,2,4,7,15,4384.61645065702,0.999543575131514
"C[1,102,1]",4.93025,0.0581049498681942,3.83406572094013,0,2,4,7,14,4354.04430895411,0.999317964624535
"C[1,103,1]",4.9435,0.0575441392945492,3.97338076311246,0,2,4,7,15,4767.80157244832,0.999812669647038
"C[1,104,1]",6.82625,0.0802629067197877,5.24475335901978,1,3,6,9,21,4269.92623311572,0.999533387348083
"C[1,105,1]",6.935,0.0798020101933812,5.4791222102677,1,3,6,9,21,4714.05138499114,0.999740430918234
"C[1,106,1]",6.86475,0.0858543219803825,5.44236734133865,0,3,6,9,21,4018.38346465196,0.999938239176606
"C[1,107,1]",4.99475,0.0609852998418887,3.89345761381162,0,2,4,7,15,4075.87236170082,0.999453684201973
"C[1,108,1]",4.95225,0.0587971049330753,3.91877648505052,0,2,4,7,15,4442.10787809073,0.999415726649374
"C[1,109,1]",4.922,0.0586922739967594,3.87158408029875,0,2,4,7,14,4351.26484708244,0.999831732353368
"C[1,110,1]",4.907,0.0557096163823845,3.80551855768346,0,2,4,7,14,4666.24301079306,0.99946995885631
"C[1,111,1]",6.7635,0.0782160855555931,5.16717937424969,0,3,6,9,20,4364.30326947839,0.999880668105745
"C[1,112,1]",6.9105,0.0811429905082448,5.46044355899457,0,3,6,9,20.0250000000001,4528.49430487965,0.999241093746814
"C[1,113,1]",6.7645,0.0778322519014964,5.22889807643766,0,3,6,9,20,4513.3723194418,0.999529988710549
"C[1,114,1]",4.85425,0.0609616547037677,3.86092393358186,0,2,4,7,15,4011.1508714881,0.999945691649949
"C[1,115,1]",4.92025,0.0589500081160893,3.87242028287372,0,2,4,7,15,4315.16328456158,0.999484272780078
"C[1,116,1]",4.917,0.0593294147944732,3.88592152475113,0,2,4,7,14.0250000000001,4289.90744654733,0.999184148033723
"C[1,117,1]",4.93375,0.0604816151578823,3.88871977299319,0,2,4,7,15,4133.96252923647,0.999345766601145
"C[1,118,1]",6.9025,0.0861825985897767,5.51031620201251,1,3,6,9,21,4088.02809864965,0.999859695330516
"C[1,119,1]",6.92175,0.0875600810271393,5.57435155747479,1,3,6,9,21,4052.9981003158,1.00021325327284
"C[1,120,1]",6.88775,0.0779735937175386,5.33336302231359,1,3,6,9,20,4678.50598451349,0.999740362375109
"C[1,121,1]",4.99575,0.0578455337845055,3.95400309466472,0,2,4,7,15,4672.33898330549,0.999347946947754
"C[1,122,1]",8.512,0.0945812432846142,6.06844811427344,1,4,7,11,24,4116.66236356173,0.999800002630573
"C[1,123,1]",8.34425,0.0960757163053055,5.83234481139445,1,4,7,11,23,3685.18352903704,1.00077680112266
"C[1,124,1]",8.30625,0.0935485096824932,5.85999537746882,1,4,7,11,23,3923.9259274504,1.00019920661508
"C[1,125,1]",11.6865,0.123424715125487,7.94757879811129,2,6,10,15,32,4146.34483718925,0.999737358903739
"C[1,126,1]",11.63825,0.127079502876234,7.68974446779573,2,6,10,15,31,3661.61604242076,1.00018906801841
"C[1,127,1]",11.63425,0.123107354050729,8.00265503188722,2,6,10,15,32,4225.71495436291,1.00007498219223
"C[1,128,1]",8.41425,0.102228874134164,6.12119385341191,1,4,7,11,24,3585.29678152801,0.999377740376348
"C[1,129,1]",8.44725,0.099610326419597,6.0297849890567,1,4,7,11,24,3664.33293486934,1.0000829157098
"C[1,130,1]",8.4085,0.0966512727127387,5.98849674570491,1,4,7,11,23,3839.0209428084,1.00027865123416
"C[1,131,1]",8.46475,0.101405406527356,6.05061235867732,1,4,7,11,24,3560.21675181707,0.99959632103756
"C[1,132,1]",11.7255,0.125801279866808,8.02157940707726,2,6,10,15,32,4065.83410970383,0.999229096317044
"C[1,133,1]",11.57375,0.117091078435264,7.73385505850843,2,6,10,15,31,4362.59045989551,0.999764039643497
"C[1,134,1]",11.63625,0.13048180304681,8.22045192766029,2,6,10,15,32,3969.0949586336,0.999467505188356
"C[1,135,1]",8.35675,0.0984830521788588,5.8395637305916,1,4,7,11,23,3515.91045345244,1.00011833018111
"C[1,136,1]",8.52075,0.0965945217059046,5.98306098014829,1,4,7,11,24,3836.55886213653,1.00008719498186
"C[1,137,1]",8.4805,0.100076109349519,5.96460508990072,1,4,7,11,24,3552.24215337087,1.00004122262443
"C[1,138,1]",8.43975,0.0981111334421028,6.03365322008939,1,4,7,11,24,3782.02247723787,1.00023880416576
"C[1,139,1]",11.61175,0.118947730385937,7.73129712120121,2,6,10,15,32,4224.66628012994,0.999547560931425
"C[1,140,1]",11.67075,0.130193831153319,7.8608709924976,2,6,10,15,31,3645.52871993326,0.999556487112753
"C[1,141,1]",11.697,0.124237112943433,7.95537635836613,2,6,10,15,32,4100.32951707014,0.999756586543512
"C[1,142,1]",8.522,0.0984782119499325,6.08796204164046,1,4,7,11,24,3821.76133839957,0.999426784170275
"C[1,143,1]",8.47975,0.099120506639532,5.97662278736793,1,4,7,11,23,3635.67175531493,1.00093969001432
"C[1,144,1]",8.40775,0.0971010297815754,5.94796894083437,1,4,7,11,23,3752.23225679666,1.00022724107264
"C[1,145,1]",8.485,0.100909031060497,6.17278711970584,1,4,7,11,23,3741.9891800791,1.00053899044776
"C[1,146,1]",11.57225,0.123841686349415,7.67684918705977,2,6,10,15,31,3842.66304259326,0.999640107156696
"C[1,147,1]",11.59775,0.123510771645877,7.8218757579364,2,6,10,15,31,4010.62592403245,0.999253727092202
"C[1,148,1]",11.64775,0.128177724513557,7.89095917786214,2,6,10,15,31,3789.95870871924,1.00021021722287
"C[1,149,1]",8.39,0.0964516092840523,6.01451939982761,1,4,7,11,23,3888.50716647062,0.999804883742975
"C[1,150,1]",8.47025,0.104626107336769,5.98895498671999,1,4,7,11,24,3276.58895416008,1.00194551937845
"C[1,151,1]",8.4255,0.10375506984045,5.96853043796354,1,4,7,11,24,3309.14785259991,1.00118225038728
"C[1,152,1]",41.34025,0.364222384860689,24.8294000071222,10,24,36,52,106,4647.28367207198,0.999333218308478
"C[1,153,1]",57.423,0.500122935583446,34.4874457879856,14,33,50,73,145,4755.19704875844,0.999489446890914
"C[1,154,1]",56.88775,0.514808020329435,34.1281457527453,14,33,49,71,146.025,4394.75609572606,0.999369043278404
"C[1,155,1]",57.22475,0.538705213773343,33.9517218604863,14,34,50,73,141,3972.10985578176,0.999915179242721
"C[1,156,1]",40.798,0.322151979167338,23.4808013706571,10,24,36,52,101,5312.56457364713,0.999561301637666
"C[1,157,1]",41.11775,0.358568300485771,24.5343609791383,10,24,36,52,102,4681.72301728257,0.999760214114994
"C[1,158,1]",40.7045,0.342415443394974,23.3059213772554,10,24,36,52,95,4632.61134742366,0.99930273185788
"C[1,159,1]",40.909,0.336534601378652,24.0037239546476,10,24,36,52,102,5087.42242760819,0.999235536888179
"C[1,160,1]",56.89825,0.468475346180368,33.2993409614157,14,33,50,73,142,5052.4007978873,0.999483874389253
"C[1,161,1]",57.1005,0.47068426915492,34.0089481149884,14,34,49,72,144.025,5220.67948617199,0.99952126040717
"C[1,162,1]",57.5305,0.498183242448457,34.3653068272107,13.975,34,50,73,145.025,4758.41396872062,0.999670669114555
"C[1,163,1]",41.27425,0.347184972984061,24.9157527604808,10,24,36,52,105,5150.22480550079,1.00009790568192
"C[1,164,1]",41.09325,0.326229988447029,24.4980324278443,10,24,36,52,101.025,5639.16301089656,0.999885650291749
"C[1,165,1]",41.121,0.330944478555815,24.6696373453622,9,24,36,52,104,5556.6782561422,0.999659864924992
"C[1,166,1]",41.09775,0.344712099619715,24.3938201098636,10,24,36,52,102,5007.79541570479,0.999966218001669
"C[1,167,1]",57.4525,0.522231355167191,34.5675566498876,14,33,50,73,145.025,4381.38562686752,0.999639827479229
"C[1,168,1]",56.91625,0.465590503853443,33.5349651022422,15,34,50,72,142,5187.85094543087,0.999369469055021
"C[1,169,1]",57.369,0.477851475852445,34.3950591513302,14,33,50,72,151,5180.91250486653,0.999699846179969
"C[1,170,1]",41.28275,0.335716624346286,24.5290790974272,10,24,36,52.25,105,5338.46982316439,0.999152769214765
"C[1,171,1]",40.88775,0.365917697082909,24.7905686302423,10,24,36,52,100,4589.93091524553,0.999957908065872
"C[1,172,1]",41.16275,0.350216578706515,24.7213682661324,10,24,36,53,103.025,4982.77878022605,0.999639345391867
"C[1,173,1]",40.74925,0.33458428052912,23.7984551190621,10,24,35,51,100.025,5059.25378485696,1.00009322496255
"C[1,174,1]",57.69325,0.556954415195846,34.2156957096553,15,33,51,72.25,146,3774.08300604715,0.999813402057032
"C[1,175,1]",108.76225,1.21404740538769,74.6907551318303,24,58,90,137,307.025,3784.96972618801,0.999954177352663
"C[1,176,1]",107.137,1.08900503977738,71.3734878977739,24,58,89.5,136,294,4295.5033466914,0.999595080442243
"C[1,177,1]",106.5485,1.08172999249405,70.4901898455815,25,60,90,134,289,4246.38745180006,0.999471620871409
"C[1,178,1]",41.3385,0.34511256882393,24.3363613214998,10,25,36,53,104,4972.67111630365,0.999283976876662
"C[1,179,1]",40.5525,0.342797847482404,23.5908218481016,10,24,36,52,98,4735.98119685006,0.999694172734176
"C[1,180,1]",41.16575,0.343336334583216,24.3951646428547,10,24,36,52,102,5048.56525757587,0.999474712769628
"C[1,181,1]",57.25825,0.551912137910819,35.0100054564122,14,33,50,73,143,4023.87486162331,1.00000751942177
"C[1,182,1]",57.50125,0.50825158488883,35.2448300882482,14,33,49,73,148.025,4808.76284379278,0.999489827241445
"C[1,183,1]",42.124,0.416407153506209,28.1272805293632,9,23,35,53,116,4562.67070237457,1.0016763805675
"C[1,184,1]",31.25525,0.355500666803833,23.0827056529898,6,16,25,40,89,4215.92219909685,1.00107785683651
"C[1,185,1]",30.6995,0.324222409442764,20.945688821809,6,16,25,40,84,4173.52708756438,1.00002292473805
"C[1,186,1]",30.87275,0.328111383243429,21.82461078339,6,17,26,39,83,4424.35961173908,1.0008493072932
"C[1,187,1]",30.7195,0.318194664626244,20.9541663881495,6,16,26,39,83,4336.65616064843,1.00046502294648
"C[1,188,1]",42.5565,0.435456237863772,28.9332696263803,8,23,36,54,116,4414.74878898371,1.00162499910651
"C[1,189,1]",43.0015,0.472014881671936,29.8807080225349,9,23,36,54,122,4007.47097140193,1.00181638937713
"C[1,190,1]",42.8455,0.422217516577767,28.8940884410066,9,23,36,55,118,4683.23015639261,1.00138623930747
"C[1,191,1]",31.055,0.338088257599173,21.6170603765829,6,17,26,39,83.0250000000001,4088.20906297707,1.00042297544051
"C[1,192,1]",30.98875,0.31068780785431,21.8609377334813,6,16,25,40,88,4950.95698219544,1.00098319109312
"C[1,193,1]",30.948,0.31446237715538,21.5593946546388,6,16,26,40,86,4700.40997104506,0.999926130084555
"C[1,194,1]",30.8925,0.315688796979905,21.3588504810879,6,16,26,40,84,4577.59547184068,1.00138422341534
"C[1,195,1]",42.0315,0.427726295301484,28.1157719422387,9,23,35,54,116,4320.83939075523,1.00133313914159
"C[1,196,1]",42.65025,0.444794446331932,29.0433349284038,9,23,35.5,54,120,4263.57840898142,1.0010310916328
"C[1,197,1]",80.44225,0.935499498265914,59.1520109974188,14,42,65,103,236.025,3998.08396029982,1.00005024456592
"C[1,198,1]",30.8275,0.318601712781519,21.2103680703193,6,16,26,40,83.0250000000001,4432.00455071665,1.00080003385501
"C[1,199,1]",30.76925,0.332778697552974,21.2776452875958,6,17,26,39,83,4088.23727825825,1.00094851088613
"C[1,200,1]",31.17725,0.366590576011584,24.0387145535456,6,16,26,39,90,4299.91517571396,1.00182001765531
"C[1,201,1]",30.78625,0.341702948077886,21.2164227683715,6,16,26,39,83,3855.19961622424,1.00103622757834
"C[1,202,1]",42.56575,0.415040111279791,28.1742812591309,9,23,36,54,116,4608.13877909183,1.00108111191017
"C[1,203,1]",42.137,0.451384251830632,28.0860452446472,9,23,36,52.25,118.025,3871.58123393779,1.00085670704964
"C[1,204,1]",42.35375,0.437680612710773,28.629818853241,8,23,36,54,118,4278.80584937934,1.00079123656395
"C[1,205,1]",30.80175,0.326651114455246,22.3499849528886,6,16,26,39,86,4681.51243923472,1.00067133796092
"C[1,206,1]",30.871,0.298069157880181,21.5245716750984,6,16,26,40,85,5214.76755621795,1.00073076056121
"C[1,207,1]",30.95175,0.339063604490316,22.3471647168096,6,16,26,39,88,4343.92692786919,1.00095604503547
"C[1,208,1]",30.96275,0.326866250152492,21.6960720482552,6,16,26,40,85,4405.77249392782,1.00070431994208
"C[1,209,1]",42.2615,0.397580454469358,27.2833779695322,9,24,36,54,111,4709.19015549741,1.00069677189429
"C[1,210,1]",42.0435,0.414108346459771,27.9305591921142,9,23,35,53,110,4549.16085678502,1.00151903497808
"C[1,211,1]",42.426,0.416611193499738,28.7938412742001,9,22,36,54,120.025,4776.80314150667,1.00011785325263
"C[1,212,1]",30.7655,0.335214707421027,21.6630060519726,6,16,26,39,84.0250000000001,4176.29638547464,1.00126245209838
"C[1,213,1]",107.75425,1.07867929525784,67.972276808572,27,62,92,136,280,3970.80855822322,0.999490245908399
"C[1,214,1]",106.635,0.997108446611725,66.5139030566163,27,61,91,134,274.1,4449.7957386126,0.999812531762381
"C[1,215,1]",106.42175,0.946042830089376,64.0355996024212,26,62,91.5,136,271.025,4581.64423996608,0.999325062495353
"C[1,216,1]",278.05825,2.78620837660091,192.097615108491,59,145,226,359,779.025,4753.53569138774,0.999716087121296
"C[1,217,1]",147.892,1.37565959928539,92.5375579746352,37,84,126,188,377.025,4524.95331612786,0.999734111924994
"C[1,218,1]",149.07525,1.4203070771581,93.8942896125369,37,84,125,189,386.025,4370.32625075394,0.999264491459013
"C[1,219,1]",107.22775,1.06224292024699,67.0966681039764,27,61,91,137,284,3989.82840974125,0.999713674767622
"C[1,220,1]",106.17175,0.948012651596835,65.4703623330703,26,62,90,134,276,4769.3722719472,0.999813517252301
"C[1,221,1]",106.4505,1.01948505043058,65.8114073324965,27,61,92,136,273,4167.16438317367,0.999756170513202
"C[1,222,1]",106.2485,1.01347973953946,66.02120453015,27,61,91,135,271.05,4243.6225146629,0.999884174390673
"C[1,223,1]",149.22125,1.62372757915961,97.0012789114923,38,83,126,189,388,3568.8523926418,0.999774169665391
"C[1,224,1]",148.7965,1.42076763213828,95.3832117147418,36,84,126,187,396.025,4507.10602597067,1.00006945750698
"C[1,225,1]",149.4725,1.59916567637522,97.7802561275644,36,84,126,189,402.025,3738.65526594998,0.999691807246092
"C[1,226,1]",105.71175,0.947693805548412,63.982048948001,26,61,91,136,265.025,4558.06174083885,0.999322085357243
"C[1,227,1]",107.1765,0.99662354207499,66.735475975589,26.975,62,91,135,275.025,4483.8517089545,0.999620067820038
"C[1,228,1]",106.53175,1.00092614327453,66.5188220006758,26,61,91,135,283.05,4416.56914047162,0.999655616201047
"C[1,229,1]",105.80525,0.955061597203932,63.227191475448,26,61,91,134,264.05,4382.7330323316,0.999479107701262
"C[1,230,1]",148.21625,1.31069063559106,92.5862897042418,37,84,126,186,396.025,4989.91293460339,0.999559341218186
"C[1,231,1]",149.53575,1.39845188183401,94.2254149852617,37,84,127,189,394.025,4539.84538599499,0.999551111270972
"C[1,232,1]",149.1025,1.55361610005212,96.5401315153354,36,85,127,188,388,3861.25377507631,1.000290621071
"C[1,233,1]",107.025,0.965399535009238,66.3291283171717,26,61.75,92,135,278,4720.56964364772,0.999456852075003
"C[1,234,1]",106.5835,0.955581895155777,66.8449855319955,26,61,91,134,276.025,4893.29999029834,0.999824696954479
"C[1,235,1]",106.153,0.967276873466479,65.6481569514924,28,61,91,135,273,4606.20717080364,1.00007437024397
"C[1,236,1]",105.8425,0.960224521276671,64.3089465307975,27,61,92,133,270,4485.35896856854,0.999401937450466
"C[1,237,1]",150.17025,1.49887752364578,96.8580463111935,35.975,83,128,188,397.075,4175.79447359372,1.00036721052985
"C[1,238,1]",147.866,1.40493489229,93.7582166788527,37,85,126,185,387,4453.54945588943,0.999203217742273
"C[1,239,1]",150.9905,1.45803186774099,96.7319113603099,37,83,127,194,393.025,4401.54864376998,0.999466592547474
"C[1,240,1]",106.9375,0.948516951218529,65.0535093866648,26,61,91,136,272.025,4703.8261992486,1.00034967152353
"C[1,241,1]",106.44025,0.963454242750915,66.3269835521282,26,61,91,135,277.025,4739.34480378978,0.999653231594133
"C[1,242,1]",106.907,0.969806186224326,65.9926178250405,26.975,61,92,134,276,4630.42455860873,0.999494464721269
"C[1,243,1]",105.89825,0.968765909081184,64.8265109046177,27,61,91,134,268.075,4477.82998416302,0.999479617697317
"C[1,244,1]",201.90925,1.63970864313216,115.046607707154,56.975,122,175,255,478,4922.82347779577,0.999782104869157
"C[1,245,1]",202.1445,1.53782928234488,113.790716675616,57.975,121,178,256,492.025,5475.16753855089,0.999754328214434
"C[1,246,1]",203.265,1.68377305884032,119.468403562877,57,119,177,257,500.025,5034.29902497015,1.00027776059653
"C[1,247,1]",145.51025,1.0877199875168,79.6385017920316,40,88.75,130,184,337.025,5360.58200792566,1.00011389067151
"C[1,248,1]",145.1525,1.04061670035697,79.3828013554432,40,89,128,184,351.025,5819.30685939208,0.999415997472457
"C[1,249,1]",145.61225,1.04242005980263,81.2877224640557,41,88,127,183,349.025,6080.85140505609,0.999454601050915
"C[1,250,1]",144.30975,1.03580689135687,78.3786808343942,41,88,129,181,341,5725.82812245097,0.999698482712891
"C[1,251,1]",202.21225,1.69353060281059,115.252227609403,54,121,178,255,501.025,4631.40285050134,0.999580712055671
"C[1,252,1]",201.28525,1.49504961699114,111.137623131217,57,124,179,253.25,478.025,5526.00147774132,0.999783216718486
"C[1,253,1]",200.28225,1.52472411363375,112.323961170361,58,122,178,250,491.025,5427.03076958544,0.999958597509503
"C[1,254,1]",144.5765,0.977949666741625,79.6476495872364,41,89,126,182.25,348.025,6633.04467561263,0.999220594946144
"C[1,255,1]",146.09425,1.06016757412961,81.5190634536738,39,87,129,187,345,5912.47516129568,0.999555624944722
"C[1,256,1]",146.1495,1.02305172027237,78.8765175829061,40,89,129.5,186,349,5944.29393436762,0.999281228314399
"C[1,257,1]",144.62625,1.06789632131569,78.5543840835901,40,89,130,182,340.025,5411.06405110057,0.999783772653398
"C[1,258,1]",203.663,1.8784138615611,121.268251938552,56,122,178,253,500,4167.84602149143,1.00027446687514
"C[1,259,1]",201.6925,1.44883053156841,113.831458059541,55,122,177,254,490.025,6172.90251793895,0.999760149414406
"C[1,260,1]",202.00175,1.55194651362413,114.722465358586,57,123,175.5,251,500,5464.4120877294,0.999524907690348
"C[1,261,1]",146.04575,1.13073783166293,81.840968609696,39,88,129,185,347.025,5238.62939844863,0.999526454251126
"C[1,262,1]",144.1335,1.06037611400025,79.8644555516729,40,88,128,183,336,5672.66579900801,0.999867099003497
"C[1,263,1]",145.16775,1.09886685392106,80.9191391866546,41,90,129,181,349,5422.65982519476,0.999521511228398
"C[1,264,1]",144.08475,1.0165367291806,78.7654243018716,40,89,128,181,342,6003.78433876587,0.999408126816645
"C[1,265,1]",202.5675,1.69871552167223,117.796045862564,58,123,177.5,252,491.1,4808.61619459327,0.999962167905926
"C[1,266,1]",202.922,1.58726993922412,115.652932587998,54,122,178,256,492,5308.98766609959,0.999676807612695
"C[1,267,1]",201.97225,1.4771478012798,111.830434101971,57,125,177,255,481,5731.55041384805,0.999796090281099
"C[1,268,1]",145.06275,1.05648035404874,80.7565707442255,39.975,88,129,183,350,5842.95964108258,0.999959356748724
"C[1,269,1]",146.33125,1.02025750216216,82.2673507698417,40,88,128,186,361.025,6501.82730969346,0.99951946745687
"C[1,270,1]",145.65225,1.18577877781148,81.8291532555368,41,87,129,182.25,360.025,4762.21246769897,0.999866406267806
"C[1,271,1]",146.404,1.13685853415942,82.9473528802304,40,88,129,185,354.05,5323.43810672131,0.99990804606165
"C[1,272,1]",202.81175,1.52636964356832,113.709213603173,57,121,179,257,494,5549.73021569706,0.999541415675832
"C[1,273,1]",203.2715,1.81701933158472,117.217949989325,56,122,179,253,497.05,4161.68445078514,0.999834271368521
"C[1,274,1]",201.703,1.67132464859006,114.150614898565,57,120,176.5,255,493,4664.81982552033,0.999824015521118
"C[1,275,1]",176.1365,1.8279658162106,125.219688389407,36,89,145,225,500,4692.55203847362,0.999530004237794
"C[1,276,1]",68.14775,0.842730105084689,46.7443705592689,14,37,57,85,187.025,3076.6749460466,1.00055834982838
"C[1,277,1]",68.08375,0.721162616403107,45.2047354041946,15,37,56.5,88,189,3929.17571994925,1.0000688012585
"C[1,278,1]",68.01325,0.740628724479099,43.6394910113699,15,37,58,87,178.025,3471.82838671623,0.999688041472165
"C[1,279,1]",94.6145,0.976688350372849,61.5898467042601,20.975,52,79,122,256,3976.54801783683,0.999708368897864
"C[1,280,1]",94.6785,1.00862350705816,63.1209371043019,22,52,79,120,260,3916.41499255586,0.999398484248416
"C[1,281,1]",95.23025,1.04078003334243,63.6475607382913,22,50,78,122,263,3739.7762944139,1.00005128512467
"C[1,282,1]",68.334,0.74799095144105,45.2733460544473,14,37,57,88,180,3663.46881119632,0.999532527352148
"C[1,283,1]",67.3615,0.708284924857644,43.7191623780667,15,37,57,85,177.025,3810.0236242628,1.00032289784884
"C[1,284,1]",67.25925,0.728374838088371,43.2571709101079,15,37,58,87,177,3527.00727773649,1.00009590183497
"C[1,285,1]",67.7755,0.718060397207233,44.5119582624388,15,37,57,86,181,3842.6555103745,1.00050196229902
"C[1,286,1]",94.471,1.06377528647633,62.5973662909762,21,51,79,120,259.025,3462.67976555154,1.00044212607876
"C[1,287,1]",95.09725,0.984662003979848,63.5294639567749,21,51,80,122,251.025,4162.70871567976,1.00013443488953
"C[1,288,1]",94.1115,0.994845164328052,61.1311158173992,21,51,80,120,256,3775.84066449089,0.999973905101091
"C[1,289,1]",68.1245,0.717914371607331,43.8940220422185,14,38,58,88,174.025,3738.22519353058,1.00028467897904
"E[1,1,1]",2.84431078573526,0.020790152777125,1.56635843273547,0.839361470818225,1.76331133473758,2.53647242422845,3.52180132929244,6.72327955393464,5676.32087381236,1.00072724568163
"E[1,2,1]",2.00762193477896,0.0148206715388479,1.10659248723798,0.5702967354466,1.23524832250671,1.77582525495023,2.51328160512449,4.7999366081971,5574.93322721369,0.999545610023659
"E[1,3,1]",1.99669792494594,0.0141002176611938,1.08669361204466,0.578485433057418,1.23877200835759,1.75102750132082,2.51279859190061,4.71445047096318,5939.67380005158,0.999467134148785
"E[1,4,1]",2.01599771787386,0.0155602590291377,1.11945603757086,0.571343308678899,1.23236233598674,1.79176782487594,2.51124208090666,4.86431127595769,5175.83521688739,0.999324951278703
"E[1,5,1]",2.00024542065644,0.0142797849656445,1.07058040333834,0.602285796638086,1.23274808644409,1.76890389257727,2.51058165142845,4.66762857179924,5620.76261385922,1.00005619498153
"E[1,6,1]",2.82941509466476,0.0206202745990728,1.54663750733736,0.823844227550363,1.7420594425561,2.50057754862419,3.53058221734705,6.75562557454532,5625.85049904732,0.999702704581853
"E[1,7,1]",2.85854965127638,0.0220531279443685,1.54285639924348,0.867809118185283,1.75437419370774,2.56051734328159,3.57232133442022,6.62743673643506,4894.52575507108,0.999976732961958
"E[1,8,1]",2.84714112062537,0.020010936557406,1.50546790386221,0.838528941674674,1.76454386624554,2.53572003322002,3.57383174044014,6.62620698880614,5659.89235770494,0.999814707726152
"E[1,9,1]",1.99022601083872,0.0143394459677082,1.0645258810025,0.596910437366695,1.22206432939845,1.79468618321106,2.49361437413772,4.66807182933854,5511.21946277527,0.999573768792192
"E[1,10,1]",2.01217607709332,0.0153786496872998,1.10057840410025,0.555062661978097,1.23787650573085,1.79172374729721,2.54332099935206,4.87251404407385,5121.59891763656,0.99960369568832
"E[1,11,1]",1.99831230989827,0.0149085354209654,1.08161206071828,0.582740496478581,1.25088203197451,1.75558785004361,2.52334234170937,4.78678853755033,5263.48124314081,0.999977205113848
"E[1,12,1]",2.0191421847748,0.0149267694027012,1.12426572708025,0.576832553535844,1.25070605454103,1.78799752813316,2.53265251241304,4.84889824164344,5672.91525334161,0.999395822344266
"E[1,13,1]",2.83866454649854,0.0214252184095206,1.54117258963519,0.837825268718289,1.75579218677952,2.53204659880473,3.53335933474398,6.7407484563063,5174.30514633058,0.999866961515703
"E[1,14,1]",2.8651910574482,0.0222949718360204,1.58476547422554,0.848475211100749,1.7602091342891,2.53952674896015,3.62149308105074,6.7960451457505,5052.61428984805,0.999981084230024
"E[1,15,1]",2.82576508127988,0.0211089908434574,1.56531795568261,0.838603435618126,1.73426571091935,2.49749235311514,3.48986402661679,6.80951959561945,5498.82870448119,0.999523085163221
"E[1,16,1]",1.99182405128123,0.0139485020210174,1.04978431552086,0.580541929764399,1.2445438013373,1.78251161743898,2.51458041105231,4.70551465023855,5664.28400097748,0.999939828848139
"E[1,17,1]",2.01944354375367,0.0148814544807737,1.10163521219095,0.582581526233241,1.24569390064939,1.78856189381124,2.55618988903341,4.69732139132106,5480.05424711169,0.999401843795271
"E[1,18,1]",2.02424412145222,0.0151900859818359,1.10120999518446,0.584348174845135,1.22947660409269,1.80583297555972,2.54718963778463,4.84175492094919,5255.5700006754,0.999392105096419
"E[1,19,1]",2.00373853913716,0.0144324676723882,1.09132793195075,0.59581420969746,1.24692744710265,1.76354252674767,2.49297239854952,4.6963849112095,5717.80519602389,0.999660672364788
"E[1,20,1]",2.86554271851344,0.0217396199641683,1.56213159283487,0.845904414174925,1.7729056406043,2.54443237773301,3.58678874553564,6.64059622947443,5163.34727705369,0.999605032963909
"E[1,21,1]",2.86270668446616,0.0220659895955713,1.59917997197207,0.799868317236635,1.75419489859321,2.5339974493667,3.57723508055158,6.98744700241657,5252.27994739156,0.999410625779315
"E[1,22,1]",2.8578073225787,0.0227036045174846,1.59613514816978,0.820249956826525,1.75673605179264,2.51965554743943,3.59150412373802,6.82297707233385,4942.5343505782,1.00041385232989
"E[1,23,1]",2.01396671711123,0.0154449070204878,1.10913275723153,0.586235015135397,1.24200978789908,1.77668496884899,2.5342325972466,4.74391638204482,5156.9921180776,0.999558707499038
"E[1,24,1]",1.99971956516002,0.0145965593414604,1.07311355495392,0.594119772786652,1.25835195324853,1.78269561070959,2.49512774509828,4.59055322669205,5404.93364866801,0.999900338383633
"E[1,25,1]",1.99756821266173,0.0147641669968383,1.11210873363092,0.567772039255591,1.23043348166571,1.75424908967444,2.50806624856326,4.73934904286105,5673.83373381633,0.999239529788544
"E[1,26,1]",2.02567557513611,0.0153217305206616,1.13896271218719,0.569691363291862,1.22498003564862,1.75700407787763,2.5750242149553,4.8594226669546,5525.90447445598,0.999859635859667
"E[1,27,1]",2.84773501748829,0.0212185859514842,1.54957192246654,0.836542353511304,1.77729673073362,2.52365193402203,3.53376603624987,6.90107624085028,5333.2335263602,0.99989936758676
"E[1,28,1]",2.87607993254532,0.02301461200523,1.61771177744009,0.812084061559154,1.74809492040728,2.53247671799629,3.59426969751191,6.91727865481136,4940.77388982998,0.999927434889335
"E[1,29,1]",2.85530112752454,0.022165843153215,1.57852878695539,0.838717742768604,1.78615089010193,2.52525909693186,3.55347139380322,6.82386209817266,5071.5008318119,1.00082931849405
"E[1,30,1]",2.01026616964895,0.0151343572078602,1.10148717195479,0.583271421382368,1.23486308961762,1.77707860146548,2.52759756008119,4.75379571493181,5297.01163674088,0.999988586684663
"E[1,31,1]",5.37930685172988,0.048955138978413,3.43014934460732,1.32102280506192,3.06539264394421,4.57192587426668,6.80288284609506,13.8636798219896,4909.41203144398,0.999361334738953
"E[1,32,1]",4.09136449215747,0.0373527672894153,2.66222641143392,0.997653872711266,2.27249589208631,3.45860562527525,5.10160629473196,10.8954344372921,5079.77423560341,0.999572353178809
"E[1,33,1]",1.53527429057661,0.0121496079859173,0.871280238193901,0.418068288769627,0.931508662632657,1.35237167217552,1.9306596735659,3.67924100301327,5142.70007445088,0.999624481908798
"E[1,34,1]",2.17921113860635,0.0171711865475293,1.24811119354932,0.616766553572748,1.30441460994951,1.88120211106085,2.76422532115591,5.30883844403138,5283.30817057194,0.999317290358235
"E[1,35,1]",2.18980729110904,0.0170118905321299,1.23846210076382,0.643478441726784,1.31275495023788,1.91341928596982,2.75287209234436,5.31765192874343,5299.80978797504,1.00013968446892
"E[1,36,1]",2.17764974366733,0.0163057255529408,1.21891272989796,0.6257254002387,1.32284340328861,1.90904805934852,2.72668171251045,5.25201229829078,5588.11028726749,0.999499104524977
"E[1,37,1]",1.53592209479225,0.0116881526678186,0.885128712709029,0.428011433345057,0.914272786084107,1.33886327973017,1.91701644064861,3.75828028938677,5734.83737432526,0.999372149724803
"E[1,38,1]",1.52726814621191,0.011744615250753,0.854126093723578,0.434154177146614,0.932657688021153,1.33488060200055,1.92486344517071,3.75942640014339,5288.91261659102,0.99992940277227
"E[1,39,1]",1.52920185694806,0.0116959634669852,0.868789356874322,0.42941858034524,0.91546273109725,1.34513208838067,1.93294988452659,3.74025296806776,5517.68594519572,0.999392526434781
"E[1,40,1]",1.54659543655438,0.0120165295992092,0.878989091015798,0.421974411484305,0.939603180063372,1.36272440020021,1.92866259020247,3.80014207312638,5350.67840626543,0.999454039894058
"E[1,41,1]",2.17619378451394,0.0167692098750439,1.21013646034208,0.631293271195974,1.32289648135077,1.89842627839165,2.72611145939767,5.14024001005144,5207.67042826032,0.999970064660482
"E[1,42,1]",2.1972697387628,0.0180926676631524,1.26457461682404,0.614121615572597,1.31365465166192,1.90557595965645,2.78490009143604,5.4609711171441,4885.21530011112,0.999176016949306
"E[1,43,1]",2.17821505446362,0.0167742993307908,1.23399201984826,0.645303800563389,1.32798637948482,1.9144543414388,2.72169295971247,5.43143542911807,5411.72756214778,1.00022246438984
"E[1,44,1]",1.51960665073299,0.0105176525874233,0.845030516145503,0.434304442003836,0.92856737993173,1.33693960149281,1.91885372659521,3.6335298494848,6455.16195170026,0.999726654004716
"E[1,45,1]",1.53257564408102,0.0112440135622615,0.879410823419003,0.424819390725836,0.923911507889293,1.3460208590012,1.94083845588387,3.66702539551801,6117.03395629397,0.999614192245081
"E[1,46,1]",1.52062407574676,0.0118703697210402,0.85482365920402,0.453731528813905,0.919045939882678,1.32391694681898,1.91774199829224,3.69878159940315,5185.90522584551,0.999621631564283
"E[1,47,1]",1.5330822415965,0.0118832224748956,0.851849413791639,0.452025753552886,0.928358766655214,1.32988602722088,1.94729376532493,3.69734674460474,5138.74659278628,0.999290565850407
"E[1,48,1]",2.18032630044562,0.0164838443238023,1.2411002072827,0.60204795985844,1.29700802833323,1.89521305430258,2.77279851853081,5.33166227474004,5668.87247881686,0.999605278631402
"E[1,49,1]",2.17967407475309,0.0164182187113309,1.22214125282652,0.641571559091104,1.32997801698575,1.90431365817123,2.73841921345688,5.13402658420206,5541.03296744924,0.99959973669378
"E[1,50,1]",2.18914778645733,0.0170535053084078,1.25251450559171,0.609948065747695,1.31997544513814,1.92025080671337,2.7398476172644,5.36911750723434,5394.33864398772,0.999604266912178
"E[1,51,1]",1.53283467649028,0.0119440836307787,0.868911289802229,0.445411628270261,0.924606016637304,1.34262127513968,1.94458656219968,3.63303367925523,5292.30919133993,0.999402646460939
"E[1,52,1]",1.53219178503946,0.0124441856693946,0.857506070635492,0.446605955500645,0.933523219211302,1.35700752084857,1.93711665459659,3.68643923779764,4748.33599261312,1.00018851563633
"E[1,53,1]",1.53291736912263,0.0115101975205417,0.877276902950176,0.436572974122582,0.920677906267692,1.33212399396424,1.90796764724663,3.93554714920235,5809.08642698257,0.99989203269632
"E[1,54,1]",1.54072986742636,0.0115040908120757,0.871151139628411,0.430424773938724,0.941433631267162,1.34854570884888,1.9208955216144,3.79451848262419,5734.32647952515,0.999392239251916
"E[1,55,1]",2.18177050278167,0.015843737935096,1.19562021518846,0.634890174952297,1.32404711807336,1.93289500292917,2.76054494696102,5.20681807062023,5694.70456261653,0.999835424072247
"E[1,56,1]",2.18271037857231,0.0176572631573566,1.2334775407107,0.620422456625633,1.3352631877054,1.90722674215007,2.73124629015965,5.32727612884834,4879.95383094854,0.999544670180935
"E[1,57,1]",2.18445582634597,0.0167391053398802,1.21544915540263,0.623652784151026,1.32232282809599,1.92748794881958,2.7260957259999,5.41582211171245,5272.40918019925,0.999279383590684
"E[1,58,1]",1.53878767889302,0.0122413431997798,0.8858266765854,0.451553254020377,0.926802860549713,1.34694072139856,1.91977733851046,3.7404680029009,5236.47894546452,0.999431732034476
"E[1,59,1]",1.52440944698434,0.0116080747364813,0.859546783544431,0.433924211997494,0.93357713223297,1.33582886100351,1.90531392359223,3.70264092672565,5483.00507544881,0.999567119367664
"E[1,60,1]",1.54149784783501,0.0112107403787428,0.862451813072398,0.443045018632924,0.920133084363397,1.35875689545435,1.94716428563351,3.73084410243938,5918.35604688173,0.999423615193488
"E[1,61,1]",1.52598569106261,0.0114345098134303,0.839966012054996,0.439957457343413,0.934817544592373,1.34062509622102,1.93256590647272,3.58124243778129,5396.20355360491,0.999407713761091
"E[1,62,1]",2.18186902110625,0.017022082967973,1.22353251818281,0.636077420054648,1.32240216263119,1.91209492401275,2.73540944911111,5.26371715759543,5166.60936044248,0.999869279872642
"E[1,63,1]",1.04453774304984,0.00967295821744078,0.655082295816465,0.265653205271234,0.600496328731092,0.881801993348808,1.32176308351895,2.73276584022882,4586.4123807862,0.999996568021897
"E[1,64,1]",1.05291352772195,0.0100760396949354,0.647005833009977,0.274747810342976,0.597056984779145,0.902120789842336,1.33321327123813,2.70502955949719,4123.22137428748,1.00008899197993
"E[1,65,1]",0.734382251509571,0.00714010792754376,0.464188344593758,0.174327213476095,0.414049975491711,0.623932984193191,0.929517811198961,1.9263692279939,4226.4808929965,1.0000188918152
"E[1,66,1]",0.73150009388893,0.0071280357709013,0.452298498783479,0.183212640871844,0.419115728710421,0.621602295006522,0.915230779945963,1.94341746316298,4026.34098270432,0.999840780484878
"E[1,67,1]",0.743912413449603,0.00734274825863355,0.467656491716193,0.185420625988037,0.420794241732737,0.635827641686914,0.946549144379591,1.90668149390223,4056.36154372673,0.999852140550803
"E[1,68,1]",0.737008181741906,0.00736654989179019,0.466411367129528,0.180753881330558,0.420635931475253,0.626801686464328,0.927160259242048,1.91859730270174,4008.75932725312,1.0001960599117
"E[1,69,1]",1.04555639410742,0.00983762681208751,0.655814298616624,0.266475659479573,0.592279193383114,0.886696192571864,1.3071034795643,2.75503363699828,4444.07188467544,0.999999972457379
"E[1,70,1]",1.95325997738806,0.0220386263864168,1.36703551009171,0.443195042556377,1.00354085834125,1.5979700072121,2.48622843887769,5.63597031240483,3847.60558847594,1.00049392182948
"E[1,71,1]",1.0443982564031,0.00998053188828144,0.651769453636337,0.258988135597408,0.598623259239174,0.898412467185566,1.31528547323668,2.68851492040606,4264.62287461102,0.999945626864101
"E[1,72,1]",0.734227303719667,0.00731364114990566,0.466279901906513,0.174899741635777,0.417384040658238,0.619627057224427,0.911694458701271,1.93138509658384,4064.67754134311,0.999935581986094
"E[1,73,1]",0.737122101118993,0.00721603901490183,0.458386685750162,0.185103832265555,0.415037340339497,0.628259288237834,0.938643115673104,1.89965497477058,4035.21095621752,1.0000770664747
"E[1,74,1]",0.730811113964125,0.00720423949535204,0.452901115886472,0.191386663220489,0.417483512633849,0.620541171749318,0.923443646258979,1.90336494486097,3952.12341071126,0.99993925691843
"E[1,75,1]",0.734470351968019,0.00678836084936254,0.448379525455572,0.186592493451011,0.416989363759442,0.630892713871932,0.938467968268332,1.91844310038972,4362.76384942885,0.999861386449449
"E[1,76,1]",1.05079632558675,0.00993111437837266,0.654016724703798,0.259497678733926,0.599423826731794,0.89405680814475,1.33172144656247,2.71679902270469,4336.9232964316,0.999762333677068
"E[1,77,1]",1.03313223867127,0.00946879403420978,0.628745738833561,0.2683370060603,0.584160138582297,0.878726493732799,1.32662499963926,2.62331818484238,4409.20985869025,1.00031974425699
"E[1,78,1]",1.04564550434208,0.0103210401744543,0.651997764830377,0.26546495637493,0.595191678936892,0.890858928086743,1.31772355677871,2.71060534686676,3990.66504263928,1.00003101751382
"E[1,79,1]",0.737902677314156,0.00707342098046765,0.457010392697322,0.184926732856506,0.416367490511303,0.621550551986404,0.944275990823497,1.92721891180066,4174.39114133889,1.00031953939331
"E[1,80,1]",0.734926466525971,0.00681258079493652,0.462796712209104,0.185299341096146,0.41509358656971,0.622561611451793,0.92996457324862,1.93185889689182,4614.84584284331,0.999925009262669
"E[1,81,1]",0.740799751856686,0.00709477762524593,0.458545206249983,0.181369292732887,0.421555493866263,0.640395370421324,0.938410395564176,1.95981997066754,4177.21414266853,1.00013122398734
"E[1,82,1]",0.73618140713481,0.00707101976035847,0.458577636089813,0.18198272948195,0.418881455090569,0.626144827549415,0.931799696680927,1.95270049738112,4205.92612906036,0.999896189309289
"E[1,83,1]",1.04294483441554,0.0100249122652905,0.626456719577731,0.285399339980805,0.61005955663749,0.883937536858019,1.3204203593007,2.68664896315097,3904.99950307941,1.00004624307384
"E[1,84,1]",1.0392119775996,0.00916557279327487,0.639693590572153,0.268191723706816,0.603636599425907,0.892164751058993,1.30084039617865,2.73055960408515,4871.0745544786,1.00011292443459
"E[1,85,1]",1.04876976968376,0.00976482774282189,0.647237296728873,0.266051967818054,0.596000315998011,0.897264686432154,1.33860676409043,2.70982589826859,4393.37118914916,0.999660885277375
"E[1,86,1]",0.733652023672628,0.0072363368946892,0.4560720753487,0.177056058838157,0.413085943544107,0.626419335801426,0.927507806464989,1.9169592573317,3972.18446260708,0.999796593693673
"E[1,87,1]",0.734145006386576,0.00704316529522658,0.457076781502263,0.180401662177125,0.417921696475544,0.619449004982134,0.925732646995068,1.89384329654635,4211.55580292773,1.00073143585003
"E[1,88,1]",0.735981431549394,0.00677556469866362,0.45089041539838,0.18328924016888,0.419645274483877,0.627973583710551,0.938883776911552,1.91502377414455,4428.44253904608,1.00005775086417
"E[1,89,1]",0.741649106360567,0.00728572569019497,0.465017680799675,0.187821684628662,0.415928249815055,0.620434204354037,0.944951214292006,1.9125340027078,4073.73992990653,1.00009795197058
"E[1,90,1]",1.03811389928347,0.0100933709361322,0.640796073981098,0.262880487298199,0.595327548656545,0.876328124397939,1.3061847685088,2.66256629310273,4030.57694479139,1.00003566788084
"E[1,91,1]",1.88030593874403,0.0136929121729268,0.98595110196415,0.577153680411856,1.17797300826101,1.67715239677813,2.33005709619373,4.34422724091518,5184.64599475787,0.99955422919723
"E[1,92,1]",1.87814313773739,0.0135997904056289,0.976733599988749,0.591406557750162,1.19784540012545,1.67696942220239,2.32826010362867,4.32818694358517,5158.07704988586,0.999702082730407
"E[1,93,1]",1.31553615843442,0.00926875677517842,0.669447349113917,0.423296930627841,0.844300422393848,1.18451048155842,1.64850239985765,2.88190229154423,5216.62815126803,0.999604136142755
"E[1,94,1]",1.31649078179559,0.00880400132456653,0.678675843538095,0.407724238752867,0.833102272827329,1.19297148023508,1.63913904164478,3.06780141839008,5942.43697526884,0.999999907133278
"E[1,95,1]",1.32371830196784,0.00930663730685862,0.692885634861277,0.395578352303641,0.830689951094774,1.18520068588438,1.67503352406075,3.04423997833281,5542.90629401667,1.00006229141146
"E[1,96,1]",1.3143152284511,0.00913122988863431,0.685380169697787,0.407536465869984,0.841399482479248,1.17472813117155,1.64703111472042,2.95551407527168,5633.8400903589,1.00000643587673
"E[1,97,1]",1.88584843221,0.0125716721329768,0.981328962793283,0.591242096262055,1.18860031661746,1.69693143031022,2.37459347658896,4.31193623993449,6093.16783913779,0.999693101250311
"E[1,98,1]",1.87787748450374,0.0135943848025803,0.98867579837597,0.596660212319713,1.1732482840052,1.68974208424882,2.31875756658097,4.30236138207657,5289.18416114053,0.999476137853267
"E[1,99,1]",1.89376494948601,0.0138002507595283,0.992056767857148,0.582255883224409,1.17651905771763,1.69875790903448,2.37868532513988,4.37891111437595,5167.72140683504,0.99976173549064
"E[1,100,1]",1.33938250218925,0.00988457588462402,0.724746959932538,0.384272784971358,0.837549243793247,1.19251586452351,1.67504606113563,3.11859668428205,5375.96861813102,0.999838493513253
"E[1,101,1]",1.32865175729841,0.00984888608176747,0.706432077560753,0.398598500686276,0.84140037717825,1.18529897284067,1.6651348851019,3.09273575307036,5144.77746701146,0.999551821616978
"E[1,102,1]",1.32949396234695,0.00901467083781312,0.692650544790023,0.399136680982314,0.84275927203437,1.18887905093376,1.67453698655181,3.03739165397744,5903.75890004622,0.999465317019496
"E[1,103,1]",1.32530203680162,0.0093518142830479,0.707324093169703,0.405405736500517,0.830929906868591,1.1893500803612,1.63543619423157,3.09283395951607,5720.64707624213,0.999623615702504
"E[1,104,1]",1.88852878546286,0.0141702217648457,0.994513951024415,0.574480689612037,1.19975340751797,1.68781329863218,2.38387984159145,4.30835579936501,4925.70576056207,0.999304977799415
"E[1,105,1]",1.88338616381274,0.0138429058491556,1.01600110719597,0.562174539490392,1.1802717845919,1.68705103278803,2.34460036141585,4.38164344722352,5386.83697253242,0.99954371022939
"E[1,106,1]",1.87902642027814,0.0144914556919109,0.992955380897383,0.573377385744644,1.20014947489857,1.68257951226401,2.33642933956644,4.36104058332295,4694.99831412087,0.999715690640081
"E[1,107,1]",1.32759246375514,0.00930994438672771,0.693743290314488,0.398170438159049,0.823422197905359,1.18969853793578,1.65704683906587,3.01269891562621,5552.68987363051,0.999820943042474
"E[1,108,1]",1.3266133467333,0.00984304367635466,0.717262055536937,0.41565067910306,0.835824037258046,1.17648967285587,1.63653115400133,3.136251273638,5310.02894661385,0.999660097806556
"E[1,109,1]",1.32606450265821,0.00996614033392039,0.702443438255275,0.391191607443306,0.84043098067138,1.18725126586035,1.64237682741941,3.06903754991313,4967.85285192901,0.999298543511778
"E[1,110,1]",1.31822590506089,0.00921299610261442,0.684988243816246,0.404288988073788,0.82992086602487,1.17958930590209,1.64337719992143,3.02622798549665,5527.95451562125,0.999225363017819
"E[1,111,1]",1.85735089829134,0.0128225242782187,0.952792032870808,0.576397081189299,1.18085520569426,1.67004072955058,2.33409588155435,4.23097139862322,5521.39952914925,1.00020649834945
"E[1,112,1]",1.87893532499322,0.0136279214974359,1.00605072066047,0.57316078736702,1.18433266468063,1.68366344044833,2.33664238248996,4.38710699575072,5449.79927275461,0.999121126961562
"E[1,113,1]",1.87312672306301,0.0135648752705938,0.980690535173878,0.54992770859897,1.20826890409365,1.68077915461343,2.31707630091985,4.39180373759616,5226.75758549199,0.999742210254732
"E[1,114,1]",1.32114258904307,0.0102431488068425,0.690515352941332,0.395943312798228,0.823683765622975,1.18339095943709,1.64722295461261,3.02941226213391,4544.43309944872,0.999736016882367
"E[1,115,1]",1.32288007195068,0.00970339569734595,0.690487796157527,0.42026619647398,0.839874304554448,1.18474150795921,1.65575302884613,2.96001698041582,5063.65992047514,0.999485655425034
"E[1,116,1]",1.31788805580562,0.00961666209506441,0.694819678841232,0.403811319856037,0.835230552203063,1.1867167878277,1.64219166042316,2.98739029277808,5220.30055176889,0.99955140252676
"E[1,117,1]",1.33372738409051,0.00921157172868886,0.698544346065234,0.389786331183466,0.846002317892744,1.18931298826501,1.67890868097837,3.03719870203946,5750.69702348512,0.999557702266865
"E[1,118,1]",1.88271861287879,0.0152708154432061,1.01881669183457,0.57338862801167,1.1697024882369,1.67499171861515,2.34124948466542,4.40729525225699,4451.1030224939,0.99984728905693
"E[1,119,1]",1.86778415111181,0.0137271487770262,0.985745166944059,0.564446796536675,1.17472099654529,1.68141453256601,2.32933826091202,4.22918730667266,5156.66159133343,0.999654486600452
"E[1,120,1]",1.8737692330361,0.0134184731928237,0.976150534738773,0.570946279204458,1.18014791626163,1.67816305857864,2.36601497559382,4.26092182702797,5292.09202095967,1.00070040747383
"E[1,121,1]",1.33136542303356,0.00993847747570931,0.718428965173766,0.397002302624063,0.826122556670722,1.18333092611869,1.6644263101204,3.0983335686326,5225.50119857306,0.999482418643128
"E[1,122,1]",4.07690176820015,0.0285074971318725,2.03983718701943,1.31487612443813,2.64109250790135,3.6813423436034,5.0917840631184,9.13445157535999,5120.03383729155,1.00018114819808
"E[1,123,1]",4.03883858695311,0.0273730307653019,1.98730303043585,1.28076575370468,2.60943446045085,3.68687299518703,5.06551315046957,8.91811803361369,5270.87137832604,1.00037397664313
"E[1,124,1]",4.04159090427116,0.0278757765818106,2.03751476195184,1.27674973180385,2.57267683476864,3.64960287365084,5.09985007539173,8.98620251892465,5342.5374808942,1.00027976060587
"E[1,125,1]",5.81782151531453,0.0405300638051899,2.93159556210556,1.79364141965516,3.74916330600226,5.18373573062269,7.31917116862409,12.9455816991716,5231.82894526969,0.999529175227348
"E[1,126,1]",5.75462010522713,0.0391705259496638,2.88543587557428,1.88504825887244,3.66324654581481,5.21211113618701,7.26278453662706,12.7365957686038,5426.30309790044,1.00033329761747
"E[1,127,1]",5.76046535030867,0.0363572862513577,2.90769605715442,1.76775989592262,3.66332152934173,5.23026408643555,7.23601341199458,12.824307635996,6396.09780445583,0.999814720833143
"E[1,128,1]",4.04787837579198,0.0268634586416718,2.04119402781517,1.26171415415354,2.58235917305269,3.64701823113317,5.099345102836,9.01302114369459,5773.57383604106,0.999301044221291
"E[1,129,1]",4.0428226292583,0.0262092408057514,2.03899752473062,1.29068417405373,2.58898459943504,3.65438618562727,5.03043623141714,9.01695351432797,6052.35669197492,0.99946854469157
"E[1,130,1]",4.04665105914506,0.0272392699980447,2.02079401691746,1.28248550635473,2.59684024734956,3.65435875312455,5.07526870994669,8.98659911306191,5503.67988577803,0.999517244244118
"E[1,131,1]",4.07869788340853,0.0296604136338081,2.10149098333819,1.25630111706561,2.59865241673569,3.66984285425074,5.08266207147185,9.22647338049629,5019.96460962904,0.999986793302457
"E[1,132,1]",5.78279709197319,0.0392074454383118,2.9064001070575,1.78518518714782,3.6991315436164,5.24510932878222,7.26417349252627,12.855599829315,5495.07606134153,0.999205649550322
"E[1,133,1]",5.74842566957081,0.0378472684415932,2.85128878573615,1.78413687489616,3.68631595908006,5.19910114090369,7.18382370484854,12.7567892825957,5675.62026719356,1.00021601866175
"E[1,134,1]",5.77648303237765,0.0394024237242484,2.9392208081094,1.85090001280111,3.71938727035596,5.18285197216621,7.21894509800149,12.9367853425893,5564.40270543407,0.999793741816331
"E[1,135,1]",4.03983177163805,0.0273066876166277,2.01152180453624,1.26777886893644,2.59981929423402,3.66625100158584,5.0300813744311,8.92257552528081,5426.39551367517,0.999848625085045
"E[1,136,1]",4.11017931017526,0.0289892196172835,2.13027373369701,1.24160818090627,2.59834193602736,3.69936137559099,5.13303816853354,9.44244030231225,5400.04994054269,0.999800777474722
"E[1,137,1]",4.07063455029568,0.0284800718314935,2.08481579813954,1.19844072907226,2.59943210903869,3.64715607477253,5.0657269966352,9.39463751232942,5358.62317536633,0.999593883517545
"E[1,138,1]",4.04306300617186,0.0271220559650997,2.02688555183922,1.2481494528275,2.58751107855462,3.6137043919404,5.06488642943072,9.0028484281965,5584.87218471104,1.00019848849911
"E[1,139,1]",5.79098680976784,0.0383998702237498,2.87225821365841,1.82892964315581,3.80507703720781,5.23827251323922,7.19045972119378,12.8667975458268,5594.83710974531,0.99934582332527
"E[1,140,1]",5.73905572486593,0.0364831084993043,2.81823846621419,1.83643769001958,3.72240720589584,5.2084697135142,7.17889357878576,12.895464661507,5967.21666557461,0.999576911166042
"E[1,141,1]",5.78137694103679,0.0381735398539916,2.89589726981888,1.78913883276846,3.73250230486153,5.2315771083926,7.18049724958464,12.8715620409081,5754.9484071834,0.999792291242537
"E[1,142,1]",4.09168873134015,0.0277079804792235,2.05978144603375,1.2553615403331,2.61130201533713,3.71832091843364,5.16998696367166,9.11830358521757,5526.2755731594,1.0002584322083
"E[1,143,1]",4.06006656985352,0.0267829977435592,2.0166527614279,1.23410586295476,2.6193707466094,3.70511784475147,5.10759471373171,8.9860992241829,5669.48853434461,1.00026831641416
"E[1,144,1]",4.05661766555876,0.0271214032326631,2.01820727951198,1.23785659123692,2.62812945905012,3.68790257438235,5.03477274999501,9.15297811358761,5537.41694287532,0.999375979398457
"E[1,145,1]",4.05251539642829,0.0304021119526165,2.0912910539253,1.191190332203,2.59007516248573,3.66202325194768,5.11538863239403,9.03022555364736,4731.74630270139,0.999847810496549
"E[1,146,1]",5.74743127554883,0.0385356739821868,2.81837456642138,1.78288611464067,3.75044038555311,5.24026008062167,7.16946405625151,12.5219757851463,5348.98652474551,0.999395913670328
"E[1,147,1]",5.78591197166683,0.0408650738081683,2.9170989990652,1.83533129391048,3.67270803680247,5.18937337014335,7.26294203075988,12.9254912904654,5095.62853767366,0.999773625645276
"E[1,148,1]",5.77905848596525,0.0379305166369225,2.89150668323699,1.80015158111119,3.68834543821359,5.24461927910197,7.23188844646291,13.0159586704442,5811.26773625055,1.00015259375438
"E[1,149,1]",4.06734549743882,0.0275986842356952,2.05126049211987,1.28364602752744,2.59396140452182,3.67064038831484,5.10966691943727,9.02641982556113,5524.1425337219,1.00045366562237
"E[1,150,1]",4.08943786135569,0.0281913444221331,2.08942487422322,1.26378960464225,2.59970707328166,3.65896754812798,5.1741419633173,9.0667074776331,5493.15617015147,1.0019868608523
"E[1,151,1]",4.04273878356437,0.0265132865157692,2.0313018893411,1.27021316239773,2.60226735553498,3.6786608438235,5.04005370332363,9.13679376504801,5869.77987401665,1.00025598155549
"E[1,152,1]",9.08689753331141,0.0636447989408173,4.55229291620285,2.86050714514349,5.8857271594374,8.28646214312109,11.3368539466318,20.8440713621125,5116.04740552593,0.999052016748757
"E[1,153,1]",12.925043800188,0.0906594597789923,6.53045287186178,4.05147401821986,8.22783857481065,11.5963852898732,16.236628717711,28.6986433973628,5188.72131615916,0.999679388127094
"E[1,154,1]",12.8689521847606,0.0944899604169603,6.50767957242038,4.08070665519023,8.26232210895782,11.5915217671423,16.0450365769535,29.2239575031292,4743.30430502205,0.999547489579396
"E[1,155,1]",12.9113835554639,0.0838404331855228,6.32583999884518,4.05991616084384,8.32305660588171,11.7554139321523,16.2376781285295,28.660681872729,5692.8452558005,0.999631055008025
"E[1,156,1]",9.01394575362946,0.0573562884531269,4.33501466090506,3.01418917280463,5.94043741805893,8.19681157695835,11.2935431895138,19.5542562092884,5712.40592254507,0.999328269374955
"E[1,157,1]",9.07465476717165,0.0629604154181556,4.52228409458544,2.88797768109599,5.81756196273384,8.2460376844088,11.2650826543783,20.3624334978641,5159.17801965186,1.00024113966593
"E[1,158,1]",8.96652124782081,0.0565666148776936,4.23075803251618,2.98396465967403,5.94392838019745,8.28269588698654,11.1495586147672,18.8621669645592,5593.91670569009,0.999428293860119
"E[1,159,1]",9.05701633997811,0.0581946817816979,4.49834366008261,2.85086203838878,5.93396809701926,8.20331645687068,11.2756375221837,19.8420187532688,5975.01041830746,0.999527078116069
"E[1,160,1]",12.8568774099166,0.0818363814572279,6.39699919756665,4.15891396094022,8.30978009436217,11.6249835432804,16.0840970325871,28.8648363418417,6110.26092830284,0.99979815996966
"E[1,161,1]",12.8866417324967,0.0818000909798788,6.41954241860249,4.16000946352706,8.37343511318944,11.7353822876621,16.0599658758208,28.3110759174785,6158.86340854084,0.999743325242977
"E[1,162,1]",12.9158455289795,0.0867106711683521,6.42669348377936,3.9644563709652,8.44115018158642,11.7521471431286,16.104491906663,28.867520694489,5493.25903252696,0.999746679402583
"E[1,163,1]",9.12236716601448,0.0580361578619977,4.51746910098109,2.9721462115239,5.90620205431297,8.2616813648566,11.5014090936214,20.0554391570321,6058.89009559931,0.999742603989095
"E[1,164,1]",9.06969669610255,0.0556178884123365,4.52224892349132,2.90207132517412,5.83372332390142,8.22448007087091,11.3869421253451,20.1373295171496,6611.19451595732,0.99951378960341
"E[1,165,1]",9.04248065489003,0.0596266267245281,4.53348209562434,2.76852404427575,5.83140912924452,8.18350699566246,11.3644629314225,19.8100917002488,5780.73856318859,0.999856052324825
"E[1,166,1]",9.07941890759204,0.0597456605251002,4.52175382484899,2.8251403273416,5.82138122452733,8.22493337002691,11.3821186952001,20.0563449243703,5727.97475808732,0.999607717107887
"E[1,167,1]",13.0042524271528,0.0845623903450128,6.47093392311815,4.01871118232075,8.42190587897458,11.8583829933724,16.2134550093833,28.6470799760887,5855.70822334948,1.00026003483717
"E[1,168,1]",12.8830126760774,0.0825368148425743,6.44191228025117,4.11451912906668,8.27746149375353,11.7331334173681,15.9047546537603,28.8055289144442,6091.63962767418,0.9993210523041
"E[1,169,1]",12.8751771013812,0.0805306521797338,6.40488199702767,4.09726316707948,8.43148314638934,11.5610285673409,15.8990082497344,29.3557542443982,6325.5724311166,0.999686208541583
"E[1,170,1]",9.11722377622922,0.0664176055479343,4.68582396131553,2.7702299285656,5.89097584211319,8.22204256079947,11.3550514267947,21.201302513364,4977.43398206301,0.999329568813362
"E[1,171,1]",9.0403560308642,0.0593004278558241,4.5276686920497,2.81845257842409,5.85323117772665,8.16108991241824,11.3589163473162,20.3505265056513,5829.53114381559,0.999627189742306
"E[1,172,1]",9.09154837779035,0.0593861138540866,4.61122697747252,2.79624275423695,5.75796437228291,8.23127690962197,11.4636627036984,20.3847226759311,6029.24853771821,0.999915809183237
"E[1,173,1]",9.02742601633556,0.0549620482985451,4.43578891064346,2.85742966179396,5.85493745173536,8.20614447520691,11.2199712585619,20.2297054195179,6513.52257759542,0.999788263526357
"E[1,174,1]",12.9302108784455,0.0876256263037653,6.40704301585605,4.10980579469993,8.36957493132483,11.7069404472293,16.0064224057703,29.0252623694092,5346.29611539427,1.00003945148184
"E[1,175,1]",24.4239440557586,0.216644517928417,14.4680951437188,6.51148065066097,14.1943692318522,21.2874985504032,30.8575896152539,60.6956815205388,4459.92242023684,0.999692458002221
"E[1,176,1]",24.0930286267756,0.197130448206256,14.0191526323273,6.72299935220345,14.2114705516792,21.0415772398477,30.6229622141202,60.1998711030279,5057.50253975468,0.99969569308951
"E[1,177,1]",24.0440487925868,0.194571104155865,13.756113391187,6.63212760361381,14.5532995175051,21.0589895917578,29.9976056293648,59.4422123716533,4998.44372751027,0.999942377344836
"E[1,178,1]",9.06365079326049,0.0584926139576138,4.36986938968105,2.98684511791815,5.99445591386402,8.30134086734828,11.3431861170127,19.9133542975386,5581.2934028022,0.999663272365482
"E[1,179,1]",8.96436860636431,0.0575730840791533,4.31506479790179,2.89913235545587,5.89424072906077,8.1120109630353,11.2246790639869,19.4723596191827,5617.40394241129,0.999548704395783
"E[1,180,1]",9.06501650530578,0.0595927616640253,4.46154406351592,2.8660817217702,5.85052685470157,8.16520300936609,11.4132400508729,19.6410342718267,5605.09979032516,0.999748223847899
"E[1,181,1]",12.9723287798031,0.0986539143856726,6.56855079212138,4.09714415653191,8.35884239064741,11.7717927230764,16.2059705823867,29.4775437163874,4433.13014572304,1.00059927007877
"E[1,182,1]",12.9664514059592,0.0884163190667159,6.61541142028993,3.93661738440148,8.33008248741185,11.624521346869,16.2094879162625,28.7824129341042,5598.20575490303,0.999397372354803
"E[1,183,1]",16.0238334802899,0.116825632918777,8.19857255941839,4.94406355357208,10.2903762983582,14.5003302827984,19.9438279110611,36.700733030562,4924.9316113223,1.00041183337869
"E[1,184,1]",11.439125914966,0.0860030318610832,6.12130929073307,3.36017333018367,7.1601163398219,10.121026568882,14.4097375775084,26.7374868344773,5065.95262205732,0.999688419040807
"E[1,185,1]",11.346979750678,0.076935709225557,5.7642355555559,3.57195366864635,7.24405271934814,10.2630346484654,14.2261675680909,25.9461446809062,5613.41972805047,0.999708546349566
"E[1,186,1]",11.354890550235,0.0730657669040778,5.74905596053559,3.56143320256895,7.11051762999032,10.303486399403,14.4087973756354,25.0310774108084,6191.06235254082,0.999813090817516
"E[1,187,1]",11.3912182856943,0.0752051885475139,5.71128348393904,3.66695045002558,7.38770701042091,10.2454071287724,14.3035554326708,25.2292669603923,5767.29047540079,0.999695395916965
"E[1,188,1]",16.1598616786886,0.112226322391943,8.38821656106574,5.11550020196763,10.3912761962133,14.5355623401531,19.9055103499676,36.1856703206342,5586.62866594421,1.00053753540713
"E[1,189,1]",16.3058269992857,0.109356042573039,8.45703651778144,5.03550136351322,10.3016328101793,14.6257554623258,20.4616108740395,37.4056612100756,5980.68378924935,1.00088495496976
"E[1,190,1]",16.3038104700069,0.107579195925371,8.40446799777807,4.88677863612543,10.2648356075365,14.6817708045406,20.5357112365678,36.6664288204867,6103.28805655945,1.00036756568268
"E[1,191,1]",11.4135054951448,0.0800786728863714,5.82964874936899,3.42025261549832,7.35153082246892,10.2319895235596,14.2963964068402,25.9532625324616,5299.69702266964,0.999294141541349
"E[1,192,1]",11.425334364574,0.0773596466423305,5.896691568904,3.47686333910657,7.20296559300298,10.2135532497163,14.4192844017782,26.2814086937709,5810.15702583691,1.00006987816612
"E[1,193,1]",11.4224597385371,0.0753869538676367,5.87424519058674,3.47634318673053,7.16504972192345,10.249309899475,14.3225504107603,25.9721484401026,6071.72019177677,0.999490971406031
"E[1,194,1]",11.4384401894225,0.0774039053265031,5.80222564062957,3.48261459329336,7.25207736197233,10.2936981860488,14.297393293097,25.5925112332226,5619.05757007304,1.00045808945176
"E[1,195,1]",16.0473186248337,0.10855355731906,8.10140239929804,5.02707539262307,10.1909466392267,14.54166959364,19.9565648716833,36.1847481341965,5569.70622247843,1.00040334211638
"E[1,196,1]",16.2810942483057,0.120766050782465,8.52560697035183,4.96468740515809,10.2566328305942,14.6349113886494,20.1960388498348,37.2886420125132,4983.80322378507,1.00052805758118
"E[1,197,1]",30.4890364614859,0.259073221441312,18.3581165901664,7.78720527848014,17.919675537818,26.3533177470713,38.4629697201182,77.9124868742678,5021.24250657501,0.999641303282549
"E[1,198,1]",11.3729172044226,0.075731996033351,5.7549131213232,3.58911268055619,7.27235067105946,10.2640934929275,14.1551725462565,25.7853603835042,5774.55784973722,0.99994137668852
"E[1,199,1]",11.3284743402678,0.0785243903107636,5.64732372874756,3.56786381161366,7.26601785416331,10.1885927036096,14.2444644928874,25.5829917673302,5172.21086178637,1.00028436324759
"E[1,200,1]",11.3979444762127,0.0804547997300994,6.00550973944243,3.49599843927512,7.18509367366341,10.1025783030883,14.2240041744663,26.2732724093226,5571.80405409714,1.00034895089897
"E[1,201,1]",11.4024484860335,0.0798858926219932,5.84219034206739,3.47062053559653,7.17329109650393,10.2619490420655,14.4249272771934,26.1355563354112,5348.2440959192,1.00007962615731
"E[1,202,1]",16.2364841310925,0.102703135084928,8.32115050906921,4.91673891774883,10.3647449549159,14.6740697986823,20.2734035932674,37.0093212513545,6564.46523856018,0.999832259198695
"E[1,203,1]",16.0816838725499,0.11152127153676,7.94961771753053,5.24732082239093,10.4531094701368,14.6360655022277,19.9314987442967,35.7217497694999,5081.32606870888,0.999854914277789
"E[1,204,1]",16.2833795229255,0.115290663975555,8.69995045347306,4.84202507329723,10.2825550305622,14.6430271100823,20.3844965382556,37.1491178572076,5694.36469300481,1.00019369094927
"E[1,205,1]",11.2700312762785,0.0722884795852698,5.73408242803117,3.48121850121321,7.12966541838418,10.1506601119491,14.1183051237641,25.6392015669638,6292.01403028099,0.999649784973944
"E[1,206,1]",11.4511133433757,0.0768592307983294,5.94020868805345,3.46185759837667,7.18737556348768,10.2862429001211,14.2909263095659,26.5316796471415,5973.25888479404,0.999660477830537
"E[1,207,1]",11.3828693555644,0.0780977910669943,5.83304954457765,3.48129163593463,7.21966106838425,10.3171756660712,14.3079587293817,25.841653878474,5578.45365948119,0.999605997763227
"E[1,208,1]",11.4310495203364,0.072586897432679,5.73141590022758,3.37500726120081,7.21513657328501,10.3388682057568,14.3849773279931,25.7258832601759,6234.58256481611,0.999678633074477
"E[1,209,1]",16.1939550838553,0.103796128333287,8.14647637582135,5.20148644319246,10.4797246652441,14.6111648233638,20.240577942068,36.506176045014,6159.95154828225,0.999699011655524
"E[1,210,1]",16.0685043305026,0.107240594009361,8.20697408074105,4.96091591870332,10.2871654162334,14.5156211635723,20.3302425062963,36.1449216008809,5856.62884163927,1.00001383273719
"E[1,211,1]",16.2327603324943,0.113453061713522,8.54592818839372,4.77862709420432,10.2198974587015,14.5072443465165,20.4038881860772,37.0268478211671,5673.95696099918,0.999759679388787
"E[1,212,1]",11.4046076400666,0.0788468309296212,5.90067597148405,3.41079459550483,7.20007482408034,10.1924390538545,14.4082457161648,25.3549246980395,5600.60634407549,1.00004476542855
"E[1,213,1]",41.7857248030759,0.292723767419072,21.2939997537099,12.7153661468355,26.6359654678788,37.6773112903834,51.9087839384616,97.0102953789519,5291.74023985447,0.999231231943649
"E[1,214,1]",41.3469853654954,0.288652825746956,20.9908401825515,13.0409469296522,26.8789480151327,37.6087187151665,51.253611224611,92.7827836781273,5288.2017729425,0.999795074878936
"E[1,215,1]",41.3038825445323,0.274275247607379,20.3232031494499,13.3090794840434,26.547130144451,37.6314646510269,51.6048657790842,91.5636938661954,5490.48975017199,0.999517733341939
"E[1,216,1]",110.410484012753,0.892866001788398,65.0047202150985,30.1337668987742,64.1741151458866,95.8974923075107,140.138229470915,277.662347955134,5300.50457909857,0.999637368799318
"E[1,217,1]",58.5369971494465,0.410747112595306,29.1927857613951,18.7219380279886,37.9629880219739,52.7164709911842,73.1484235483501,130.240511123284,5051.28696788843,0.999639118166491
"E[1,218,1]",58.935651542255,0.397709622028782,29.5132105766305,18.8646255097219,37.9023214603046,53.2416288082211,74.3203151926371,130.82428537308,5506.81791410376,0.999209740076505
"E[1,219,1]",41.4293954753987,0.278957563713832,20.7352930505741,12.9328321165286,26.735529459125,37.6135379818454,51.7812325318979,92.7574757234968,5525.14999092291,0.999399372957527
"E[1,220,1]",41.0898275048619,0.259703823716951,20.1272680983269,13.3603417220961,26.5537437028039,37.705338975989,51.1617044880221,91.3931626878654,6006.38235473263,0.9993498559675
"E[1,221,1]",41.265107041171,0.291914901486872,20.3732591502744,12.9264836693226,26.2042153955274,37.5424177063461,52.1744112098301,90.7238242474243,4870.89187034854,0.999873858569157
"E[1,222,1]",41.2535048621136,0.272613964081562,20.3780201803747,13.4156927555631,26.8927124856909,37.2470689457915,51.2884347172394,90.9660435721961,5587.63179823895,0.999430053895548
"E[1,223,1]",59.1589655559491,0.445493979346698,30.0966150804329,19.5837827132929,38.0161145390497,53.5399422840351,74.1111202041886,129.696176026879,4564.06298981008,1.0000709139907
"E[1,224,1]",58.8702233679154,0.388774742955821,30.050610356764,18.9493391447856,37.4527137295663,52.8061977087139,74.2821168988052,134.406801766557,5974.62303465369,0.999660559793907
"E[1,225,1]",58.8896052462875,0.404033831709789,29.4873305989689,18.2558918628743,37.2067738818537,53.0674304873409,74.0671960002879,132.793318321997,5326.42055074016,0.999588159747941
"E[1,226,1]",41.0879396940375,0.265916726944574,20.1772440370203,13.1087969366496,26.5121606504566,37.4561627018612,51.6227342543146,90.3996109614542,5757.47923315112,0.999370155321365
"E[1,227,1]",41.5489413496458,0.274925237840813,20.8427994972472,13.2830265606642,26.7872182993837,37.4103721047115,51.7334615805959,93.0172686724708,5747.55164841518,0.999302182445671
"E[1,228,1]",41.3530078918713,0.275758340772434,20.6763987402252,13.2134283961867,26.9076366390356,37.5855631526426,51.3702217485225,91.4869612561299,5622.02125462787,0.999227413292928
"E[1,229,1]",41.2333051711029,0.275051740039871,20.1480763387626,13.0291390408883,26.754082100663,37.2534328472358,51.951093215185,90.9263602150959,5365.84819475453,0.999961522363696
"E[1,230,1]",58.7955235450761,0.378790157667878,29.3930403673839,18.6906808720957,38.41493172927,52.9072121697242,73.2900968346878,135.526530103976,6021.31919762137,0.999331814957369
"E[1,231,1]",59.0804200305188,0.40124144669359,29.4672623570701,18.9451079781983,37.9839422564205,53.5884418736621,74.0446413475797,133.330284808916,5393.46673318539,0.999711789918044
"E[1,232,1]",58.7697984390015,0.411332179162333,29.6842634986757,18.6859499305233,37.8258178302113,53.1438854483026,73.2462703541836,133.1500751871,5207.95452426323,1.00002288300463
"E[1,233,1]",41.5996089576516,0.261264297815818,20.8941830289994,12.5868624834208,26.6702388847462,37.7931866523834,52.5009776977653,91.9314199515636,6395.73787173675,0.999475343817257
"E[1,234,1]",41.1866070790611,0.26743675689877,20.6742943684725,12.6306015806513,26.4564824064819,36.7797190197066,51.6720691813114,93.1336053333849,5976.11845300762,0.999433714842266
"E[1,235,1]",41.0360747845773,0.247107329185747,19.8183314111372,13.4131007494413,26.7742923161879,37.1243468276699,51.271838915316,87.8194310841191,6432.2500606995,0.999675567817292
"E[1,236,1]",40.966962263845,0.260092330069082,19.8127641453775,13.6134087261036,26.8661304218113,37.0910347430177,51.1834703346102,89.5480085083306,5802.7658776632,0.999385246974365
"E[1,237,1]",59.3622513589556,0.425136914406639,30.0615137525046,17.6024816844297,37.8186220910274,53.5699041743306,74.0738530839662,134.22894339652,4999.93155489421,1.00144408020155
"E[1,238,1]",58.7921299866679,0.383870263720236,29.2665619048458,18.9523490948769,37.9088979441458,53.346122148965,73.6521845456075,130.707749753249,5812.6539848497,0.999483093365729
"E[1,239,1]",59.7159686915534,0.411820680845621,30.5883258281594,18.3560311706852,37.4797951264659,53.5172741264661,75.0003289109653,138.633151380027,5516.8999852957,0.999814165418316
"E[1,240,1]",41.4593841642035,0.276523366846952,20.5627870258796,13.1509250862023,26.8793134035701,37.5701657760081,51.7707059207403,91.4611271030129,5529.68360538553,0.999578106438733
"E[1,241,1]",41.1313373431919,0.258127711616043,20.4270778194942,12.8870637384636,26.5788015990756,37.4258240793069,51.4809170722372,89.2444534750202,6262.43490009797,0.999203548791689
"E[1,242,1]",41.4458795149401,0.273594248251073,20.5967130955726,13.3219149666412,26.7866026013625,37.4847830710159,51.6229343330672,93.153575943798,5667.374515406,0.99947850638003
"E[1,243,1]",41.2797352146335,0.254421809162426,20.4324350213816,13.1242960295434,26.6802943023838,37.1120522637059,51.5472672637836,88.973726165477,6449.58216575257,0.99931495347872
"E[1,244,1]",61.2010429927584,0.402809490124532,30.4227902967146,19.8178722139341,39.5322104392383,55.6712462775986,76.6194042701859,135.059873804154,5704.25195505994,0.999593556466119
"E[1,245,1]",61.3605173806126,0.412519576629155,30.7555124529784,19.5748435519596,38.8614769450332,55.4141292022934,77.1330631880638,136.469019074641,5558.48974403722,0.999892664744472
"E[1,246,1]",61.6426940047113,0.433310565296224,32.1220869131253,18.9688304697064,38.666891270294,55.503679902361,77.4213335615484,137.731331988307,5495.52197442995,0.999986595643521
"E[1,247,1]",43.2647715624145,0.289451466743403,21.4647573602662,14.0153447373547,27.9305025376365,39.2277152514238,54.588847241703,97.0331098610328,5499.21194116972,0.999824109274426
"E[1,248,1]",43.1540966572921,0.285059093563332,21.4504487261066,13.6371145554748,27.9171067807158,38.9324726536757,54.3617441627853,94.7905605468857,5662.43153243097,0.999434266586404
"E[1,249,1]",43.1503133890415,0.271869663669128,21.277616413424,13.9476184294002,27.8268077191562,39.2651870863552,53.6793480849201,95.6176028346067,6125.2589099746,0.999157647564951
"E[1,250,1]",42.9377704660784,0.273169918788045,20.7565774616473,13.833933077788,28.0583918794229,39.095098401092,53.8262040202548,95.1816336057975,5773.58736673683,0.999496000325328
"E[1,251,1]",61.4324195508643,0.446232539238502,31.321105877633,19.1065855439957,39.327521059929,55.4205779477298,76.1035638900507,138.730216260766,4926.64992573383,0.9994058861621
"E[1,252,1]",61.0017169510162,0.403209435104607,29.8478616770742,20.1216128854822,39.8723931138008,55.5441691001553,75.8090811141411,132.462589507861,5479.80462651617,0.999812168292182
"E[1,253,1]",60.6628606027956,0.37999807971568,29.8921636185829,20.0326058836891,39.6584598189181,55.0509796613943,75.4048048995602,134.897854957479,6188.02269167004,0.999653983604048
"E[1,254,1]",42.9017541921236,0.266808282237208,21.0937962444059,14.1797972087627,28.1225792993621,38.714500881131,53.3153368146597,94.1184068804969,6250.44416061854,0.999346687147943
"E[1,255,1]",43.3410204884209,0.27419994991059,21.7315771693189,13.4415582747227,27.425755113371,39.0963809958817,55.0774765013466,97.0445666484713,6281.27417425155,0.999587283247828
"E[1,256,1]",43.386910722148,0.271808308337086,21.2460884989084,13.7790335824208,27.9856319493025,39.6046044818034,54.3997737123496,95.9123420922968,6109.87769862395,0.999153021395966
"E[1,257,1]",43.0206720579026,0.280339907647744,21.1050391582339,13.9102150030033,28.1562900743124,39.2681150675095,53.2436631103404,95.3916386231264,5667.64281848584,0.999676144361089
"E[1,258,1]",61.6039635671724,0.450199850436559,31.4526160595669,19.6427420312974,38.9635199292707,55.9908836989507,77.4899003163326,137.168160200696,4880.93309183604,1.00002382398178
"E[1,259,1]",61.1454262050008,0.384632081248641,30.4192054865444,19.5483226536435,39.4124826412781,55.6977197737565,76.1210618792944,134.148354169667,6254.67464381226,0.999449035444532
"E[1,260,1]",61.2224909353462,0.403680588626326,30.5789200439111,20.0362001654024,39.8977367065498,55.0002653946079,75.9639047236377,138.779925848985,5738.10583013957,0.999715874204436
"E[1,261,1]",43.4690218773686,0.300575328912074,22.0142514496603,13.5920986987288,27.7964326282057,39.1369864546544,54.5611197385814,96.0046025137779,5364.15333150954,0.999694702417853
"E[1,262,1]",42.8245113816168,0.274057195140743,21.4856696128925,13.5991058048269,27.4213281241688,38.6987298849037,53.6479192309354,94.3880337045582,6146.3228568003,0.999681182903341
"E[1,263,1]",43.1890218383857,0.289927858319332,21.5020390952743,14.0825985470364,27.9245334164981,39.2964307002307,53.6496309925355,95.8878611861385,5500.21162241801,0.999333465180149
"E[1,264,1]",42.8512345285956,0.278159641113153,21.2519331847244,13.5453017983493,27.8085537122856,38.6797061971362,53.6198118169001,94.948357120041,5837.25477345125,0.999432203683896
"E[1,265,1]",61.5761169545514,0.412014897507843,31.1585361565284,20.2291296810725,39.4606266078749,55.7914061145011,76.7393832979291,138.586092864802,5719.10741457499,0.999789135162588
"E[1,266,1]",61.5204243449868,0.425717994835926,31.232819430197,19.4152554183813,39.1477008097997,55.4922818024228,77.163551510587,138.277020372223,5382.42968369572,0.999733480985204
"E[1,267,1]",61.4476982423284,0.391591283892955,29.9365780775794,19.7709654780797,40.077432961699,55.5914599247766,77.0078663796502,136.374100544479,5844.37776381798,0.999874098996514
"E[1,268,1]",42.9800480916402,0.270296551984129,21.0376112123779,13.5850345010213,27.8229047681888,39.0458629710168,53.8479983936639,94.9270824510329,6057.75686260921,0.999658431095144
"E[1,269,1]",43.3789160519595,0.283707219841559,21.9791327432774,13.5431466290304,27.6060536598513,39.2666549771142,54.5909955248091,97.5290129982439,6001.78353815219,0.999703924252533
"E[1,270,1]",43.2420464892382,0.314941749867288,21.7593561169112,13.9272188885352,27.4708245842516,39.0934658554368,54.1023422960458,98.4182522703775,4773.4415338442,1.00020964744523
"E[1,271,1]",43.444252156207,0.29188146014103,22.0558378436853,13.9380644377191,27.8097385254676,38.9996467924074,54.7823928728243,98.0397923585157,5709.9735958851,0.999799109605426
"E[1,272,1]",61.6253026829259,0.396393617399982,30.5033398279165,19.6133220240997,39.2147709527626,56.4107565346105,77.1848405441382,135.091122375709,5921.63289370041,0.999495239743135
"E[1,273,1]",61.5262876820749,0.468641682578135,31.4399623091163,19.248129475456,39.7985065853069,55.2777925870871,76.552127097243,137.121036827366,4500.72218579811,0.999694315526007
"E[1,274,1]",61.1479696539165,0.408476285750621,30.3046027248948,19.5721522269263,39.1231353335314,54.9194357213057,77.0328347668532,131.844160143494,5504.06422841754,0.999920390321292
"E[1,275,1]",86.2015322934673,0.675710328047829,51.2864734119632,23.1405002473285,50.2467639365056,73.8607074012622,108.372696633544,214.237520735249,5760.82336978059,0.999975141485518
"E[1,276,1]",32.4843799274773,0.241647942530813,17.0640121785152,9.54376056861341,20.44473192004,29.453807771187,40.6805747549567,75.1815946246052,4986.5031906061,1.00023030103244
"E[1,277,1]",32.4787476470522,0.240964983911815,16.9087131986893,9.99450778583027,20.4919201179091,29.1479262428008,40.6476177046282,75.009263527119,4923.94554402021,0.999910856522984
"E[1,278,1]",32.4390299976768,0.216169049558198,16.2532694790037,10.0556076424435,20.8059181908267,29.100461508189,41.2483764733069,72.6227808611758,5653.20124431358,0.999281053478042
"E[1,279,1]",46.1053046588104,0.312954225852424,23.1083284317781,14.8933353275287,29.5723440132329,41.8124009059907,57.6417685464504,103.106130720252,5452.2457460754,0.999467277782656
"E[1,280,1]",46.1306628665918,0.29660197091477,23.2067736632718,14.2589617967325,29.7407205065078,41.9815058027159,57.6976010524808,103.954572589909,6121.83285728049,0.999853657841033
"E[1,281,1]",46.2242083548226,0.320423044187699,23.7074298193704,14.5310719710245,29.0093068880078,41.6682936958759,57.9637576613941,104.623717579211,5474.21011686118,0.999341470833313
"E[1,282,1]",32.5289180297015,0.236279848400085,16.9847381397762,9.89524926704285,20.6621563092593,29.3029114407544,40.3515772417444,76.1585096501728,5167.3079454157,1.00001292001393
"E[1,283,1]",32.3132197474782,0.207427298574066,16.1745193665995,10.2719954658508,20.7452838000456,29.2507720568007,40.4016121562133,70.8766093280994,6080.38313601863,0.999749815959586
"E[1,284,1]",32.2953360817152,0.240267452962482,16.4100575135743,10.3068098846133,20.5917128002087,29.1447448654382,40.2012660503202,73.5035930995136,4664.7708795657,0.999980038885555
"E[1,285,1]",32.3159550259114,0.218223177518533,16.2811857096591,10.4389620661809,20.7830591077143,29.1758173797276,40.1456604079278,72.61313936411,5566.34742888253,0.999591671918849
"E[1,286,1]",45.9671481091525,0.32102975207522,23.5077553656396,15.4145844614954,29.103737793374,41.1053077452219,57.5857729403232,104.218578783574,5362.06109950931,0.999912993324556
"E[1,287,1]",46.4108982382193,0.319683551591296,24.0812819213706,14.2830159503251,29.3686154267462,41.3964636577723,58.4167229717561,105.034847150107,5674.38267912524,1.00039586012141
"E[1,288,1]",46.1363674663845,0.317084384459198,23.7287921064686,14.7769813184985,29.0045778122456,41.6402879454867,57.5941668203369,105.340945854961,5600.17441749258,1.00012075192823
"E[1,289,1]",32.5849117665776,0.211734652184251,16.7247404280509,9.7484323595337,20.3352900436035,29.5195893055183,40.6570099237128,72.9241865991986,6239.28598669599,0.999558121228156
"C_sum",14440.0155,69.147826172932,5564.96750283294,5776.625,10413.75,13800.5,17707,27136.725,6476.91506534754,0.999773873006176
"C_expected_sum",14441.2391813827,69.2338570130299,5564.12259612787,5796.41844137015,10399.9996881699,13761.7412062704,17706.6049330851,27164.7964580545,6458.86678357508,0.999743762197159
"E_sum",4919.71028734518,19.7712949021437,1724.09727665188,2012.44910239332,3660.74713364194,4791.5486293784,6011.28338724447,8640.25925883517,7604.19602488778,0.999610338675758
"R_G_out",1.36186854582826,0.00547105357625361,0.404933726415761,0.732988415211357,1.07600309667783,1.30455732062337,1.58242158639482,2.27923137849449,5478.04965851214,1.00009496634723
"R_G_boat_out",3.5519964105637,0.00189219423659761,0.162322003088661,3.24557167283102,3.44221129247986,3.55406474664052,3.65664424518378,3.87474487805566,7359.07715123502,0.999856476113565
"kappa_OSP_out",3.14118529096477,0.00425823851304256,0.335800513107544,2.53695767811968,2.91102332390029,3.12460046159979,3.35245270723743,3.84765983598172,6218.74492582885,0.999730014471799
"f_crab_out[1]",0.299910393056434,0.00109289161725516,0.098867278772472,0.125524284104284,0.228576577908619,0.294668107165452,0.364857117280695,0.508320563330194,8183.72395734868,0.999385742776199
"sigma_IE_out",0.201494327818495,0.00251562254899017,0.197165655606595,0.00679774013972369,0.0611381928797735,0.146880694081035,0.274853353621473,0.746295082776369,6142.87356483557,0.999495955740355
"L_out[1]",1.25287476486078,0.00511285679001344,0.387295025818864,0.652160011317173,0.9696165443303,1.2018363427336,1.46784667344296,2.15872821773348,5737.94764937524,1.00018594752576
"L_out[2]",1.25295326146678,0.00470925327490929,0.377576267314721,0.676409536311829,0.977998140475384,1.20044305617812,1.47207021094764,2.10469199585443,6428.43534944508,0.999113269607818
"L_out[3]",1.25276881524371,0.00500185796988156,0.386617660528337,0.667082517523411,0.979362687793717,1.19755656085461,1.45788058541583,2.16619201000352,5974.48762510039,0.999590374076788
"L_out[4]",1.26112418135993,0.0047207038581623,0.396094186389322,0.662185355563654,0.981010902667933,1.20188132910159,1.47685927119975,2.20168191079921,7040.1744793199,0.999305178559994
"L_out[5]",1.25819079463278,0.0050980006324689,0.386832696136675,0.671900723885974,0.982993303785922,1.20513848530926,1.46010607844014,2.17952342244367,5757.66747624041,0.999953645319793
"L_out[6]",1.24212557786283,0.00498929625232061,0.371695361083406,0.673099314872308,0.980515224803709,1.19639502478862,1.44253330135087,2.10007628280096,5550.03469167098,0.999679222845542
"L_out[7]",1.26124591012637,0.00505835902420261,0.382971869532376,0.673213622245513,0.988285442993458,1.20492529316707,1.4720308125411,2.22292360901806,5732.10910540188,1.00020917656695
"L_out[8]",1.2577016694541,0.00515498657970969,0.381332753461849,0.675864826977517,0.98426191129458,1.2095729893458,1.47182156521409,2.16048484727882,5472.08885358903,0.999374829699102
"L_out[9]",1.25149787006646,0.00480174673260781,0.379588615440126,0.658427612505531,0.975341140959382,1.20058179034729,1.47612729111675,2.12066526512539,6249.24941556555,0.999581984415792
"L_out[10]",1.25642888622216,0.00511183838356898,0.383071867053694,0.66036731082677,0.984670994958822,1.20277981289125,1.47246607387022,2.16843406842598,5615.73088430633,0.999815027423076
"L_out[11]",1.25140793513441,0.00568892998246991,0.384435725699372,0.674762866876293,0.970335137548955,1.19295285589067,1.46456010648396,2.17405433522453,4566.52986876738,1.00041068764829
"L_out[12]",1.26263034254632,0.00509144311230891,0.385686470356776,0.654265266331198,0.98651297084219,1.21413053639502,1.4765042909704,2.18120856935558,5738.34978399408,0.999264643075527
"L_out[13]",1.25506379841175,0.00522778838344362,0.393506265523624,0.66078230087909,0.975508465393351,1.19915795673406,1.46765798686909,2.1869375803235,5665.87911920657,0.999654729612224
"L_out[14]",1.26041574315222,0.00534282030162212,0.393606294176106,0.662975032783714,0.98304732671015,1.20235026433455,1.46813984520309,2.22133104417717,5427.28882607544,0.999592684909991
"L_out[15]",1.24318629631013,0.00486058724024473,0.377383918932502,0.666922151753589,0.979942756568629,1.18462570460712,1.45131320968975,2.10619405011509,6028.22279987386,0.999816303977741
"L_out[16]",1.25280679909695,0.00470816241267064,0.380155622540705,0.665546707170271,0.986384202463001,1.20183495572997,1.46321459323291,2.16821342282293,6519.58519064102,0.999465147743465
"L_out[17]",1.266623440957,0.00528681727814404,0.397146549417063,0.660112000704413,0.985992611381125,1.20769198377148,1.48571232787109,2.21006582154136,5643.03814265531,0.999614248658751
"L_out[18]",1.26803870465778,0.00514484393218082,0.393529300457857,0.663739114495318,0.983443512717377,1.20959085103603,1.48725503055212,2.20331720414264,5850.72569264841,0.999530448966829
"L_out[19]",1.25664122107837,0.00533041857808249,0.382188402988787,0.669200834874971,0.987323278871766,1.20502287487278,1.46297563873543,2.20717972170339,5140.81981078645,0.999921472399512
"L_out[20]",1.25945299568254,0.00542660866026757,0.37655840606155,0.674535069581164,0.990567243628925,1.2110510875253,1.46829340971551,2.12565637893523,4815.126341141,0.999281079413494
"L_out[21]",1.25606562676968,0.00521273910155455,0.390351213196982,0.666318940165924,0.973435672679144,1.19702357693513,1.4738807019131,2.14673327880596,5607.62662395936,0.99909603957985
"L_out[22]",1.25762011733647,0.0053828712305327,0.397744196908517,0.652103017647928,0.975417068516038,1.19506775148832,1.4770528312651,2.21141106621964,5459.83756915323,0.999974309762328
"L_out[23]",1.26184167531245,0.00564055081110502,0.38818105783831,0.671106805380557,0.982510021904387,1.2059640987664,1.47946986297655,2.15680367015485,4736.15216183898,0.999684476917825
"L_out[24]",1.25806909479766,0.00526081939542452,0.38145471905768,0.671378373027793,0.985344018122,1.20733228272946,1.46487860080447,2.13493415011485,5257.49899920753,0.99977540081715
"L_out[25]",1.25115746554833,0.00533725220057077,0.399457745678946,0.657227693650291,0.972897394860228,1.1911838465116,1.46464390175268,2.18092135797604,5601.5245485829,0.999273690441592
"L_out[26]",1.25988730955699,0.00505366145658691,0.390656583320123,0.67920940663544,0.972140000927358,1.20502731496342,1.47837345734115,2.19043620124799,5975.55164512966,0.999454550566861
"L_out[27]",1.26008855769879,0.00529934896219092,0.400152906870471,0.667920819123393,0.975944045601646,1.19402662164746,1.48712586202382,2.17487939291846,5701.73350400653,0.999894082449704
"L_out[28]",1.26005968425995,0.00533674187875784,0.391519453525011,0.666052543825809,0.977377443805568,1.20710507349401,1.48018932239934,2.18919046540531,5382.13139314607,0.999282962479133
"L_out[29]",1.25703611658664,0.00497341443438136,0.383715356587531,0.663260729793753,0.981229601331663,1.20259120873779,1.48114240945886,2.18837975242954,5952.63234336305,1.00004249699657
"L_out[30]",1.2586588801573,0.00513700614130128,0.394320672550334,0.654999007228264,0.975092774634805,1.19931255402058,1.47380909675116,2.10709253032126,5892.21956607505,0.99969838108938
"L_out[31]",1.26739110855279,0.00546210035775962,0.397196545845733,0.670143330967481,0.982493707737302,1.20511808075521,1.48097776167598,2.24455866266294,5288.00156962164,0.999425778590139
"L_out[32]",1.25885597994806,0.00514127905074354,0.389510266684323,0.664362716332239,0.978552056248122,1.19727681749828,1.47983286675339,2.15532275025322,5739.78289277678,0.999242077328122
"L_out[33]",1.25534389035219,0.00548387923756648,0.393373480705279,0.664274674998245,0.97132563122171,1.18817913250987,1.47678151064487,2.19475886447589,5145.58068149281,0.999583919934336
"L_out[34]",1.25079728579518,0.00492261647292162,0.389013087529607,0.659184700412541,0.968376432298238,1.19440940303387,1.47377512376743,2.15918151515687,6245.0572446977,0.999190080095716
"L_out[35]",1.25833759113132,0.00488523240351008,0.38310899849924,0.681567736892216,0.973026618418186,1.2081547978147,1.48129927681513,2.14552305836537,6149.98770475213,0.999731249343256
"L_out[36]",1.25211085698817,0.00476568484494807,0.383301902337317,0.665922981423189,0.966457063579723,1.20358120288413,1.48197570352052,2.1345314250566,6468.91301330702,0.999814088284703
"L_out[37]",1.25027171208255,0.00521662667635855,0.383564105240865,0.662643379262001,0.978240008719204,1.19510820149923,1.46711134484664,2.10765371146696,5406.2534326289,0.999460184357343
"L_out[38]",1.25124000185436,0.00472879881610455,0.382852362719595,0.6611795953189,0.982406428331281,1.19725482473172,1.46010318234996,2.17462980676764,6554.82328835776,0.999713479157066
"L_out[39]",1.25322326267055,0.00546400776788803,0.392834856265902,0.656191334410265,0.96638634974617,1.19858979739279,1.46392762241617,2.19637501684501,5168.89149325348,0.999655995717941
"L_out[40]",1.26092972476686,0.00498254169515429,0.384577918784495,0.683518759984713,0.987776567612787,1.20736287432147,1.47327449482257,2.16797605737854,5957.5377965658,0.999743042474139
"L_out[41]",1.25807778520216,0.00509743573077063,0.389783992832153,0.664311662255591,0.983956187115022,1.19722532605708,1.46627372839931,2.18001621715096,5847.15332983697,0.999616701067997
"L_out[42]",1.26132860881948,0.00582147177717335,0.400816737823668,0.653140978171172,0.977400902890023,1.2034134506486,1.48867423575198,2.18447797254056,4740.52133520898,0.999696251962227
"L_out[43]",1.2518472952091,0.00488025522615422,0.381595418512615,0.678537259960657,0.981607381994271,1.19913857828284,1.4558699548328,2.15667377276851,6113.94085765159,1.00015428255568
"L_out[44]",1.24672480414552,0.0042125503456576,0.378372862046489,0.665851538231873,0.973094941054356,1.19397519029032,1.46473488959215,2.10413166694164,8067.70020408327,0.999503631022849
"L_out[45]",1.25326288178847,0.00494385101436808,0.399171762469952,0.655533244767666,0.971978680943696,1.1879904695266,1.46228113876833,2.21494895918409,6519.11847882234,0.999550468200476
"L_out[46]",1.245302536654,0.00513361911977195,0.374378469673699,0.679451457037169,0.981648919389818,1.189855083206,1.45293407465299,2.12521493186972,5318.31971660609,0.999483948651788
"L_out[47]",1.25473469839914,0.00558815249552789,0.378680699219073,0.680071311730934,0.987656067146579,1.19902807938989,1.46180018101872,2.17336717816954,4592.0841985699,0.999907703122816
"L_out[48]",1.24958960012603,0.00482733767677008,0.38703743500805,0.645681119056729,0.972886327916362,1.19395788988798,1.46396193877743,2.15571060686552,6428.21786343128,1.00005659783557
"L_out[49]",1.25568197915138,0.00508765103590477,0.384071936974332,0.673206555440201,0.96802582774438,1.20306985917016,1.48754477959927,2.13266386919542,5698.89323616815,0.999359542858069
"L_out[50]",1.25833336089282,0.00556428581649002,0.39896673271441,0.654817366152867,0.970054499103717,1.20581522232026,1.47561642727746,2.1837858288622,5141.08173330739,0.999586669638869
"L_out[51]",1.25343718871488,0.00504723445656509,0.384532483529634,0.64866507979905,0.975238442536421,1.20670523884502,1.47091299540024,2.15883101155679,5804.42370721516,1.00004773516736
"L_out[52]",1.25782483598639,0.00533112559055104,0.383095759058845,0.672648150343187,0.982634120701054,1.20375868233881,1.47772495131987,2.15452166758591,5163.88855692582,1.00019861168511
"L_out[53]",1.25354893803589,0.00539820480678516,0.395189948428899,0.647091166546386,0.975913813607596,1.19812502940175,1.46186841852977,2.14829138441286,5359.3616541851,0.999680648561355
"L_out[54]",1.25981489333592,0.0053227729963108,0.387490294142407,0.666092544152923,0.985880703299192,1.20448859760384,1.47021386976707,2.19097645679679,5299.63265777303,0.999519276588538
"L_out[55]",1.25723076834452,0.00511880202480394,0.383384429570909,0.686128300079301,0.983944487432245,1.20072334788906,1.46796704323377,2.1538642985243,5609.60492334783,0.999494248938354
"L_out[56]",1.25686625613181,0.00534663838532826,0.390821171230812,0.658683036225226,0.986003999972128,1.20539932285218,1.4565518671126,2.20694522803891,5343.11522382961,0.999263931216292
"L_out[57]",1.25755591653763,0.00488829331013057,0.378032423442172,0.665215000807137,0.988998129252068,1.2065945879387,1.47610311256024,2.15933320894043,5980.58389821342,0.999694434250364
"L_out[58]",1.25841262378954,0.00499491538159201,0.399433072889374,0.656529426395441,0.982511515272551,1.20125446320521,1.46049527063403,2.16831419032937,6394.87076660871,0.999453765738853
"L_out[59]",1.24698060488526,0.00504514413041997,0.380107073741309,0.674708408094414,0.977459410101849,1.19298887972728,1.45318388899346,2.11740805767773,5676.29225945744,0.999687683107316
"L_out[60]",1.26129462909095,0.00508028046782281,0.388847713430151,0.66682834466451,0.981916838887739,1.20785025440895,1.47771360419515,2.17791856675883,5858.46339577024,0.999527178191087
"L_out[61]",1.25439317867123,0.00481003257497079,0.382474820280605,0.662597126415361,0.983380818513165,1.20210715748527,1.45896301941848,2.17325455836139,6322.80318452248,0.999240577806079
"L_out[62]",1.25795272008592,0.00528973241502567,0.393763881377608,0.655763898313409,0.983301851959689,1.19626863520083,1.48038108301553,2.2107541753505,5541.20666051547,0.999297323686724
"L_out[63]",1.24916528177661,0.0048377987213397,0.376063616003986,0.674912997663407,0.983643557494756,1.19432891981374,1.45932902939716,2.12681313594851,6042.64449795248,0.999592270103384
"L_out[64]",1.26630821852486,0.00527699121343874,0.38918526389668,0.674736182090588,0.98586837384113,1.21166301188904,1.47973035827119,2.18395471739109,5439.26268809002,1.00044808676628
"L_out[65]",1.24793560669281,0.00507627801383098,0.392725366596036,0.661794307410961,0.970459952001871,1.18937200145083,1.45729489537644,2.15886510954145,5985.31634250041,0.999452289473011
"L_out[66]",1.2510341880863,0.00460267998762078,0.382822670322495,0.659539981322434,0.986504329792796,1.19353856378354,1.45892873674422,2.11943814465712,6917.89132729427,0.999633195973562
"L_out[67]",1.26667951038184,0.00508982537907793,0.38901273601686,0.641541296328683,0.986003843861012,1.21075596089302,1.48734418989457,2.21092120692894,5841.46628409999,1.00012617141649
"L_out[68]",1.25295591121649,0.00472314031597011,0.379231107950054,0.674349802934604,0.974078490387099,1.1970421558664,1.47535364158101,2.15576634580629,6446.82993740406,0.999883124080826
"L_out[69]",1.25217501935031,0.00524519540550961,0.383214617080201,0.675522751561562,0.982504070249098,1.19255368897567,1.47044650064431,2.12802469517931,5337.7814500508,0.999473414673092
"L_out[70]",1.24661184773173,0.00484868057023831,0.379246259324353,0.659060018013067,0.972981925757835,1.19156147149981,1.46743698265721,2.13336945643991,6117.80265987233,1.00010784137789
"L_out[71]",1.25292701665226,0.005177901427958,0.386440913828589,0.665560850648347,0.974312131591639,1.19600658324075,1.47496690207016,2.17625099654426,5570.04423127315,0.999545247643346
"L_out[72]",1.24864548465225,0.00531592471690581,0.388682031666923,0.671061035105615,0.974895565750636,1.1857885861512,1.46091035061512,2.16962022012426,5346.02868197502,0.999599168677339
"L_out[73]",1.25784987837128,0.00491527238814548,0.391808779000986,0.673202646960888,0.975829459888175,1.19355282741891,1.47301394588516,2.16976437288858,6354.08683256303,0.999636663640481
"L_out[74]",1.24746774127292,0.00511892910708959,0.38341290065777,0.674111794776452,0.969689748877795,1.19905238881887,1.45409236643425,2.16867318016255,5610.15955540364,0.999655518296878
"L_out[75]",1.25232167622951,0.00487892704882896,0.368136822683473,0.686235203615763,0.98544067999676,1.20261940867996,1.45562704425783,2.10178103461643,5693.37605460137,0.999450040056417
"L_out[76]",1.25595041578549,0.00509685613230813,0.381844542872789,0.675063781336044,0.982391655987893,1.19746811145667,1.47114151642066,2.14076152329272,5612.6560175144,0.999893147528423
"L_out[77]",1.23925062676375,0.00481575912933916,0.368386339433376,0.65798983443597,0.979592661057803,1.18879922987033,1.44421083851126,2.09720208583105,5851.63893969884,0.999153949421506
"L_out[78]",1.25810963315864,0.00514061345255274,0.397769267488132,0.658746707226013,0.973603897464625,1.1853175863626,1.48094543439711,2.17746455885258,5987.32115958954,0.999440122812193
"L_out[79]",1.25737510408205,0.00561411687592002,0.388645504006671,0.668168228618741,0.981916422730628,1.20352349996972,1.47312032898093,2.18543713539453,4792.30440808336,0.999467388442853
"L_out[80]",1.25239626855701,0.00512511911871839,0.386565767365545,0.656507660521741,0.980199711104208,1.19639479765802,1.46951127287178,2.14940578849155,5689.03828829333,0.999499220053105
"L_out[81]",1.26405323529267,0.0049204036232971,0.3879756597666,0.672707041030637,0.986822691504747,1.20631971395988,1.47553658044284,2.18002837525523,6217.38128246692,0.999553185628717
"L_out[82]",1.25288672147502,0.00505988265916943,0.377015987361243,0.657759514066233,0.981445236021441,1.20709889102049,1.46768846585487,2.15928428500043,5551.86174699747,0.999216445069338
"L_out[83]",1.26069000253191,0.00502399458427129,0.373345447482027,0.670009908847065,0.998821389913096,1.20933693321234,1.47240713900831,2.12892074748796,5522.34321697258,0.999263958925405
"L_out[84]",1.2537128053824,0.0047733742119601,0.381320405941529,0.655242108979271,0.981175689611116,1.20754490648198,1.46260647114309,2.13621790386773,6381.59337730295,0.999507826296005
"L_out[85]",1.25571384612872,0.00451144570537817,0.369631760029079,0.68393550434357,0.987093055319674,1.20562067258298,1.47863789097431,2.10491038328604,6712.8522787985,0.999943459465672
"L_out[86]",1.24961745728807,0.00518110460571712,0.385527371552596,0.65874919062975,0.974365972733559,1.1932598403417,1.47256302461261,2.14163078851863,5536.88767663611,0.999616154849238
"L_out[87]",1.25476230363025,0.00551424611223044,0.39668624763634,0.663261599681959,0.973974353142139,1.19875010438817,1.46457872928323,2.17697819149116,5175.13874642103,0.999777764677672
"L_out[88]",1.25584491855109,0.00444333311453364,0.372080315107674,0.682172501719461,0.981073052454255,1.20730149418445,1.47051956432242,2.12718646333946,7012.22175795283,0.999023213074669
"L_out[89]",1.26313018723415,0.00520477878080431,0.401705099994041,0.646957977599713,0.977280244777521,1.20556011611751,1.47466821629498,2.24986587174933,5956.76051697215,0.99978747199505
"L_out[90]",1.24630892564526,0.00525154194471018,0.371413958436655,0.665583508649994,0.973751361996077,1.19702100260083,1.46560255316253,2.11348329212428,5001.9893813219,0.999621797134875
"L_out[91]",1.257836629036,0.00591543910355111,0.408083310642778,0.642262656244079,0.969851498728123,1.19746819323973,1.47531864555128,2.22151898035345,4759.08752338208,0.999755463845145
"L_out[92]",1.25404640043822,0.00497407192714295,0.385174861249699,0.67528713453743,0.977248118955355,1.19715969686155,1.46593277102429,2.15678538755495,5996.41590573052,0.999702843404696
"L_out[93]",1.25378201604682,0.00456105666699812,0.370964086124648,0.666601525613098,0.989499875769464,1.19955463529325,1.4653105564663,2.12410845033883,6615.04491398678,0.999396350164268
"L_out[94]",1.25196729031264,0.00523758726098451,0.389613225874864,0.664967538028873,0.979886231659855,1.19694979213095,1.46637708784939,2.18286524392389,5533.5627473596,1.0004063763146
"L_out[95]",1.25259927705942,0.00543576416038032,0.388847455531994,0.658969228056373,0.982223478637523,1.19182915486005,1.45922523862237,2.17604202630386,5117.25797052957,1.00013998988665
"L_out[96]",1.2469023471638,0.00427661779939186,0.375596866596765,0.663737447043189,0.981807108541282,1.19648621622059,1.45210631852595,2.13149178109007,7713.35007834955,0.999892429121805
"L_out[97]",1.25884657660703,0.00473996405194851,0.391905525918259,0.650606289828154,0.98183893908616,1.1993257131579,1.47209625664593,2.20167580019904,6836.16723268023,1.00052705858838
"L_out[98]",1.25333213140741,0.0057716488451093,0.395742669475089,0.669244214184326,0.964315177360188,1.19282377384452,1.4773364675607,2.19188455603617,4701.38651839881,0.999538129968082
"L_out[99]",1.26069540601088,0.00517851656220527,0.383787653098913,0.676110367391937,0.984720465951999,1.21274246584712,1.4706184099925,2.1378829739942,5492.51508768171,1.00032815183351
"L_out[100]",1.2646426664327,0.00523570364126954,0.400357128684166,0.653068044025278,0.979813125750259,1.21207627270286,1.47925972891792,2.21048148404735,5847.16056284099,0.999989655951843
"L_out[101]",1.25844612800566,0.00532441556870296,0.394750163337397,0.673722149075081,0.975205124711208,1.19576837420582,1.46431332760945,2.16931789777416,5496.68370912096,0.999456421498334
"L_out[102]",1.25939071210919,0.00442000813024622,0.386340130811106,0.674272374172709,0.980191925336546,1.20793242930623,1.47845469030729,2.16072804110607,7640.00264005298,0.999229592804029
"L_out[103]",1.25163130995994,0.00465198087113815,0.375826544806543,0.673233437959976,0.982658222845124,1.20073084202495,1.46314853984261,2.12487049571678,6526.78132235259,0.999889180182051
"L_out[104]",1.25834545920475,0.0051323034744234,0.386731805699623,0.665955011803634,0.977061823671707,1.20949772263657,1.47322959746169,2.17015752600021,5677.99655896458,0.999579369738636
"L_out[105]",1.2477024514765,0.00495402091599156,0.381577336178891,0.661821242434297,0.975894542804996,1.18703738287812,1.46384764701466,2.13919529981785,5932.66016769418,0.99929291377697
"L_out[106]",1.25293323992803,0.00537916186809235,0.391266323188478,0.666239075516532,0.974065689025069,1.19084898921105,1.46558904210191,2.19721036043907,5290.73137961446,0.999827357931239
"L_out[107]",1.25666465947151,0.00514720723985202,0.38807081835788,0.670565825735961,0.984465408922499,1.20304646885666,1.46071744773116,2.16613792095333,5684.32190355898,1.00022163788985
"L_out[108]",1.25208700017158,0.00501383972674453,0.373866797930063,0.667531975298586,0.982272876305661,1.2066006965699,1.47024333501321,2.10144358658712,5560.23186806731,0.999904271594923
"L_out[109]",1.25189175219722,0.0048536313068954,0.371234736494051,0.677477436699479,0.984313592070874,1.20971584516639,1.45775001710243,2.12513582069825,5850.104803346,0.999613454533552
"L_out[110]",1.25238822269837,0.00529472873813126,0.390653686230947,0.651421444952271,0.97497085656509,1.1926779195216,1.46662747314155,2.16349447464366,5443.72807608945,0.999723606863319
"L_out[111]",1.2400376697029,0.00465255883447852,0.374409580741611,0.667013202108172,0.977828538191957,1.18567108625551,1.44295145413268,2.14321881914586,6476.04949280374,1.00021082934311
"L_out[112]",1.24631621777689,0.00474614651412091,0.376510933867782,0.674402859224065,0.980419670385317,1.19188854985278,1.45755167740786,2.10199359384333,6293.21984677998,0.999720579299084
"L_out[113]",1.24853309797342,0.0048357493493441,0.380104926168424,0.67385640306294,0.983899156250006,1.19386041394656,1.45039409696839,2.16955037515462,6178.44851577198,1.00017288311302
"L_out[114]",1.24849186140675,0.00544441081296031,0.373384877490918,0.663150041199145,0.98073738479476,1.19985545980474,1.45964177790203,2.08521669959058,4703.39738531925,0.999815090441725
"L_out[115]",1.25527499697444,0.0052744757639146,0.376127283790452,0.681588671670305,0.985964517489705,1.20588590296058,1.46627168355714,2.14449439009167,5085.23553662984,0.999213001262815
"L_out[116]",1.24776872781064,0.00508984869673815,0.369203815556873,0.673072410057715,0.979293501017946,1.19746134125874,1.46411078673938,2.09464727288432,5261.65800118753,0.999563431557456
"L_out[117]",1.26131438606165,0.00506970995521804,0.380381660351805,0.668069741140065,0.988424166303767,1.21026696286122,1.4797278016318,2.13344881684462,5629.54004256647,0.999494988858548
"L_out[118]",1.24768863827559,0.00518316534450655,0.386508784535609,0.663471606351128,0.970848473721908,1.19802490515214,1.45715320317545,2.16418098062348,5560.68906634269,0.999568756402634
"L_out[119]",1.24320962567179,0.00479031159162364,0.37542730247477,0.667247369624291,0.972902154931258,1.19056460250452,1.45296118703075,2.1270443030458,6142.20318414398,1.00011923977499
"L_out[120]",1.2474599869571,0.00440329683018299,0.372460336239787,0.678352320247739,0.977166536995768,1.19283980582342,1.46102732215273,2.08834032842152,7154.90936561772,0.999905490481499
"L_out[121]",1.25273029951779,0.00485164932655779,0.382050900676917,0.670549932738342,0.978358950700206,1.19718014146044,1.47053069400168,2.1297173991404,6201.0273951999,0.99937350992741
"L_out[122]",1.26142211078285,0.00503367517073135,0.382377947225083,0.682215489404012,0.989721795861778,1.20865635936493,1.47512392325391,2.16094177788875,5770.52466469421,0.999618202539829
"L_out[123]",1.25442090938237,0.00527838194463194,0.388644700071473,0.662966116576676,0.97782126001162,1.19708313096031,1.46506245514318,2.17871099826175,5421.30540948565,0.999860673064315
"L_out[124]",1.25135397726896,0.00566094084495471,0.397373876440782,0.653480767382714,0.974734560987016,1.19315848564529,1.45740370869834,2.17519783315788,4927.44054352369,0.99986672027524
"L_out[125]",1.26152381718317,0.00498752787024528,0.385263685009247,0.683451131171992,0.985786153829301,1.20434463394984,1.48055401715229,2.17362174527529,5966.85490820237,0.999457335009523
"L_out[126]",1.25134407432608,0.00501869458525964,0.384172881027662,0.665099965907287,0.982314731338972,1.1970510665477,1.44839860623894,2.18450092414165,5859.65267505471,0.999633720860675
"L_out[127]",1.24969130290114,0.00486302907801082,0.381937677802794,0.657541442535572,0.974648185906477,1.20096005045491,1.46264532110869,2.15406741569948,6168.38217765806,0.999437900954825
"L_out[128]",1.2517796309998,0.00485618841566805,0.391210580117306,0.65941745367555,0.976409973598236,1.19621361540697,1.45828304108644,2.17452154692367,6489.78225948537,0.999829088486012
"L_out[129]",1.24849275543961,0.00497972070555005,0.381337366867898,0.683646700476715,0.973001768004569,1.19678604969606,1.45110515275371,2.11148429594361,5864.19976223102,0.99930385363231
"L_out[130]",1.25162964750382,0.00505495933078564,0.379488843017591,0.666277879277432,0.99015334385894,1.19336405680431,1.46009884919501,2.15138294382832,5635.8923944023,0.999537534579363
"L_out[131]",1.25541188434347,0.00482224475496282,0.382122017975834,0.670827010673892,0.986118136744263,1.19626467693088,1.46450097232459,2.14163234173376,6279.21894480818,0.999707098277848
"L_out[132]",1.25598164140703,0.00524961996931555,0.391106152701217,0.665149737683562,0.980415945301595,1.1963533121613,1.46652066139745,2.17442753723734,5550.51864804834,1.00023621335976
"L_out[133]",1.24952433179897,0.00500444042171231,0.369781543195876,0.683232979812698,0.983529978273676,1.19524175715757,1.46030710770114,2.08403569228251,5459.83369576064,0.999840310189149
"L_out[134]",1.25582783170578,0.0052891681634854,0.389649823526732,0.660167254868002,0.982970246361036,1.19717017623811,1.46966966527535,2.14867737639068,5427.17989531428,0.999715424677871
"L_out[135]",1.25156294689188,0.00489859986560858,0.380167886131655,0.669249129699161,0.978505573005142,1.20001461866666,1.46250389487317,2.13308892847219,6022.91762602472,0.999579580494233
"L_out[136]",1.26598545422867,0.00543926643693523,0.403507407935166,0.644740091276109,0.985552440287366,1.20626926146191,1.47977793033642,2.19974799851074,5503.28949384152,0.999458930442629
"L_out[137]",1.25835316476424,0.00470308820474376,0.403815065109611,0.653451739091883,0.969051036006478,1.20105894921379,1.47676661644442,2.2158690155482,7372.22848172753,0.99950413455285
"L_out[138]",1.25172707303258,0.00513157766073605,0.388477662786047,0.668428771563796,0.96226759583695,1.19326611597583,1.48334725307023,2.13545410616323,5730.99847238715,0.999749096915752
"L_out[139]",1.26135158983785,0.00476213865852518,0.383471847772788,0.671588667860707,0.981820775856447,1.20562127450817,1.49021738127603,2.16232776159053,6484.29700850199,0.999506479038215
"L_out[140]",1.24977090631007,0.00479210382182541,0.372326685469144,0.682534446109043,0.987634319756742,1.1978274530833,1.44773894207683,2.13330281158215,6036.64853614836,0.999314553420576
"L_out[141]",1.25567910198024,0.00498238363813222,0.383181988837887,0.670200068148268,0.984426846250643,1.20111730865752,1.46000814141046,2.15742599284756,5914.74253840464,0.999183497733757
"L_out[142]",1.26340370502788,0.00447903771911246,0.382687817162116,0.68551855749722,0.986749148319321,1.20915758732024,1.47643778141531,2.15356399553311,7299.94913277158,0.999519388539692
"L_out[143]",1.25891947582519,0.00478688752613763,0.395254297725346,0.6646453991425,0.972680763753537,1.19558704428448,1.47431889421689,2.17756462799097,6817.83921533945,0.999725141239616
"L_out[144]",1.25544715705771,0.00551728893013652,0.384925793834645,0.67532629153167,0.977092157178571,1.20082310216308,1.47064176342608,2.15310430795815,4867.46203367864,0.99987444114115
"L_out[145]",1.24873475912041,0.00498539273164494,0.3909498208096,0.662366472781574,0.970905372329352,1.19194123548597,1.47205932057666,2.13925922510876,6149.54925640674,0.999453776133045
"L_out[146]",1.25475745981978,0.00530000497961695,0.387658592358649,0.664656220837172,0.977071159050403,1.20123312076336,1.46752225525899,2.16454570631618,5349.90750587972,0.999784056570955
"L_out[147]",1.25807542679097,0.00498155533350878,0.398261726223489,0.654827092706348,0.97417642410097,1.20099356079606,1.47636643815694,2.20533194789818,6391.56524078713,0.999432802106026
"L_out[148]",1.25464899702506,0.00474369957444731,0.385675888805743,0.671094657711466,0.975104796912784,1.19677521662446,1.47133934327242,2.15343241652262,6610.13949634216,0.999073137892908
"L_out[149]",1.2545382999566,0.00511103715136963,0.37887357107547,0.672897500823402,0.973078706995661,1.20692971205296,1.47406044084968,2.12679464932402,5495.03606704215,0.999592918839996
"L_out[150]",1.26396844549795,0.00535221342733188,0.400870463746756,0.658255772982729,0.982467527212364,1.20393174142933,1.48785534991789,2.1786745496661,5609.72110835118,1.00270852703453
"L_out[151]",1.25062778514021,0.00502149468609058,0.384966133649462,0.670683537189155,0.974775026145785,1.1895539327866,1.4598106253559,2.17285767778024,5877.3159201176,1.00001263116682
"L_out[152]",1.25611833216301,0.00546139844521609,0.387326823955333,0.66575136290912,0.982120454893504,1.20389970280868,1.46978085334166,2.16825680481101,5029.76187510351,0.999116305993847
"L_out[153]",1.25057685820775,0.00479864305358969,0.385033138889548,0.654133851035899,0.984751390334803,1.1900844540656,1.46504346951472,2.15228116962771,6438.12385431895,0.999827176694893
"L_out[154]",1.2499501693906,0.00546635591825258,0.389282717567966,0.651853115505734,0.973370295919654,1.18986536484242,1.46713461045275,2.16080585878678,5071.47671466257,0.999569463404447
"L_out[155]",1.25477822866982,0.00487978288076473,0.375949917771086,0.668000170195213,0.987803810586969,1.20114514304954,1.4672572290346,2.10647988682831,5935.52297191938,0.999984462111636
"L_out[156]",1.25227685243374,0.00476402271436433,0.37383865749446,0.678769241706408,0.985313273274656,1.20292846727982,1.45450912698432,2.10899506171153,6157.73180794265,0.999317859071717
"L_out[157]",1.25498526864694,0.00494465950249936,0.384034903937768,0.673415815371175,0.98453737998378,1.20275123107022,1.46956458334997,2.14470762376417,6032.10113947307,0.999946546584734
"L_out[158]",1.24857713729543,0.00456568803729982,0.36410079008749,0.680555616931748,0.98953403480177,1.19606408367826,1.44789091351942,2.1064942008407,6359.61426735063,0.999311275637313
"L_out[159]",1.253795258763,0.00506713579468065,0.384378165123573,0.677606388498597,0.978700440597541,1.19858898679084,1.46455535624841,2.14040850787557,5754.2977770408,0.999222804355666
"L_out[160]",1.25001011058243,0.00443505930541931,0.382535122437433,0.673331567856663,0.969407114037819,1.19363880728933,1.46771125115338,2.1316240344885,7439.50035673559,0.999271750846023
"L_out[161]",1.25344046898971,0.00456781630194131,0.380164063189493,0.665420824680249,0.976708521427163,1.2012355709411,1.47266090679658,2.15631197247573,6926.67580092414,0.999552307210274
"L_out[162]",1.25374263960862,0.00509610692477714,0.383805714577798,0.666696074232364,0.982173199329844,1.19533254330435,1.46894402787171,2.1714596336156,5672.12522412116,1.00003180414749
"L_out[163]",1.26687733414286,0.00463645925347865,0.394622324828121,0.655473359660014,0.983856404103854,1.21041127316915,1.48305101629207,2.18669532870591,7244.19957955785,0.999732789250896
"L_out[164]",1.25503410215868,0.00484650466856908,0.382601393607221,0.662566378540279,0.977678236595446,1.20325038777375,1.47545971456266,2.15151665253591,6232.12024701102,0.99954741209224
"L_out[165]",1.24817134581769,0.00507833285046527,0.382943332364064,0.668299094279821,0.968550638997543,1.19180658596861,1.46357667601713,2.13503288171122,5686.25981256771,1.00010757812741
"L_out[166]",1.25619313875976,0.00514946065787017,0.386563934043456,0.668446617237013,0.981968781984511,1.20505999043248,1.4728789804386,2.1425847867218,5635.32770180926,0.999658894178616
"L_out[167]",1.26145745894964,0.00528602754182852,0.384733944459016,0.677642146953816,0.995667552489446,1.20534819552806,1.48031787524093,2.16442423410486,5297.39267874676,1.00017449438897
"L_out[168]",1.25022466256244,0.00496917512057832,0.378069305917097,0.663920701529732,0.987335552753492,1.19697227805621,1.45558678724066,2.15168426331791,5788.60926890502,0.999592618095431
"L_out[169]",1.25309724380642,0.00488601550309125,0.384928293756455,0.677966065721929,0.982260040849907,1.19197591685625,1.4573674617819,2.15492937637877,6206.54613541433,1.00021986495273
"L_out[170]",1.25601506546764,0.00535011114238758,0.3913696951687,0.65650556505367,0.982515694681328,1.20102877135226,1.46460116797107,2.16515703180479,5351.17039016535,0.999540062363515
"L_out[171]",1.25018853387874,0.00501700799259526,0.388747441267157,0.660482291702402,0.971483916169109,1.20160245038912,1.46121026759383,2.1386143661319,6004.06660324959,0.999672956674687
"L_out[172]",1.2527402052572,0.00479884938720282,0.39036841012713,0.644415526761307,0.978197753612854,1.20136508202347,1.46699955152032,2.1392391924989,6617.21266582073,0.999675495524257
"L_out[173]",1.25043489508051,0.00464464496638017,0.376895180138595,0.666808125927701,0.980445250228799,1.19628635519545,1.45791097276544,2.1559229734495,6584.70195766454,0.999727175496433
"L_out[174]",1.25547386049549,0.00459712364471953,0.378415963591149,0.671740339900714,0.985403220395069,1.19904962347989,1.47500066720794,2.14296426491721,6775.89283043201,0.999575506219811
"L_out[175]",1.26120444818477,0.00580570395532187,0.386607952178591,0.665962867050481,0.989502141889943,1.20861466072195,1.47592682931207,2.18095786195314,4434.36862381516,0.9998541642556
"L_out[176]",1.25164054558473,0.00524967199190771,0.380024712406073,0.670914865614717,0.977044701425741,1.19500427011322,1.46688071681216,2.16289593143722,5240.33849057749,0.999710684261691
"L_out[177]",1.25722032012131,0.00504854628211701,0.388916133844285,0.676656462803818,0.976786835177269,1.20128511908077,1.47199214053303,2.15332035238364,5934.43306487755,1.00020596765603
"L_out[178]",1.26060162740662,0.00516671945320229,0.382136322617086,0.677057615816038,0.98291900833897,1.20901596727787,1.48004393620216,2.13522508232557,5470.24627340303,1.0002014541327
"L_out[179]",1.24531132283599,0.00486969374396271,0.370341955318432,0.677593830797228,0.972107316109982,1.19509558922296,1.46897284199843,2.10860588084342,5783.65703750058,0.999436769554114
"L_out[180]",1.25369956947356,0.00511302236660248,0.377579843238604,0.679857093743844,0.982547894698018,1.19636090258342,1.47251857568793,2.14030376019892,5453.33551796591,0.999548616577161
"L_out[181]",1.25606380235863,0.00571540327588318,0.385474237487378,0.648403013367977,0.983856041781399,1.1994183509394,1.47093511312489,2.18884545869322,4548.80120342283,0.999971395371777
"L_out[182]",1.25617670190766,0.00502462239319619,0.396662348792759,0.655542313160948,0.969737198187518,1.19756100655177,1.47575680642681,2.21235837367086,6232.10984267962,0.999241339878516
"L_out[183]",1.24787565741872,0.00522780865004025,0.387843417665983,0.670012757509516,0.964080495464668,1.18591599811511,1.47589167804443,2.14711003975676,5503.93738180612,0.999984105313488
"L_out[184]",1.25582758319886,0.00508344684857079,0.40214417057047,0.651528184363918,0.972800615350809,1.19557961230592,1.48043148200931,2.21867196004368,6258.16459342922,0.99931262259693
"L_out[185]",1.25292924548741,0.00483963701979489,0.380534126354173,0.668567675528387,0.980589543194531,1.20571036578296,1.46146889396895,2.14203957971459,6182.46463324066,0.999191360936209
"L_out[186]",1.25916457928001,0.00527652929518355,0.405131429446555,0.64966261889189,0.973204469698297,1.19034052603667,1.48288740208353,2.23089534030685,5895.15414452674,0.999427167602292
"L_out[187]",1.26190192405216,0.00497459626124298,0.385216022286779,0.672916551259109,0.991196133754509,1.20649924456352,1.46957817509595,2.17505198326742,5996.4332910627,0.999534132673942
"L_out[188]",1.25256992514249,0.00500064276868868,0.380507936890942,0.672845921787271,0.975881378678442,1.19876903438305,1.46741596999568,2.14630908810375,5789.96286305995,0.999954842748255
"L_out[189]",1.26156145581884,0.00506956982168472,0.389756857750299,0.664530098945096,0.977445999117815,1.20646123093257,1.47699376624694,2.17455132700788,5910.78704724207,1.00050319956689
"L_out[190]",1.26154259480474,0.00480418503651021,0.389018072937313,0.665768606563193,0.98688452673162,1.20554417884331,1.4715507508709,2.1855868060392,6556.9233064877,0.99943394222789
"L_out[191]",1.26200367053851,0.00490958011629628,0.385661879259576,0.660494122757408,0.987434562174235,1.20325759409903,1.48968992189874,2.17447992283217,6170.56204534074,0.999472676635681
"L_out[192]",1.25780530409203,0.00495968359238692,0.388457864057646,0.653464801489701,0.975905654765288,1.20639251611469,1.472413601904,2.18892582714208,6134.51020709796,1.00033060307322
"L_out[193]",1.25826991425228,0.00500636005634141,0.38790240758703,0.667782476505056,0.983316908931856,1.20599889276084,1.47167756971277,2.15294904060135,6003.44849055978,0.999190217814501
"L_out[194]",1.26198328462275,0.00527955954198514,0.384664060745737,0.664207474429444,0.989191935009594,1.20200011767889,1.46753101513672,2.15234967225948,5308.45132657681,0.999760471050483
"L_out[195]",1.24613020493786,0.00502317772594881,0.37417015601344,0.67123282479429,0.981699994536414,1.19174745650453,1.45751448286856,2.13599443031991,5548.57168719798,1.00023510213079
"L_out[196]",1.25561101546577,0.00550678213855927,0.380837355314822,0.679001482809362,0.988572878953997,1.19717924455635,1.46384068748077,2.14972530106936,4782.81178814919,1.00053326049809
"L_out[197]",1.25950459014563,0.00504209305604369,0.395575923201702,0.673822573564875,0.983412849112762,1.2021262039825,1.4723083449788,2.20192735073545,6155.14073375053,0.99972593990789
"L_out[198]",1.25562615796767,0.00527651288699884,0.380421778605851,0.689634658401181,0.983853295707574,1.20587384135654,1.45804709998434,2.17758666668375,5198.00552883241,0.999886343655996
"L_out[199]",1.25960563370689,0.00534943641293807,0.394617431246551,0.660692328158604,0.981371238711704,1.20217802363037,1.47589080455603,2.17858834554118,5441.7235036861,0.999453691351444
"L_out[200]",1.25438401734336,0.00532574788420739,0.393559217848107,0.646448493349571,0.970195099276568,1.20061590072046,1.47814001200764,2.15773529733433,5460.83394521121,0.999804348016134
"L_out[201]",1.25564915857908,0.00485577342971279,0.387397247328597,0.670055385859792,0.971255539033242,1.19225444030365,1.48596810391501,2.14633298280207,6364.96811249332,0.999918529779064
"L_out[202]",1.25799688667206,0.00457997545235742,0.381172302413621,0.668770046572481,0.982857826787072,1.20641033543138,1.46858566674647,2.13364904637982,6926.54037871622,0.999815678381868
"L_out[203]",1.25544099249572,0.00510124924357352,0.377386829252902,0.673575851562298,0.983833682064946,1.20522245121862,1.46439262462649,2.1447300022613,5472.93627995337,0.999749372604962
"L_out[204]",1.25974959194113,0.0050615296570987,0.40066144584993,0.654448370779512,0.97279270958995,1.20009497729161,1.48116561479984,2.20390131970658,6266.01652812827,1.00006476828177
"L_out[205]",1.24708218174263,0.00511404637978877,0.395794443845509,0.640957458198566,0.972223351145121,1.18550702954759,1.45910033921699,2.22153520247397,5989.76883507331,0.999259430898538
"L_out[206]",1.26077065109101,0.00520097797998568,0.393744257317339,0.661576554905154,0.978066726494445,1.20510495990692,1.48151941285197,2.19655112673361,5731.3698584511,0.999193852392444
"L_out[207]",1.2522726615398,0.00467453639969742,0.375338142741825,0.67350434600864,0.987434952344511,1.19990435140711,1.46328764204232,2.13332725253155,6447.15794067224,0.999405340363324
"L_out[208]",1.25894322179501,0.00471953009367567,0.374752972317058,0.675663515531069,0.988174592938512,1.21083782035582,1.46839068891356,2.11771249335653,6305.10978363419,0.999332404945694
"L_out[209]",1.26188036439848,0.00531385636586764,0.389555775644166,0.663012552406814,0.980517894206724,1.2065723762963,1.4773705294526,2.19643050634827,5374.27237132199,0.999721936134746
"L_out[210]",1.24621037090507,0.00519123990709322,0.376859195921814,0.665281489611072,0.975636947167261,1.19248354829356,1.4562790078001,2.14318517581861,5270.06576529731,0.999489250677174
"L_out[211]",1.24818430061433,0.00509676802109833,0.377888084935006,0.655463362612819,0.990217738888605,1.19130159520791,1.45629522231574,2.15277210845852,5497.13829262849,0.999199553624135
"L_out[212]",1.25439479466766,0.00509836205754505,0.384336990110133,0.661476081885634,0.97786797605146,1.19466644804338,1.47075585518343,2.13704565129652,5682.80851506075,0.999881538364291
"L_out[213]",1.26434035270624,0.0049602884227743,0.392234076551199,0.668060050372683,0.979090571859717,1.20471823781524,1.48490563233946,2.18583793818883,6252.83233497254,0.999875722038739
"L_out[214]",1.25211311418524,0.00541560762461041,0.383271791882912,0.657603988591161,0.9778795584432,1.19953418366706,1.46885309346466,2.13711107163779,5008.63440315067,1.00005631419372
"L_out[215]",1.25585044023554,0.00498930491366446,0.383896057831078,0.665719892087417,0.987026240532013,1.19966903607155,1.46741181424167,2.18508785027567,5920.34769268512,0.999132879788584
"L_out[216]",1.2511033120519,0.00480441158549846,0.378624022416117,0.670276707337247,0.982111735167333,1.19494106589181,1.45866390052883,2.15139656495255,6210.63374815902,0.999651973874638
"L_out[217]",1.2496660028802,0.00485763291141897,0.385176479829623,0.657441197401268,0.973247078221801,1.19605330631597,1.46962019697201,2.14987679670001,6287.38616237921,0.999769041398471
"L_out[218]",1.25676001481135,0.00558337313470667,0.391473529719179,0.665551847757532,0.986474378329249,1.19998581388653,1.46154096068712,2.1383061275822,4915.99574425364,0.999721701370541
"L_out[219]",1.25336843404205,0.00459780871353289,0.371546963658702,0.677765184649392,0.987954793289476,1.19909094793223,1.45927015576535,2.12948190392078,6530.18725655116,0.99942550553338
"L_out[220]",1.25232531897051,0.00508152277628515,0.383671461402768,0.67322166056664,0.971060185670372,1.19572768521922,1.46863497405226,2.16881676957119,5700.74007244717,0.999433367192965
"L_out[221]",1.25084146340154,0.0051876770765727,0.378677819404867,0.677508963247434,0.979983926375038,1.19726765492959,1.46082637919022,2.13079173906394,5328.36377102246,0.999704749733979
"L_out[222]",1.25346695678782,0.00454206382846217,0.375198676200557,0.677817349504061,0.979926703004439,1.1921480353882,1.46698577575227,2.12148870952187,6823.64035415292,0.999532835717832
"L_out[223]",1.25935366299756,0.00550685001194736,0.386917692980447,0.667828633614913,0.98327462967356,1.20279698919413,1.47336583539335,2.15041501575273,4936.6311964297,0.999983179119643
"L_out[224]",1.25183247075567,0.00485893085856801,0.391025616346894,0.661814576723964,0.97436578421067,1.19236218698387,1.46802886596917,2.16897361917207,6476.33015012577,0.999557450853196
"L_out[225]",1.25372206620459,0.00519264691285548,0.382910051357757,0.663893701342721,0.985611414588321,1.19517144915309,1.46537931448092,2.14440335644386,5437.70881923906,0.999643756374407
"L_out[226]",1.24785570830877,0.0052489278580843,0.377892778482701,0.664028971499105,0.976518350739281,1.19777338245861,1.46242931742872,2.14591292579704,5183.17625857122,0.999499837828234
"L_out[227]",1.25920611822082,0.00504609762307757,0.379796834106817,0.672745827764013,0.985008344191696,1.2071611587981,1.47594124860984,2.10414814237094,5664.88873221126,0.999560604459767
"L_out[228]",1.25450258149417,0.00495715567408769,0.382013376255484,0.669173826307579,0.983840061389821,1.20151705746767,1.46118535722953,2.14892867069876,5938.70872195383,0.999504239562416
"L_out[229]",1.25121523509684,0.00516847748110969,0.372040934320889,0.680676784572277,0.986256776261981,1.19953219160807,1.46357411567693,2.07257207458349,5181.50827316471,0.999535424079801
"L_out[230]",1.2532682749555,0.00460250246909234,0.376849244682852,0.671120417404603,0.980898305730664,1.2000520766297,1.47050925931193,2.13523473015008,6704.20426491042,0.999760249683835
"L_out[231]",1.25956312384675,0.00498569162176993,0.390995216446882,0.662011892863464,0.986378417286619,1.20465371712031,1.46808226625368,2.19347195947154,6150.23998989778,0.999673467544571
"L_out[232]",1.25699638556126,0.00536172934308511,0.4016331083635,0.657374612922452,0.972601262131929,1.19635377574891,1.47500018561301,2.21651928864447,5611.11588592915,0.999528594715125
"L_out[233]",1.25869946618262,0.00475104903791171,0.382811039049371,0.66590603861824,0.976983785826235,1.20867275809232,1.47531801361367,2.13216774551325,6492.16994640326,0.999303716068523
"L_out[234]",1.24798869221158,0.00491065254004411,0.381318950899866,0.671062205851398,0.980595335070088,1.19139069322797,1.45285766058524,2.16552123316399,6029.73695711104,0.999450764773382
"L_out[235]",1.25029413754009,0.00481044702606029,0.377724113306181,0.680948088319831,0.97695741055285,1.19459816482278,1.45666474413407,2.17407115985351,6165.64545694666,0.999489824382352
"L_out[236]",1.25446954669676,0.00489542555635863,0.388849592403924,0.660579894970869,0.981272250118883,1.1993702674714,1.46790428184318,2.16694748354534,6309.31767365123,0.999552857253142
"L_out[237]",1.25955401984967,0.00475605163755348,0.38645346461387,0.661149505360058,0.980302150550411,1.20736064139199,1.48588335013272,2.13525872487527,6602.3917270187,1.00007189168486
"L_out[238]",1.2543344682469,0.00507998864085361,0.378478771216698,0.678646953253004,0.982409020236078,1.19830797197689,1.46767790230006,2.1438930742525,5550.82541058774,0.999572621458445
"L_out[239]",1.26664771740785,0.00482314723926642,0.395038866899938,0.669710537780073,0.980708627467384,1.20962117156668,1.49716589295645,2.15998200046484,6708.39479913266,1.00007070189685
"L_out[240]",1.26054380891357,0.00565047293699409,0.3861630511525,0.673478953357885,0.986308596226236,1.20797259429442,1.4813726452305,2.18214577753924,4670.59097859894,0.999154048849242
"L_out[241]",1.24726064863442,0.00462990022243569,0.370799740816007,0.672212142830284,0.980700857507441,1.19973739554076,1.44963951828559,2.14003488008826,6414.0978391696,1.00004861098178
"L_out[242]",1.25868288376729,0.00494964412734552,0.380052695862451,0.663191366438865,0.991079362281405,1.2066502753376,1.46209768095266,2.16146503672618,5895.75849256087,0.999583418705665
"L_out[243]",1.2549505039936,0.00515354489290679,0.387251856812,0.668442238003165,0.977476421761986,1.19758761842565,1.46462805303785,2.18219348114728,5646.44224748833,0.999441890448168
"L_out[244]",1.2515042449633,0.00522861819028559,0.382712804701831,0.677978171793225,0.98685384075948,1.19980152380683,1.45299135071978,2.15376815494386,5357.62271214225,0.999251539467482
"L_out[245]",1.2560260063357,0.00502981149377544,0.395561545728094,0.650321270901079,0.97417529754129,1.19613438278831,1.47186945906174,2.1890906643478,6184.78650557131,0.999541937703887
"L_out[246]",1.25661533039813,0.00514275010386781,0.404526765626256,0.66546061724246,0.970312883689115,1.19445171041399,1.47188880858853,2.22051436024795,6187.33571762802,0.999336657529677
"L_out[247]",1.25977541682918,0.0051628315126022,0.391936004922623,0.660730100420882,0.977730928582838,1.20390991344721,1.47339694826937,2.1701116743696,5763.07695102831,0.999802077935718
"L_out[248]",1.25645447061365,0.00495963002656893,0.389907713602699,0.668883952213606,0.979355851183519,1.20263220215255,1.4663636521288,2.16084082117719,6180.5210895445,0.999371681162658
"L_out[249]",1.2584460973189,0.00460657193250908,0.388488034175006,0.668221883905109,0.980023297242602,1.20238493428115,1.47142320927079,2.16672062954277,7112.12824176104,0.999194237976464
"L_out[250]",1.25514112985485,0.00455131583416786,0.378845804610781,0.671340034830067,0.985865317983441,1.20432730802269,1.46592549469972,2.1432577512205,6928.6881744965,0.999666954748706
"L_out[251]",1.25141516139032,0.00539275896631258,0.385489341352752,0.667154955088239,0.980325510401654,1.1922138471848,1.45553724741563,2.17965782434964,5109.7862080004,0.999386939852274
"L_out[252]",1.25319375005045,0.00491332848709127,0.381147472902173,0.669497028538144,0.974943893056816,1.19799821707988,1.46188138737108,2.1608515539297,6017.75480612744,0.999474062239928
"L_out[253]",1.24555807951422,0.00476966582866724,0.381013673430812,0.661775632051781,0.972309441367594,1.19298587394301,1.45794923651843,2.11253955949969,6381.24203918015,0.999736199283374
"L_out[254]",1.25049282293365,0.00488590386988602,0.371791443390674,0.682027053776854,0.979076703941455,1.19804101168316,1.46787666219233,2.16022159348346,5790.40505581401,0.999987486555962
"L_out[255]",1.2575832951743,0.00516012826828637,0.389705182834342,0.66501617110085,0.970980268232806,1.20148521899454,1.4825670055998,2.15226155473797,5703.63031724637,0.999670464796096
"L_out[256]",1.26807655271972,0.0053025795720746,0.39691001299122,0.663357742926771,0.991331530036735,1.21227983389132,1.49135436703342,2.22120903593101,5602.85936443259,0.999183845412597
"L_out[257]",1.25518926640607,0.00543603415470426,0.384568605808652,0.675029734938037,0.983135258345933,1.196209167908,1.45660099651368,2.14585709955567,5004.76053107649,0.999622380470347
"L_out[258]",1.25483931781015,0.00532821527387384,0.38495653483872,0.673605348467392,0.974078114340307,1.20376872825739,1.47984091447884,2.13926589933345,5219.8721562058,0.999590464637496
"L_out[259]",1.25102285564633,0.00466769126567822,0.380174052279688,0.673181478800072,0.969810724762838,1.20016422549591,1.46790175452747,2.16421583273141,6633.77440322919,0.999402590623522
"L_out[260]",1.25475691609401,0.00503901168461213,0.386902799172196,0.668245667421622,0.980285565807387,1.20511977638781,1.46468679733634,2.148884756817,5895.39641123542,0.999976006795275
"L_out[261]",1.26126041081127,0.00513671117405139,0.392017732775091,0.664964856449535,0.985959403795155,1.20415041996406,1.46662374576452,2.19146135058342,5824.26505895592,0.999833552303647
"L_out[262]",1.24658665642095,0.00487100626509668,0.388131794197172,0.647593821606841,0.974215004108612,1.19407736884773,1.45993643401885,2.19778200765374,6349.23005510677,0.999730630145826
"L_out[263]",1.25979771681646,0.00523265870556608,0.389035874104553,0.675150016067229,0.977403406270204,1.20889890804076,1.4678087989452,2.17503885126686,5527.57294951728,0.999333052840053
"L_out[264]",1.24990972751932,0.00531015342723933,0.386973465505476,0.652851125986577,0.967815338139604,1.19073820016873,1.46766519361768,2.13879925097942,5310.6567826962,1.00005758272014
"L_out[265]",1.25957263077904,0.00530298828991064,0.390456044879754,0.668164973177591,0.972112776060077,1.20610316535641,1.48335835694686,2.15854040913504,5421.29406724805,0.999282927755287
"L_out[266]",1.25683159886688,0.00524765430657819,0.3977528037726,0.651140675302115,0.971889533825504,1.20068802974441,1.46884201868011,2.2094271522423,5745.07977702561,0.999506092665873
"L_out[267]",1.25999370129824,0.00544761995210193,0.385664461236212,0.671156618563037,0.982477219007895,1.20222102734925,1.47565745296104,2.11823917487948,5011.93739808147,1.00017783174252
"L_out[268]",1.25289714775227,0.00550497533426571,0.384361119836624,0.668068874341138,0.981797564011239,1.20036052844443,1.46657979602052,2.16368167507634,4874.92732052905,1.00008405034241
"L_out[269]",1.25779634405923,0.00491513588212869,0.385579292991964,0.667469221141834,0.979118060956411,1.20421475095833,1.47410192400493,2.1605141947937,6153.98379007415,0.999412083050505
"L_out[270]",1.25830178025202,0.00519716339107426,0.396958778119284,0.661875475288144,0.970836451418027,1.20140011485495,1.48195566362335,2.1931533494714,5833.88789025323,1.00013781311295
"L_out[271]",1.26080461147739,0.00485423022834041,0.388754176119309,0.662180354506751,0.986766248907767,1.2080588315836,1.48049676314579,2.15795711420922,6413.71110603839,0.999975570381084
"L_out[272]",1.25865283218853,0.0046860704603204,0.379544294292146,0.669113659907043,0.978622661063779,1.21121086169837,1.48336428894247,2.12297513148059,6560.0523521421,0.99925634383708
"L_out[273]",1.25895263039733,0.00463618186661261,0.392916185120789,0.667602121093988,0.970470153055747,1.19843922780313,1.49035513792831,2.17463947017622,7182.55416153535,0.999664740528892
"L_out[274]",1.25119213055031,0.00527360863682918,0.379762516394467,0.65911523246577,0.982129094184528,1.19989091769551,1.45780336381365,2.14739255160277,5185.71206475777,0.999772493183357
"L_out[275]",1.25225123708784,0.00491101478229963,0.386194860977806,0.652813924683899,0.978741019759828,1.19616304148144,1.47616523482067,2.14459121834231,6184.0144835224,1.00081576709057
"L_out[276]",1.25451784658518,0.00516636958546416,0.400263394964133,0.653685785826006,0.971442207587685,1.19413671334073,1.47296731821168,2.24308013225879,6002.3429736114,1.00020399368112
"L_out[277]",1.25280843072452,0.00573312713530896,0.387675341428502,0.662765799969379,0.975947560438827,1.19064002727401,1.47056568092752,2.14929939201377,4572.49470132176,0.999734960306429
"L_out[278]",1.25860188886804,0.00528611921264629,0.390977865518136,0.6693752319922,0.979846051222222,1.19955768413725,1.4806119395946,2.19382210775375,5470.54300424951,0.999366809871241
"L_out[279]",1.25566739199646,0.00460100172774623,0.370830646938092,0.687613739822639,0.987632480291655,1.20271997682609,1.46361608978687,2.10910399298218,6496.00641187697,0.999506495266627
"L_out[280]",1.25637379089417,0.00456413795931037,0.379976350301771,0.676029823849086,0.989711628561592,1.19620333286673,1.4696480797858,2.12211638285731,6930.99534950236,0.999625200270599
"L_out[281]",1.25904045114851,0.0054404804120166,0.396811748351058,0.655886610537409,0.972062377555302,1.19801367045586,1.47886816897637,2.21194367051975,5319.79064661697,0.999767708425633
"L_out[282]",1.26056567359131,0.00526700652395125,0.400682975856608,0.657539409720555,0.972495345055202,1.20500139375673,1.46930367851627,2.22388910578687,5787.2743195335,0.999907199026105
"L_out[283]",1.25802746670586,0.0049118714288253,0.389816592842139,0.67947955423556,0.976238330594772,1.19834913748936,1.47458230118262,2.16629840320277,6298.34812938898,0.999528367385025
"L_out[284]",1.25482611409337,0.00540867642783349,0.392242579318447,0.663856949588606,0.984869414687326,1.1925559888714,1.47404662574113,2.18633438764515,5259.2942636341,1.00009927272566
"L_out[285]",1.2565400773018,0.00502874292322286,0.382288880669587,0.676760465995411,0.980296496661042,1.20379383708426,1.46024695349993,2.17444003229824,5779.15661013697,0.999246261114563
"L_out[286]",1.25332223158779,0.00533968455618737,0.388496333478624,0.66664553224262,0.977548105770655,1.19907370228742,1.4658913632181,2.17386893795393,5293.49668503902,0.999530302070983
"L_out[287]",1.26072246331545,0.00526354857697965,0.395145366850785,0.662125278796127,0.982795403075894,1.20423618053748,1.47621068332693,2.17451738014844,5635.81226053779,1.00027788339341
"L_out[288]",1.25485583542243,0.0049404648933457,0.38672155897928,0.666306910637597,0.971931186114744,1.20225424218823,1.47682400371975,2.14562395496394,6127.18696377836,0.999982748089746
"L_out[289]",1.25795721753847,0.00491032948228459,0.389569134810266,0.653738559153538,0.988000505922631,1.20629397434165,1.46686138738856,2.20164557795255,6294.30543208985,0.999761538672305
"C_total[1]",11.3872289645952,0.0916439044773298,6.54710253082525,3.28692063573141,6.94210017845543,9.86538931909624,14.3062159669478,27.4025825362253,5103.77025544654,1.00063742587894
"C_total[2]",8.25973317453697,0.0641849570910639,4.73911159158748,2.23711487997842,4.91955166791631,7.2527042344012,10.338478991011,19.9215239871083,5451.64239064545,0.999290075380086
"C_total[3]",8.20981398481623,0.0613652754117535,4.6175670270697,2.26694485345814,4.94210210738052,7.09206794392349,10.4929851814394,19.9064384863709,5662.14570641906,0.999419966921256
"C_total[4]",8.28630245731104,0.0648916630941127,4.75570447818284,2.25669690840828,4.90143968504445,7.28338021579733,10.485067346437,19.8806424786182,5370.95989548936,0.999283116120199
"C_total[5]",8.21950087176064,0.0606488459878132,4.56591623547551,2.37556271872343,4.97742103332781,7.13455398014013,10.3970091799686,19.9899202112875,5667.75144595005,0.99974583936552
"C_total[6]",11.3233664481318,0.088371147252169,6.43010159680511,3.27661038428632,6.83060255199407,9.95332628195548,14.1757006707691,27.7897995511747,5294.37481081131,0.999480176774967
"C_total[7]",11.4219535947486,0.0927354926311224,6.35796362052822,3.28325448952764,6.92826065010949,10.0592272998049,14.4154133968752,26.6397341380056,4700.50057844351,0.999675787318194
"C_total[8]",11.385492866189,0.0844152858921454,6.23505440316177,3.25786558470192,6.91293976325454,9.98781599669441,14.4064518076825,27.1315665910047,5455.54701904304,0.999610758557323
"C_total[9]",8.18006613136095,0.0637851788183549,4.56664062495221,2.31019979311014,4.90471020469042,7.20365648360321,10.3205206576782,19.4734058588878,5125.71101107028,0.999422045001971
"C_total[10]",8.28037080239009,0.0672742250814757,4.74188523836688,2.20058693933805,4.97927432782745,7.29847373900422,10.4956109237741,20.3311528164223,4968.26406163905,0.999397901727303
"C_total[11]",8.20729858380605,0.0643338614210021,4.61281375093235,2.29733577409215,4.97438634968324,7.19832519354476,10.3471910844737,20.0619902434115,5141.05915340915,0.999696186869824
"C_total[12]",8.30015605676967,0.0649292274771816,4.78493487590409,2.31920330489018,5.004004538632,7.25704143545532,10.3874736000541,20.4033154675625,5430.89731222494,0.999347728964903
"C_total[13]",11.3597153951235,0.090845969607601,6.3821715229437,3.19155012657229,6.84762709985482,10.0251811036713,14.1553799420015,27.9414035139584,4935.43702234818,0.999772881144948
"C_total[14]",11.4580844304597,0.0938582934911061,6.57318602132233,3.26550356048425,6.85669836042676,9.98600186201572,14.4137142062212,27.6744222786045,4904.63325622719,0.999706732930353
"C_total[15]",11.3221328843549,0.0895872633554442,6.50254581497984,3.29570833925325,6.78597091039027,9.83533143376192,14.1622241179605,28.0185069734419,5268.34613782183,0.999431115383255
"C_total[16]",8.19483304914356,0.0607358883860304,4.51158255249323,2.3048118547986,5.00103372164199,7.26662591368011,10.2837155198008,19.8170618522345,5517.81379072284,0.999552012437372
"C_total[17]",8.29893002542189,0.0647577082155394,4.69872168111425,2.34562287666319,5.0558419332752,7.29125670867446,10.4813962145778,20.0041486360814,5264.73482320542,0.999174206612493
"C_total[18]",8.3123317613322,0.0665666721562698,4.70449079386944,2.28782326257455,4.95338352958079,7.30491756380463,10.5105725765297,20.398702433881,4994.72468123582,0.999287013549215
"C_total[19]",8.23974497762357,0.0627934618709461,4.68130787109328,2.34625783238822,5.00690396999108,7.1872720027999,10.213741741168,20.0053798051989,5557.83378088212,0.999496676926313
"C_total[20]",11.4741560698821,0.0932413297619827,6.523303140338,3.40042689240458,6.86452287481407,10.1118865554002,14.3535921755776,27.4535936973724,4894.61125444326,0.999452014715559
"C_total[21]",11.4585151514641,0.0967486927782838,6.7135136449303,3.19603881550326,6.8829067014327,10.0157332144952,14.2906465534497,28.6690929187935,4815.146892223,0.999356319987305
"C_total[22]",11.4329462815798,0.097075877624558,6.58875213137138,3.18016474882627,6.83128708176587,10.0608977957508,14.3320798582007,27.9092436761403,4606.63378501045,1.00014732666766
"C_total[23]",8.28059779661257,0.0664281034141836,4.72225580273494,2.28922227908023,4.94874671627416,7.21357029557821,10.4934609213231,20.3080121629899,5053.53539313695,0.999264334540723
"C_total[24]",8.2148919852437,0.0628924273730478,4.56513477229635,2.37452006161288,4.99300959874756,7.26059386539809,10.3721519503765,19.2806428351896,5268.78519264249,0.99957185631435
"C_total[25]",8.22514097315712,0.0635606964391167,4.76414149202111,2.27540822744447,4.89146689877523,7.13824952187996,10.4447928600349,20.5992669190839,5618.13289713708,0.999166282002239
"C_total[26]",8.33650269812663,0.0684105215163377,4.88374138575688,2.23835996898241,4.89720520223485,7.1988332304734,10.6083122643028,20.7862180724952,5096.35314206489,0.999793795976825
"C_total[27]",11.3921503264484,0.0908443397178812,6.39845305465034,3.2008267615604,6.93170244461663,9.98241550001444,14.2585231353438,27.7627990789992,4960.82869436061,0.999811373885323
"C_total[28]",11.4999283737436,0.0972835841910449,6.65124434824251,3.20640954703018,6.87867368730495,9.98053057972776,14.4941807843848,28.1940547834509,4674.40868460597,0.999832571310618
"C_total[29]",11.4255423639282,0.0906332608567444,6.52635785554638,3.1927500041731,6.97878454504531,9.99446665358574,14.2165135851103,27.7994587117541,5185.21245842317,1.00045528442499
"C_total[30]",8.26830391717995,0.0664819045676555,4.73041636025003,2.28474618023755,4.96757149560101,7.23816866466809,10.3156495207351,20.0730573049565,5062.81235028588,0.999991600078856
"C_total[31]",21.5480171790527,0.207800093856397,14.2888137844815,5.19692949611745,12.0871793127356,18.2458269218248,27.1093429984927,56.4449956930326,4728.25482167185,0.999255326232234
"C_total[32]",16.1989480444645,0.15828950732371,11.1512707230803,3.76254527872801,8.76697967489079,13.4789323521595,20.1691783416269,46.3807745735638,4963.00215985039,0.999686476756463
"C_total[33]",6.19241867308948,0.0510388923705466,3.67250129189843,1.62608833569406,3.67143123369566,5.37808997924509,7.82158332530082,15.335061267916,5177.51579753296,0.999811651309188
"C_total[34]",8.60793959333215,0.0765032164684156,5.27370929142351,2.34720294166542,4.9135762131661,7.2732914939604,10.9360782850768,21.8062646865152,4751.96225506413,0.999454117770495
"C_total[35]",8.66603648343551,0.0774195738079566,5.27399233302894,2.35619967492523,4.92139231115815,7.42260624788986,10.9304016737827,22.644171217311,4640.6352629402,0.99995433562246
"C_total[36]",8.62167862178362,0.074415026314675,5.19169368165461,2.2894904569776,5.02581163401905,7.38140313659827,10.9433408000118,21.6293277919865,4867.39780146751,0.999509392230445
"C_total[37]",6.19177884821697,0.0504920826626363,3.72597898290676,1.69665316935472,3.61884753699535,5.33066183570607,7.78769138206675,15.9501838175113,5445.45574129955,0.999502544322522
"C_total[38]",6.15982717661282,0.0498257249318571,3.61117925582548,1.64738399413184,3.6482120983285,5.33450403536269,7.73679622197603,15.5240175529509,5252.79971340992,0.999943377420681
"C_total[39]",6.17313791280568,0.0526886268355679,3.69654479041585,1.66900034239775,3.59831432786903,5.29909739708001,7.78901709208202,15.6679678271422,4922.18786394864,0.999633459450111
"C_total[40]",6.23967638561596,0.0514410265112701,3.70787214857544,1.62078612301129,3.67920295613783,5.39125350948539,7.83838903985466,15.6476830788784,5195.53468859818,0.999761727433704
"C_total[41]",8.61545840020899,0.0755371007993999,5.14779101280282,2.32251158095704,5.04891972476069,7.35576434544995,10.840046948674,21.9357231559007,4644.30989336923,0.999988229914881
"C_total[42]",8.70466660881437,0.0812668897222863,5.33472433700264,2.28882285048628,4.97699113864112,7.36163579271395,11.0834148417026,22.4980758329776,4309.20037157141,0.999241156810126
"C_total[43]",8.63784148656127,0.0773345467427408,5.32415279054945,2.39837413196151,5.01701602566862,7.35850478374855,10.7779979262872,22.5424482917816,4739.73358815539,1.00010560657266
"C_total[44]",6.13331440008111,0.0462211979509001,3.57096878803654,1.72429036571468,3.60942069473003,5.30895995929299,7.7964702446496,15.309145219169,5968.8369304595,0.999602227046964
"C_total[45]",6.18148904636998,0.0478219563271737,3.69938576458057,1.66101208067076,3.61843330785251,5.35781186715689,7.85420686264221,15.6762318312049,5984.1788528043,0.999786467694833
"C_total[46]",6.13226863299424,0.0499231625847679,3.60636722004972,1.76375194264026,3.62921055918636,5.24596623613498,7.69963210157968,15.644721459127,5218.38016036618,0.999696342287581
"C_total[47]",6.18581743254853,0.0506952964854107,3.59055298772565,1.72729830871665,3.63317912276418,5.33335178891438,7.86127075043272,15.271875418074,5016.34440275038,0.999325457243949
"C_total[48]",8.63113018676255,0.0751673430020239,5.28233069696122,2.21722434783454,4.94706391060773,7.36667672595643,10.8543979174861,22.2314879748594,4938.47403308332,0.999725879044455
"C_total[49]",8.63327328211034,0.0748134863319695,5.24330388963524,2.33154767879306,5.03604197795152,7.37056744395949,10.8086305367687,21.7063536205643,4911.9085366258,0.999812353859376
"C_total[50]",8.6804675137687,0.080637628429401,5.39558944882302,2.21328382637691,5.05130636162468,7.39601334683137,10.9156264665721,23.0225038639846,4477.15675527469,0.999736855656996
"C_total[51]",6.18376560043704,0.0519916084598306,3.67489125247667,1.74014765403089,3.60968860444058,5.33177107832043,7.80146672730378,15.3241288808646,4996.0005459339,0.999566947518994
"C_total[52]",6.18684258484149,0.054451211585116,3.65189326263231,1.74017731047602,3.67693628915701,5.37982789551708,7.71614151317269,15.3076845217983,4498.01661981218,0.999998464255347
"C_total[53]",6.18510838113942,0.0500698601762405,3.67937852328711,1.6416834067163,3.59955324634469,5.25639877921841,7.75033658677566,16.4680703899856,5400.03010304419,0.999924594131982
"C_total[54]",6.21342423489806,0.0497321434148278,3.6816301836779,1.6781323140384,3.69142069507946,5.39806104706811,7.73642143643245,15.5101604366118,5480.32064372295,0.999214502944396
"C_total[55]",8.63121195569235,0.0706142448619496,5.07464820934339,2.34733127267756,4.97984892488986,7.47900935296292,11.0493651603405,21.6576765841721,5164.48765374582,0.99998878759939
"C_total[56]",8.63521638235587,0.080865281119278,5.27544388040656,2.31088810037884,5.037092723282,7.36706384962387,10.8490764573233,22.2934186093085,4255.92350563815,0.999625081775362
"C_total[57]",8.65191025481116,0.0787088274975181,5.2229458775098,2.31416944421299,5.02290290345897,7.46602171377701,10.861229708621,22.4774354704617,4403.35971875087,0.999362704333102
"C_total[58]",6.20273803036236,0.0524760096795401,3.72482334833063,1.72192362385468,3.62910722319442,5.33069428783784,7.80503290390854,15.527386241369,5038.36649045403,0.999484963728784
"C_total[59]",6.16161760579982,0.0506491007615282,3.69255920697946,1.63229494508447,3.66994261128218,5.29388864250226,7.79301730699469,15.8004780977342,5315.10020685285,0.999816190809582
"C_total[60]",6.223857656935,0.0480765343316559,3.64855483092831,1.65235539042942,3.64170299574879,5.414740159609,7.86815643355145,15.7566028804397,5759.37620568167,0.999521772177463
"C_total[61]",6.16370241523741,0.0505504552453546,3.58339163451758,1.71484191187538,3.64748897974122,5.34418601270636,7.76502318895296,14.8407870393971,5025.02710613799,0.999394114215373
"C_total[62]",8.63088070266866,0.0767433696730761,5.19552169158,2.30409464866486,4.98350852308148,7.42653991176653,10.8580687690641,22.1959080164824,4583.28217472936,0.99986155842187
"C_total[63]",2.25125314389394,0.0297665309070161,1.71867643137738,0.440195497975362,1.12085488462368,1.77344300998795,2.87432319981301,6.62161465150225,3333.74053735747,1.0003543494254
"C_total[64]",2.25759531651702,0.030452202884395,1.66697169824776,0.449294746023182,1.1254072179337,1.82415653652192,2.86990041925325,6.48100604774686,2996.53271684926,1.00043544072715
"C_total[65]",1.6394717603402,0.0229447062814324,1.2911583210531,0.291865709200769,0.780164719733318,1.27365360429558,2.10088961400398,4.9633968198889,3166.60571854121,0.999761248958969
"C_total[66]",1.63273639797763,0.0220186190183613,1.26397243252354,0.318584998781582,0.788766786426477,1.27994435204916,2.09306568475753,4.81556404346832,3295.30069459212,1.00061900949538
"C_total[67]",1.64767309765396,0.0218860882885959,1.25102511953554,0.313780444046021,0.806351451442104,1.31804861433065,2.13206124818949,4.89810286663942,3267.35080982153,1.00070320305071
"C_total[68]",1.6430746781972,0.02315542715163,1.29004330409957,0.302602600115478,0.796983923021708,1.30118513431607,2.05736122615483,5.06928640530353,3103.86614572726,1.00098762761112
"C_total[69]",2.24521383531471,0.0286003307791271,1.69158278076155,0.454384239814594,1.11472118496199,1.79363165458368,2.86994030475562,6.73771698052154,3498.19809758178,1.00010855091892
"C_total[70]",4.2095564028893,0.0596871875652355,3.49842965592594,0.731738858126306,1.93463071148745,3.21486005304331,5.34974505790941,13.0430171061208,3435.45338818059,1.00113538263227
"C_total[71]",2.24881671062632,0.0274111300762594,1.68271821317141,0.443427731845931,1.10518106602783,1.79897636038324,2.90246628839703,6.75554791437662,3768.50338549512,1.00049503011758
"C_total[72]",1.6325191281625,0.0229091766619857,1.2635653853232,0.299384887258197,0.794680758564509,1.28278800464007,2.06052680502202,4.91415256199462,3042.12095571423,1.00062362249958
"C_total[73]",1.65001122972183,0.0236677937628846,1.3136340678861,0.321006300106996,0.771799422336717,1.3106261728622,2.08945440204673,5.12169713457008,3080.58540410531,1.0003276896717
"C_total[74]",1.63263962587967,0.0231219893166067,1.2844428278039,0.313512281107972,0.789466374265753,1.28484118832085,2.07831858114842,4.94606876037424,3085.88092336542,1.00015533353049
"C_total[75]",1.6372912676524,0.0213273915923653,1.25391563653998,0.303990958066399,0.804914897063615,1.31270941724914,2.07480972102887,4.92694748455025,3456.69570538486,1.00041025385616
"C_total[76]",2.26612363565835,0.0288737609891371,1.70479756560912,0.418666533252312,1.10499437392201,1.81989632024683,2.91196303894141,6.82230117618127,3486.09259863788,0.99978716822557
"C_total[77]",2.22983436183168,0.0287320593197466,1.65432634033061,0.445281684129043,1.08950344045992,1.76300631907047,2.84098685129333,6.57432453907639,3315.19333457981,1.00085022542639
"C_total[78]",2.25352141472468,0.0311447221034109,1.72433318183291,0.437091116940963,1.10787501557794,1.79007703326066,2.88628810992815,6.73804282000824,3065.30328630073,1.00077567930331
"C_total[79]",1.64692851619865,0.0237183542299302,1.28015186106691,0.318153964164553,0.796674009053292,1.28935880228206,2.09897175064478,4.98707841142538,2913.08986368754,1.0012545378794
"C_total[80]",1.6367054640558,0.0223245121366237,1.28103195317678,0.307100780151588,0.796479711476981,1.28475248760192,2.10322502264013,4.9127988858733,3292.72886941765,1.00032792795152
"C_total[81]",1.65758044089885,0.0226559075085461,1.26953146865913,0.299483077237591,0.805693008565045,1.31566043158619,2.12381806780127,5.08942223402428,3139.95927158004,1.00043903931586
"C_total[82]",1.64397433376819,0.0229492168756819,1.30176305051635,0.314079978026601,0.796581901441209,1.29203398211586,2.08348977069218,4.87298163289402,3217.57100946601,1.00028149119272
"C_total[83]",2.24797055876205,0.0304777340122039,1.65844038288869,0.456638606180504,1.11970610668267,1.80709563077366,2.88002270441242,6.4416190429028,2960.97253781676,1.00054393915685
"C_total[84]",2.23537279972143,0.027854330273789,1.67271673357408,0.444580395908087,1.12468149094417,1.82595757117054,2.83438634894131,6.51554462519205,3606.27932029788,1.00048499083952
"C_total[85]",2.25794955794125,0.027829874154079,1.70152178271038,0.431094827976076,1.1266785694049,1.79792420932679,2.88519600354534,6.58177635252073,3738.11399831825,1.00034736801788
"C_total[86]",1.63324691488876,0.0226784960972174,1.26488938796461,0.302775231234677,0.785178226570322,1.28393966160783,2.07029679527658,5.06579331820464,3110.83226892784,1.00027285169919
"C_total[87]",1.62977245833368,0.0216401313654205,1.22494997838805,0.308550297427203,0.793821240867336,1.28749755770798,2.09625637964725,4.92113807707954,3204.18013158138,1.00155016970604
"C_total[88]",1.64905265884503,0.0234679688799496,1.30759183903302,0.318628637325687,0.80029844176209,1.31063331115139,2.08114804923706,5.01104885495076,3104.5123761048,1.00062400127404
"C_total[89]",1.65567228289849,0.0246869393443527,1.32442197206508,0.312696080883455,0.792574849562453,1.29800047890594,2.09354138784154,5.03477994524196,2878.18200882704,1.00007009536772
"C_total[90]",2.23191950234578,0.0280872384582995,1.66347533796527,0.444697508164186,1.1265616257558,1.77076005108376,2.85357900410316,6.46880278654289,3507.63706300494,1.00052440241299
"C_total[91]",6.89996201600664,0.0702930846241514,4.71654047638142,1.68404830951293,3.80961883371178,5.73561937820227,8.47932405178,19.135077342496,4502.17040131283,0.999567452045125
"C_total[92]",6.89705252335838,0.0706373566221708,4.69595733917578,1.65700925798,3.87125262988376,5.74839843328754,8.53604960849742,19.3878494869025,4419.56380503811,0.999552390039292
"C_total[93]",4.90968339680001,0.0487381764080994,3.22199707410792,1.25020899611697,2.81263005127558,4.17952218265218,6.10817287665705,12.7210427140566,4370.30485121036,0.999399045315373
"C_total[94]",4.89350862348699,0.0438300237219447,3.13357210599091,1.26822274306551,2.79069855490201,4.1541694480461,6.15746226787039,12.9103679779577,5111.35416046552,0.999687992259787
"C_total[95]",4.93274562925212,0.0461013416706232,3.21977736334247,1.21782600104919,2.75390328797552,4.20587678993437,6.1635658757303,13.4713353496797,4877.80636556184,0.99957886198799
"C_total[96]",4.8944413767119,0.0456666246553529,3.21591221905188,1.23737929744363,2.79667151271621,4.14862077749958,6.08012393935129,12.9195656345218,4959.18769582088,0.999731211382906
"C_total[97]",6.92791422792025,0.0676425390292143,4.76219626206667,1.66452761544972,3.852305329886,5.72862109853802,8.66163288182238,19.1904731049809,4956.49620285267,0.999728598677978
"C_total[98]",6.86676316553733,0.0686667672245748,4.58182969210477,1.62824905369113,3.79083855783734,5.74135360599687,8.64711995864926,18.6368791332162,4452.30268102236,0.999537360476913
"C_total[99]",6.93568043673316,0.0680386766186522,4.61069362596475,1.65521934569047,3.84473885587831,5.80327870929278,8.67932267640741,19.3280344951893,4592.20021140657,0.999849369315164
"C_total[100]",4.98522024073208,0.048344450440104,3.31287084857777,1.16809860504011,2.79740707564181,4.18998423842133,6.26460136909305,13.3057027284138,4695.86664631025,0.99945666398914
"C_total[101]",4.9399209771955,0.0481402583779489,3.24798609904638,1.20059781115064,2.79660914014774,4.14391497927419,6.16710926228005,13.1041222119544,4552.0968125923,0.999457302702197
"C_total[102]",4.95051954731371,0.045837311089057,3.20070452307831,1.18264009698956,2.76791274110654,4.16424023656044,6.15093128531652,13.1514640616387,4875.878790451,0.999296909508325
"C_total[103]",4.92894533254847,0.0453549163224909,3.25976692933209,1.22164376427324,2.7927529405233,4.13790181561873,6.16102797978188,13.5337025690833,5165.64264694932,0.999688298350362
"C_total[104]",6.8841332612731,0.0670255320048191,4.51531374957238,1.64390615848598,3.85564697785312,5.79824968026664,8.62805109075675,18.2046906597538,4538.32220725832,0.999312746756113
"C_total[105]",6.90517264125345,0.0708432364447805,4.8328758503728,1.63480557091961,3.73599116629747,5.75396490659034,8.60210580286381,19.1885742117084,4653.87260432456,0.999521344290618
"C_total[106]",6.88831557013867,0.074321427278811,4.75698052184436,1.69003720832732,3.81909033535491,5.74102718859958,8.50392575545477,18.670740367417,4096.70473324708,0.999954406630817
"C_total[107]",4.91803018776911,0.0443139673761784,3.10582697723962,1.20873367802943,2.79059207580668,4.20153790214563,6.16350260671902,12.4189365134773,4912.16841819254,0.999217101956611
"C_total[108]",4.93330749055885,0.0470128435236564,3.24052956748047,1.2663114761997,2.75019889130156,4.17322147649035,6.14460323447083,12.9429011326888,4751.15213658064,0.999744871653532
"C_total[109]",4.91707680848526,0.0460663032000111,3.13824503535809,1.22085027785847,2.7823907590824,4.1670998155346,6.12564717121841,12.6891284325217,4640.95094004921,0.999167970818032
"C_total[110]",4.9172961953142,0.0448434639343905,3.16493206556807,1.20208420823485,2.77379393777432,4.14048313231441,6.16038970630774,13.2543175341366,4981.15986602255,0.999125491446386
"C_total[111]",6.78732825540392,0.0647770450757349,4.41066428805129,1.65689551886785,3.81116712002089,5.6734112292552,8.62416746416818,18.2818027492388,4636.23819579994,1.00006785726804
"C_total[112]",6.87022865634515,0.0681876885007643,4.64739300174449,1.63616368418651,3.7786777218014,5.78982291959367,8.61949936865412,19.2066306148128,4645.22615117873,0.999308207382313
"C_total[113]",6.85660268726218,0.0675393985821928,4.56695020791397,1.63622572696001,3.88448218852138,5.74636456096774,8.47635327300177,18.9787873698746,4572.33639989387,0.999552613889594
"C_total[114]",4.9246924420476,0.0485120908391086,3.17337656282167,1.21887205957542,2.74748568544952,4.11717105984969,6.18238900159904,13.2485318475367,4279.00933702664,0.999776756116936
"C_total[115]",4.90752145492528,0.0450175696309349,3.10500025914954,1.23766514546804,2.8196529884039,4.161122283798,6.13936905297913,12.9369139077162,4757.28523637343,0.999263402379403
"C_total[116]",4.9117737698827,0.0466073266905564,3.2349692449015,1.24435682623572,2.76167487809836,4.19258132262835,6.16024422494017,12.8495152451353,4817.61317276421,0.999445872213119
"C_total[117]",4.958143661496,0.0452419441615882,3.20759903868453,1.23454654247397,2.79951747680267,4.19177714222546,6.19528247796401,13.3763884619493,5026.63823660387,0.999524879578079
"C_total[118]",6.88641716441674,0.0746934694847189,4.75131084907311,1.59128965888576,3.81616296045618,5.72789644312016,8.67413535034183,19.1277852693413,4046.33302565334,1.00000647759246
"C_total[119]",6.86935852720379,0.0727720361188141,4.8296579824672,1.59860693327065,3.83748312810818,5.68817395524308,8.46440122210847,18.7857323317164,4404.57186985399,1.00022996437209
"C_total[120]",6.87349787360324,0.0691716454674857,4.60329880001235,1.67771174896251,3.76855222198581,5.73253428220684,8.66030766036296,18.7818208341152,4428.75971434259,1.00043803413411
"C_total[121]",4.9493197376994,0.0470462525954852,3.24496371445573,1.17142002622566,2.77021046887729,4.15435102523373,6.22263059417728,13.2609605545966,4757.39944582944,0.99938503753629
"C_total[122]",8.48156978645281,0.0894645648067812,5.29772722329348,2.12745674397763,4.89421700158656,7.21160927015027,10.6876012563339,22.6842134739441,3506.5261224726,0.999839353280749
"C_total[123]",8.38440037433728,0.0848158429068835,5.091281926975,2.10454805901524,4.80570458397915,7.25791853100528,10.7404147374155,21.3366783235517,3603.29922312002,1.00044237167507
"C_total[124]",8.39311936668886,0.0846850517276134,5.19222265123659,2.12943085755487,4.75178995194484,7.15354125721997,10.7152832806405,21.3406338314484,3759.17982009415,1.0004350304706
"C_total[125]",11.7095634042672,0.109943569263277,7.10555719416276,2.93196378786455,6.74967460502312,10.1075990916934,14.6721463760853,29.9954852435566,4176.92440174158,0.999812789685182
"C_total[126]",11.5630073204517,0.106716062722963,6.86839408993881,2.99838988147801,6.66166623530179,10.0581601334738,14.6806253121963,28.9618832301085,4142.38847178357,1.00036997063241
"C_total[127]",11.6292810462988,0.111743189119742,7.15155318089657,3.02355446454086,6.59005924642736,9.96829494635485,14.7312673587946,29.6640324644098,4095.98748815823,0.999775472977743
"C_total[128]",8.42071437420334,0.0846288734495695,5.30851556182576,2.12084792832322,4.76935048941672,7.20758920992273,10.6429122437711,21.3783395068215,3934.67685061393,0.999577043919019
"C_total[129]",8.39416628364451,0.0832028924700813,5.16539533404838,2.08126220897345,4.7859357794597,7.21837091205965,10.6248697507124,21.3870535632858,3854.16482066109,0.999974630698268
"C_total[130]",8.40998828944039,0.0876023367157881,5.16193858997424,2.04594916779999,4.84365282606774,7.13249890293365,10.8266122085641,21.4382586853956,3472.11647600315,0.99967678232335
"C_total[131]",8.47365140065698,0.0874247407242527,5.32897604065782,2.12104747199708,4.77303123408315,7.14619340680516,10.6866297448938,21.7677957498809,3715.51337735939,0.999715742484824
"C_total[132]",11.6736461254625,0.112311022272625,7.1611305389358,2.9470288566513,6.58254153253871,9.93717175619592,14.856542128638,30.2886130293762,4065.54170404661,0.999377516607475
"C_total[133]",11.5771894589575,0.10756530836178,6.97531000292824,3.05014658759515,6.75767130425402,9.9434832558641,14.6484801171918,29.1695049137732,4205.16047945133,0.999894004032546
"C_total[134]",11.657688978593,0.120083213942433,7.38472862389313,3.11107917266817,6.70144758614973,9.85486752735467,14.6202180938512,30.0790968480402,3781.85152741792,0.999483269693676
"C_total[135]",8.37582692015149,0.08658053394424,5.12158496725606,2.13280859509021,4.7794895966001,7.12762649730825,10.5493303092876,21.3102604707739,3499.19580115511,1.00023972126534
"C_total[136]",8.49627205553323,0.0839802431720355,5.2725101834016,2.06709625265423,4.90289540704428,7.22145842231108,10.7568044091363,22.1875001066504,3941.67305671757,0.999578569510803
"C_total[137]",8.43082400730828,0.0926443845073653,5.21128949854317,2.13915539177619,4.7995111072135,7.20339669881461,10.7582423642195,21.4718139489904,3164.11455815008,0.999782946121812
"C_total[138]",8.41629265369449,0.0869730838374783,5.34852151111554,2.06586204803207,4.73282167556246,7.16883773537934,10.6473115734848,21.8531589451478,3781.79301240098,0.999899464879488
"C_total[139]",11.6560556671821,0.109984468608678,7.03515523366992,3.00991250994293,6.78610562312407,9.94661817924224,14.882394494226,29.7612982194735,4091.51971185819,0.999247930055558
"C_total[140]",11.5789533733876,0.113069712485576,7.02853962129328,3.05748386918678,6.56312268057213,9.94956174110427,14.580645136116,29.8309383847632,3864.00446044359,0.999510155775404
"C_total[141]",11.6127608113613,0.111781980653868,7.0261620349604,2.95677010855321,6.80094983985211,10.0395153402911,14.5858194346143,29.6624631542794,3950.86982970391,0.999702766978689
"C_total[142]",8.52075585249784,0.096356877551741,5.37088989678815,2.15020284333824,4.79436787604626,7.21813728955544,10.787936480394,22.2199316577571,3106.89847851309,1.00013294141755
"C_total[143]",8.43632363136255,0.085920647562039,5.17576474097542,2.07427107986643,4.86175530362849,7.21449170756256,10.8003570731573,21.5138946978667,3628.72429435962,1.00047828323388
"C_total[144]",8.40476168343481,0.0845503193801114,5.14946711198287,2.06895507375338,4.86325422094342,7.18970878328034,10.5319663706174,21.4739990680559,3709.31804858562,0.999954858077481
"C_total[145]",8.44652114546012,0.0898509241659585,5.46807057846332,2.12935768111673,4.67417236463663,7.14228404577075,10.7502262358473,21.9041210261147,3703.59190534545,0.999689383778109
"C_total[146]",11.5448370924937,0.109780357119034,6.87213034078521,3.13863129058375,6.74308168774667,10.1390865413113,14.4324293136986,29.6111978109423,3918.62312915671,1.00001780290319
"C_total[147]",11.6379402357498,0.112042643525817,7.06901346334845,3.0484702765273,6.60393063019597,10.0378782564893,14.8793893568804,30.0598120245345,3980.62185986324,0.999847932105471
"C_total[148]",11.673343088762,0.119198829446238,7.19667179894989,2.96891157171226,6.62351409256155,10.0844985687131,14.7541440935298,30.2335842737485,3645.18364894997,1.00010425373773
"C_total[149]",8.45573177763005,0.0880610294820102,5.34113556639611,2.151998928683,4.7430067437049,7.25503189263245,10.6863302518238,22.5022071988654,3678.74500800285,0.999774992381175
"C_total[150]",8.50372696524779,0.0937796496024681,5.33233491568172,2.08079512565213,4.80170221958909,7.20741673201085,10.7752911071,22.290541661452,3233.08875082011,1.00172904575415
"C_total[151]",8.41643419891844,0.0883410732053952,5.22719020629869,2.16960890383992,4.80141783951612,7.12993714388293,10.7641366559655,22.0924120935172,3501.15441214805,1.00031364561165
"C_total[152]",41.2605186457332,0.343236144167195,23.9873085909786,11.4250105443399,24.6349466394412,35.8115532984456,51.7918021272172,103.950809342657,4884.01529569498,0.999210656587655
"C_total[153]",57.3303203848443,0.507546906907689,33.7497646067313,15.139589471961,33.3803347922676,49.9795389181226,72.3771350600794,142.532418842486,4421.69849093124,0.999335239720673
"C_total[154]",56.8779313127807,0.506828721383479,33.2061493419968,15.8343889064688,34.1732020383162,49.3760098559386,70.4396999491926,144.830540860883,4292.54244138803,0.999417767020591
"C_total[155]",57.3123701349439,0.538319112979534,33.2488383803475,15.8015697553416,33.9891631469816,50.7007593532781,71.8777053760104,142.147223550917,3814.81388261723,0.999755789706149
"C_total[156]",40.87095460889,0.312063935088231,22.7911610226901,11.4768107129249,24.9756800024841,35.9069992791191,51.1945775045789,99.8575474901484,5333.91066683251,0.999594964005892
"C_total[157]",41.1164706463869,0.349516238915767,23.6526818384941,11.3168947699754,24.7443605517678,36.1008631783378,51.3628146995081,98.9291959717633,4579.58435675433,0.999699093949119
"C_total[158]",40.6060534032695,0.325505523359396,22.4413883171952,11.4733797291267,25.181393868559,35.9350737784354,51.1561377763117,94.6255311856961,4753.16309755262,0.999197518759219
"C_total[159]",40.9473818974806,0.325192300080808,23.1434120981187,11.6242254109793,24.8730773522667,35.967899273686,51.0687051666162,100.550174209768,5064.93958679888,0.99927064331283
"C_total[160]",56.8207177938449,0.445630590628545,32.3170643312175,15.8058980642984,34.1412199572528,49.5047600912356,72.2974210532147,136.722682442097,5259.12888598525,0.999568986740988
"C_total[161]",57.1936336474936,0.464486594013092,33.1176552509252,15.7624704053294,34.2487995816406,49.8083009435168,72.1289309913681,143.350768727766,5083.61665594129,0.999522916010894
"C_total[162]",57.3199269281126,0.482158680094283,33.4131608413751,15.4280722759067,33.7394581908932,50.2100292193439,72.149790364752,142.990219769783,4802.36475881654,0.999594209183646
"C_total[163]",41.4135465228772,0.33606404448531,24.2626328124471,11.9360748102048,25.017748804067,35.9812804560329,51.2027917948973,100.590030929484,5212.32817800419,0.999832316220537
"C_total[164]",41.1746159806157,0.314628818156913,23.848906627024,11.5545265767864,24.7910068085452,35.8156757221162,51.9711454006698,99.9526839456896,5745.66033873555,0.99969187465231
"C_total[165]",41.0365941025303,0.317787194687409,23.7285722664113,11.0257088186345,24.4899753946593,35.9468608966617,51.8181120388685,101.066622538129,5575.32808748685,0.999701127077065
"C_total[166]",41.1183638983694,0.32586099155226,23.4826198224342,11.1441434822205,24.852491007332,35.9647715590051,52.1917532513339,98.6788909964336,5193.11983933001,0.999694004390803
"C_total[167]",57.7111458367869,0.511486141252367,33.7937026236446,15.7295874113089,34.2419517471388,50.3745598269865,72.9398269430458,141.308580202948,4365.1966596146,0.999650100203467
"C_total[168]",57.0391506567002,0.463776211128739,33.0598824974904,15.6476377391247,33.8153084078808,50.0815700121873,71.6225789686036,144.62962158583,5081.42681250871,0.99938643112266
"C_total[169]",57.1056757575817,0.482416198601854,33.1926904691062,15.6013587003351,34.1523583152784,49.5609520361201,70.851471853656,144.507686277399,4734.14055448743,0.999516675162503
"C_total[170]",41.1861972664141,0.316451361355079,23.684668572926,11.1163714461492,24.6307526329781,36.3450944973902,51.6236205809061,100.947849591747,5601.71084406824,0.999222176130841
"C_total[171]",40.9953995187694,0.336074784733797,23.983002895746,11.3315536953651,24.6425274486753,35.9642075784574,51.6141613611943,98.4045388467777,5092.54952878998,0.999738909590787
"C_total[172]",41.1825354352966,0.331831512345704,23.7419831777667,10.7080538949798,24.1981221244692,36.0456871836912,52.0335830776018,100.895337039839,5119.16034676524,0.999777112704934
"C_total[173]",40.8336286056808,0.317439633982835,22.7882459073417,11.6040598916284,24.6154044333576,35.7313594164586,51.2807001417742,98.4099775185368,5153.46694890579,0.999944492177849
"C_total[174]",57.3458293644176,0.542590828016363,33.3344477148729,15.5215247421747,34.1656957072647,50.4507370612754,71.147209173178,143.938629891042,3774.34532101957,0.999778620933123
"C_total[175]",108.803120253269,1.20149974280135,74.089331294134,25.1367212834898,58.890421054798,90.3001579679342,137.081492922518,302.694114295886,3802.45414670988,0.999810400684279
"C_total[176]",106.883676759471,1.06870959737502,70.3244147553995,26.3163701051793,58.6950688112677,89.2304951013493,135.828860681135,293.396780968933,4330.04923164533,0.999785574195572
"C_total[177]",106.666145412197,1.06959773607011,69.9693508256807,25.6941832548061,59.7105158535822,89.8152640457983,133.35393365558,283.071949392682,4279.31975955003,0.999466288345139
"C_total[178]",41.2094205979965,0.322501386095131,23.5444247518055,11.491468135038,25.1452251307015,36.225964031309,51.8961394589714,100.530948753041,5329.82558117404,0.999236681625071
"C_total[179]",40.5893469479782,0.322554191123296,22.6287678796933,11.5335739833171,24.623916491393,36.0713464229326,51.0241756339032,96.2619024441389,4921.71471670131,0.999433301617537
"C_total[180]",41.1240902029489,0.332509907559668,23.4225524072306,11.4969719598319,24.6235279803615,35.8646566352541,51.900551795056,98.7475336466826,4962.02854494845,0.999713303810354
"C_total[181]",57.5963145970817,0.560390634925455,34.3351473007043,15.4845094121111,34.0061909066216,50.0481848356886,72.9058944114575,142.29216133083,3754.0157643054,1.00008647479883
"C_total[182]",57.5702999536579,0.493349965763411,34.2242448005201,15.1403118570812,33.8163053342656,49.6251691578383,72.8468524582921,145.055187777001,4812.35373092394,0.999349719901793
"C_total[183]",42.0216296338037,0.408964196084178,27.3534353054227,10.6839014204131,23.6266679574337,35.8462699819612,52.6396560023124,112.321338502794,4473.5590837948,1.00146584216665
"C_total[184]",31.2152142778002,0.340345266236164,22.390030839557,7.0852582023943,16.8672680107334,25.839610393923,39.0616886033235,86.5563411359255,4327.82762291072,1.00085514037137
"C_total[185]",30.8306010323637,0.315762875418508,20.4594201839339,7.28735171986195,16.9143825312291,25.8904105017781,38.929027609273,84.0621440314699,4198.21336669501,0.999897127747855
"C_total[186]",30.8411148387505,0.319683999448548,21.1525972224619,7.08789043612709,17.0457720184684,25.6902971014473,38.9213642570062,81.2371331201173,4378.09922272133,1.00137638419752
"C_total[187]",30.8442060712728,0.301203017446114,20.2856264954469,7.6387733197553,16.9507254306873,26.0506376500384,38.7292467426916,81.4339380021641,4535.84508163238,1.00033887158795
"C_total[188]",42.5001153570511,0.423994646912469,28.017439959315,10.0135231715873,23.7026159430599,35.7331825488359,53.3066607268292,113.387501049186,4366.52702942039,1.00176744774938
"C_total[189]",42.9633483268475,0.458376736646753,28.9180086776831,9.99491522664889,23.8209269602781,35.8291754567299,53.99897680399,118.187361717432,3980.07843415835,1.00218253979076
"C_total[190]",42.8468606004441,0.407930237864205,28.0895144522267,10.1837719724848,23.6332856878571,36.4365848133686,53.8982555876398,116.489404845965,4741.50995903726,1.00100158934276
"C_total[191]",31.0040343711689,0.327154484808237,20.9200471705678,7.49073269176444,17.0179459004813,26.1202412970306,38.669044871285,82.2409292414669,4089.02308539766,1.00041686167781
"C_total[192]",31.0794186338691,0.304612051760747,21.0511586839767,7.52814721248415,16.6087803602403,25.6968839397618,39.2805852548083,84.7384494726134,4775.92882753902,1.00105400496685
"C_total[193]",30.9925900452783,0.295517793297583,20.8620758095018,7.15217724589012,17.0539349172552,25.7833014849962,39.2369369698677,82.8407440788024,4983.65268325457,0.99997519073843
"C_total[194]",30.9895156593924,0.300288517415138,20.6221181569656,7.38720931185527,16.8066038891992,25.9945501669903,39.2414695764666,82.2827767478604,4716.16607852824,1.00116460701318
"C_total[195]",42.1913820622133,0.414639732741405,27.2740899594277,10.3205675834705,23.6181090858972,35.7645219787422,53.0817733824815,115.104366295966,4326.7191464254,1.00160673378492
"C_total[196]",42.7548118131664,0.434597525595291,28.2505457356423,10.3766109075787,23.7522614579929,35.5023624351556,54.1592214482354,117.285270914212,4225.51049774004,1.00109748252068
"C_total[197]",80.2085200848395,0.930443635230388,58.1766891422239,15.9404331885506,41.6766550937459,64.7309315721331,101.896694778004,226.073298707244,3909.46981850893,1.00034718107682
"C_total[198]",30.8159553456514,0.30104761676863,20.2953448558673,7.11588978299964,16.9254782943619,25.9682248220272,38.8049629789467,83.5066907067483,4544.8806544112,1.00088514376261
"C_total[199]",30.7401022775226,0.317035187591359,20.5851631020663,7.43360673729728,17.0821189951803,26.1894977550619,38.3505268242183,81.1355915321908,4215.93290563393,1.00122034774663
"C_total[200]",31.0722221970725,0.353373803378482,23.1429494519937,7.07207235206069,17.1096611325162,25.4338895012363,38.6158194434198,86.7891330025556,4289.12508464622,1.00160639460249
"C_total[201]",30.8872111394033,0.325047575765454,20.5543110576746,7.31915468326344,16.8905343720089,26.0114790647322,39.3904966905693,80.3842316556877,3998.63705716182,1.00109632232014
"C_total[202]",42.6642622305447,0.397681744497869,27.361094692441,9.97292188298453,23.943459852473,36.1108190172453,53.2140757678878,111.950565025003,4733.64437751127,1.00106418267402
"C_total[203]",42.3456056363082,0.438703610669892,27.3085570336013,10.4435789480357,23.8943497294055,35.785408105416,52.8436009162891,115.528582463009,3874.85172283762,1.00086475099012
"C_total[204]",42.5640164321176,0.419717629451868,27.6092648703918,10.0044977540316,23.7117992552608,36.1962000719832,53.9201882967359,116.351036399936,4327.08337886726,1.00082309458358
"C_total[205]",30.7388970518352,0.318764039971876,21.5765751091669,7.29103334830498,16.8208568401804,25.5302302457944,38.5878633126868,84.107235142451,4581.69709880824,1.00069332104441
"C_total[206]",30.9899539373674,0.282812249319331,20.8307891804297,7.26665201247933,17.0140110901105,25.8467694932189,39.545316646936,82.9385520863942,5425.19078483243,1.00079186802671
"C_total[207]",30.9330225247587,0.327787020542882,21.4702528984129,7.31315614667905,16.9966187000433,25.8334655567624,38.5312071931382,86.7348320958979,4290.33115040563,1.00090092620509
"C_total[208]",31.0546545477237,0.312816762606928,20.8482560770246,7.16237621600493,17.2950742298171,26.072729424368,39.2999139528666,82.2262603885756,4441.80441398228,1.00104900519154
"C_total[209]",42.3680410492422,0.388944040065307,26.6761513934108,10.4610569086987,24.0701097012032,35.8745782101036,53.6582326532968,109.694681676762,4704.05190249571,1.00067802419308
"C_total[210]",42.1305752468769,0.4017124823538,27.0842189820956,10.057271904898,23.884390484149,35.5498341458485,52.6342415101892,108.379289181746,4545.71265603182,1.00143819211035
"C_total[211]",42.5745073462793,0.402839074989568,27.8699610872402,9.97232689234881,23.229433064956,35.7110666261696,53.8499607116789,119.892309821465,4786.40611375695,1.00014131549305
"C_total[212]",30.9247991608116,0.323992780352021,20.8756374707363,7.34413907890835,16.7425910673798,26.004300501032,38.783892507771,82.1127246766954,4151.53617833897,1.00084078047143
"C_total[213]",107.743840126308,1.06003778522494,67.2203306241183,27.9892726546825,62.1927871533555,91.3872386791826,135.411265972873,273.207745409388,4021.22705979026,0.999479245088746
"C_total[214]",106.354424054945,0.979698773757245,65.6408135333564,27.7465848528362,61.1398548632631,91.4840376848476,132.721995019805,271.975879017676,4489.13618848235,0.999887158894822
"C_total[215]",106.332545729138,0.935248748391136,63.4224423251069,28.4338134687085,61.7928655837962,91.1255421106437,135.538743738914,267.459796791206,4598.66372370585,0.9993608364771
"C_total[216]",278.309897901494,2.80577412827915,192.306356237534,61.9114833881518,144.519297361739,225.982636396858,356.418002873141,774.879889099034,4697.66307844132,0.999704402401605
"C_total[217]",147.831366078735,1.37552008695707,91.7334692419642,37.4135648154404,84.7646144480171,126.094778273875,187.611233733206,376.177366407119,4447.55945920731,0.999664170368271
"C_total[218]",149.04833470556,1.40934151922688,92.8260101580798,38.9100745617707,84.455572458635,125.788906657786,189.821142440614,382.311025189378,4338.1730812843,0.99926838522667
"C_total[219]",107.110084721194,1.03974279651154,66.1749611488357,28.3713767822221,60.9508176900653,91.5167813694719,135.175278793729,277.623411451017,4050.75101612967,0.999696762119781
"C_total[220]",106.078449720443,0.950079181553169,65.0702093207563,28.0939474772886,62.6930627882262,90.1169657790227,133.61161358532,273.65792893225,4690.77718326162,0.999767198760383
"C_total[221]",106.314030206869,0.993694873338455,64.5477461752086,27.3887175689472,61.8558728916857,91.8968337402834,134.331342677752,268.257843340938,4219.45215412093,0.999940182952101
"C_total[222]",106.465571509853,1.00068960992241,65.7088788452131,27.8675863318686,62.0030092094049,91.2976538520723,133.608214165306,270.375643530819,4311.70791548902,0.999870034005677
"C_total[223]",149.498381582526,1.58461649574313,95.7765085454552,40.3176429907531,85.1053125184347,125.507673329506,187.117237292618,390.350390273834,3653.16810371713,0.999902688499138
"C_total[224]",148.90925686153,1.39788793771436,94.5976242888143,36.9113036914471,84.3412779754611,125.358852443634,187.150969238947,391.58243118201,4579.47555010374,0.99996299136996
"C_total[225]",149.54277530906,1.58989790755573,97.4133042959065,38.3201652942516,84.6374186142974,126.274875503311,189.629333268484,398.633724248741,3754.03290076116,0.999622428431145
"C_total[226]",105.682045919353,0.93683897054382,63.1693457465665,29.3588990237553,61.2694560419421,91.098189262272,135.36991387172,260.500681942062,4546.55931556375,0.999252453578179
"C_total[227]",107.195794034645,0.994066716126893,66.4196636936989,27.8350408569459,61.7620311788013,91.5046652776133,133.72252341649,274.710432188346,4464.39156634714,0.999518234909297
"C_total[228]",106.775957832532,0.979476486014557,65.8882985340154,27.8645524335205,62.1099561904413,91.2802709666528,133.903930514696,279.460715429033,4525.10391054202,0.999677580756312
"C_total[229]",105.926792942243,0.92338909039944,62.1117148007462,28.1505974015626,62.2896724657443,91.6261659468505,134.27573008454,261.622519811189,4524.57259586858,0.999526368379685
"C_total[230]",148.251116062423,1.30917253495393,91.358066366056,39.2133670282856,85.3096312181771,127.356296251759,184.833272439648,392.365782076039,4869.67554920963,0.999419072138381
"C_total[231]",149.533535557176,1.39427292707912,93.2959322263856,39.2086318980164,85.0425600536541,126.771089054075,188.413656114699,390.960812437914,4477.44054725686,0.999442026828268
"C_total[232]",148.841205566423,1.54168752334766,96.1536270320337,37.8998686020253,85.5027124206378,125.809759108054,185.398132877148,390.077538557667,3889.90169935811,1.00019494339663
"C_total[233]",107.024977189886,0.943915534022294,65.1516127665934,27.8322228385273,61.7102610113072,92.0587989853484,135.084664432644,273.752141054987,4764.13516808511,0.999374395310732
"C_total[234]",106.255440073112,0.955285427855207,65.8547486229551,27.3880684976078,61.6501326959067,90.5623506815153,133.40350229831,271.426117493545,4752.34418665448,0.999728345186384
"C_total[235]",106.303922241573,0.962765682491283,65.2361981489012,28.6348630488093,60.7622086861356,91.7898446403094,133.006937748162,278.329527262568,4591.30435882032,1.00001741254454
"C_total[236]",105.976043208546,0.960886352512896,63.9882850953615,28.4764200540466,62.5266925092566,90.8984406631109,133.395171832763,269.507874592956,4434.6249076876,0.999447765891446
"C_total[237]",150.233289366824,1.4832899250653,95.7594779591815,37.4316150520191,84.381984565245,127.489582508965,188.459908777839,402.089966632402,4167.84391034964,1.00045366438912
"C_total[238]",147.957725735918,1.39783416983009,93.019242451328,40.1294537083342,86.6237185046938,126.231679931535,184.425844225959,382.63338300416,4428.27202674874,0.999171268401677
"C_total[239]",150.704424808407,1.44340274976329,95.6591715694122,37.0394611114803,84.2654595068931,126.57545053302,192.099196669063,389.664905084813,4392.16022088014,0.999554602764516
"C_total[240]",106.969074736317,0.934016160646684,64.2333998475106,28.2169936746378,62.3364296776274,91.5006105047791,134.991913576379,268.170914704363,4729.47613232819,1.00007131556295
"C_total[241]",106.453020990051,0.959592863233386,65.6854862202928,27.541518547823,60.9203540724932,91.4317818606838,133.911808053296,276.092303501042,4685.59577438338,0.999441907517421
"C_total[242]",106.988512861152,0.970689441260897,65.4017731990534,28.5924226484428,61.8758878504693,91.3015907607346,133.618611562892,279.996169771576,4539.60886393116,0.999446639180415
"C_total[243]",106.132806231089,0.960055172650403,63.8870239036186,28.9593782061457,61.813478016508,91.7673078804646,133.762013446433,269.170693425293,4428.25815733783,0.999495586617167
"C_total[244]",201.780142166265,1.62982989768781,114.152424354429,59.7876917871121,123.313937095464,177.053358903169,253.05481678826,479.155940524215,4905.52754096687,0.999723376467582
"C_total[245]",201.940417037245,1.51680337039376,112.857829097686,58.0156242915054,122.206061731841,177.699780262652,255.022352750317,487.489535978863,5536.11131670934,0.999684038733297
"C_total[246]",203.273447966617,1.67303207711545,118.58630987007,56.7476224479923,120.419510048334,177.453959810166,256.118889435859,497.874529441518,5024.12660120367,1.00013000242513
"C_total[247]",145.604030625661,1.06222781940843,78.9588550480295,41.6763732668325,89.0171823218976,128.884982986569,183.865662198126,336.940162141172,5525.43331391662,1.0001065121569
"C_total[248]",145.13536600085,1.01185942100031,78.4858011010421,41.9191526573198,90.4347829607981,127.952561654778,181.918747420708,346.138590984282,6016.47105630189,0.999381268078272
"C_total[249]",145.593807605482,1.02940435495268,79.9535183930285,42.5524394375329,88.8567461486076,128.622273225941,182.955306307681,347.241252750423,6032.58093471276,0.999378050915693
"C_total[250]",144.688807486282,1.01751212944219,77.571004571922,42.0240053859236,90.230783347563,129.201250228879,180.246059805011,346.644407646241,5811.92018439471,0.999669294065428
"C_total[251]",202.233276306893,1.68981131944592,114.705723069498,55.8154573996184,122.014314851038,177.864751971954,254.114889027643,496.63732757981,4607.80130994058,0.999574378334256
"C_total[252]",201.065708353799,1.48264124061816,110.307071358378,59.1973048988832,124.278928194745,178.48189687477,253.211742446351,475.367830960864,5535.21578721869,0.999835173484703
"C_total[253]",200.06662594952,1.48556536488364,111.226113615748,58.6224602381035,123.113327966789,177.169764192306,248.401371566085,487.427273850348,5605.70183785245,0.999916162670633
"C_total[254]",144.562426630495,0.984764221321315,78.7109305390859,42.5654851724658,89.7979554565176,127.950829505213,181.800264535257,341.817313154046,6388.59814246903,0.999287893493516
"C_total[255]",146.0274599858,1.04697098745045,80.1743221614123,40.0814139682023,88.1367332613606,128.29573465293,187.343187000082,343.363284982117,5864.09907826683,0.999582688643189
"C_total[256]",146.116138551821,1.01576653641055,77.8901055950123,42.2589604055736,90.043695520854,129.232702041263,185.07576652279,343.404822869526,5879.99264324214,0.999282004231373
"C_total[257]",144.878748842035,1.04834249240937,77.9588548012723,42.295797370013,89.2957262543735,129.62129960637,181.848868611671,340.45183840621,5529.99225205041,0.999744120059955
"C_total[258]",203.356904384831,1.85523601997602,119.711637404319,57.1963979385968,122.651352825416,178.192821900597,252.589261488728,492.922865488779,4163.65183702826,1.0002382583848
"C_total[259]",201.723459538923,1.43283257389457,112.915727441889,56.3874506510773,123.968064955319,178.110721263408,253.958889971947,490.9030926715,6210.37723457145,0.999671999037788
"C_total[260]",201.731955836093,1.53793129740583,113.438588107635,59.5116712084465,123.849471681588,174.878707457036,248.57987657428,501.151056637765,5440.61199768168,0.999559340511834
"C_total[261]",146.389225428333,1.11314701845433,81.1576163034824,40.9803324237597,89.7631823625004,128.015371393565,184.007044604097,344.459694250307,5315.61490856303,0.999519737254595
"C_total[262]",144.09386453409,1.02082762648276,79.1376550487184,41.3309427558857,87.5214984396819,127.450873406439,181.541330272186,335.422634441846,6009.82083895438,0.999789077846638
"C_total[263]",145.534514011153,1.07489504335997,79.8196970732308,42.2572187177946,90.2162124394393,128.977447190351,181.810395064756,349.268113568777,5514.27003787283,0.999507996160331
"C_total[264]",144.137198055668,1.0056940673825,77.9993325965553,41.6832414049824,89.1696028861655,127.447927892853,181.552736626467,338.499283090709,6015.19896188479,0.999413884158558
"C_total[265]",202.792142281932,1.67893130808676,116.942363355979,58.6082306103894,124.050218345624,178.362863334735,252.38559579013,488.500592779955,4851.5205746363,0.999918857064842
"C_total[266]",202.715746798789,1.57508902668104,114.15863274235,55.7809723457587,122.46671306106,178.259229657362,255.233542047266,491.754385356468,5252.99884837574,0.999773474229705
"C_total[267]",202.027633487337,1.46124483554525,111.190687944815,59.0625434110627,124.952684003735,179.005137716206,252.534760809936,479.066259793913,5790.16388244386,0.999890614479701
"C_total[268]",145.097011075633,1.03819380688336,79.5021819859141,42.0449550295029,88.2252570463094,128.567612345588,182.694886376883,348.9164982495,5864.09812565686,0.99994236488054
"C_total[269]",146.303845563002,1.01198584475504,81.5563355625021,41.7255356754949,88.4480982881102,128.216921007834,185.546976653045,357.73735265711,6494.8112246181,0.999493490139931
"C_total[270]",145.630444007236,1.18494973975867,80.9356907418556,41.6842681898242,88.1898638335088,129.193187324889,182.495081254789,358.797546240804,4665.30772523826,0.999977182838794
"C_total[271]",146.449954653565,1.11657960783997,82.0408137408354,41.7544571958385,89.3351289256587,129.25381946436,184.794467882992,349.7372237589,5398.59234634815,0.999941797132063
"C_total[272]",203.074536062666,1.53219722344077,113.016623850398,59.1561272412693,122.460696540653,179.024283648284,255.801896826554,495.985180914331,5440.70673157814,0.999489872575203
"C_total[273]",202.727846809811,1.76381897157074,115.530034258152,57.5640455947669,123.37380498063,177.910984195469,252.186097462985,493.884133579957,4290.24195056957,0.999834080858734
"C_total[274]",201.691604676487,1.67848478480843,113.285603449824,58.6201059546031,121.500280356344,176.55883720706,255.680598651788,484.923497112366,4555.27528259644,0.999824001450633
"C_total[275]",175.748382122537,1.83286043950445,124.943471822055,36.5237122513114,90.0692154315054,143.339597771108,224.064172758517,496.710822311595,4646.95368676443,0.999596508096037
"C_total[276]",68.2444281077679,0.825917869709113,45.9222123299468,15.7633847546729,37.4110279937935,57.1495703024954,86.3081224176426,184.842313836817,3091.51870992667,1.00073534883168
"C_total[277]",68.1086940234963,0.695607144156644,44.2537659067099,15.7781833584352,37.0453003930624,56.780644042603,87.7215075103275,184.053478646103,4047.36527191561,1.00013088222765
"C_total[278]",67.8442554537447,0.718807500641327,42.6940667909157,16.1880312838052,37.4897223050032,57.9920080386438,86.592881140081,177.136806509209,3527.84787706584,0.999775768360396
"C_total[279]",94.5071890776365,0.97788617859391,61.0146298015287,21.6973200550357,52.785193095942,78.7847365742923,120.007582324967,251.657658542675,3893.06222582595,0.99959535746459
"C_total[280]",94.5984354398145,0.973779811167911,62.0511060707287,22.7938854410257,51.8822924738065,79.1729378259444,119.185390358767,262.708103543906,4060.48136693458,0.999427753004469
"C_total[281]",95.2036778784492,1.02551533277108,62.90796052397,22.8246872056015,50.8238588517427,78.6194592176016,122.449803907201,261.824241502941,3762.93654796629,1.00005187727139
"C_total[282]",68.1023333370943,0.728689805289062,44.4369047368893,16.0233125706996,37.3193919446959,56.7490414640792,87.1746861461222,180.232295085761,3718.79478881384,0.999616610722029
"C_total[283]",67.565899074418,0.693390442287098,43.1523228592039,17.2343054559242,37.6790653543006,57.0911717656032,84.7418390349969,181.154910146329,3873.04599742783,1.00021267702698
"C_total[284]",67.528064176951,0.72366070585107,42.8097336485391,16.1556638104594,37.222747528961,57.4485960646797,87.0431161553198,173.895484247696,3499.57309223251,1.00011664436474
"C_total[285]",67.8656039512045,0.706394767272763,43.8652072909639,16.5682509520841,38.1149313508693,57.0465643916867,85.6504166403589,182.421917686378,3856.07458099959,1.00018565818168
"C_total[286]",94.4615914130227,1.06763735682454,62.000151975929,22.3528414447755,52.0679627552563,78.5179011558719,119.584797479352,258.299539817325,3372.3914941496,1.0002126303151
"C_total[287]",95.1496401726385,0.982082523871193,62.6101470314091,22.5841931836255,51.1158169022688,79.1547161815336,122.054914200597,251.615649020382,4064.37228859132,1.00034618852245
"C_total[288]",94.1919161535548,0.959209428515626,60.3150649394305,22.8884212155178,51.6660762903603,79.3987628769378,119.687648337246,251.536839075461,3953.8912631596,0.999979337199351
"C_total[289]",68.040977559434,0.700450614242109,43.442811696149,15.5651219218424,38.1853613257526,57.1803051154013,87.1220516963753,174.540535896272,3846.63351023345,1.00039800795977
"C_gear_pred[1,1]",11.3745,0.109725642259846,7.32233937437199,2,6,10,15,29,4453.31529232475,1.00088291152339
"C_gear_pred[2,1]",8.24575,0.0829444780512813,5.59099022807522,1,4,7,11,22.0250000000001,4543.62530097226,0.999075449073395
"C_gear_pred[3,1]",8.2625,0.0729763631404213,5.44816614821856,1,4,7,11,22,5573.60586889626,0.999396125512374
"C_gear_pred[4,1]",8.3285,0.0779472376319127,5.6744724564857,1,4,7,11,23,5299.67853151912,0.999309714273759
"C_gear_pred[5,1]",8.23325,0.0782770692849586,5.35719323128533,1,4,7,11,22,4683.87728755445,0.99999419144388
"C_gear_pred[6,1]",11.33525,0.103337042386974,7.29065469275306,2,6,10,15,29.0250000000001,4977.61157419011,0.999718201261369
"C_gear_pred[7,1]",11.37925,0.109788415492507,7.11551664194319,2,6,10,15,29,4200.48891549732,0.999427595021916
"C_gear_pred[8,1]",11.3485,0.100076525794274,7.03902938860774,2,6,10,15,28,4947.21877924893,0.999890513459903
"C_gear_pred[9,1]",8.23575,0.0785895955129822,5.46993162438927,1,4,7,11,22,4844.32964372047,0.999616840237151
"C_gear_pred[10,1]",8.278,0.078546092635418,5.55494647657287,1,4,7,11,22,5001.61877534233,0.999485573655706
"C_gear_pred[11,1]",8.1905,0.0788819416940571,5.40060194564864,1,4,7,11,22,4687.36909709674,0.99935421538256
"C_gear_pred[12,1]",8.26725,0.0769524921912202,5.56197458892361,1,4,7,11,22,5224.11371414024,0.999689045319767
"C_gear_pred[13,1]",11.368,0.103331924925972,7.23938382526734,2,6,10,15,29,4908.33466697975,0.999849405892489
"C_gear_pred[14,1]",11.49775,0.105584909978919,7.39054463317784,2,6,10,15,29,4899.47087476583,0.999615709633181
"C_gear_pred[15,1]",11.248,0.105472257025159,7.27624435632719,2,6,10,14.25,30,4759.24510097526,0.9998706813648
"C_gear_pred[16,1]",8.18225,0.073205591910895,5.27209480979059,1,4,7,11,21,5186.54213485641,0.999727628777127
"C_gear_pred[17,1]",8.285,0.0774912111787035,5.44069621407256,1,4,7,11,22,4929.51346148585,0.99932765658813
"C_gear_pred[18,1]",8.29,0.081775316868717,5.52159596543439,1,4,7,11,22,4559.159415034,0.999515619750725
"C_gear_pred[19,1]",8.29875,0.0806994927213925,5.59484798886481,1,4,7,11,22,4806.56669780643,0.999632558052872
"C_gear_pred[20,1]",11.51725,0.106127975408313,7.35001415743729,2,6,10,15,30,4796.41323394199,0.999452039661103
"C_gear_pred[21,1]",11.44425,0.109517825947212,7.5574579542451,2,6,10,15,30,4761.91732879435,0.999542518070658
"C_gear_pred[22,1]",11.3905,0.108164902929734,7.33167430482479,2,6,10,15,30,4594.45072736442,0.999763010970535
"C_gear_pred[23,1]",8.22925,0.0797353159490807,5.54652011705107,1,4,7,11,21,4838.82310947806,0.999064633184505
"C_gear_pred[24,1]",8.24925,0.0758194521036901,5.33673539007284,1,4,7,11,21,4954.38846847632,1.00012750006278
"C_gear_pred[25,1]",8.2965,0.0765795718828579,5.57941486336644,1,4,7,11,22,5308.2508978657,0.999463756319385
"C_gear_pred[26,1]",8.343,0.0813784119698159,5.62252204873819,1,4,7,11,22,4773.57678720565,0.999406090347075
"C_gear_pred[27,1]",11.44175,0.110441951114994,7.39444226305104,2,6,10,15,30,4482.73125899211,0.99997195753719
"C_gear_pred[28,1]",11.484,0.110541766449669,7.54688564049553,2,6,10,15,30,4661.03900849914,0.999737395613584
"C_gear_pred[29,1]",11.48025,0.105636729445244,7.39451010090649,2,6,10,15,30,4899.91920990595,1.00021986248454
"C_gear_pred[30,1]",8.2425,0.078434819668854,5.4272974526379,1,4,7,11,22,4787.94821141106,0.999883794092536
"C_gear_pred[31,1]",21.60625,0.21994310719789,14.9285775124134,4,11,18,28,57.0250000000001,4606.97804429752,0.999367743954412
"C_gear_pred[32,1]",16.146,0.170052095685687,11.8378933062214,3,8,13,21,48,4846.0162475514,0.999660684414905
"C_gear_pred[33,1]",6.26225,0.0664020181123902,4.42706162778022,0,3,5,8,17,4444.9673762367,1.00020878187592
"C_gear_pred[34,1]",8.63075,0.0897344246817548,6.10780081086362,1,4,7,11,24,4632.88548062724,0.999690218945095
"C_gear_pred[35,1]",8.59975,0.0888931008336335,6.01985129300529,1,4,7,11,24,4586.01440504089,1.00010011070209
"C_gear_pred[36,1]",8.6175,0.0880723620892453,5.96343729707113,1,4,7,11,24,4584.73275841556,0.999481648527319
"C_gear_pred[37,1]",6.164,0.063650396512686,4.48900231515271,0,3,5,8,17,4973.90437851935,1.00001879162983
"C_gear_pred[38,1]",6.19775,0.0604066783546852,4.35693592564374,1,3,5,8,17,5202.26457335451,0.99978916239603
"C_gear_pred[39,1]",6.214,0.0661846708155389,4.54107468996437,1,3,5,8,17,4707.63154027802,1.00008977252074
"C_gear_pred[40,1]",6.24375,0.0633834969098556,4.36693295842355,0,3,5,8,18,4746.79698254338,0.99953898469775
"C_gear_pred[41,1]",8.651,0.0929421765399401,5.98047995859311,1,4,7,11,24,4140.43910176367,0.999666202908649
"C_gear_pred[42,1]",8.6345,0.0958325545243223,6.08310453553098,1,4,7,11,24,4029.25199450036,0.999751770199514
"C_gear_pred[43,1]",8.54425,0.0888401541905776,6.04972658352705,1,4,7,11,23,4637.16860790191,0.999919300719332
"C_gear_pred[44,1]",6.1605,0.0582830859062856,4.36520371814137,0.975000000000009,3,5,8,17,5609.49746930783,1.00004120311374
"C_gear_pred[45,1]",6.192,0.0588158889759366,4.4492791574878,0,3,5,8,17,5722.55505029664,0.99993638478253
"C_gear_pred[46,1]",6.073,0.0613963325448699,4.27460396525397,0,3,5,8,17,4847.37824187759,0.999927093556095
"C_gear_pred[47,1]",6.17725,0.0622687323673922,4.31039178112926,1,3,5,8,17,4791.74217741512,0.999219174630141
"C_gear_pred[48,1]",8.617,0.0852942130755552,6.04797118783417,1,4,7,11,24,5027.82662650779,0.999766929163176
"C_gear_pred[49,1]",8.62625,0.090098417940183,5.99546055981783,1,4,7,11,23,4428.03220105136,1.00016126819718
"C_gear_pred[50,1]",8.67675,0.0936062644815651,6.09303214316767,1,4,7,11,23,4236.98678804631,1.00030482799717
"C_gear_pred[51,1]",6.22325,0.0618565535914688,4.47072771359119,0,3,5,8,17,5223.78149168479,0.999473321145833
"C_gear_pred[52,1]",6.16925,0.0677373742769612,4.42136761199406,0,3,5,8,17,4260.46042184122,1.00011202388164
"C_gear_pred[53,1]",6.21575,0.0617739577553578,4.43662290973786,1,3,5,8,18,5158.15254263754,0.99982709215486
"C_gear_pred[54,1]",6.174,0.063800870456987,4.43239613909717,0,3,5,8,17,4826.40684046813,0.999707229172311
"C_gear_pred[55,1]",8.64775,0.0850274421559895,5.97411855093412,1,4,7,11.25,24,4936.61710756317,1.00073215325481
"C_gear_pred[56,1]",8.695,0.0954545957806623,6.02316732593069,1,4,7,11,24,3981.58664149385,0.999376224489763
"C_gear_pred[57,1]",8.62275,0.0947243157817696,5.95930455382097,1,4,7,11,23.0250000000001,3957.93090102544,0.999143330187298
"C_gear_pred[58,1]",6.2335,0.0716232474851591,4.63436587752539,0,3,5,8,18,4186.70748180714,0.999705525973714
"C_gear_pred[59,1]",6.127,0.0644694587095975,4.44660702991839,0,3,5,8,17,4757.1785587727,0.999755335168123
"C_gear_pred[60,1]",6.13725,0.0607097931601221,4.30070185511756,0,3,5,8,16,5018.3525258583,1.00021917381882
"C_gear_pred[61,1]",6.1765,0.0656459352350473,4.32776271675483,0,3,5,8,17,4346.21496128091,0.999709239911251
"C_gear_pred[62,1]",8.59225,0.087803470478479,6.01494262825551,1,4,7,11,25,4692.88178861372,1.00067744019558
"C_gear_pred[63,1]",2.25425,0.0385154803764672,2.26039471853278,0,1,2,3,8,3444.2758773892,1.00026785535103
"C_gear_pred[64,1]",2.24775,0.0400197698296196,2.24991899217902,0,1,2,3,8,3160.70956303349,1.0000586593867
"C_gear_pred[65,1]",1.653,0.0291158735460675,1.81973043462862,0,0,1,2,6,3906.19993296693,1.00016685309851
"C_gear_pred[66,1]",1.629,0.0282298604360806,1.76780663113115,0,0,1,2,6,3921.49851704719,1.00089909103988
"C_gear_pred[67,1]",1.633,0.029630965499287,1.8315702723116,0,0,1,2,6,3820.8110962,0.999721166140122
"C_gear_pred[68,1]",1.6605,0.0285511723266696,1.80403807840829,0,0,1,2,6,3992.48698951174,1.00091429423257
"C_gear_pred[69,1]",2.2585,0.0360895036980847,2.31722250335019,0,1,2,3,8,4122.62331920732,1.00003860331222
"C_gear_pred[70,1]",4.2145,0.0681660239808397,4.08805183332452,0,1,3,6,15,3596.63910033234,1.00091556559818
"C_gear_pred[71,1]",2.20175,0.0371194982771392,2.18076497391807,0,1,2,3,8,3451.54493219321,1.00220986784385
"C_gear_pred[72,1]",1.65,0.0330262793519926,1.85117711583158,0,0,1,2,7,3141.78632990195,0.999956738468561
"C_gear_pred[73,1]",1.68,0.0301263341928847,1.87749334094993,0,0,1,2,6,3883.86594816195,1.00012770683672
"C_gear_pred[74,1]",1.65925,0.0298331054915702,1.888128887331,0,0,1,2,6,4005.58863238661,0.999602652116812
"C_gear_pred[75,1]",1.647,0.0282841480609349,1.80366413200331,0,0,1,2,6,4066.54079828885,0.999532379664863
"C_gear_pred[76,1]",2.23025,0.0365472688569895,2.20282728544759,0,1,2,3,8,3632.8798803533,1.00015594239158
"C_gear_pred[77,1]",2.24075,0.0360132149391849,2.2259892620021,0,1,2,3,8,3820.51882471551,1.00011180221089
"C_gear_pred[78,1]",2.25125,0.0399603789155453,2.30281331739976,0,1,2,3,8,3320.91889634953,0.999961225240894
"C_gear_pred[79,1]",1.6325,0.0322898120170775,1.80838638441259,0,0,1,2,6,3136.5442845439,1.00180098521295
"C_gear_pred[80,1]",1.62225,0.0286574714800124,1.81573102558978,0,0,1,2,6,4014.46144422004,0.999733378746658
"C_gear_pred[81,1]",1.64575,0.0306633504988088,1.84027269403127,0,0,1,2,6,3601.84607834929,1.00091936452527
"C_gear_pred[82,1]",1.60875,0.0312068858601958,1.8147993860763,0,0,1,2,6,3381.86589730387,1.00050806616275
"C_gear_pred[83,1]",2.219,0.0369803236626453,2.17502222527038,0,1,2,3,8,3459.28212219251,1.00036429199432
"C_gear_pred[84,1]",2.26125,0.0390132676162048,2.31405210546061,0,1,2,3,8,3518.20882604336,1.00123606229516
"C_gear_pred[85,1]",2.23575,0.0360972753989642,2.23493191566699,0,1,2,3,8,3833.36125678119,0.999586421617734
"C_gear_pred[86,1]",1.5985,0.0288957541137824,1.75486969371246,0,0,1,2,6,3688.26129934512,1.0010416348827
"C_gear_pred[87,1]",1.61975,0.029598687278976,1.77029472782242,0,0,1,2,6,3577.22495249369,1.00159373759719
"C_gear_pred[88,1]",1.66275,0.0315935721231959,1.84861212242991,0,0,1,2,6,3423.68759292845,1.00083078006174
"C_gear_pred[89,1]",1.648,0.030800136106936,1.87188995216018,0,0,1,2,7,3693.64672025643,0.999657902218732
"C_gear_pred[90,1]",2.24575,0.0345678291689467,2.25790422081354,0,1,2,3,8,4266.45153607458,0.999654174591818
"C_gear_pred[91,1]",6.94825,0.0830083892032575,5.45330235399992,0,3,6,9,21,4315.93785047637,1.00047193269685
"C_gear_pred[92,1]",6.857,0.085539341934495,5.39331279973069,1,3,6,9,21,3975.38695708305,0.999740342175525
"C_gear_pred[93,1]",4.8265,0.0585169459691713,3.85527087613596,0,2,4,6,14,4340.5672680206,1.00033903560326
"C_gear_pred[94,1]",4.898,0.056035804728906,3.80890048842611,0,2,4,7,14,4620.27713563816,0.999826643398557
"C_gear_pred[95,1]",4.8775,0.0564824931059143,3.87159412390621,0,2,4,7,14,4698.42099082712,0.999463667720807
"C_gear_pred[96,1]",4.94025,0.0572019987348659,3.93650275638005,0,2,4,7,15,4735.85843228462,0.999646021708702
"C_gear_pred[97,1]",6.913,0.0804376725096329,5.46222390354818,1,3,6,9,21,4611.26419992535,0.999889373493621
"C_gear_pred[98,1]",6.878,0.0831223999761716,5.29963560392444,0,3,6,9,20,4064.95619745765,0.999746420682041
"C_gear_pred[99,1]",6.926,0.0772311855651478,5.3475857326734,0,3,6,9,20,4794.35411768837,1.00021784489687
"C_gear_pred[100,1]",5.00225,0.0603189268311936,3.97752436982203,0,2,4,7,15,4348.28985352091,0.999126145847838
"C_gear_pred[101,1]",4.95175,0.0584169175430485,3.86816010567696,0,2,4,7,15,4384.61645065702,0.999543575131514
"C_gear_pred[102,1]",4.93025,0.0581049498681942,3.83406572094013,0,2,4,7,14,4354.04430895411,0.999317964624535
"C_gear_pred[103,1]",4.9435,0.0575441392945492,3.97338076311246,0,2,4,7,15,4767.80157244832,0.999812669647038
"C_gear_pred[104,1]",6.82625,0.0802629067197877,5.24475335901978,1,3,6,9,21,4269.92623311572,0.999533387348083
"C_gear_pred[105,1]",6.935,0.0798020101933812,5.4791222102677,1,3,6,9,21,4714.05138499114,0.999740430918234
"C_gear_pred[106,1]",6.86475,0.0858543219803825,5.44236734133865,0,3,6,9,21,4018.38346465196,0.999938239176606
"C_gear_pred[107,1]",4.99475,0.0609852998418887,3.89345761381162,0,2,4,7,15,4075.87236170082,0.999453684201973
"C_gear_pred[108,1]",4.95225,0.0587971049330753,3.91877648505052,0,2,4,7,15,4442.10787809073,0.999415726649374
"C_gear_pred[109,1]",4.922,0.0586922739967594,3.87158408029875,0,2,4,7,14,4351.26484708244,0.999831732353368
"C_gear_pred[110,1]",4.907,0.0557096163823845,3.80551855768346,0,2,4,7,14,4666.24301079306,0.99946995885631
"C_gear_pred[111,1]",6.7635,0.0782160855555931,5.16717937424969,0,3,6,9,20,4364.30326947839,0.999880668105745
"C_gear_pred[112,1]",6.9105,0.0811429905082448,5.46044355899457,0,3,6,9,20.0250000000001,4528.49430487965,0.999241093746814
"C_gear_pred[113,1]",6.7645,0.0778322519014964,5.22889807643766,0,3,6,9,20,4513.3723194418,0.999529988710549
"C_gear_pred[114,1]",4.85425,0.0609616547037677,3.86092393358186,0,2,4,7,15,4011.1508714881,0.999945691649949
"C_gear_pred[115,1]",4.92025,0.0589500081160893,3.87242028287372,0,2,4,7,15,4315.16328456158,0.999484272780078
"C_gear_pred[116,1]",4.917,0.0593294147944732,3.88592152475113,0,2,4,7,14.0250000000001,4289.90744654733,0.999184148033723
"C_gear_pred[117,1]",4.93375,0.0604816151578823,3.88871977299319,0,2,4,7,15,4133.96252923647,0.999345766601145
"C_gear_pred[118,1]",6.9025,0.0861825985897767,5.51031620201251,1,3,6,9,21,4088.02809864965,0.999859695330516
"C_gear_pred[119,1]",6.92175,0.0875600810271393,5.57435155747479,1,3,6,9,21,4052.9981003158,1.00021325327284
"C_gear_pred[120,1]",6.88775,0.0779735937175386,5.33336302231359,1,3,6,9,20,4678.50598451349,0.999740362375109
"C_gear_pred[121,1]",4.99575,0.0578455337845055,3.95400309466472,0,2,4,7,15,4672.33898330549,0.999347946947754
"C_gear_pred[122,1]",8.512,0.0945812432846142,6.06844811427344,1,4,7,11,24,4116.66236356173,0.999800002630573
"C_gear_pred[123,1]",8.34425,0.0960757163053055,5.83234481139445,1,4,7,11,23,3685.18352903704,1.00077680112266
"C_gear_pred[124,1]",8.30625,0.0935485096824932,5.85999537746882,1,4,7,11,23,3923.9259274504,1.00019920661508
"C_gear_pred[125,1]",11.6865,0.123424715125487,7.94757879811129,2,6,10,15,32,4146.34483718925,0.999737358903739
"C_gear_pred[126,1]",11.63825,0.127079502876234,7.68974446779573,2,6,10,15,31,3661.61604242076,1.00018906801841
"C_gear_pred[127,1]",11.63425,0.123107354050729,8.00265503188722,2,6,10,15,32,4225.71495436291,1.00007498219223
"C_gear_pred[128,1]",8.41425,0.102228874134164,6.12119385341191,1,4,7,11,24,3585.29678152801,0.999377740376348
"C_gear_pred[129,1]",8.44725,0.099610326419597,6.0297849890567,1,4,7,11,24,3664.33293486934,1.0000829157098
"C_gear_pred[130,1]",8.4085,0.0966512727127387,5.98849674570491,1,4,7,11,23,3839.0209428084,1.00027865123416
"C_gear_pred[131,1]",8.46475,0.101405406527356,6.05061235867732,1,4,7,11,24,3560.21675181707,0.99959632103756
"C_gear_pred[132,1]",11.7255,0.125801279866808,8.02157940707726,2,6,10,15,32,4065.83410970383,0.999229096317044
"C_gear_pred[133,1]",11.57375,0.117091078435264,7.73385505850843,2,6,10,15,31,4362.59045989551,0.999764039643497
"C_gear_pred[134,1]",11.63625,0.13048180304681,8.22045192766029,2,6,10,15,32,3969.0949586336,0.999467505188356
"C_gear_pred[135,1]",8.35675,0.0984830521788588,5.8395637305916,1,4,7,11,23,3515.91045345244,1.00011833018111
"C_gear_pred[136,1]",8.52075,0.0965945217059046,5.98306098014829,1,4,7,11,24,3836.55886213653,1.00008719498186
"C_gear_pred[137,1]",8.4805,0.100076109349519,5.96460508990072,1,4,7,11,24,3552.24215337087,1.00004122262443
"C_gear_pred[138,1]",8.43975,0.0981111334421028,6.03365322008939,1,4,7,11,24,3782.02247723787,1.00023880416576
"C_gear_pred[139,1]",11.61175,0.118947730385937,7.73129712120121,2,6,10,15,32,4224.66628012994,0.999547560931425
"C_gear_pred[140,1]",11.67075,0.130193831153319,7.8608709924976,2,6,10,15,31,3645.52871993326,0.999556487112753
"C_gear_pred[141,1]",11.697,0.124237112943433,7.95537635836613,2,6,10,15,32,4100.32951707014,0.999756586543512
"C_gear_pred[142,1]",8.522,0.0984782119499325,6.08796204164046,1,4,7,11,24,3821.76133839957,0.999426784170275
"C_gear_pred[143,1]",8.47975,0.099120506639532,5.97662278736793,1,4,7,11,23,3635.67175531493,1.00093969001432
"C_gear_pred[144,1]",8.40775,0.0971010297815754,5.94796894083437,1,4,7,11,23,3752.23225679666,1.00022724107264
"C_gear_pred[145,1]",8.485,0.100909031060497,6.17278711970584,1,4,7,11,23,3741.9891800791,1.00053899044776
"C_gear_pred[146,1]",11.57225,0.123841686349415,7.67684918705977,2,6,10,15,31,3842.66304259326,0.999640107156696
"C_gear_pred[147,1]",11.59775,0.123510771645877,7.8218757579364,2,6,10,15,31,4010.62592403245,0.999253727092202
"C_gear_pred[148,1]",11.64775,0.128177724513557,7.89095917786214,2,6,10,15,31,3789.95870871924,1.00021021722287
"C_gear_pred[149,1]",8.39,0.0964516092840523,6.01451939982761,1,4,7,11,23,3888.50716647062,0.999804883742975
"C_gear_pred[150,1]",8.47025,0.104626107336769,5.98895498671999,1,4,7,11,24,3276.58895416008,1.00194551937845
"C_gear_pred[151,1]",8.4255,0.10375506984045,5.96853043796354,1,4,7,11,24,3309.14785259991,1.00118225038728
"C_gear_pred[152,1]",41.34025,0.364222384860689,24.8294000071222,10,24,36,52,106,4647.28367207198,0.999333218308478
"C_gear_pred[153,1]",57.423,0.500122935583446,34.4874457879856,14,33,50,73,145,4755.19704875844,0.999489446890914
"C_gear_pred[154,1]",56.88775,0.514808020329435,34.1281457527453,14,33,49,71,146.025,4394.75609572606,0.999369043278404
"C_gear_pred[155,1]",57.22475,0.538705213773343,33.9517218604863,14,34,50,73,141,3972.10985578176,0.999915179242721
"C_gear_pred[156,1]",40.798,0.322151979167338,23.4808013706571,10,24,36,52,101,5312.56457364713,0.999561301637666
"C_gear_pred[157,1]",41.11775,0.358568300485771,24.5343609791383,10,24,36,52,102,4681.72301728257,0.999760214114994
"C_gear_pred[158,1]",40.7045,0.342415443394974,23.3059213772554,10,24,36,52,95,4632.61134742366,0.99930273185788
"C_gear_pred[159,1]",40.909,0.336534601378652,24.0037239546476,10,24,36,52,102,5087.42242760819,0.999235536888179
"C_gear_pred[160,1]",56.89825,0.468475346180368,33.2993409614157,14,33,50,73,142,5052.4007978873,0.999483874389253
"C_gear_pred[161,1]",57.1005,0.47068426915492,34.0089481149884,14,34,49,72,144.025,5220.67948617199,0.99952126040717
"C_gear_pred[162,1]",57.5305,0.498183242448457,34.3653068272107,13.975,34,50,73,145.025,4758.41396872062,0.999670669114555
"C_gear_pred[163,1]",41.27425,0.347184972984061,24.9157527604808,10,24,36,52,105,5150.22480550079,1.00009790568192
"C_gear_pred[164,1]",41.09325,0.326229988447029,24.4980324278443,10,24,36,52,101.025,5639.16301089656,0.999885650291749
"C_gear_pred[165,1]",41.121,0.330944478555815,24.6696373453622,9,24,36,52,104,5556.6782561422,0.999659864924992
"C_gear_pred[166,1]",41.09775,0.344712099619715,24.3938201098636,10,24,36,52,102,5007.79541570479,0.999966218001669
"C_gear_pred[167,1]",57.4525,0.522231355167191,34.5675566498876,14,33,50,73,145.025,4381.38562686752,0.999639827479229
"C_gear_pred[168,1]",56.91625,0.465590503853443,33.5349651022422,15,34,50,72,142,5187.85094543087,0.999369469055021
"C_gear_pred[169,1]",57.369,0.477851475852445,34.3950591513302,14,33,50,72,151,5180.91250486653,0.999699846179969
"C_gear_pred[170,1]",41.28275,0.335716624346286,24.5290790974272,10,24,36,52.25,105,5338.46982316439,0.999152769214765
"C_gear_pred[171,1]",40.88775,0.365917697082909,24.7905686302423,10,24,36,52,100,4589.93091524553,0.999957908065872
"C_gear_pred[172,1]",41.16275,0.350216578706515,24.7213682661324,10,24,36,53,103.025,4982.77878022605,0.999639345391867
"C_gear_pred[173,1]",40.74925,0.33458428052912,23.7984551190621,10,24,35,51,100.025,5059.25378485696,1.00009322496255
"C_gear_pred[174,1]",57.69325,0.556954415195846,34.2156957096553,15,33,51,72.25,146,3774.08300604715,0.999813402057032
"C_gear_pred[175,1]",108.76225,1.21404740538769,74.6907551318303,24,58,90,137,307.025,3784.96972618801,0.999954177352663
"C_gear_pred[176,1]",107.137,1.08900503977738,71.3734878977739,24,58,89.5,136,294,4295.5033466914,0.999595080442243
"C_gear_pred[177,1]",106.5485,1.08172999249405,70.4901898455815,25,60,90,134,289,4246.38745180006,0.999471620871409
"C_gear_pred[178,1]",41.3385,0.34511256882393,24.3363613214998,10,25,36,53,104,4972.67111630365,0.999283976876662
"C_gear_pred[179,1]",40.5525,0.342797847482404,23.5908218481016,10,24,36,52,98,4735.98119685006,0.999694172734176
"C_gear_pred[180,1]",41.16575,0.343336334583216,24.3951646428547,10,24,36,52,102,5048.56525757587,0.999474712769628
"C_gear_pred[181,1]",57.25825,0.551912137910819,35.0100054564122,14,33,50,73,143,4023.87486162331,1.00000751942177
"C_gear_pred[182,1]",57.50125,0.50825158488883,35.2448300882482,14,33,49,73,148.025,4808.76284379278,0.999489827241445
"C_gear_pred[183,1]",42.124,0.416407153506209,28.1272805293632,9,23,35,53,116,4562.67070237457,1.0016763805675
"C_gear_pred[184,1]",31.25525,0.355500666803833,23.0827056529898,6,16,25,40,89,4215.92219909685,1.00107785683651
"C_gear_pred[185,1]",30.6995,0.324222409442764,20.945688821809,6,16,25,40,84,4173.52708756438,1.00002292473805
"C_gear_pred[186,1]",30.87275,0.328111383243429,21.82461078339,6,17,26,39,83,4424.35961173908,1.0008493072932
"C_gear_pred[187,1]",30.7195,0.318194664626244,20.9541663881495,6,16,26,39,83,4336.65616064843,1.00046502294648
"C_gear_pred[188,1]",42.5565,0.435456237863772,28.9332696263803,8,23,36,54,116,4414.74878898371,1.00162499910651
"C_gear_pred[189,1]",43.0015,0.472014881671936,29.8807080225349,9,23,36,54,122,4007.47097140193,1.00181638937713
"C_gear_pred[190,1]",42.8455,0.422217516577767,28.8940884410066,9,23,36,55,118,4683.23015639261,1.00138623930747
"C_gear_pred[191,1]",31.055,0.338088257599173,21.6170603765829,6,17,26,39,83.0250000000001,4088.20906297707,1.00042297544051
"C_gear_pred[192,1]",30.98875,0.31068780785431,21.8609377334813,6,16,25,40,88,4950.95698219544,1.00098319109312
"C_gear_pred[193,1]",30.948,0.31446237715538,21.5593946546388,6,16,26,40,86,4700.40997104506,0.999926130084555
"C_gear_pred[194,1]",30.8925,0.315688796979905,21.3588504810879,6,16,26,40,84,4577.59547184068,1.00138422341534
"C_gear_pred[195,1]",42.0315,0.427726295301484,28.1157719422387,9,23,35,54,116,4320.83939075523,1.00133313914159
"C_gear_pred[196,1]",42.65025,0.444794446331932,29.0433349284038,9,23,35.5,54,120,4263.57840898142,1.0010310916328
"C_gear_pred[197,1]",80.44225,0.935499498265914,59.1520109974188,14,42,65,103,236.025,3998.08396029982,1.00005024456592
"C_gear_pred[198,1]",30.8275,0.318601712781519,21.2103680703193,6,16,26,40,83.0250000000001,4432.00455071665,1.00080003385501
"C_gear_pred[199,1]",30.76925,0.332778697552974,21.2776452875958,6,17,26,39,83,4088.23727825825,1.00094851088613
"C_gear_pred[200,1]",31.17725,0.366590576011584,24.0387145535456,6,16,26,39,90,4299.91517571396,1.00182001765531
"C_gear_pred[201,1]",30.78625,0.341702948077886,21.2164227683715,6,16,26,39,83,3855.19961622424,1.00103622757834
"C_gear_pred[202,1]",42.56575,0.415040111279791,28.1742812591309,9,23,36,54,116,4608.13877909183,1.00108111191017
"C_gear_pred[203,1]",42.137,0.451384251830632,28.0860452446472,9,23,36,52.25,118.025,3871.58123393779,1.00085670704964
"C_gear_pred[204,1]",42.35375,0.437680612710773,28.629818853241,8,23,36,54,118,4278.80584937934,1.00079123656395
"C_gear_pred[205,1]",30.80175,0.326651114455246,22.3499849528886,6,16,26,39,86,4681.51243923472,1.00067133796092
"C_gear_pred[206,1]",30.871,0.298069157880181,21.5245716750984,6,16,26,40,85,5214.76755621795,1.00073076056121
"C_gear_pred[207,1]",30.95175,0.339063604490316,22.3471647168096,6,16,26,39,88,4343.92692786919,1.00095604503547
"C_gear_pred[208,1]",30.96275,0.326866250152492,21.6960720482552,6,16,26,40,85,4405.77249392782,1.00070431994208
"C_gear_pred[209,1]",42.2615,0.397580454469358,27.2833779695322,9,24,36,54,111,4709.19015549741,1.00069677189429
"C_gear_pred[210,1]",42.0435,0.414108346459771,27.9305591921142,9,23,35,53,110,4549.16085678502,1.00151903497808
"C_gear_pred[211,1]",42.426,0.416611193499738,28.7938412742001,9,22,36,54,120.025,4776.80314150667,1.00011785325263
"C_gear_pred[212,1]",30.7655,0.335214707421027,21.6630060519726,6,16,26,39,84.0250000000001,4176.29638547464,1.00126245209838
"C_gear_pred[213,1]",107.75425,1.07867929525784,67.972276808572,27,62,92,136,280,3970.80855822322,0.999490245908399
"C_gear_pred[214,1]",106.635,0.997108446611725,66.5139030566163,27,61,91,134,274.1,4449.7957386126,0.999812531762381
"C_gear_pred[215,1]",106.42175,0.946042830089376,64.0355996024212,26,62,91.5,136,271.025,4581.64423996608,0.999325062495353
"C_gear_pred[216,1]",278.05825,2.78620837660091,192.097615108491,59,145,226,359,779.025,4753.53569138774,0.999716087121296
"C_gear_pred[217,1]",147.892,1.37565959928539,92.5375579746352,37,84,126,188,377.025,4524.95331612786,0.999734111924994
"C_gear_pred[218,1]",149.07525,1.4203070771581,93.8942896125369,37,84,125,189,386.025,4370.32625075394,0.999264491459013
"C_gear_pred[219,1]",107.22775,1.06224292024699,67.0966681039764,27,61,91,137,284,3989.82840974125,0.999713674767622
"C_gear_pred[220,1]",106.17175,0.948012651596835,65.4703623330703,26,62,90,134,276,4769.3722719472,0.999813517252301
"C_gear_pred[221,1]",106.4505,1.01948505043058,65.8114073324965,27,61,92,136,273,4167.16438317367,0.999756170513202
"C_gear_pred[222,1]",106.2485,1.01347973953946,66.02120453015,27,61,91,135,271.05,4243.6225146629,0.999884174390673
"C_gear_pred[223,1]",149.22125,1.62372757915961,97.0012789114923,38,83,126,189,388,3568.8523926418,0.999774169665391
"C_gear_pred[224,1]",148.7965,1.42076763213828,95.3832117147418,36,84,126,187,396.025,4507.10602597067,1.00006945750698
"C_gear_pred[225,1]",149.4725,1.59916567637522,97.7802561275644,36,84,126,189,402.025,3738.65526594998,0.999691807246092
"C_gear_pred[226,1]",105.71175,0.947693805548412,63.982048948001,26,61,91,136,265.025,4558.06174083885,0.999322085357243
"C_gear_pred[227,1]",107.1765,0.99662354207499,66.735475975589,26.975,62,91,135,275.025,4483.8517089545,0.999620067820038
"C_gear_pred[228,1]",106.53175,1.00092614327453,66.5188220006758,26,61,91,135,283.05,4416.56914047162,0.999655616201047
"C_gear_pred[229,1]",105.80525,0.955061597203932,63.227191475448,26,61,91,134,264.05,4382.7330323316,0.999479107701262
"C_gear_pred[230,1]",148.21625,1.31069063559106,92.5862897042418,37,84,126,186,396.025,4989.91293460339,0.999559341218186
"C_gear_pred[231,1]",149.53575,1.39845188183401,94.2254149852617,37,84,127,189,394.025,4539.84538599499,0.999551111270972
"C_gear_pred[232,1]",149.1025,1.55361610005212,96.5401315153354,36,85,127,188,388,3861.25377507631,1.000290621071
"C_gear_pred[233,1]",107.025,0.965399535009238,66.3291283171717,26,61.75,92,135,278,4720.56964364772,0.999456852075003
"C_gear_pred[234,1]",106.5835,0.955581895155777,66.8449855319955,26,61,91,134,276.025,4893.29999029834,0.999824696954479
"C_gear_pred[235,1]",106.153,0.967276873466479,65.6481569514924,28,61,91,135,273,4606.20717080364,1.00007437024397
"C_gear_pred[236,1]",105.8425,0.960224521276671,64.3089465307975,27,61,92,133,270,4485.35896856854,0.999401937450466
"C_gear_pred[237,1]",150.17025,1.49887752364578,96.8580463111935,35.975,83,128,188,397.075,4175.79447359372,1.00036721052985
"C_gear_pred[238,1]",147.866,1.40493489229,93.7582166788527,37,85,126,185,387,4453.54945588943,0.999203217742273
"C_gear_pred[239,1]",150.9905,1.45803186774099,96.7319113603099,37,83,127,194,393.025,4401.54864376998,0.999466592547474
"C_gear_pred[240,1]",106.9375,0.948516951218529,65.0535093866648,26,61,91,136,272.025,4703.8261992486,1.00034967152353
"C_gear_pred[241,1]",106.44025,0.963454242750915,66.3269835521282,26,61,91,135,277.025,4739.34480378978,0.999653231594133
"C_gear_pred[242,1]",106.907,0.969806186224326,65.9926178250405,26.975,61,92,134,276,4630.42455860873,0.999494464721269
"C_gear_pred[243,1]",105.89825,0.968765909081184,64.8265109046177,27,61,91,134,268.075,4477.82998416302,0.999479617697317
"C_gear_pred[244,1]",201.90925,1.63970864313216,115.046607707154,56.975,122,175,255,478,4922.82347779577,0.999782104869157
"C_gear_pred[245,1]",202.1445,1.53782928234488,113.790716675616,57.975,121,178,256,492.025,5475.16753855089,0.999754328214434
"C_gear_pred[246,1]",203.265,1.68377305884032,119.468403562877,57,119,177,257,500.025,5034.29902497015,1.00027776059653
"C_gear_pred[247,1]",145.51025,1.0877199875168,79.6385017920316,40,88.75,130,184,337.025,5360.58200792566,1.00011389067151
"C_gear_pred[248,1]",145.1525,1.04061670035697,79.3828013554432,40,89,128,184,351.025,5819.30685939208,0.999415997472457
"C_gear_pred[249,1]",145.61225,1.04242005980263,81.2877224640557,41,88,127,183,349.025,6080.85140505609,0.999454601050915
"C_gear_pred[250,1]",144.30975,1.03580689135687,78.3786808343942,41,88,129,181,341,5725.82812245097,0.999698482712891
"C_gear_pred[251,1]",202.21225,1.69353060281059,115.252227609403,54,121,178,255,501.025,4631.40285050134,0.999580712055671
"C_gear_pred[252,1]",201.28525,1.49504961699114,111.137623131217,57,124,179,253.25,478.025,5526.00147774132,0.999783216718486
"C_gear_pred[253,1]",200.28225,1.52472411363375,112.323961170361,58,122,178,250,491.025,5427.03076958544,0.999958597509503
"C_gear_pred[254,1]",144.5765,0.977949666741625,79.6476495872364,41,89,126,182.25,348.025,6633.04467561263,0.999220594946144
"C_gear_pred[255,1]",146.09425,1.06016757412961,81.5190634536738,39,87,129,187,345,5912.47516129568,0.999555624944722
"C_gear_pred[256,1]",146.1495,1.02305172027237,78.8765175829061,40,89,129.5,186,349,5944.29393436762,0.999281228314399
"C_gear_pred[257,1]",144.62625,1.06789632131569,78.5543840835901,40,89,130,182,340.025,5411.06405110057,0.999783772653398
"C_gear_pred[258,1]",203.663,1.8784138615611,121.268251938552,56,122,178,253,500,4167.84602149143,1.00027446687514
"C_gear_pred[259,1]",201.6925,1.44883053156841,113.831458059541,55,122,177,254,490.025,6172.90251793895,0.999760149414406
"C_gear_pred[260,1]",202.00175,1.55194651362413,114.722465358586,57,123,175.5,251,500,5464.4120877294,0.999524907690348
"C_gear_pred[261,1]",146.04575,1.13073783166293,81.840968609696,39,88,129,185,347.025,5238.62939844863,0.999526454251126
"C_gear_pred[262,1]",144.1335,1.06037611400025,79.8644555516729,40,88,128,183,336,5672.66579900801,0.999867099003497
"C_gear_pred[263,1]",145.16775,1.09886685392106,80.9191391866546,41,90,129,181,349,5422.65982519476,0.999521511228398
"C_gear_pred[264,1]",144.08475,1.0165367291806,78.7654243018716,40,89,128,181,342,6003.78433876587,0.999408126816645
"C_gear_pred[265,1]",202.5675,1.69871552167223,117.796045862564,58,123,177.5,252,491.1,4808.61619459327,0.999962167905926
"C_gear_pred[266,1]",202.922,1.58726993922412,115.652932587998,54,122,178,256,492,5308.98766609959,0.999676807612695
"C_gear_pred[267,1]",201.97225,1.4771478012798,111.830434101971,57,125,177,255,481,5731.55041384805,0.999796090281099
"C_gear_pred[268,1]",145.06275,1.05648035404874,80.7565707442255,39.975,88,129,183,350,5842.95964108258,0.999959356748724
"C_gear_pred[269,1]",146.33125,1.02025750216216,82.2673507698417,40,88,128,186,361.025,6501.82730969346,0.99951946745687
"C_gear_pred[270,1]",145.65225,1.18577877781148,81.8291532555368,41,87,129,182.25,360.025,4762.21246769897,0.999866406267806
"C_gear_pred[271,1]",146.404,1.13685853415942,82.9473528802304,40,88,129,185,354.05,5323.43810672131,0.99990804606165
"C_gear_pred[272,1]",202.81175,1.52636964356832,113.709213603173,57,121,179,257,494,5549.73021569706,0.999541415675832
"C_gear_pred[273,1]",203.2715,1.81701933158472,117.217949989325,56,122,179,253,497.05,4161.68445078514,0.999834271368521
"C_gear_pred[274,1]",201.703,1.67132464859006,114.150614898565,57,120,176.5,255,493,4664.81982552033,0.999824015521118
"C_gear_pred[275,1]",176.1365,1.8279658162106,125.219688389407,36,89,145,225,500,4692.55203847362,0.999530004237794
"C_gear_pred[276,1]",68.14775,0.842730105084689,46.7443705592689,14,37,57,85,187.025,3076.6749460466,1.00055834982838
"C_gear_pred[277,1]",68.08375,0.721162616403107,45.2047354041946,15,37,56.5,88,189,3929.17571994925,1.0000688012585
"C_gear_pred[278,1]",68.01325,0.740628724479099,43.6394910113699,15,37,58,87,178.025,3471.82838671623,0.999688041472165
"C_gear_pred[279,1]",94.6145,0.976688350372849,61.5898467042601,20.975,52,79,122,256,3976.54801783683,0.999708368897864
"C_gear_pred[280,1]",94.6785,1.00862350705816,63.1209371043019,22,52,79,120,260,3916.41499255586,0.999398484248416
"C_gear_pred[281,1]",95.23025,1.04078003334243,63.6475607382913,22,50,78,122,263,3739.7762944139,1.00005128512467
"C_gear_pred[282,1]",68.334,0.74799095144105,45.2733460544473,14,37,57,88,180,3663.46881119632,0.999532527352148
"C_gear_pred[283,1]",67.3615,0.708284924857644,43.7191623780667,15,37,57,85,177.025,3810.0236242628,1.00032289784884
"C_gear_pred[284,1]",67.25925,0.728374838088371,43.2571709101079,15,37,58,87,177,3527.00727773649,1.00009590183497
"C_gear_pred[285,1]",67.7755,0.718060397207233,44.5119582624388,15,37,57,86,181,3842.6555103745,1.00050196229902
"C_gear_pred[286,1]",94.471,1.06377528647633,62.5973662909762,21,51,79,120,259.025,3462.67976555154,1.00044212607876
"C_gear_pred[287,1]",95.09725,0.984662003979848,63.5294639567749,21,51,80,122,251.025,4162.70871567976,1.00013443488953
"C_gear_pred[288,1]",94.1115,0.994845164328052,61.1311158173992,21,51,80,120,256,3775.84066449089,0.999973905101091
"C_gear_pred[289,1]",68.1245,0.717914371607331,43.8940220422185,14,38,58,88,174.025,3738.22519353058,1.00028467897904
"C_sum_gear[1]",14440.0155,69.147826172932,5564.96750283294,5776.625,10413.75,13800.5,17707,27136.725,6476.91506534754,0.999773873006176
"r_C_gear_out[1]",1.71753563875595,0.00437593271703659,0.286497668750998,1.23082313834844,1.51413468687095,1.69328004249963,1.89524151355405,2.32797067535463,4286.48110098928,1.00015586224582
"sigma_eps_C_gear_out[1]",0.435426805736693,0.00599381268262335,0.19397130179707,0.117385138046187,0.307340229419663,0.40822949295037,0.534513338012754,0.887616383078364,1047.29403094653,1.00457651003235
"log_lik_trailer[1]",-1.40730613757438,0.00099823612654564,0.0662861764521619,-1.57183740734013,-1.44299198445929,-1.39729290582449,-1.36063156605683,-1.30667644639318,4409.39871258496,1.00000348169323
"log_lik_trailer[2]",-1.92939956544473,0.00115354631749941,0.0825895335773761,-2.12868548787994,-1.97248353175838,-1.91803023294239,-1.87411231143256,-1.80129841409893,5126.01594386805,0.999638511719726
"log_lik_trailer[3]",-3.57956307700936,0.00558062161827193,0.397231257397183,-4.46043202309879,-3.8200060031634,-3.53142334399566,-3.29072321301708,-2.9384522224932,5066.65899606852,0.999204790102262
"log_lik_trailer[4]",-2.47077275084612,0.00252417664061116,0.179036370869222,-2.88256842856307,-2.57391108405798,-2.44307445588915,-2.33919845015168,-2.2039337529286,5030.86942253274,0.999278302929858
"log_lik_trailer[5]",-1.89033606174766,0.000891779338875079,0.0595056151686262,-2.01765364844152,-1.92633854827904,-1.88585928988308,-1.85000191851979,-1.7880481921482,4452.47086335077,1.00016062675553
"log_lik_trailer[6]",-1.89033606174766,0.000891779338875079,0.0595056151686262,-2.01765364844152,-1.92633854827904,-1.88585928988308,-1.85000191851979,-1.7880481921482,4452.47086335077,1.00016062675553
"log_lik_trailer[7]",-1.40730613757438,0.00099823612654564,0.0662861764521619,-1.57183740734013,-1.44299198445929,-1.39729290582449,-1.36063156605683,-1.30667644639318,4409.39871258496,1.00000348169323
"log_lik_trailer[8]",-0.938308958527657,0.00229136674789674,0.164761357630274,-1.28718719199746,-1.04260204072695,-0.926288183470601,-0.821352004547911,-0.647311393293835,5170.36866677411,0.999558703856125
"log_lik_trailer[9]",-1.40730613757438,0.00099823612654564,0.0662861764521619,-1.57183740734013,-1.44299198445929,-1.39729290582449,-1.36063156605683,-1.30667644639318,4409.39871258496,1.00000348169323
"log_lik_trailer[10]",-1.17786439798272,0.00267959353895009,0.194523529740752,-1.58450448099156,-1.30402800609689,-1.16274406986292,-1.03829618453657,-0.840240600648238,5269.94932450374,0.999624989214758
"log_lik_trailer[11]",-1.17786439798272,0.00267959353895009,0.194523529740752,-1.58450448099156,-1.30402800609689,-1.16274406986292,-1.03829618453657,-0.840240600648238,5269.94932450374,0.999624989214758
"log_lik_trailer[12]",-1.89033606174766,0.000891779338875079,0.0595056151686262,-2.01765364844152,-1.92633854827904,-1.88585928988308,-1.85000191851979,-1.7880481921482,4452.47086335077,1.00016062675553
"log_lik_trailer[13]",-3.02211954884958,0.00403082848872295,0.286169353107118,-3.66754744508471,-3.19076901774811,-2.98215639192154,-2.81275969073447,-2.57753760377365,5040.31413900139,0.999220863471947
"log_lik_trailer[14]",-1.50755210545337,0.00151787110140054,0.103319617244164,-1.74641090882924,-1.56912743057713,-1.49443906481935,-1.43070544479909,-1.34811963690478,4633.35730161933,0.99943031648825
"log_lik_trailer[15]",-1.50755210545337,0.00151787110140054,0.103319617244164,-1.74641090882924,-1.56912743057713,-1.49443906481935,-1.43070544479909,-1.34811963690478,4633.35730161933,0.99943031648825
"log_lik_trailer[16]",-1.50755210545337,0.00151787110140054,0.103319617244164,-1.74641090882924,-1.56912743057713,-1.49443906481935,-1.43070544479909,-1.34811963690478,4633.35730161933,0.99943031648825
"log_lik_trailer[17]",-1.92939956544473,0.00115354631749941,0.0825895335773761,-2.12868548787994,-1.97248353175838,-1.91803023294239,-1.87411231143256,-1.80129841409893,5126.01594386805,0.999638511719726
"log_lik_trailer[18]",-1.40730613757438,0.00099823612654564,0.0662861764521619,-1.57183740734013,-1.44299198445929,-1.39729290582449,-1.36063156605683,-1.30667644639318,4409.39871258496,1.00000348169323
"log_lik_trailer[19]",-0.938308958527657,0.00229136674789674,0.164761357630274,-1.28718719199746,-1.04260204072695,-0.926288183470601,-0.821352004547911,-0.647311393293835,5170.36866677411,0.999558703856125
"log_lik_trailer[20]",-1.89033606174766,0.000891779338875079,0.0595056151686262,-2.01765364844152,-1.92633854827904,-1.88585928988308,-1.85000191851979,-1.7880481921482,4452.47086335077,1.00016062675553
"log_lik_trailer[21]",-3.12257115858408,0.00385932568158544,0.273485171480648,-3.7564762345418,-3.28425238506338,-3.08397054007942,-2.91591954988616,-2.71142946098869,5021.62997847218,0.999405922229288
"log_lik_trailer[22]",-2.03423562258401,0.00244690637790053,0.159691064558056,-2.41678748368511,-2.1179940117874,-1.99838203559881,-1.91843034510637,-1.82075369981719,4259.18521511844,0.999630490188751
"log_lik_trailer[23]",-2.25833739281908,0.00178434882436899,0.096996842438553,-2.5009360917316,-2.30172917657261,-2.242888340533,-2.19495871242711,-2.11655292091922,2954.98768638891,1.00228862324776
"log_lik_trailer[24]",-0.776738228047087,0.0019981827831512,0.151686913721782,-1.10570063413079,-0.872062322282795,-0.764776997516255,-0.669144286356372,-0.508752944417055,5762.69726166246,0.99921073018211
"log_lik_trailer[25]",-0.989888968040813,0.00250896402988619,0.180009017770242,-1.38801085132323,-1.1044652402954,-0.976260626045081,-0.863822352660436,-0.66735905838804,5147.53910118388,0.999475566835812
"log_lik_trailer[26]",-0.989888968040813,0.00250896402988619,0.180009017770242,-1.38801085132323,-1.1044652402954,-0.976260626045081,-0.863822352660436,-0.66735905838804,5147.53910118388,0.999475566835812
"log_lik_trailer[27]",-0.776738228047087,0.0019981827831512,0.151686913721782,-1.10570063413079,-0.872062322282795,-0.764776997516255,-0.669144286356372,-0.508752944417055,5762.69726166246,0.99921073018211
"log_lik_trailer[28]",-3.37988801847495,0.00521128720856065,0.395947385629981,-4.29594073377278,-3.62363041532384,-3.33879621355051,-3.089988267467,-2.73619313712984,5772.77913032341,0.999175369642448
"log_lik_trailer[29]",-1.37557020712029,0.000706348953531727,0.048145669638185,-1.4866777993192,-1.40308257054795,-1.37166801075964,-1.34251539853335,-1.29459470719351,4645.96411304579,0.999900256332416
"log_lik_trailer[30]",-1.42604692278838,0.00108204374524139,0.0766562870231998,-1.61456651696423,-1.46471946980159,-1.41391961848186,-1.37123680107044,-1.31210117170863,5018.86970863475,0.999573129092118
"log_lik_trailer[31]",-1.42604692278838,0.00108204374524139,0.0766562870231998,-1.61456651696423,-1.46471946980159,-1.41391961848186,-1.37123680107044,-1.31210117170863,5018.86970863475,0.999573129092118
"log_lik_trailer[32]",-4.06716634666121,0.00698925451563372,0.533513152724812,-5.28125026325645,-4.39916500498188,-4.02319169599235,-3.68014525437138,-3.182193229667,5826.7790453617,0.99919247847507
"log_lik_trailer[33]",-0.776738228047087,0.0019981827831512,0.151686913721782,-1.10570063413079,-0.872062322282795,-0.764776997516255,-0.669144286356372,-0.508752944417055,5762.69726166246,0.99921073018211
"log_lik_trailer[34]",-2.42383508746182,0.00249476940545654,0.171802473984478,-2.85072623248862,-2.51551809209248,-2.39400426097184,-2.2983435190454,-2.17678587275219,4742.39810039779,0.999408154248407
"log_lik_trailer[35]",-2.94234266116613,0.00401118972718277,0.279281646024521,-3.60396075192582,-3.09821365938823,-2.90033086114505,-2.73873055188626,-2.51926744654149,4847.72954086451,0.999366642504706
"log_lik_trailer[36]",-1.37557020712029,0.000706348953531727,0.048145669638185,-1.4866777993192,-1.40308257054795,-1.37166801075964,-1.34251539853335,-1.29459470719351,4645.96411304579,0.999900256332416
"log_lik_trailer[37]",-1.37557020712029,0.000706348953531727,0.048145669638185,-1.4866777993192,-1.40308257054795,-1.37166801075964,-1.34251539853335,-1.29459470719351,4645.96411304579,0.999900256332416
"log_lik_trailer[38]",-0.776738228047087,0.0019981827831512,0.151686913721782,-1.10570063413079,-0.872062322282795,-0.764776997516255,-0.669144286356372,-0.508752944417055,5762.69726166246,0.99921073018211
"log_lik_trailer[39]",-1.42604692278838,0.00108204374524139,0.0766562870231998,-1.61456651696423,-1.46471946980159,-1.41391961848186,-1.37123680107044,-1.31210117170863,5018.86970863475,0.999573129092118
"log_lik_trailer[40]",-1.42604692278838,0.00108204374524139,0.0766562870231998,-1.61456651696423,-1.46471946980159,-1.41391961848186,-1.37123680107044,-1.31210117170863,5018.86970863475,0.999573129092118
"log_lik_trailer[41]",-2.69870642044501,0.00347005858856833,0.261446521265057,-3.31348734949569,-2.85195061919293,-2.66681805274866,-2.50792823808561,-2.29564415471137,5676.65002696942,0.999162375071984
"log_lik_trailer[42]",-0.776738228047087,0.0019981827831512,0.151686913721782,-1.10570063413079,-0.872062322282795,-0.764776997516255,-0.669144286356372,-0.508752944417055,5762.69726166246,0.99921073018211
"log_lik_trailer[43]",-0.989888968040813,0.00250896402988619,0.180009017770242,-1.38801085132323,-1.1044652402954,-0.976260626045081,-0.863822352660436,-0.66735905838804,5147.53910118388,0.999475566835812
"log_lik_trailer[44]",-0.580490517084743,0.00246699554291496,0.16529966750468,-0.941144004969589,-0.683546953694499,-0.56604299895119,-0.46495866968445,-0.29659048238239,4489.59566791141,0.999695425356953
"log_lik_trailer[45]",-0.439192047702263,0.00212049820743213,0.133773339083877,-0.732605248567675,-0.522243238508761,-0.423736061501027,-0.345990713922413,-0.22064513382926,3979.8189511849,0.99947183872301
"log_lik_trailer[46]",-0.439192047702263,0.00212049820743213,0.133773339083877,-0.732605248567675,-0.522243238508761,-0.423736061501027,-0.345990713922413,-0.22064513382926,3979.8189511849,0.99947183872301
"log_lik_trailer[47]",-0.580490517084743,0.00246699554291496,0.16529966750468,-0.941144004969589,-0.683546953694499,-0.56604299895119,-0.46495866968445,-0.29659048238239,4489.59566791141,0.999695425356953
"log_lik_trailer[48]",-2.0056176979288,0.00288699772261014,0.180075512176177,-2.49969710638469,-2.06556349663238,-1.95211024261494,-1.88914597871996,-1.80675403968326,3890.59867711984,1.00021198803167
"log_lik_trailer[49]",-0.439192047702263,0.00212049820743213,0.133773339083877,-0.732605248567675,-0.522243238508761,-0.423736061501027,-0.345990713922413,-0.22064513382926,3979.8189511849,0.99947183872301
"log_lik_trailer[50]",-1.49955632886345,0.00203743696091239,0.136272004844522,-1.83167083506375,-1.56450290308043,-1.47030779227421,-1.40307557444005,-1.32323499537488,4473.47412741342,1.0000578825736
"log_lik_trailer[51]",-1.41456775313792,0.00140555647937149,0.0876726877228297,-1.64384113425676,-1.44904188223101,-1.39509549249452,-1.35788103126713,-1.30389366367845,3890.73846207744,1.00104230421009
"log_lik_trailer[52]",-2.30174123801473,0.0043976795974295,0.301066176351653,-3.04194829668703,-2.4535688571855,-2.24394752994111,-2.08265703933802,-1.90173091256551,4686.80370330425,1.00014980841058
"log_lik_trailer[53]",-0.439192047702263,0.00212049820743213,0.133773339083877,-0.732605248567675,-0.522243238508761,-0.423736061501027,-0.345990713922413,-0.22064513382926,3979.8189511849,0.99947183872301
"log_lik_trailer[54]",-0.439192047702263,0.00212049820743213,0.133773339083877,-0.732605248567675,-0.522243238508761,-0.423736061501027,-0.345990713922413,-0.22064513382926,3979.8189511849,0.99947183872301
"log_lik_trailer[55]",-0.580490517084743,0.00246699554291496,0.16529966750468,-0.941144004969589,-0.683546953694499,-0.56604299895119,-0.46495866968445,-0.29659048238239,4489.59566791141,0.999695425356953
"log_lik_trailer[56]",-1.41456775313792,0.00140555647937149,0.0876726877228297,-1.64384113425676,-1.44904188223101,-1.39509549249452,-1.35788103126713,-1.30389366367845,3890.73846207744,1.00104230421009
"log_lik_trailer[57]",-0.439192047702263,0.00212049820743213,0.133773339083877,-0.732605248567675,-0.522243238508761,-0.423736061501027,-0.345990713922413,-0.22064513382926,3979.8189511849,0.99947183872301
"log_lik_trailer[58]",-2.61301685884827,0.00576225649059175,0.388711904722973,-3.48548842697078,-2.82199545813069,-2.56164020418528,-2.32512691735473,-2.03218492639827,4550.61937546312,0.999661565079552
"log_lik_trailer[59]",-0.439192047702263,0.00212049820743213,0.133773339083877,-0.732605248567675,-0.522243238508761,-0.423736061501027,-0.345990713922413,-0.22064513382926,3979.8189511849,0.99947183872301
"log_lik_trailer[60]",-0.580490517084743,0.00246699554291496,0.16529966750468,-0.941144004969589,-0.683546953694499,-0.56604299895119,-0.46495866968445,-0.29659048238239,4489.59566791141,0.999695425356953
"log_lik_trailer[61]",-1.93489261187692,0.00107381153053581,0.0753861167376614,-2.11310141766066,-1.97917399519394,-1.92638892605635,-1.88268207093811,-1.80645023459919,4928.63457299786,1.00070117725142
"log_lik_trailer[62]",-0.70305994912288,0.00159420250116433,0.11085399613825,-0.945156652053213,-0.769895977306876,-0.696169992355886,-0.625516477841592,-0.508502392131438,4835.21438386626,1.00059037017055
"log_lik_trailer[63]",-0.70305994912288,0.00159420250116433,0.11085399613825,-0.945156652053213,-0.769895977306876,-0.696169992355886,-0.625516477841592,-0.508502392131438,4835.21438386626,1.00059037017055
"log_lik_trailer[64]",-1.36587919164645,0.000566426362985858,0.0403030990982772,-1.45069910412458,-1.39217026434298,-1.36380081213893,-1.33824704145509,-1.29439767438705,5062.7906348877,1.00043999816008
"log_lik_trailer[65]",-0.903612349802414,0.00192763931205306,0.13333587955466,-1.19225344656817,-0.983118202643727,-0.895057239605113,-0.810095706468039,-0.664077733193511,4784.56557136679,1.00055636683647
"log_lik_trailer[66]",-2.08179468299364,0.00173604253613535,0.120112755502773,-2.35123074157885,-2.15597036060191,-2.06803470556757,-1.9990577014948,-1.88213627046241,4786.93506746905,1.00056365663898
"log_lik_trailer[67]",-1.36587919164645,0.000566426362985858,0.0403030990982772,-1.45069910412458,-1.39217026434298,-1.36380081213893,-1.33824704145509,-1.29439767438705,5062.7906348877,1.00043999816008
"log_lik_trailer[68]",-1.39270435642785,0.000799990674283304,0.0540109163620224,-1.51551955482277,-1.4245778246689,-1.3869577780613,-1.35429588042917,-1.30259932297817,4558.19859284206,1.00011284041748
"log_lik_trailer[69]",-0.903612349802414,0.00192763931205306,0.13333587955466,-1.19225344656817,-0.983118202643727,-0.895057239605113,-0.810095706468039,-0.664077733193511,4784.56557136679,1.00055636683647
"log_lik_trailer[70]",-2.08179468299364,0.00173604253613535,0.120112755502773,-2.35123074157885,-2.15597036060191,-2.06803470556757,-1.9990577014948,-1.88213627046241,4786.93506746905,1.00056365663898
"log_lik_trailer[71]",-0.70305994912288,0.00159420250116433,0.11085399613825,-0.945156652053213,-0.769895977306876,-0.696169992355886,-0.625516477841592,-0.508502392131438,4835.21438386626,1.00059037017055
"log_lik_trailer[72]",-0.70305994912288,0.00159420250116433,0.11085399613825,-0.945156652053213,-0.769895977306876,-0.696169992355886,-0.625516477841592,-0.508502392131438,4835.21438386626,1.00059037017055
"log_lik_trailer[73]",-0.70305994912288,0.00159420250116433,0.11085399613825,-0.945156652053213,-0.769895977306876,-0.696169992355886,-0.625516477841592,-0.508502392131438,4835.21438386626,1.00059037017055
"log_lik_trailer[74]",-0.903612349802414,0.00192763931205306,0.13333587955466,-1.19225344656817,-0.983118202643727,-0.895057239605113,-0.810095706468039,-0.664077733193511,4784.56557136679,1.00055636683647
"log_lik_trailer[75]",-1.39270435642785,0.000799990674283304,0.0540109163620224,-1.51551955482277,-1.4245778246689,-1.3869577780613,-1.35429588042917,-1.30259932297817,4558.19859284206,1.00011284041748
"log_lik_trailer[76]",-4.22699180381175,0.00657873942169256,0.441274782268626,-5.21167184249609,-4.50069007219505,-4.19047777237054,-3.91428912495841,-3.46286426972223,4499.17462125627,1.00023777801289
"log_lik_trailer[77]",-0.903612349802414,0.00192763931205306,0.13333587955466,-1.19225344656817,-0.983118202643727,-0.895057239605113,-0.810095706468039,-0.664077733193511,4784.56557136679,1.00055636683647
"log_lik_trailer[78]",-6.58771834406532,0.0121190721954025,0.821648582733335,-8.33120281679114,-7.09815153532481,-6.52867720732455,-6.02060802966539,-5.11057645020615,4596.56573864107,1.00033505553231
"log_lik_trailer[79]",-0.70305994912288,0.00159420250116433,0.11085399613825,-0.945156652053213,-0.769895977306876,-0.696169992355886,-0.625516477841592,-0.508502392131438,4835.21438386626,1.00059037017055
"log_lik_trailer[80]",-0.903612349802414,0.00192763931205306,0.13333587955466,-1.19225344656817,-0.983118202643727,-0.895057239605113,-0.810095706468039,-0.664077733193511,4784.56557136679,1.00055636683647
"log_lik_trailer[81]",-1.66980755092158,0.00134352287293778,0.093009657847741,-1.8754457284413,-1.72706837324557,-1.6633092857844,-1.60459487260778,-1.50899437504284,4792.54240719578,0.999856416779245
"log_lik_trailer[82]",-1.66980755092158,0.00134352287293778,0.093009657847741,-1.8754457284413,-1.72706837324557,-1.6633092857844,-1.60459487260778,-1.50899437504284,4792.54240719578,0.999856416779245
"log_lik_trailer[83]",-3.10236796544492,0.00222320126793516,0.150864538657049,-3.43233435776082,-3.19587473673491,-3.08873212809417,-2.99562250244119,-2.84794886621018,4604.86364877352,0.999798390180458
"log_lik_trailer[84]",-4.46251787781728,0.0049506554811698,0.326804355671651,-5.18826674288799,-4.66584237915576,-4.43116025010675,-4.22872390121436,-3.90639665423873,4357.62910763455,0.999882258882165
"log_lik_trailer[85]",-3.55777555336725,0.00278026730232625,0.184556790193484,-3.97663346730848,-3.66878493055076,-3.53868243477161,-3.42367616424144,-3.25329324920939,4406.43078129205,1.00006223223138
"log_lik_trailer[86]",-5.14905909499716,0.00664802771695743,0.440129288712609,-6.12333922339523,-5.41769431478355,-5.11425908070161,-4.82731854280377,-4.39809397380176,4383.03457992272,0.999809437599317
"log_lik_trailer[87]",-1.46106095086826,0.00236388152970674,0.170447378117569,-1.82750848591494,-1.5692897749365,-1.4512631987208,-1.34135522927517,-1.15603408940928,5199.1127488417,0.999978503172616
"log_lik_trailer[88]",-2.0631266288331,0.00127920196270673,0.0876680380813853,-2.25524858781153,-2.1189590121104,-2.05508313398921,-2.00191473276773,-1.91002390015183,4696.82458937349,0.999772874492064
"log_lik_trailer[89]",-1.93165039979854,0.000881867041987031,0.0623359527923329,-2.06313666180271,-1.96936627072033,-1.92838753279981,-1.88879305322333,-1.82100891882139,4996.5585387786,0.999784786942627
"log_lik_trailer[90]",-2.0631266288331,0.00127920196270673,0.0876680380813853,-2.25524858781153,-2.1189590121104,-2.05508313398921,-2.00191473276773,-1.91002390015183,4696.82458937349,0.999772874492064
"log_lik_trailer[91]",-4.33103785354705,0.00482787735494305,0.327245973592089,-5.04482297853436,-4.5375891718257,-4.30304621546868,-4.09792526135744,-3.76765012231803,4594.47788611691,0.999714059336864
"log_lik_trailer[92]",-2.21277300620654,0.000777319871606891,0.0583461247334142,-2.33263326668225,-2.24971594383741,-2.21097286125099,-2.1730512774401,-2.10700540171082,5634.09923029168,0.999874080633329
"log_lik_trailer[93]",-2.21277300620654,0.000777319871606891,0.0583461247334142,-2.33263326668225,-2.24971594383741,-2.21097286125099,-2.1730512774401,-2.10700540171082,5634.09923029168,0.999874080633329
"log_lik_trailer[94]",-3.11304928152235,0.00177305295224942,0.121061934457811,-3.38917228679433,-3.18516679761061,-3.10135634941653,-3.02654125586291,-2.9114319987364,4661.9950332758,1.00020901011861
"log_lik_trailer[95]",-1.93165039979854,0.000881867041987031,0.0623359527923329,-2.06313666180271,-1.96936627072033,-1.92838753279981,-1.88879305322333,-1.82100891882139,4996.5585387786,0.999784786942627
"log_lik_trailer[96]",-2.21277300620654,0.000777319871606891,0.0583461247334142,-2.33263326668225,-2.24971594383741,-2.21097286125099,-2.1730512774401,-2.10700540171082,5634.09923029168,0.999874080633329
"log_lik_trailer[97]",-3.40663566639694,0.00284919055539918,0.19250599397866,-3.82785162522325,-3.52519006081296,-3.39099402597699,-3.27098746807653,-3.08120771278995,4565.04981345094,0.999766679978789
"log_lik_trailer[98]",-10.4020454515841,0.0165064323671645,1.18258777075656,-12.9779138936161,-11.1617631053942,-10.3192976931433,-9.54767713933781,-8.35248053599775,5132.87081120182,0.99954348386996
"log_lik_trailer[99]",-10.4020454515841,0.0165064323671645,1.18258777075656,-12.9779138936161,-11.1617631053942,-10.3192976931433,-9.54767713933781,-8.35248053599775,5132.87081120182,0.99954348386996
"log_lik_trailer[100]",-2.65442423613622,0.00176869611384776,0.115288814333588,-2.90533737884677,-2.72806071670786,-2.64722729403466,-2.5740151712833,-2.44871999522858,4248.81578987071,0.999583664695418
"log_lik_trailer[101]",-2.58256429730169,0.00204657654110835,0.135688792959012,-2.87054208268359,-2.66807526335748,-2.57276301266947,-2.48850718266242,-2.34394505841487,4395.73977809634,0.999664863047504
"log_lik_trailer[102]",-2.73625778757282,0.00155399134773134,0.101490127456759,-2.9525303586955,-2.80038168763849,-2.72994562818068,-2.6693282590819,-2.55056034601844,4265.30805640414,0.999551212173361
"log_lik_trailer[103]",-3.01123622603277,0.00108614203488869,0.0760785617277063,-3.17223679484089,-3.0602111716263,-3.00915864286917,-2.96079871753551,-2.86829603443435,4906.26886365679,0.999704456724673
"log_lik_trailer[104]",-3.01123622603277,0.00108614203488869,0.0760785617277063,-3.17223679484089,-3.0602111716263,-3.00915864286917,-2.96079871753551,-2.86829603443435,4906.26886365679,0.999704456724673
"log_lik_trailer[105]",-2.22535017730609,0.00178606335165288,0.131068098047513,-2.50608390097256,-2.30690507009927,-2.21524568447248,-2.1372951138527,-1.99070478445055,5385.18064488151,0.99951466960229
"log_lik_trailer[106]",-2.18207627120308,0.00276300109192081,0.216463963330756,-2.62449919059715,-2.3215656610994,-2.1727605706826,-2.03455826438586,-1.78085405616299,6137.74863851669,0.99962583393716
"log_lik_trailer[107]",-2.18207627120308,0.00276300109192081,0.216463963330756,-2.62449919059715,-2.3215656610994,-2.1727605706826,-2.03455826438586,-1.78085405616299,6137.74863851669,0.99962583393716
"log_lik_trailer[108]",-2.22535017730609,0.00178606335165288,0.131068098047513,-2.50608390097256,-2.30690507009927,-2.21524568447248,-2.1372951138527,-1.99070478445055,5385.18064488151,0.99951466960229
"log_lik_trailer[109]",-2.22535017730609,0.00178606335165288,0.131068098047513,-2.50608390097256,-2.30690507009927,-2.21524568447248,-2.1372951138527,-1.99070478445055,5385.18064488151,0.99951466960229
"log_lik_trailer[110]",-2.18207627120308,0.00276300109192081,0.216463963330756,-2.62449919059715,-2.3215656610994,-2.1727605706826,-2.03455826438586,-1.78085405616299,6137.74863851669,0.99962583393716
"log_lik_trailer[111]",-3.54265497188772,0.00146693068305038,0.108047909500843,-3.78254819409566,-3.60685746902215,-3.53545246712554,-3.46717434540558,-3.35574106949395,5425.17250491963,0.999529796953699
"log_lik_trailer[112]",-3.25314805858744,0.00107794819514225,0.0817252814696067,-3.4304792188107,-3.30468053485595,-3.24925905575149,-3.19595931596487,-3.10435375790774,5748.00411825581,0.999772797121312
"log_lik_trailer[113]",-2.52998411599819,0.00248604336100211,0.172217245604452,-2.88980555565389,-2.64182344731063,-2.51786630588903,-2.40788119708855,-2.21704249986265,4798.83568243562,0.999788238338548
"log_lik_trailer[114]",-2.53050018351833,0.00351502287814165,0.26252185385,-3.06595496785171,-2.70149924918823,-2.5202135147092,-2.34284339553299,-2.05341713961443,5577.94994632832,0.999915562461335
"log_lik_trailer[115]",-2.65442423613622,0.00176869611384776,0.115288814333588,-2.90533737884677,-2.72806071670786,-2.64722729403466,-2.5740151712833,-2.44871999522858,4248.81578987071,0.999583664695418
"log_lik_trailer[116]",-2.58256429730169,0.00204657654110835,0.135688792959012,-2.87054208268359,-2.66807526335748,-2.57276301266947,-2.48850718266242,-2.34394505841487,4395.73977809634,0.999664863047504
"log_lik_trailer[117]",-2.32172033223272,0.00141975536923323,0.0999826824040107,-2.53540998855586,-2.38321000477631,-2.31786652061688,-2.25224023764403,-2.13953806799611,4959.32452958906,0.999562479318853
"log_lik_trailer[118]",-2.32172033223272,0.00141975536923323,0.0999826824040107,-2.53540998855586,-2.38321000477631,-2.31786652061688,-2.25224023764403,-2.13953806799611,4959.32452958906,0.999562479318853
"log_lik_trailer[119]",-3.83604969836351,0.00195991165172732,0.141659197169379,-4.15769252623635,-3.91798003212602,-3.82475824766859,-3.73680429483529,-3.59378969794568,5224.16112054669,0.999429440737149
"log_lik_trailer[120]",-3.68894485810833,0.00170419188233809,0.124168322633655,-3.97126436442242,-3.76119288388194,-3.67970159714547,-3.60139714834879,-3.47775961460653,5308.65673481318,0.99946682549252
"log_lik_trailer[121]",-3.30785041046249,0.000975401295373826,0.0713365698664208,-3.45121922688326,-3.3557225954867,-3.30487564822568,-3.25976434268849,-3.17351579673725,5348.81762019665,0.999977121685293
"log_lik_trailer[122]",-2.82418806916574,0.00137181094970237,0.0909702435357157,-3.01580407441742,-2.88151906603064,-2.81795245688755,-2.76424112119666,-2.65605642385729,4397.54390992809,0.999563796300376
"log_lik_trailer[123]",-4.20416550726523,0.0023206737070877,0.15148451286195,-4.59912624512192,-4.26717191588613,-4.17493752108438,-4.10462567008348,-3.99209286737499,4260.96832496392,1.00049831919333
"log_lik_trailer[124]",-3.29546723842246,0.00259135581242737,0.189015784520623,-3.72175006366867,-3.41312955105528,-3.27226872309099,-3.15666082248104,-2.99101814375398,5320.37260394242,0.999702374477385
"log_lik_trailer[125]",-2.47860137781036,0.00201123799951573,0.142189680205488,-2.77566147084453,-2.56832039960967,-2.47184868657532,-2.37834216378316,-2.22824637361951,4998.14928265828,0.999616129894782
"log_lik_trailer[126]",-2.47860137781036,0.00201123799951573,0.142189680205488,-2.77566147084453,-2.56832039960967,-2.47184868657532,-2.37834216378316,-2.22824637361951,4998.14928265828,0.999616129894782
"log_lik_trailer[127]",-2.7679230565603,0.00139930574894448,0.0958778738177075,-2.97416850236282,-2.82832288478431,-2.76138482097367,-2.70118814409272,-2.59651330565306,4694.74007352869,0.999664450409384
"log_lik_trailer[128]",-2.66409347267209,0.00158765500552565,0.10888243310527,-2.89374990020708,-2.73281437724947,-2.65765812317502,-2.58798402601904,-2.46881444905689,4703.30735575289,0.999564435755584
"log_lik_trailer[129]",-2.41012189421157,0.002327166453827,0.171913266666698,-2.77270297719897,-2.51425911990329,-2.40273590611045,-2.29110503745497,-2.10050357863108,5457.124848832,0.999757147737187
"log_lik_trailer[130]",-2.73013743616951,0.0025703192025871,0.197418704005126,-3.14907423064441,-2.85332006997822,-2.7202881013808,-2.5938095447824,-2.37126206191365,5899.32702334273,1.00042057216164
"log_lik_trailer[131]",-2.76205483587042,0.00223090423718953,0.164376848953616,-3.10690848234418,-2.86433088352847,-2.75656883010918,-2.64689565929516,-2.46430948798135,5428.99504321607,1.00028833794674
"log_lik_trailer[132]",-3.56740389451821,0.00105849717450199,0.0742357266372148,-3.71826058557364,-3.61499132999159,-3.56418968969852,-3.51755273972757,-3.43062202518485,4918.65681054771,1.00051488717357
"log_lik_trailer[133]",-3.65075573792196,0.00110614582074637,0.0789166259816294,-3.8170309406925,-3.69969084626486,-3.64692635191828,-3.5976672896719,-3.50879357019767,5089.93518957049,1.00059916020197
"log_lik_trailer[134]",-3.16398994706436,0.00132987034018252,0.091860067332115,-3.35892461331256,-3.2208930536687,-3.15946683420634,-3.10237305214105,-2.99333786369896,4771.28016352867,0.999807037160119
"log_lik_trailer[135]",-3.16398994706436,0.00132987034018252,0.091860067332115,-3.35892461331256,-3.2208930536687,-3.15946683420634,-3.10237305214105,-2.99333786369896,4771.28016352867,0.999807037160119
"log_lik_trailer[136]",-3.0130706048126,0.00158785956434255,0.110122720898731,-3.24614427743985,-3.081298613575,-3.00861923755447,-2.93721560184965,-2.81112918062568,4809.82957073007,0.99983021529833
"log_lik_trailer[137]",-2.76205483587042,0.00223090423718953,0.164376848953616,-3.10690848234418,-2.86433088352847,-2.75656883010918,-2.64689565929516,-2.46430948798135,5428.99504321607,1.00028833794674
"log_lik_trailer[138]",-3.93317602256781,0.00142409974344926,0.103738195569609,-4.14700450314591,-3.99982146380438,-3.92998997275739,-3.86192443647639,-3.74284452697897,5306.35819417836,0.999614783776296
"log_lik_trailer[139]",-5.46744890445571,0.00221019736879062,0.15225824582469,-5.82437452162879,-5.54783993789351,-5.44755394780734,-5.36035621533466,-5.22669481607906,4745.69178299917,0.999478531927381
"log_lik_trailer[140]",-3.84821172601736,0.00157969115493203,0.114139392103186,-4.08327363241702,-3.92014863333102,-3.8432092574831,-3.76932528900624,-3.63625763183257,5220.67595440327,0.99949877638034
"log_lik_trailer[141]",-3.82117235480349,0.00164108498872303,0.118002815371466,-4.06322481715073,-3.89576178451328,-3.81695765204645,-3.73932176213401,-3.60197388911208,5170.38153868269,0.999464599825544
"log_lik_trailer[142]",-3.90429736117646,0.00147400314013196,0.107046451009888,-4.12707557991878,-3.97278400084282,-3.89981572880445,-3.83135730837014,-3.70810789523051,5274.09234092551,0.999574306334668
"log_lik_trailer[143]",-3.87595085560552,0.00152577800076442,0.110503202957086,-4.10544371466173,-3.94608558039622,-3.87144302273163,-3.79988530684334,-3.67144393369037,5245.26017685299,0.999535506315441
"log_lik_trailer[144]",-5.44306338398808,0.00215424530477186,0.148260602791122,-5.7884580143446,-5.52181510640243,-5.42438212527094,-5.33990963261168,-5.20823105949711,4736.54003985236,0.999492073977176
"log_lik_trailer[145]",-5.18219058335417,0.00228203025469696,0.155332479337431,-5.55528802444788,-5.26975184102999,-5.16303017712836,-5.07460766471785,-4.93045305095253,4633.20752209441,0.999271850593862
"log_lik_trailer[146]",-4.66985470091398,0.00126752797581227,0.0875751670705176,-4.85657905397008,-4.72399224084971,-4.6662177637467,-4.6102901537737,-4.50976351507549,4773.60898233443,0.999645617857157
"log_lik_trailer[147]",-3.90429736117646,0.00147400314013196,0.107046451009888,-4.12707557991878,-3.97278400084282,-3.89981572880445,-3.83135730837014,-3.70810789523051,5274.09234092551,0.999574306334668
"log_lik_trailer[148]",-3.99229182664352,0.00132952004711446,0.0975038216538725,-4.19721415277723,-4.05450242503229,-3.98913675089526,-3.92554048183242,-3.81373785863907,5378.40492482967,0.999699382403497
"log_lik_trailer[149]",-3.82117235480349,0.00164108498872303,0.118002815371466,-4.06322481715073,-3.89576178451328,-3.81695765204645,-3.73932176213401,-3.60197388911208,5170.38153868269,0.999464599825544
"log_lik_trailer[150]",-4.2734958463278,0.00103497008113937,0.0770308615697403,-4.42922252345701,-4.32419776615538,-4.27228891999088,-4.22076872339251,-4.12983315674072,5539.54277057629,1.00002756461034
"log_lik_trailer[151]",-3.84821172601736,0.00157969115493203,0.114139392103186,-4.08327363241702,-3.92014863333102,-3.8432092574831,-3.76932528900624,-3.63625763183257,5220.67595440327,0.99949877638034
"log_lik_trailer[152]",-5.26476044172563,0.00152843103646524,0.10608360800564,-5.50234191559254,-5.32565479799106,-5.25634964263068,-5.19145611184967,-5.07897140063032,4817.31303590413,1.00000878586662
"log_lik_trailer[153]",-5.24177231758892,0.00149407875927258,0.103641275787636,-5.47294771134818,-5.30190149280858,-5.23456556404876,-5.17072947492223,-5.05997136972142,4811.92131962608,1.00004673815085
"log_lik_trailer[154]",-5.94119754620847,0.00278301319822568,0.19802632799521,-6.39993535420982,-6.05598087354902,-5.91760887475073,-5.80270741452428,-5.61707136284405,5063.0863812352,0.999383446786364
"log_lik_trailer[155]",-4.81184856617214,0.00107186794710675,0.0758792535908166,-4.96500370938103,-4.86177153765414,-4.81096902018459,-4.76021782782667,-4.66671758052726,5011.4515058441,1.00053600767757
"log_lik_trailer[156]",-4.27631410863782,0.00105123797420797,0.0761030759628494,-4.42818256595943,-4.32677620913283,-4.27440877627333,-4.22350351785305,-4.13322413630646,5240.85736223574,1.00021951021288
"log_lik_trailer[157]",-3.72134791858666,0.00189480866615458,0.142261528377307,-4.0268358997089,-3.81043089844185,-3.712313436365,-3.6228162574364,-3.46939830446928,5636.95042897775,0.99929330878214
"log_lik_trailer[158]",-3.82470884622432,0.00151345068776743,0.109358511036004,-4.05984277403942,-3.89176674708705,-3.82065371032512,-3.74769928675613,-3.62627561857515,5221.17953243415,0.999371963877708
"log_lik_trailer[159]",-3.80112949314971,0.00156336002645949,0.113735371820287,-4.04404469951287,-3.87096248729305,-3.79582125880424,-3.72183682114551,-3.59722367500776,5292.64904457419,0.99933521725949
"log_lik_trailer[160]",-3.69729333512789,0.00220805565434038,0.170955773835866,-4.05878847860951,-3.80200495757251,-3.6846779842819,-3.57963528770433,-3.39955866511463,5994.42478234378,0.999361440031344
"log_lik_trailer[161]",-3.69341919450259,0.00246986982545606,0.193563646865568,-4.10366709886085,-3.81227310660658,-3.67957555156219,-3.56107888811309,-3.35346616006104,6141.85364094241,0.999421075178495
"log_lik_trailer[162]",-3.72489789598719,0.00354287505612172,0.280625760812801,-4.33642776133454,-3.89765019409742,-3.70386176148212,-3.53425052671696,-3.22183801715115,6273.98387569306,0.999586460197739
"log_lik_trailer[163]",-4.30694561033922,0.00104274240750954,0.0753689201556822,-4.45468871211811,-4.3575910444157,-4.30527303970111,-4.2552836545327,-4.16444082801935,5224.32893618683,1.00024930938472
"log_lik_trailer[164]",-3.72134791858666,0.00189480866615458,0.142261528377307,-4.0268358997089,-3.81043089844185,-3.712313436365,-3.6228162574364,-3.46939830446928,5636.95042897775,0.99929330878214
"log_lik_trailer[165]",-4.04272775752211,0.00262233962893703,0.205475914431377,-4.48358020562504,-4.17072733492316,-4.03192895980494,-3.89952040812934,-3.67805811572855,6139.65499502517,0.999638405169412
"log_lik_trailer[166]",-4.06561249331459,0.00339673399068686,0.266631955412717,-4.63864816441906,-4.23169025335918,-4.04892675065377,-3.87953880840127,-3.59355917167224,6161.71094442967,0.999768780388017
"log_lik_trailer[167]",-4.09783535307503,0.00175493006229323,0.131065976824026,-4.38573822526655,-4.18007225802319,-4.08970861850101,-4.00776480919986,-3.85905266239282,5577.76624902293,0.999301049211701
"log_lik_trailer[168]",-4.05283885688663,0.00208101489558602,0.160450078666964,-4.39879677430133,-4.15146558653631,-4.04409118264513,-3.94350361973106,-3.76229526899471,5944.69381659153,0.999457491575597
"log_lik_trailer[169]",-5.63681744449345,0.0027854899091744,0.197354587632068,-6.07923544279428,-5.7566507029707,-5.61360930623982,-5.49779681020188,-5.30880865557361,5019.85616723393,0.999306806747968
"log_lik_trailer[170]",-5.0738837172898,0.00171433158676294,0.120591886252913,-5.335287909231,-5.14490645776835,-5.06421560201029,-4.99089811140027,-4.86681848377991,4948.19176628309,0.999506418788002
"log_lik_trailer[171]",-3.90066001802624,0.00139037433444387,0.099235637547015,-4.10913726468274,-3.96327564910349,-3.89689602629022,-3.8319123038444,-3.71787400206925,5094.15134733808,0.999516867727779
"log_lik_trailer[172]",-3.90066001802624,0.00139037433444387,0.099235637547015,-4.10913726468274,-3.96327564910349,-3.89689602629022,-3.8319123038444,-3.71787400206925,5094.15134733808,0.999516867727779
"log_lik_trailer[173]",-5.87114619994031,0.00327362448327378,0.233044772326154,-6.39237496971132,-6.01174001024273,-5.84331354032108,-5.70936619251447,-5.48371317735535,5067.81800671229,0.999291632478955
"log_lik_trailer[174]",-5.70364502785255,0.00292821869661357,0.20737776264151,-6.16530611432318,-5.82973372359255,-5.67952488271237,-5.55773112237483,-5.35665776703781,5015.53598578173,0.999300570613544
"log_lik_trailer[175]",-5.75303008779778,0.00240100865947455,0.169749983710752,-6.14458418517757,-5.84985039175815,-5.73389341483119,-5.63353075050189,-5.47451840484883,4998.41176156559,0.999479817393257
"log_lik_trailer[176]",-4.92349243309995,0.00113191184521246,0.0791382015660065,-5.08299615922164,-4.97564567728342,-4.92129312042421,-4.87001577752642,-4.77470285460467,4888.17948149688,1.00052820523479
"log_lik_trailer[177]",-6.55828339576051,0.00415248529244321,0.297822196950762,-7.24680861104253,-6.7325307115748,-6.52601845630588,-6.34754231106352,-6.06261758358412,5143.96399528222,0.999236394767957
"log_lik_trailer[178]",-5.52148763992843,0.00281996401734632,0.181555878655756,-5.99571811398674,-5.59014858180504,-5.48220015759722,-5.40258395503355,-5.28720749188236,4145.08554420531,1.00020151038165
"log_lik_trailer[179]",-4.77494068690991,0.00203068505232196,0.132704862893937,-5.09199480761593,-4.84462528637728,-4.75597167157518,-4.68331321458484,-4.56731401294578,4270.59641550148,0.999778657353857
"log_lik_trailer[180]",-3.8294552034187,0.00127068309277303,0.0903571434598506,-4.021062391168,-3.88827982142449,-3.82527061339827,-3.76647678141569,-3.66513634974633,5056.50548477978,0.999516362294157
"log_lik_trailer[181]",-3.79040206484613,0.00134210735728244,0.0943862098622734,-3.98974090537675,-3.85078927847053,-3.7855683558855,-3.7242993141599,-3.62005166712147,4945.86866711886,0.999504419213623
"log_lik_trailer[182]",-3.47770184205962,0.00223870254999886,0.15040077926144,-3.7956697706383,-3.57305625249868,-3.47340105251028,-3.37105896234573,-3.2090170330532,4513.43700180403,0.999873641947272
"log_lik_trailer[183]",-5.54282210599662,0.00337505555073178,0.220627602837102,-6.05525337217276,-5.66376066813996,-5.51141214440609,-5.38455230103386,-5.20912455379896,4273.24547972946,1.00000342147717
"log_lik_trailer[184]",-4.58672047008258,0.00113024823496756,0.0805611796320217,-4.75110104257535,-4.6389865480238,-4.5843944477319,-4.53263695825326,-4.43592570941914,5080.4707890264,1.00029218626347
"log_lik_trailer[185]",-4.53881767555352,0.00160930111295018,0.109002531985941,-4.78467299874862,-4.60038654549673,-4.52735191983593,-4.46331499960179,-4.35974920033748,4587.73737798496,1.00012323014346
"log_lik_trailer[186]",-4.40962944857929,0.00133673146236868,0.0934551491836498,-4.61041004760137,-4.46568307292601,-4.40329132028802,-4.34523125842086,-4.2496033263213,4887.8529305384,1.00017654097101
"log_lik_trailer[187]",-4.32418417044781,0.00118761518392262,0.0853284211284887,-4.49928595225116,-4.3762415833041,-4.32052417609434,-4.26649741181471,-4.17250572221933,5162.21319401651,1.00017258085894
"log_lik_trailer[188]",-4.19723859761919,0.00105238274961936,0.0775788530353437,-4.34899961819374,-4.24728571887084,-4.19542428486427,-4.14503406217097,-4.0526236249405,5434.24566631078,1.00006548526479
"log_lik_trailer[189]",-4.03084871367498,0.00103640370660454,0.0770206395105829,-4.18784366570863,-4.08208737589785,-4.03020528793247,-3.9796135615535,-3.88570516502791,5522.76196885651,0.999769139768572
"log_lik_trailer[190]",-3.98988964559463,0.0010628029897408,0.0785985523214933,-4.15069131328354,-4.04220198818492,-3.98889829079938,-3.93666349066893,-3.84137144432177,5469.19690189041,0.999695682156219
"log_lik_trailer[191]",-4.20812042975647,0.0012549194999922,0.089029650310791,-4.39317640038022,-4.2665362458882,-4.20433211678528,-4.14619289734608,-4.04206139001722,5033.12364549293,0.999311598482234
"log_lik_trailer[192]",-3.94220465304537,0.00187002241554198,0.123629208776437,-4.20093667734062,-4.02355953044995,-3.93498129972171,-3.85336263273818,-3.72278452150264,4370.67541214626,0.999531216652471
"log_lik_trailer[193]",-4.73731000691856,0.00135276017078337,0.0927047042878643,-4.94420064800702,-4.79294900044001,-4.72974193943779,-4.67568031841665,-4.57630186656036,4696.36594406323,1.00048728600743
"log_lik_trailer[194]",-4.82855421798581,0.00153301570695648,0.103197549661808,-5.07261259327367,-4.88842103942637,-4.81892491100955,-4.75967654680808,-4.6562211380817,4531.53732792463,1.00048909334271
"log_lik_trailer[195]",-4.73731000691856,0.00135276017078337,0.0927047042878643,-4.94420064800702,-4.79294900044001,-4.72974193943779,-4.67568031841665,-4.57630186656036,4696.36594406323,1.00048728600743
"log_lik_osp[1]",-2.36201208040925,0.000983929226587976,0.0662057740783887,-2.50230960282932,-2.40418337630905,-2.35878608357013,-2.31574316024862,-2.24563394497546,4527.55790441748,0.999930187745298
"log_lik_osp[2]",-1.92940835504918,0.00256902933017874,0.172026257736713,-2.29966014664778,-2.03485795291192,-1.91741466693619,-1.80651144684091,-1.62654283043162,4483.85292093425,1.00063295268824
"log_lik_osp[3]",-2.71899375498342,0.00219063481903857,0.148522629277911,-3.08299285039305,-2.79679239411075,-2.69314057489909,-2.61413035484708,-2.50147079700727,4596.69073260206,1.00083026392734
"log_lik_osp[4]",-3.04396461000759,0.00314488931181903,0.212537161421928,-3.56317829021643,-3.16082002278259,-3.01200005904977,-2.88978635695894,-2.72752687930978,4567.29457368733,1.00088412459954
"log_lik_osp[5]",-1.8608482755949,0.00128420823042836,0.0854480404773598,-2.05776863522705,-1.90846907745359,-1.84884855079651,-1.80076220815509,-1.72537926021559,4427.24256887087,1.00058035532992
"log_lik_osp[6]",-2.00464378563398,0.00364194842585598,0.252942117286185,-2.53148551821677,-2.16688776586916,-1.99343567595077,-1.83040895369442,-1.54631927017125,4823.63809445737,1.00047314227775
"log_lik_osp[7]",-1.63945504119674,0.00314633741204816,0.220103147382823,-2.09623731667186,-1.78113990424913,-1.62911144413456,-1.48753834832713,-1.23664171121322,4893.75154968791,1.00096735371657
"log_lik_osp[8]",-3.76170727646224,0.00456440174625961,0.302436624439983,-4.47699533386146,-3.93864744803195,-3.71721426053755,-3.54106470889965,-3.29577524177605,4390.36915606741,1.00053011484398
"log_lik_osp[9]",-2.02041600010853,0.00186899750300448,0.123008183926782,-2.28918916431346,-2.09319151074708,-2.00675358047549,-1.93332567963695,-1.81770483842635,4331.62220215451,1.0005258006318
"log_lik_osp[10]",-1.66703012057375,0.00206594794126331,0.139111112075846,-1.97497969126777,-1.75212530850034,-1.65580198595046,-1.56813097798645,-1.42949799436175,4534.03530353668,1.00105266746857
"log_lik_osp[11]",-1.63945504119674,0.00314633741204816,0.220103147382823,-2.09623731667186,-1.78113990424913,-1.62911144413456,-1.48753834832713,-1.23664171121322,4893.75154968791,1.00096735371657
"log_lik_osp[12]",-2.00464378563398,0.00364194842585598,0.252942117286185,-2.53148551821677,-2.16688776586916,-1.99343567595077,-1.83040895369442,-1.54631927017125,4823.63809445737,1.00047314227775
"log_lik_osp[13]",-4.01666401443669,0.00535050184874944,0.354770774109515,-4.83644007966389,-4.22749940104236,-3.97132608548411,-3.76038563664896,-3.46258691130011,4396.49551346674,1.00050535239137
"log_lik_osp[14]",-2.79229029467396,0.00164738388045474,0.110996729972596,-3.05806703568775,-2.84884536901324,-2.77538880643906,-2.71539684773388,-2.62316871184122,4539.73753218267,1.00049452807967
"log_lik_osp[15]",-2.67669989584162,0.00185706870352076,0.128894961981326,-2.95118821191631,-2.75833816996399,-2.6704867110052,-2.58532973608061,-2.44657348093863,4817.43588523347,0.999679155709688
"log_lik_osp[16]",-2.63200233698302,0.00245962232294142,0.170274671103173,-2.98294629114445,-2.74005179406804,-2.62583219839466,-2.51243043611329,-2.31833669503368,4792.51243372432,0.999891163050798
"log_lik_osp[17]",-3.08319471747456,0.00100242870378346,0.0718364265757132,-3.23009485867809,-3.13102311585339,-3.08012767255854,-3.03231107719619,-2.95296237626785,5135.49669043245,0.999443250636719
"log_lik_osp[18]",-4.23451507800663,0.00264163798795883,0.173346265282789,-4.64237938791342,-4.33418095508481,-4.2065777078583,-4.10890011707875,-3.97139160706996,4306.08279501211,0.999587307850464
"log_lik_osp[19]",-3.3689471388102,0.00475625965183275,0.341426451635173,-4.06812990677131,-3.59185543470468,-3.35803133077496,-3.13403060510403,-2.72754164670781,5153.03649539099,0.999694940759135
"log_lik_osp[20]",-2.9131286439506,0.00406328834575135,0.289608746145185,-3.49600434410748,-3.09807051885154,-2.90002766685074,-2.71244002255107,-2.38345048477092,5080.0508752182,0.999875001178969
"log_lik_osp[21]",-2.9131286439506,0.00406328834575135,0.289608746145185,-3.49600434410748,-3.09807051885154,-2.90002766685074,-2.71244002255107,-2.38345048477092,5080.0508752182,0.999875001178969
"log_lik_osp[22]",-3.05780851005306,0.00167121887136091,0.116725710599436,-3.30722958328484,-3.13230454797077,-3.04965316074553,-2.97657315311062,-2.85528714656191,4878.27625833261,0.999480232836853
"log_lik_osp[23]",-3.7338553868212,0.00139756919946009,0.0934985469216787,-3.94621234415044,-3.78736808016367,-3.72596749395079,-3.67052251244911,-3.5763089719977,4475.72177228632,0.99970241373623
"log_lik_osp[24]",-4.40889371042873,0.00312072183170335,0.205458432020271,-4.89014603155795,-4.52659468670594,-4.37852135194462,-4.25833179016338,-4.09856289155904,4334.48815529874,0.999552371845389
"log_lik_osp[25]",-3.08319471747456,0.00100242870378346,0.0718364265757132,-3.23009485867809,-3.13102311585339,-3.08012767255854,-3.03231107719619,-2.95296237626785,5135.49669043245,0.999443250636719
"log_lik_osp[26]",-2.98555668080453,0.00107767200261449,0.0773307561219107,-3.15187149742987,-3.03459929015176,-2.98055835202541,-2.93102242688696,-2.84762203337436,5149.0998396374,0.999369685690342
"log_lik_osp[27]",-3.81439979965209,0.00156635518083347,0.104019573536157,-4.05714887268544,-3.87266899509337,-3.80459521598068,-3.74272964006089,-3.64279615305656,4410.11223376536,0.999692167411309
"log_lik_osp[28]",-3.1076913474503,0.00151188413599123,0.106407210323138,-3.33997364369983,-3.17517990529075,-3.09875151238164,-3.03267002464871,-2.92016650310005,4953.41933205903,0.999448509170016
"log_lik_osp[29]",-2.96836255426284,0.00268551149814214,0.17484465257673,-3.32981914789831,-3.08128197734237,-2.96012124536401,-2.84496300730702,-2.65066673707407,4238.87565099717,0.9996727881764
"log_lik_osp[30]",-2.63767549498342,0.00212601379045071,0.146882497474207,-2.94458844167324,-2.73124619732873,-2.63315999423764,-2.53587392304926,-2.3697531465281,4773.18142761668,0.999792012103295
"log_lik_osp[31]",-2.81007958866422,0.00140566706087604,0.0992967985743234,-3.02481051519088,-2.87186860013059,-2.8037177371906,-2.73998528200057,-2.63401679364771,4990.05758176893,0.999466780756955
"log_lik_osp[32]",-3.29220700482165,0.00113500405323063,0.0782831124057731,-3.45921357522327,-3.34189588970534,-3.28816769992728,-3.23844517107494,-3.15415316229306,4757.08973096006,0.999772718467966
"log_lik_osp[33]",-3.01563521236345,0.00185352680693848,0.128045201616635,-3.28435157947819,-3.09734408440263,-3.00866319325029,-2.92543410251895,-2.78934676818156,4772.31249246715,0.999521278206012
"log_lik_osp[34]",-3.1076913474503,0.00151188413599123,0.106407210323138,-3.33997364369983,-3.17517990529075,-3.09875151238164,-3.03267002464871,-2.92016650310005,4953.41933205903,0.999448509170016
"log_lik_osp[35]",-3.987115026916,0.00272464960001007,0.187016710986314,-4.43842241854194,-4.09195925949438,-3.95754296826559,-3.85383115259169,-3.70541799061072,4711.28647877995,0.999840996545551
"log_lik_osp[36]",-8.89776444188025,0.0133237472902679,0.967823156285979,-11.082599328955,-9.49619125994157,-8.79852085896104,-8.21037381959702,-7.31932537103587,5276.41861693506,0.999337936439944
"log_lik_osp[37]",-3.75661773983763,0.0022071838678891,0.143863294023776,-4.0662623515671,-3.84637584582023,-3.74796894184561,-3.65527478934606,-3.49667063127941,4248.37626292516,0.999561934490707
"log_lik_osp[38]",-3.83551490324087,0.00173107675616103,0.114495404934285,-4.08038048738091,-3.90731534275579,-3.82800754641232,-3.75536814048775,-3.63259071845192,4374.65153560802,0.999448703743247
"log_lik_osp[39]",-3.40476404255695,0.00198821894976371,0.140512511400215,-3.69982765031887,-3.49473356400818,-3.39701309383704,-3.3095178208457,-3.14664613935977,4994.60991086552,0.99981445180505
"log_lik_osp[40]",-4.03064690755603,0.00109826107492155,0.0789042249408109,-4.19041163687385,-4.08251677428043,-4.02839805254675,-3.9754469519037,-3.88798861000396,5161.65928154486,0.999431821469315
"log_lik_osp[41]",-3.74915504605742,0.00232128824812009,0.151400578366887,-4.07829522941647,-3.84350685781736,-3.73830644465377,-3.64360592286025,-3.47887056694943,4253.99448946488,0.999583753427959
"log_lik_osp[42]",-4.20104319574839,0.00108394638704657,0.076802330775356,-4.35505815776909,-4.25414868306408,-4.1987607832319,-4.14706958604007,-4.05625178846873,5020.34075548473,0.99932854058038
"log_lik_osp[43]",-4.33690133883985,0.00114360823302462,0.0810860308376581,-4.50241393051641,-4.38889292423131,-4.33511461217736,-4.28087817157531,-4.18913702427477,5027.33166864391,0.999405864163366
"log_lik_osp[44]",-3.40009871064174,0.0021258937419933,0.151103150499628,-3.71685351526865,-3.49664650948584,-3.39065617371295,-3.29674270199153,-3.12319710698759,5052.00686396402,0.999842747610562
"log_lik_osp[45]",-3.53889523616505,0.00320035675548705,0.239099102987702,-4.0544511648498,-3.69083099718253,-3.52698531711087,-3.3661000491754,-3.11949098954379,5581.60509983923,0.999836035417659
"log_lik_osp[46]",-4.55746947984697,0.00202379091482589,0.144248810273533,-4.89850144015972,-4.63956451459205,-4.53944118822351,-4.45644257398894,-4.32174146546274,5080.34488538821,0.999437322287012
"log_lik_osp[47]",-3.74915504605742,0.00232128824812009,0.151400578366887,-4.07829522941647,-3.84350685781736,-3.73830644465377,-3.64360592286025,-3.47887056694943,4253.99448946488,0.999583753427959
"log_lik_osp[48]",-3.7674304162102,0.0021010708298954,0.137046810158323,-4.06148979346316,-3.852877797868,-3.75897706728024,-3.67106098501817,-3.52146801015633,4254.57786698924,0.999539439142539
"log_lik_osp[49]",-3.67555529612789,0.00386896700138827,0.294466147193589,-4.30312929981419,-3.86482237700483,-3.66277839345008,-3.4634013564591,-3.15233879330222,5792.69545984958,0.999781539701238
"log_lik_osp[50]",-3.46534994986432,0.00278685534542678,0.204756588279597,-3.90971564924752,-3.59519229572283,-3.45529855074774,-3.31985417514034,-3.10386632592544,5398.17445312424,0.999865115306327
"log_lik_osp[51]",-5.35818973248586,0.00396438807866066,0.283739193611819,-6.0211439426251,-5.51994500881913,-5.32448762501183,-5.15551529564257,-4.91020143873445,5122.55154673262,0.999401676035665
"log_lik_osp[52]",-5.01206754232651,0.00230000240208381,0.136375103486319,-5.34600465476974,-5.06847170574533,-4.98932128608315,-4.92463713135216,-4.81902435569325,3515.71455646412,1.0005481083822
"log_lik_osp[53]",-4.95125767309387,0.00217239171602826,0.12355992529116,-5.24368512562455,-5.00678386085054,-4.93473024389364,-4.8708599132354,-4.77095835755737,3235.03510677495,1.00065850166041
"log_lik_osp[54]",-3.41713891417979,0.00186908361779092,0.131608420503023,-3.6982924019337,-3.50013329769555,-3.41010764032459,-3.32593853794036,-3.17700259078234,4958.03846766785,0.999781941325615
"log_lik_osp[55]",-3.90499286294704,0.00149564252559863,0.100866556431839,-4.12111911078294,-3.96728137137113,-3.89889465680574,-3.83381882600025,-3.72368934422959,4548.19188282294,0.999385605759615
"log_lik_osp[56]",-3.79504794017801,0.003135943457939,0.21126298208797,-4.25735680493719,-3.93348933941685,-3.77853297391626,-3.64578882778285,-3.41982930822924,4538.47935627059,0.999661295524531
"log_lik_osp[57]",-4.28019446133151,0.00476089976166986,0.357109538370348,-5.03960031916052,-4.51572086261174,-4.2556775433267,-4.02848864097459,-3.64472655636177,5626.32512940691,0.999657655380394
"log_lik_osp[58]",-3.96829751166002,0.00483763560866243,0.365644416911819,-4.73959828085101,-4.20559546921356,-3.94252295855419,-3.70426339230022,-3.31861501947782,5712.83378309432,0.999588696331896
"log_lik_osp[59]",-3.73190253660971,0.00359210507205906,0.265183648414171,-4.29074469949174,-3.90460681330682,-3.71039172380828,-3.53589639471469,-3.26052480376298,5449.98641120217,0.999612545910989
"log_lik_osp[60]",-3.97175213446313,0.00261883387813609,0.189879273341242,-4.37872306697885,-4.08849485678185,-3.95927766049682,-3.83781790764068,-3.64171416223438,5257.01505939981,0.999806351236604
"log_lik_osp[61]",-4.31040592901989,0.00112573685842417,0.0779811841860354,-4.46907227119556,-4.36136127209166,-4.30754451858463,-4.25653942487551,-4.16711397349146,4798.50420985313,0.999548243399428
"log_lik_osp[62]",-4.10732559153053,0.00139860281328254,0.099828004585566,-4.32528157116865,-4.16928761608835,-4.09834749210233,-4.03744572378416,-3.93269969443161,5094.66914563471,0.999635482688399
"log_lik_osp[63]",-3.73190253660971,0.00359210507205906,0.265183648414171,-4.29074469949174,-3.90460681330682,-3.71039172380828,-3.53589639471469,-3.26052480376298,5449.98641120217,0.999612545910989
"log_lik_osp[64]",-3.81889807948246,0.00136116914660733,0.0952793441476519,-4.02172084083045,-3.87900474584863,-3.81135804577098,-3.75245973775506,-3.65021264963331,4899.74327106661,0.999532890943127
"log_lik_osp[65]",-3.98463151156911,0.0019364418510753,0.138997545402167,-4.28633628624485,-4.07161036143483,-3.97311155504223,-3.8854746182504,-3.7467610692785,5152.34981649944,0.999782244239577
"log_lik_osp[66]",-4.31040592901989,0.00112573685842417,0.0779811841860354,-4.46907227119556,-4.36136127209166,-4.30754451858463,-4.25653942487551,-4.16711397349146,4798.50420985313,0.999548243399428
"log_lik_osp[67]",-5.28368001702059,0.0029360564240149,0.165715695611697,-5.72173508979102,-5.34387663011729,-5.24938457206153,-5.17808618397896,-5.07298966730387,3185.65318594243,1.00078598748325
"log_lik_osp[68]",-4.17405194378857,0.00119065113096352,0.0808532560996214,-4.3407258256912,-4.22633544615957,-4.17246937216188,-4.11731903997631,-4.02448253602186,4611.32754103134,1.00013952123844
"log_lik_osp[69]",-4.49435163918525,0.00116295408587624,0.0806754808229094,-4.65906605866571,-4.54672667238223,-4.49135535664109,-4.43799121773545,-4.34727921520878,4812.35865802779,0.999742494967792
"log_lik_osp[70]",-6.90001270892429,0.00641048411343322,0.482406379944931,-7.94269402772857,-7.19972364668085,-6.85541017466838,-6.55106947554985,-6.09474272228511,5662.97219356185,0.999893595612439
"log_lik_osp[71]",-5.36040946522845,0.00381157795904245,0.2722776231944,-5.97128510811194,-5.52558716747234,-5.32321812348181,-5.15976462725238,-4.92611940270101,5102.86745501604,0.999755220137356
"log_lik_osp[72]",-6.72019289552778,0.00737927707379391,0.53543933193144,-7.87693604624089,-7.05823380775415,-6.66131763419375,-6.32802946002543,-5.83390781302966,5264.93368746568,0.999587138363737
"log_lik_osp[73]",-4.54563233087887,0.00182123279556877,0.126378874866671,-4.84091719948134,-4.62026347179329,-4.53032177551093,-4.45547256470168,-4.34244564716378,4815.2411838355,1.00007640318545
"log_lik_osp[74]",-7.53556328041647,0.00795021769387476,0.600756334482067,-8.8227865208262,-7.91214996458753,-7.48126733501388,-7.09903219369046,-6.52080400479538,5710.03376169725,0.999860463437648
"log_lik_osp[75]",-5.76878858812898,0.00371193757483697,0.275843527357703,-6.39935604429937,-5.9357195947191,-5.7350745078636,-5.57221520754641,-5.32754477411756,5522.35431596641,0.999981440392244
"log_lik_osp[76]",-4.98670684254025,0.00324470724949747,0.237313010830071,-5.49071535721755,-5.13838772873204,-4.96620515816481,-4.82293989011953,-4.56889136124634,5349.23971622673,0.999444241814555
"log_lik_osp[77]",-5.84906586284771,0.00167695513861971,0.124034460290415,-6.1198611318892,-5.92024798373328,-5.83739567704464,-5.76039337160455,-5.6422269995233,5470.68656467951,0.999458632210669
"log_lik_osp[78]",-6.04214238440642,0.00262635029081631,0.164578229598716,-6.44557218757245,-6.11717147380674,-6.01388521294973,-5.9288320273439,-5.80826874374772,3926.80624232576,1.00012766860879
"log_lik_osp[79]",-6.13242932399505,0.00160924112267083,0.116602715528498,-6.39265520886577,-6.20120858307831,-6.12079021311831,-6.05081705571027,-5.93821560582172,5250.19078450288,0.999240312105744
"log_lik_osp[80]",-5.7113043453539,0.00107421368149699,0.0788481625491565,-5.86889481118128,-5.76505856953261,-5.71030109516869,-5.65498309139753,-5.56649070701046,5387.68003120491,0.999565457501268
"log_lik_osp[81]",-4.93075644419253,0.00178194897935722,0.127680999901889,-5.20713847693386,-5.01129016844038,-4.92252303851687,-4.84147492627191,-4.70688183896762,5134.07276717238,0.999551018572727
"log_lik_osp[82]",-5.13344209188045,0.00124637152923703,0.089235927655685,-5.3142789683258,-5.18985379060548,-5.12916664497877,-5.07096179897361,-4.97256377868217,5126.0689755444,0.999479109791473
"log_lik_osp[83]",-5.68282929464704,0.00138573579501764,0.102007807801062,-5.90680895521695,-5.74235756448201,-5.67729824669033,-5.61224221541289,-5.50742418292455,5418.83538552337,0.99940759352534
"log_lik_osp[84]",-5.39473669635716,0.00138327414375696,0.0981121752698469,-5.6052605089887,-5.45422962298508,-5.38829429728136,-5.32719800013328,-5.21867456505876,5030.71009612045,0.999639450526986
"log_lik_osp[85]",-5.25022056747563,0.00248562806535714,0.1755414342631,-5.62402784227715,-5.36011947303114,-5.23659021812195,-5.12675880910651,-4.93806232918736,4987.54695150462,0.999359500106565
"log_lik_osp[86]",-5.04556184091515,0.00362552285459048,0.266814117146889,-5.6132715404492,-5.2143655475025,-5.02174464869018,-4.86253481144115,-4.57398098284745,5415.97080280428,0.999425919394917
"log_lik_osp[87]",-4.92158088209158,0.00183377698799884,0.13154616964986,-5.20788341211145,-5.00408767388477,-4.91362661570011,-4.82995928196486,-4.6878191314919,5145.92410556281,0.999549640081665
"log_lik_osp[88]",-5.08979384992424,0.00131933500064846,0.094306737521933,-5.28525927392233,-5.14841754330533,-5.08400390743333,-5.02522695389527,-4.92274977658444,5109.46318142627,0.999503623129228
"log_lik_osp[89]",-6.36299434913916,0.00208442295053422,0.150107086267449,-6.71135724749726,-6.45016614301437,-6.34602748646421,-6.2559807927949,-6.11850626703888,5185.97832436896,0.999216384271225
"log_lik_osp[90]",-7.41146254005497,0.00454921594207435,0.328090521222673,-8.1511139622067,-7.60807749359856,-7.37388528163262,-7.17966998700138,-6.87316198873757,5201.32824618508,0.999277084367302
"log_lik_osp[91]",-6.48958272868817,0.00309668698388968,0.229335418140691,-7.00867462709027,-6.62525447056382,-6.4624510029015,-6.32821992840348,-6.12795773965474,5484.63392647923,0.999551346883477
"log_lik_osp[92]",-5.81300506487968,0.00160921351243355,0.118923525401083,-6.0730295838281,-5.88039328023945,-5.8024330448261,-5.72825183902393,-5.61546625804327,5461.45310394866,0.999448579394737
"log_lik_osp[93]",-5.97580297533219,0.00133378500638725,0.0974145924726605,-6.18767232468335,-6.0351535360968,-5.97053245840033,-5.90798899609055,-5.80524347820785,5334.28694732163,0.999305539127517
"log_lik_osp[94]",-7.01910188481621,0.00360048588292287,0.259048054841922,-7.60253790674287,-7.17193879784071,-6.98819933998811,-6.83459851032887,-6.59654260855927,5176.52655533612,0.999252719742
"log_lik_osp[95]",-6.98220804342423,0.00351228768174425,0.252655282396322,-7.54920012529562,-7.13074911801357,-6.95198209557418,-6.80165755220258,-6.57048961510387,5174.59785663722,0.999250196513693
"log_lik_osp[96]",-5.76528295844688,0.00152331462917352,0.112415906703058,-6.01182947704644,-5.82968037426159,-5.75631421995405,-5.68512241653451,-5.57715332173687,5445.98335508516,0.999434297610476
"log_lik_osp[97]",-6.23451392881266,0.00157567641785689,0.113469571255892,-6.48347110947895,-6.30127768735073,-6.22556267760052,-6.15586038013421,-6.03931855839195,5185.90739474017,0.999671545557133
"log_lik_osp[98]",-6.72927674796939,0.00256625481885409,0.183104053257891,-7.1401339333293,-6.83517417334383,-6.71040023203125,-6.60098106854974,-6.42185425288281,5090.92103114005,0.99934296360804
"log_lik_osp[99]",-5.99681893475719,0.0012212727708427,0.0888884730382023,-6.1861167821162,-6.0530780998522,-5.99146319224565,-5.93558613630418,-5.83896237450651,5297.4338580225,0.999937729632949
"log_lik_osp[100]",-5.82041606424608,0.0013993326502488,0.105631262615866,-6.05014625971773,-5.88624439603899,-5.81274515367318,-5.74709502468562,-5.63677959120362,5698.26978216587,0.999527717415325
"log_lik_osp[101]",-4.97178271072235,0.00165177070573668,0.121092527015303,-5.23205959623195,-5.05136535293283,-4.96667027180989,-4.88563353239579,-4.75372736520617,5374.46409048844,0.999487610885868
"log_lik_osp[102]",-5.45975897762897,0.0010337071496073,0.0779172518465967,-5.61633029936033,-5.51219072129598,-5.45951847723637,-5.40445810364821,-5.31595739338147,5681.62038129687,0.999597220811662
"log_lik_osp[103]",-6.29154415490716,0.00167737064855585,0.120563982672854,-6.55930150014503,-6.36131495106775,-6.28185261521764,-6.20712951924048,-6.08736556768381,5166.26992524101,0.999615464715715
"log_lik_osp[104]",-5.31913238890407,0.00159359302540176,0.116721396064993,-5.57096020683643,-5.3925544159971,-5.31323858790893,-5.24052861412869,-5.10672982935715,5364.70821852487,0.999218962140415
"log_lik_osp[105]",-4.96141707969093,0.00232037692305489,0.181921517972114,-5.34866665016747,-5.07700688429369,-4.94789527792297,-4.83038221842311,-4.6443339296839,6146.82808767986,0.999529766755218
"log_lik_osp[106]",-5.43914193625236,0.00103283107411339,0.0776067253984405,-5.59376346699442,-5.49098790927856,-5.43864199211731,-5.38401023964239,-5.29591223711522,5645.99027966847,0.999594285818635
"log_lik_osp[107]",-5.66684004000228,0.00444384276826377,0.355341246276129,-6.42818350969537,-5.89075210376953,-5.64002850134108,-5.4120818919111,-5.03524881808368,6394.01828171085,0.999356968140761
"log_lik_osp[108]",-5.31030654942553,0.00163089771154251,0.120127921028868,-5.56894818016027,-5.38439555369121,-5.30364308685782,-5.22914744458272,-5.09149180844867,5425.43388579457,0.999207225460332
"log_lik_osp[109]",-5.55753673619293,0.00117034462851007,0.0828158983661247,-5.72404837452713,-5.6134335770135,-5.55622138859189,-5.49969918320852,-5.40248637685439,5007.2572294994,0.999688791297698
"log_lik_osp[110]",-6.3787616961772,0.00256476446395057,0.188222452323549,-6.79666999270508,-6.49537386893348,-6.35795260435083,-6.24236623654051,-6.07640026694946,5385.77095122684,0.999410467527217
"log_lik_osp[111]",-5.87776556322672,0.00149930842009886,0.112763972455285,-6.12723218140706,-5.94762152259349,-5.86881962571096,-5.79983317275153,-5.68495388360234,5656.64304014439,0.999510406579017
"log_lik_osp[112]",-5.8092160567114,0.00108655541159187,0.0783816520991246,-5.96848934541233,-5.86237236297296,-5.80828587947417,-5.75392904019174,-5.66314529494984,5203.85357507908,1.00003752687745
"log_lik_osp[113]",-5.84581465523728,0.00109993517769765,0.0796101731469917,-6.00753811268257,-5.89917021336834,-5.8444794742303,-5.78993633488517,-5.69893916221793,5238.4518158668,1.0000390021844
"log_lik_osp[114]",-5.46855703526874,0.0012727177338221,0.0902583146794643,-5.65140222933318,-5.52684717965029,-5.46557481939467,-5.40555352407127,-5.30263132745764,5029.33134518172,0.999494988752611
"log_lik_osp[115]",-5.00335989308011,0.00155291915804468,0.11279600587293,-5.24515946796902,-5.07562747388297,-4.99879756320553,-4.92494521671295,-4.79993269993532,5275.81729662166,0.999481658507429
"log_lik_osp[116]",-5.1814676897015,0.00121872113846574,0.0880248078362142,-5.36192910776596,-5.23713842386653,-5.17745968134537,-5.12069731909948,-5.01670964973289,5216.76752186315,0.999507831470151
"log_lik_osp[117]",-5.24394418929094,0.00114271184656226,0.0830986368140069,-5.41363778677586,-5.29865439584636,-5.24019819888241,-5.18560001854351,-5.08775821672123,5288.27875383112,0.999530375082422
"log_lik_osp[118]",-7.25694838600878,0.003759134173384,0.267890470139199,-7.85772332280803,-7.41078983985921,-7.2303200957075,-7.06777218097977,-6.81638918379571,5078.53996717977,0.999217921166516
"log_lik_osp[119]",-6.62634164453746,0.00234512924771077,0.167476447445898,-7.00353786226827,-6.72378099628526,-6.60948448915428,-6.50906559129862,-6.34579772830289,5100.04389165404,0.999386613142572
"log_lik_osp[120]",-6.22946212996114,0.00227343035871436,0.137086769915385,-6.57411959264791,-6.28536237947907,-6.20590429142533,-6.14211389082539,-6.03966921608816,3636.03267089568,1.00042618987204
"log_lik_osp[121]",-4.82254239193359,0.00166481216638241,0.115347537376675,-5.07292667651825,-4.89342785105325,-4.81587022178998,-4.74018022140389,-4.62244988678472,4800.49665979207,0.999576615103526
"log_lik_osp[122]",-4.88913932687635,0.00147575592793107,0.102647129619705,-5.11514615731641,-4.95255857895487,-4.88258064233706,-4.81672172069695,-4.71017354341519,4837.9853183907,0.999624548596646
"log_lik_osp[123]",-6.15216009141709,0.00274327323100256,0.182290000607206,-6.59980427205534,-6.24115352889314,-6.11764542098166,-6.02417041781857,-5.88627541136326,4415.57800619299,0.999529500618146
"log_lik_osp[124]",-5.63492479059849,0.00135882927910251,0.0932329261400845,-5.83822924422464,-5.68917101401732,-5.62855180000332,-5.5714993485395,-5.47271729081364,4707.70062816795,0.999834737187395
"log_lik_osp[125]",-5.49473743400223,0.00186465549910877,0.125540994750964,-5.80661254866283,-5.55356724593197,-5.4779327919957,-5.4105368172572,-5.30084969869519,4532.87683197617,0.999987788916764
"log_lik_osp[126]",-5.24319205556199,0.00131258054614062,0.0890552881538268,-5.43232671690033,-5.29659957128555,-5.2380941909874,-5.18190465069908,-5.08941967736631,4603.28114207623,1.00006969563685
"log_lik_osp[127]",-5.30250507842402,0.00131579918428096,0.0916157231185606,-5.499421163009,-5.36085693918686,-5.29722744255236,-5.23962433226862,-5.13969986115655,4847.97980437226,0.999735851109
"log_lik_osp[128]",-5.49574298443413,0.00119380235869844,0.0834752354533472,-5.66453866047573,-5.55118623537579,-5.49351020047132,-5.43719907113403,-5.346071173213,4889.34226780131,0.99989392029974
"log_lik_osp[129]",-5.00262678955351,0.00260042591914181,0.173974611549718,-5.36944074850257,-5.11411770061609,-4.9964756933451,-4.87952881187178,-4.68660974596338,4475.92477297524,0.999438423583313
"log_lik_osp[130]",-4.86628227241958,0.00153537284886494,0.10666030884414,-5.10038497495227,-4.93109113710882,-4.85955481035818,-4.79061330657417,-4.68212298202283,4825.89602826131,0.999604981060652
"log_lik_catch[1]",-2.69601869195432,0.00120733959419287,0.0848814300323679,-2.87193442227791,-2.75002409639912,-2.69294058003392,-2.63739825859847,-2.54234774825978,4942.7254608813,0.999609255187563
"log_lik_catch[2]",-3.29214518975506,0.00137565388545415,0.0980847607497663,-3.4947475330701,-3.35464441923039,-3.28765057253305,-3.2244763045471,-3.1141495638751,5083.7562094771,0.999567243113664
"log_lik_catch[3]",-3.72179826048956,0.00136329904411815,0.096041528284809,-3.91750178277916,-3.78360962354714,-3.71944278134951,-3.65599884305514,-3.54480126341034,4962.9038813088,0.999597374466945
"log_lik_catch[4]",-3.33533921000923,0.00132047169541076,0.0929731860700273,-3.52567746382934,-3.3949910983525,-3.33277255858268,-3.27150219028582,-3.16482601334228,4957.43735526414,0.999600578013778
"log_lik_catch[5]",-5.03183019137565,0.00479114303570586,0.33419320407355,-5.78973740549801,-5.23156119637269,-4.99251952033261,-4.79663046921621,-4.49232222312583,4865.38212375206,0.999440524038936
"log_lik_catch[6]",-3.72179826048956,0.00136329904411815,0.096041528284809,-3.91750178277916,-3.78360962354714,-3.71944278134951,-3.65599884305514,-3.54480126341034,4962.9038813088,0.999597374466945
"log_lik_catch[7]",-3.93519282349269,0.00138397372209812,0.0879830882478056,-4.11116957404428,-3.99404912244151,-3.93338185585414,-3.87592040474006,-3.77032081690685,4041.50123127063,0.999782393097739
"log_lik_catch[8]",-3.72179826048956,0.00136329904411815,0.096041528284809,-3.91750178277916,-3.78360962354714,-3.71944278134951,-3.65599884305514,-3.54480126341034,4962.9038813088,0.999597374466945
"log_lik_catch[9]",-3.33533921000923,0.00132047169541076,0.0929731860700273,-3.52567746382934,-3.3949910983525,-3.33277255858268,-3.27150219028582,-3.16482601334228,4957.43735526414,0.999600578013778
"log_lik_catch[10]",-2.69601869195432,0.00120733959419287,0.0848814300323679,-2.87193442227791,-2.75002409639912,-2.69294058003392,-2.63739825859847,-2.54234774825978,4942.7254608813,0.999609255187563
"log_lik_catch[11]",-3.66818167129275,0.00131217783467172,0.08741624780352,-3.8393851928597,-3.72488399013956,-3.66727941983589,-3.60804278857088,-3.50434836809813,4438.1188443427,0.99971687599687
"log_lik_catch[12]",-3.66818167129275,0.00131217783467172,0.08741624780352,-3.8393851928597,-3.72488399013956,-3.66727941983589,-3.60804278857088,-3.50434836809813,4438.1188443427,0.99971687599687
"log_lik_catch[13]",-3.72179826048956,0.00136329904411815,0.096041528284809,-3.91750178277916,-3.78360962354714,-3.71944278134951,-3.65599884305514,-3.54480126341034,4962.9038813088,0.999597374466945
"log_lik_catch[14]",-3.33533921000923,0.00132047169541076,0.0929731860700273,-3.52567746382934,-3.3949910983525,-3.33277255858268,-3.27150219028582,-3.16482601334228,4957.43735526414,0.999600578013778
"log_lik_catch[15]",-3.27883190570936,0.00126273519563092,0.0924055259085696,-3.47861969100182,-3.33607281369125,-3.27399681856701,-3.21688870361306,-3.10983774158922,5355.14599254779,0.999362889500669
"log_lik_catch[16]",-3.71055272870344,0.00126640193877798,0.0913376543648992,-3.90815777893901,-3.76886518315175,-3.70707668560521,-3.6492558874313,-3.54116597744895,5201.83503305834,0.999456055213942
"log_lik_catch[17]",-4.32585824844986,0.00403447532925474,0.258274482002992,-4.90653994472042,-4.48278501127252,-4.29938253372378,-4.14120053418319,-3.89042461104169,4098.15962339429,1.00023855734647
"log_lik_catch[18]",-3.96689456162954,0.00183446916580474,0.099639444963068,-4.17486571243808,-4.03051568224678,-3.96258073624364,-3.8990938550826,-3.78835035219791,2950.13416062972,1.00113573809709
"log_lik_catch[19]",-4.09399873037793,0.0025579410356493,0.136904690909191,-4.39327519195268,-4.17440521001659,-4.08097546131221,-3.99920474210514,-3.86034993672841,2864.5446755161,1.00104449252306
"log_lik_catch[20]",-2.65466017337328,0.0036456315467666,0.226131906112298,-3.13443153128295,-2.79735710038956,-2.64587231108293,-2.49848522232844,-2.24862916085566,3847.49566931841,0.999963238186516
"log_lik_catch[21]",-3.40239631492113,0.00203728929379666,0.124198661638909,-3.683021158384,-3.47428225807725,-3.38863746138249,-3.31638511013495,-3.19310653337962,3716.45112690955,0.999625706746682
"log_lik_catch[22]",-3.93519282349269,0.00138397372209812,0.0879830882478056,-4.11116957404428,-3.99404912244151,-3.93338185585414,-3.87592040474006,-3.77032081690685,4041.50123127063,0.999782393097739
"log_lik_catch[23]",-4.28320443768532,0.00380324772936586,0.260236378716333,-4.88743242307635,-4.4379963005806,-4.25396974982474,-4.09823343727686,-3.8600763462896,4681.95014199658,0.99945895668112
"log_lik_catch[24]",-3.01791299702344,0.0015059244743187,0.0848916517906791,-3.19247452864638,-3.07195315574984,-3.01413528574732,-2.9595770184235,-2.86644705787802,3177.77822630088,1.00092897302048
"log_lik_catch[25]",-4.019365154235,0.00770621008785668,0.475815276229183,-4.97086005871077,-4.32325775974128,-4.00161282451445,-3.69948309496057,-3.14017206325724,3812.37025961794,1.00013086916613
"log_lik_catch[26]",-3.72179826048956,0.00136329904411815,0.096041528284809,-3.91750178277916,-3.78360962354714,-3.71944278134951,-3.65599884305514,-3.54480126341034,4962.9038813088,0.999597374466945
"log_lik_catch[27]",-3.33533921000923,0.00132047169541076,0.0929731860700273,-3.52567746382934,-3.3949910983525,-3.33277255858268,-3.27150219028582,-3.16482601334228,4957.43735526414,0.999600578013778
"log_lik_catch[28]",-4.09399873037793,0.0025579410356493,0.136904690909191,-4.39327519195268,-4.17440521001659,-4.08097546131221,-3.99920474210514,-3.86034993672841,2864.5446755161,1.00104449252306
"log_lik_catch[29]",-4.09399873037793,0.0025579410356493,0.136904690909191,-4.39327519195268,-4.17440521001659,-4.08097546131221,-3.99920474210514,-3.86034993672841,2864.5446755161,1.00104449252306
"log_lik_catch[30]",-2.60124123848654,0.00122147749803724,0.089215387005974,-2.80028883721346,-2.6560772174518,-2.59502143147157,-2.53945628874839,-2.4403098086047,5334.68260836354,0.999365630241617
"log_lik_catch[31]",-3.324427457287,0.00122543300147643,0.0883536665832214,-3.51645969199934,-3.38067521443329,-3.32071583375461,-3.26502962415164,-3.16135291802838,5198.40378415026,0.999459020814602
"log_lik_catch[32]",-3.66294687161602,0.00129062535822235,0.0855320828464832,-3.8394005747634,-3.71825057512242,-3.66186716865598,-3.6039432182532,-3.50177216089266,4391.95324486099,1.0000170251449
"log_lik_catch[33]",-5.30909343649661,0.00615872378544026,0.418150170125793,-6.25918966363158,-5.55858628375248,-5.27068601850984,-5.01847589657562,-4.59746207332736,4609.81081218092,0.999849200509638
"log_lik_catch[34]",-3.56332833286204,0.00167191897843284,0.117084093248621,-3.81543536206542,-3.63537280995196,-3.55586313874876,-3.48254802472561,-3.35278749114935,4904.1679934887,0.999608921783781
"log_lik_catch[35]",-5.39279619899021,0.00518343651413291,0.342553151472744,-6.18408454124089,-5.59772497198697,-5.35648357656402,-5.15270816754054,-4.82076038544533,4367.37382839082,1.0000207027121
"log_lik_catch[36]",-3.80588920443214,0.00194526830369726,0.103114977416337,-4.02340119600063,-3.87072949290305,-3.79971415161036,-3.73604252995752,-3.62365126029762,2809.85870087785,1.00117838194519
"log_lik_catch[37]",-3.54451474684856,0.00139363332675268,0.0852818290168472,-3.71666293619208,-3.59897494135155,-3.54328498432048,-3.48785643018421,-3.38519390713262,3744.69081382144,1.00049600917804
"log_lik_catch[38]",-3.6711686390726,0.00163426940751645,0.0917746874039496,-3.85811698364344,-3.72940625839704,-3.6675688871934,-3.60835476402148,-3.50616495240173,3153.54131921648,1.00096850374258
"log_lik_catch[39]",-3.54200597354618,0.00709194730987759,0.412030461623656,-4.38122284056165,-3.81203752660746,-3.52652668137189,-3.25794615454906,-2.79587030794388,3375.41867631455,1.00060041327484
"log_lik_catch[40]",-3.94836301798978,0.00129098343605599,0.0880179879329696,-4.13237182852903,-4.0054247628949,-3.94589314533582,-3.88703410420097,-3.7815584267744,4648.37902444918,0.999821095408116
"log_lik_catch[41]",-3.94298080346448,0.0015515352006929,0.0928241496991482,-4.13279619222634,-4.00342015171131,-3.93979715485062,-3.8792063390255,-3.77124361237019,3579.30488340134,1.00013622242325
"log_lik_catch[42]",-5.29409921069639,0.00606501984707352,0.417393742266041,-6.19205881924322,-5.55899387435433,-5.25812669235381,-4.99843419609805,-4.5663001285089,4736.17143956092,0.999612457790628
"log_lik_catch[43]",-3.32650104120898,0.00131594654968773,0.0905569849165646,-3.51458000054309,-3.38579762350546,-3.32293704558021,-3.26537758932804,-3.15855038548434,4735.51709956357,0.999826282668393
"log_lik_catch[44]",-4.95395802675234,0.00356790570154871,0.230310742104243,-5.49271886928899,-5.07956127465831,-4.92161218882596,-4.78812272673099,-4.60015305351506,4166.79039315729,0.999761808934664
"log_lik_catch[45]",-3.12348962872034,0.00124259341853364,0.0838699627495367,-3.29273702101504,-3.17928081702708,-3.12056108683615,-3.06523055120161,-2.96730719274486,4555.69669405499,0.999937162599651
"log_lik_catch[46]",-3.32650104120898,0.00131594654968773,0.0905569849165646,-3.51458000054309,-3.38579762350546,-3.32293704558021,-3.26537758932804,-3.15855038548434,4735.51709956357,0.999826282668393
"log_lik_catch[47]",-4.63614539826433,0.00455123110115313,0.30743834415158,-5.29570652281483,-4.82831122750312,-4.60816576633025,-4.41723289141295,-4.10635005449604,4563.08215123576,0.99962815365258
"log_lik_catch[48]",-2.9606697870319,0.00538227765058099,0.333362267100875,-3.64979715531363,-3.17318087550004,-2.94725689302964,-2.72860347428206,-2.33554008832906,3836.1951049741,1.00000857155605
"log_lik_catch[49]",-3.32650104120898,0.00131594654968773,0.0905569849165646,-3.51458000054309,-3.38579762350546,-3.32293704558021,-3.26537758932804,-3.15855038548434,4735.51709956357,0.999826282668393
"log_lik_catch[50]",-3.71268213324571,0.00135972700364563,0.0936121194946712,-3.90638312857957,-3.77411684028552,-3.70931643689411,-3.64965569745591,-3.53811742200534,4739.80758410475,0.999825344202208
"log_lik_catch[51]",-2.68791796642899,0.00120064811686673,0.0825196074954131,-2.86090384524933,-2.74133455832938,-2.68387027586357,-2.63199689175434,-2.53684821593315,4723.70555915788,0.9998292069791
"log_lik_catch[52]",-3.96524602673606,0.00164819354205926,0.09758129273366,-4.17379270318462,-4.02721418562166,-3.95996234667423,-3.89902230630295,-3.78712461063534,3505.23159940924,1.00011269283225
"log_lik_catch[53]",-3.94959561130456,0.00134612867208049,0.0894584301052551,-4.12564343709097,-4.00923933732663,-3.94820436975028,-3.88730904470694,-3.78255509083667,4416.41011311738,0.99997074240791
"log_lik_catch[54]",-3.01701543875323,0.00139402320433675,0.0836740247340582,-3.1926845830537,-3.07149652606281,-3.01327116611862,-2.95989757604178,-2.86599988579438,3602.80960943746,1.00012866116911
"log_lik_catch[55]",-3.15726334338461,0.00212816736417759,0.14002364954296,-3.46331535688616,-3.24260359256016,-3.14672797856918,-3.05750445569567,-2.91726894603486,4329.03630282108,0.999693282477728
"log_lik_catch[56]",-3.1363207519608,0.00249285244611843,0.166329327784921,-3.50294811132052,-3.23729397911158,-3.12181857217481,-3.02045229850672,-2.85171382596335,4451.890959653,0.999830301286965
"log_lik_catch[57]",-3.95165700484655,0.00142499757757424,0.0925670371156586,-4.1427093459392,-4.01049855577723,-3.94956054247406,-3.88861250120809,-3.78217491648588,4219.72815905687,0.999809450342183
"log_lik_catch[58]",-2.68512995722281,0.00128711825391685,0.0876948120778963,-2.87389547754629,-2.73883207582835,-2.67827675347504,-2.62493205932932,-2.5334859196875,4642.06165644498,0.999593172562321
"log_lik_catch[59]",-3.16580841257059,0.00195947284786422,0.13498410530542,-3.46464508686977,-3.24773594308936,-3.15138404598592,-3.07140024807392,-2.93376186816568,4745.55230848163,0.999616842641881
"log_lik_catch[60]",-3.59240629791875,0.00176042706593389,0.122856282188002,-3.86359942714215,-3.66447139281948,-3.57774049682275,-3.50786904977496,-3.38004210246201,4870.33308012837,0.999529574827688
"log_lik_catch[61]",-3.45513870931009,0.0017941916664095,0.103692567428068,-3.68094532758999,-3.51836234084216,-3.44769239553765,-3.38256002433134,-3.27662823336124,3340.08550842732,1.00024981916086
"log_lik_catch[62]",-6.31456089273773,0.0084934230216822,0.593785915495673,-7.58254029186849,-6.69617126071584,-6.2654632066926,-5.8950190587424,-5.27509166278646,4887.58444495765,0.999614650540198
"log_lik_catch[63]",-3.32650104120898,0.00131594654968773,0.0905569849165646,-3.51458000054309,-3.38579762350546,-3.32293704558021,-3.26537758932804,-3.15855038548434,4735.51709956357,0.999826282668393
"log_lik_catch[64]",-2.68512995722281,0.00128711825391685,0.0876948120778963,-2.87389547754629,-2.73883207582835,-2.67827675347504,-2.62493205932932,-2.5334859196875,4642.06165644498,0.999593172562321
"log_lik_catch[65]",-3.95165700484655,0.00142499757757424,0.0925670371156586,-4.1427093459392,-4.01049855577723,-3.94956054247406,-3.88861250120809,-3.78217491648588,4219.72815905687,0.999809450342183
"log_lik_catch[66]",-3.33246206973251,0.00483493047196685,0.293699451170772,-3.97693589972969,-3.52266236066053,-3.31553761066935,-3.12182619136846,-2.81921460354886,3689.99522043778,1.00032182000891
"log_lik_catch[67]",-4.55254861412026,0.00312102804345218,0.201538526696368,-4.99330963936399,-4.67604083978169,-4.53147369768126,-4.41008587403885,-4.21646764064673,4169.85369015565,0.999711839135085
"log_lik_catch[68]",-2.68791796642899,0.00120064811686673,0.0825196074954131,-2.86090384524933,-2.74133455832938,-2.68387027586357,-2.63199689175434,-2.53684821593315,4723.70555915788,0.9998292069791
"log_lik_catch[69]",-3.15726334338461,0.00212816736417759,0.14002364954296,-3.46331535688616,-3.24260359256016,-3.14672797856918,-3.05750445569567,-2.91726894603486,4329.03630282108,0.999693282477728
"log_lik_catch[70]",-2.9606697870319,0.00538227765058099,0.333362267100875,-3.64979715531363,-3.17318087550004,-2.94725689302964,-2.72860347428206,-2.33554008832906,3836.1951049741,1.00000857155605
"log_lik_catch[71]",-5.47771192441473,0.00478641270240139,0.323714323155306,-6.18398045139248,-5.6746179218681,-5.44316449908115,-5.24639534596625,-4.93153558027035,4574.07779487785,0.999630163364829
"log_lik_catch[72]",-2.85535221061161,0.00507682509760433,0.312071219132147,-3.73859518203983,-2.94196557468406,-2.75455744405612,-2.66285072749896,-2.54359668960667,3778.53136589338,1.00004403693938
"log_lik_catch[73]",-2.59116530818849,0.00862267311788307,0.510249667114755,-3.61427881371052,-2.92865142723633,-2.58873001741896,-2.23170430594246,-1.61619724556453,3501.72160056071,1.0002261789388
"log_lik_catch[74]",-3.54654446694461,0.00403207258674786,0.247863470892374,-4.23761647603439,-3.59739636699267,-3.48880164962595,-3.4081364044968,-3.28778795996629,3778.92584941781,0.999822745202323
"log_lik_catch[75]",-2.62750633615069,0.00953197857103077,0.539088679780339,-3.71601628224117,-2.97864873371531,-2.62795249352304,-2.25091399158931,-1.609990518684,3198.55858617823,1.00005182239576
"log_lik_catch[76]",-2.47344671632845,0.00626688811689545,0.413387120152144,-3.40787402687122,-2.70740941456638,-2.42491841639873,-2.18192067743162,-1.7925701685311,4351.20955929193,0.999935386375004
"log_lik_catch[77]",-2.47344671632845,0.00626688811689545,0.413387120152144,-3.40787402687122,-2.70740941456638,-2.42491841639873,-2.18192067743162,-1.7925701685311,4351.20955929193,0.999935386375004
"log_lik_catch[78]",-4.67487335871515,0.0106363777505936,0.720851604155447,-6.50032698784678,-5.0558182860773,-4.52964395159294,-4.1513464820113,-3.71292728771599,4593.08235765284,0.999986903944709
"log_lik_catch[79]",-3.11722226237982,0.00306865380865738,0.184400665467934,-3.59047535174401,-3.18421551593226,-3.07744496852218,-3.00179928849793,-2.88468618608561,3611.01403008974,0.999814211366374
"log_lik_catch[80]",-2.71309339807938,0.00338521155002582,0.133083017453703,-3.05200827585928,-2.77718548034332,-2.68960120959028,-2.62075375527033,-2.51783754500378,1545.51651642697,1.00028169462705
"log_lik_catch[81]",-2.84472508755144,0.00360121802880157,0.226293025400236,-3.45182500014357,-2.94682985931771,-2.78213106329513,-2.68691360571718,-2.56746033110903,3948.60331760693,0.999413208011451
"log_lik_catch[82]",-2.11413392811787,0.00296369212148109,0.115510449844697,-2.41464677076168,-2.16721717208776,-2.09196803076031,-2.03430302051557,-1.95070222586552,1519.06507542445,1.00028502338915
"log_lik_catch[83]",-2.87549393601523,0.00561543343519267,0.251815612139936,-3.43254304383861,-3.03399725895509,-2.84391517812539,-2.68658070102189,-2.47203348961694,2010.9382606684,0.999935627746802
"log_lik_catch[84]",-2.95979697602152,0.00315908011500751,0.126556423684631,-3.27613975557798,-3.02423841586527,-2.93899292815438,-2.87245265286601,-2.7699462955011,1604.89678769087,1.00026531471714
"log_lik_catch[85]",-2.62109749798918,0.00770632081880192,0.383382548895825,-3.40847200897733,-2.87752290031322,-2.59658128986132,-2.34909066611436,-1.92792666635378,2474.97325873245,0.999666020133542
"log_lik_catch[86]",-2.74080832663744,0.00497611965863006,0.215540055930398,-3.23625963118937,-2.86828804393463,-2.70561333909839,-2.57807403977768,-2.41831269862676,1876.17935257868,1.00003921718518
"log_lik_catch[87]",-2.83770591838463,0.00379315980068474,0.236487870421022,-3.4821077436708,-2.92905490428712,-2.77078633047493,-2.67924346033627,-2.56057350330682,3887.00824892625,0.999503896307059
"log_lik_catch[88]",-2.12691747139247,0.00350067943626538,0.127585641620316,-2.45564355787881,-2.18584111906132,-2.09973595782647,-2.03923673181504,-1.9508257594562,1328.30839413991,1.00027240371912
"log_lik_catch[89]",-4.05864589732997,0.00333042610934593,0.17519945147858,-4.47946426437023,-4.14415350109677,-4.02598160931625,-3.93894371561387,-3.80578890747431,2767.36140045838,1.00158152826484
"log_lik_catch[90]",-2.73521670808212,0.00262233968222465,0.137407296936068,-3.0625641646294,-2.80694011837394,-2.71240948629095,-2.63959329138989,-2.53085772740596,2745.62802294385,1.00151050466701
"log_lik_catch[91]",-3.38950991052244,0.00203022375778008,0.139606589826941,-3.71816778821092,-3.46281423647357,-3.37042016259801,-3.29388209363768,-3.17468373961879,4728.50689003164,1.00020397486603
"log_lik_catch[92]",-2.82870601534364,0.00167413052648604,0.107682895402636,-3.09009893342047,-2.88524366693475,-2.81500789679046,-2.75702718053821,-2.65917774190764,4137.27908663471,0.99954608330002
"log_lik_catch[93]",-3.95950622040628,0.00645215140243683,0.334563513223875,-4.74403477364956,-4.13215707821573,-3.89718151109475,-3.72116818566127,-3.49636071226161,2688.73532164117,1.00129808191148
"log_lik_catch[94]",-4.8524265324721,0.00978714651582233,0.63996059532881,-6.30073342496114,-5.22753986183849,-4.79286429157383,-4.39063624702004,-3.7956536037962,4275.57262491801,1.00172266242892
"log_lik_catch[95]",-3.54438073415627,0.00520134575424836,0.3169958466128,-4.28369137558872,-3.72893830682648,-3.50672510569412,-3.31933708625058,-3.03210169420523,3714.28903226479,1.00117081567885
"log_lik_catch[96]",-4.48289799838225,0.00423675550277256,0.209500239213969,-4.9996038323038,-4.575397052518,-4.43875623296136,-4.34347519982736,-4.20077828620937,2445.13162048464,1.00114293357525
"log_lik_catch[97]",-2.82870601534364,0.00167413052648604,0.107682895402636,-3.09009893342047,-2.88524366693475,-2.81500789679046,-2.75702718053821,-2.65917774190764,4137.27908663471,0.99954608330002
"log_lik_catch[98]",-2.64034518607494,0.00451857851434025,0.280407598265316,-3.28752241979209,-2.80523350892172,-2.60630730035413,-2.44151442673676,-2.19259397744355,3851.02102214048,1.00115716219499
"log_lik_catch[99]",-2.77816682020013,0.00530525806724623,0.371279251944323,-3.56341743749254,-3.00752478557644,-2.75793723553954,-2.52192562900503,-2.12121837128523,4897.65660786363,1.00038332404593
"log_lik_catch[100]",-5.30924908107456,0.0147795959137194,0.988280054414155,-7.81983720521851,-5.78285150344081,-5.09502661466004,-4.58845342370881,-4.03927787221649,4471.31164203249,1.00008146860931
"log_lik_catch[101]",-3.18102667996705,0.00557445390243095,0.392225759236035,-4.01459842382933,-3.42198625365907,-3.16237331595613,-2.91275837254882,-2.48143586593491,4950.71091880317,1.00038724746861
"log_lik_catch[102]",-2.55491946785391,0.00547192309823067,0.388160721159659,-3.37473836887025,-2.79291904737349,-2.53472981453291,-2.29119623307299,-1.85781570792255,5032.02976860514,1.00041106166249
"log_lik_catch[103]",-3.27342884132878,0.00252930427782716,0.166212724639121,-3.72621927781134,-3.32734250696029,-3.23949919353248,-3.17058943247733,-3.06665447780397,4318.43493293773,1.00006757573249
"log_lik_catch[104]",-2.72143804530941,0.00223014272767335,0.152797179482232,-3.13451872414707,-2.77176550199713,-2.68943776050776,-2.62559712419779,-2.5262508769983,4694.24073895629,0.999758318986699
"log_lik_catch[105]",-4.12318065543337,0.00996316491242368,0.617244208248145,-5.70124502113554,-4.42263589230368,-3.97036751618446,-3.67374514140976,-3.35532334597086,3838.12760281046,0.999312151662652
"log_lik_catch[106]",-2.46443861939991,0.00436535913259744,0.245386333336519,-2.99973101437609,-2.62134502995124,-2.44547981104903,-2.28018738478129,-2.06749974699031,3159.80866554292,0.999785759703459
"log_lik_catch[107]",-3.26121355605949,0.00667758781332721,0.49862626212549,-4.27818205547252,-3.57701700113331,-3.25408122187589,-2.91832612178733,-2.33447909584952,5575.84999277651,0.999356077938131
"log_lik_catch[108]",-3.86513914047036,0.00728500423519057,0.563933801306448,-5.02043435223662,-4.22579859945161,-3.84826672660566,-3.47622712636837,-2.81901526166631,5992.34260162614,0.999380327255454
"log_lik_catch[109]",-3.64781456821279,0.00392946935802669,0.266889944028162,-4.30540205019742,-3.79205175840598,-3.60118977522541,-3.45443262516467,-3.25906644057452,4613.13971727278,0.999422616543724
"log_lik_catch[110]",-2.52943815597261,0.00142729417286513,0.0955287281145179,-2.75099004575714,-2.58303619400911,-2.51875205941378,-2.46499968109004,-2.37271097758794,4479.6182528978,1.00047508626617
"log_lik_catch[111]",-3.29308110632578,0.00150688343113978,0.093598997306124,-3.49222976985202,-3.34988203620651,-3.28728188186968,-3.23128732662317,-3.12879377253398,3858.18525865341,1.00042876329508
"log_lik_catch[112]",-3.83411177375314,0.00451620103785999,0.30968487414067,-4.59261916211053,-4.00187615522525,-3.78477465887599,-3.60990983411515,-3.38019395338028,4702.11725789102,0.999448445827568
"log_lik_catch[113]",-3.10035196370043,0.00171384600661273,0.11861160366708,-3.37250710677096,-3.16926100143336,-3.08682179151675,-3.01836512509578,-2.90566510503856,4789.72701191087,1.00036043621393
"log_lik_catch[114]",-3.10022409078287,0.00197959362646891,0.1350661834534,-3.42197024373755,-3.16879015949719,-3.07830241443634,-3.00867414716253,-2.89511776843188,4655.23021190924,0.999323498906345
"log_lik_catch[115]",-3.27077139743931,0.00581101044517497,0.42182483709411,-4.14233589479266,-3.5393167950273,-3.25832368295849,-2.98134514718273,-2.5097207278682,5269.39776351964,0.99932749609012
"log_lik_catch[116]",-2.99178598533885,0.00282613335546584,0.214968077807679,-3.44562391026512,-3.12868140800229,-2.98029749491087,-2.83744857509267,-2.61528572971204,5785.78970706136,0.99972206768564
"log_lik_catch[117]",-3.3630620450519,0.00150760212877271,0.0914818968622062,-3.55273812921469,-3.42052346742509,-3.35930406773413,-3.30001490988297,-3.19804068112134,3682.11067428043,1.00024721606348
"log_lik_catch[118]",-4.54811896677469,0.00617073335178318,0.451192265904231,-5.5949237933146,-4.80487671819505,-4.48412237770753,-4.22007826922029,-3.86909326109257,5346.25578014402,0.999819419919984
"log_lik_catch[119]",-1.83895303821199,0.00339011833574915,0.256440138013624,-2.36945376045693,-2.00764820453224,-1.82762740949441,-1.66046934595665,-1.36844209092816,5721.92667213396,0.999391044254893
"log_lik_catch[120]",-3.61269690495316,0.00333244521370506,0.243250542919658,-4.20360985244237,-3.74834617765425,-3.56725326123124,-3.4367034844262,-3.26455710860084,5328.21327299892,0.999517775768052
"log_lik_catch[121]",-2.938428641325,0.00148597958473776,0.0949251372542664,-3.1443238796329,-2.99760460830923,-2.9325289852903,-2.87354382712082,-2.77289794043982,4080.71986150136,1.00078476849557
"log_lik_catch[122]",-2.65663344368175,0.00135073377535907,0.0824348954331903,-2.83282791590005,-2.70749139261848,-2.65326283158902,-2.60038959810509,-2.51125378935043,3724.6259396744,1.00056281417413
"log_lik_catch[123]",-1.83895303821199,0.00339011833574915,0.256440138013624,-2.36945376045693,-2.00764820453224,-1.82762740949441,-1.66046934595665,-1.36844209092816,5721.92667213396,0.999391044254893
"log_lik_catch[124]",-2.65663344368175,0.00135073377535907,0.0824348954331903,-2.83282791590005,-2.70749139261848,-2.65326283158902,-2.60038959810509,-2.51125378935043,3724.6259396744,1.00056281417413
"log_lik_catch[125]",-2.52912173666109,0.00713832194046886,0.347761141151265,-3.26012715283674,-2.76307233763644,-2.50109946590687,-2.2779605910195,-1.92788071905889,2373.39401480006,1.00104141904346
"log_lik_catch[126]",-3.71794503743383,0.0105229131616523,0.587891724845719,-5.22157371683758,-4.00109501359124,-3.57541744133106,-3.27656194105362,-3.02575862538585,3121.20807093568,1.00030056651843
"log_lik_catch[127]",-1.43975072163006,0.00384138174178315,0.164768116891811,-1.83117621410954,-1.5352858659042,-1.40550799634298,-1.31157512737804,-1.22370924661285,1839.80341580696,1.00126052886076
"log_lik_catch[128]",-2.85161187672048,0.00442175039884629,0.268570574328885,-3.58526026483648,-2.9412079870339,-2.76892682198897,-2.67736407015718,-2.55435978061874,3689.16779238243,0.999855414455526
"log_lik_catch[129]",-2.25927511993381,0.00632084964454884,0.293977012167804,-2.88868246280058,-2.45059314169683,-2.22608425594159,-2.03878302166014,-1.78320105286761,2163.09614683038,1.0011356557079
"log_lik_catch[130]",-2.02073901062708,0.00682966028887694,0.409320750438094,-2.87444747670412,-2.29282196911727,-2.01011608240979,-1.73862487216473,-1.26119082577473,3591.94203006352,1.00091962587612
"log_lik_catch[131]",-2.50476074062293,0.00649945638294108,0.34957720394162,-3.24434555637963,-2.74204463594732,-2.47528189739414,-2.25335073914341,-1.89518474862768,2892.89147426628,1.00095482891247
"lp__",-1658.86835241848,0.347681190297568,13.2927722120739,-1687.34305946093,-1667.48002504587,-1658.3062125451,-1649.47702880548,-1635.09000406576,1461.73529550214,1.00072654792437
