"parameter","mean","se_mean","sd","2.5%","25%","50%","75%","97.5%","n_eff","Rhat"
"B1",1.03734811983602,0.000697422865994301,0.0691364821501334,0.904323486374916,0.990080213432448,1.03635441971053,1.08272201591871,1.17858858410591,9827.02794235259,0.999796138781909
"B2",0.0649795442530865,0.00178275675600318,0.174340162094937,-0.259206490119324,-0.0565110984060238,0.0612909910410325,0.179470244576365,0.41722743470308,9563.3645026012,0.999803471568101
"B1_C",-0.42758662445288,0.000678123374099319,0.0673551938849709,-0.560566748840836,-0.473174403849248,-0.427217830984743,-0.381739442364258,-0.29841264056365,9865.62838833869,0.999718555898551
"L_raw[1]",-0.00744570593181845,0.00957490234548194,0.99584026961955,-1.96505707281623,-0.669951611181063,-0.0108893203249599,0.664732869818636,1.96182042012812,10817.09544814,0.999831599804352
"L_raw[2]",-0.00286710126118662,0.00924085906831552,1.00583365605893,-1.983181217054,-0.687379924361225,0.00710675875530532,0.691257214177678,1.96122727951567,11847.5249779516,0.999849361536754
"L_raw[3]",0.00370470277869358,0.00934484883837381,0.993974470970816,-1.90845593479079,-0.667085692915435,0.0012728336072041,0.675468144658544,1.97246263074607,11313.732317083,0.99986758782984
"L_raw[4]",0.00372912570045059,0.00929509407345717,0.983157548155318,-1.91323775898268,-0.662907399028658,0.00895674724417925,0.677459255089545,1.91825596922025,11187.6444722149,0.999828029350586
"L_raw[5]",-0.00625375691096022,0.00947951380371925,1.01163197040536,-2.0002937873129,-0.683321401475035,0.00633498458094058,0.676300051664316,1.969552446463,11388.6688476879,1.0001982273206
"L_raw[6]",-0.173397773446945,0.0093581985153359,0.973941292532188,-2.06604702153983,-0.827158989621604,-0.18096140158273,0.473793374925674,1.73638165967813,10831.3116263304,0.999932358335799
"L_raw[7]",0.00659312140003599,0.00969564872623886,1.00821896729431,-1.93886139184017,-0.687019141048423,0.00873598277358881,0.680053127167831,1.96747809224129,10813.2434700892,0.999692636008363
"L_raw[8]",0.0023056494842467,0.00927524604781899,0.976281549596525,-1.90423123283508,-0.644515192883733,-0.00480871714344587,0.658288057026134,1.91591476668813,11078.967423164,0.999778697929401
"L_raw[9]",0.00982318728397164,0.00912328448273238,1.0114468400227,-1.92629792100495,-0.688778440530049,0.00867662239921814,0.688862184069145,1.99217476714322,12290.9001146332,0.999726962774852
"L_raw[10]",-0.00252280060711723,0.010170201326434,1.0057614926047,-1.9382402440806,-0.686949073929691,0.00981061431203079,0.653713320330467,1.95524266509486,9779.82103108288,0.999912123256427
"L_raw[11]",0.00445470943637528,0.00917381906223929,1.01302022066779,-2.00037066685646,-0.676115267397857,0.00440333571648589,0.688676047563823,2.00154281291123,12193.7107347813,0.99981876017121
"L_raw[12]",-0.00372282846972412,0.00984041648060058,1.003997735423,-1.95791392009865,-0.688232921365945,0.00358756059281502,0.681721603873437,1.96838968874093,10409.7070345989,0.999733568973979
"L_raw[13]",-0.00478746013700576,0.00991384799415802,1.02464943044331,-2.00190971599954,-0.71624844910795,-0.00917444129926085,0.687133611520644,2.00392372838885,10682.3325679568,0.999830843080222
"L_raw[14]",-0.00289714711673112,0.00908227963543174,0.987804879840423,-1.94205874039988,-0.668240322507243,-0.00670920365593263,0.669047131793334,1.94110711543584,11829.1243153451,0.999790362284958
"L_raw[15]",-0.0180756424438674,0.00970146093368653,1.00505944542298,-1.98449512348379,-0.707307198887875,-0.0199413719474425,0.662044932637166,1.94624916557194,10732.7056899119,0.99976323119966
"L_raw[16]",0.0062338051571518,0.00944365978541771,1.00260959473731,-1.93229451711678,-0.683725963029754,-0.00179071213712061,0.685693898166675,1.99201621658875,11271.5345592289,0.999823374194476
"L_raw[17]",-0.00604232077006353,0.00979571970986439,0.999688652425911,-1.98704896389046,-0.680697683321055,0.00320837118275853,0.670676160177343,1.92245342486537,10414.9412619429,1.00006251536965
"L_raw[18]",-0.00640995609437723,0.0100481168620738,1.0016988161351,-1.99702543148937,-0.670264015037562,0.00618483158382179,0.678465524105362,1.9268499167383,9938.13670092051,0.99976002280578
"L_raw[19]",0.00423013058409165,0.0091207069127805,1.01102488444035,-1.96883070332245,-0.676102561504432,0.0076491172917881,0.678112235398992,1.9749203408793,12287.5893729898,0.999779668373264
"L_raw[20]",0.000324826214765602,0.0101730575677045,1.01082197365044,-1.96342790500117,-0.68511528918107,0.00193076447891709,0.69423033621623,1.95035125857388,9872.93651039861,0.999944718165369
"L_raw[21]",0.00492664859901258,0.0103324622112016,1.00802422626772,-1.98904642871308,-0.669737331628006,0.0176250006087347,0.680938847024186,1.97123806617063,9517.74989644126,0.999843285612973
"L_raw[22]",-0.00773892612506951,0.0097322310819323,1.00477249751044,-1.96321973397175,-0.681536614705094,-0.00360950382786945,0.657655975048304,2.00016997354579,10658.8574410932,0.999905938654259
"L_raw[23]",-0.00288862678121394,0.00878208608718163,1.00724320484353,-1.98920721100851,-0.656988412914501,0.00107519993036141,0.647709330495988,2.01405385590137,13154.4687141821,0.999968388113976
"L_raw[24]",-0.00661177706937553,0.00927595753619488,0.989582433180403,-1.96722734009792,-0.670092393661679,-0.00672587249280009,0.660801271438721,1.93927773073359,11381.1579529127,0.999761806279124
"L_raw[25]",-0.00849009868621606,0.00955294242340989,0.994059375189254,-1.98331856288633,-0.670410117750116,-0.00521866882097891,0.654808690074277,1.94338745656149,10828.0519506074,0.999753856904724
"L_raw[26]",-0.0106235227449548,0.00975491819483036,1.01636186985901,-2.00893999394067,-0.691932913321832,-0.0189690562006991,0.673055525179395,1.99910487128466,10855.4908008769,0.999958305799306
"L_raw[27]",-0.00278886503790337,0.009586210487653,0.992855282240271,-1.94421324281156,-0.673914259747479,-0.00165457928449219,0.669113153204191,1.94883269230357,10726.9925744529,0.99980250099952
"L_raw[28]",-0.0118889926072184,0.00966407447980902,1.00913121535985,-2.04363538107102,-0.686174465164296,-0.0172489935708335,0.667146978841902,1.9464051058131,10903.7213424397,0.999755370910748
"L_raw[29]",0.000865797674581565,0.00958876780899027,1.00359784442352,-1.94792464752073,-0.6882600117402,0.00431626022965725,0.681267930221296,1.99577535510312,10954.5321671102,1.00007104011221
"L_raw[30]",0.00109547027583085,0.00961582946305311,0.995063769086935,-1.95928961221861,-0.673870107681193,-0.00340112607930076,0.685352368746115,1.92628865670472,10708.492137953,0.999725735995216
"L_raw[31]",-0.00521873502712134,0.0100437846122036,0.986764919128528,-1.91350970357317,-0.675219122554852,-0.00130295663452427,0.664600718462159,1.91613155331127,9652.34021730518,0.999722182965165
"L_raw[32]",-0.000498498690871855,0.00949918137564472,0.997690629236593,-1.98997314578426,-0.66758890528686,0.00472227579071925,0.670377980693449,1.96417505035767,11031.1153543297,0.999772141431499
"L_raw[33]",-0.00314004561801173,0.00948085748664741,1.00296183599341,-1.93253731101682,-0.686615883670678,-0.000407295895606731,0.662258010244664,1.99130540319361,11191.120675836,1.00000268844051
"L_raw[34]",0.00377311022239096,0.00969689962001889,0.998792817031955,-1.99051320045896,-0.672242207504247,0.0261350148230279,0.690082346935711,1.92713151302621,10609.2582460744,0.999854146638137
"L_raw[35]",-0.00632790085439595,0.00979828871103182,0.990910212006413,-1.92642152081025,-0.674454223541157,-0.00324456452961141,0.650473142259678,1.97910825072262,10227.4683519482,0.999736377562236
"L_raw[36]",6.12605620357254e-05,0.00925769316857052,1.01414749791645,-1.99505044720938,-0.672577388613228,0.00589489412118286,0.687804357727735,1.97158908009881,12000.4265088316,0.99962656224036
"L_raw[37]",0.00105075519440028,0.0100564081484931,1.0048162339065,-1.97139253232287,-0.664932849769311,-0.00773184424525781,0.67593763683361,2.01033512011784,9983.60760878616,1.00023539852514
"L_raw[38]",0.00885838574995617,0.00973555856996607,1.01790866058791,-1.98402191333827,-0.65476624180653,0.00179556957519451,0.71286497922388,2.0123494885481,10931.9055590598,0.999614409146896
"L_raw[39]",-0.0105540289755032,0.00977444537213496,0.990077648439982,-1.93401063457984,-0.678616286120988,-0.00263211272688293,0.63902310734793,1.94995623319782,10260.1631069803,0.999592165412647
"L_raw[40]",-0.00240765399622602,0.0098249861784352,0.999067520776189,-1.9572882779643,-0.676921821763562,-0.00226236573269226,0.664209512926287,1.95608640942306,10340.1249021353,0.99997908822866
"L_raw[41]",-0.000388650295756014,0.00987692424863886,0.987018702196086,-1.93319312512076,-0.648219417597462,0.00435609415522617,0.648969455633631,1.95883303824291,9986.3622951497,0.999871947886357
"L_raw[42]",-0.00308410467013832,0.00978735267696046,0.994701836686439,-1.97086573005972,-0.665992857215304,-0.0133272409154987,0.67331037595894,1.94481665178572,10328.9307047245,0.999681307131502
"L_raw[43]",0.00677252325029971,0.00951318445615727,1.00125329490458,-1.94919908491328,-0.667818707985524,0.00441188791049989,0.69948705035266,1.96957574160439,11077.3551890214,0.999760714686291
"L_raw[44]",-0.00343283843581684,0.0102220586287696,1.00111571622564,-1.96018833665404,-0.666958335719187,-0.0154965604284722,0.665559006879268,1.98745365752898,9591.61688452206,1.00003196209657
"L_raw[45]",0.000400821238473245,0.0092563095338073,1.02233853610119,-2.0124160651696,-0.683841060514892,0.000472347731490583,0.671079215570469,1.99938116761822,12198.7048784103,0.999993981354754
"L_raw[46]",0.00591900354111238,0.00939864841912352,0.998223059410938,-1.9519958293127,-0.668778672045222,0.00481023597684933,0.676567263508652,1.9927684333103,11280.3970967648,0.999786712240162
"L_raw[47]",0.00247642590929857,0.00938889173352669,1.00447592394297,-1.97224175260743,-0.668694105622891,0.0104968163888474,0.679935780134064,1.98230410302596,11445.911964049,0.999757614493637
"L_raw[48]",0.000207509350986639,0.0098136181522009,1.01134457052694,-1.97273408405301,-0.676283918197361,-0.00619686165236691,0.692821515085459,1.9835912646341,10620.3782192042,1.0002059484376
"L_raw[49]",-0.0037520687453673,0.00937746919629549,1.01020940122959,-1.96336489668591,-0.693316650651967,-0.0162955934161893,0.684110682891539,1.96948856131027,11605.1703353938,0.999750558455122
"L_raw[50]",-0.0145572525463074,0.00958436824469244,0.986703424793447,-1.93294617729575,-0.692454453348068,-0.010633497982934,0.646776541195071,1.96634163115466,10598.5459762379,1.00040104566386
"L_raw[51]",-0.00238396590009296,0.00935278711769714,0.98863673713468,-1.94981939183863,-0.673997494694517,-0.00808114600310408,0.663028939324073,1.95997863853576,11173.5554982872,0.999947337304206
"L_raw[52]",-0.0103848175609604,0.00927918196031041,1.00746291806376,-1.98281097616719,-0.672916724481306,-0.0140468781686022,0.649074567359047,2.00318418838391,11787.9628263334,0.999920746598566
"L_raw[53]",-0.488830146623156,0.0105233312915417,1.00541149688085,-2.42966388657714,-1.19424832921308,-0.494243460743086,0.200578875543774,1.51672620063019,9128.11721662626,1.00009443021175
"L_raw[54]",0.00308568071095039,0.00966764690340738,1.00434601157694,-1.9832797469919,-0.675578395177309,0.0153734213888984,0.676327484114609,1.9814391057362,10792.5770637152,1.00013918522108
"L_raw[55]",0.00559350839730706,0.0097439568582744,1.00119230226161,-1.97976690794974,-0.666337171276553,0.00808071213705502,0.680492665190149,1.93805648489206,10557.5780027108,0.99974095604262
"L_raw[56]",-0.00347205619249294,0.0101253462103542,1.0192675652906,-1.99315083951282,-0.696554980536756,-0.00247968250725152,0.651977362860188,2.01540660260822,10133.4340532774,1.00080652750161
"L_raw[57]",0.00482379873166281,0.00921768034186973,1.01152644113926,-1.96750710651535,-0.681440029501729,-3.29166430469603e-05,0.705976048912736,1.98167669891848,12042.3485410239,0.999695611053075
"L_raw[58]",-0.0173088302637736,0.00998266775492702,0.993716012412667,-1.96764918796471,-0.686431686016225,0.000347959757427315,0.655631071259211,1.93224617633313,9909.03452882584,0.999635547419858
"L_raw[59]",0.00537259531190416,0.00884900351032737,0.98888603855125,-1.93839896821248,-0.638214420129652,-0.00123062763987302,0.665486198687863,1.98118809527439,12488.3124522002,0.999582425625059
"L_raw[60]",0.0141786670739239,0.00989164944034164,1.00345697826566,-1.96032462805179,-0.648909524609324,0.00947559778251286,0.69589229418658,1.93839713997227,10291.0593254914,0.999730875027872
"L_raw[61]",0.00105718887316026,0.00928380102946787,1.00880513043679,-1.97920847758158,-0.666550177356876,-0.00797721103016744,0.6788537019843,1.98202343678214,11807.6349086669,0.999724200456119
"L_raw[62]",0.00521123866370621,0.00948003801440253,1.01399646247026,-1.964493785733,-0.673241559617136,-0.00253735287780802,0.670113193188013,2.01827528365874,11440.7032789844,0.999618321479874
"L_raw[63]",0.00523399774632022,0.00931448321587833,1.01080473282832,-1.95603083878725,-0.66519145329667,-0.0031018520182268,0.69695388086689,1.95865618889041,11776.5208279028,0.999929429875397
"L_raw[64]",0.0166343045155465,0.00970887507231058,0.977671132979166,-1.88967516443209,-0.643946299661679,0.00862885989185339,0.676013473451711,1.9773010652115,10140.2289022221,0.999961734386451
"L_raw[65]",0.000534225778965557,0.0100667109854182,1.01023558907395,-1.96861806429967,-0.695579426669659,0.0205605267249569,0.695891837198668,1.93983271139586,10070.942758452,1.00013982716689
"L_raw[66]",0.000124096291428198,0.00940074291033045,0.989518421444504,-1.96064319074818,-0.664218756045618,0.0109017575857619,0.66130447765763,1.93697411353929,11079.5830114703,0.999845422163604
"L_raw[67]",-0.0178330479878591,0.00960221175695172,0.988399308844198,-1.94801949480885,-0.684534548212664,-0.0281450940981301,0.654399123394778,1.897842414925,10595.520782663,1.0000029597995
"L_raw[68]",-0.00389370329795219,0.00914145879548597,1.0172392672518,-1.9867757180037,-0.696504563862916,-0.0107273854866244,0.678950523089597,1.99027023493719,12382.6962761586,0.999808776396958
"L_raw[69]",-0.00731822410027891,0.00960437269658016,1.02256256891958,-2.01760169753403,-0.696269249224866,-0.0150691154215038,0.673077568299259,2.02000573995542,11335.5285106453,0.999604983484957
"L_raw[70]",0.0107413158698407,0.00984282443203768,0.994795052707497,-1.93195054307176,-0.663323041721,0.0105365979228838,0.684413456768849,1.93115920456366,10214.7503379227,0.999819545420454
"L_raw[71]",-0.00779271205424191,0.00904904353834254,0.988258592083224,-1.91339744102162,-0.693146137474556,0.00409722186081162,0.65107341047202,1.93237762148604,11927.1269596445,0.999772304560809
"L_raw[72]",0.00931751304228969,0.00961062801245762,1.01317454922518,-2.00235546004931,-0.664055565724575,0.0170863091297693,0.700450752004013,1.94614232267387,11113.86220842,0.999671059568041
"L_raw[73]",-0.00313539796804587,0.0093406809785358,1.00293077790545,-1.95270413322761,-0.682425495744661,-0.00251068451982369,0.681477916800954,1.90680861661718,11528.8194901072,0.999933420998925
"L_raw[74]",0.00529005533807422,0.00974618517623899,0.986693048193739,-1.91533262618851,-0.651802758538303,0.00364009127938131,0.673254731695812,1.91153547828566,10249.3144941686,0.999876876949399
"L_raw[75]",-0.00634209421629832,0.0097135685065784,1.00427472002097,-1.9788605240952,-0.68468159380761,-0.0146466225823042,0.670351746026196,1.97282833483978,10689.2552139296,1.00027347704051
"L_raw[76]",-0.00347640411763675,0.00951712547446842,0.987268945827181,-1.91378698438968,-0.676405400552401,-0.00784683439185895,0.659348411708981,1.92661603419082,10761.1667997917,1.00016671369041
"L_raw[77]",0.0236656762325503,0.0100552162482324,0.998083516477706,-1.94154903987658,-0.661105218856952,0.0413056387662959,0.700976418577374,1.97600911183529,9852.60192641989,1.00005572596741
"L_raw[78]",0.000142005232766715,0.00989648090337618,1.00648603665811,-1.99009870970594,-0.678318504029909,0.00536691934894432,0.67476582391866,1.95262161974533,10343.1762769555,0.999859897491859
"L_raw[79]",-0.00496737784049385,0.00937926306456768,1.00233766350182,-2.00695704072716,-0.688527083171011,0.00565269184532553,0.679385168092285,1.94205885730349,11420.6458742533,0.999767239953829
"L_raw[80]",-0.0157405615519183,0.00986465527841205,0.998982045174687,-1.93575614904457,-0.697690253175169,-0.0226890382491813,0.674088835040779,1.96759112701936,10255.3748368041,0.999941376029913
"L_raw[81]",-0.00389687091213022,0.00944334321593565,1.01413869188883,-1.98997824352046,-0.689540002141274,-0.00921919260297646,0.691994643990345,1.95690985635712,11533.0229508231,0.999621000520155
"L_raw[82]",0.0263023992981372,0.00996180906673222,1.00526488360081,-1.91986926693023,-0.649455051817353,0.0281166389957733,0.705087618852359,1.99184911277008,10183.2075752939,0.999665908264965
"L_raw[83]",0.0325772579281484,0.00960034521937848,1.01239070193058,-1.93022443145345,-0.638346150521189,0.0300471487044998,0.719382114722284,1.99136757642224,11120.4559818758,1.00019074234308
"L_raw[84]",-0.00459594081152775,0.00945741785577295,1.00969495437324,-1.97334432612512,-0.695073062774529,0.00909531164414586,0.691747861849574,1.94195071011629,11398.1722655693,0.999687990020779
"L_raw[85]",0.0107698090456303,0.00945138396918707,0.990212107278568,-1.91977397969745,-0.661709795303265,0.010559022474415,0.697677265508751,1.929107446311,10976.5446958789,0.999818208749731
"L_raw[86]",0.0112202982935006,0.00982391296598044,0.996926212363746,-1.93889410332326,-0.653762762858778,0.0142767271638907,0.661547489772053,1.98207040035135,10298.097938879,0.999746026580993
"L_raw[87]",-0.00373360677838716,0.00956269773638016,0.983257808384672,-1.94193672542478,-0.669196243613836,-0.00838077214040478,0.670074163031945,1.95269310192201,10572.4088814518,1.0000537720602
"L_raw[88]",-0.000267899042700475,0.00951200307820221,0.998531773927143,-1.98869522519653,-0.664710607511476,0.00663039577414839,0.669279999537146,1.95674895475381,11019.9548104847,0.999824984600063
"L_raw[89]",0.00138674400296238,0.0100348856069,0.997204089474845,-1.94924300408706,-0.668721312920137,-0.00862470086010491,0.654257821461543,1.97750812047935,9875.13973110472,1.00019764350209
"L_raw[90]",0.205199038465133,0.00981240436267765,0.995469542317707,-1.73108983038301,-0.462096047608233,0.202991776606752,0.869111372763295,2.19681854973334,10292.1256535647,0.999869953919617
"L_raw[91]",0.00558569346235648,0.00964887496653472,0.993103802618938,-1.92566965380323,-0.67049668508389,0.0131996537622321,0.694608549887042,1.91758838365872,10593.4136831032,0.999769953045689
"L_raw[92]",-0.0214322386071694,0.00952765481566245,0.994685348777928,-1.97384540032017,-0.683370549642124,-0.0355228859341403,0.638541843567303,1.93710707241539,10899.3202464502,0.999611870597673
"L_raw[93]",0.0186416042789702,0.00924389081861559,0.998387845653717,-1.96371639253261,-0.659985981306086,0.0275724536308843,0.686120844820796,1.98386565900477,11665.1131557299,0.999781360082685
"L_raw[94]",0.000297372390485717,0.00968303564426539,0.998274636602486,-1.92289463102107,-0.683806990220892,0.00241582376270539,0.676885086303837,1.97742035821684,10628.6232495175,1.0000304852563
"L_raw[95]",0.00800908607533958,0.00945004517482442,0.989139906500185,-1.96607949429007,-0.655706866188386,0.0090484305374732,0.670684654202587,1.95665247606903,10955.8903773558,0.99975849382865
"L_raw[96]",0.00112925903646673,0.0103686309800853,1.00285549613798,-1.97405023742867,-0.671054603422495,0.00697824977337677,0.69621086757629,1.94814441521327,9354.78652890582,1.00019220008341
"L_raw[97]",0.00172556711333016,0.00937477025409059,0.996367281294034,-1.94737786343496,-0.670238321999099,0.00776242383280738,0.684799280109429,1.94750677738842,11295.8170229468,0.999790416189221
"L_raw[98]",-0.0212912549395262,0.00921092976145981,0.993577740028547,-1.98174391234537,-0.686074557570199,-0.0145724086663226,0.652802855451695,1.91947259018799,11635.8138556786,0.999807853736043
"L_raw[99]",0.00230170339614575,0.00922664226007168,1.00066810682883,-1.97145246086741,-0.665318039104007,-0.00267106202494077,0.671479345210446,1.97109499101833,11762.3135405805,0.999910120770594
"L_raw[100]",-0.00186639725245235,0.00939814467135733,0.997551892600186,-1.96582453297702,-0.681477634429029,-0.00481724828983914,0.663514833182163,1.98910615832489,11266.440868229,0.999817990098431
"L_raw[101]",0.0101536977744673,0.00951931137983649,0.984021608191826,-1.91222390147228,-0.658821847109963,0.0102709348425937,0.669710079087746,1.931344931973,10685.5825694067,0.999864438264545
"L_raw[102]",-0.000742136180947115,0.0100053043787266,1.00347862922659,-1.94547343360813,-0.695768393539977,-0.000404030056144889,0.669402494269088,1.97403481855428,10059.0193931994,1.0001103632813
"L_raw[103]",-0.00975809964279671,0.00977760628757837,1.01936147469431,-2.04185330353572,-0.685239888294798,-0.00221671869205823,0.675870743641915,1.99627542308591,10869.0438468129,0.999811391893806
"L_raw[104]",0.00496277060025625,0.00924128540217663,1.00268779437856,-1.98767065274387,-0.656001253508694,0.0127579395594763,0.680719478890026,1.96797768317098,11772.4455611179,1.00016355450253
"L_raw[105]",0.016076555847882,0.00997882559933249,1.02144434885971,-1.99549317042038,-0.668285337801215,0.0290587003530266,0.6980641091801,2.00962510530585,10477.8108734705,1.00003909272977
"L_raw[106]",-0.00372342178610471,0.00906820488464523,0.987504837882603,-1.92406038787783,-0.667190078779969,-0.000209568112300374,0.662536703055223,1.96782971973574,11858.665421155,0.9997334319722
"L_raw[107]",0.0178660602022282,0.00942155080744173,1.01653416770278,-1.99344499176327,-0.669472618036995,0.02612291763448,0.704536991302076,2.0040228040966,11641.2381118206,0.999901925862455
"L_raw[108]",0.0165837197985647,0.00924513280200553,1.00386027440017,-1.94762803647103,-0.648690242802111,0.00497205351276756,0.688390484657826,1.99242544057273,11790.1743848859,1.00004031057306
"L_raw[109]",-0.0026936096028523,0.00964726623231753,0.993320094593881,-1.95921835386708,-0.688283872279702,0.00306012648350366,0.660803336474821,1.94854186072385,10601.5634006126,0.99972232810681
"L_raw[110]",0.00486430678185822,0.00970510135921279,1.01205135817709,-1.96088478770612,-0.678331133643324,0.0118230788756948,0.693494698419383,1.94627949983828,10874.391216745,0.999701563490385
"L_raw[111]",0.00348405411975941,0.00957141605397543,0.989502545268795,-1.90957222971877,-0.654207923743503,0.00343657236315571,0.673597395732134,1.91964383112229,10687.6307763275,0.999687084831911
"L_raw[112]",-0.00644953614401135,0.0099283128007662,1.02201054975833,-2.0346854179396,-0.695511783122986,-0.00509778951781735,0.678839366569177,2.00958895488502,10596.4368575394,0.999844297808255
"L_raw[113]",0.0164562342547391,0.00909693057468704,0.989513372150663,-1.92723620802307,-0.654620818710836,0.00856931367850155,0.693023634787297,1.9600793890166,11831.8750468019,0.999937462897699
"L_raw[114]",0.000845503516543939,0.0105250595960042,1.00536778274279,-1.99150693776559,-0.66621829262144,-0.00191229352271083,0.675193419055687,1.96294262661312,9124.3261513092,0.999865234174346
"L_raw[115]",-0.00941729531106127,0.00920963884179099,0.991499296597558,-1.95884960263417,-0.687937410109476,-0.0124255116406835,0.666949150705244,1.93791244859863,11590.4319572711,1.00017534166372
"L_raw[116]",0.00515182069587542,0.0107656151841381,1.02360103174015,-1.96733277548766,-0.68234005058665,0.00313125711596664,0.679953316461422,2.03380697538898,9040.31838842369,1.00013447958913
"L_raw[117]",0.00120433586865071,0.00965174547107997,1.021600766269,-1.99069583176904,-0.700058585061294,0.00647778904921739,0.687457915713294,2.00202366239182,11203.4221074079,0.999690383091161
"L_raw[118]",-0.00452875689336372,0.00987923835020422,0.998271480274292,-2.00097387818538,-0.680267573301592,-0.00346607903968662,0.676119572875672,1.93892802920305,10210.5797266838,0.999623945394849
"L_raw[119]",0.0103106426862235,0.0102999329655688,1.00649056420716,-1.97721427236946,-0.650273751584516,0.0148876885972556,0.685603825697153,1.96883746330165,9548.84005916694,0.999733437508633
"L_raw[120]",-0.0167686723092554,0.00946672117129018,1.00434209892133,-1.98097285626351,-0.702996365790535,-0.0267437478617895,0.668591191715405,1.97118268691331,11255.4836942036,0.999773463459162
"L_raw[121]",0.00258387270217328,0.00980750394336428,1.00187691529256,-1.98337679906142,-0.668050592848603,0.0129697246435063,0.674560799744173,1.93618185869223,10435.463828038,0.999687948411975
"L_raw[122]",0.00489227715554739,0.00925665602592443,1.02638921041952,-2.03422640889144,-0.673601222410592,0.000440030416591267,0.683598930184956,2.01377140859788,12294.6424845751,0.999720342122388
"L_raw[123]",0.00924066914625144,0.00924592752355171,1.00075388014863,-1.99320877013102,-0.661629799902768,0.0325759133471553,0.665718699275545,1.94788522797265,11715.3048934267,1.0003433282757
"L_raw[124]",0.00169269432952898,0.0100097214121631,1.00532479895859,-1.95634133043343,-0.67700328245811,-0.00960111524713222,0.673832458593506,1.9618760765681,10087.1576975502,0.999784659954351
"L_raw[125]",0.00363223899426607,0.00971439528704066,0.997905284181557,-1.94475487459388,-0.663183951594002,-0.0122342424773464,0.665690433585979,1.97791752777158,10552.2993301678,0.999673625389346
"L_raw[126]",-0.00803880090100969,0.00924593567714167,1.00502135144452,-1.97026639658233,-0.672962690122609,-0.00386391772460572,0.666090695105661,1.97455031154055,11815.4112155764,0.999991889759524
"L_raw[127]",0.0114552915584489,0.00961289031724612,0.995200242088365,-1.94037151878613,-0.674958368850695,0.0201554016526166,0.679578135517121,1.93587068910157,10717.9807297165,0.999795150964793
"L_raw[128]",0.0055947325160488,0.009139409132661,0.991239005964896,-1.97796712317291,-0.670464367151808,0.016315651844703,0.674292014421545,1.95135642761365,11763.0658557172,0.999804050923896
"L_raw[129]",0.0168156593381304,0.00944276328642249,1.00229531475453,-1.94367770518864,-0.669762728857077,0.0158677155369794,0.697350474890183,1.97775318861809,11266.608278038,1.0001428936363
"L_raw[130]",-0.0147720679863814,0.00925779959931665,0.98777897039249,-1.98788452240739,-0.677102000286112,-0.0110737418927204,0.658402652774899,1.88379911334766,11384.2388957585,0.999996791394587
"L_raw[131]",0.0100951923371426,0.00978433901473902,1.00310611770015,-1.97612811382842,-0.676100086739944,0.00732058943175732,0.695559530338909,1.94964663933888,10510.679031681,0.999628393026548
"L_raw[132]",-0.0101311251737568,0.00931590648330257,0.996898672590791,-1.99830566288718,-0.661144571342816,-0.0160172340704989,0.661775497443999,1.9682584008437,11451.2209629434,1.00019745973012
"L_raw[133]",-0.0122850303383867,0.00942112747257959,0.989031190747643,-1.95994776843519,-0.670023174352259,-0.0185013576742324,0.646621533230523,1.90563364491355,11020.8277823939,0.999787979913333
"L_raw[134]",0.000293802113498126,0.00936170792928322,1.01074893909402,-1.99043889547514,-0.667312209469264,0.00189778046771413,0.686792337312656,1.93402042729906,11656.7212965135,1.00004775324544
"L_raw[135]",0.0009890951880795,0.00928705882470861,0.997620478720233,-1.90959546660112,-0.684852353467055,-0.00322134400562665,0.679866135331644,1.9469416706431,11539.1632706154,0.999672739006916
"L_raw[136]",-0.0020085434012924,0.00948048109604926,1.01035312692964,-1.96009423899591,-0.691537387065726,0.00209429801726447,0.695532147218355,1.95861454238188,11357.5753465346,0.999829369528069
"L_raw[137]",0.0100138938450482,0.00937653169754395,0.996725864199816,-1.93406029016059,-0.652643987371855,-0.00230842096096097,0.677834586713582,1.95339242275794,11299.702351483,0.999785755677226
"L_raw[138]",-0.00860887354617164,0.00975582371201003,1.0181074995841,-2.03044399592178,-0.679961638567586,-0.00272693590098601,0.661025226891027,1.98705644124931,10890.7900303469,0.999924080183709
"L_raw[139]",0.00391642532360605,0.00905264119433005,0.990280628461844,-1.93732238732869,-0.660304303148296,0.0191179304476563,0.674980763821172,1.93693810256915,11966.4671442289,0.999752872471644
"L_raw[140]",-0.0081996119519329,0.00970559309289499,1.03562678958799,-2.01446175415498,-0.732576765832595,0.00194135190898822,0.698795226497529,2.0062005132248,11385.7696544595,0.999916439887268
"L_raw[141]",0.000103836290153572,0.00975639907828848,1.01204449533948,-1.95136133261706,-0.695438046928186,0.00743693197293113,0.666984738332968,1.99265318161131,10760.1939894644,1.00014076036345
"L_raw[142]",0.00277808794607389,0.00960372953041945,0.990459978736458,-1.95107614958074,-0.662325921757387,-0.00258434391865115,0.672884973495809,1.94497899545112,10636.3843546881,0.999875124663754
"L_raw[143]",0.00829757312552725,0.00949410578671149,0.996309847622064,-1.95395649252487,-0.667149084991421,0.0125875223550458,0.686422684545507,1.95270735420104,11012.3679284434,0.999964690543482
"L_raw[144]",-0.0158954602984056,0.00929094355697609,0.989992842617713,-1.98659243287512,-0.678946826734498,-0.02247586679712,0.642131683195897,1.95912009724686,11353.8843473547,0.999641595170486
"L_raw[145]",-0.00739608299622248,0.00975697908389096,1.00734163663311,-2.00979197718349,-0.692875197502004,0.00599587837704925,0.675457323371866,1.95373358575553,10659.1560961776,0.999766612475237
"L_raw[146]",0.0040582668626571,0.00978572796743648,0.988093351249336,-1.94442108506318,-0.658239522014726,-0.00603977030103724,0.679332207709541,1.93724995877068,10195.5269423199,0.999658902635126
"L_raw[147]",0.00197655259729867,0.00899392606719846,0.9995412996153,-1.99428395785254,-0.674901700853135,0.0176263307542566,0.663707432899405,1.99506345705847,12351.0209983082,0.999843001248881
"L_raw[148]",-0.00488003339045864,0.00934298886987412,0.988944219833116,-1.93945173380607,-0.655022918812232,-0.00808501583627398,0.65599442932862,1.9400479894841,11203.9698106051,0.99976340132958
"L_raw[149]",0.0157183859892296,0.0100431117216921,0.992318268750206,-1.9395257173504,-0.662560825275333,0.0164708171985669,0.682260275665143,1.97024698796056,9762.59753770278,0.999779895079578
"L_raw[150]",0.00524748303344079,0.0100399990058108,1.00967062864794,-1.95275005263509,-0.682652606598133,-0.00508580837668261,0.685904961745932,1.96936840550946,10113.2817360932,0.999874409358711
"L_raw[151]",-0.00914111324773484,0.00942742050954109,0.985189371371814,-1.94974650819425,-0.682911104777664,-0.0151049774929947,0.669390187290071,1.9133575735943,10920.7804779611,0.999629728026601
"L_raw[152]",-0.00302256705049796,0.00969147315552272,0.986672838233584,-1.94200751353995,-0.674040914346232,-0.00336262605347812,0.654962495120212,1.97194778587261,10364.9390204118,0.999906221511738
"L_raw[153]",0.00520658547786468,0.00972680598336073,1.0062781230614,-1.94837446909137,-0.671782637252357,0.0112818749375748,0.698644069509716,1.92152756281852,10702.7542992018,0.999740337007162
"L_raw[154]",-0.00477193167384678,0.00960765814032544,1.0030114200917,-1.96557685977214,-0.691655440193453,0.00128249224904659,0.690617696365482,1.94759067667574,10898.7495432876,0.999713604316472
"L_raw[155]",-0.0129539136884149,0.00979364973929008,1.00369907985618,-1.96496073657461,-0.693616567541195,-0.0168788440552848,0.672262382633932,1.98174234784613,10503.1100594097,0.9999370783595
"L_raw[156]",0.00179170697427398,0.00924704846160228,0.998401272130274,-1.98566003162397,-0.666715163472383,0.00179529508908389,0.685887031524612,1.93669096445111,11657.4613453897,0.999658934859708
"L_raw[157]",0.0220865173806438,0.00918360941853138,0.973621368796116,-1.92030608280451,-0.627074075775031,0.0148644943298221,0.66458459780391,1.97232588810176,11239.6654516652,0.999820022602231
"L_raw[158]",-0.00290510629937243,0.00928827602477783,0.988190513929874,-1.91799375126979,-0.67035326599865,-0.00225161351411241,0.660856594769618,1.93630729089772,11319.0801461157,0.999676035058019
"L_raw[159]",-0.000949243405896401,0.00899983984203885,0.986934001113645,-1.95063295581111,-0.657314964412453,-0.000558809508835249,0.660718871916525,1.93801288558048,12025.5974093661,0.999621046216189
"L_raw[160]",0.00521699368537062,0.00966732335962035,1.01122137412249,-1.96301891512483,-0.692198331484716,0.019848552893504,0.687256456658534,1.96957603295335,10941.5787515324,0.999653314485105
"L_raw[161]",0.0030790706122935,0.00871158925757268,0.970560361950406,-1.93092762319697,-0.651835597169162,0.00623202860183512,0.661774638926783,1.89554860481034,12412.2444410956,0.999652683970391
"L_raw[162]",-0.00171369380353456,0.00995994013261739,1.01296733076175,-1.99010784226695,-0.683950605693136,-0.00264631447957193,0.69062392724725,1.97337195782833,10343.7358738284,0.999806822910806
"L_raw[163]",0.00676477381941344,0.00913774073012098,1.00203617957751,-1.96032846300726,-0.673912063130009,0.00201818889688251,0.685633353390447,1.98470889123725,12025.1123343763,0.999939434721081
"L_raw[164]",0.00954291618970293,0.00976009945658392,1.0123922821081,-1.9633755542629,-0.688719003242088,0.011342238015239,0.700549352960642,1.99648105131096,10759.4275364223,0.99971902986141
"L_raw[165]",0.0121836734157189,0.00985042138389561,0.984661341146049,-1.92995497645223,-0.649232053783091,0.00858930140611116,0.674271571085868,1.94795781601029,9992.26990147037,0.999940879778433
"L_raw[166]",-0.0112290619580108,0.00984252744036484,1.01302074107308,-2.00139199214711,-0.685232517373812,-0.0121431898636309,0.659677170099669,2.00441031612459,10593.1081521522,0.999671171235768
"L_raw[167]",0.0251259130917422,0.00984378009305536,0.993804089063934,-1.92615479514234,-0.639496123177855,0.0213101470427419,0.681898167648097,2.00971059010818,10192.4303506825,1.00010375404137
"L_raw[168]",-0.00150844811796583,0.00964522993933918,1.02265445219276,-1.98566544700062,-0.68557070019501,-0.00287466676031888,0.689724090748915,2.03385640941706,11241.7171971292,0.999899030109363
"L_raw[169]",0.0115151304569133,0.00972403414616438,1.01720399518372,-1.98833694571496,-0.674492851825194,0.00743592744727742,0.700835379826845,1.99689945324832,10942.6665166538,0.999943010717218
"L_raw[170]",-0.0064282012650382,0.00980147561641177,1.00461436232715,-1.95388801988659,-0.684523254085281,-0.00230463288127654,0.688421920278172,1.97032604934733,10505.4784861737,0.999617327888821
"L_raw[171]",-0.0012552157220577,0.00967724132894106,1.01729495207323,-2.00506745477084,-0.681470997157865,-0.019809155574577,0.675666848014499,2.05612927219905,11050.7215496452,1.0000387804782
"L_raw[172]",0.00232494816981739,0.00959644857499654,0.996425498438284,-1.9641192643962,-0.681036141336441,-0.00240779192213742,0.68957633627627,1.95159813188309,10781.2367842113,0.999581511822819
"L_raw[173]",0.0084303585180198,0.00998329811210377,1.00651417882052,-1.95827158900784,-0.673238535184231,0.00445016134049112,0.677892230407744,1.99651089672208,10164.6332802224,0.999748640721883
"L_raw[174]",0.00424775676676789,0.0101626479900989,0.995627572295263,-1.93536455530116,-0.664993186141288,0.0133022334533018,0.672364670675952,1.96852258514822,9597.98494864185,0.999606222603189
"L_raw[175]",0.0128848413518195,0.0100098400439136,1.00672223466028,-1.98174397964451,-0.669335220937614,0.0142259456912483,0.680800108200054,1.98356371218036,10114.9804133255,0.999870808788954
"L_raw[176]",-0.0167671735811863,0.00965824050886984,0.985073125497152,-1.94533706011337,-0.670192883039049,-0.0151392219788476,0.63980217145521,1.91313413040949,10402.5763000319,0.999947428790654
"L_raw[177]",0.00683137612648005,0.0100208205521117,1.01459414424359,-1.94349778777764,-0.68342194322956,0.0197657895453785,0.679397510896572,2.00466133039433,10251.2808709867,1.00011663429078
"L_raw[178]",0.00150927449004488,0.00926188648360488,0.984398151849998,-1.89869705002245,-0.660425671084083,-0.00373631553681599,0.67367248796737,1.91048281659761,11296.4678757762,0.999710475653867
"L_raw[179]",0.0108202319466982,0.00980891048710473,1.00885775364934,-1.95898977931789,-0.667487971583993,0.0248949718410941,0.694305868623783,1.99096189296121,10578.3596813318,1.00012271613222
"L_raw[180]",0.000958166672432678,0.0101399376470809,0.994176994894565,-1.96498468871352,-0.674946308912584,-0.0165912054351789,0.67618921194629,1.9452185575267,9612.95368670462,0.999877753238901
"L_raw[181]",-0.00131785300360966,0.00973123062842933,0.991654120308287,-1.94220759621897,-0.673669373736268,-0.00435813093662513,0.671297407580768,1.95752045419839,10384.4837400931,0.999618481201414
"L_raw[182]",0.00572204521918317,0.0102852706336491,1.01315683917056,-1.96811180939732,-0.672111002308842,0.0167749985728937,0.681634327125103,1.9900085297073,9703.35484496237,0.999991012628681
"L_raw[183]",0.000591131712905226,0.0100412576625673,1.02056231971237,-1.98790938538048,-0.684744605844278,-0.00526480790402774,0.684681924528406,2.02437351884945,10330.0598219474,1.00035327471797
"L_raw[184]",-0.00125328744419495,0.00930791435947183,0.998478170400522,-1.9847331394605,-0.681027626945375,-0.00972409855788562,0.678132848919179,1.95446873397291,11507.2723315367,0.999716536235034
"L_raw[185]",-0.00217775170393437,0.00925791566553459,1.01969432779605,-2.01326619907172,-0.687905758574109,-0.0016713893697787,0.683476737608663,1.97546820252006,12131.4738495708,0.999671373418929
"L_raw[186]",-0.00123836374079472,0.00918073165409403,0.996798569205868,-1.93918720361888,-0.678534399766662,-0.0135655234712784,0.66950249155488,1.94964139376079,11788.5455230184,0.999737459562758
"L_raw[187]",0.0048235102783372,0.00975724827128848,1.00828292802539,-1.96817996524982,-0.669145001105654,0.00487720961449802,0.673862384112077,1.99272865192548,10678.4966672564,0.999671037534134
"L_raw[188]",-0.0133413962578163,0.00978527581474638,0.987607951075499,-1.96991508257421,-0.675035018531124,-0.0129942505684505,0.661702854410935,1.90304890749773,10186.4536266263,0.99996296590621
"L_raw[189]",-0.015683023886087,0.00954605715354794,0.99716053430497,-1.95514408897665,-0.680799018366126,-0.0224048207892355,0.652933055313021,1.95556096149698,10911.440852394,0.99979071770066
"L_raw[190]",-0.0187920123399856,0.00938596583805827,0.996550934684158,-1.95643070607039,-0.69072986044292,-0.00517687185713487,0.639955778851952,1.94875423953699,11273.0403959734,0.999705698930147
"L_raw[191]",0.00157352218307369,0.0101170068695878,1.00752256076621,-1.97554027911768,-0.661891291747646,0.00179610080358561,0.684121137057413,1.96724025970694,9917.57446003851,0.999694685153068
"L_raw[192]",-0.00787372971572015,0.00934949002020105,0.997588881233462,-1.9723945488858,-0.667609834123858,-0.0090047453402913,0.639919564650343,2.00191628308763,11384.8511083983,0.999765439595728
"L_raw[193]",-0.0112182088026857,0.00945981490290071,1.00600453605895,-1.95487277809243,-0.704220270052686,-0.00817897764331568,0.67540015145041,1.91927280964208,11309.2707211578,1.00017962474809
"L_raw[194]",-0.00565167573686799,0.0095872281931009,0.996478996951851,-1.94774827487694,-0.681635439186481,-0.0138639078134899,0.65569425370489,1.97023179232621,10803.1441193901,0.999829891503848
"L_raw[195]",-0.016623490220222,0.0105896909245341,1.00107037555492,-2.00147273131209,-0.6860027975703,-0.0156199887060538,0.662855738002401,1.94860332345081,8936.401023223,0.999988546429443
"L_raw[196]",-0.0103706035002556,0.00989281132614707,0.99341300447666,-1.99769311794762,-0.675261349671182,-0.0102844594264834,0.665237362786625,1.93547100051039,10083.707257676,0.999908458100205
"L_raw[197]",0.0145304820216175,0.00938298126068988,1.0060680517167,-1.99697712118642,-0.66532464245608,0.0217147120325564,0.683236283734034,1.95074263855511,11496.695211354,0.999853569470398
"L_raw[198]",0.0103075919948097,0.00985483716229033,1.01466004262289,-1.99542344948279,-0.655266024998752,-2.30194705904685e-05,0.680204701253892,2.03083302654323,10600.8871476908,0.999707635214708
"L_raw[199]",-0.00603216484671146,0.0097995892373816,0.986441743159948,-1.94598177029991,-0.6673229463971,0.0086766900384643,0.656974042185157,1.94218822758986,10132.7456178672,1.00002885614931
"L_raw[200]",-0.00565227691645799,0.00995297524452665,0.983710311460954,-1.95768980679712,-0.660895076678076,-0.0100578163681871,0.662062781383289,1.91379779057603,9768.51617171162,0.999751550214426
"L_raw[201]",0.0134868397672439,0.0093610312066997,0.998194739864563,-1.92261890610274,-0.667053845388963,0.0138771831910174,0.688982439996466,1.95469683704141,11370.594392555,1.00014614950522
"L_raw[202]",0.0016332831686443,0.00947530110689651,1.01658342750798,-2.03408746309091,-0.682621166690701,-0.00408117870108191,0.688381745589061,2.02100427810405,11510.6543065182,0.999824402237236
"L_raw[203]",0.0105640469260499,0.00914984391789267,0.986940217366694,-1.91321902653919,-0.662454766154941,-0.000315577547857149,0.680839193209751,1.95420095236303,11634.6767539123,0.999913833959236
"L_raw[204]",0.00426155808575347,0.00933300832329125,0.995961156786045,-1.96553345458175,-0.659562768652159,0.00219024209597418,0.676369377573568,1.94759446892514,11387.8436442452,0.999711830229559
"L_raw[205]",-0.000170531345233161,0.00958776978916893,0.979680251019882,-1.9021144824235,-0.676120719627693,0.0151978119288305,0.666683211291399,1.8921004877828,10440.7936217852,1.00028369691085
"L_raw[206]",0.00238487629172034,0.009821672933591,1.003500878253,-1.94168118652848,-0.680573187590511,0.00695235001809257,0.684041721919006,1.91518335205583,10439.1365436135,0.99980111587638
"L_raw[207]",-0.000724857861835291,0.00986270445710501,1.00478837705201,-1.95285510955443,-0.656072580760758,0.000734401454908769,0.686476273797602,1.96705338891878,10379.0395445736,1.00016645567584
"L_raw[208]",0.0201371932257822,0.00930439823159367,1.00358673011253,-1.94022642420007,-0.649157949949171,0.0232143696155887,0.695164081485474,1.98661021384001,11634.1119984968,0.999577739276218
"L_raw[209]",0.00556181171829381,0.0096784696166652,1.00492102726412,-2.00374830182609,-0.675411174131765,0.00823112251912036,0.683779383785235,1.98552007036242,10780.7874861932,0.999671648271096
"L_raw[210]",6.14415655978703e-05,0.00957575411525757,1.00333334163258,-1.98340901134731,-0.65948650170682,-0.0119810512652167,0.664755353367137,1.9723806805928,10978.5381998177,0.999831542563535
"L_raw[211]",0.00538227726038598,0.00959315872595042,1.02118934277886,-1.99115329987833,-0.662035439906834,0.000949538684013971,0.672448601156172,2.02420894768303,11331.5491572434,0.999624712692696
"L_raw[212]",0.0097312255554868,0.00956736242721434,0.997892257687662,-1.95565385046983,-0.658722109950382,0.00267603952599013,0.681954285120761,1.96761521199826,10878.8466291109,1.00020381175833
"L_raw[213]",0.00467919844144733,0.00905746578958998,1.00980025210623,-2.03348080074388,-0.640241914239525,0.012810339673787,0.661050700559199,2.02661646310452,12429.6112224713,0.999591116285659
"L_raw[214]",-0.00186660576565651,0.00899732016997519,0.990763578956513,-1.91336473552405,-0.663044498740756,-0.00153561933466905,0.664858468592738,1.92036363830711,12125.8925711428,0.999620088971332
"L_raw[215]",0.0170339539130377,0.00956242531434044,1.00317546138926,-1.93501346507931,-0.666481787709387,0.0139612232465701,0.693803885509772,1.97910818805227,11005.7004554226,0.999826879278371
"L_raw[216]",-0.00295899087973904,0.00914132857634815,0.987180010066964,-1.92942904033493,-0.679629945490108,-0.00425159691062442,0.659035251075064,1.92085843647951,11662.0276288996,0.999773598217102
"L_raw[217]",-0.0152141705432202,0.00942034652217719,0.997308948226908,-1.97618222854047,-0.691114346801548,-0.0229335360513385,0.668352876848324,1.98841584325427,11207.9368342713,0.999968813706736
"L_raw[218]",0.0148001725619652,0.00934398334777368,1.01173411306667,-1.98601946262302,-0.660455576527439,0.0302377380184547,0.692477164420679,1.97590512229704,11723.8074075326,0.99969350007536
"L_raw[219]",0.00262113841843256,0.00963445951378538,0.998043499634105,-1.96407870846711,-0.658280861974053,-0.00500182318438671,0.659258524285072,1.95662338004265,10731.0996709154,0.999701836799933
"L_raw[220]",0.0183675339091052,0.00962608793044548,0.988887859500412,-1.9177816721547,-0.645826304377307,0.0171354441560448,0.674866046187235,1.93602092050437,10553.4496216721,0.999932882526476
"L_raw[221]",0.000782136790388962,0.0102096816681977,1.01254843895538,-1.96800499407039,-0.679102737359651,-0.00972115465163431,0.691551425755912,1.98300170485775,9835.7439497188,0.999851262341913
"L_raw[222]",-0.00525375389118139,0.00951042215629786,1.00238726789283,-1.96577585246803,-0.679034951195142,-0.00399402295046668,0.666165488343928,1.96216814006531,11108.9111447321,0.999624679905929
"L_raw[223]",-0.00812223761775461,0.00894959845545452,0.99916713273756,-1.96047191400232,-0.68402609787583,-0.00673593178889339,0.667180387427825,1.95361353604999,12464.3368982432,0.999736189681455
"L_raw[224]",-0.00703090218142258,0.00981463318409159,0.985634973118691,-1.97380024892914,-0.665052534042581,-0.00146215508126206,0.644560687012719,1.93454588914383,10085.1895393977,0.999779551655462
"L_raw[225]",0.00323365268833399,0.00976379878616771,0.992394718558639,-1.97073796467633,-0.662275549436829,-0.00105010061886098,0.666828717813956,1.98704815663587,10330.7356103285,0.999981372735706
"L_raw[226]",-0.0118989981365409,0.00885697619807584,1.00521906218244,-2.02377116307456,-0.678113426916468,-0.0119749597527229,0.665272571113359,1.9253676463191,12881.0265708765,0.999788735891544
"L_raw[227]",0.00759214500675115,0.00979189309326371,1.00523321803767,-1.95789883253727,-0.655941548246286,0.00431346768144807,0.685986715989422,1.95462518349432,10539.0226147501,1.00004079052679
"L_raw[228]",0.0257987084070665,0.00955139817890105,0.993545380121483,-1.93450019830744,-0.641915982692493,0.0241721338080661,0.68783920859771,1.99934153308718,10820.3551577574,0.999880794908472
"L_raw[229]",0.00124692712442132,0.00900565531859052,1.00887242448651,-1.99449004597704,-0.686689114035752,0.0129231146530956,0.689808139718471,1.94433309372946,12549.9461299157,0.999642748004005
"L_raw[230]",0.00927989664174662,0.00962184175471197,0.991544428222446,-1.91448114375466,-0.667558881110486,0.00627052907504249,0.678498047651366,1.93275406032579,10619.5945724749,1.00000759039952
"L_raw[231]",0.00172664081432987,0.0101492296303165,0.997605989199265,-1.93884976207436,-0.659769736971855,-0.0124737012715526,0.660925813483373,1.98531135661754,9661.66417949301,0.999693295830788
"L_raw[232]",-0.0105139320309309,0.00919147309137924,0.994987673159485,-1.95908303450378,-0.6681663586702,-0.0227774102049834,0.645647307139616,1.95700226427035,11718.3147933796,0.999912278939865
"L_raw[233]",-0.00629202429450151,0.00957927661756547,0.999838996589478,-1.9604837494027,-0.68677091123921,-0.00431150214046898,0.672094217618868,1.95725887293232,10894.1842006709,1.00007063219528
"L_raw[234]",-0.00988419052969338,0.00904405892386047,0.999255630649152,-1.98496505250998,-0.678748204110998,-0.0150550213290357,0.670769206049353,1.9447731364043,12207.4918171971,0.999879327187422
"L_raw[235]",-0.00104613801293287,0.00921500517887544,1.00661056534032,-2.00445340699121,-0.682355024565398,0.00392643984587704,0.679621895439528,1.97170741427036,11932.5098511627,0.999810743850827
"L_raw[236]",0.00425969722884956,0.00946263772909421,1.01570987254232,-1.99905269358609,-0.675237242198385,0.0243410309132556,0.680042334840242,1.98431118107452,11521.6564139981,0.999597602384234
"L_raw[237]",-0.0130307825640638,0.00929602732702548,1.0071504065152,-1.96385227739183,-0.702080276397248,-0.0196784351026845,0.671675639494399,1.95378711206998,11737.993948711,0.999948146947006
"L_raw[238]",0.00902493311765693,0.0091547676266199,0.985896730314906,-1.9147782077712,-0.652653494070731,0.0162444582439963,0.669026609974356,1.91553589004244,11597.6020384784,0.999817794624524
"L_raw[239]",0.0131794217205207,0.0091418052324036,0.997464858512511,-1.98107577047151,-0.651610420127903,0.0106601796213298,0.686958720363794,1.94908317717666,11905.0515283358,0.999674547184882
"L_raw[240]",-0.00360610307998561,0.00964266966571391,1.00037977890826,-1.94885592301455,-0.682054094811603,-0.00410615554926071,0.673621054403833,1.94337595000589,10763.046853603,0.999744614083755
"L_raw[241]",-0.000258369352935785,0.00982252841325364,0.998199280502195,-1.94073818679393,-0.683813996229749,0.00260692921808277,0.667304563560179,1.97735990225305,10327.326736738,0.999756255557055
"L_raw[242]",-0.0128097351674436,0.00969062650025547,0.991039379196885,-1.95416287243439,-0.687477057471821,-0.0126737099691018,0.673382778831821,1.90316455398659,10458.7098058905,0.999758075876349
"L_raw[243]",0.0116532061789848,0.010086893942202,1.00992745194696,-1.97209780445935,-0.667184317329081,0.0154815289966231,0.688010188872138,1.98236157298318,10024.5629135232,0.999882417092287
"L_raw[244]",0.0164135409581922,0.00926494725713798,1.00660485274593,-1.97557624673715,-0.658943155028797,0.0143837624668967,0.693037565609863,1.97447726749564,11804.0798001619,0.999617584116255
"L_raw[245]",-0.0105104056981527,0.0100444578738554,0.997425205249078,-1.98495026266656,-0.672589475382011,-0.0175788618866161,0.668787501076359,1.91656859998097,9860.69836688299,0.999895354623736
"L_raw[246]",0.0086031156754273,0.00987799718336298,1.01337801289701,-1.93997251979091,-0.690811011354936,0.00802449762174572,0.705585747163965,2.01623781791635,10524.5893263768,1.00008998257502
"L_raw[247]",0.00783963496110832,0.0098790895164633,1.00325224654915,-1.99808367448209,-0.661754323374846,0.0158560612316625,0.687229933620705,1.97234728066784,10313.0337843874,0.999784559214841
"L_raw[248]",-0.000425961834046451,0.00917240308040968,1.00030497022279,-1.9367013280261,-0.670452155513141,-0.0185891522307262,0.666800446888783,1.9525366563863,11893.1963902085,0.999691330839613
"L_raw[249]",0.00297946310767341,0.0093586373540854,1.00483457606556,-1.95514262178832,-0.669517915996749,0.000777687949696826,0.700347728768827,1.96601233286168,11528.2637431956,0.999879057010753
"L_raw[250]",-0.00709985967964057,0.00973789858797686,1.01101128967715,-2.02261099020362,-0.686972529512732,0.00160066420339466,0.679462232951386,1.91918358480101,10779.0755449585,1.00001636689175
"L_raw[251]",0.0269595804491677,0.00999782814932218,0.990498214504829,-1.93769823355517,-0.62843596393528,0.0221233923026069,0.693079823571626,1.95446006613449,9815.13006577644,1.0002218751306
"L_raw[252]",0.00877964202204694,0.00996947421738117,0.992000759019899,-1.9373686535679,-0.662703769021233,0.0106035647865862,0.664580386184387,1.97693884402395,9901.0100149164,0.999583142365454
"L_raw[253]",-0.0191541165527557,0.00914403210888927,0.971009470468195,-1.94040584289299,-0.650870375126567,-0.0226575234504248,0.625125710363973,1.89090787011416,11276.4252819965,1.0003421815109
"L_raw[254]",0.00592017553629683,0.0103363608851858,1.01689579255608,-1.9544374158685,-0.688407436286377,-0.00291145936189192,0.694303759437321,2.02299384094858,9678.71212954701,1.00004099396308
"L_raw[255]",0.00117810745607979,0.00914345116227716,0.971622589543201,-1.88821014969817,-0.671049350408873,-0.0045437728994803,0.681681540062202,1.8841647053108,11292.1049921889,0.999619605195924
"L_raw[256]",0.00745549938643456,0.00935978543144343,0.99856141369357,-1.96395329747301,-0.6674397377821,0.0169473993604515,0.687416087146186,1.96538544161903,11381.9788545347,1.00012122181511
"L_raw[257]",0.00657558353401013,0.0092819793269249,1.00000416418859,-1.95758309101948,-0.671446136541326,-0.000782751254697431,0.688453246905002,1.98661482310152,11607.0651823859,1.00011654684904
"L_raw[258]",0.00489462578049106,0.00977652274394052,1.00095279508176,-2.00836916880667,-0.642220618697726,-0.0021099341197335,0.66093172696985,1.95791613728213,10482.3429261554,0.999674843463353
"L_raw[259]",-0.00369848596503339,0.00935250583407748,0.99406299074578,-1.93124348293842,-0.683746441027827,-0.010976467240545,0.66472323821441,1.94174231136373,11297.2264668615,0.999868491635865
"L_raw[260]",-0.00650330064733264,0.00987066488238621,1.00839062693365,-1.99483018816369,-0.6671781724409,-0.000840873569233517,0.664781926447533,2.00041073627102,10436.7381019113,0.999664967364662
"L_raw[261]",-0.00348632311755935,0.008571597250245,0.992611014797655,-1.95537263038678,-0.678985616783655,0.00434180717706087,0.666766689248177,1.90957173886916,13410.1818327956,0.999724347298687
"L_raw[262]",-0.00162611804349954,0.00940764215230823,1.00648802440427,-1.99735571818049,-0.671730370763694,0.00915978733967462,0.67032584967336,1.95786689697853,11446.0501648713,0.999861474157793
"L_raw[263]",-0.00322134772053181,0.00986071733692286,1.00100297218514,-1.9518646784065,-0.666330157654193,-0.00987087996719451,0.675979014125207,1.94787709924353,10305.1356903901,1.00022282236076
"L_raw[264]",0.0152415240396713,0.00946588100454293,1.01674706757879,-1.99006930943609,-0.667921835132224,0.00276347876312974,0.711166133857106,2.02423009458531,11537.2891123069,0.999995287574707
"L_raw[265]",0.0116701154019796,0.00951744729311303,0.998848093162138,-1.94936252392039,-0.659760564342314,0.00644387266459033,0.688119331921859,1.97438113127986,11014.3260613275,0.999956660072945
"L_raw[266]",-0.00218772767119995,0.00997967559631746,0.997553071553385,-2.05525217975706,-0.681168404187875,0.0172436972950501,0.667244922187929,1.90865861486329,9991.69508068204,0.999886297709567
"L_raw[267]",-0.00749629163062825,0.00964035675923699,1.00376070480769,-1.9693338351192,-0.693188796109277,-0.00895904313811683,0.688824981573948,1.91050738392862,10841.1204014828,0.999901241696771
"L_raw[268]",-0.00126493775859895,0.00940524783392121,1.00222735596486,-1.93795384852279,-0.68065745036112,-0.00165998153850417,0.675883312719647,1.97049937110401,11355.1275649938,0.999895627896571
"L_raw[269]",-0.0270389992310062,0.00953748589075173,0.977677379785449,-1.93813965842352,-0.664613373953621,-0.0119290935119074,0.616893537233896,1.92451126574587,10508.0787141589,1.00073600298775
"L_raw[270]",0.00224063212067892,0.00901623352872903,0.994403988474508,-1.96422947964522,-0.677421794084697,0.0164457413804688,0.685453348696667,1.93393991054845,12163.9719920392,0.999693926660297
"L_raw[271]",0.00525877667851853,0.0095758195431746,1.00105759547994,-1.9260785125346,-0.683139746245943,0.00629044304530897,0.684353069537975,1.93985294013026,10928.6426140627,0.999625157539539
"L_raw[272]",0.00587347878249514,0.00913223077824134,0.989647860340531,-1.88965399878461,-0.659951658042671,0.0058482602796933,0.675090722578864,1.97000869793105,11743.7723582148,0.999808757644067
"L_raw[273]",-0.00629060381508998,0.00896448498415672,0.998049221010728,-1.96920341483948,-0.678607351383194,-0.00351840711157007,0.678523101771496,1.96500592464042,12395.1912437529,0.999777273701519
"L_raw[274]",-0.000974517384717484,0.00974509884529648,1.00099784198377,-1.94612097248322,-0.676357029884084,-0.00388350581360042,0.67052352019491,1.99390694202891,10551.0039416991,0.999694575477421
"L_raw[275]",-0.0119491779567511,0.0095167825428464,0.999762765303402,-1.99357450518777,-0.688205358936519,-0.0109666074276871,0.658066603340439,1.95218288527728,11036.0491099031,1.00001517808521
"L_raw[276]",0.00584677965495076,0.0103654075961112,1.0170294479451,-1.99939551484803,-0.689671474612461,0.00893719647380611,0.701968241061593,2.0035850257133,9627.07349374103,0.9997729936471
"L_raw[277]",-0.00026290513218354,0.00979127379315935,0.996611753917875,-1.93902279807854,-0.667888526625478,-0.00550161077433414,0.674160230821686,1.91829942871516,10360.3307410089,1.00007058521629
"L_raw[278]",-0.00464881620998098,0.00935611506150204,0.992132562916955,-1.98782447106926,-0.665928183482493,-0.00521164108984166,0.640589267510168,1.98109276888154,11244.7110372481,0.999853392278405
"L_raw[279]",-0.00449905647165509,0.0090550346294409,0.970055078005784,-1.93168189721955,-0.648644813719125,-0.00951845116525864,0.642127725354824,1.95660014012988,11476.5817816457,0.999962595505148
"L_raw[280]",-0.00675724011432341,0.0100224710100485,1.0172915373607,-2.03066387578126,-0.680011565049374,-0.0171759863101545,0.688047845476945,1.9697154385091,10302.4673285573,0.999944861456283
"L_raw[281]",-0.0101630491971986,0.00990159138080858,1.00871586286023,-1.97820291465448,-0.700776697165923,-0.00847723644989661,0.672149460836474,1.92965463789517,10378.3353862297,0.99987158757597
"L_raw[282]",0.000875581407276898,0.00952730781861492,1.02707234749782,-1.99659693700864,-0.698633807767652,0.0014715234831021,0.704387800770844,1.97105699616276,11621.4864181219,0.99994354998533
"L_raw[283]",0.00321989754505649,0.0098841007365458,1.01115777339447,-1.96044624344674,-0.696700496991167,0.00224997477174235,0.703984597516665,1.96534883176372,10465.5853493546,0.999629690310947
"L_raw[284]",0.00756593873143906,0.00975868593715689,1.01913263892677,-1.9778287597612,-0.689283058847377,0.015129579383392,0.682610978737641,2.01912103591408,10906.332616516,0.999878442310855
"L_raw[285]",0.00655975210186599,0.00997483493790071,1.00072493613589,-1.98902695204437,-0.676685458590126,0.0134021159862827,0.697811916026141,1.97365341538211,10065.0980010001,1.00040509640747
"L_raw[286]",-0.0077415275733968,0.00955746818032594,1.00421299008211,-1.95336443365642,-0.680436478363024,-0.0179563444693138,0.673399612519205,1.9527655011806,11039.9205577459,0.999998055844622
"L_raw[287]",-0.00267216108963655,0.00928903164488628,1.00033325939811,-1.99129636172287,-0.68170629559848,-0.0109831152121222,0.683556787029826,1.95973020218013,11597.0767788503,0.999876972049687
"L_raw[288]",0.00342260901977549,0.00925505973836288,0.976058795834201,-1.90353561382687,-0.657075841791037,0.0104037697193287,0.65503923014173,1.93923767624433,11122.2718615116,0.999781134097152
"L_raw[289]",0.00428638379787997,0.00952193558840587,0.982551552105469,-1.93394772972869,-0.67709533285741,-0.00393357074255346,0.674293011865813,1.94782583684738,10647.8080485085,0.999691987775352
"tau_bar[1]",2.41981737326257,0.00227754569640641,0.237587070571488,1.98492356038857,2.25574215940049,2.40902249815281,2.56546323661435,2.92103516699248,10882.0672828246,0.999733615825599
"sigma_IE",0.745889614109482,0.00234828149323981,0.208760114264515,0.437078905595456,0.599245809250306,0.71293785481679,0.856873836569692,1.25153795386362,7903.05020559332,1.00014817756002
"sigma_eps_E",0.361236038929771,0.00235198480872407,0.11409964374595,0.206256030757445,0.283109842996296,0.339483624440167,0.41485907411629,0.644680690223503,2353.42060839925,1.0008624908745
"Lcorr_E[1,1]",1,NA,0,1,1,1,1,1,NA,NA
"sigma_r_E",0.477070836534642,0.000227628742911036,0.0221192610593516,0.435686924251511,0.461427490143901,0.476724146144376,0.491765847443921,0.522357248184347,9442.50076586639,0.999702861653305
"phi_E_scaled",0.713381989094387,0.00300257889721767,0.138406190216973,0.405706732257934,0.628052975994132,0.726409467817522,0.814956358944762,0.940617663506449,2124.82013360323,1.00224403130162
"eps_E[1,1]",-0.168849326724218,0.00786658570236182,0.463224427185872,-1.08783405613856,-0.470255582551785,-0.161283158631151,0.137761555027657,0.711719106878713,3467.45113118004,1.00044157639086
"eps_E[2,1]",-1.15520166841009,0.00865257147134825,0.540691668088923,-2.28328676652903,-1.508052117491,-1.13041611639927,-0.770841992142711,-0.193868528704952,3904.8914343331,1.00067607191976
"eps_E[3,1]",-0.901304039624433,0.0112177834667768,0.576079239765711,-2.08604777094541,-1.28437163465224,-0.87821656908171,-0.500068644710833,0.160840107022793,2637.2441895801,1.00053398839895
"eps_E[4,1]",1.25022077180719,0.0134019697512172,0.633887791424638,0.0584683497224137,0.811779014335859,1.23012377744482,1.66902695121385,2.54270106123152,2237.11087016908,1.00040049974933
"eps_E[5,1]",-0.120857342899404,0.00746560700230898,0.408285840660976,-0.905126784983793,-0.391322135620085,-0.124866600871408,0.14717171568673,0.694537415643178,2990.8758692459,1.00204217331595
"eps_E[6,1]",-0.0177975990720671,0.00741160187492135,0.448932745024258,-0.886866850139904,-0.314704299811701,-0.0213956142574898,0.270959547283183,0.870180014933588,3668.9213564387,1.0002468617487
"eps_E[7,1]",1.28588896754088,0.00924924421298102,0.516683810908451,0.361495546341739,0.929765556521246,1.25416920153423,1.6209076771688,2.3791815514721,3120.59361284463,1.00018969243721
"eps_E[8,1]",0.841784132321186,0.00989809207111514,0.530340542455135,-0.131088342253903,0.470212250019371,0.816307720672755,1.18040603901549,1.94279299046185,2870.82472853613,1.00150761440513
"eps_E[9,1]",-0.103047710798621,0.0104134063624111,0.542354830649754,-1.14201135366105,-0.47023177471529,-0.109857829859795,0.250140729845232,0.988639957026856,2712.57273988539,1.00209625526341
"omega_E_0_raw[1,1]",-0.521288188671677,0.0115030661083325,0.571261015123122,-1.65575643880326,-0.89072235245951,-0.517307464523302,-0.14184677472429,0.588022643979713,2466.27751312825,1.00168358190968
"mu_mu_E[1]",3.13949912249701,0.0057820268040542,0.24790625357979,2.61943714553308,3.01310920543592,3.14231884496145,3.26466450323289,3.63835649040266,1838.29312601724,1.00171759629758
"sigma_mu_E",12.9687365364218,2.36459397866331,159.042324052713,0.0784619860418768,0.792065643737943,1.96374615437927,4.75276009260831,48.6119899461581,4523.89241330087,1.00062253229342
"R_G",1.27986603680645,0.000179036452942729,0.018779106014123,1.24314298294718,1.26725844912843,1.27967037093023,1.29244100201576,1.31640067476839,11001.8798367579,0.999621407447836
"R_G_boat",4.4924868275973,0.024218557438478,2.40535560618653,1.50642176750796,2.82638279688915,3.95401137233297,5.5293413037344,10.3783204671767,9864.20388690249,0.999960465798492
"kappa_OSP",3.14314244817494,0.00947358102946648,0.983394334485064,1.6400478620668,2.44537322016257,3.00390884758587,3.68697461660749,5.47717540188446,10775.24256942,0.999806227511234
"sigma_r_OSP",28.0376228775451,17.8629877340142,1127.37515868772,0.085348347005004,0.835635665365725,2.00048812124243,4.97709156716544,53.929247148198,3983.16889757455,1.00046189543464
"sigma_eps_C",0.34311984834792,0.00221961240631576,0.112549202361208,0.190429014736611,0.266615655702068,0.321832632549007,0.395008247578226,0.626921350565491,2571.16860055105,1.00107201848545
"Lcorr_C[1,1]",1,NA,0,1,1,1,1,1,NA,NA
"phi_C_scaled",0.644549178933873,0.00358912250838874,0.169715872267564,0.27343154348954,0.531245747334793,0.658682669429398,0.773504942212471,0.924150308069582,2235.98227339106,1.00088520969777
"sigma_r_C",1.08873845804922,0.000323571114766326,0.0337255361770629,1.02385405608561,1.06529315754198,1.08843315640178,1.1113947671722,1.15648840477082,10863.7117929959,0.999868212144942
"eps_C[1,1]",-1.40311055179438,0.0153329763465074,0.73895171994364,-2.90889964429642,-1.88525942662902,-1.3896500728064,-0.888320127569821,-0.00231436039719979,2322.62553946103,1.00054330641373
"eps_C[2,1]",-1.13548443956555,0.0100516830398946,0.57514943086869,-2.31062417388639,-1.50652409484855,-1.11105941193599,-0.733377559149128,-0.0697198501918663,3274.0387689748,1.00042621845466
"eps_C[3,1]",-0.563728827375893,0.0100901876467336,0.608473334859369,-1.79586281300757,-0.971035915432547,-0.562153956948009,-0.142890726580306,0.638979797799342,3636.50857544248,1.00120199625529
"eps_C[4,1]",0.162184391017704,0.00875894159635872,0.500978063929097,-0.790516296369865,-0.17877960183992,0.150306650579417,0.488336513603669,1.19144481177474,3271.40383948874,1.0019852227193
"eps_C[5,1]",0.307795211709743,0.00728766441201459,0.433894634796715,-0.52371658351331,0.0174205104093547,0.297061199678097,0.586608247098855,1.19189531596839,3544.80074773397,1.00066227152917
"eps_C[6,1]",0.287289287749719,0.00835985016802424,0.523792616002453,-0.718077155803292,-0.0695379482385909,0.276593137190424,0.62921208566439,1.34344215580113,3925.74201630422,1.00048301559236
"eps_C[7,1]",0.0573775403436441,0.00861700048581707,0.522384007307721,-0.967397005350891,-0.287314510881095,0.060295648166525,0.403283984834618,1.08826437760999,3675.08603386676,1.00001407395369
"eps_C[8,1]",0.0308086383875447,0.00772680700983201,0.435559900771343,-0.818846499881916,-0.250674212146675,0.0321578608992836,0.314947724557679,0.893812957136727,3177.57383050007,1.00159899334009
"eps_C[9,1]",0.967043541135348,0.00838759066409132,0.501010869526773,0.0432433118720337,0.619501547116595,0.948935718656666,1.28741072956278,2.02272879702639,3567.95888255314,1.00112224566046
"omega_C_0_raw[1,1]",1.11641577571366,0.0125348574769688,0.607889303275313,-0.125644723947551,0.727077268748406,1.11794813293249,1.51126258319397,2.31879271923894,2351.85315680637,1.0013977996587
"mu_mu_C[1]",-0.00432483030612409,0.00495267494886474,0.211801253083487,-0.414217057085343,-0.113532890483574,-0.0147964295382132,0.0949528393811476,0.439033125926174,1828.8471055628,1.00130464106388
"sigma_mu_C",10.3230499495505,1.6957676929484,129.664804673944,0.0885337782273641,0.8068486385901,2.02024506915343,4.87004784597401,43.9580776645032,5846.70936954959,1.00003896273532
"mu_E[1,1]",3.13949912249701,0.0057820268040542,0.24790625357979,2.61943714553308,3.01310920543592,3.14231884496145,3.26466450323289,3.63835649040266,1838.29312601724,1.00171759629758
"phi_E",0.426763978188775,0.00600515779443534,0.276812380433947,-0.188586535484132,0.256105951988263,0.452818935635044,0.629912717889523,0.881235327012898,2124.82013360323,1.00224403130162
"omega_E[1,1]",-0.204892999454928,0.00573329457410039,0.261277118772766,-0.736468764175026,-0.346907496189252,-0.20353206272529,-0.0586825601529578,0.319671218554919,2076.79793879636,1.00141631514721
"omega_E[2,1]",-0.143020356717252,0.0058589118704552,0.263703248891065,-0.67099029470895,-0.286632132267049,-0.144021713697165,0.0027616067936181,0.39230292477036,2025.8021609293,1.00174074175816
"omega_E[3,1]",-0.455362515452422,0.00579039022962587,0.268367884466828,-1.00391736245537,-0.601380725045944,-0.449578127429273,-0.304248831014049,0.0794957079530185,2148.05511043647,1.00119997146382
"omega_E[4,1]",-0.502639910879246,0.00586328657390556,0.255331263405716,-1.01423451917087,-0.638908844142372,-0.504297191224415,-0.369074254387342,0.0270919874359935,1896.38165658378,1.0011609855609
"omega_E[5,1]",0.201687549730917,0.00578653316478299,0.257705467414058,-0.320755694008491,0.0652306840223884,0.1996002328842,0.337820527372992,0.722301235070905,1983.40028782569,1.00142049939453
"omega_E[6,1]",0.0447877992038618,0.00584095816844837,0.255738457700697,-0.4629736976984,-0.0916040910972349,0.0425916876919768,0.17959924298288,0.57330729072056,1917.0078512371,1.00165253043654
"omega_E[7,1]",0.0121194374219704,0.00590175115750684,0.265147580375361,-0.512025838044884,-0.137726809404185,0.0059059490329156,0.16016152774108,0.554453850312004,2018.42933222346,1.00106354718937
"omega_E[8,1]",0.44390800523433,0.00591003462681127,0.262433901000216,-0.0695658159778078,0.299804868771546,0.439229822813998,0.58391057922639,0.98864008513709,1971.78619397009,1.00160898617809
"omega_E[9,1]",0.478961063188406,0.00577913823716671,0.256112954410826,-0.0282373405977738,0.342525245457955,0.473204971643858,0.610945390048076,1.00516202462522,1963.97939077292,1.00158557435523
"omega_E[10,1]",0.17794326363437,0.00577814113733356,0.258336996924741,-0.326668524137828,0.0377168941937884,0.173666152215381,0.313983475897873,0.716625805307863,1998.9269441098,1.00132555013283
"omega_E_0[1,1]",-0.204892999454928,0.00573329457410039,0.261277118772766,-0.736468764175026,-0.346907496189252,-0.20353206272529,-0.0586825601529578,0.319671218554919,2076.79793879636,1.00141631514721
"lambda_E_S[1,1,1]",53.4698757621023,0.0653320868866834,6.44832356042892,42.3427912713308,48.9124751191536,52.9445433626637,57.5274620247626,67.2513257354098,9741.83075557744,0.999651933118285
"lambda_E_S[1,2,1]",18.9225429145163,0.0206073637108508,2.0421733657917,15.3428307905701,17.4859818051434,18.7993125767833,20.1888216315312,23.3244626474544,9820.65247876464,0.999647580034462
"lambda_E_S[1,3,1]",18.9225429145163,0.0206073637108508,2.0421733657917,15.3428307905701,17.4859818051434,18.7993125767833,20.1888216315312,23.3244626474544,9820.65247876464,0.999647580034462
"lambda_E_S[1,4,1]",18.9225429145163,0.0206073637108508,2.0421733657917,15.3428307905701,17.4859818051434,18.7993125767833,20.1888216315312,23.3244626474544,9820.65247876464,0.999647580034462
"lambda_E_S[1,5,1]",18.9225429145163,0.0206073637108508,2.0421733657917,15.3428307905701,17.4859818051434,18.7993125767833,20.1888216315312,23.3244626474544,9820.65247876464,0.999647580034462
"lambda_E_S[1,6,1]",18.9225429145163,0.0206073637108508,2.0421733657917,15.3428307905701,17.4859818051434,18.7993125767833,20.1888216315312,23.3244626474544,9820.65247876464,0.999647580034462
"lambda_E_S[1,7,1]",53.4698757621023,0.0653320868866834,6.44832356042892,42.3427912713308,48.9124751191536,52.9445433626637,57.5274620247626,67.2513257354098,9741.83075557744,0.999651933118285
"lambda_E_S[1,8,1]",53.4698757621023,0.0653320868866834,6.44832356042892,42.3427912713308,48.9124751191536,52.9445433626637,57.5274620247626,67.2513257354098,9741.83075557744,0.999651933118285
"lambda_E_S[1,9,1]",18.9225429145163,0.0206073637108508,2.0421733657917,15.3428307905701,17.4859818051434,18.7993125767833,20.1888216315312,23.3244626474544,9820.65247876464,0.999647580034462
"lambda_E_S[1,10,1]",18.9225429145163,0.0206073637108508,2.0421733657917,15.3428307905701,17.4859818051434,18.7993125767833,20.1888216315312,23.3244626474544,9820.65247876464,0.999647580034462
"lambda_E_S[1,11,1]",18.9225429145163,0.0206073637108508,2.0421733657917,15.3428307905701,17.4859818051434,18.7993125767833,20.1888216315312,23.3244626474544,9820.65247876464,0.999647580034462
"lambda_E_S[1,12,1]",18.9225429145163,0.0206073637108508,2.0421733657917,15.3428307905701,17.4859818051434,18.7993125767833,20.1888216315312,23.3244626474544,9820.65247876464,0.999647580034462
"lambda_E_S[1,13,1]",18.9225429145163,0.0206073637108508,2.0421733657917,15.3428307905701,17.4859818051434,18.7993125767833,20.1888216315312,23.3244626474544,9820.65247876464,0.999647580034462
"lambda_E_S[1,14,1]",53.4698757621023,0.0653320868866834,6.44832356042892,42.3427912713308,48.9124751191536,52.9445433626637,57.5274620247626,67.2513257354098,9741.83075557744,0.999651933118285
"lambda_E_S[1,15,1]",53.4698757621023,0.0653320868866834,6.44832356042892,42.3427912713308,48.9124751191536,52.9445433626637,57.5274620247626,67.2513257354098,9741.83075557744,0.999651933118285
"lambda_E_S[1,16,1]",18.9225429145163,0.0206073637108508,2.0421733657917,15.3428307905701,17.4859818051434,18.7993125767833,20.1888216315312,23.3244626474544,9820.65247876464,0.999647580034462
"lambda_E_S[1,17,1]",18.9225429145163,0.0206073637108508,2.0421733657917,15.3428307905701,17.4859818051434,18.7993125767833,20.1888216315312,23.3244626474544,9820.65247876464,0.999647580034462
"lambda_E_S[1,18,1]",18.9225429145163,0.0206073637108508,2.0421733657917,15.3428307905701,17.4859818051434,18.7993125767833,20.1888216315312,23.3244626474544,9820.65247876464,0.999647580034462
"lambda_E_S[1,19,1]",18.9225429145163,0.0206073637108508,2.0421733657917,15.3428307905701,17.4859818051434,18.7993125767833,20.1888216315312,23.3244626474544,9820.65247876464,0.999647580034462
"lambda_E_S[1,20,1]",18.9225429145163,0.0206073637108508,2.0421733657917,15.3428307905701,17.4859818051434,18.7993125767833,20.1888216315312,23.3244626474544,9820.65247876464,0.999647580034462
"lambda_E_S[1,21,1]",53.4698757621023,0.0653320868866834,6.44832356042892,42.3427912713308,48.9124751191536,52.9445433626637,57.5274620247626,67.2513257354098,9741.83075557744,0.999651933118285
"lambda_E_S[1,22,1]",53.4698757621023,0.0653320868866834,6.44832356042892,42.3427912713308,48.9124751191536,52.9445433626637,57.5274620247626,67.2513257354098,9741.83075557744,0.999651933118285
"lambda_E_S[1,23,1]",18.9225429145163,0.0206073637108508,2.0421733657917,15.3428307905701,17.4859818051434,18.7993125767833,20.1888216315312,23.3244626474544,9820.65247876464,0.999647580034462
"lambda_E_S[1,24,1]",18.9225429145163,0.0206073637108508,2.0421733657917,15.3428307905701,17.4859818051434,18.7993125767833,20.1888216315312,23.3244626474544,9820.65247876464,0.999647580034462
"lambda_E_S[1,25,1]",18.9225429145163,0.0206073637108508,2.0421733657917,15.3428307905701,17.4859818051434,18.7993125767833,20.1888216315312,23.3244626474544,9820.65247876464,0.999647580034462
"lambda_E_S[1,26,1]",18.9225429145163,0.0206073637108508,2.0421733657917,15.3428307905701,17.4859818051434,18.7993125767833,20.1888216315312,23.3244626474544,9820.65247876464,0.999647580034462
"lambda_E_S[1,27,1]",18.9225429145163,0.0206073637108508,2.0421733657917,15.3428307905701,17.4859818051434,18.7993125767833,20.1888216315312,23.3244626474544,9820.65247876464,0.999647580034462
"lambda_E_S[1,28,1]",53.4698757621023,0.0653320868866834,6.44832356042892,42.3427912713308,48.9124751191536,52.9445433626637,57.5274620247626,67.2513257354098,9741.83075557744,0.999651933118285
"lambda_E_S[1,29,1]",53.4698757621023,0.0653320868866834,6.44832356042892,42.3427912713308,48.9124751191536,52.9445433626637,57.5274620247626,67.2513257354098,9741.83075557744,0.999651933118285
"lambda_E_S[1,30,1]",18.9225429145163,0.0206073637108508,2.0421733657917,15.3428307905701,17.4859818051434,18.7993125767833,20.1888216315312,23.3244626474544,9820.65247876464,0.999647580034462
"lambda_E_S[1,31,1]",57.6872532285557,0.111971568798416,11.1746510678584,39.5895165051687,49.7846650616733,56.4133976046174,64.2895083547093,82.4779281636944,9959.84124477475,0.999901829130869
"lambda_E_S[1,32,1]",61.3905642189804,0.119546182178537,11.9793875523751,41.7177207748856,52.8558843477714,60.1007248529969,68.5756161802167,88.4759343500877,10041.4818682501,0.99984677552915
"lambda_E_S[1,33,1]",20.1304259467847,0.0212367089494815,2.17474881376716,16.3272860660064,18.6066980686371,19.968407240361,21.5015452553841,24.8210461905644,10486.8190698971,0.999993894002291
"lambda_E_S[1,34,1]",20.1304259467847,0.0212367089494815,2.17474881376716,16.3272860660064,18.6066980686371,19.968407240361,21.5015452553841,24.8210461905644,10486.8190698971,0.999993894002291
"lambda_E_S[1,35,1]",56.8783912033044,0.0673534992178959,6.81950589883921,45.0247722327955,52.0880544101092,56.3379482219188,61.2082242007012,71.406027386292,10251.454575127,0.999792739522378
"lambda_E_S[1,36,1]",56.8783912033044,0.0673534992178959,6.81950589883921,45.0247722327955,52.0880544101092,56.3379482219188,61.2082242007012,71.406027386292,10251.454575127,0.999792739522378
"lambda_E_S[1,37,1]",20.1304259467847,0.0212367089494815,2.17474881376716,16.3272860660064,18.6066980686371,19.968407240361,21.5015452553841,24.8210461905644,10486.8190698971,0.999993894002291
"lambda_E_S[1,38,1]",20.1304259467847,0.0212367089494815,2.17474881376716,16.3272860660064,18.6066980686371,19.968407240361,21.5015452553841,24.8210461905644,10486.8190698971,0.999993894002291
"lambda_E_S[1,39,1]",20.1304259467847,0.0212367089494815,2.17474881376716,16.3272860660064,18.6066980686371,19.968407240361,21.5015452553841,24.8210461905644,10486.8190698971,0.999993894002291
"lambda_E_S[1,40,1]",20.1304259467847,0.0212367089494815,2.17474881376716,16.3272860660064,18.6066980686371,19.968407240361,21.5015452553841,24.8210461905644,10486.8190698971,0.999993894002291
"lambda_E_S[1,41,1]",20.1304259467847,0.0212367089494815,2.17474881376716,16.3272860660064,18.6066980686371,19.968407240361,21.5015452553841,24.8210461905644,10486.8190698971,0.999993894002291
"lambda_E_S[1,42,1]",56.8783912033044,0.0673534992178959,6.81950589883921,45.0247722327955,52.0880544101092,56.3379482219188,61.2082242007012,71.406027386292,10251.454575127,0.999792739522378
"lambda_E_S[1,43,1]",56.8783912033044,0.0673534992178959,6.81950589883921,45.0247722327955,52.0880544101092,56.3379482219188,61.2082242007012,71.406027386292,10251.454575127,0.999792739522378
"lambda_E_S[1,44,1]",20.1304259467847,0.0212367089494815,2.17474881376716,16.3272860660064,18.6066980686371,19.968407240361,21.5015452553841,24.8210461905644,10486.8190698971,0.999993894002291
"lambda_E_S[1,45,1]",20.1304259467847,0.0212367089494815,2.17474881376716,16.3272860660064,18.6066980686371,19.968407240361,21.5015452553841,24.8210461905644,10486.8190698971,0.999993894002291
"lambda_E_S[1,46,1]",20.1304259467847,0.0212367089494815,2.17474881376716,16.3272860660064,18.6066980686371,19.968407240361,21.5015452553841,24.8210461905644,10486.8190698971,0.999993894002291
"lambda_E_S[1,47,1]",20.1304259467847,0.0212367089494815,2.17474881376716,16.3272860660064,18.6066980686371,19.968407240361,21.5015452553841,24.8210461905644,10486.8190698971,0.999993894002291
"lambda_E_S[1,48,1]",20.1304259467847,0.0212367089494815,2.17474881376716,16.3272860660064,18.6066980686371,19.968407240361,21.5015452553841,24.8210461905644,10486.8190698971,0.999993894002291
"lambda_E_S[1,49,1]",56.8783912033044,0.0673534992178959,6.81950589883921,45.0247722327955,52.0880544101092,56.3379482219188,61.2082242007012,71.406027386292,10251.454575127,0.999792739522378
"lambda_E_S[1,50,1]",56.8783912033044,0.0673534992178959,6.81950589883921,45.0247722327955,52.0880544101092,56.3379482219188,61.2082242007012,71.406027386292,10251.454575127,0.999792739522378
"lambda_E_S[1,51,1]",20.1304259467847,0.0212367089494815,2.17474881376716,16.3272860660064,18.6066980686371,19.968407240361,21.5015452553841,24.8210461905644,10486.8190698971,0.999993894002291
"lambda_E_S[1,52,1]",20.1304259467847,0.0212367089494815,2.17474881376716,16.3272860660064,18.6066980686371,19.968407240361,21.5015452553841,24.8210461905644,10486.8190698971,0.999993894002291
"lambda_E_S[1,53,1]",20.1304259467847,0.0212367089494815,2.17474881376716,16.3272860660064,18.6066980686371,19.968407240361,21.5015452553841,24.8210461905644,10486.8190698971,0.999993894002291
"lambda_E_S[1,54,1]",20.1304259467847,0.0212367089494815,2.17474881376716,16.3272860660064,18.6066980686371,19.968407240361,21.5015452553841,24.8210461905644,10486.8190698971,0.999993894002291
"lambda_E_S[1,55,1]",20.1304259467847,0.0212367089494815,2.17474881376716,16.3272860660064,18.6066980686371,19.968407240361,21.5015452553841,24.8210461905644,10486.8190698971,0.999993894002291
"lambda_E_S[1,56,1]",56.8783912033044,0.0673534992178959,6.81950589883921,45.0247722327955,52.0880544101092,56.3379482219188,61.2082242007012,71.406027386292,10251.454575127,0.999792739522378
"lambda_E_S[1,57,1]",56.8783912033044,0.0673534992178959,6.81950589883921,45.0247722327955,52.0880544101092,56.3379482219188,61.2082242007012,71.406027386292,10251.454575127,0.999792739522378
"lambda_E_S[1,58,1]",20.1304259467847,0.0212367089494815,2.17474881376716,16.3272860660064,18.6066980686371,19.968407240361,21.5015452553841,24.8210461905644,10486.8190698971,0.999993894002291
"lambda_E_S[1,59,1]",20.1304259467847,0.0212367089494815,2.17474881376716,16.3272860660064,18.6066980686371,19.968407240361,21.5015452553841,24.8210461905644,10486.8190698971,0.999993894002291
"lambda_E_S[1,60,1]",20.1304259467847,0.0212367089494815,2.17474881376716,16.3272860660064,18.6066980686371,19.968407240361,21.5015452553841,24.8210461905644,10486.8190698971,0.999993894002291
"lambda_E_S[1,61,1]",20.1304259467847,0.0212367089494815,2.17474881376716,16.3272860660064,18.6066980686371,19.968407240361,21.5015452553841,24.8210461905644,10486.8190698971,0.999993894002291
"lambda_E_S[1,62,1]",20.1304259467847,0.0212367089494815,2.17474881376716,16.3272860660064,18.6066980686371,19.968407240361,21.5015452553841,24.8210461905644,10486.8190698971,0.999993894002291
"lambda_E_S[1,63,1]",41.7142091380917,0.0560056121509408,5.75897464851611,31.8348446880713,37.6924839051827,41.2443606441431,45.278076271813,54.4184889972539,10573.7061386849,0.999767755198199
"lambda_E_S[1,64,1]",41.7142091380917,0.0560056121509408,5.75897464851611,31.8348446880713,37.6924839051827,41.2443606441431,45.278076271813,54.4184889972539,10573.7061386849,0.999767755198199
"lambda_E_S[1,65,1]",14.7597076027761,0.0170907988590638,1.84957109782699,11.4884737865514,13.4529568872139,14.6292410273887,15.9460516803662,18.7628682517379,11711.6297615501,0.999653234335054
"lambda_E_S[1,66,1]",14.7597076027761,0.0170907988590638,1.84957109782699,11.4884737865514,13.4529568872139,14.6292410273887,15.9460516803662,18.7628682517379,11711.6297615501,0.999653234335054
"lambda_E_S[1,67,1]",14.7597076027761,0.0170907988590638,1.84957109782699,11.4884737865514,13.4529568872139,14.6292410273887,15.9460516803662,18.7628682517379,11711.6297615501,0.999653234335054
"lambda_E_S[1,68,1]",14.7597076027761,0.0170907988590638,1.84957109782699,11.4884737865514,13.4529568872139,14.6292410273887,15.9460516803662,18.7628682517379,11711.6297615501,0.999653234335054
"lambda_E_S[1,69,1]",14.7597076027761,0.0170907988590638,1.84957109782699,11.4884737865514,13.4529568872139,14.6292410273887,15.9460516803662,18.7628682517379,11711.6297615501,0.999653234335054
"lambda_E_S[1,70,1]",44.9863152829181,0.0849528510214379,9.11182528562247,30.0889526938125,38.4781058891673,44.1036768882279,50.3189693119578,65.1894588129417,11504.158345363,0.999789117284107
"lambda_E_S[1,71,1]",41.7142091380917,0.0560056121509408,5.75897464851611,31.8348446880713,37.6924839051827,41.2443606441431,45.278076271813,54.4184889972539,10573.7061386849,0.999767755198199
"lambda_E_S[1,72,1]",14.7597076027761,0.0170907988590638,1.84957109782699,11.4884737865514,13.4529568872139,14.6292410273887,15.9460516803662,18.7628682517379,11711.6297615501,0.999653234335054
"lambda_E_S[1,73,1]",14.7597076027761,0.0170907988590638,1.84957109782699,11.4884737865514,13.4529568872139,14.6292410273887,15.9460516803662,18.7628682517379,11711.6297615501,0.999653234335054
"lambda_E_S[1,74,1]",14.7597076027761,0.0170907988590638,1.84957109782699,11.4884737865514,13.4529568872139,14.6292410273887,15.9460516803662,18.7628682517379,11711.6297615501,0.999653234335054
"lambda_E_S[1,75,1]",14.7597076027761,0.0170907988590638,1.84957109782699,11.4884737865514,13.4529568872139,14.6292410273887,15.9460516803662,18.7628682517379,11711.6297615501,0.999653234335054
"lambda_E_S[1,76,1]",14.7597076027761,0.0170907988590638,1.84957109782699,11.4884737865514,13.4529568872139,14.6292410273887,15.9460516803662,18.7628682517379,11711.6297615501,0.999653234335054
"lambda_E_S[1,77,1]",41.7142091380917,0.0560056121509408,5.75897464851611,31.8348446880713,37.6924839051827,41.2443606441431,45.278076271813,54.4184889972539,10573.7061386849,0.999767755198199
"lambda_E_S[1,78,1]",41.7142091380917,0.0560056121509408,5.75897464851611,31.8348446880713,37.6924839051827,41.2443606441431,45.278076271813,54.4184889972539,10573.7061386849,0.999767755198199
"lambda_E_S[1,79,1]",14.7597076027761,0.0170907988590638,1.84957109782699,11.4884737865514,13.4529568872139,14.6292410273887,15.9460516803662,18.7628682517379,11711.6297615501,0.999653234335054
"lambda_E_S[1,80,1]",14.7597076027761,0.0170907988590638,1.84957109782699,11.4884737865514,13.4529568872139,14.6292410273887,15.9460516803662,18.7628682517379,11711.6297615501,0.999653234335054
"lambda_E_S[1,81,1]",14.7597076027761,0.0170907988590638,1.84957109782699,11.4884737865514,13.4529568872139,14.6292410273887,15.9460516803662,18.7628682517379,11711.6297615501,0.999653234335054
"lambda_E_S[1,82,1]",14.7597076027761,0.0170907988590638,1.84957109782699,11.4884737865514,13.4529568872139,14.6292410273887,15.9460516803662,18.7628682517379,11711.6297615501,0.999653234335054
"lambda_E_S[1,83,1]",14.7597076027761,0.0170907988590638,1.84957109782699,11.4884737865514,13.4529568872139,14.6292410273887,15.9460516803662,18.7628682517379,11711.6297615501,0.999653234335054
"lambda_E_S[1,84,1]",41.7142091380917,0.0560056121509408,5.75897464851611,31.8348446880713,37.6924839051827,41.2443606441431,45.278076271813,54.4184889972539,10573.7061386849,0.999767755198199
"lambda_E_S[1,85,1]",41.7142091380917,0.0560056121509408,5.75897464851611,31.8348446880713,37.6924839051827,41.2443606441431,45.278076271813,54.4184889972539,10573.7061386849,0.999767755198199
"lambda_E_S[1,86,1]",14.7597076027761,0.0170907988590638,1.84957109782699,11.4884737865514,13.4529568872139,14.6292410273887,15.9460516803662,18.7628682517379,11711.6297615501,0.999653234335054
"lambda_E_S[1,87,1]",14.7597076027761,0.0170907988590638,1.84957109782699,11.4884737865514,13.4529568872139,14.6292410273887,15.9460516803662,18.7628682517379,11711.6297615501,0.999653234335054
"lambda_E_S[1,88,1]",14.7597076027761,0.0170907988590638,1.84957109782699,11.4884737865514,13.4529568872139,14.6292410273887,15.9460516803662,18.7628682517379,11711.6297615501,0.999653234335054
"lambda_E_S[1,89,1]",14.7597076027761,0.0170907988590638,1.84957109782699,11.4884737865514,13.4529568872139,14.6292410273887,15.9460516803662,18.7628682517379,11711.6297615501,0.999653234335054
"lambda_E_S[1,90,1]",14.7597076027761,0.0170907988590638,1.84957109782699,11.4884737865514,13.4529568872139,14.6292410273887,15.9460516803662,18.7628682517379,11711.6297615501,0.999653234335054
"lambda_E_S[1,91,1]",39.5566976988852,0.0354062809556165,3.32936295533524,33.4854183647495,37.2351952738319,39.4235380882235,41.7477844190218,46.478650295538,8842.2270699002,0.999914095726561
"lambda_E_S[1,92,1]",39.5566976988852,0.0354062809556165,3.32936295533524,33.4854183647495,37.2351952738319,39.4235380882235,41.7477844190218,46.478650295538,8842.2270699002,0.999914095726561
"lambda_E_S[1,93,1]",14.0086432935419,0.0113100297983041,1.05263131876011,12.0498176123647,13.2838353622038,13.9640672098446,14.6873084245293,16.1640500747298,8662.13756220062,1.00057065837526
"lambda_E_S[1,94,1]",14.0086432935419,0.0113100297983041,1.05263131876011,12.0498176123647,13.2838353622038,13.9640672098446,14.6873084245293,16.1640500747298,8662.13756220062,1.00057065837526
"lambda_E_S[1,95,1]",14.0086432935419,0.0113100297983041,1.05263131876011,12.0498176123647,13.2838353622038,13.9640672098446,14.6873084245293,16.1640500747298,8662.13756220062,1.00057065837526
"lambda_E_S[1,96,1]",14.0086432935419,0.0113100297983041,1.05263131876011,12.0498176123647,13.2838353622038,13.9640672098446,14.6873084245293,16.1640500747298,8662.13756220062,1.00057065837526
"lambda_E_S[1,97,1]",14.0086432935419,0.0113100297983041,1.05263131876011,12.0498176123647,13.2838353622038,13.9640672098446,14.6873084245293,16.1640500747298,8662.13756220062,1.00057065837526
"lambda_E_S[1,98,1]",39.5566976988852,0.0354062809556165,3.32936295533524,33.4854183647495,37.2351952738319,39.4235380882235,41.7477844190218,46.478650295538,8842.2270699002,0.999914095726561
"lambda_E_S[1,99,1]",39.5566976988852,0.0354062809556165,3.32936295533524,33.4854183647495,37.2351952738319,39.4235380882235,41.7477844190218,46.478650295538,8842.2270699002,0.999914095726561
"lambda_E_S[1,100,1]",14.0086432935419,0.0113100297983041,1.05263131876011,12.0498176123647,13.2838353622038,13.9640672098446,14.6873084245293,16.1640500747298,8662.13756220062,1.00057065837526
"lambda_E_S[1,101,1]",14.0086432935419,0.0113100297983041,1.05263131876011,12.0498176123647,13.2838353622038,13.9640672098446,14.6873084245293,16.1640500747298,8662.13756220062,1.00057065837526
"lambda_E_S[1,102,1]",14.0086432935419,0.0113100297983041,1.05263131876011,12.0498176123647,13.2838353622038,13.9640672098446,14.6873084245293,16.1640500747298,8662.13756220062,1.00057065837526
"lambda_E_S[1,103,1]",14.0086432935419,0.0113100297983041,1.05263131876011,12.0498176123647,13.2838353622038,13.9640672098446,14.6873084245293,16.1640500747298,8662.13756220062,1.00057065837526
"lambda_E_S[1,104,1]",14.0086432935419,0.0113100297983041,1.05263131876011,12.0498176123647,13.2838353622038,13.9640672098446,14.6873084245293,16.1640500747298,8662.13756220062,1.00057065837526
"lambda_E_S[1,105,1]",39.5566976988852,0.0354062809556165,3.32936295533524,33.4854183647495,37.2351952738319,39.4235380882235,41.7477844190218,46.478650295538,8842.2270699002,0.999914095726561
"lambda_E_S[1,106,1]",39.5566976988852,0.0354062809556165,3.32936295533524,33.4854183647495,37.2351952738319,39.4235380882235,41.7477844190218,46.478650295538,8842.2270699002,0.999914095726561
"lambda_E_S[1,107,1]",14.0086432935419,0.0113100297983041,1.05263131876011,12.0498176123647,13.2838353622038,13.9640672098446,14.6873084245293,16.1640500747298,8662.13756220062,1.00057065837526
"lambda_E_S[1,108,1]",14.0086432935419,0.0113100297983041,1.05263131876011,12.0498176123647,13.2838353622038,13.9640672098446,14.6873084245293,16.1640500747298,8662.13756220062,1.00057065837526
"lambda_E_S[1,109,1]",14.0086432935419,0.0113100297983041,1.05263131876011,12.0498176123647,13.2838353622038,13.9640672098446,14.6873084245293,16.1640500747298,8662.13756220062,1.00057065837526
"lambda_E_S[1,110,1]",14.0086432935419,0.0113100297983041,1.05263131876011,12.0498176123647,13.2838353622038,13.9640672098446,14.6873084245293,16.1640500747298,8662.13756220062,1.00057065837526
"lambda_E_S[1,111,1]",14.0086432935419,0.0113100297983041,1.05263131876011,12.0498176123647,13.2838353622038,13.9640672098446,14.6873084245293,16.1640500747298,8662.13756220062,1.00057065837526
"lambda_E_S[1,112,1]",39.5566976988852,0.0354062809556165,3.32936295533524,33.4854183647495,37.2351952738319,39.4235380882235,41.7477844190218,46.478650295538,8842.2270699002,0.999914095726561
"lambda_E_S[1,113,1]",39.5566976988852,0.0354062809556165,3.32936295533524,33.4854183647495,37.2351952738319,39.4235380882235,41.7477844190218,46.478650295538,8842.2270699002,0.999914095726561
"lambda_E_S[1,114,1]",14.0086432935419,0.0113100297983041,1.05263131876011,12.0498176123647,13.2838353622038,13.9640672098446,14.6873084245293,16.1640500747298,8662.13756220062,1.00057065837526
"lambda_E_S[1,115,1]",14.0086432935419,0.0113100297983041,1.05263131876011,12.0498176123647,13.2838353622038,13.9640672098446,14.6873084245293,16.1640500747298,8662.13756220062,1.00057065837526
"lambda_E_S[1,116,1]",14.0086432935419,0.0113100297983041,1.05263131876011,12.0498176123647,13.2838353622038,13.9640672098446,14.6873084245293,16.1640500747298,8662.13756220062,1.00057065837526
"lambda_E_S[1,117,1]",14.0086432935419,0.0113100297983041,1.05263131876011,12.0498176123647,13.2838353622038,13.9640672098446,14.6873084245293,16.1640500747298,8662.13756220062,1.00057065837526
"lambda_E_S[1,118,1]",14.0086432935419,0.0113100297983041,1.05263131876011,12.0498176123647,13.2838353622038,13.9640672098446,14.6873084245293,16.1640500747298,8662.13756220062,1.00057065837526
"lambda_E_S[1,119,1]",39.5566976988852,0.0354062809556165,3.32936295533524,33.4854183647495,37.2351952738319,39.4235380882235,41.7477844190218,46.478650295538,8842.2270699002,0.999914095726561
"lambda_E_S[1,120,1]",39.5566976988852,0.0354062809556165,3.32936295533524,33.4854183647495,37.2351952738319,39.4235380882235,41.7477844190218,46.478650295538,8842.2270699002,0.999914095726561
"lambda_E_S[1,121,1]",14.0086432935419,0.0113100297983041,1.05263131876011,12.0498176123647,13.2838353622038,13.9640672098446,14.6873084245293,16.1640500747298,8662.13756220062,1.00057065837526
"lambda_E_S[1,122,1]",28.3466522478149,0.025339525274252,2.31728335093107,24.1631467808574,26.7514662251132,28.2504654632406,29.8129536378434,33.2599787595529,8362.98531374289,1.00051037396185
"lambda_E_S[1,123,1]",28.3466522478149,0.025339525274252,2.31728335093107,24.1631467808574,26.7514662251132,28.2504654632406,29.8129536378434,33.2599787595529,8362.98531374289,1.00051037396185
"lambda_E_S[1,124,1]",28.3466522478149,0.025339525274252,2.31728335093107,24.1631467808574,26.7514662251132,28.2504654632406,29.8129536378434,33.2599787595529,8362.98531374289,1.00051037396185
"lambda_E_S[1,125,1]",28.3466522478149,0.025339525274252,2.31728335093107,24.1631467808574,26.7514662251132,28.2504654632406,29.8129536378434,33.2599787595529,8362.98531374289,1.00051037396185
"lambda_E_S[1,126,1]",80.1224391133552,0.0926265508095173,8.06268886487303,65.7902926222365,74.5268869668516,79.6543683628563,85.2050420631992,97.8257021183226,7576.85222881085,1.00007566688347
"lambda_E_S[1,127,1]",80.1224391133552,0.0926265508095173,8.06268886487303,65.7902926222365,74.5268869668516,79.6543683628563,85.2050420631992,97.8257021183226,7576.85222881085,1.00007566688347
"lambda_E_S[1,128,1]",28.3466522478149,0.025339525274252,2.31728335093107,24.1631467808574,26.7514662251132,28.2504654632406,29.8129536378434,33.2599787595529,8362.98531374289,1.00051037396185
"lambda_E_S[1,129,1]",28.3466522478149,0.025339525274252,2.31728335093107,24.1631467808574,26.7514662251132,28.2504654632406,29.8129536378434,33.2599787595529,8362.98531374289,1.00051037396185
"lambda_E_S[1,130,1]",28.3466522478149,0.025339525274252,2.31728335093107,24.1631467808574,26.7514662251132,28.2504654632406,29.8129536378434,33.2599787595529,8362.98531374289,1.00051037396185
"lambda_E_S[1,131,1]",28.3466522478149,0.025339525274252,2.31728335093107,24.1631467808574,26.7514662251132,28.2504654632406,29.8129536378434,33.2599787595529,8362.98531374289,1.00051037396185
"lambda_E_S[1,132,1]",28.3466522478149,0.025339525274252,2.31728335093107,24.1631467808574,26.7514662251132,28.2504654632406,29.8129536378434,33.2599787595529,8362.98531374289,1.00051037396185
"lambda_E_S[1,133,1]",80.1224391133552,0.0926265508095173,8.06268886487303,65.7902926222365,74.5268869668516,79.6543683628563,85.2050420631992,97.8257021183226,7576.85222881085,1.00007566688347
"lambda_E_S[1,134,1]",80.1224391133552,0.0926265508095173,8.06268886487303,65.7902926222365,74.5268869668516,79.6543683628563,85.2050420631992,97.8257021183226,7576.85222881085,1.00007566688347
"lambda_E_S[1,135,1]",28.3466522478149,0.025339525274252,2.31728335093107,24.1631467808574,26.7514662251132,28.2504654632406,29.8129536378434,33.2599787595529,8362.98531374289,1.00051037396185
"lambda_E_S[1,136,1]",28.3466522478149,0.025339525274252,2.31728335093107,24.1631467808574,26.7514662251132,28.2504654632406,29.8129536378434,33.2599787595529,8362.98531374289,1.00051037396185
"lambda_E_S[1,137,1]",28.3466522478149,0.025339525274252,2.31728335093107,24.1631467808574,26.7514662251132,28.2504654632406,29.8129536378434,33.2599787595529,8362.98531374289,1.00051037396185
"lambda_E_S[1,138,1]",28.3466522478149,0.025339525274252,2.31728335093107,24.1631467808574,26.7514662251132,28.2504654632406,29.8129536378434,33.2599787595529,8362.98531374289,1.00051037396185
"lambda_E_S[1,139,1]",28.3466522478149,0.025339525274252,2.31728335093107,24.1631467808574,26.7514662251132,28.2504654632406,29.8129536378434,33.2599787595529,8362.98531374289,1.00051037396185
"lambda_E_S[1,140,1]",80.1224391133552,0.0926265508095173,8.06268886487303,65.7902926222365,74.5268869668516,79.6543683628563,85.2050420631992,97.8257021183226,7576.85222881085,1.00007566688347
"lambda_E_S[1,141,1]",80.1224391133552,0.0926265508095173,8.06268886487303,65.7902926222365,74.5268869668516,79.6543683628563,85.2050420631992,97.8257021183226,7576.85222881085,1.00007566688347
"lambda_E_S[1,142,1]",28.3466522478149,0.025339525274252,2.31728335093107,24.1631467808574,26.7514662251132,28.2504654632406,29.8129536378434,33.2599787595529,8362.98531374289,1.00051037396185
"lambda_E_S[1,143,1]",28.3466522478149,0.025339525274252,2.31728335093107,24.1631467808574,26.7514662251132,28.2504654632406,29.8129536378434,33.2599787595529,8362.98531374289,1.00051037396185
"lambda_E_S[1,144,1]",28.3466522478149,0.025339525274252,2.31728335093107,24.1631467808574,26.7514662251132,28.2504654632406,29.8129536378434,33.2599787595529,8362.98531374289,1.00051037396185
"lambda_E_S[1,145,1]",28.3466522478149,0.025339525274252,2.31728335093107,24.1631467808574,26.7514662251132,28.2504654632406,29.8129536378434,33.2599787595529,8362.98531374289,1.00051037396185
"lambda_E_S[1,146,1]",28.3466522478149,0.025339525274252,2.31728335093107,24.1631467808574,26.7514662251132,28.2504654632406,29.8129536378434,33.2599787595529,8362.98531374289,1.00051037396185
"lambda_E_S[1,147,1]",80.1224391133552,0.0926265508095173,8.06268886487303,65.7902926222365,74.5268869668516,79.6543683628563,85.2050420631992,97.8257021183226,7576.85222881085,1.00007566688347
"lambda_E_S[1,148,1]",80.1224391133552,0.0926265508095173,8.06268886487303,65.7902926222365,74.5268869668516,79.6543683628563,85.2050420631992,97.8257021183226,7576.85222881085,1.00007566688347
"lambda_E_S[1,149,1]",28.3466522478149,0.025339525274252,2.31728335093107,24.1631467808574,26.7514662251132,28.2504654632406,29.8129536378434,33.2599787595529,8362.98531374289,1.00051037396185
"lambda_E_S[1,150,1]",28.3466522478149,0.025339525274252,2.31728335093107,24.1631467808574,26.7514662251132,28.2504654632406,29.8129536378434,33.2599787595529,8362.98531374289,1.00051037396185
"lambda_E_S[1,151,1]",28.3466522478149,0.025339525274252,2.31728335093107,24.1631467808574,26.7514662251132,28.2504654632406,29.8129536378434,33.2599787595529,8362.98531374289,1.00051037396185
"lambda_E_S[1,152,1]",24.2277803089155,0.0176291801674129,1.94535821870908,20.6153161424237,22.8776120275379,24.1568420224166,25.5004623098505,28.2058888804358,12176.8494271635,0.999860694046575
"lambda_E_S[1,153,1]",24.2277803089155,0.0176291801674129,1.94535821870908,20.6153161424237,22.8776120275379,24.1568420224166,25.5004623098505,28.2058888804358,12176.8494271635,0.999860694046575
"lambda_E_S[1,154,1]",68.4467372544062,0.0644774440765312,6.46331071149126,56.9011968123057,64.0053022589947,68.0885541838343,72.6069777319658,82.3867807197191,10048.342778902,1.00000261820314
"lambda_E_S[1,155,1]",68.4467372544062,0.0644774440765312,6.46331071149126,56.9011968123057,64.0053022589947,68.0885541838343,72.6069777319658,82.3867807197191,10048.342778902,1.00000261820314
"lambda_E_S[1,156,1]",24.2277803089155,0.0176291801674129,1.94535821870908,20.6153161424237,22.8776120275379,24.1568420224166,25.5004623098505,28.2058888804358,12176.8494271635,0.999860694046575
"lambda_E_S[1,157,1]",24.2277803089155,0.0176291801674129,1.94535821870908,20.6153161424237,22.8776120275379,24.1568420224166,25.5004623098505,28.2058888804358,12176.8494271635,0.999860694046575
"lambda_E_S[1,158,1]",24.2277803089155,0.0176291801674129,1.94535821870908,20.6153161424237,22.8776120275379,24.1568420224166,25.5004623098505,28.2058888804358,12176.8494271635,0.999860694046575
"lambda_E_S[1,159,1]",24.2277803089155,0.0176291801674129,1.94535821870908,20.6153161424237,22.8776120275379,24.1568420224166,25.5004623098505,28.2058888804358,12176.8494271635,0.999860694046575
"lambda_E_S[1,160,1]",24.2277803089155,0.0176291801674129,1.94535821870908,20.6153161424237,22.8776120275379,24.1568420224166,25.5004623098505,28.2058888804358,12176.8494271635,0.999860694046575
"lambda_E_S[1,161,1]",68.4467372544062,0.0644774440765312,6.46331071149126,56.9011968123057,64.0053022589947,68.0885541838343,72.6069777319658,82.3867807197191,10048.342778902,1.00000261820314
"lambda_E_S[1,162,1]",68.4467372544062,0.0644774440765312,6.46331071149126,56.9011968123057,64.0053022589947,68.0885541838343,72.6069777319658,82.3867807197191,10048.342778902,1.00000261820314
"lambda_E_S[1,163,1]",24.2277803089155,0.0176291801674129,1.94535821870908,20.6153161424237,22.8776120275379,24.1568420224166,25.5004623098505,28.2058888804358,12176.8494271635,0.999860694046575
"lambda_E_S[1,164,1]",24.2277803089155,0.0176291801674129,1.94535821870908,20.6153161424237,22.8776120275379,24.1568420224166,25.5004623098505,28.2058888804358,12176.8494271635,0.999860694046575
"lambda_E_S[1,165,1]",24.2277803089155,0.0176291801674129,1.94535821870908,20.6153161424237,22.8776120275379,24.1568420224166,25.5004623098505,28.2058888804358,12176.8494271635,0.999860694046575
"lambda_E_S[1,166,1]",24.2277803089155,0.0176291801674129,1.94535821870908,20.6153161424237,22.8776120275379,24.1568420224166,25.5004623098505,28.2058888804358,12176.8494271635,0.999860694046575
"lambda_E_S[1,167,1]",24.2277803089155,0.0176291801674129,1.94535821870908,20.6153161424237,22.8776120275379,24.1568420224166,25.5004623098505,28.2058888804358,12176.8494271635,0.999860694046575
"lambda_E_S[1,168,1]",68.4467372544062,0.0644774440765312,6.46331071149126,56.9011968123057,64.0053022589947,68.0885541838343,72.6069777319658,82.3867807197191,10048.342778902,1.00000261820314
"lambda_E_S[1,169,1]",68.4467372544062,0.0644774440765312,6.46331071149126,56.9011968123057,64.0053022589947,68.0885541838343,72.6069777319658,82.3867807197191,10048.342778902,1.00000261820314
"lambda_E_S[1,170,1]",24.2277803089155,0.0176291801674129,1.94535821870908,20.6153161424237,22.8776120275379,24.1568420224166,25.5004623098505,28.2058888804358,12176.8494271635,0.999860694046575
"lambda_E_S[1,171,1]",24.2277803089155,0.0176291801674129,1.94535821870908,20.6153161424237,22.8776120275379,24.1568420224166,25.5004623098505,28.2058888804358,12176.8494271635,0.999860694046575
"lambda_E_S[1,172,1]",24.2277803089155,0.0176291801674129,1.94535821870908,20.6153161424237,22.8776120275379,24.1568420224166,25.5004623098505,28.2058888804358,12176.8494271635,0.999860694046575
"lambda_E_S[1,173,1]",24.2277803089155,0.0176291801674129,1.94535821870908,20.6153161424237,22.8776120275379,24.1568420224166,25.5004623098505,28.2058888804358,12176.8494271635,0.999860694046575
"lambda_E_S[1,174,1]",24.2277803089155,0.0176291801674129,1.94535821870908,20.6153161424237,22.8776120275379,24.1568420224166,25.5004623098505,28.2058888804358,12176.8494271635,0.999860694046575
"lambda_E_S[1,175,1]",73.7947181840058,0.123128078624586,12.8362565339525,52.5156020550453,64.6195562767897,72.4131409606034,81.4988775503384,102.517763804281,10868.3238500436,0.999742866964775
"lambda_E_S[1,176,1]",73.7947181840058,0.123128078624586,12.8362565339525,52.5156020550453,64.6195562767897,72.4131409606034,81.4988775503384,102.517763804281,10868.3238500436,0.999742866964775
"lambda_E_S[1,177,1]",73.7947181840058,0.123128078624586,12.8362565339525,52.5156020550453,64.6195562767897,72.4131409606034,81.4988775503384,102.517763804281,10868.3238500436,0.999742866964775
"lambda_E_S[1,178,1]",24.2277803089155,0.0176291801674129,1.94535821870908,20.6153161424237,22.8776120275379,24.1568420224166,25.5004623098505,28.2058888804358,12176.8494271635,0.999860694046575
"lambda_E_S[1,179,1]",24.2277803089155,0.0176291801674129,1.94535821870908,20.6153161424237,22.8776120275379,24.1568420224166,25.5004623098505,28.2058888804358,12176.8494271635,0.999860694046575
"lambda_E_S[1,180,1]",24.2277803089155,0.0176291801674129,1.94535821870908,20.6153161424237,22.8776120275379,24.1568420224166,25.5004623098505,28.2058888804358,12176.8494271635,0.999860694046575
"lambda_E_S[1,181,1]",24.2277803089155,0.0176291801674129,1.94535821870908,20.6153161424237,22.8776120275379,24.1568420224166,25.5004623098505,28.2058888804358,12176.8494271635,0.999860694046575
"lambda_E_S[1,182,1]",68.4467372544062,0.0644774440765312,6.46331071149126,56.9011968123057,64.0053022589947,68.0885541838343,72.6069777319658,82.3867807197191,10048.342778902,1.00000261820314
"lambda_E_S[1,183,1]",66.4525867187316,0.0796788262841542,8.20063432854987,52.1462245894675,60.6570545642132,65.8893047230924,71.4817716014593,83.9442727276847,10592.7576837466,1.00000276712165
"lambda_E_S[1,184,1]",23.5359584111524,0.0288230157243354,2.77771407476135,18.6130217268185,21.6018942762686,23.3539709150093,25.3095169701785,29.48337645752,9287.44471300253,1.00007847982872
"lambda_E_S[1,185,1]",23.5359584111524,0.0288230157243354,2.77771407476135,18.6130217268185,21.6018942762686,23.3539709150093,25.3095169701785,29.48337645752,9287.44471300253,1.00007847982872
"lambda_E_S[1,186,1]",23.5359584111524,0.0288230157243354,2.77771407476135,18.6130217268185,21.6018942762686,23.3539709150093,25.3095169701785,29.48337645752,9287.44471300253,1.00007847982872
"lambda_E_S[1,187,1]",23.5359584111524,0.0288230157243354,2.77771407476135,18.6130217268185,21.6018942762686,23.3539709150093,25.3095169701785,29.48337645752,9287.44471300253,1.00007847982872
"lambda_E_S[1,188,1]",23.5359584111524,0.0288230157243354,2.77771407476135,18.6130217268185,21.6018942762686,23.3539709150093,25.3095169701785,29.48337645752,9287.44471300253,1.00007847982872
"lambda_E_S[1,189,1]",66.4525867187316,0.0796788262841542,8.20063432854987,52.1462245894675,60.6570545642132,65.8893047230924,71.4817716014593,83.9442727276847,10592.7576837466,1.00000276712165
"lambda_E_S[1,190,1]",66.4525867187316,0.0796788262841542,8.20063432854987,52.1462245894675,60.6570545642132,65.8893047230924,71.4817716014593,83.9442727276847,10592.7576837466,1.00000276712165
"lambda_E_S[1,191,1]",23.5359584111524,0.0288230157243354,2.77771407476135,18.6130217268185,21.6018942762686,23.3539709150093,25.3095169701785,29.48337645752,9287.44471300253,1.00007847982872
"lambda_E_S[1,192,1]",23.5359584111524,0.0288230157243354,2.77771407476135,18.6130217268185,21.6018942762686,23.3539709150093,25.3095169701785,29.48337645752,9287.44471300253,1.00007847982872
"lambda_E_S[1,193,1]",23.5359584111524,0.0288230157243354,2.77771407476135,18.6130217268185,21.6018942762686,23.3539709150093,25.3095169701785,29.48337645752,9287.44471300253,1.00007847982872
"lambda_E_S[1,194,1]",23.5359584111524,0.0288230157243354,2.77771407476135,18.6130217268185,21.6018942762686,23.3539709150093,25.3095169701785,29.48337645752,9287.44471300253,1.00007847982872
"lambda_E_S[1,195,1]",23.5359584111524,0.0288230157243354,2.77771407476135,18.6130217268185,21.6018942762686,23.3539709150093,25.3095169701785,29.48337645752,9287.44471300253,1.00007847982872
"lambda_E_S[1,196,1]",66.4525867187316,0.0796788262841542,8.20063432854987,52.1462245894675,60.6570545642132,65.8893047230924,71.4817716014593,83.9442727276847,10592.7576837466,1.00000276712165
"lambda_E_S[1,197,1]",71.8120280110954,0.15279585836794,14.6471787245716,47.9687931221218,61.4999976224101,70.2038199518571,80.3824709044744,104.732253412084,9189.35007409064,1.00000960747925
"lambda_E_S[1,198,1]",23.5359584111524,0.0288230157243354,2.77771407476135,18.6130217268185,21.6018942762686,23.3539709150093,25.3095169701785,29.48337645752,9287.44471300253,1.00007847982872
"lambda_E_S[1,199,1]",23.5359584111524,0.0288230157243354,2.77771407476135,18.6130217268185,21.6018942762686,23.3539709150093,25.3095169701785,29.48337645752,9287.44471300253,1.00007847982872
"lambda_E_S[1,200,1]",23.5359584111524,0.0288230157243354,2.77771407476135,18.6130217268185,21.6018942762686,23.3539709150093,25.3095169701785,29.48337645752,9287.44471300253,1.00007847982872
"lambda_E_S[1,201,1]",71.8120280110954,0.15279585836794,14.6471787245716,47.9687931221218,61.4999976224101,70.2038199518571,80.3824709044744,104.732253412084,9189.35007409064,1.00000960747925
"lambda_E_S[1,202,1]",23.5359584111524,0.0288230157243354,2.77771407476135,18.6130217268185,21.6018942762686,23.3539709150093,25.3095169701785,29.48337645752,9287.44471300253,1.00007847982872
"lambda_E_S[1,203,1]",66.4525867187316,0.0796788262841542,8.20063432854987,52.1462245894675,60.6570545642132,65.8893047230924,71.4817716014593,83.9442727276847,10592.7576837466,1.00000276712165
"lambda_E_S[1,204,1]",66.4525867187316,0.0796788262841542,8.20063432854987,52.1462245894675,60.6570545642132,65.8893047230924,71.4817716014593,83.9442727276847,10592.7576837466,1.00000276712165
"lambda_E_S[1,205,1]",23.5359584111524,0.0288230157243354,2.77771407476135,18.6130217268185,21.6018942762686,23.3539709150093,25.3095169701785,29.48337645752,9287.44471300253,1.00007847982872
"lambda_E_S[1,206,1]",23.5359584111524,0.0288230157243354,2.77771407476135,18.6130217268185,21.6018942762686,23.3539709150093,25.3095169701785,29.48337645752,9287.44471300253,1.00007847982872
"lambda_E_S[1,207,1]",23.5359584111524,0.0288230157243354,2.77771407476135,18.6130217268185,21.6018942762686,23.3539709150093,25.3095169701785,29.48337645752,9287.44471300253,1.00007847982872
"lambda_E_S[1,208,1]",23.5359584111524,0.0288230157243354,2.77771407476135,18.6130217268185,21.6018942762686,23.3539709150093,25.3095169701785,29.48337645752,9287.44471300253,1.00007847982872
"lambda_E_S[1,209,1]",23.5359584111524,0.0288230157243354,2.77771407476135,18.6130217268185,21.6018942762686,23.3539709150093,25.3095169701785,29.48337645752,9287.44471300253,1.00007847982872
"lambda_E_S[1,210,1]",66.4525867187316,0.0796788262841542,8.20063432854987,52.1462245894675,60.6570545642132,65.8893047230924,71.4817716014593,83.9442727276847,10592.7576837466,1.00000276712165
"lambda_E_S[1,211,1]",66.4525867187316,0.0796788262841542,8.20063432854987,52.1462245894675,60.6570545642132,65.8893047230924,71.4817716014593,83.9442727276847,10592.7576837466,1.00000276712165
"lambda_E_S[1,212,1]",23.5359584111524,0.0288230157243354,2.77771407476135,18.6130217268185,21.6018942762686,23.3539709150093,25.3095169701785,29.48337645752,9287.44471300253,1.00007847982872
"lambda_E_S[1,213,1]",36.1584794955025,0.0338980748767641,3.44923632824604,30.0434208620586,33.7585734590136,35.9869375924882,38.290530580154,43.424256825318,10353.7061200163,0.999708750546098
"lambda_E_S[1,214,1]",36.1584794955025,0.0338980748767641,3.44923632824604,30.0434208620586,33.7585734590136,35.9869375924882,38.290530580154,43.424256825318,10353.7061200163,0.999708750546098
"lambda_E_S[1,215,1]",36.1584794955025,0.0338980748767641,3.44923632824604,30.0434208620586,33.7585734590136,35.9869375924882,38.290530580154,43.424256825318,10353.7061200163,0.999708750546098
"lambda_E_S[1,216,1]",110.380750654627,0.212200647993064,21.4818976545853,75.8900097436076,95.1227228226484,107.956172889801,122.826166272287,158.669504843186,10248.3010548433,0.999631081404027
"lambda_E_S[1,217,1]",102.159850675522,0.110740042510534,11.0432413988227,82.5571598717,94.3905088000821,101.435075014159,109.10783082731,125.45719154829,9944.51849042365,0.999733454786425
"lambda_E_S[1,218,1]",102.159850675522,0.110740042510534,11.0432413988227,82.5571598717,94.3905088000821,101.435075014159,109.10783082731,125.45719154829,9944.51849042365,0.999733454786425
"lambda_E_S[1,219,1]",36.1584794955025,0.0338980748767641,3.44923632824604,30.0434208620586,33.7585734590136,35.9869375924882,38.290530580154,43.424256825318,10353.7061200163,0.999708750546098
"lambda_E_S[1,220,1]",36.1584794955025,0.0338980748767641,3.44923632824604,30.0434208620586,33.7585734590136,35.9869375924882,38.290530580154,43.424256825318,10353.7061200163,0.999708750546098
"lambda_E_S[1,221,1]",36.1584794955025,0.0338980748767641,3.44923632824604,30.0434208620586,33.7585734590136,35.9869375924882,38.290530580154,43.424256825318,10353.7061200163,0.999708750546098
"lambda_E_S[1,222,1]",36.1584794955025,0.0338980748767641,3.44923632824604,30.0434208620586,33.7585734590136,35.9869375924882,38.290530580154,43.424256825318,10353.7061200163,0.999708750546098
"lambda_E_S[1,223,1]",36.1584794955025,0.0338980748767641,3.44923632824604,30.0434208620586,33.7585734590136,35.9869375924882,38.290530580154,43.424256825318,10353.7061200163,0.999708750546098
"lambda_E_S[1,224,1]",102.159850675522,0.110740042510534,11.0432413988227,82.5571598717,94.3905088000821,101.435075014159,109.10783082731,125.45719154829,9944.51849042365,0.999733454786425
"lambda_E_S[1,225,1]",102.159850675522,0.110740042510534,11.0432413988227,82.5571598717,94.3905088000821,101.435075014159,109.10783082731,125.45719154829,9944.51849042365,0.999733454786425
"lambda_E_S[1,226,1]",36.1584794955025,0.0338980748767641,3.44923632824604,30.0434208620586,33.7585734590136,35.9869375924882,38.290530580154,43.424256825318,10353.7061200163,0.999708750546098
"lambda_E_S[1,227,1]",36.1584794955025,0.0338980748767641,3.44923632824604,30.0434208620586,33.7585734590136,35.9869375924882,38.290530580154,43.424256825318,10353.7061200163,0.999708750546098
"lambda_E_S[1,228,1]",36.1584794955025,0.0338980748767641,3.44923632824604,30.0434208620586,33.7585734590136,35.9869375924882,38.290530580154,43.424256825318,10353.7061200163,0.999708750546098
"lambda_E_S[1,229,1]",36.1584794955025,0.0338980748767641,3.44923632824604,30.0434208620586,33.7585734590136,35.9869375924882,38.290530580154,43.424256825318,10353.7061200163,0.999708750546098
"lambda_E_S[1,230,1]",36.1584794955025,0.0338980748767641,3.44923632824604,30.0434208620586,33.7585734590136,35.9869375924882,38.290530580154,43.424256825318,10353.7061200163,0.999708750546098
"lambda_E_S[1,231,1]",102.159850675522,0.110740042510534,11.0432413988227,82.5571598717,94.3905088000821,101.435075014159,109.10783082731,125.45719154829,9944.51849042365,0.999733454786425
"lambda_E_S[1,232,1]",102.159850675522,0.110740042510534,11.0432413988227,82.5571598717,94.3905088000821,101.435075014159,109.10783082731,125.45719154829,9944.51849042365,0.999733454786425
"lambda_E_S[1,233,1]",36.1584794955025,0.0338980748767641,3.44923632824604,30.0434208620586,33.7585734590136,35.9869375924882,38.290530580154,43.424256825318,10353.7061200163,0.999708750546098
"lambda_E_S[1,234,1]",36.1584794955025,0.0338980748767641,3.44923632824604,30.0434208620586,33.7585734590136,35.9869375924882,38.290530580154,43.424256825318,10353.7061200163,0.999708750546098
"lambda_E_S[1,235,1]",36.1584794955025,0.0338980748767641,3.44923632824604,30.0434208620586,33.7585734590136,35.9869375924882,38.290530580154,43.424256825318,10353.7061200163,0.999708750546098
"lambda_E_S[1,236,1]",36.1584794955025,0.0338980748767641,3.44923632824604,30.0434208620586,33.7585734590136,35.9869375924882,38.290530580154,43.424256825318,10353.7061200163,0.999708750546098
"lambda_E_S[1,237,1]",36.1584794955025,0.0338980748767641,3.44923632824604,30.0434208620586,33.7585734590136,35.9869375924882,38.290530580154,43.424256825318,10353.7061200163,0.999708750546098
"lambda_E_S[1,238,1]",102.159850675522,0.110740042510534,11.0432413988227,82.5571598717,94.3905088000821,101.435075014159,109.10783082731,125.45719154829,9944.51849042365,0.999733454786425
"lambda_E_S[1,239,1]",102.159850675522,0.110740042510534,11.0432413988227,82.5571598717,94.3905088000821,101.435075014159,109.10783082731,125.45719154829,9944.51849042365,0.999733454786425
"lambda_E_S[1,240,1]",36.1584794955025,0.0338980748767641,3.44923632824604,30.0434208620586,33.7585734590136,35.9869375924882,38.290530580154,43.424256825318,10353.7061200163,0.999708750546098
"lambda_E_S[1,241,1]",36.1584794955025,0.0338980748767641,3.44923632824604,30.0434208620586,33.7585734590136,35.9869375924882,38.290530580154,43.424256825318,10353.7061200163,0.999708750546098
"lambda_E_S[1,242,1]",36.1584794955025,0.0338980748767641,3.44923632824604,30.0434208620586,33.7585734590136,35.9869375924882,38.290530580154,43.424256825318,10353.7061200163,0.999708750546098
"lambda_E_S[1,243,1]",36.1584794955025,0.0338980748767641,3.44923632824604,30.0434208620586,33.7585734590136,35.9869375924882,38.290530580154,43.424256825318,10353.7061200163,0.999708750546098
"lambda_E_S[1,244,1]",37.393194032557,0.0296171053595705,2.92040046652842,32.1529781668101,35.3614213021722,37.2381809171555,39.2561706986352,43.5860918950359,9722.98459559986,0.999973038933877
"lambda_E_S[1,245,1]",105.674857526785,0.104212402157128,10.1296982516221,87.6400568698241,98.5073251487176,105.024307456132,112.294303084109,127.305702917554,9448.31151332264,0.999734912891499
"lambda_E_S[1,246,1]",105.674857526785,0.104212402157128,10.1296982516221,87.6400568698241,98.5073251487176,105.024307456132,112.294303084109,127.305702917554,9448.31151332264,0.999734912891499
"lambda_E_S[1,247,1]",37.393194032557,0.0296171053595705,2.92040046652842,32.1529781668101,35.3614213021722,37.2381809171555,39.2561706986352,43.5860918950359,9722.98459559986,0.999973038933877
"lambda_E_S[1,248,1]",37.393194032557,0.0296171053595705,2.92040046652842,32.1529781668101,35.3614213021722,37.2381809171555,39.2561706986352,43.5860918950359,9722.98459559986,0.999973038933877
"lambda_E_S[1,249,1]",37.393194032557,0.0296171053595705,2.92040046652842,32.1529781668101,35.3614213021722,37.2381809171555,39.2561706986352,43.5860918950359,9722.98459559986,0.999973038933877
"lambda_E_S[1,250,1]",37.393194032557,0.0296171053595705,2.92040046652842,32.1529781668101,35.3614213021722,37.2381809171555,39.2561706986352,43.5860918950359,9722.98459559986,0.999973038933877
"lambda_E_S[1,251,1]",37.393194032557,0.0296171053595705,2.92040046652842,32.1529781668101,35.3614213021722,37.2381809171555,39.2561706986352,43.5860918950359,9722.98459559986,0.999973038933877
"lambda_E_S[1,252,1]",105.674857526785,0.104212402157128,10.1296982516221,87.6400568698241,98.5073251487176,105.024307456132,112.294303084109,127.305702917554,9448.31151332264,0.999734912891499
"lambda_E_S[1,253,1]",105.674857526785,0.104212402157128,10.1296982516221,87.6400568698241,98.5073251487176,105.024307456132,112.294303084109,127.305702917554,9448.31151332264,0.999734912891499
"lambda_E_S[1,254,1]",37.393194032557,0.0296171053595705,2.92040046652842,32.1529781668101,35.3614213021722,37.2381809171555,39.2561706986352,43.5860918950359,9722.98459559986,0.999973038933877
"lambda_E_S[1,255,1]",37.393194032557,0.0296171053595705,2.92040046652842,32.1529781668101,35.3614213021722,37.2381809171555,39.2561706986352,43.5860918950359,9722.98459559986,0.999973038933877
"lambda_E_S[1,256,1]",37.393194032557,0.0296171053595705,2.92040046652842,32.1529781668101,35.3614213021722,37.2381809171555,39.2561706986352,43.5860918950359,9722.98459559986,0.999973038933877
"lambda_E_S[1,257,1]",37.393194032557,0.0296171053595705,2.92040046652842,32.1529781668101,35.3614213021722,37.2381809171555,39.2561706986352,43.5860918950359,9722.98459559986,0.999973038933877
"lambda_E_S[1,258,1]",37.393194032557,0.0296171053595705,2.92040046652842,32.1529781668101,35.3614213021722,37.2381809171555,39.2561706986352,43.5860918950359,9722.98459559986,0.999973038933877
"lambda_E_S[1,259,1]",105.674857526785,0.104212402157128,10.1296982516221,87.6400568698241,98.5073251487176,105.024307456132,112.294303084109,127.305702917554,9448.31151332264,0.999734912891499
"lambda_E_S[1,260,1]",105.674857526785,0.104212402157128,10.1296982516221,87.6400568698241,98.5073251487176,105.024307456132,112.294303084109,127.305702917554,9448.31151332264,0.999734912891499
"lambda_E_S[1,261,1]",37.393194032557,0.0296171053595705,2.92040046652842,32.1529781668101,35.3614213021722,37.2381809171555,39.2561706986352,43.5860918950359,9722.98459559986,0.999973038933877
"lambda_E_S[1,262,1]",37.393194032557,0.0296171053595705,2.92040046652842,32.1529781668101,35.3614213021722,37.2381809171555,39.2561706986352,43.5860918950359,9722.98459559986,0.999973038933877
"lambda_E_S[1,263,1]",37.393194032557,0.0296171053595705,2.92040046652842,32.1529781668101,35.3614213021722,37.2381809171555,39.2561706986352,43.5860918950359,9722.98459559986,0.999973038933877
"lambda_E_S[1,264,1]",37.393194032557,0.0296171053595705,2.92040046652842,32.1529781668101,35.3614213021722,37.2381809171555,39.2561706986352,43.5860918950359,9722.98459559986,0.999973038933877
"lambda_E_S[1,265,1]",37.393194032557,0.0296171053595705,2.92040046652842,32.1529781668101,35.3614213021722,37.2381809171555,39.2561706986352,43.5860918950359,9722.98459559986,0.999973038933877
"lambda_E_S[1,266,1]",105.674857526785,0.104212402157128,10.1296982516221,87.6400568698241,98.5073251487176,105.024307456132,112.294303084109,127.305702917554,9448.31151332264,0.999734912891499
"lambda_E_S[1,267,1]",105.674857526785,0.104212402157128,10.1296982516221,87.6400568698241,98.5073251487176,105.024307456132,112.294303084109,127.305702917554,9448.31151332264,0.999734912891499
"lambda_E_S[1,268,1]",37.393194032557,0.0296171053595705,2.92040046652842,32.1529781668101,35.3614213021722,37.2381809171555,39.2561706986352,43.5860918950359,9722.98459559986,0.999973038933877
"lambda_E_S[1,269,1]",37.393194032557,0.0296171053595705,2.92040046652842,32.1529781668101,35.3614213021722,37.2381809171555,39.2561706986352,43.5860918950359,9722.98459559986,0.999973038933877
"lambda_E_S[1,270,1]",37.393194032557,0.0296171053595705,2.92040046652842,32.1529781668101,35.3614213021722,37.2381809171555,39.2561706986352,43.5860918950359,9722.98459559986,0.999973038933877
"lambda_E_S[1,271,1]",37.393194032557,0.0296171053595705,2.92040046652842,32.1529781668101,35.3614213021722,37.2381809171555,39.2561706986352,43.5860918950359,9722.98459559986,0.999973038933877
"lambda_E_S[1,272,1]",37.393194032557,0.0296171053595705,2.92040046652842,32.1529781668101,35.3614213021722,37.2381809171555,39.2561706986352,43.5860918950359,9722.98459559986,0.999973038933877
"lambda_E_S[1,273,1]",105.674857526785,0.104212402157128,10.1296982516221,87.6400568698241,98.5073251487176,105.024307456132,112.294303084109,127.305702917554,9448.31151332264,0.999734912891499
"lambda_E_S[1,274,1]",105.674857526785,0.104212402157128,10.1296982516221,87.6400568698241,98.5073251487176,105.024307456132,112.294303084109,127.305702917554,9448.31151332264,0.999734912891499
"lambda_E_S[1,275,1]",84.4769369248844,0.151987075877182,15.6813001265473,58.6359979609604,73.3101938574103,82.8205061624063,93.8687008496474,119.062100631306,10645.1262063708,0.99994935640128
"lambda_E_S[1,276,1]",27.7229021672338,0.0263567382917311,2.73354498059209,22.9050890772279,25.8051000056499,27.5282115450275,29.4567783508397,33.5189232375515,10756.4539100635,0.999914273184013
"lambda_E_S[1,277,1]",27.7229021672338,0.0263567382917311,2.73354498059209,22.9050890772279,25.8051000056499,27.5282115450275,29.4567783508397,33.5189232375515,10756.4539100635,0.999914273184013
"lambda_E_S[1,278,1]",27.7229021672338,0.0263567382917311,2.73354498059209,22.9050890772279,25.8051000056499,27.5282115450275,29.4567783508397,33.5189232375515,10756.4539100635,0.999914273184013
"lambda_E_S[1,279,1]",27.7229021672338,0.0263567382917311,2.73354498059209,22.9050890772279,25.8051000056499,27.5282115450275,29.4567783508397,33.5189232375515,10756.4539100635,0.999914273184013
"lambda_E_S[1,280,1]",78.3155682957063,0.0853978337109764,8.59032095038996,63.1875227157361,72.2589210419445,77.7321069795684,83.7672675052837,96.6214792709589,10118.7082042857,0.999582523497029
"lambda_E_S[1,281,1]",78.3155682957063,0.0853978337109764,8.59032095038996,63.1875227157361,72.2589210419445,77.7321069795684,83.7672675052837,96.6214792709589,10118.7082042857,0.999582523497029
"lambda_E_S[1,282,1]",27.7229021672338,0.0263567382917311,2.73354498059209,22.9050890772279,25.8051000056499,27.5282115450275,29.4567783508397,33.5189232375515,10756.4539100635,0.999914273184013
"lambda_E_S[1,283,1]",27.7229021672338,0.0263567382917311,2.73354498059209,22.9050890772279,25.8051000056499,27.5282115450275,29.4567783508397,33.5189232375515,10756.4539100635,0.999914273184013
"lambda_E_S[1,284,1]",27.7229021672338,0.0263567382917311,2.73354498059209,22.9050890772279,25.8051000056499,27.5282115450275,29.4567783508397,33.5189232375515,10756.4539100635,0.999914273184013
"lambda_E_S[1,285,1]",27.7229021672338,0.0263567382917311,2.73354498059209,22.9050890772279,25.8051000056499,27.5282115450275,29.4567783508397,33.5189232375515,10756.4539100635,0.999914273184013
"lambda_E_S[1,286,1]",27.7229021672338,0.0263567382917311,2.73354498059209,22.9050890772279,25.8051000056499,27.5282115450275,29.4567783508397,33.5189232375515,10756.4539100635,0.999914273184013
"lambda_E_S[1,287,1]",78.3155682957063,0.0853978337109764,8.59032095038996,63.1875227157361,72.2589210419445,77.7321069795684,83.7672675052837,96.6214792709589,10118.7082042857,0.999582523497029
"lambda_E_S[1,288,1]",78.3155682957063,0.0853978337109764,8.59032095038996,63.1875227157361,72.2589210419445,77.7321069795684,83.7672675052837,96.6214792709589,10118.7082042857,0.999582523497029
"lambda_E_S[1,289,1]",27.7229021672338,0.0263567382917311,2.73354498059209,22.9050890772279,25.8051000056499,27.5282115450275,29.4567783508397,33.5189232375515,10756.4539100635,0.999914273184013
"r_E",4.42208620290354,0.0042105820362698,0.409933594320787,3.664922150263,4.13507386461784,4.4001319571188,4.69670270489907,5.26806285133119,9478.56853045827,0.999762579854818
"r_OSP",15040.5786947077,14823.6247276015,1254227.02721299,0.0003438375444042,0.0403690694613124,0.249878014847107,1.43207683192114,137.281626301415,7158.85368688439,1.00005915232259
"mu_C[1,1]",-0.00432483030612409,0.00495267494886474,0.211801253083487,-0.414217057085343,-0.113532890483574,-0.0147964295382132,0.0949528393811476,0.439033125926174,1828.8471055628,1.00130464106388
"phi_C",0.289098357867746,0.00717824501677747,0.339431744535128,-0.45313691302092,0.0624914946695859,0.317365338858796,0.547009884424941,0.848300616139164,2235.98227339106,1.00088520969777
"r_C",0.846063278325659,0.000507465808035677,0.052475666658241,0.747682876352113,0.809586587801954,0.84410500231879,0.881174102699557,0.953946216312493,10693.0687180184,0.999853121859822
"L[1]",2.44446981418285,0.0041921188003282,0.441571851565531,1.69724421677074,2.13055509500742,2.40217810702357,2.71682112247526,3.42877869233869,11095.211848442,0.999721471974518
"L[2]",2.44623875286732,0.00422789464199728,0.442056437569133,1.70264621338144,2.12525052492924,2.40995708075309,2.7283058795251,3.39618292478119,10932.1888765128,0.999710065756625
"L[3]",2.44840794363238,0.00421268512963145,0.441025621671836,1.69695463065136,2.13453296050877,2.41099396983133,2.72121005528618,3.42027175884458,10959.9769870374,0.999825074588629
"L[4]",2.44827644850426,0.00437884452330907,0.440879149796119,1.69996515967282,2.13546185045677,2.40585021708888,2.71371020200022,3.43623000333669,10137.2479811363,0.999644316013251
"L[5]",2.44536434975029,0.00410372221547508,0.442356329370965,1.69671128854445,2.12469985774981,2.41319095061,2.73076692067454,3.39397920104348,11619.5305114657,0.999734929952311
"L[6]",2.38223098025143,0.00397984531382055,0.419396678260852,1.67631614979506,2.08504474215334,2.34305200674889,2.63475098665211,3.31711919967637,11104.9750668165,0.999836427360886
"L[7]",2.45064883533584,0.0044653210003658,0.448981968657082,1.69268564263324,2.13164664652713,2.41061215973686,2.72412084598269,3.44336420639694,10110.0296771853,0.999655820114377
"L[8]",2.44618536029827,0.00415126563583269,0.43136549550438,1.72125741171726,2.13529304103127,2.41180779823927,2.71344551101148,3.39021190837558,10797.6627302732,0.999907888527676
"L[9]",2.45143591049087,0.00423845287728124,0.447489873947039,1.70776203404001,2.13229976248976,2.40829216932174,2.72076574738558,3.45643998437603,11146.8384363342,0.99978544351562
"L[10]",2.44763205555353,0.00440606950928756,0.449258394024162,1.67636522273946,2.13073675319449,2.41143406579663,2.72131703754419,3.45117832362491,10396.5611460651,0.999746639898162
"L[11]",2.45001628041927,0.00421301920585171,0.44919807030448,1.67949320051035,2.13443041313253,2.41099560720499,2.71889726376985,3.44708651362132,11368.1261950321,0.999874290394596
"L[12]",2.44694956641363,0.00439335442895711,0.447429145034949,1.68635712144132,2.12182957031437,2.40766001262359,2.72631146018935,3.41057233202661,10371.8459686844,0.999849064614982
"L[13]",2.44686892593651,0.00434773561177916,0.450541994266176,1.69008331221701,2.12547380895961,2.41179416933559,2.71013135249944,3.46370252331048,10738.5168039871,0.999955598944864
"L[14]",2.44536022485381,0.00416342469729652,0.436541994707847,1.69712798119523,2.13479817923285,2.41038135542379,2.71066111221485,3.39765459103187,10993.8708017604,0.99983561286881
"L[15]",2.44037961142256,0.00430434001277393,0.438969921854365,1.69627339304235,2.12096723797047,2.4101144237286,2.71257592422914,3.40718711709242,10400.5519225808,0.999880862745616
"L[16]",2.44965202848694,0.00434885598801794,0.443598212782708,1.71146262332381,2.14017201319408,2.4093159289699,2.72043970837541,3.42800329425202,10404.699048225,0.999843241851433
"L[17]",2.44478248251531,0.00429946766065917,0.439585107387551,1.6882073893583,2.13521566737016,2.41215411046407,2.71569775738595,3.42723861255266,10453.3759040801,1.00011270451277
"L[18]",2.44440785244903,0.00435862821117127,0.438117937967657,1.69312636529712,2.13850700213111,2.40446487241943,2.70822272152982,3.40511924735395,10103.7459783935,0.999615635952781
"L[19]",2.44853102193855,0.00404028901924418,0.440635393860362,1.68739746578209,2.14059990702539,2.40948025272807,2.71842132036665,3.40361046462074,11894.16314462,0.999695165918904
"L[20]",2.44861638067387,0.0045063859574952,0.448528565870926,1.67442679612294,2.12802574068233,2.40995635186388,2.72261450953151,3.44058796132744,9906.573028107,0.999811588348729
"L[21]",2.44951258186511,0.00459418841311557,0.445165297063944,1.69927206184238,2.12836374469742,2.41346665648275,2.72559136887422,3.41521674299267,9389.12235537902,0.999826939940778
"L[22]",2.44315447747062,0.00426908773281124,0.434681114134573,1.70569435956207,2.12965706373852,2.40637552469418,2.70551828868721,3.39507907460479,10367.4364793956,0.999688628393794
"L[23]",2.44588013467939,0.00407450839319422,0.440855717203877,1.69603391780554,2.14037181089884,2.4073092026985,2.70780916222394,3.4260005511743,11706.916508151,0.999853418306632
"L[24]",2.44351103259691,0.00424289192613924,0.434638068006088,1.70574767179402,2.13643026759781,2.40662715428909,2.70528475999659,3.40391368162176,10493.7710290091,0.999816371928695
"L[25]",2.44379880680146,0.0043315298401259,0.440004180543189,1.68831715352347,2.14353225139655,2.40627772495828,2.70530501592149,3.42111001027787,10318.8425151413,0.999736610999226
"L[26]",2.44404279913247,0.00441832383675062,0.445914341496828,1.68551357526039,2.12661829387637,2.40748489568891,2.717025337291,3.42646953460375,10185.6275804884,0.999889449349497
"L[27]",2.4450273054749,0.0042977293148793,0.435413451164541,1.69909361916665,2.13051692586503,2.40325353339498,2.71377884155691,3.39156541179862,10264.2108671878,0.999990123646039
"L[28]",2.44300432986724,0.00420453760447193,0.440782315838196,1.68760715889746,2.12643827386452,2.40098145537209,2.7191521495118,3.40142651012959,10990.3580795275,0.999821795141717
"L[29]",2.44761253295505,0.00434246119412361,0.442872428002933,1.69893352950311,2.13332125764237,2.40179128501903,2.72556751336064,3.42193852747624,10401.2466251206,0.999889586154919
"L[30]",2.44688295077363,0.00423614731596607,0.437039993105299,1.70061309148048,2.13821188992651,2.41132113279568,2.71976163444086,3.41154568815218,10643.8869184909,0.999822231214046
"L[31]",2.44393986791291,0.00433029052666878,0.433928254833048,1.70729939671231,2.13226238854123,2.41030296758955,2.71604156489336,3.39726836803695,10041.5739209772,0.999709943442863
"L[32]",2.44650630179642,0.00417513706285736,0.438801419344211,1.69400225689459,2.1332759985137,2.40653687436285,2.72196265794788,3.4062484837291,11045.7338073847,0.999838576719334
"L[33]",2.44656514738119,0.00431611830469144,0.446106080886434,1.69235918694957,2.13201966672199,2.40538841507434,2.71230072911376,3.4193052896152,10682.9108943403,0.999700546983487
"L[34]",2.44773811936532,0.00422926456265505,0.436992603496031,1.69521059453394,2.14056802275003,2.40910194516301,2.7184506122199,3.39376557300181,10676.2433806821,0.999663238884556
"L[35]",2.44349311683507,0.00432296225114601,0.434505950623348,1.71341070014804,2.1416715543258,2.40012231472027,2.70298063079147,3.43115591023129,10102.4932903327,0.999668681624538
"L[36]",2.44691831433898,0.00424001694990307,0.43995679958303,1.69887396146287,2.13708575824209,2.40698789443362,2.72096635005814,3.40837733097334,10766.7562930879,0.999743198336118
"L[37]",2.44871609935232,0.00448404305765843,0.449159517431729,1.70268329900916,2.1221605678828,2.40808900026576,2.72306367340931,3.44576474695002,10033.7127733879,1.00023018107863
"L[38]",2.45204648337494,0.00437037654907703,0.451165818275513,1.68552379663692,2.13098356855039,2.41200963821899,2.73293255772331,3.46259090391772,10656.9925742761,0.999777075520506
"L[39]",2.44048327067332,0.00426873855089189,0.424204767832667,1.71916178938239,2.14182830717586,2.40571731734976,2.70409620623112,3.36194475165023,9875.33821488735,0.999630809343188
"L[40]",2.44662763460876,0.00451989758880308,0.445467812768147,1.70312586951494,2.13526158447198,2.40313837169947,2.70907394293082,3.44389583680229,9713.49385406891,0.999822543416986
"L[41]",2.44656429081995,0.00441563012534213,0.439920515825272,1.69976695516142,2.13849712598323,2.406200047486,2.71482655278511,3.38301701987578,9925.74369512724,0.999771958619587
"L[42]",2.44487427698997,0.00420906103020503,0.435017108095476,1.6947273265053,2.14179910867868,2.40421409295553,2.71226646928817,3.40651234014634,10681.7455408567,0.99961916123415
"L[43]",2.45044519340599,0.00434673970972381,0.447027165689,1.69969045108648,2.13450777532565,2.41355687278403,2.71929756281323,3.4386564371414,10576.4656292503,0.999722221457472
"L[44]",2.44672881690983,0.00450433769741087,0.446934078526123,1.6895012523815,2.13688743146622,2.40773522279858,2.70902129037429,3.44158089349148,9845.21162289139,0.999847023027196
"L[45]",2.44880745764124,0.00426637214295263,0.450886628599457,1.68289531558646,2.13226422961511,2.41150354773324,2.72022889325051,3.43496298422446,11169.0759030828,0.999926122665855
"L[46]",2.44896149008336,0.00427740133844164,0.440954669239964,1.6977321848757,2.14397207498617,2.40945251002762,2.72037491612512,3.40772479293691,10627.4211002111,0.999849086909539
"L[47]",2.44910273159053,0.00437517171883554,0.449502332609438,1.69056560553535,2.12992603743707,2.40440409570648,2.71555611399082,3.47240559497739,10555.3756388811,0.999937012734652
"L[48]",2.4483047467778,0.00449311937230422,0.448247280699149,1.69027725685122,2.12572798838115,2.40196480838463,2.72700184283857,3.43640871063997,9952.66561703618,1.000027798412
"L[49]",2.44637414354232,0.00418582325680197,0.444851828506177,1.70214111326058,2.12754148800703,2.41113953205673,2.7186352299149,3.41177427500266,11294.5514153861,0.99969721365524
"L[50]",2.44094293933389,0.00445806050923797,0.437032491725325,1.71188113074155,2.13061297590751,2.39929983480321,2.709060020324,3.42248870898235,9610.26879683832,1.00031941110919
"L[51]",2.44610043430679,0.00432986572465585,0.440630171549293,1.70786647564242,2.13852537571192,2.40426665926872,2.71266364659733,3.42625125433318,10356.1803792706,0.999929557535986
"L[52]",2.44403147072188,0.00420719748059732,0.444656064884739,1.68499506607578,2.13601173045567,2.40503988023935,2.70885149395884,3.42191019183046,11170.2436190545,0.999715194968896
"L[53]",2.27484757297187,0.00442126739564281,0.415364462843692,1.57505608210805,1.97596172060716,2.23828752675078,2.52323306701073,3.19859038712052,8826.02413984878,0.999884931519979
"L[54]",2.44857471086696,0.00428249289934772,0.442440590407884,1.68452753655752,2.13478031236502,2.41438960830021,2.71885580826245,3.40267922052599,10673.7400884874,0.99993491167667
"L[55]",2.44951743533825,0.00436837420411195,0.444370706599128,1.70015692945844,2.13729126530407,2.40764733120737,2.71535996367614,3.44654491736303,10347.8750586616,0.999801676926531
"L[56]",2.44579730541832,0.00444563987840846,0.442284338998896,1.7018366876447,2.13485750527367,2.40417837418152,2.71295426443359,3.44323683793339,9897.70633350698,1.00055768356407
"L[57]",2.45024448281474,0.0042313639908035,0.449617662056725,1.68631707364844,2.13650046948159,2.4126967893371,2.71713868996111,3.46861046748374,11290.8322309109,0.999701714795371
"L[58]",2.44101398942369,0.00446454761705409,0.44205016526425,1.69301687608795,2.12463703178858,2.40567533986694,2.71459373867283,3.40477733089884,9803.65897889021,0.99974255744184
"L[59]",2.44748689324087,0.00418950941605024,0.431368950371688,1.71852256548131,2.13956264345189,2.41035360348216,2.71233494445828,3.39157122578965,10601.6001824349,0.99963263737014
"L[60]",2.45216718116031,0.00444299700440304,0.440776823261462,1.69781333968348,2.14206875585957,2.41736774102174,2.72199829826927,3.40842905043759,9842.04758048435,0.999709735199645
"L[61]",2.44763333727443,0.00434650564797625,0.443563948520493,1.70023220773674,2.13297321846107,2.40794402725182,2.7111412635403,3.42742016232219,10414.3455860517,0.999601713843439
"L[62]",2.45117237413562,0.00443120718104166,0.453824444966404,1.68473851295387,2.12335533919655,2.41430357921792,2.72838830392795,3.45846838947726,10488.941385187,0.999650071380699
"L[63]",2.44971345624164,0.00437061325501928,0.446480849960231,1.7005441752414,2.13822251344641,2.40787990830976,2.71756340851411,3.44444004451569,10435.6838946649,0.999723875711965
"L[64]",2.45273090786405,0.00439553221960924,0.439688169370069,1.70947205900416,2.14891188732917,2.41235539668706,2.71659078994974,3.42879193321775,10006.1411504924,0.999984508683653
"L[65]",2.44787109524607,0.0042489880228027,0.443305416794857,1.68813914292656,2.13561277957838,2.41337968630297,2.72293666843027,3.4127982455296,10885.1661454159,1.00003581882171
"L[66]",2.44596507046637,0.0043005946679893,0.434538168729473,1.69681785791981,2.13920359892941,2.40980785754749,2.709934577613,3.41594016790055,10209.3674575376,0.999750335251643
"L[67]",2.43984915611449,0.00427640856898135,0.436063926442096,1.70871274805371,2.13022040889093,2.39960816354067,2.7045704532426,3.42027347767405,10397.8114957525,1.00004836786888
"L[68]",2.44621504108029,0.00420756275151569,0.443973842522347,1.69555505417216,2.130425389322,2.40084160759252,2.72083903258462,3.41367705190706,11134.0601663149,0.999808743727732
"L[69]",2.44521376781431,0.00431553853268205,0.445558176270147,1.68528524638482,2.12806016398969,2.40109067278027,2.71819189680253,3.42662985106658,10659.5491863912,0.999705635325284
"L[70]",2.45076010364866,0.00419656195408147,0.44132297299684,1.70336975019289,2.13772736757214,2.41182654944914,2.72084792468983,3.38980335188221,11059.2529714724,0.999698115847563
"L[71]",2.44439419942489,0.00408782513537928,0.442809283198951,1.69742040907624,2.12984673916589,2.41166216985306,2.70055107928189,3.42164400888377,11734.0737778858,0.999849904410958
"L[72]",2.45202052611505,0.00432635695062076,0.450232836571281,1.69048768123164,2.13780131122267,2.41629777346302,2.72532070660153,3.44657253773771,10830.0293834051,0.999772149428904
"L[73]",2.44625409694048,0.00417397524956814,0.443832328233104,1.6894859337533,2.13845376485946,2.40545141381764,2.71300031218846,3.44460440643156,11306.7587576962,0.999635052378206
"L[74]",2.44895378780355,0.00433860055630924,0.441603005843249,1.70525274614966,2.13970518005289,2.41080743404908,2.71686254375879,3.41552917402296,10360.1181066045,0.999806376661062
"L[75]",2.44426370145185,0.00441484293445296,0.438630255880053,1.70009610522683,2.13542947242634,2.40342967483699,2.71023910424877,3.41310025024698,9871.12509128758,1.00031306202973
"L[76]",2.44575334495954,0.00426813791489282,0.440418119087688,1.69182012982968,2.13171292388923,2.41553492584252,2.71413459303027,3.42133036808962,10647.642652407,1.00004673351454
"L[77]",2.4561858278611,0.00447005965036772,0.444396869661543,1.7034915802421,2.13814638083571,2.41377710995951,2.73145436934166,3.43356890552629,9883.60419489746,0.999944692061772
"L[78]",2.44693954757001,0.00434954904429289,0.43820767084302,1.69243350276491,2.13784559413204,2.41408529524244,2.72720802612684,3.38201555618233,10150.1272487503,0.999714669272924
"L[79]",2.44551207220745,0.00424263113062358,0.44083152624252,1.6864451515768,2.13031736783849,2.405606419412,2.72191502253043,3.40407617270267,10796.2949997267,0.999619095231178
"L[80]",2.44306772445301,0.00442588068806905,0.451287032833681,1.69049678515106,2.12166241866004,2.39584867769958,2.71961650658007,3.44017458153006,10396.9583767952,0.999849313434875
"L[81]",2.44642362920737,0.00418609232531438,0.446119475372964,1.6841261603596,2.13243343359357,2.40464385286996,2.72104306998197,3.45434595132982,11357.5526946984,0.999704358931827
"L[82]",2.45816579580152,0.00453007104879498,0.451018805819377,1.68967702068349,2.13835754764525,2.42033468228173,2.73029694907755,3.45471815853028,9912.4103968873,0.999701185446731
"L[83]",2.46006819304511,0.00425160966081138,0.447527390934084,1.69106650330404,2.14281909140524,2.4256231538492,2.73567696511445,3.44084103957683,11079.8140687667,0.999976555555341
"L[84]",2.44497583646396,0.00428220950365059,0.437722827312842,1.69843814967058,2.129008156793,2.41551282184737,2.71549494078134,3.41404948974324,10448.7074453623,0.999557988568327
"L[85]",2.45033163528329,0.00431611756566706,0.437270044591309,1.70709238068724,2.13838651439261,2.40633134828526,2.72640539192871,3.41230279222501,10263.9120498681,0.999678314467885
"L[86]",2.45114121691018,0.00448568550183426,0.442508334073181,1.71031092741065,2.13945110490443,2.40335485944827,2.7224793231237,3.44246667229113,9731.62278200517,0.999747975296644
"L[87]",2.44419766031938,0.00424355982778459,0.431826843078933,1.71209692954072,2.13784544069842,2.40441647687186,2.71251445690717,3.38429425159911,10355.2028720547,0.999816693570697
"L[88]",2.44655279168484,0.00432353440944856,0.43829058917257,1.70027482938762,2.13730815036804,2.40856462881019,2.71402543456288,3.3928240652946,10276.5289972176,0.999877117352924
"L[89]",2.44812899949918,0.00452166985409528,0.445501533259668,1.70367750650867,2.13593006593432,2.40482925235309,2.72055232974556,3.43177935882755,9707.35041627375,0.999980498196822
"L[90]",2.52158262736698,0.00438502784353502,0.442400818522233,1.76353393691549,2.20625399746981,2.48303137422322,2.79867220736925,3.49621594336535,10178.5785602427,0.999734020102075
"L[91]",2.44928512235548,0.00440491076810909,0.441306946322446,1.69666818877752,2.13624089685106,2.41204660110768,2.72004280668137,3.40777233340252,10037.077939773,0.999714837149542
"L[92]",2.43887686157893,0.00440459933949326,0.438840065348978,1.68973733784591,2.12769274115677,2.39806384142948,2.70487607283615,3.4267779684179,9926.5817478327,0.999725968955023
"L[93]",2.45364232404608,0.00417676608753895,0.44106143321564,1.69432492363298,2.14735135407817,2.41812916723832,2.71920895986897,3.43932613916522,11151.1038557564,0.999655146816389
"L[94]",2.44755108376557,0.0045048188959525,0.442967646380671,1.69016624166048,2.1304045689206,2.40998674192763,2.71968062304264,3.42128240611223,9669.1732615201,1.00013731685443
"L[95]",2.44985491705385,0.004339806760191,0.440595073755155,1.69006447956446,2.14438534456399,2.41260262524866,2.71268714528878,3.43023825399152,10307.1474778041,0.999672136631055
"L[96]",2.44743585847582,0.00447477365361949,0.440250169435716,1.68902998984677,2.13039296330688,2.41688625898336,2.72103442170581,3.38920300154636,9679.58903179037,1.0002751451178
"L[97]",2.44803406993264,0.00425633597745983,0.443587752934862,1.69782130348313,2.13696008506171,2.40590315159596,2.71852000257136,3.40835045796872,10861.4370686135,0.999732402256155
"L[98]",2.43921430579309,0.00416820631291356,0.439478098073205,1.70302834441702,2.12571308428873,2.40276493538881,2.70709995661659,3.40881094110271,11116.7044261467,0.999739496498948
"L[99]",2.44889715592202,0.00425896324500236,0.446980482743735,1.69085014503718,2.13723544671505,2.41128482749285,2.71895574488467,3.44559372498278,11014.6153702317,0.99995938247187
"L[100]",2.44724278084775,0.00435387722516157,0.44644314610121,1.68181160165352,2.13392388729358,2.40307979678788,2.7158499134261,3.43628528068196,10514.29029378,0.999908656569079
"L[101]",2.45020771123845,0.00412165477541348,0.438474470578945,1.69401515699099,2.15028553216249,2.4118269223582,2.71225009620727,3.41191199050494,11317.3669824073,0.999953077803374
"L[102]",2.44681180556422,0.00446977090974085,0.440596470385847,1.69396360955132,2.13732673566264,2.40939317480271,2.71466042616289,3.40690009051959,9716.5367588047,0.999805494043565
"L[103]",2.44426904648048,0.00413920813768667,0.444097001165487,1.67299306306689,2.13298953894631,2.4071394808138,2.71395780847335,3.40338658640217,11511.2146074303,0.99991090972311
"L[104]",2.44872243559304,0.00417888277629048,0.440616396435655,1.70289776830507,2.13235647884118,2.40772609585622,2.72708397841207,3.43163642974139,11117.3411087507,1.00012696883613
"L[105]",2.45388737093662,0.00430079403753103,0.446450359108899,1.67924470507712,2.13888093513242,2.41692441082827,2.72468851005277,3.42883947290821,10775.7886144584,0.999837698745452
"L[106]",2.44538767911193,0.00423081009965708,0.44022136983443,1.69523655830574,2.13161008461637,2.40442590199647,2.71548388725396,3.40094435477377,10826.6769131665,0.999776037725423
"L[107]",2.45373979683341,0.00430321650268275,0.442301373824007,1.69130789905538,2.13841453962597,2.42450162683461,2.73019443662097,3.40954770337988,10564.5300578364,0.999963090989139
"L[108]",2.45382373971391,0.00425994591641154,0.446550335617837,1.70317907775946,2.13855792679476,2.41493930172394,2.72288857457508,3.44277252881351,10988.3546891106,0.999950125105464
"L[109]",2.44662176945514,0.00431728061373564,0.4435815788557,1.69376556274389,2.12472632247511,2.4057090779233,2.72009817396414,3.42301775544462,10556.6579304449,0.999815032789985
"L[110]",2.44922302852314,0.00439839126181747,0.441836251340041,1.68476417194289,2.13760619663936,2.41786712836545,2.72501191052874,3.40921676956766,10091.0177877942,0.9999514997535
"L[111]",2.44715014893476,0.00419937491873476,0.432973119947293,1.70722568235494,2.14388165172857,2.41150110162311,2.71819440766228,3.38001634039783,10630.472544263,0.999654085400108
"L[112]",2.44618605898825,0.00438324841765811,0.448587320133148,1.66426141248883,2.13269163027905,2.40879165580592,2.72285164120076,3.41680950931003,10473.7406979213,0.999809964989969
"L[113]",2.45164750614499,0.00423494583595103,0.433443234754585,1.70417115806245,2.14803608645571,2.41174315332913,2.71359722502747,3.42185630217853,10475.3546998697,1.00018493876159
"L[114]",2.44873530085587,0.00459348380386368,0.448644220228647,1.69681679888475,2.12693883179653,2.4136086759818,2.72714235423447,3.43171472385784,9539.37179287328,0.999750066234509
"L[115]",2.44327526838398,0.00415211086807929,0.437505046481946,1.70245976852758,2.13093017357385,2.41044261321,2.71615327719186,3.39413103892535,11102.6909452252,1.000133371802
"L[116]",2.44980196328736,0.00485420346952022,0.44844126073416,1.69588668879084,2.13567700745108,2.40800331486078,2.71262640450704,3.44774920720766,8534.44289967525,1.00022776205996
"L[117]",2.44964996383538,0.00445488972364537,0.455154557188464,1.67976327051537,2.12107040053115,2.40357871700769,2.730045661316,3.45781773330293,10438.6389101513,0.999793363576624
"L[118]",2.44590097668068,0.00427944672866599,0.443448579431701,1.67651122524708,2.13153271522895,2.41041576139519,2.70931557581508,3.4302427967412,10737.7005137371,0.99971091822828
"L[119]",2.45115162807383,0.00460284674842961,0.444237305776373,1.70235018480637,2.13787795299401,2.40961211416496,2.71669281461658,3.43132452076667,9314.87481038417,0.999822298695446
"L[120]",2.44192146845455,0.00418322561797871,0.446361472319799,1.67839257547134,2.12665851208527,2.40218126120257,2.71319735863868,3.44029441728478,11385.4664001382,0.999766773361699
"L[121]",2.44841959412773,0.00433245766250957,0.444632054599354,1.68861218892148,2.14117241170614,2.40322823632019,2.7122324967597,3.44453041203415,10532.5343176467,0.999616410191822
"L[122]",2.45099446954972,0.00410748087749039,0.452582857248104,1.67808270456093,2.12895638865567,2.41272175314076,2.74058463758968,3.44786765444362,12140.7383433405,0.999749693986394
"L[123]",2.45037172977047,0.00427553903622842,0.441324985956475,1.69972787129934,2.1376401100683,2.41214581872501,2.71620307281195,3.41878736600589,10654.5541317152,1.0006196376886
"L[124]",2.44805751777237,0.00450841247840356,0.445361259845772,1.6994918477874,2.13808033709442,2.4010765557,2.712800232817,3.43931337395212,9758.37688690217,0.999644263698051
"L[125]",2.44750546371206,0.00437876623096331,0.437043227701178,1.70727477269793,2.1439042016511,2.40074124207671,2.71106419608098,3.41565426117151,9961.9709176076,0.999735947706551
"L[126]",2.44554208728742,0.00430100184416704,0.449808373003704,1.68627792260393,2.12808601370331,2.40128913317347,2.71173118721819,3.45585363871962,10937.4432649149,0.999633927073965
"L[127]",2.45060706388735,0.0042873143770901,0.437993276798288,1.69662479892008,2.13773641569516,2.41502202777053,2.72539394688487,3.39127813987774,10436.7246962639,0.999814193041346
"L[128]",2.4489795691806,0.00427559429453356,0.440799376994693,1.69314620024173,2.13966534927763,2.41181750028401,2.72073115298976,3.41416172532567,10628.9157916022,0.999650352323927
"L[129]",2.45297179144058,0.00412388572943885,0.440409693893374,1.71542100395425,2.13863046494276,2.41432442423495,2.7278802937237,3.40137117727371,11405.1366717928,0.999926210692665
"L[130]",2.44193634528959,0.0042561465979707,0.440654057701517,1.68115262796495,2.13088193985991,2.39990883264544,2.72232458773689,3.39939014207966,10719.2004074057,0.999934220472056
"L[131]",2.45054402088772,0.00430029358146666,0.441323536651453,1.70182528275247,2.13815319728247,2.41227630227767,2.70553825084688,3.45388652769836,10532.1726045931,0.999657174959424
"L[132]",2.44329288561,0.00421161512237446,0.438800081588219,1.68599338006045,2.13140245134485,2.40673740838679,2.71944145741001,3.40926240497311,10855.1554346696,1.00003216580128
"L[133]",2.44196012394283,0.00432275130537475,0.437001456351081,1.70124237551534,2.12918820103016,2.39975014461381,2.71323570481217,3.40703701370657,10219.8675505125,0.999773328816187
"L[134]",2.44914622331224,0.00430094989916572,0.451197034406225,1.67992061157549,2.12746152346379,2.40954493992244,2.73012130250632,3.4192677933331,11005.3461218226,0.999724042552091
"L[135]",2.44765536972726,0.00429035952350942,0.442004462522748,1.69690253391242,2.13508884712068,2.40593542598954,2.71972497190348,3.41891555745899,10613.6786574339,0.999897458304652
"L[136]",2.44595574173461,0.00419278727548756,0.438540528481476,1.69266834105073,2.14358535609256,2.40167844525418,2.71210833037587,3.38393015201278,10939.9116307964,0.999863683686597
"L[137]",2.45147284328245,0.00442595828655709,0.447218565837162,1.69748740946971,2.13701952916936,2.41402682456354,2.72221307648894,3.41309477738518,10209.982932739,0.999733434905913
"L[138]",2.44513362936633,0.00434484245049973,0.446905112883358,1.68238291858741,2.12958279419435,2.40597665060683,2.71966914767741,3.43973028552738,10579.9247942239,1.00006435673238
"L[139]",2.44798533400279,0.00405517399770924,0.437502017029999,1.70281009697147,2.13543722564006,2.40966759110521,2.73161594057942,3.39587660832423,11639.6824518403,0.999662632781182
"L[140]",2.44600637770652,0.00437744701282221,0.451775058946666,1.67668756534567,2.12464101714698,2.40809782047477,2.71693220531791,3.4670838054366,10651.3022024273,0.999872607888484
"L[141]",2.44726987878814,0.00428549650983402,0.443487088479663,1.68682328832983,2.13710474783616,2.40253974761029,2.71576836797108,3.45397698248702,10709.2651023552,0.999914022903498
"L[142]",2.4470039558593,0.00434357182903097,0.435525864470072,1.71101816749291,2.14713665491135,2.40699706934934,2.70728221667928,3.4159348107269,10053.8843993158,0.999863718285007
"L[143]",2.45097733420529,0.00432775459539184,0.44566227505555,1.68742184673198,2.13353688125904,2.41033563296133,2.73148940660789,3.43565405484651,10604.4095839544,0.999984564968219
"L[144]",2.44002383741887,0.0042366794646828,0.433182245592295,1.70997289552477,2.14098443682288,2.39812541199269,2.70034165092074,3.40288166827671,10454.1825917091,0.99968894142263
"L[145]",2.44370301126236,0.00423300791275307,0.436169055143709,1.6847601185845,2.1426380071974,2.40362765352478,2.70623907138149,3.39432705584053,10617.2376962026,0.999877436092901
"L[146]",2.44817469102284,0.00440621562034716,0.440002739157001,1.69511407545257,2.13689942861498,2.40907914356202,2.71661176082155,3.42863755628602,9971.93109081479,0.99971339316888
"L[147]",2.44826247492653,0.0039787749730939,0.443163268740018,1.69754861232629,2.13263081336066,2.40955540281444,2.72629746523438,3.44870985929027,12405.9137941787,0.999841380186585
"L[148]",2.44321231319754,0.00404477704725432,0.428067198253109,1.71101748643149,2.14059144588932,2.40801604896879,2.70550512127715,3.38072650693186,11200.4307378099,0.9997909202477
"L[149]",2.4529528928387,0.00446159477825552,0.442753806145578,1.69165576191324,2.14409003589338,2.41842480275358,2.71486236617088,3.43468855831656,9847.91655979137,0.999663074615424
"L[150]",2.44900483971359,0.00438689667300546,0.442141389743841,1.69683797419134,2.13688962709687,2.41097534568657,2.7202219762893,3.42466693051529,10157.9842070085,0.99977310598394
"L[151]",2.44252819869253,0.00417565560773499,0.434245712339774,1.71163473572109,2.13310060885259,2.4035004877798,2.71392864026577,3.38958375588144,10814.880698179,0.999745814855013
"L[152]",2.44616716052266,0.00431877051280989,0.443346171197522,1.70122846520154,2.12856474629207,2.4062351527886,2.71838294836615,3.44294477125062,10538.1813837179,0.999944155855584
"L[153]",2.4495448694495,0.0043949555499065,0.444451151895234,1.69054342712684,2.13242392706474,2.4122542384057,2.72730958864123,3.41942764645168,10226.7843499043,0.999758980037103
"L[154]",2.44548026830985,0.00427136249369804,0.44069131912846,1.68962120548483,2.12797900456675,2.40546294863995,2.72171958058115,3.39262838173898,10644.7663140588,0.999914414973301
"L[155]",2.44208315346982,0.00433343532862003,0.439029501870689,1.7085309383209,2.12545776850171,2.40330391492838,2.71103856732698,3.40581073937397,10264.1448100107,1.00001958218373
"L[156]",2.44746178543489,0.00414969068596212,0.439998930976238,1.70682640248655,2.13650498750701,2.41055272092108,2.71553731196233,3.3998939567623,11242.7302493361,0.999689461295974
"L[157]",2.4540902184741,0.00415848817878337,0.436301783550614,1.70205176195008,2.14370631229691,2.41638439253672,2.71680382129264,3.43415593423708,11007.8634636765,0.999887691516776
"L[158]",2.44540227980082,0.00420602905075166,0.438211992583158,1.69435198513431,2.14080894475592,2.40514358876016,2.71012674007723,3.41929551414002,10854.8538758717,0.999599225848783
"L[159]",2.44591432106317,0.00414338664772929,0.435815291880479,1.69824684981846,2.14248948326662,2.41335782837208,2.70991091123719,3.40022672341282,11063.5373166051,0.999689603345985
"L[160]",2.448981856553,0.00429018962155825,0.441828047167515,1.69630899267039,2.13668175160563,2.41065838368918,2.71158594726705,3.41104510974212,10606.0479643814,0.999733124577061
"L[161]",2.44717397413189,0.00408651299876768,0.434712984762255,1.6985311695536,2.13697816883295,2.41378933828722,2.71273917713239,3.39752648754988,11316.1698112673,0.999606545939852
"L[162]",2.44678840000505,0.00448501172600587,0.442819485386273,1.6961064049594,2.13621301712978,2.40507307118751,2.71447929001257,3.42747019437758,9748.24150832154,0.999845350410712
"L[163]",2.45033447653172,0.00418196020245881,0.446688255207146,1.69093617847605,2.1312834253847,2.41138910749709,2.7171136583978,3.4418975633707,11409.0445589042,0.999851093387466
"L[164]",2.45168356147115,0.0044614689549258,0.447978272551178,1.68260831441286,2.12996517006373,2.41396271062373,2.71873765817212,3.45497613927488,10082.2659919288,0.999710448050068
"L[165]",2.45071598263705,0.00443455044399004,0.4373485660805,1.70170568848673,2.14679040581446,2.41230234758905,2.71356429607544,3.42319175166485,9726.49157622009,0.999702995516559
"L[166]",2.44310079449231,0.00434655868592822,0.441426926738584,1.68619381288761,2.13782919283183,2.39881052347636,2.71262298549821,3.41174927047634,10313.9862279676,0.999771527863025
"L[167]",2.45682598640676,0.00439131218797028,0.446593372511219,1.69996963439642,2.13805774065351,2.41594357501969,2.72861217765581,3.43121034470116,10342.7474775131,0.999928997852677
"L[168]",2.44757394973056,0.00424967297309136,0.447464351242808,1.69614597946429,2.12882526477588,2.40812755761244,2.71621271098639,3.4306514086321,11086.7910155786,0.999824755004326
"L[169]",2.45220363183021,0.00425922951302334,0.44600915913818,1.6927433269852,2.13838246658946,2.41325600689854,2.73126845641362,3.43402422481704,10965.4249925963,0.999859255629427
"L[170]",2.44619887702397,0.00447433057786507,0.450701267842595,1.68748513556027,2.12942642887433,2.3984197362748,2.71309571617945,3.45548132125449,10146.6206433715,0.999601774303035
"L[171]",2.44778656392591,0.00435645326496685,0.448377750691025,1.68202169838591,2.13617456766902,2.40992479647646,2.71416441859384,3.45375292153913,10593.0735868571,1.00011653111763
"L[172]",2.44755242371766,0.00430074545752029,0.438093750560759,1.70201102203934,2.13322773270873,2.4103848265797,2.7222360767609,3.42324754733232,10376.398383016,0.999688459471381
"L[173]",2.4508522400701,0.00445553607126319,0.446636836522605,1.70019845439569,2.13516032372308,2.40906904950126,2.72254503361835,3.43166557745715,10048.6830833348,0.999757803341852
"L[174]",2.44870773769382,0.00445303289124286,0.441077021809395,1.68940237392092,2.13556019796594,2.4117355332879,2.72182880017127,3.42636326618288,9811.08551542077,0.999637140240398
"L[175]",2.45232245898187,0.00438880083278408,0.444139782536664,1.68685706090528,2.13775242077005,2.41536177027916,2.72331764674121,3.43507787956725,10241.1235569167,0.99971361441962
"L[176]",2.44054957114597,0.004250718321103,0.437601125153839,1.6835764983632,2.13536964649972,2.39854367414755,2.70356059285278,3.41882353931629,10598.2023259306,0.999788800785067
"L[177]",2.44986615755668,0.00441610203769202,0.44360380141473,1.68906349338773,2.13569866368669,2.41021034666117,2.71823744212197,3.43276568720962,10090.4914587681,0.999939518169018
"L[178]",2.44737615998807,0.00417848966559938,0.439503136269053,1.69718731317748,2.1334121303104,2.40954738210268,2.72231641681376,3.40289310436721,11063.3153630867,0.999650288923779
"L[179]",2.45213926009195,0.00440243309616742,0.448037485720341,1.68667404489943,2.12985943495701,2.41509805409722,2.73260910604583,3.43886863002035,10357.2193348361,1.00000618406091
"L[180]",2.44751894251622,0.00438812152654566,0.441467459874389,1.68744940707568,2.13695913088811,2.41094527029734,2.71477768800107,3.42225815407488,10121.3886626321,0.999779711271458
"L[181]",2.44554906949888,0.00425580596713549,0.43480501413761,1.70779879741926,2.128992160734,2.40531951248504,2.72005605354414,3.40156224903011,10438.1960392284,0.999711541070563
"L[182]",2.45007256412842,0.00452720441002339,0.445689540513475,1.68510986043117,2.13067846358036,2.41380007692756,2.73110430082782,3.40895562239206,9691.80519657981,0.999938014556881
"L[183]",2.44736547969011,0.00437419969583073,0.441203688383354,1.7013667641192,2.1327992163815,2.40237741337565,2.71982360932486,3.41611385126134,10173.7498881768,1.00003251644714
"L[184]",2.44639358393455,0.00416828335639367,0.440157342355211,1.70810220633381,2.13537655814207,2.40436345292247,2.71596881067698,3.42520844425012,11150.6820638579,0.999811677954312
"L[185]",2.44684249871233,0.00412077934675657,0.444195526011096,1.68184974136066,2.1327299346787,2.40729494189497,2.71567711921281,3.43226699692308,11619.558840789,0.999579072306174
"L[186]",2.44572800528231,0.00417861620721207,0.436539562653486,1.71389449877916,2.13887606154657,2.39842576551987,2.70733287616675,3.41849137556633,10913.9572732757,0.999746438253945
"L[187]",2.45002919915178,0.00423621195383818,0.448820927435831,1.69273850338591,2.13279815344569,2.40655996248156,2.71703339076393,3.44516025184405,11225.1159272546,0.999620063734563
"L[188]",2.44200674360648,0.00432103959499582,0.439205708334342,1.6802106727497,2.12989419354018,2.40839729748321,2.71317623594117,3.41238159281151,10331.4067500033,0.999929791911762
"L[189]",2.4417857936447,0.00428370291864094,0.443502627058163,1.67710067312685,2.12892675683238,2.4004794316186,2.70678662405419,3.42657341411511,10718.9860309253,0.999753601928584
"L[190]",2.44009691504551,0.00420096360526576,0.438705835843022,1.70357332769164,2.12895383946569,2.40054828664147,2.71691997238839,3.40502107215636,10905.5854517086,0.999693491987267
"L[191]",2.44769031465562,0.00438247778484202,0.441735377907909,1.67818114160625,2.1421425945397,2.40967887043165,2.70483498488689,3.41405462476398,10159.7943833436,0.999585916944453
"L[192]",2.44419789341356,0.00422483266196589,0.441268179205325,1.69819416693002,2.13267936787559,2.40287915317995,2.70895494347913,3.43470749890384,10909.0315388953,0.999780414429705
"L[193]",2.44328388735573,0.0042556505305078,0.441360837637966,1.67855106634343,2.13441222784078,2.40485169097411,2.71207149608955,3.41601312972512,10756.1209335997,0.999996652353065
"L[194]",2.44463581635772,0.00442023294585612,0.440304413663232,1.69805989681969,2.135472864311,2.40251645902835,2.70657476895674,3.43423094099532,9922.37789878676,0.999744251329696
"L[195]",2.44030085595063,0.00444164064296489,0.436044697299447,1.70053886273875,2.12879113187782,2.40242809828117,2.70903560877616,3.4065269699797,9637.7394664916,1.00006038473781
"L[196]",2.44336023228054,0.00439123897241498,0.441473932742072,1.70063421936539,2.12668998865936,2.40046899075868,2.71364352825948,3.40994926999556,10107.3193143905,0.999942142688696
"L[197]",2.45288661706165,0.00420626345344294,0.444613976317549,1.70128297853947,2.14361706091636,2.41103507195572,2.73063099237285,3.44369331689859,11173.0895548013,0.999839910305929
"L[198]",2.45275446094594,0.00461777765194675,0.454093392680625,1.68952720548858,2.13074142524084,2.40538645195511,2.72264236689373,3.47138902034612,9669.95226448876,0.999631141264972
"L[199]",2.44431362681485,0.00439308532908054,0.437818162403743,1.69818342175419,2.13265349907733,2.40642109617057,2.70484862243749,3.42219897540762,9932.26435071342,0.999982635184296
"L[200]",2.44420195291488,0.00440159021033717,0.437190060677428,1.69901525287382,2.13200597266014,2.40416123537601,2.70813267254672,3.39513002810877,9865.55098952371,0.999641800254558
"L[201]",2.45162593975565,0.00419567669498784,0.439596803319863,1.69848874093887,2.14605365499761,2.41406731092787,2.71626121236783,3.42894024829786,10977.5397977311,1.00002903169008
"L[202]",2.44892008766448,0.00425714639291487,0.448509869045858,1.69243285108715,2.13033309802226,2.40503605205902,2.7248058203666,3.45364111087549,11099.5874686608,0.999742006762408
"L[203]",2.45028948638569,0.00414644293290201,0.438725881061533,1.71523236221354,2.13534907036261,2.40680661512819,2.71521517400445,3.41044428821312,11195.2842382493,0.999867760164503
"L[204]",2.44750093852547,0.00427233042795519,0.434991215239115,1.70266037600271,2.13983485432616,2.40561413278208,2.71084757454211,3.41771255299778,10366.4797624939,0.999757164352539
"L[205]",2.44576626719791,0.00419855396430061,0.433949390999697,1.70805058745885,2.13800140845778,2.41247628206817,2.70807336793555,3.40484191509442,10682.6423164107,1.00011442699406
"L[206]",2.44822441609485,0.00427196044141682,0.443296703875243,1.69660976098696,2.1349420167586,2.4061311054461,2.72530615702697,3.41044490464958,10767.9879120037,0.999565035716712
"L[207]",2.44723863115286,0.00435073335605894,0.444649091769799,1.70299509242205,2.1376347944143,2.40580426775665,2.71106544388379,3.41626189959754,10445.0346311633,1.00019594608087
"L[208]",2.45448106012338,0.00428338921265235,0.442350614896819,1.69966994760884,2.14343907452201,2.41556481739151,2.72161474688429,3.41860239974721,10664.9345213842,0.999712160447875
"L[209]",2.44948057354323,0.00427357218127953,0.443440944338649,1.69443870110595,2.13493344753432,2.41466126640403,2.72026112328066,3.44676181954083,10766.8705999273,0.999708473390997
"L[210]",2.44726711009208,0.00431998139696505,0.442526404324995,1.69339135670616,2.14046837301172,2.40475800399328,2.71505194753995,3.43222922341557,10493.361256937,0.999643328792379
"L[211]",2.45052108331032,0.0042990573431202,0.450224284506135,1.68608598973589,2.13492251318783,2.41238900001175,2.72132334880027,3.43356590295737,10967.5937935012,0.999716039890054
"L[212]",2.45070187787739,0.00440078819082769,0.442593311042011,1.70205355053642,2.13884128723365,2.40997374734975,2.71914577220514,3.43764686956794,10114.6010857662,1.00018765196311
"L[213]",2.44990773542411,0.00413545552044475,0.44845260508066,1.68242384118931,2.14284198997037,2.41046838122059,2.71341564845271,3.44568699056722,11759.4333310231,0.99984341182854
"L[214]",2.4454596685174,0.00412067045499114,0.434783590604066,1.70856288554685,2.13470703820463,2.41089871579613,2.71123900220313,3.41820984657024,11132.956751796,0.999607683655096
"L[215]",2.45315273365006,0.00428870685331901,0.441446158720242,1.70651659237163,2.14191441477852,2.4117810052733,2.71274190670795,3.43464585999248,10595.0439003786,0.999857129819755
"L[216]",2.4454086469165,0.00418185375513187,0.438939452239164,1.72059385640311,2.1349098812139,2.40293963937041,2.71524331770084,3.41260317330541,11017.208103622,0.999581940650159
"L[217]",2.44166977675696,0.00425711401150942,0.441264295141106,1.68090800846524,2.13075276895892,2.39860802543174,2.71375091935652,3.41735533097831,10744.0250749867,0.99992583342546
"L[218]",2.45312886358252,0.00414381069432076,0.444626271854112,1.68822696188645,2.14042406700153,2.41607397615191,2.72788260581874,3.41817408322442,11513.0509657699,0.999773629441895
"L[219]",2.44887598964156,0.00441748099154382,0.447216596158566,1.68632343759035,2.13651976618859,2.40184492863393,2.71715626295291,3.45246845889506,10249.1168554694,0.999681623889485
"L[220]",2.45319410078182,0.00424916766834028,0.438255359028884,1.71405316159045,2.14361624842049,2.41805652166391,2.71864572008701,3.41394772220667,10637.6754035829,0.999807053712352
"L[221]",2.44755306029277,0.00443198283390385,0.442586175125345,1.69053082337417,2.13463143772619,2.41118218536944,2.71587017764606,3.44313430634081,9972.39675370197,0.999906576201099
"L[222]",2.44590523364695,0.00429898292757627,0.444981560267234,1.68076584835598,2.13348642355028,2.40787798482496,2.7082205044166,3.42917268272558,10714.0233401293,0.999739428342579
"L[223]",2.44258896336072,0.00407525453493049,0.431944661984239,1.70841259978195,2.14056395958272,2.40301229919646,2.69905968002321,3.39331770358585,11234.3188014545,0.999832888900249
"L[224]",2.44301748426013,0.00419704187319956,0.431967792368749,1.70175115503947,2.13236985827931,2.40950928977347,2.70249711790318,3.39493785134465,10592.9306632595,0.99977030648063
"L[225]",2.44861378938549,0.004378815736417,0.443917399108525,1.69487389758205,2.13422970018118,2.40761840117569,2.72023553604095,3.44466150722004,10277.5830359465,0.999800254412014
"L[226]",2.44249048908737,0.00409310290236694,0.439667443942312,1.69336412693687,2.13200704764731,2.40477927164717,2.70837528085369,3.43085419127047,11538.3389050623,0.999821263669602
"L[227]",2.45085447167416,0.0043351715033447,0.447645987509829,1.69002892165541,2.13471582075313,2.40948553325347,2.72065540824179,3.43690208842372,10662.4455309184,1.00014202724687
"L[228]",2.4561441416148,0.00425621533204349,0.441465650957371,1.71413135020453,2.14076050834646,2.41886025376889,2.72320665826979,3.43116471061583,10758.3743661997,0.999802594155525
"L[229]",2.44713081104556,0.00407017844209764,0.438709549746879,1.69164384769103,2.13871497573958,2.41302863431807,2.71305741334074,3.4263159797443,11617.8904470502,0.99965576113591
"L[230]",2.45050418855819,0.00436530138806554,0.44217984987224,1.70605068361364,2.13138441998781,2.41229969732326,2.71964454513631,3.41895081734144,10260.5213584848,0.999803086533408
"L[231]",2.44826783218155,0.00465082402923806,0.445542233735817,1.69203560534416,2.13842918783745,2.40504541689571,2.7107068646035,3.44398468312726,9177.36364167592,0.999943522596514
"L[232]",2.44300669369927,0.00406764117331024,0.438546758969166,1.68797760420769,2.13648129826161,2.40322791792862,2.71154883277251,3.40807490602305,11623.7575320819,0.999953004457139
"L[233]",2.44537539969634,0.00427809485499566,0.443645091659713,1.69137020865169,2.12790773680978,2.40562997238402,2.72029000305193,3.40569602709284,10754.012643183,0.999758641510071
"L[234]",2.44233807668685,0.00401444613023934,0.433316342596975,1.69119328230393,2.13219809565783,2.40676965321254,2.71167880029711,3.39774503077395,11650.8837412094,0.999842571995228
"L[235]",2.44822173421652,0.00417988365276864,0.449819388813417,1.68718900369105,2.13762865031172,2.40913846166131,2.7199724728848,3.46022323111679,11581.05050556,0.99972204983528
"L[236]",2.44912539914129,0.00424302401265149,0.444254010358729,1.69927313095029,2.13447046598657,2.41418781795675,2.72182786220048,3.41907274669949,10962.5537240389,0.999730883833588
"L[237]",2.444123166607,0.00433069540920945,0.450083038553267,1.68608467695954,2.12067490170057,2.39776425896091,2.72551036654992,3.4229928198949,10801.1504253203,1.00006231868684
"L[238]",2.44915369454523,0.00407645903211757,0.432906003885117,1.69613420906183,2.13616774000406,2.41491856264036,2.71810087598036,3.37880035166043,11277.713403838,0.999857140125134
"L[239]",2.45230818740723,0.00420260597685394,0.444326117692656,1.68945232814244,2.14212370340573,2.41357127615034,2.71713907092957,3.44534425764295,11178.0574250232,0.999721793192007
"L[240]",2.44575320716564,0.00424593288275942,0.441152937157736,1.70599924104701,2.13235221483493,2.40318202248595,2.71804442936528,3.40377001604816,10795.2349911751,0.999647325111776
"L[241]",2.44782620509259,0.00449054506488336,0.448198095500711,1.6894413107279,2.13690789393759,2.40397755011844,2.72182353843923,3.44688919562388,9961.89351954759,0.999655347149201
"L[242]",2.44285769382841,0.00430944188677452,0.443431211365573,1.69302954382693,2.13010274905937,2.40356354514799,2.71348209970548,3.42417892486872,10587.9153158145,0.999576032878621
"L[243]",2.45260626629265,0.00446948729838435,0.450312384074708,1.6982688470207,2.13549495548108,2.40840317106889,2.725271288336,3.43604332558681,10151.0827141263,0.999799764823238
"L[244]",2.45333133585114,0.00413821469359573,0.443006012230961,1.70044811430551,2.13440353871154,2.41846265038585,2.72423165480185,3.42266143863959,11460.2265675344,0.999660327934906
"L[245]",2.44245752811987,0.00439414074836384,0.436606070983472,1.70184323341124,2.1342003043742,2.40027465853266,2.70753718898317,3.39759767474148,9872.60163166001,0.999793614329689
"L[246]",2.45197937579759,0.00443839583433585,0.452492215863374,1.6900293874308,2.12630097418064,2.41294849528839,2.72464527895469,3.45244525595294,10393.6996200037,0.999728700699648
"L[247]",2.45019397241418,0.00450699949516091,0.4425777691357,1.68866987174023,2.13950742520778,2.40752541017676,2.71578201994876,3.43353630003472,9642.8224839091,0.9997813643377
"L[248]",2.4474889763429,0.00418733106139934,0.445004321354682,1.70864749587625,2.12830500858942,2.40449591703793,2.726766560885,3.41855203238526,11294.1580069021,0.999744085125101
"L[249]",2.4489658453329,0.00426423798033438,0.446519762034772,1.70041339109574,2.12981251088704,2.40451203269856,2.72617162717378,3.44884979436634,10964.7441228293,1.00003252196349
"L[250]",2.44510686939869,0.00430330193752695,0.444301783639708,1.70001048937947,2.12754932459266,2.40275549124401,2.71942513142806,3.41985419239904,10659.8839153397,1.00005905017912
"L[251]",2.45664517062042,0.00453223937858442,0.440552673762146,1.70751385151089,2.14778311820461,2.41603510707079,2.72849629006928,3.41543855170654,9448.65524333243,1.00030506021821
"L[252]",2.45058271641016,0.0044887636708736,0.444562907932716,1.70168185408434,2.13586869341081,2.40743888524831,2.71593048692587,3.45475714979828,9808.73423221063,0.999624706705356
"L[253]",2.43855425319418,0.00410054894328487,0.431108323143375,1.70840419019928,2.13360488766501,2.40711903893751,2.69901248565682,3.37335447112241,11053.2200301756,1.00000828888671
"L[254]",2.45110373961254,0.00469094211178069,0.452992680799945,1.68279813766299,2.13614571299078,2.40925282265417,2.72217104228132,3.4760039350223,9325.28734356934,0.999974084280691
"L[255]",2.4451858206294,0.00414752164627938,0.427409786756297,1.72312290494013,2.13599535919777,2.4084223299503,2.71049308235917,3.36707163541151,10619.6841955173,0.999652150451215
"L[256]",2.44947219794091,0.00424170378315268,0.439565406037596,1.69857807153054,2.1441847244191,2.41459802699509,2.71507467617082,3.41544148039955,10739.061731022,1.00012174308675
"L[257]",2.44846748218748,0.00427446855537338,0.4355959745804,1.7022714780546,2.14367451123034,2.41035614455185,2.71009237185628,3.41391730353558,10384.9273393312,1.00040022620395
"L[258]",2.44838397072577,0.00445045189342121,0.438946627996174,1.70491743252206,2.13617682232331,2.41181025553455,2.71928869342564,3.42104962673425,9727.81297432214,0.999816443227558
"L[259]",2.44590386875218,0.00431335817808851,0.442672475011031,1.69663167298809,2.13583134545653,2.40753463696124,2.71363920733088,3.43419087650861,10532.5611990119,1.00012886528672
"L[260]",2.44617559878475,0.00434528112527513,0.449536213884091,1.68184911743317,2.12919038319298,2.41249872456189,2.71787528046755,3.42948475432727,10702.7063243172,0.999732296238485
"L[261]",2.4463719169019,0.00389713817534626,0.443833930680901,1.6836636686174,2.12854296957404,2.40564302914828,2.72721489080836,3.4156195128095,12970.2812246558,0.999656161190628
"L[262]",2.44723294878759,0.00422113936210617,0.445746222503041,1.68498669151863,2.13629273622995,2.40413076725998,2.71506482407664,3.4332710325825,11151.055088818,0.999731759293313
"L[263]",2.44679035046607,0.00435606504617036,0.447224294060238,1.68809077607389,2.13349395394037,2.40873868748999,2.71604790618607,3.43761254534179,10540.5206179041,1.00017924245035
"L[264]",2.45395245032325,0.00430139147049192,0.450006206560504,1.68979747458099,2.14069418087025,2.41349447211336,2.72864124984574,3.43996842318939,10945.0832240296,1.0000067739946
"L[265]",2.45051215329221,0.0042682975242091,0.435887606291296,1.70193015043946,2.14671982164897,2.41718777535765,2.71490664481843,3.40415669150593,10428.9280789249,0.999948580447967
"L[266]",2.44614055610293,0.00450820692292464,0.439142113389916,1.68600455406132,2.1315277201288,2.41030012061315,2.71831361462736,3.41573284949739,9488.60771413716,0.999832452631465
"L[267]",2.4443006846367,0.00428425581762491,0.440937254295801,1.69926439587028,2.13189730683365,2.40191731226831,2.71348937736113,3.42146331094482,10592.6054615227,1.00005939754242
"L[268]",2.44738640710981,0.00428984278116556,0.446663940924858,1.69511835608293,2.1367805364892,2.39758197046254,2.7211457048287,3.43517966424807,10841.2418979127,0.999900186304182
"L[269]",2.43524921166236,0.00401876872622727,0.42724061107538,1.71028073338313,2.13200316840127,2.40200885615816,2.69466756162961,3.37317206103358,11302.0969196816,1.00068023716211
"L[270]",2.44725330021597,0.00409945790251873,0.437531260965196,1.69300338372662,2.13979029817564,2.40541407318285,2.71782797551795,3.41409979216918,11391.0908175941,0.99974561118537
"L[271]",2.44925598582804,0.00429988490865873,0.443707664198046,1.71939974682697,2.12859028548658,2.41086513082214,2.72359533182389,3.42956536136474,10648.298034527,0.999571135741905
"L[272]",2.44814248160148,0.00422151492219731,0.435647804648252,1.70558974178913,2.14419655535919,2.40892592335693,2.71278538854963,3.40858426574218,10649.6271268036,0.999610737576361
"L[273]",2.4433524790533,0.00401269653496643,0.432607838040403,1.70671613865602,2.13414358726569,2.40630053791979,2.7056025154787,3.38926457462082,11622.9436877914,0.999889878943685
"L[274]",2.44708405008622,0.00429996237099753,0.443859171313287,1.69998002179085,2.13087494020691,2.40866478471365,2.72041427452598,3.42662399568428,10655.1872397407,0.999663041518254
"L[275]",2.44304215696333,0.00429619292083293,0.443241400922676,1.68805592049996,2.13144198066252,2.39791657423379,2.70913971802283,3.4345744927405,10644.2015007765,0.999837679587712
"L[276]",2.44994896227158,0.00454375311718365,0.445469213697452,1.68917487212765,2.13320642027035,2.40717471987491,2.72489055515539,3.43525935219858,9611.82684525273,0.999722961825904
"L[277]",2.44763906358139,0.0045345467740625,0.445845793558052,1.70045599780041,2.13621983955287,2.40334518749205,2.71260249227947,3.44033398424896,9667.21939778548,0.999752397083649
"L[278]",2.44475728039496,0.00423757133490026,0.437356809081834,1.69890848785786,2.13410132461749,2.40868683034338,2.70774197204126,3.41234255480923,10652.1614529842,0.999852317224463
"L[279]",2.44384423466065,0.0040649164820315,0.430715599971754,1.70286055235541,2.13756365139722,2.40453818518711,2.71025464440666,3.38766138585679,11227.3677812791,0.999912225494383
"L[280]",2.44529297739356,0.00443616652180404,0.445883893500152,1.68945992090988,2.13317098918066,2.40336941329272,2.7087574272484,3.44894416757817,10102.4774444636,0.999712422034969
"L[281]",2.44263626242489,0.00433352748395373,0.437105394244086,1.71179618088221,2.129571520484,2.40558726581773,2.70810645482976,3.38234598408251,10173.9411599936,0.999882365032427
"L[282]",2.44906194459084,0.00438964063109128,0.452101072323632,1.69757554575558,2.1236436229692,2.40461560969563,2.72628096921486,3.45076131494887,10607.5024332573,0.999986240834621
"L[283]",2.44890979628073,0.00436153267917702,0.444869981344489,1.69116388252027,2.12717412813606,2.40926757918168,2.72653570349533,3.40827101569028,10403.7029060919,0.999586022880966
"L[284]",2.45083011879841,0.00441062043486479,0.447287106811507,1.68496924121921,2.13568294314032,2.41020893493513,2.72619828760969,3.43183037067175,10284.2680788375,0.999721346379399
"L[285]",2.44983597180746,0.00444575332428261,0.443212522436974,1.69038313855985,2.13805036120039,2.41259222024255,2.72417443060538,3.42114478558863,9938.78557357003,1.00051098185709
"L[286]",2.44450501405734,0.00432291119618152,0.442755266902535,1.68814629697842,2.12772184127359,2.40468792019171,2.71061264414953,3.42758515486613,10489.9844429291,0.99978685593072
"L[287]",2.44684807912951,0.00414724264287942,0.444510753956589,1.68242917787439,2.13276100587827,2.4098836367241,2.71748823620251,3.44278754867273,11488.0324509449,0.999823186803427
"L[288]",2.44698214224738,0.00424980794219802,0.432913052614403,1.70789626627267,2.13401889471804,2.41629833483085,2.71015694286652,3.38685892142199,10376.7834325265,0.99974420804365
"L[289]",2.44786271670822,0.00421750322713631,0.436908082469919,1.70066314076591,2.13798424415518,2.41203181288774,2.71813797846981,3.42005741014493,10731.7194474247,0.999637262755662
"E_scale",1.27986603680645,0.000179036452942729,0.018779106014123,1.24314298294718,1.26725844912843,1.27967037093023,1.29244100201576,1.31640067476839,11001.8798367579,0.999621407447836
"f_crab[1]",1,NA,0,1,1,1,1,1,NA,NA
"f_lower[1]",0,NA,0,0,0,0,0,0,NA,NA
"eta_f[1]",0,NA,0,0,0,0,0,0,NA,NA
"eta_c[1]",0,NA,0,0,0,0,0,0,NA,NA
"combo_c[1]",0,NA,0,0,0,0,0,0,NA,NA
"omega_C[1,1]",0.397882133561027,0.00501768947159057,0.22227126082348,-0.0644190148775397,0.28631914248197,0.403779690783696,0.518818050035658,0.824834828303417,1962.27135699888,1.00131757635764
"omega_C[2,1]",-0.339879612093344,0.00495028114212651,0.225476677873372,-0.81431768874654,-0.45448205733636,-0.332417756452225,-0.215987601103003,0.0879284097675236,2074.64371922603,1.00119134205959
"omega_C[3,1]",-0.470266804292718,0.00512144221448678,0.23791144677729,-0.971341078287793,-0.597199171217875,-0.457923129013182,-0.327134602287849,-0.0344859644149183,2157.97357441041,1.00097249280977
"omega_C[4,1]",-0.332761278518987,0.00495053583502139,0.23326209406983,-0.829536207774735,-0.457341601733462,-0.321015826983928,-0.200564853508266,0.107211605545454,2220.15820716417,1.00106849315766
"omega_C[5,1]",-0.0585175661462427,0.00502915792130632,0.225027649603891,-0.529390822234322,-0.171217510991361,-0.0526509662160505,0.0645041860890622,0.370177778616311,2002.07905261091,1.00112352229746
"omega_C[6,1]",0.0691176300361576,0.00499425685116441,0.226021920106953,-0.403816964633934,-0.0463276828411977,0.0742400281015162,0.192621676826693,0.504864591988835,2048.13873878592,1.00117595551721
"omega_C[7,1]",0.10509147687274,0.00499434741927499,0.242907989380453,-0.386658010915782,-0.0311396671009785,0.107859959785032,0.244181879313822,0.595227505219644,2365.51713954043,1.00111297204756
"omega_C[8,1]",0.0400703534272314,0.00499069486849013,0.2355107314762,-0.441519523926417,-0.0853955482584906,0.0436575060856778,0.17122588775929,0.503191847938367,2226.89308616468,1.00083367872502
"omega_C[9,1]",0.0141300038169262,0.00496387232945031,0.221558664694741,-0.432368295877135,-0.100315482567331,0.0203742480265851,0.134370492819545,0.440732028721014,1992.21530507466,1.00183406985568
"omega_C[10,1]",0.307997484525805,0.00497659728409455,0.230265244029307,-0.148535135368261,0.182516106463021,0.311716403380528,0.436702236335196,0.761212325831098,2140.8773407556,1.00147537066394
"omega_C_0[1,1]",0.397882133561027,0.00501768947159057,0.22227126082348,-0.0644190148775397,0.28631914248197,0.403779690783696,0.518818050035658,0.824834828303417,1962.27135699888,1.00131757635764
"lambda_C_S[1,1,1]",0.970191661913101,0.000976707127362223,0.0843749749946144,0.817538980323966,0.911033432593209,0.966549092317515,1.02522020417832,1.14661901344658,7462.74497022451,0.999865907021742
"lambda_C_S[1,2,1]",1.48745198166282,0.00140929880005166,0.124890156863433,1.26115875122814,1.40087651962008,1.4820852605244,1.56834223407854,1.74443142762692,7853.26509716599,0.999963110982217
"lambda_C_S[1,3,1]",1.48745198166282,0.00140929880005166,0.124890156863433,1.26115875122814,1.40087651962008,1.4820852605244,1.56834223407854,1.74443142762692,7853.26509716599,0.999963110982217
"lambda_C_S[1,4,1]",1.48745198166282,0.00140929880005166,0.124890156863433,1.26115875122814,1.40087651962008,1.4820852605244,1.56834223407854,1.74443142762692,7853.26509716599,0.999963110982217
"lambda_C_S[1,5,1]",1.48745198166282,0.00140929880005166,0.124890156863433,1.26115875122814,1.40087651962008,1.4820852605244,1.56834223407854,1.74443142762692,7853.26509716599,0.999963110982217
"lambda_C_S[1,6,1]",1.48745198166282,0.00140929880005166,0.124890156863433,1.26115875122814,1.40087651962008,1.4820852605244,1.56834223407854,1.74443142762692,7853.26509716599,0.999963110982217
"lambda_C_S[1,7,1]",0.970191661913101,0.000976707127362223,0.0843749749946144,0.817538980323966,0.911033432593209,0.966549092317515,1.02522020417832,1.14661901344658,7462.74497022451,0.999865907021742
"lambda_C_S[1,8,1]",0.970191661913101,0.000976707127362223,0.0843749749946144,0.817538980323966,0.911033432593209,0.966549092317515,1.02522020417832,1.14661901344658,7462.74497022451,0.999865907021742
"lambda_C_S[1,9,1]",1.48745198166282,0.00140929880005166,0.124890156863433,1.26115875122814,1.40087651962008,1.4820852605244,1.56834223407854,1.74443142762692,7853.26509716599,0.999963110982217
"lambda_C_S[1,10,1]",1.48745198166282,0.00140929880005166,0.124890156863433,1.26115875122814,1.40087651962008,1.4820852605244,1.56834223407854,1.74443142762692,7853.26509716599,0.999963110982217
"lambda_C_S[1,11,1]",1.48745198166282,0.00140929880005166,0.124890156863433,1.26115875122814,1.40087651962008,1.4820852605244,1.56834223407854,1.74443142762692,7853.26509716599,0.999963110982217
"lambda_C_S[1,12,1]",1.48745198166282,0.00140929880005166,0.124890156863433,1.26115875122814,1.40087651962008,1.4820852605244,1.56834223407854,1.74443142762692,7853.26509716599,0.999963110982217
"lambda_C_S[1,13,1]",1.48745198166282,0.00140929880005166,0.124890156863433,1.26115875122814,1.40087651962008,1.4820852605244,1.56834223407854,1.74443142762692,7853.26509716599,0.999963110982217
"lambda_C_S[1,14,1]",0.970191661913101,0.000976707127362223,0.0843749749946144,0.817538980323966,0.911033432593209,0.966549092317515,1.02522020417832,1.14661901344658,7462.74497022451,0.999865907021742
"lambda_C_S[1,15,1]",0.970191661913101,0.000976707127362223,0.0843749749946144,0.817538980323966,0.911033432593209,0.966549092317515,1.02522020417832,1.14661901344658,7462.74497022451,0.999865907021742
"lambda_C_S[1,16,1]",1.48745198166282,0.00140929880005166,0.124890156863433,1.26115875122814,1.40087651962008,1.4820852605244,1.56834223407854,1.74443142762692,7853.26509716599,0.999963110982217
"lambda_C_S[1,17,1]",1.48745198166282,0.00140929880005166,0.124890156863433,1.26115875122814,1.40087651962008,1.4820852605244,1.56834223407854,1.74443142762692,7853.26509716599,0.999963110982217
"lambda_C_S[1,18,1]",1.48745198166282,0.00140929880005166,0.124890156863433,1.26115875122814,1.40087651962008,1.4820852605244,1.56834223407854,1.74443142762692,7853.26509716599,0.999963110982217
"lambda_C_S[1,19,1]",1.48745198166282,0.00140929880005166,0.124890156863433,1.26115875122814,1.40087651962008,1.4820852605244,1.56834223407854,1.74443142762692,7853.26509716599,0.999963110982217
"lambda_C_S[1,20,1]",1.48745198166282,0.00140929880005166,0.124890156863433,1.26115875122814,1.40087651962008,1.4820852605244,1.56834223407854,1.74443142762692,7853.26509716599,0.999963110982217
"lambda_C_S[1,21,1]",0.970191661913101,0.000976707127362223,0.0843749749946144,0.817538980323966,0.911033432593209,0.966549092317515,1.02522020417832,1.14661901344658,7462.74497022451,0.999865907021742
"lambda_C_S[1,22,1]",0.970191661913101,0.000976707127362223,0.0843749749946144,0.817538980323966,0.911033432593209,0.966549092317515,1.02522020417832,1.14661901344658,7462.74497022451,0.999865907021742
"lambda_C_S[1,23,1]",1.48745198166282,0.00140929880005166,0.124890156863433,1.26115875122814,1.40087651962008,1.4820852605244,1.56834223407854,1.74443142762692,7853.26509716599,0.999963110982217
"lambda_C_S[1,24,1]",1.48745198166282,0.00140929880005166,0.124890156863433,1.26115875122814,1.40087651962008,1.4820852605244,1.56834223407854,1.74443142762692,7853.26509716599,0.999963110982217
"lambda_C_S[1,25,1]",1.48745198166282,0.00140929880005166,0.124890156863433,1.26115875122814,1.40087651962008,1.4820852605244,1.56834223407854,1.74443142762692,7853.26509716599,0.999963110982217
"lambda_C_S[1,26,1]",1.48745198166282,0.00140929880005166,0.124890156863433,1.26115875122814,1.40087651962008,1.4820852605244,1.56834223407854,1.74443142762692,7853.26509716599,0.999963110982217
"lambda_C_S[1,27,1]",1.48745198166282,0.00140929880005166,0.124890156863433,1.26115875122814,1.40087651962008,1.4820852605244,1.56834223407854,1.74443142762692,7853.26509716599,0.999963110982217
"lambda_C_S[1,28,1]",0.970191661913101,0.000976707127362223,0.0843749749946144,0.817538980323966,0.911033432593209,0.966549092317515,1.02522020417832,1.14661901344658,7462.74497022451,0.999865907021742
"lambda_C_S[1,29,1]",0.970191661913101,0.000976707127362223,0.0843749749946144,0.817538980323966,0.911033432593209,0.966549092317515,1.02522020417832,1.14661901344658,7462.74497022451,0.999865907021742
"lambda_C_S[1,30,1]",1.48745198166282,0.00140929880005166,0.124890156863433,1.26115875122814,1.40087651962008,1.4820852605244,1.56834223407854,1.74443142762692,7853.26509716599,0.999963110982217
"lambda_C_S[1,31,1]",0.970191661913101,0.000976707127362223,0.0843749749946144,0.817538980323966,0.911033432593209,0.966549092317515,1.02522020417832,1.14661901344658,7462.74497022451,0.999865907021742
"lambda_C_S[1,32,1]",0.464446598339575,0.000515318288510954,0.0460541465628031,0.382417754947353,0.431444696808309,0.462303941486709,0.494363892483518,0.560913734700991,7987.04931610815,1.00019880091694
"lambda_C_S[1,33,1]",0.712179320201776,0.000783635529082439,0.069937431728593,0.589795987045124,0.661427269486559,0.707098764590778,0.757481508582809,0.858912449402567,7965.09799911991,1.00031398185975
"lambda_C_S[1,34,1]",0.712179320201776,0.000783635529082439,0.069937431728593,0.589795987045124,0.661427269486559,0.707098764590778,0.757481508582809,0.858912449402567,7965.09799911991,1.00031398185975
"lambda_C_S[1,35,1]",0.464446598339575,0.000515318288510954,0.0460541465628031,0.382417754947353,0.431444696808309,0.462303941486709,0.494363892483518,0.560913734700991,7987.04931610815,1.00019880091694
"lambda_C_S[1,36,1]",0.464446598339575,0.000515318288510954,0.0460541465628031,0.382417754947353,0.431444696808309,0.462303941486709,0.494363892483518,0.560913734700991,7987.04931610815,1.00019880091694
"lambda_C_S[1,37,1]",0.712179320201776,0.000783635529082439,0.069937431728593,0.589795987045124,0.661427269486559,0.707098764590778,0.757481508582809,0.858912449402567,7965.09799911991,1.00031398185975
"lambda_C_S[1,38,1]",0.712179320201776,0.000783635529082439,0.069937431728593,0.589795987045124,0.661427269486559,0.707098764590778,0.757481508582809,0.858912449402567,7965.09799911991,1.00031398185975
"lambda_C_S[1,39,1]",0.712179320201776,0.000783635529082439,0.069937431728593,0.589795987045124,0.661427269486559,0.707098764590778,0.757481508582809,0.858912449402567,7965.09799911991,1.00031398185975
"lambda_C_S[1,40,1]",0.712179320201776,0.000783635529082439,0.069937431728593,0.589795987045124,0.661427269486559,0.707098764590778,0.757481508582809,0.858912449402567,7965.09799911991,1.00031398185975
"lambda_C_S[1,41,1]",0.712179320201776,0.000783635529082439,0.069937431728593,0.589795987045124,0.661427269486559,0.707098764590778,0.757481508582809,0.858912449402567,7965.09799911991,1.00031398185975
"lambda_C_S[1,42,1]",0.464446598339575,0.000515318288510954,0.0460541465628031,0.382417754947353,0.431444696808309,0.462303941486709,0.494363892483518,0.560913734700991,7987.04931610815,1.00019880091694
"lambda_C_S[1,43,1]",0.464446598339575,0.000515318288510954,0.0460541465628031,0.382417754947353,0.431444696808309,0.462303941486709,0.494363892483518,0.560913734700991,7987.04931610815,1.00019880091694
"lambda_C_S[1,44,1]",0.712179320201776,0.000783635529082439,0.069937431728593,0.589795987045124,0.661427269486559,0.707098764590778,0.757481508582809,0.858912449402567,7965.09799911991,1.00031398185975
"lambda_C_S[1,45,1]",0.712179320201776,0.000783635529082439,0.069937431728593,0.589795987045124,0.661427269486559,0.707098764590778,0.757481508582809,0.858912449402567,7965.09799911991,1.00031398185975
"lambda_C_S[1,46,1]",0.712179320201776,0.000783635529082439,0.069937431728593,0.589795987045124,0.661427269486559,0.707098764590778,0.757481508582809,0.858912449402567,7965.09799911991,1.00031398185975
"lambda_C_S[1,47,1]",0.712179320201776,0.000783635529082439,0.069937431728593,0.589795987045124,0.661427269486559,0.707098764590778,0.757481508582809,0.858912449402567,7965.09799911991,1.00031398185975
"lambda_C_S[1,48,1]",0.712179320201776,0.000783635529082439,0.069937431728593,0.589795987045124,0.661427269486559,0.707098764590778,0.757481508582809,0.858912449402567,7965.09799911991,1.00031398185975
"lambda_C_S[1,49,1]",0.464446598339575,0.000515318288510954,0.0460541465628031,0.382417754947353,0.431444696808309,0.462303941486709,0.494363892483518,0.560913734700991,7987.04931610815,1.00019880091694
"lambda_C_S[1,50,1]",0.464446598339575,0.000515318288510954,0.0460541465628031,0.382417754947353,0.431444696808309,0.462303941486709,0.494363892483518,0.560913734700991,7987.04931610815,1.00019880091694
"lambda_C_S[1,51,1]",0.712179320201776,0.000783635529082439,0.069937431728593,0.589795987045124,0.661427269486559,0.707098764590778,0.757481508582809,0.858912449402567,7965.09799911991,1.00031398185975
"lambda_C_S[1,52,1]",0.712179320201776,0.000783635529082439,0.069937431728593,0.589795987045124,0.661427269486559,0.707098764590778,0.757481508582809,0.858912449402567,7965.09799911991,1.00031398185975
"lambda_C_S[1,53,1]",0.712179320201776,0.000783635529082439,0.069937431728593,0.589795987045124,0.661427269486559,0.707098764590778,0.757481508582809,0.858912449402567,7965.09799911991,1.00031398185975
"lambda_C_S[1,54,1]",0.712179320201776,0.000783635529082439,0.069937431728593,0.589795987045124,0.661427269486559,0.707098764590778,0.757481508582809,0.858912449402567,7965.09799911991,1.00031398185975
"lambda_C_S[1,55,1]",0.712179320201776,0.000783635529082439,0.069937431728593,0.589795987045124,0.661427269486559,0.707098764590778,0.757481508582809,0.858912449402567,7965.09799911991,1.00031398185975
"lambda_C_S[1,56,1]",0.464446598339575,0.000515318288510954,0.0460541465628031,0.382417754947353,0.431444696808309,0.462303941486709,0.494363892483518,0.560913734700991,7987.04931610815,1.00019880091694
"lambda_C_S[1,57,1]",0.464446598339575,0.000515318288510954,0.0460541465628031,0.382417754947353,0.431444696808309,0.462303941486709,0.494363892483518,0.560913734700991,7987.04931610815,1.00019880091694
"lambda_C_S[1,58,1]",0.712179320201776,0.000783635529082439,0.069937431728593,0.589795987045124,0.661427269486559,0.707098764590778,0.757481508582809,0.858912449402567,7965.09799911991,1.00031398185975
"lambda_C_S[1,59,1]",0.712179320201776,0.000783635529082439,0.069937431728593,0.589795987045124,0.661427269486559,0.707098764590778,0.757481508582809,0.858912449402567,7965.09799911991,1.00031398185975
"lambda_C_S[1,60,1]",0.712179320201776,0.000783635529082439,0.069937431728593,0.589795987045124,0.661427269486559,0.707098764590778,0.757481508582809,0.858912449402567,7965.09799911991,1.00031398185975
"lambda_C_S[1,61,1]",0.712179320201776,0.000783635529082439,0.069937431728593,0.589795987045124,0.661427269486559,0.707098764590778,0.757481508582809,0.858912449402567,7965.09799911991,1.00031398185975
"lambda_C_S[1,62,1]",0.712179320201776,0.000783635529082439,0.069937431728593,0.589795987045124,0.661427269486559,0.707098764590778,0.757481508582809,0.858912449402567,7965.09799911991,1.00031398185975
"lambda_C_S[1,63,1]",0.409051927395568,0.0005419424618663,0.0528333675202813,0.314395182499344,0.372023685041704,0.405865903573498,0.44326962880006,0.521604875934185,9504.08312263997,0.99976364100232
"lambda_C_S[1,64,1]",0.409051927395568,0.0005419424618663,0.0528333675202813,0.314395182499344,0.372023685041704,0.405865903573498,0.44326962880006,0.521604875934185,9504.08312263997,0.99976364100232
"lambda_C_S[1,65,1]",0.626664511510138,0.000784580608411936,0.0758209141089278,0.49234505556579,0.572861620044642,0.622537605584508,0.674314723163044,0.785731388098896,9339.05412022088,0.999900226991838
"lambda_C_S[1,66,1]",0.626664511510138,0.000784580608411936,0.0758209141089278,0.49234505556579,0.572861620044642,0.622537605584508,0.674314723163044,0.785731388098896,9339.05412022088,0.999900226991838
"lambda_C_S[1,67,1]",0.626664511510138,0.000784580608411936,0.0758209141089278,0.49234505556579,0.572861620044642,0.622537605584508,0.674314723163044,0.785731388098896,9339.05412022088,0.999900226991838
"lambda_C_S[1,68,1]",0.626664511510138,0.000784580608411936,0.0758209141089278,0.49234505556579,0.572861620044642,0.622537605584508,0.674314723163044,0.785731388098896,9339.05412022088,0.999900226991838
"lambda_C_S[1,69,1]",0.626664511510138,0.000784580608411936,0.0758209141089278,0.49234505556579,0.572861620044642,0.622537605584508,0.674314723163044,0.785731388098896,9339.05412022088,0.999900226991838
"lambda_C_S[1,70,1]",0.409051927395568,0.0005419424618663,0.0528333675202813,0.314395182499344,0.372023685041704,0.405865903573498,0.44326962880006,0.521604875934185,9504.08312263997,0.99976364100232
"lambda_C_S[1,71,1]",0.409051927395568,0.0005419424618663,0.0528333675202813,0.314395182499344,0.372023685041704,0.405865903573498,0.44326962880006,0.521604875934185,9504.08312263997,0.99976364100232
"lambda_C_S[1,72,1]",0.626664511510138,0.000784580608411936,0.0758209141089278,0.49234505556579,0.572861620044642,0.622537605584508,0.674314723163044,0.785731388098896,9339.05412022088,0.999900226991838
"lambda_C_S[1,73,1]",0.626664511510138,0.000784580608411936,0.0758209141089278,0.49234505556579,0.572861620044642,0.622537605584508,0.674314723163044,0.785731388098896,9339.05412022088,0.999900226991838
"lambda_C_S[1,74,1]",0.626664511510138,0.000784580608411936,0.0758209141089278,0.49234505556579,0.572861620044642,0.622537605584508,0.674314723163044,0.785731388098896,9339.05412022088,0.999900226991838
"lambda_C_S[1,75,1]",0.626664511510138,0.000784580608411936,0.0758209141089278,0.49234505556579,0.572861620044642,0.622537605584508,0.674314723163044,0.785731388098896,9339.05412022088,0.999900226991838
"lambda_C_S[1,76,1]",0.626664511510138,0.000784580608411936,0.0758209141089278,0.49234505556579,0.572861620044642,0.622537605584508,0.674314723163044,0.785731388098896,9339.05412022088,0.999900226991838
"lambda_C_S[1,77,1]",0.409051927395568,0.0005419424618663,0.0528333675202813,0.314395182499344,0.372023685041704,0.405865903573498,0.44326962880006,0.521604875934185,9504.08312263997,0.99976364100232
"lambda_C_S[1,78,1]",0.409051927395568,0.0005419424618663,0.0528333675202813,0.314395182499344,0.372023685041704,0.405865903573498,0.44326962880006,0.521604875934185,9504.08312263997,0.99976364100232
"lambda_C_S[1,79,1]",0.626664511510138,0.000784580608411936,0.0758209141089278,0.49234505556579,0.572861620044642,0.622537605584508,0.674314723163044,0.785731388098896,9339.05412022088,0.999900226991838
"lambda_C_S[1,80,1]",0.626664511510138,0.000784580608411936,0.0758209141089278,0.49234505556579,0.572861620044642,0.622537605584508,0.674314723163044,0.785731388098896,9339.05412022088,0.999900226991838
"lambda_C_S[1,81,1]",0.626664511510138,0.000784580608411936,0.0758209141089278,0.49234505556579,0.572861620044642,0.622537605584508,0.674314723163044,0.785731388098896,9339.05412022088,0.999900226991838
"lambda_C_S[1,82,1]",0.626664511510138,0.000784580608411936,0.0758209141089278,0.49234505556579,0.572861620044642,0.622537605584508,0.674314723163044,0.785731388098896,9339.05412022088,0.999900226991838
"lambda_C_S[1,83,1]",0.626664511510138,0.000784580608411936,0.0758209141089278,0.49234505556579,0.572861620044642,0.622537605584508,0.674314723163044,0.785731388098896,9339.05412022088,0.999900226991838
"lambda_C_S[1,84,1]",0.409051927395568,0.0005419424618663,0.0528333675202813,0.314395182499344,0.372023685041704,0.405865903573498,0.44326962880006,0.521604875934185,9504.08312263997,0.99976364100232
"lambda_C_S[1,85,1]",0.409051927395568,0.0005419424618663,0.0528333675202813,0.314395182499344,0.372023685041704,0.405865903573498,0.44326962880006,0.521604875934185,9504.08312263997,0.99976364100232
"lambda_C_S[1,86,1]",0.626664511510138,0.000784580608411936,0.0758209141089278,0.49234505556579,0.572861620044642,0.622537605584508,0.674314723163044,0.785731388098896,9339.05412022088,0.999900226991838
"lambda_C_S[1,87,1]",0.626664511510138,0.000784580608411936,0.0758209141089278,0.49234505556579,0.572861620044642,0.622537605584508,0.674314723163044,0.785731388098896,9339.05412022088,0.999900226991838
"lambda_C_S[1,88,1]",0.626664511510138,0.000784580608411936,0.0758209141089278,0.49234505556579,0.572861620044642,0.622537605584508,0.674314723163044,0.785731388098896,9339.05412022088,0.999900226991838
"lambda_C_S[1,89,1]",0.626664511510138,0.000784580608411936,0.0758209141089278,0.49234505556579,0.572861620044642,0.622537605584508,0.674314723163044,0.785731388098896,9339.05412022088,0.999900226991838
"lambda_C_S[1,90,1]",0.626664511510138,0.000784580608411936,0.0758209141089278,0.49234505556579,0.572861620044642,0.622537605584508,0.674314723163044,0.785731388098896,9339.05412022088,0.999900226991838
"lambda_C_S[1,91,1]",0.468604861609609,0.000535442451414925,0.0543776485328292,0.370485646835992,0.430791717805343,0.465271691858218,0.502378798902431,0.585498377396437,10313.7178426993,1.00026051191198
"lambda_C_S[1,92,1]",0.468604861609609,0.000535442451414925,0.0543776485328292,0.370485646835992,0.430791717805343,0.465271691858218,0.502378798902431,0.585498377396437,10313.7178426993,1.00026051191198
"lambda_C_S[1,93,1]",0.718534478152835,0.000818191509445661,0.0825804749859715,0.572305870866621,0.66061133002445,0.713663075106635,0.771821204425325,0.896529004120525,10186.9650510876,1.00018761873426
"lambda_C_S[1,94,1]",0.718534478152835,0.000818191509445661,0.0825804749859715,0.572305870866621,0.66061133002445,0.713663075106635,0.771821204425325,0.896529004120525,10186.9650510876,1.00018761873426
"lambda_C_S[1,95,1]",0.718534478152835,0.000818191509445661,0.0825804749859715,0.572305870866621,0.66061133002445,0.713663075106635,0.771821204425325,0.896529004120525,10186.9650510876,1.00018761873426
"lambda_C_S[1,96,1]",0.718534478152835,0.000818191509445661,0.0825804749859715,0.572305870866621,0.66061133002445,0.713663075106635,0.771821204425325,0.896529004120525,10186.9650510876,1.00018761873426
"lambda_C_S[1,97,1]",0.718534478152835,0.000818191509445661,0.0825804749859715,0.572305870866621,0.66061133002445,0.713663075106635,0.771821204425325,0.896529004120525,10186.9650510876,1.00018761873426
"lambda_C_S[1,98,1]",0.468604861609609,0.000535442451414925,0.0543776485328292,0.370485646835992,0.430791717805343,0.465271691858218,0.502378798902431,0.585498377396437,10313.7178426993,1.00026051191198
"lambda_C_S[1,99,1]",0.468604861609609,0.000535442451414925,0.0543776485328292,0.370485646835992,0.430791717805343,0.465271691858218,0.502378798902431,0.585498377396437,10313.7178426993,1.00026051191198
"lambda_C_S[1,100,1]",0.718534478152835,0.000818191509445661,0.0825804749859715,0.572305870866621,0.66061133002445,0.713663075106635,0.771821204425325,0.896529004120525,10186.9650510876,1.00018761873426
"lambda_C_S[1,101,1]",0.718534478152835,0.000818191509445661,0.0825804749859715,0.572305870866621,0.66061133002445,0.713663075106635,0.771821204425325,0.896529004120525,10186.9650510876,1.00018761873426
"lambda_C_S[1,102,1]",0.718534478152835,0.000818191509445661,0.0825804749859715,0.572305870866621,0.66061133002445,0.713663075106635,0.771821204425325,0.896529004120525,10186.9650510876,1.00018761873426
"lambda_C_S[1,103,1]",0.718534478152835,0.000818191509445661,0.0825804749859715,0.572305870866621,0.66061133002445,0.713663075106635,0.771821204425325,0.896529004120525,10186.9650510876,1.00018761873426
"lambda_C_S[1,104,1]",0.718534478152835,0.000818191509445661,0.0825804749859715,0.572305870866621,0.66061133002445,0.713663075106635,0.771821204425325,0.896529004120525,10186.9650510876,1.00018761873426
"lambda_C_S[1,105,1]",0.468604861609609,0.000535442451414925,0.0543776485328292,0.370485646835992,0.430791717805343,0.465271691858218,0.502378798902431,0.585498377396437,10313.7178426993,1.00026051191198
"lambda_C_S[1,106,1]",0.468604861609609,0.000535442451414925,0.0543776485328292,0.370485646835992,0.430791717805343,0.465271691858218,0.502378798902431,0.585498377396437,10313.7178426993,1.00026051191198
"lambda_C_S[1,107,1]",0.718534478152835,0.000818191509445661,0.0825804749859715,0.572305870866621,0.66061133002445,0.713663075106635,0.771821204425325,0.896529004120525,10186.9650510876,1.00018761873426
"lambda_C_S[1,108,1]",0.718534478152835,0.000818191509445661,0.0825804749859715,0.572305870866621,0.66061133002445,0.713663075106635,0.771821204425325,0.896529004120525,10186.9650510876,1.00018761873426
"lambda_C_S[1,109,1]",0.718534478152835,0.000818191509445661,0.0825804749859715,0.572305870866621,0.66061133002445,0.713663075106635,0.771821204425325,0.896529004120525,10186.9650510876,1.00018761873426
"lambda_C_S[1,110,1]",0.718534478152835,0.000818191509445661,0.0825804749859715,0.572305870866621,0.66061133002445,0.713663075106635,0.771821204425325,0.896529004120525,10186.9650510876,1.00018761873426
"lambda_C_S[1,111,1]",0.718534478152835,0.000818191509445661,0.0825804749859715,0.572305870866621,0.66061133002445,0.713663075106635,0.771821204425325,0.896529004120525,10186.9650510876,1.00018761873426
"lambda_C_S[1,112,1]",0.468604861609609,0.000535442451414925,0.0543776485328292,0.370485646835992,0.430791717805343,0.465271691858218,0.502378798902431,0.585498377396437,10313.7178426993,1.00026051191198
"lambda_C_S[1,113,1]",0.468604861609609,0.000535442451414925,0.0543776485328292,0.370485646835992,0.430791717805343,0.465271691858218,0.502378798902431,0.585498377396437,10313.7178426993,1.00026051191198
"lambda_C_S[1,114,1]",0.718534478152835,0.000818191509445661,0.0825804749859715,0.572305870866621,0.66061133002445,0.713663075106635,0.771821204425325,0.896529004120525,10186.9650510876,1.00018761873426
"lambda_C_S[1,115,1]",0.718534478152835,0.000818191509445661,0.0825804749859715,0.572305870866621,0.66061133002445,0.713663075106635,0.771821204425325,0.896529004120525,10186.9650510876,1.00018761873426
"lambda_C_S[1,116,1]",0.718534478152835,0.000818191509445661,0.0825804749859715,0.572305870866621,0.66061133002445,0.713663075106635,0.771821204425325,0.896529004120525,10186.9650510876,1.00018761873426
"lambda_C_S[1,117,1]",0.718534478152835,0.000818191509445661,0.0825804749859715,0.572305870866621,0.66061133002445,0.713663075106635,0.771821204425325,0.896529004120525,10186.9650510876,1.00018761873426
"lambda_C_S[1,118,1]",0.718534478152835,0.000818191509445661,0.0825804749859715,0.572305870866621,0.66061133002445,0.713663075106635,0.771821204425325,0.896529004120525,10186.9650510876,1.00018761873426
"lambda_C_S[1,119,1]",0.468604861609609,0.000535442451414925,0.0543776485328292,0.370485646835992,0.430791717805343,0.465271691858218,0.502378798902431,0.585498377396437,10313.7178426993,1.00026051191198
"lambda_C_S[1,120,1]",0.468604861609609,0.000535442451414925,0.0543776485328292,0.370485646835992,0.430791717805343,0.465271691858218,0.502378798902431,0.585498377396437,10313.7178426993,1.00026051191198
"lambda_C_S[1,121,1]",0.718534478152835,0.000818191509445661,0.0825804749859715,0.572305870866621,0.66061133002445,0.713663075106635,0.771821204425325,0.896529004120525,10186.9650510876,1.00018761873426
"lambda_C_S[1,122,1]",0.943132798462486,0.000867039754571694,0.0876941116438419,0.784163532725382,0.882822236907473,0.93857849840727,0.998830184922085,1.12925400417684,10229.6987482995,0.999569767486164
"lambda_C_S[1,123,1]",0.943132798462486,0.000867039754571694,0.0876941116438419,0.784163532725382,0.882822236907473,0.93857849840727,0.998830184922085,1.12925400417684,10229.6987482995,0.999569767486164
"lambda_C_S[1,124,1]",0.943132798462486,0.000867039754571694,0.0876941116438419,0.784163532725382,0.882822236907473,0.93857849840727,0.998830184922085,1.12925400417684,10229.6987482995,0.999569767486164
"lambda_C_S[1,125,1]",0.943132798462486,0.000867039754571694,0.0876941116438419,0.784163532725382,0.882822236907473,0.93857849840727,0.998830184922085,1.12925400417684,10229.6987482995,0.999569767486164
"lambda_C_S[1,126,1]",0.615145796883428,0.000582768611650931,0.0588109628134941,0.509951424528489,0.573671619408968,0.612579431995365,0.652336696700014,0.738930602572589,10184.1379689888,0.99966005051414
"lambda_C_S[1,127,1]",0.615145796883428,0.000582768611650931,0.0588109628134941,0.509951424528489,0.573671619408968,0.612579431995365,0.652336696700014,0.738930602572589,10184.1379689888,0.99966005051414
"lambda_C_S[1,128,1]",0.943132798462486,0.000867039754571694,0.0876941116438419,0.784163532725382,0.882822236907473,0.93857849840727,0.998830184922085,1.12925400417684,10229.6987482995,0.999569767486164
"lambda_C_S[1,129,1]",0.943132798462486,0.000867039754571694,0.0876941116438419,0.784163532725382,0.882822236907473,0.93857849840727,0.998830184922085,1.12925400417684,10229.6987482995,0.999569767486164
"lambda_C_S[1,130,1]",0.943132798462486,0.000867039754571694,0.0876941116438419,0.784163532725382,0.882822236907473,0.93857849840727,0.998830184922085,1.12925400417684,10229.6987482995,0.999569767486164
"lambda_C_S[1,131,1]",0.943132798462486,0.000867039754571694,0.0876941116438419,0.784163532725382,0.882822236907473,0.93857849840727,0.998830184922085,1.12925400417684,10229.6987482995,0.999569767486164
"lambda_C_S[1,132,1]",0.943132798462486,0.000867039754571694,0.0876941116438419,0.784163532725382,0.882822236907473,0.93857849840727,0.998830184922085,1.12925400417684,10229.6987482995,0.999569767486164
"lambda_C_S[1,133,1]",0.615145796883428,0.000582768611650931,0.0588109628134941,0.509951424528489,0.573671619408968,0.612579431995365,0.652336696700014,0.738930602572589,10184.1379689888,0.99966005051414
"lambda_C_S[1,134,1]",0.615145796883428,0.000582768611650931,0.0588109628134941,0.509951424528489,0.573671619408968,0.612579431995365,0.652336696700014,0.738930602572589,10184.1379689888,0.99966005051414
"lambda_C_S[1,135,1]",0.943132798462486,0.000867039754571694,0.0876941116438419,0.784163532725382,0.882822236907473,0.93857849840727,0.998830184922085,1.12925400417684,10229.6987482995,0.999569767486164
"lambda_C_S[1,136,1]",0.943132798462486,0.000867039754571694,0.0876941116438419,0.784163532725382,0.882822236907473,0.93857849840727,0.998830184922085,1.12925400417684,10229.6987482995,0.999569767486164
"lambda_C_S[1,137,1]",0.943132798462486,0.000867039754571694,0.0876941116438419,0.784163532725382,0.882822236907473,0.93857849840727,0.998830184922085,1.12925400417684,10229.6987482995,0.999569767486164
"lambda_C_S[1,138,1]",0.943132798462486,0.000867039754571694,0.0876941116438419,0.784163532725382,0.882822236907473,0.93857849840727,0.998830184922085,1.12925400417684,10229.6987482995,0.999569767486164
"lambda_C_S[1,139,1]",0.943132798462486,0.000867039754571694,0.0876941116438419,0.784163532725382,0.882822236907473,0.93857849840727,0.998830184922085,1.12925400417684,10229.6987482995,0.999569767486164
"lambda_C_S[1,140,1]",0.615145796883428,0.000582768611650931,0.0588109628134941,0.509951424528489,0.573671619408968,0.612579431995365,0.652336696700014,0.738930602572589,10184.1379689888,0.99966005051414
"lambda_C_S[1,141,1]",0.615145796883428,0.000582768611650931,0.0588109628134941,0.509951424528489,0.573671619408968,0.612579431995365,0.652336696700014,0.738930602572589,10184.1379689888,0.99966005051414
"lambda_C_S[1,142,1]",0.943132798462486,0.000867039754571694,0.0876941116438419,0.784163532725382,0.882822236907473,0.93857849840727,0.998830184922085,1.12925400417684,10229.6987482995,0.999569767486164
"lambda_C_S[1,143,1]",0.943132798462486,0.000867039754571694,0.0876941116438419,0.784163532725382,0.882822236907473,0.93857849840727,0.998830184922085,1.12925400417684,10229.6987482995,0.999569767486164
"lambda_C_S[1,144,1]",0.943132798462486,0.000867039754571694,0.0876941116438419,0.784163532725382,0.882822236907473,0.93857849840727,0.998830184922085,1.12925400417684,10229.6987482995,0.999569767486164
"lambda_C_S[1,145,1]",0.943132798462486,0.000867039754571694,0.0876941116438419,0.784163532725382,0.882822236907473,0.93857849840727,0.998830184922085,1.12925400417684,10229.6987482995,0.999569767486164
"lambda_C_S[1,146,1]",0.943132798462486,0.000867039754571694,0.0876941116438419,0.784163532725382,0.882822236907473,0.93857849840727,0.998830184922085,1.12925400417684,10229.6987482995,0.999569767486164
"lambda_C_S[1,147,1]",0.615145796883428,0.000582768611650931,0.0588109628134941,0.509951424528489,0.573671619408968,0.612579431995365,0.652336696700014,0.738930602572589,10184.1379689888,0.99966005051414
"lambda_C_S[1,148,1]",0.615145796883428,0.000582768611650931,0.0588109628134941,0.509951424528489,0.573671619408968,0.612579431995365,0.652336696700014,0.738930602572589,10184.1379689888,0.99966005051414
"lambda_C_S[1,149,1]",0.943132798462486,0.000867039754571694,0.0876941116438419,0.784163532725382,0.882822236907473,0.93857849840727,0.998830184922085,1.12925400417684,10229.6987482995,0.999569767486164
"lambda_C_S[1,150,1]",0.943132798462486,0.000867039754571694,0.0876941116438419,0.784163532725382,0.882822236907473,0.93857849840727,0.998830184922085,1.12925400417684,10229.6987482995,0.999569767486164
"lambda_C_S[1,151,1]",0.943132798462486,0.000867039754571694,0.0876941116438419,0.784163532725382,0.882822236907473,0.93857849840727,0.998830184922085,1.12925400417684,10229.6987482995,0.999569767486164
"lambda_C_S[1,152,1]",1.07182063315575,0.00101148097736117,0.102717974700558,0.885785893167823,1.00159693297911,1.06613585480699,1.13590162979041,1.28428507899177,10312.8204482289,0.999972391214935
"lambda_C_S[1,153,1]",1.07182063315575,0.00101148097736117,0.102717974700558,0.885785893167823,1.00159693297911,1.06613585480699,1.13590162979041,1.28428507899177,10312.8204482289,0.999972391214935
"lambda_C_S[1,154,1]",0.699566157634728,0.000709134968290788,0.0736127049844089,0.567296450075121,0.647292788301843,0.696088395259152,0.746845624594777,0.856354897302666,10775.7560368604,0.999688763817862
"lambda_C_S[1,155,1]",0.699566157634728,0.000709134968290788,0.0736127049844089,0.567296450075121,0.647292788301843,0.696088395259152,0.746845624594777,0.856354897302666,10775.7560368604,0.999688763817862
"lambda_C_S[1,156,1]",1.07182063315575,0.00101148097736117,0.102717974700558,0.885785893167823,1.00159693297911,1.06613585480699,1.13590162979041,1.28428507899177,10312.8204482289,0.999972391214935
"lambda_C_S[1,157,1]",1.07182063315575,0.00101148097736117,0.102717974700558,0.885785893167823,1.00159693297911,1.06613585480699,1.13590162979041,1.28428507899177,10312.8204482289,0.999972391214935
"lambda_C_S[1,158,1]",1.07182063315575,0.00101148097736117,0.102717974700558,0.885785893167823,1.00159693297911,1.06613585480699,1.13590162979041,1.28428507899177,10312.8204482289,0.999972391214935
"lambda_C_S[1,159,1]",1.07182063315575,0.00101148097736117,0.102717974700558,0.885785893167823,1.00159693297911,1.06613585480699,1.13590162979041,1.28428507899177,10312.8204482289,0.999972391214935
"lambda_C_S[1,160,1]",1.07182063315575,0.00101148097736117,0.102717974700558,0.885785893167823,1.00159693297911,1.06613585480699,1.13590162979041,1.28428507899177,10312.8204482289,0.999972391214935
"lambda_C_S[1,161,1]",0.699566157634728,0.000709134968290788,0.0736127049844089,0.567296450075121,0.647292788301843,0.696088395259152,0.746845624594777,0.856354897302666,10775.7560368604,0.999688763817862
"lambda_C_S[1,162,1]",0.699566157634728,0.000709134968290788,0.0736127049844089,0.567296450075121,0.647292788301843,0.696088395259152,0.746845624594777,0.856354897302666,10775.7560368604,0.999688763817862
"lambda_C_S[1,163,1]",1.07182063315575,0.00101148097736117,0.102717974700558,0.885785893167823,1.00159693297911,1.06613585480699,1.13590162979041,1.28428507899177,10312.8204482289,0.999972391214935
"lambda_C_S[1,164,1]",1.07182063315575,0.00101148097736117,0.102717974700558,0.885785893167823,1.00159693297911,1.06613585480699,1.13590162979041,1.28428507899177,10312.8204482289,0.999972391214935
"lambda_C_S[1,165,1]",1.07182063315575,0.00101148097736117,0.102717974700558,0.885785893167823,1.00159693297911,1.06613585480699,1.13590162979041,1.28428507899177,10312.8204482289,0.999972391214935
"lambda_C_S[1,166,1]",1.07182063315575,0.00101148097736117,0.102717974700558,0.885785893167823,1.00159693297911,1.06613585480699,1.13590162979041,1.28428507899177,10312.8204482289,0.999972391214935
"lambda_C_S[1,167,1]",1.07182063315575,0.00101148097736117,0.102717974700558,0.885785893167823,1.00159693297911,1.06613585480699,1.13590162979041,1.28428507899177,10312.8204482289,0.999972391214935
"lambda_C_S[1,168,1]",0.699566157634728,0.000709134968290788,0.0736127049844089,0.567296450075121,0.647292788301843,0.696088395259152,0.746845624594777,0.856354897302666,10775.7560368604,0.999688763817862
"lambda_C_S[1,169,1]",0.699566157634728,0.000709134968290788,0.0736127049844089,0.567296450075121,0.647292788301843,0.696088395259152,0.746845624594777,0.856354897302666,10775.7560368604,0.999688763817862
"lambda_C_S[1,170,1]",1.07182063315575,0.00101148097736117,0.102717974700558,0.885785893167823,1.00159693297911,1.06613585480699,1.13590162979041,1.28428507899177,10312.8204482289,0.999972391214935
"lambda_C_S[1,171,1]",1.07182063315575,0.00101148097736117,0.102717974700558,0.885785893167823,1.00159693297911,1.06613585480699,1.13590162979041,1.28428507899177,10312.8204482289,0.999972391214935
"lambda_C_S[1,172,1]",1.07182063315575,0.00101148097736117,0.102717974700558,0.885785893167823,1.00159693297911,1.06613585480699,1.13590162979041,1.28428507899177,10312.8204482289,0.999972391214935
"lambda_C_S[1,173,1]",1.07182063315575,0.00101148097736117,0.102717974700558,0.885785893167823,1.00159693297911,1.06613585480699,1.13590162979041,1.28428507899177,10312.8204482289,0.999972391214935
"lambda_C_S[1,174,1]",1.07182063315575,0.00101148097736117,0.102717974700558,0.885785893167823,1.00159693297911,1.06613585480699,1.13590162979041,1.28428507899177,10312.8204482289,0.999972391214935
"lambda_C_S[1,175,1]",0.699566157634728,0.000709134968290788,0.0736127049844089,0.567296450075121,0.647292788301843,0.696088395259152,0.746845624594777,0.856354897302666,10775.7560368604,0.999688763817862
"lambda_C_S[1,176,1]",0.699566157634728,0.000709134968290788,0.0736127049844089,0.567296450075121,0.647292788301843,0.696088395259152,0.746845624594777,0.856354897302666,10775.7560368604,0.999688763817862
"lambda_C_S[1,177,1]",0.699566157634728,0.000709134968290788,0.0736127049844089,0.567296450075121,0.647292788301843,0.696088395259152,0.746845624594777,0.856354897302666,10775.7560368604,0.999688763817862
"lambda_C_S[1,178,1]",1.07182063315575,0.00101148097736117,0.102717974700558,0.885785893167823,1.00159693297911,1.06613585480699,1.13590162979041,1.28428507899177,10312.8204482289,0.999972391214935
"lambda_C_S[1,179,1]",1.07182063315575,0.00101148097736117,0.102717974700558,0.885785893167823,1.00159693297911,1.06613585480699,1.13590162979041,1.28428507899177,10312.8204482289,0.999972391214935
"lambda_C_S[1,180,1]",1.07182063315575,0.00101148097736117,0.102717974700558,0.885785893167823,1.00159693297911,1.06613585480699,1.13590162979041,1.28428507899177,10312.8204482289,0.999972391214935
"lambda_C_S[1,181,1]",1.07182063315575,0.00101148097736117,0.102717974700558,0.885785893167823,1.00159693297911,1.06613585480699,1.13590162979041,1.28428507899177,10312.8204482289,0.999972391214935
"lambda_C_S[1,182,1]",0.699566157634728,0.000709134968290788,0.0736127049844089,0.567296450075121,0.647292788301843,0.696088395259152,0.746845624594777,0.856354897302666,10775.7560368604,0.999688763817862
"lambda_C_S[1,183,1]",0.7277717326933,0.000906624173295935,0.098740840808585,0.554874010061315,0.66024518950035,0.718868096881434,0.78770962567934,0.944529796060871,11861.4847050734,0.999802495459613
"lambda_C_S[1,184,1]",1.11630500175067,0.00141432541428218,0.153437951378567,0.852150217145877,1.00923265705168,1.10380129465646,1.20845250729198,1.45282561777561,11769.7406211606,0.999736475377956
"lambda_C_S[1,185,1]",1.11630500175067,0.00141432541428218,0.153437951378567,0.852150217145877,1.00923265705168,1.10380129465646,1.20845250729198,1.45282561777561,11769.7406211606,0.999736475377956
"lambda_C_S[1,186,1]",1.11630500175067,0.00141432541428218,0.153437951378567,0.852150217145877,1.00923265705168,1.10380129465646,1.20845250729198,1.45282561777561,11769.7406211606,0.999736475377956
"lambda_C_S[1,187,1]",1.11630500175067,0.00141432541428218,0.153437951378567,0.852150217145877,1.00923265705168,1.10380129465646,1.20845250729198,1.45282561777561,11769.7406211606,0.999736475377956
"lambda_C_S[1,188,1]",1.11630500175067,0.00141432541428218,0.153437951378567,0.852150217145877,1.00923265705168,1.10380129465646,1.20845250729198,1.45282561777561,11769.7406211606,0.999736475377956
"lambda_C_S[1,189,1]",0.7277717326933,0.000906624173295935,0.098740840808585,0.554874010061315,0.66024518950035,0.718868096881434,0.78770962567934,0.944529796060871,11861.4847050734,0.999802495459613
"lambda_C_S[1,190,1]",0.7277717326933,0.000906624173295935,0.098740840808585,0.554874010061315,0.66024518950035,0.718868096881434,0.78770962567934,0.944529796060871,11861.4847050734,0.999802495459613
"lambda_C_S[1,191,1]",1.11630500175067,0.00141432541428218,0.153437951378567,0.852150217145877,1.00923265705168,1.10380129465646,1.20845250729198,1.45282561777561,11769.7406211606,0.999736475377956
"lambda_C_S[1,192,1]",1.11630500175067,0.00141432541428218,0.153437951378567,0.852150217145877,1.00923265705168,1.10380129465646,1.20845250729198,1.45282561777561,11769.7406211606,0.999736475377956
"lambda_C_S[1,193,1]",1.11630500175067,0.00141432541428218,0.153437951378567,0.852150217145877,1.00923265705168,1.10380129465646,1.20845250729198,1.45282561777561,11769.7406211606,0.999736475377956
"lambda_C_S[1,194,1]",1.11630500175067,0.00141432541428218,0.153437951378567,0.852150217145877,1.00923265705168,1.10380129465646,1.20845250729198,1.45282561777561,11769.7406211606,0.999736475377956
"lambda_C_S[1,195,1]",1.11630500175067,0.00141432541428218,0.153437951378567,0.852150217145877,1.00923265705168,1.10380129465646,1.20845250729198,1.45282561777561,11769.7406211606,0.999736475377956
"lambda_C_S[1,196,1]",0.7277717326933,0.000906624173295935,0.098740840808585,0.554874010061315,0.66024518950035,0.718868096881434,0.78770962567934,0.944529796060871,11861.4847050734,0.999802495459613
"lambda_C_S[1,197,1]",0.7277717326933,0.000906624173295935,0.098740840808585,0.554874010061315,0.66024518950035,0.718868096881434,0.78770962567934,0.944529796060871,11861.4847050734,0.999802495459613
"lambda_C_S[1,198,1]",1.11630500175067,0.00141432541428218,0.153437951378567,0.852150217145877,1.00923265705168,1.10380129465646,1.20845250729198,1.45282561777561,11769.7406211606,0.999736475377956
"lambda_C_S[1,199,1]",1.11630500175067,0.00141432541428218,0.153437951378567,0.852150217145877,1.00923265705168,1.10380129465646,1.20845250729198,1.45282561777561,11769.7406211606,0.999736475377956
"lambda_C_S[1,200,1]",1.11630500175067,0.00141432541428218,0.153437951378567,0.852150217145877,1.00923265705168,1.10380129465646,1.20845250729198,1.45282561777561,11769.7406211606,0.999736475377956
"lambda_C_S[1,201,1]",0.7277717326933,0.000906624173295935,0.098740840808585,0.554874010061315,0.66024518950035,0.718868096881434,0.78770962567934,0.944529796060871,11861.4847050734,0.999802495459613
"lambda_C_S[1,202,1]",1.11630500175067,0.00141432541428218,0.153437951378567,0.852150217145877,1.00923265705168,1.10380129465646,1.20845250729198,1.45282561777561,11769.7406211606,0.999736475377956
"lambda_C_S[1,203,1]",0.7277717326933,0.000906624173295935,0.098740840808585,0.554874010061315,0.66024518950035,0.718868096881434,0.78770962567934,0.944529796060871,11861.4847050734,0.999802495459613
"lambda_C_S[1,204,1]",0.7277717326933,0.000906624173295935,0.098740840808585,0.554874010061315,0.66024518950035,0.718868096881434,0.78770962567934,0.944529796060871,11861.4847050734,0.999802495459613
"lambda_C_S[1,205,1]",1.11630500175067,0.00141432541428218,0.153437951378567,0.852150217145877,1.00923265705168,1.10380129465646,1.20845250729198,1.45282561777561,11769.7406211606,0.999736475377956
"lambda_C_S[1,206,1]",1.11630500175067,0.00141432541428218,0.153437951378567,0.852150217145877,1.00923265705168,1.10380129465646,1.20845250729198,1.45282561777561,11769.7406211606,0.999736475377956
"lambda_C_S[1,207,1]",1.11630500175067,0.00141432541428218,0.153437951378567,0.852150217145877,1.00923265705168,1.10380129465646,1.20845250729198,1.45282561777561,11769.7406211606,0.999736475377956
"lambda_C_S[1,208,1]",1.11630500175067,0.00141432541428218,0.153437951378567,0.852150217145877,1.00923265705168,1.10380129465646,1.20845250729198,1.45282561777561,11769.7406211606,0.999736475377956
"lambda_C_S[1,209,1]",1.11630500175067,0.00141432541428218,0.153437951378567,0.852150217145877,1.00923265705168,1.10380129465646,1.20845250729198,1.45282561777561,11769.7406211606,0.999736475377956
"lambda_C_S[1,210,1]",0.7277717326933,0.000906624173295935,0.098740840808585,0.554874010061315,0.66024518950035,0.718868096881434,0.78770962567934,0.944529796060871,11861.4847050734,0.999802495459613
"lambda_C_S[1,211,1]",0.7277717326933,0.000906624173295935,0.098740840808585,0.554874010061315,0.66024518950035,0.718868096881434,0.78770962567934,0.944529796060871,11861.4847050734,0.999802495459613
"lambda_C_S[1,212,1]",1.11630500175067,0.00141432541428218,0.153437951378567,0.852150217145877,1.00923265705168,1.10380129465646,1.20845250729198,1.45282561777561,11769.7406211606,0.999736475377956
"lambda_C_S[1,213,1]",1.04443950641469,0.00121274734901312,0.130805586363695,0.816662747184493,0.953635902843009,1.0358823304088,1.12497233256849,1.32513586426089,11633.5407654701,0.999591042235291
"lambda_C_S[1,214,1]",1.04443950641469,0.00121274734901312,0.130805586363695,0.816662747184493,0.953635902843009,1.0358823304088,1.12497233256849,1.32513586426089,11633.5407654701,0.999591042235291
"lambda_C_S[1,215,1]",1.04443950641469,0.00121274734901312,0.130805586363695,0.816662747184493,0.953635902843009,1.0358823304088,1.12497233256849,1.32513586426089,11633.5407654701,0.999591042235291
"lambda_C_S[1,216,1]",0.681312921243012,0.000810377245850005,0.0874749491994148,0.527170235022098,0.619182275498538,0.674811686681306,0.735377471792277,0.869866877595874,11651.7973173064,0.999676527598956
"lambda_C_S[1,217,1]",0.681312921243012,0.000810377245850005,0.0874749491994148,0.527170235022098,0.619182275498538,0.674811686681306,0.735377471792277,0.869866877595874,11651.7973173064,0.999676527598956
"lambda_C_S[1,218,1]",0.681312921243012,0.000810377245850005,0.0874749491994148,0.527170235022098,0.619182275498538,0.674811686681306,0.735377471792277,0.869866877595874,11651.7973173064,0.999676527598956
"lambda_C_S[1,219,1]",1.04443950641469,0.00121274734901312,0.130805586363695,0.816662747184493,0.953635902843009,1.0358823304088,1.12497233256849,1.32513586426089,11633.5407654701,0.999591042235291
"lambda_C_S[1,220,1]",1.04443950641469,0.00121274734901312,0.130805586363695,0.816662747184493,0.953635902843009,1.0358823304088,1.12497233256849,1.32513586426089,11633.5407654701,0.999591042235291
"lambda_C_S[1,221,1]",1.04443950641469,0.00121274734901312,0.130805586363695,0.816662747184493,0.953635902843009,1.0358823304088,1.12497233256849,1.32513586426089,11633.5407654701,0.999591042235291
"lambda_C_S[1,222,1]",1.04443950641469,0.00121274734901312,0.130805586363695,0.816662747184493,0.953635902843009,1.0358823304088,1.12497233256849,1.32513586426089,11633.5407654701,0.999591042235291
"lambda_C_S[1,223,1]",1.04443950641469,0.00121274734901312,0.130805586363695,0.816662747184493,0.953635902843009,1.0358823304088,1.12497233256849,1.32513586426089,11633.5407654701,0.999591042235291
"lambda_C_S[1,224,1]",0.681312921243012,0.000810377245850005,0.0874749491994148,0.527170235022098,0.619182275498538,0.674811686681306,0.735377471792277,0.869866877595874,11651.7973173064,0.999676527598956
"lambda_C_S[1,225,1]",0.681312921243012,0.000810377245850005,0.0874749491994148,0.527170235022098,0.619182275498538,0.674811686681306,0.735377471792277,0.869866877595874,11651.7973173064,0.999676527598956
"lambda_C_S[1,226,1]",1.04443950641469,0.00121274734901312,0.130805586363695,0.816662747184493,0.953635902843009,1.0358823304088,1.12497233256849,1.32513586426089,11633.5407654701,0.999591042235291
"lambda_C_S[1,227,1]",1.04443950641469,0.00121274734901312,0.130805586363695,0.816662747184493,0.953635902843009,1.0358823304088,1.12497233256849,1.32513586426089,11633.5407654701,0.999591042235291
"lambda_C_S[1,228,1]",1.04443950641469,0.00121274734901312,0.130805586363695,0.816662747184493,0.953635902843009,1.0358823304088,1.12497233256849,1.32513586426089,11633.5407654701,0.999591042235291
"lambda_C_S[1,229,1]",1.04443950641469,0.00121274734901312,0.130805586363695,0.816662747184493,0.953635902843009,1.0358823304088,1.12497233256849,1.32513586426089,11633.5407654701,0.999591042235291
"lambda_C_S[1,230,1]",1.04443950641469,0.00121274734901312,0.130805586363695,0.816662747184493,0.953635902843009,1.0358823304088,1.12497233256849,1.32513586426089,11633.5407654701,0.999591042235291
"lambda_C_S[1,231,1]",0.681312921243012,0.000810377245850005,0.0874749491994148,0.527170235022098,0.619182275498538,0.674811686681306,0.735377471792277,0.869866877595874,11651.7973173064,0.999676527598956
"lambda_C_S[1,232,1]",0.681312921243012,0.000810377245850005,0.0874749491994148,0.527170235022098,0.619182275498538,0.674811686681306,0.735377471792277,0.869866877595874,11651.7973173064,0.999676527598956
"lambda_C_S[1,233,1]",1.04443950641469,0.00121274734901312,0.130805586363695,0.816662747184493,0.953635902843009,1.0358823304088,1.12497233256849,1.32513586426089,11633.5407654701,0.999591042235291
"lambda_C_S[1,234,1]",1.04443950641469,0.00121274734901312,0.130805586363695,0.816662747184493,0.953635902843009,1.0358823304088,1.12497233256849,1.32513586426089,11633.5407654701,0.999591042235291
"lambda_C_S[1,235,1]",1.04443950641469,0.00121274734901312,0.130805586363695,0.816662747184493,0.953635902843009,1.0358823304088,1.12497233256849,1.32513586426089,11633.5407654701,0.999591042235291
"lambda_C_S[1,236,1]",1.04443950641469,0.00121274734901312,0.130805586363695,0.816662747184493,0.953635902843009,1.0358823304088,1.12497233256849,1.32513586426089,11633.5407654701,0.999591042235291
"lambda_C_S[1,237,1]",1.04443950641469,0.00121274734901312,0.130805586363695,0.816662747184493,0.953635902843009,1.0358823304088,1.12497233256849,1.32513586426089,11633.5407654701,0.999591042235291
"lambda_C_S[1,238,1]",0.681312921243012,0.000810377245850005,0.0874749491994148,0.527170235022098,0.619182275498538,0.674811686681306,0.735377471792277,0.869866877595874,11651.7973173064,0.999676527598956
"lambda_C_S[1,239,1]",0.681312921243012,0.000810377245850005,0.0874749491994148,0.527170235022098,0.619182275498538,0.674811686681306,0.735377471792277,0.869866877595874,11651.7973173064,0.999676527598956
"lambda_C_S[1,240,1]",1.04443950641469,0.00121274734901312,0.130805586363695,0.816662747184493,0.953635902843009,1.0358823304088,1.12497233256849,1.32513586426089,11633.5407654701,0.999591042235291
"lambda_C_S[1,241,1]",1.04443950641469,0.00121274734901312,0.130805586363695,0.816662747184493,0.953635902843009,1.0358823304088,1.12497233256849,1.32513586426089,11633.5407654701,0.999591042235291
"lambda_C_S[1,242,1]",1.04443950641469,0.00121274734901312,0.130805586363695,0.816662747184493,0.953635902843009,1.0358823304088,1.12497233256849,1.32513586426089,11633.5407654701,0.999591042235291
"lambda_C_S[1,243,1]",1.04443950641469,0.00121274734901312,0.130805586363695,0.816662747184493,0.953635902843009,1.0358823304088,1.12497233256849,1.32513586426089,11633.5407654701,0.999591042235291
"lambda_C_S[1,244,1]",1.01345717359535,0.000827861808747108,0.0858521506697784,0.857583488619862,0.954122612588247,1.00896731186477,1.06925509891331,1.19407068193903,10754.4118000892,1.00020874598193
"lambda_C_S[1,245,1]",0.661491573797286,0.00063506687741053,0.0631569749499177,0.548837951224591,0.616639952316503,0.658366485542096,0.701348273811945,0.794470308106128,9890.16907654535,1.00025483730253
"lambda_C_S[1,246,1]",0.661491573797286,0.00063506687741053,0.0631569749499177,0.548837951224591,0.616639952316503,0.658366485542096,0.701348273811945,0.794470308106128,9890.16907654535,1.00025483730253
"lambda_C_S[1,247,1]",1.01345717359535,0.000827861808747108,0.0858521506697784,0.857583488619862,0.954122612588247,1.00896731186477,1.06925509891331,1.19407068193903,10754.4118000892,1.00020874598193
"lambda_C_S[1,248,1]",1.01345717359535,0.000827861808747108,0.0858521506697784,0.857583488619862,0.954122612588247,1.00896731186477,1.06925509891331,1.19407068193903,10754.4118000892,1.00020874598193
"lambda_C_S[1,249,1]",1.01345717359535,0.000827861808747108,0.0858521506697784,0.857583488619862,0.954122612588247,1.00896731186477,1.06925509891331,1.19407068193903,10754.4118000892,1.00020874598193
"lambda_C_S[1,250,1]",1.01345717359535,0.000827861808747108,0.0858521506697784,0.857583488619862,0.954122612588247,1.00896731186477,1.06925509891331,1.19407068193903,10754.4118000892,1.00020874598193
"lambda_C_S[1,251,1]",1.01345717359535,0.000827861808747108,0.0858521506697784,0.857583488619862,0.954122612588247,1.00896731186477,1.06925509891331,1.19407068193903,10754.4118000892,1.00020874598193
"lambda_C_S[1,252,1]",0.661491573797286,0.00063506687741053,0.0631569749499177,0.548837951224591,0.616639952316503,0.658366485542096,0.701348273811945,0.794470308106128,9890.16907654535,1.00025483730253
"lambda_C_S[1,253,1]",0.661491573797286,0.00063506687741053,0.0631569749499177,0.548837951224591,0.616639952316503,0.658366485542096,0.701348273811945,0.794470308106128,9890.16907654535,1.00025483730253
"lambda_C_S[1,254,1]",1.01345717359535,0.000827861808747108,0.0858521506697784,0.857583488619862,0.954122612588247,1.00896731186477,1.06925509891331,1.19407068193903,10754.4118000892,1.00020874598193
"lambda_C_S[1,255,1]",1.01345717359535,0.000827861808747108,0.0858521506697784,0.857583488619862,0.954122612588247,1.00896731186477,1.06925509891331,1.19407068193903,10754.4118000892,1.00020874598193
"lambda_C_S[1,256,1]",1.01345717359535,0.000827861808747108,0.0858521506697784,0.857583488619862,0.954122612588247,1.00896731186477,1.06925509891331,1.19407068193903,10754.4118000892,1.00020874598193
"lambda_C_S[1,257,1]",1.01345717359535,0.000827861808747108,0.0858521506697784,0.857583488619862,0.954122612588247,1.00896731186477,1.06925509891331,1.19407068193903,10754.4118000892,1.00020874598193
"lambda_C_S[1,258,1]",1.01345717359535,0.000827861808747108,0.0858521506697784,0.857583488619862,0.954122612588247,1.00896731186477,1.06925509891331,1.19407068193903,10754.4118000892,1.00020874598193
"lambda_C_S[1,259,1]",0.661491573797286,0.00063506687741053,0.0631569749499177,0.548837951224591,0.616639952316503,0.658366485542096,0.701348273811945,0.794470308106128,9890.16907654535,1.00025483730253
"lambda_C_S[1,260,1]",0.661491573797286,0.00063506687741053,0.0631569749499177,0.548837951224591,0.616639952316503,0.658366485542096,0.701348273811945,0.794470308106128,9890.16907654535,1.00025483730253
"lambda_C_S[1,261,1]",1.01345717359535,0.000827861808747108,0.0858521506697784,0.857583488619862,0.954122612588247,1.00896731186477,1.06925509891331,1.19407068193903,10754.4118000892,1.00020874598193
"lambda_C_S[1,262,1]",1.01345717359535,0.000827861808747108,0.0858521506697784,0.857583488619862,0.954122612588247,1.00896731186477,1.06925509891331,1.19407068193903,10754.4118000892,1.00020874598193
"lambda_C_S[1,263,1]",1.01345717359535,0.000827861808747108,0.0858521506697784,0.857583488619862,0.954122612588247,1.00896731186477,1.06925509891331,1.19407068193903,10754.4118000892,1.00020874598193
"lambda_C_S[1,264,1]",1.01345717359535,0.000827861808747108,0.0858521506697784,0.857583488619862,0.954122612588247,1.00896731186477,1.06925509891331,1.19407068193903,10754.4118000892,1.00020874598193
"lambda_C_S[1,265,1]",1.01345717359535,0.000827861808747108,0.0858521506697784,0.857583488619862,0.954122612588247,1.00896731186477,1.06925509891331,1.19407068193903,10754.4118000892,1.00020874598193
"lambda_C_S[1,266,1]",0.661491573797286,0.00063506687741053,0.0631569749499177,0.548837951224591,0.616639952316503,0.658366485542096,0.701348273811945,0.794470308106128,9890.16907654535,1.00025483730253
"lambda_C_S[1,267,1]",0.661491573797286,0.00063506687741053,0.0631569749499177,0.548837951224591,0.616639952316503,0.658366485542096,0.701348273811945,0.794470308106128,9890.16907654535,1.00025483730253
"lambda_C_S[1,268,1]",1.01345717359535,0.000827861808747108,0.0858521506697784,0.857583488619862,0.954122612588247,1.00896731186477,1.06925509891331,1.19407068193903,10754.4118000892,1.00020874598193
"lambda_C_S[1,269,1]",1.01345717359535,0.000827861808747108,0.0858521506697784,0.857583488619862,0.954122612588247,1.00896731186477,1.06925509891331,1.19407068193903,10754.4118000892,1.00020874598193
"lambda_C_S[1,270,1]",1.01345717359535,0.000827861808747108,0.0858521506697784,0.857583488619862,0.954122612588247,1.00896731186477,1.06925509891331,1.19407068193903,10754.4118000892,1.00020874598193
"lambda_C_S[1,271,1]",1.01345717359535,0.000827861808747108,0.0858521506697784,0.857583488619862,0.954122612588247,1.00896731186477,1.06925509891331,1.19407068193903,10754.4118000892,1.00020874598193
"lambda_C_S[1,272,1]",1.01345717359535,0.000827861808747108,0.0858521506697784,0.857583488619862,0.954122612588247,1.00896731186477,1.06925509891331,1.19407068193903,10754.4118000892,1.00020874598193
"lambda_C_S[1,273,1]",0.661491573797286,0.00063506687741053,0.0631569749499177,0.548837951224591,0.616639952316503,0.658366485542096,0.701348273811945,0.794470308106128,9890.16907654535,1.00025483730253
"lambda_C_S[1,274,1]",0.661491573797286,0.00063506687741053,0.0631569749499177,0.548837951224591,0.616639952316503,0.658366485542096,0.701348273811945,0.794470308106128,9890.16907654535,1.00025483730253
"lambda_C_S[1,275,1]",0.889611599807772,0.000949462513818893,0.105415290050377,0.703445149030739,0.815663388672191,0.883590539337529,0.955285404495473,1.11590163825567,12326.8346498868,0.999733110964758
"lambda_C_S[1,276,1]",1.36391094772647,0.00143333783867745,0.158644284466119,1.08330294922032,1.25388126265513,1.35234713843275,1.4624564076219,1.69834121122645,12250.4411561049,0.999840285569367
"lambda_C_S[1,277,1]",1.36391094772647,0.00143333783867745,0.158644284466119,1.08330294922032,1.25388126265513,1.35234713843275,1.4624564076219,1.69834121122645,12250.4411561049,0.999840285569367
"lambda_C_S[1,278,1]",1.36391094772647,0.00143333783867745,0.158644284466119,1.08330294922032,1.25388126265513,1.35234713843275,1.4624564076219,1.69834121122645,12250.4411561049,0.999840285569367
"lambda_C_S[1,279,1]",1.36391094772647,0.00143333783867745,0.158644284466119,1.08330294922032,1.25388126265513,1.35234713843275,1.4624564076219,1.69834121122645,12250.4411561049,0.999840285569367
"lambda_C_S[1,280,1]",0.889611599807772,0.000949462513818893,0.105415290050377,0.703445149030739,0.815663388672191,0.883590539337529,0.955285404495473,1.11590163825567,12326.8346498868,0.999733110964758
"lambda_C_S[1,281,1]",0.889611599807772,0.000949462513818893,0.105415290050377,0.703445149030739,0.815663388672191,0.883590539337529,0.955285404495473,1.11590163825567,12326.8346498868,0.999733110964758
"lambda_C_S[1,282,1]",1.36391094772647,0.00143333783867745,0.158644284466119,1.08330294922032,1.25388126265513,1.35234713843275,1.4624564076219,1.69834121122645,12250.4411561049,0.999840285569367
"lambda_C_S[1,283,1]",1.36391094772647,0.00143333783867745,0.158644284466119,1.08330294922032,1.25388126265513,1.35234713843275,1.4624564076219,1.69834121122645,12250.4411561049,0.999840285569367
"lambda_C_S[1,284,1]",1.36391094772647,0.00143333783867745,0.158644284466119,1.08330294922032,1.25388126265513,1.35234713843275,1.4624564076219,1.69834121122645,12250.4411561049,0.999840285569367
"lambda_C_S[1,285,1]",1.36391094772647,0.00143333783867745,0.158644284466119,1.08330294922032,1.25388126265513,1.35234713843275,1.4624564076219,1.69834121122645,12250.4411561049,0.999840285569367
"lambda_C_S[1,286,1]",1.36391094772647,0.00143333783867745,0.158644284466119,1.08330294922032,1.25388126265513,1.35234713843275,1.4624564076219,1.69834121122645,12250.4411561049,0.999840285569367
"lambda_C_S[1,287,1]",0.889611599807772,0.000949462513818893,0.105415290050377,0.703445149030739,0.815663388672191,0.883590539337529,0.955285404495473,1.11590163825567,12326.8346498868,0.999733110964758
"lambda_C_S[1,288,1]",0.889611599807772,0.000949462513818893,0.105415290050377,0.703445149030739,0.815663388672191,0.883590539337529,0.955285404495473,1.11590163825567,12326.8346498868,0.999733110964758
"lambda_C_S[1,289,1]",1.36391094772647,0.00143333783867745,0.158644284466119,1.08330294922032,1.25388126265513,1.35234713843275,1.4624564076219,1.69834121122645,12250.4411561049,0.999840285569367
"Omega_C[1,1]",1,NA,0,1,1,1,1,1,NA,NA
"Omega_E[1,1]",1,NA,0,1,1,1,1,1,NA,NA
"lambda_Ctot_S[1,1,1]",162.265446624129,0.387751359645881,38.1449682633997,99.8161434220791,134.860670756638,157.859788575205,184.944365050394,249.006832567343,9677.60422234552,0.999763086859593
"lambda_Ctot_S[1,2,1]",88.1403991526717,0.200238382229276,20.2532183636027,55.4201094419937,73.5704903184168,86.0452444335492,99.9560542629166,133.844118708088,10230.4193165956,0.999605432866703
"lambda_Ctot_S[1,3,1]",88.2042141636531,0.197080220569494,20.1186592353456,55.1341884392894,73.6651006918826,86.1841509765578,99.9461061077622,132.983693205193,10421.0622496537,0.999781046400865
"lambda_Ctot_S[1,4,1]",88.1967130449619,0.210496581624119,20.108073204322,55.6103336930523,74.0100638985286,85.9798394445781,99.685387540503,133.002539868318,9125.37709772978,0.999731224240968
"lambda_Ctot_S[1,5,1]",88.0575600966107,0.193684062381213,19.9628399165648,55.1943200636637,73.7497266134084,86.090664689133,99.9004300829693,132.946582392943,10623.2371638192,1.00002037215658
"lambda_Ctot_S[1,6,1]",85.7997930847543,0.184008568399551,19.1536486732959,54.4960723465178,72.0207768100545,83.5577962611075,97.4204691701313,128.540953898585,10834.9507399498,0.999800316746389
"lambda_Ctot_S[1,7,1]",162.715655443304,0.392913512298738,38.6824157608949,100.463057066242,135.071649011812,158.204720753041,186.114379158996,251.38754237885,9692.44282836762,0.999640349674459
"lambda_Ctot_S[1,8,1]",162.476831718018,0.383391922374602,38.0677535090411,101.175452025233,135.413861856415,158.688894072421,184.80477593455,248.071542644442,9858.90268976486,0.99975711167009
"lambda_Ctot_S[1,9,1]",88.3011774064015,0.195381573027992,20.2853540131509,55.9021449513119,73.6369067111737,85.7708998427228,100.297985012483,134.747999868526,10779.4841658534,0.999628482840669
"lambda_Ctot_S[1,10,1]",88.1679841596902,0.208535913792521,20.2906345480802,54.6925150029292,73.8112015155192,85.7823580026415,100.483691392209,132.821799852985,9467.37411269535,0.999928944219586
"lambda_Ctot_S[1,11,1]",88.2343892614071,0.200677622056929,20.2137037793498,54.9813728960156,73.9554085404416,86.0736101801565,100.142931070917,133.889081967582,10145.9776608286,0.999847724613521
"lambda_Ctot_S[1,12,1]",88.2124917353027,0.206802581661967,20.5771789188471,54.6647168269565,73.5495110047439,86.0338895480762,100.380600279777,134.274086733279,9900.55989533006,0.999765729234193
"lambda_Ctot_S[1,13,1]",88.1334536322433,0.196696362923232,20.2755039177785,54.8558308586541,73.6128721936533,85.9401005968762,100.289278822081,133.882787099109,10625.5312882627,0.999909063898488
"lambda_Ctot_S[1,14,1]",162.335386875822,0.378680779369155,37.897117043453,100.418467474054,135.78745354416,158.330547781379,184.320939155281,249.34914902397,10015.3428652461,0.99999973609989
"lambda_Ctot_S[1,15,1]",161.960001560105,0.381493036966605,37.7619090669371,100.683474423088,134.253506899331,157.640702574385,184.840127782078,247.028602776405,9797.93723356238,0.999660385777311
"lambda_Ctot_S[1,16,1]",88.1873816189156,0.206014339870902,19.8655536485602,55.5806744769561,74.2461223772971,86.1796095383338,99.8685812858157,133.431970613866,9298.36188331776,0.999760117037434
"lambda_Ctot_S[1,17,1]",88.0428646601824,0.203567158484645,19.9471167426377,55.1413037010924,74.1171379357828,85.7717378168422,99.7509665659443,133.88416524995,9601.62698081544,0.999736824207784
"lambda_Ctot_S[1,18,1]",88.0210799846313,0.200343581867003,19.8478691080922,55.1545233996505,73.886738963184,86.0947781748133,99.364486980471,132.075980393937,9814.69721809938,0.999583356771553
"lambda_Ctot_S[1,19,1]",88.1840841004906,0.194676835770564,19.9740726817653,55.1256020096794,74.2334703089339,86.0233352971439,99.9748208313078,133.604021030747,10527.0017295099,0.99980848394334
"lambda_Ctot_S[1,20,1]",88.2270577087715,0.205640542988464,20.4660350534153,54.7967291703227,73.522877112767,85.92467067783,100.264118712598,134.941740558754,9904.89653643072,0.999850848725732
"lambda_Ctot_S[1,21,1]",162.659744841785,0.40836066934096,38.6676606407411,100.5780926034,134.782327589764,157.628629521539,186.177922451918,250.960102303528,8966.19093414314,0.999955043594728
"lambda_Ctot_S[1,22,1]",162.179085145581,0.389061457169135,37.8034937848416,101.176296422969,135.113562738667,158.044801608856,184.967722635873,246.052404685782,9441.20570123014,0.999631865999173
"lambda_Ctot_S[1,23,1]",88.1173661367632,0.202179210156783,20.1140122454786,55.1744066556886,73.8332723125137,85.7639329118203,100.019072169661,134.081320811095,9897.47535987466,0.999829484637652
"lambda_Ctot_S[1,24,1]",88.0117776547296,0.190658380346178,19.8213603901123,55.7765826854227,73.553390036744,85.9456722559542,99.9926792067361,133.202271600709,10808.2434184608,0.999896302758864
"lambda_Ctot_S[1,25,1]",88.0280572865707,0.196831185624661,20.0139987630834,54.7370594781955,73.7665582064596,85.7690063973007,99.9230735374926,133.79362001068,10339.0329700982,0.999738574816851
"lambda_Ctot_S[1,26,1]",88.0391782094911,0.20746116809695,20.1857080607924,54.8970925551318,73.3416169244372,85.9453717801572,100.394597640226,134.077624319191,9467.04274765633,0.999768085203119
"lambda_Ctot_S[1,27,1]",88.062702334324,0.196408136046247,19.8255718529219,55.4851329680508,74.0339940561663,85.8082988103175,99.7419726411798,133.483422353982,10189.0219508051,0.99977395084836
"lambda_Ctot_S[1,28,1]",162.100065175043,0.371775670547781,37.7222915103154,100.403584022494,135.033933271655,157.857739591746,184.737533946321,248.918945121791,10295.1861249456,0.999760229000556
"lambda_Ctot_S[1,29,1]",162.542158545976,0.401457132875881,38.6189801356408,100.602481368347,134.824794042896,158.27373759734,184.96881974372,252.880414643925,9253.86679836959,0.999885124168447
"lambda_Ctot_S[1,30,1]",88.1821352970564,0.204078920375685,20.2139125414079,55.0135082465432,73.9361450652732,85.865394887301,99.8071667006254,134.252798500087,9810.80104064426,0.999692194658114
"lambda_Ctot_S[1,31,1]",175.048895383434,0.505685733249246,49.0014125996401,99.39584375972,140.463088611377,167.937832108496,202.413666361003,287.909657142561,9389.78822667934,0.99990344484088
"lambda_Ctot_S[1,32,1]",89.3419211831196,0.262739126727756,25.8761759946363,49.7743466884155,71.0037637798241,85.391076651404,103.975965852895,149.737253874042,9699.52995004838,0.999610331844518
"lambda_Ctot_S[1,33,1]",44.8913634252858,0.108632741558828,10.5716892555867,27.6759611436627,37.3532828589015,43.6113782899821,51.1256772855209,68.7567577912223,9470.37765857748,0.999872818395372
"lambda_Ctot_S[1,34,1]",44.9181465156015,0.107003892591208,10.4626878895999,28.1170410386693,37.4202319662798,43.7438874400129,51.1795336493265,68.4908176662395,9560.64927685044,0.999734698529274
"lambda_Ctot_S[1,35,1]",82.6594325825591,0.198101670701604,19.9390198672747,50.7786208571691,68.4373207672216,80.1288122611723,94.2969822199687,127.1028899916,10130.5106112918,0.999733804706865
"lambda_Ctot_S[1,36,1]",82.7319506194335,0.199095683353703,19.7945082694745,50.4292670042931,68.516524438336,80.7440307334298,94.4599489274813,126.956552000125,9884.75130129758,0.999706999395996
"lambda_Ctot_S[1,37,1]",44.9143306855052,0.108444795478231,10.5818756671833,27.7284008313643,37.3764398789779,43.6203309507144,51.1206884117595,68.7303460051552,9521.55500908591,0.999801860098689
"lambda_Ctot_S[1,38,1]",44.9838809899651,0.107222587607012,10.6378609124846,27.7517770449024,37.3239504982785,43.7545288839378,51.2363828092143,69.2086465260283,9843.19406805416,0.999686734911618
"lambda_Ctot_S[1,39,1]",44.7923703053673,0.104927242430623,10.3116239305419,27.9886167486873,37.4977667352167,43.6637756254708,50.9662884286463,68.6144992319424,9657.78677088076,0.999656745969801
"lambda_Ctot_S[1,40,1]",44.9008354123259,0.111365895981436,10.6311415291382,27.876669230711,37.3500918579623,43.5636478237146,50.931503605606,68.7965563251652,9112.87406656235,0.999779366258841
"lambda_Ctot_S[1,41,1]",44.9038036791529,0.109777149530971,10.5624377124878,28.0732459360915,37.3453370143118,43.6171348937883,51.0761302744727,68.9337350698069,9257.72812079932,0.999734930541395
"lambda_Ctot_S[1,42,1]",82.6425787024752,0.203480989709196,19.6342694110416,50.8605426035408,68.403108102065,80.452808116031,94.3344714149891,127.530599988104,9310.68875738982,0.999766020608969
"lambda_Ctot_S[1,43,1]",82.834648665832,0.202963193132361,20.0422828032129,50.8031980089452,68.50665879339,80.537082728498,94.6001162031874,128.556690548784,9751.2389345336,0.999675175846327
"lambda_Ctot_S[1,44,1]",44.9065851146537,0.108746126834932,10.6667315764992,27.7056978068976,37.3755731922269,43.6206286098157,51.1578029446933,69.2931876234172,9621.33058685352,0.999800125769263
"lambda_Ctot_S[1,45,1]",44.9175846277914,0.105841092768151,10.5565878280952,27.8761284581945,37.2949102358622,43.7608802430088,51.2262876765452,68.325734793851,9948.06238952498,0.999731742133142
"lambda_Ctot_S[1,46,1]",44.9501280020592,0.108293873288611,10.6303023382844,28.1808077312536,37.4611464952991,43.5959978364431,51.0768086887095,69.8935988808035,9635.7041852487,0.99967231226483
"lambda_Ctot_S[1,47,1]",44.9287790887818,0.105005131002625,10.5954432464381,27.9072158997645,37.3796584917119,43.7230379061687,51.1068269235284,69.3215283144557,10181.6278012745,0.999662092636329
"lambda_Ctot_S[1,48,1]",44.9171070837085,0.109197046319649,10.5822918243082,27.9665431335053,37.4170626659599,43.5719887025667,51.2192901145981,68.8985818330071,9391.55886595003,0.999953201829219
"lambda_Ctot_S[1,49,1]",82.7059729880132,0.200815922517941,20.0001124185447,50.6023516718631,68.6362163015855,80.389680279115,94.5202011588765,128.431994314025,9919.01585042862,0.99976525769235
"lambda_Ctot_S[1,50,1]",82.480901716645,0.206636216857234,19.4721828267916,50.9706004424716,68.5761755372616,80.406861964509,93.8280796076363,126.684966345814,8880.07007549653,1.00007801103306
"lambda_Ctot_S[1,51,1]",44.8903485205371,0.106452397883611,10.5594844154468,27.925002166967,37.4478407692403,43.6634726657058,50.9008303510817,69.4474209210574,9839.53398371436,0.999745443673759
"lambda_Ctot_S[1,52,1]",44.8388736668281,0.104958473578929,10.5433804008032,27.9645192642077,37.2035034611778,43.6178266479213,50.9745755644042,69.3330291723758,10090.7800463582,0.999876597009885
"lambda_Ctot_S[1,53,1]",41.7355819596903,0.105147862277914,9.80092233078986,25.6268062469703,34.8194284890635,40.664800952305,47.4432028094797,63.9493513356057,8688.26382038531,0.999625181068216
"lambda_Ctot_S[1,54,1]",44.9289789629081,0.105747535078978,10.5320864171352,27.6866928629979,37.5992811711531,43.6201312434581,51.1900412351853,69.0178585795223,9919.46665425361,0.999975112946981
"lambda_Ctot_S[1,55,1]",44.9510789246231,0.109992551800715,10.6143562597622,27.7497544750456,37.421488258119,43.7026314214014,51.0510304226265,69.0515050688187,9312.38161957416,0.999718563115606
"lambda_Ctot_S[1,56,1]",82.7003289665224,0.204967492822785,19.9902948861737,51.0911363949649,68.5473956979309,80.3847740075543,94.1307398513669,129.682291295681,9511.92513926467,1.00001663655865
"lambda_Ctot_S[1,57,1]",82.8659679810478,0.200648322275025,20.2296821944808,50.3532528079943,68.4861350633923,80.564691174453,94.5529766767658,128.260107974592,10164.9923185967,0.999664390939411
"lambda_Ctot_S[1,58,1]",44.7955556474095,0.109911740942709,10.5320307481397,27.5725823322593,37.2176580497433,43.5895168944158,51.0473213350947,68.46259338544,9181.97408911336,0.999710355545713
"lambda_Ctot_S[1,59,1]",44.9107639356643,0.102629415854617,10.3759277104448,28.149630020126,37.3183078515698,43.6402601517482,51.2397536258179,67.8385756195962,10221.3947412139,0.999630938187274
"lambda_Ctot_S[1,60,1]",44.9918016580167,0.107278929827423,10.4824432939526,27.9859999324691,37.5667155762361,43.8848403785722,51.1939822941739,68.509846857934,9547.6431462363,0.999769675314404
"lambda_Ctot_S[1,61,1]",44.9015026461755,0.105757070628633,10.5195570782195,27.9198253264147,37.5376501143026,43.6763728511232,50.9397398940084,69.0438331324325,9894.09516595499,0.999602692770263
"lambda_Ctot_S[1,62,1]",44.9772615646154,0.107134222231652,10.7159853398801,27.8070959778186,37.2794631751885,43.6234958031176,51.2524502595337,68.9895197045375,10004.7854425337,0.99964093840075
"lambda_Ctot_S[1,63,1]",53.4419114353596,0.142414442195936,13.9707412543334,31.3547492016122,43.4961324743168,51.7591334720205,61.2787193539792,85.6468816016826,9623.45084529499,0.999983331986315
"lambda_Ctot_S[1,64,1]",53.5120446412617,0.140065149020653,13.8968897512063,31.4015215203345,43.6864969811047,52.1093282230086,61.4238038165283,85.5668862196168,9844.07806134947,0.999824212799329
"lambda_Ctot_S[1,65,1]",28.9587637765064,0.0700439504751134,7.29248043455202,17.265802471523,23.8705632530027,28.0777032012326,33.1133452659748,45.9703136386344,10839.5007716363,0.999839571952476
"lambda_Ctot_S[1,66,1]",28.9102353901689,0.0685662304371873,7.07505674987189,17.6200314860087,23.7664642294871,28.1252161473651,33.1497288175797,44.7142835489563,10647.2955042698,1.0001188633761
"lambda_Ctot_S[1,67,1]",28.8500426409845,0.0705922074789096,7.15280878001084,17.5471924867904,23.7482151686764,27.9858884378867,32.9177988787952,45.5488659845787,10266.908798833,1.00013623483932
"lambda_Ctot_S[1,68,1]",28.9315153158525,0.0696041697251142,7.26401654628089,17.358750379149,23.7073136105559,28.0795706707946,33.163311309748,45.2747180387248,10891.3856178917,0.99964089091811
"lambda_Ctot_S[1,69,1]",28.9305230718913,0.0683360600555159,7.3204813230301,17.3934690849199,23.7558893895522,27.9832248637764,33.1721781726558,45.8344712150867,11475.70570932,0.999848726438707
"lambda_Ctot_S[1,70,1]",57.7050396116125,0.168375480271545,17.5827000918692,31.0159647334783,45.085856919861,55.2022807476341,66.9933535700116,98.7446436984436,10904.692959927,0.999666609613501
"lambda_Ctot_S[1,71,1]",53.3259201798595,0.131034520570216,13.8675724597557,31.221554636533,43.361257063646,51.5561106754613,61.2832705459984,84.8093308228014,11200.2944324527,1.00006881801508
"lambda_Ctot_S[1,72,1]",28.9871246321183,0.0700901334650375,7.24612120232939,17.367840583423,23.7816561254288,28.0442344773546,33.1315528407462,45.7152103703501,10688.023845224,0.999718473110605
"lambda_Ctot_S[1,73,1]",28.9494505297859,0.0690028483708492,7.331861438479,17.1771629778001,23.7566537906948,28.0592594358374,33.0078103093066,45.8278177428576,11290.0134924182,0.999828888535639
"lambda_Ctot_S[1,74,1]",28.9712518526528,0.0702690026892647,7.23667263775969,17.1437496327229,23.7605952688737,28.2478806752043,33.2917035886494,45.224756149234,10605.9670773718,0.999735320339688
"lambda_Ctot_S[1,75,1]",28.9156219736976,0.0706316364977819,7.24566203072132,17.4808815195834,23.6944128033788,28.0784535130835,32.9730614759413,45.5549146374808,10523.4370639694,0.999939909389029
"lambda_Ctot_S[1,76,1]",28.9188661346957,0.0685782828327118,7.17096542123423,17.3120950152609,23.7896315044789,28.0829951595683,33.1408640502309,45.284272903789,10934.0748825614,0.999849368424327
"lambda_Ctot_S[1,77,1]",53.5633846690342,0.137016781641783,13.8315929910972,31.267694232871,43.7431704631164,51.9526068891629,61.5025420130379,84.4985087623879,10190.5324738832,0.999909460190726
"lambda_Ctot_S[1,78,1]",53.4181375114652,0.13768484947911,13.9373194977796,31.1864697383859,43.3438088900008,51.9014049519253,61.5004873466752,84.9802653231348,10246.7514881527,0.999669279034169
"lambda_Ctot_S[1,79,1]",28.9178623079816,0.0692045471197283,7.20601825429097,17.3790728049876,23.8261833287169,28.1139474462301,33.0492790912264,45.6188314817239,10842.3008548072,0.999776497619638
"lambda_Ctot_S[1,80,1]",28.8817704146714,0.0720024934117568,7.2314830243504,17.2613596259798,23.652459665932,28.0180609468352,33.1070070899967,45.2585667314645,10086.9453969848,1.00001207794127
"lambda_Ctot_S[1,81,1]",28.9432795049425,0.0693473520819464,7.30711452883566,17.0614056867174,23.8117591691403,28.0540225554902,33.0959254852016,45.6678197748848,11102.788399014,0.999958431582787
"lambda_Ctot_S[1,82,1]",29.079068601225,0.0680117442990611,7.35182247595944,17.3514943505774,23.758275108814,28.2136948919051,33.3296030944695,45.7604532941362,11684.8245709894,0.999773377340269
"lambda_Ctot_S[1,83,1]",29.0787375579495,0.0681692659806977,7.22835740133862,17.4015565020221,23.9776638838251,28.1598698285561,33.2705625743123,45.7971598779008,11243.5123228617,0.999904853279381
"lambda_Ctot_S[1,84,1]",53.3552131500246,0.135238523087533,13.8709782798145,31.1064484501874,43.5072050980794,51.5744276661219,61.6226883984865,84.889985536163,10519.9419853849,0.999724032925598
"lambda_Ctot_S[1,85,1]",53.4747681317215,0.137176120477784,13.930617904263,31.3938372309404,43.6316020635715,51.7683768912786,61.2403337731271,86.0604227605177,10312.9693764605,0.99958430153573
"lambda_Ctot_S[1,86,1]",28.9919696177599,0.0707498384195221,7.23885759690666,17.3849483710642,23.900219241936,28.1177083170056,33.2328479656905,45.7316300395758,10468.6133993139,0.999962146540288
"lambda_Ctot_S[1,87,1]",28.9142580178329,0.0708329382485307,7.18805777943586,17.2830090205828,23.8381814084757,28.0855670658315,33.0398135107077,45.1020200272809,10297.9932831099,0.999662330338992
"lambda_Ctot_S[1,88,1]",28.9325605438209,0.0698104053309277,7.208123879929,17.4327513692662,23.8609447200232,28.0569292186872,33.0000486542274,45.3229136095379,10661.1527188084,0.999787236028599
"lambda_Ctot_S[1,89,1]",28.9491914958673,0.0705437632930302,7.23426036415209,17.4208078356571,23.6953811335031,28.1572803307946,33.1454902739802,45.2719302932322,10516.4950525176,1.00012427993321
"lambda_Ctot_S[1,90,1]",29.8156703656917,0.0691359676808108,7.29463529873937,17.9791742159983,24.6574206794357,29.0149298737077,34.172643023562,46.3384851978376,11132.6633388778,0.999954977888824
"lambda_Ctot_S[1,91,1]",58.1211483797123,0.137224779356013,13.5734015184026,35.9869856439184,48.4160981519518,56.6774958075118,66.0237462105717,88.5872136376994,9783.90687208117,0.999905146561921
"lambda_Ctot_S[1,92,1]",57.8860839073271,0.137880763671739,13.5320449518376,35.9294703657274,48.3995953236723,56.1764450632571,65.7829265108922,88.3172542357013,9632.06718747346,0.999845088225113
"lambda_Ctot_S[1,93,1]",31.6069831753369,0.0741097007565843,7.21037312525164,19.8442886376101,26.5219958188615,30.8826941299633,35.8066421484768,48.0131579231904,9465.97513577814,0.999779778163868
"lambda_Ctot_S[1,94,1]",31.5291247265419,0.073043049648497,7.19255728503636,19.6669750420177,26.4566911856132,30.6894335457488,35.826363574488,47.60149777621,9696.36297165614,1.00003042409209
"lambda_Ctot_S[1,95,1]",31.5584204254117,0.0722157998392352,7.1730538168803,19.6310810339822,26.5455417476467,30.71833072874,35.8780301347395,47.6968723503285,9866.05942520455,0.999788326591404
"lambda_Ctot_S[1,96,1]",31.5500570620496,0.0758109621656716,7.2781023118511,19.6323820331246,26.3301131367794,30.7947879638659,35.8685501514334,47.8476945940563,9216.6330227243,1.00009500248935
"lambda_Ctot_S[1,97,1]",31.5403930355418,0.0714774281874425,7.25006907392622,19.6979271520808,26.3515927195112,30.7645216559192,35.73231013432,48.4981284019978,10288.3671200311,0.999801537491782
"lambda_Ctot_S[1,98,1]",57.8900393214175,0.133951197279018,13.5445077206135,35.8462015064633,48.2930200824952,56.3598002186633,65.8057848054308,88.7938073067608,10224.2921519701,0.999874617214587
"lambda_Ctot_S[1,99,1]",58.1032220691857,0.133970821157792,13.5981231335945,35.7577315053521,48.4572057292982,56.5354070559402,66.327343489785,88.4655618298817,10302.3784729576,0.999941275368923
"lambda_Ctot_S[1,100,1]",31.5292038342708,0.0744229511602982,7.27951898760212,19.7390364914093,26.380129065949,30.6313130377469,35.7439848428227,47.9940048593888,9567.34844475041,0.999772975964236
"lambda_Ctot_S[1,101,1]",31.572923186096,0.0729738617306218,7.21277642980369,19.9729524240925,26.5500351423172,30.7963119198709,35.7628877012133,47.9012575437689,9769.45378448066,1.00040297112431
"lambda_Ctot_S[1,102,1]",31.5310380061734,0.0751704930189634,7.23213329379839,19.6821736620657,26.5037642850449,30.7324448280491,35.8237104521662,48.0533448822645,9256.3133151509,0.999670156816723
"lambda_Ctot_S[1,103,1]",31.4855207876156,0.0693597155504009,7.21458342293021,19.6360594435107,26.2729678663556,30.7048955335903,35.8911818849363,47.4325080603334,10819.5179645569,1.00000225044187
"lambda_Ctot_S[1,104,1]",31.5507360342277,0.0715893130661308,7.21275044255174,19.7447506013065,26.3695964590857,30.7782101044933,35.8936694011943,47.8060554958561,10150.9203911329,0.999753689001043
"lambda_Ctot_S[1,105,1]",58.25986644266,0.139134279239374,13.7975101125629,35.7233134831154,48.5630534170932,56.8130580707572,66.356191278124,89.062978193599,9834.06686640653,1.00023571943492
"lambda_Ctot_S[1,106,1]",58.0650999582196,0.135681714740489,13.719112346106,35.8996263682641,48.4519191742665,56.5114328131091,66.0368235093206,88.8333298169453,10223.7301510209,1.00007726076279
"lambda_Ctot_S[1,107,1]",31.6074274865184,0.0706949222541945,7.21440198701497,19.7129600511693,26.5262680248757,30.8315441494379,35.8168813921551,48.068800921407,10414.1596878586,0.99977535697119
"lambda_Ctot_S[1,108,1]",31.6122454197169,0.071173853243874,7.25547966151568,19.8870907497796,26.3442647826538,30.8423754103752,35.9838587256228,47.9009791693593,10391.812474283,1.00026454699475
"lambda_Ctot_S[1,109,1]",31.5329283416908,0.072178034847395,7.27811728024976,19.6245020081418,26.2315057427489,30.685467975375,35.8774003751593,47.8489293107479,10167.8233393863,0.999982608954394
"lambda_Ctot_S[1,110,1]",31.5485836455418,0.0720580495702511,7.18506851039373,19.5593085836904,26.4431952286138,30.8155504692151,35.9243130621629,47.5552840298826,9942.52797658409,1.00006931717778
"lambda_Ctot_S[1,111,1]",31.5260002785988,0.0712831684075184,7.10697422687397,19.7014614667378,26.4802399305869,30.8104922461969,35.7497354775152,47.2821070912071,9940.20842840637,1.00009188309468
"lambda_Ctot_S[1,112,1]",58.055706276191,0.139730340166955,13.7457069525689,35.7258023323508,48.3467109980599,56.4958862096785,66.1402224255838,88.7345381495047,9677.26712223738,0.999804982718391
"lambda_Ctot_S[1,113,1]",58.1966553838417,0.132015143977756,13.5410500664523,36.1365144090883,48.5056311863499,56.5651863581505,66.1581211354464,88.6546629884833,10521.0038687592,1.00016199364885
"lambda_Ctot_S[1,114,1]",31.5419653701634,0.0748961744515671,7.24566815234368,19.6671164038806,26.4130210727075,30.7808681942119,35.7470937869795,47.9480074171714,9359.1758790473,1.00009717049587
"lambda_Ctot_S[1,115,1]",31.46844892096,0.0710605602029109,7.1177971070305,19.5994935805377,26.3432404675887,30.6900888455551,35.7742621774864,47.2903862265408,10033.0725972282,0.999952237702948
"lambda_Ctot_S[1,116,1]",31.5734762532548,0.077746299760717,7.33240285347119,19.7064927923223,26.4177846152371,30.7370239371247,35.8221573792626,48.104578904608,8894.73837573923,0.999976945521926
"lambda_Ctot_S[1,117,1]",31.5633715424505,0.074167579471736,7.3579470705244,19.5915161567523,26.2887170038311,30.6819151175431,35.8634149573966,48.1896284676528,9842.03958696123,0.999930833141811
"lambda_Ctot_S[1,118,1]",31.5128788788608,0.0722286125804804,7.2423323068055,19.690388792454,26.4092085425114,30.6984584228982,35.770985589746,47.9267139249315,10053.9877276564,0.999726368624516
"lambda_Ctot_S[1,119,1]",58.1668476476005,0.142808264530511,13.6417549578807,36.1457841780584,48.5236462906747,56.5572840105536,66.2933498887792,89.4240007249097,9125.01958962002,0.999812010629201
"lambda_Ctot_S[1,120,1]",57.9260071667529,0.134353321901007,13.5159394280006,35.2687494398415,48.4024875208956,56.3525990646394,65.8903805277089,88.4138412883473,10120.3528788195,1.00012120754251
"lambda_Ctot_S[1,121,1]",31.5393821586099,0.071902588324432,7.22159499671598,19.6727099392045,26.5411493729799,30.7142520907715,35.8018431369102,47.7186647634484,10087.3527607868,0.999679211999346
"lambda_Ctot_S[1,122,1]",83.833371087811,0.179445452903584,18.6045590250404,53.0656107597825,70.4448588512642,82.0430548564565,95.0001487553459,125.522961315705,10749.1431207222,0.999781905160639
"lambda_Ctot_S[1,123,1]",83.8117865088666,0.185888371782034,18.2556976901547,53.0593375148928,70.8990651069737,81.7776752831067,94.7194196990112,124.967433927879,9644.78217930568,1.00104469562565
"lambda_Ctot_S[1,124,1]",83.7539501071176,0.198314126185936,18.5457703463985,53.3275903281353,70.6373054894041,81.5786929622673,94.6699852583487,125.670840229877,8745.45589242232,0.999935746226566
"lambda_Ctot_S[1,125,1]",83.7301394690754,0.187567986497176,18.2324149101674,53.5168323452618,70.8262462671317,81.7993599574264,94.6953713066739,125.238211248772,9448.67602171854,1.00004677175642
"lambda_Ctot_S[1,126,1]",154.302705737938,0.357757589476844,35.9021961093344,95.348168979038,128.384626094731,150.451036381186,176.417283314077,234.797192094429,10070.8080498014,0.999800887464241
"lambda_Ctot_S[1,127,1]",154.508752640181,0.347147053770355,34.8191735503472,97.0423555642641,129.281907931947,150.841332550511,175.30284171422,232.777380082695,10060.2772583167,1.00010436854447
"lambda_Ctot_S[1,128,1]",83.7776776361054,0.181318727516834,18.3803357844238,53.8655111992074,70.6943234578827,81.7943164788151,94.5979550387187,124.996467331021,10275.939936491,0.999739543368111
"lambda_Ctot_S[1,129,1]",83.8944874455124,0.179873269139575,18.2338352926637,53.7664708671354,70.9761213316782,81.7286327994677,94.9197784419479,125.157805671384,10275.9693245966,0.99989639079047
"lambda_Ctot_S[1,130,1]",83.5268491025119,0.187497126080633,18.2661829284177,53.1486514476007,70.5777811201589,81.8184632658941,94.5617906134325,124.596538133392,9490.87764486917,1.00045049330739
"lambda_Ctot_S[1,131,1]",83.7914717385395,0.185513630215503,18.1837600522727,54.1160357188909,70.7860986813557,81.6953527801087,94.5197746587485,125.521280239447,9607.61819383482,0.999867341478271
"lambda_Ctot_S[1,132,1]",83.5632783164043,0.182412565319415,18.1891218850955,53.8747617105336,70.4753975886092,81.7551068498143,94.5777287387923,124.304009344906,9942.92044002379,1.00005248570787
"lambda_Ctot_S[1,133,1]",153.943278993105,0.355238812557698,34.6234583377959,98.0873000031695,129.226545486946,149.630473868131,175.45928232295,230.19286299445,9499.4851980666,0.999753860713875
"lambda_Ctot_S[1,134,1]",154.480468966773,0.355276525628624,35.8239681735699,95.5385285970118,128.839546330658,150.43149026845,176.029698314507,235.130107889015,10167.50406393,0.999948250400653
"lambda_Ctot_S[1,135,1]",83.7382635334843,0.187367575524968,18.35095208401,53.5429336841418,70.3746618627653,81.8459039138536,95.1365691775739,124.578061109283,9592.42314024015,1.0001655677358
"lambda_Ctot_S[1,136,1]",83.6850214086415,0.186760308810353,18.3024103991377,53.3007585907423,70.6078025310676,81.7941021672393,94.9609600477444,125.308168631239,9603.89519537095,1.00018105798949
"lambda_Ctot_S[1,137,1]",83.8537626234525,0.189952404342971,18.4718766989416,53.5831745376978,70.7410614406661,81.7532641607255,94.685223703685,125.781394740008,9456.54409201329,0.999790006612304
"lambda_Ctot_S[1,138,1]",83.6544937038865,0.186056499236065,18.6382202524774,52.9823452717783,70.4700648095411,81.5646903634228,94.6909099353848,126.13387510803,10035.0418686601,1.00026935866774
"lambda_Ctot_S[1,139,1]",83.7554248747023,0.182391305752576,18.3660695983113,53.6049181250698,70.8212144177165,81.9876814908231,94.7299298499284,125.30182700279,10139.6785354384,0.999817134524138
"lambda_Ctot_S[1,140,1]",154.26829372371,0.360965700808064,35.8530262472686,96.5224879911353,128.562475900622,150.083324535256,175.258785826834,235.211397880741,9865.51506863746,0.999916815946114
"lambda_Ctot_S[1,141,1]",154.297049056862,0.35092895265809,35.1585801053371,96.9897157381546,129.677575133201,150.511693903839,174.752515804514,234.699961909726,10037.4698705026,1.00001761468475
"lambda_Ctot_S[1,142,1]",83.717608071156,0.188541580880788,18.2637713279114,53.84392984476,70.7763005054443,81.9038968270659,94.4365390526663,125.678096229245,9383.53835238988,1.00007062366038
"lambda_Ctot_S[1,143,1]",83.8376738281569,0.183240959757993,18.4671689033895,53.0811166945948,70.4628429720163,81.9335120956351,94.8003447108071,125.610806408115,10156.7678735028,1.00029217580641
"lambda_Ctot_S[1,144,1]",83.4259496087692,0.181825872833783,17.864656345313,53.9321426071351,70.6256507740329,81.5942197404018,94.4233561245617,122.578836893042,9653.34817482931,1.0000248895523
"lambda_Ctot_S[1,145,1]",83.5894894464187,0.185153093694369,18.1812755858866,53.1083069677098,70.9256449668788,81.8511285074612,94.2832936884931,124.404973227796,9642.43574499923,1.0002161809562
"lambda_Ctot_S[1,146,1]",83.7475411402896,0.185628232369109,18.34684666352,53.6444512393019,70.9064692494238,81.8812763171212,94.6748390376408,125.341450427655,9768.65572888097,0.9997872593382
"lambda_Ctot_S[1,147,1]",154.387933177235,0.339116502914847,35.3142576709964,97.8336965640005,129.104125582276,150.748304239858,175.121245752511,233.880900255496,10844.3197148629,1.000035283018
"lambda_Ctot_S[1,148,1]",154.110626514405,0.349457520078616,34.6207666869598,96.6251320984111,129.46481053419,150.660882875388,174.855756114496,231.405572255581,9814.87066789189,1.00007094667495
"lambda_Ctot_S[1,149,1]",83.9140463657509,0.189741202351128,18.4311743400889,53.682419859372,70.6657694246909,82.0472290900015,94.7642911349936,126.198377527772,9435.88670322292,0.999657043115047
"lambda_Ctot_S[1,150,1]",83.7541630147079,0.18961246193202,18.2490796629359,53.8506171521407,70.6529756064145,81.9533939543084,94.5370641392649,124.977388937156,9262.92568386658,1.00014144544477
"lambda_Ctot_S[1,151,1]",83.5792748132066,0.181033442784876,18.2618125294812,53.4238247404164,70.4140816197205,81.7627133112318,94.4353013783485,124.346296663536,10175.8369362106,1.00001974624873
"lambda_Ctot_S[1,152,1]",81.2929140978857,0.172742396244472,18.0322690217149,51.8749869241635,68.4305315694141,79.29476916005,91.6992515908568,122.159560602672,10896.8977665618,0.999884872878719
"lambda_Ctot_S[1,153,1]",81.4077031436194,0.180594038056762,18.0905057386653,51.7167483491642,68.5199453665617,79.3955461487305,92.1960488418273,122.713366953844,10034.4736905187,0.999787065081547
"lambda_Ctot_S[1,154,1]",149.871709865007,0.333103900719202,34.648291632716,93.9904982703222,124.782863905526,145.797605784897,171.143097688809,228.624341710448,10819.4258668064,1.00000346677335
"lambda_Ctot_S[1,155,1]",149.75224032264,0.338671482590407,34.9470964183176,93.4331224967098,124.731311169168,146.095296973163,170.22216790442,229.619246819021,10647.9238968246,0.999915757756435
"lambda_Ctot_S[1,156,1]",81.3174307715277,0.167454294697004,17.8436925872148,52.0792702006682,68.900750387189,79.3994084195322,91.8743877288373,121.834542070577,11354.7318999162,0.999814503667252
"lambda_Ctot_S[1,157,1]",81.5507781046341,0.173010730105472,17.8339798317575,52.3009630220271,69.0774332873506,79.649130346654,92.1035859065682,120.977237176826,10625.5266434125,0.999752546520096
"lambda_Ctot_S[1,158,1]",81.2903641124303,0.180850164303532,18.0366724162607,51.9400723327553,68.3188072180132,79.2772821256789,91.5931707016292,122.243495495644,9946.60839949161,0.999830266730981
"lambda_Ctot_S[1,159,1]",81.2815137154223,0.174965162102986,17.8064897005592,52.0378034025754,68.4906448275656,79.3117974525343,91.8745307651216,121.798113551569,10357.4646264678,0.999643595194609
"lambda_Ctot_S[1,160,1]",81.3646607566828,0.170953864160607,17.875925423859,52.0995824963481,68.7367113743959,79.2270550155833,91.8063862240219,121.679633979826,10934.0039053869,0.999731184184338
"lambda_Ctot_S[1,161,1]",149.885240891457,0.325340412273912,33.9660491751425,93.9721935553075,126.211030764354,145.835283056382,170.021324764763,226.741976394832,10899.6874008456,0.999791874430413
"lambda_Ctot_S[1,162,1]",149.864770216428,0.3412725223578,34.4813230012743,94.5241500137699,125.574649432052,145.777161916749,169.380375610732,229.082149662204,10208.5767162543,0.999977529724441
"lambda_Ctot_S[1,163,1]",81.4083728022765,0.172270173679162,18.0100493716428,51.7783146906119,68.5267258457037,79.4144307687257,92.1538315950676,121.929046711462,10929.7347821618,0.999857137367688
"lambda_Ctot_S[1,164,1]",81.4613176805611,0.180211898569686,18.1132205811006,51.8231461224255,68.4744847841366,79.3868314374257,92.4851124311173,122.909863456265,10102.3969187392,0.999559431641791
"lambda_Ctot_S[1,165,1]",81.4311881493787,0.175293831870115,17.8131033875432,51.917534087935,68.845068553032,79.5815390258509,91.9221220057227,121.346180308091,10326.3278130595,0.999776844558852
"lambda_Ctot_S[1,166,1]",81.1586958750618,0.176915378023385,17.8046986076149,51.7200368204427,68.4039877432516,79.2949676988392,91.4077148862452,121.679488114435,10128.3356066882,0.999769766610674
"lambda_Ctot_S[1,167,1]",81.6335952003418,0.178682249693148,18.0563701667655,51.9636685163914,68.7594879014014,79.5159640057495,92.712306113259,121.929014770167,10211.7006521611,0.999837165871138
"lambda_Ctot_S[1,168,1]",149.986383839546,0.334115088143977,34.8462432493139,93.0919532654663,124.980285972513,146.490275922543,170.779453298819,227.063493384993,10877.2660590547,0.999857311488638
"lambda_Ctot_S[1,169,1]",150.252628837975,0.340494290565365,34.8288522964613,93.4993112788901,125.262458042622,146.153382725753,171.019531379319,229.165127566595,10463.0586325918,0.999856824464396
"lambda_Ctot_S[1,170,1]",81.266155664957,0.176776350200363,18.1070409953272,52.1207203488841,68.4796051706247,78.9296218712572,92.0178478816604,123.034400145388,10491.7188383802,0.999629359210469
"lambda_Ctot_S[1,171,1]",81.3697146331479,0.180713647012964,18.2875601708285,51.7665472544066,68.202339919956,79.3129460617962,92.0739830051196,122.44689339531,10240.6997950495,1.00018633717372
"lambda_Ctot_S[1,172,1]",81.3401288941453,0.172369047944835,17.9117774206565,52.0100775542747,68.6868622946211,79.2225113766316,91.9021336781205,122.035960071228,10798.3848630059,0.999788291539299
"lambda_Ctot_S[1,173,1]",81.4039531307254,0.177064259298044,17.9697835626983,52.9158906178714,68.6098199469192,79.3393848110312,91.8753650333967,121.701382268316,10299.6834788154,0.999663456849884
"lambda_Ctot_S[1,174,1]",81.3524271442243,0.174947842828448,17.8036976756717,51.6706950499726,68.8460688909511,79.4696839541599,92.1046661566733,121.621979286273,10356.2669881376,0.99969504056181
"lambda_Ctot_S[1,175,1]",162.179336934004,0.44438183042407,45.3833947412037,92.3457303480789,129.843160018465,155.903779604959,188.107319548173,268.383705605965,10429.929435724,0.999690129212736
"lambda_Ctot_S[1,176,1]",161.414156020985,0.446859472604939,45.1405435638812,91.6862675205674,128.837031122015,155.072347918244,186.395003474108,269.655018696924,10204.4976852181,0.999811356459679
"lambda_Ctot_S[1,177,1]",161.892400183033,0.459946582649883,44.8206234771487,91.652403139814,130.527029608992,155.604234926199,186.782512985271,264.754218779968,9496.00630036912,1.00008342875198
"lambda_Ctot_S[1,178,1]",81.3145889415473,0.167235775905723,17.8638267507267,52.1223511629462,68.4395116567963,79.4824798416483,92.0785671364913,121.649165908864,11410.130652541,0.999714169275517
"lambda_Ctot_S[1,179,1]",81.4793828108861,0.176882436857809,18.1197204140716,51.8108996004791,68.4690114055811,79.4949739131779,92.4330756691348,123.294125547738,10493.8187558042,0.999947085246921
"lambda_Ctot_S[1,180,1]",81.3251372559327,0.175145013126217,17.9287679830524,51.6693521303636,68.7549214544351,79.4150134107015,91.3952326555049,122.521251104209,10478.6501681574,0.999711648750218
"lambda_Ctot_S[1,181,1]",81.2876689626382,0.171378796738932,17.8384583193309,52.1827150800008,68.3145803545326,79.3120964959269,92.3235320460384,121.289677717113,10834.2900302549,0.999782014396864
"lambda_Ctot_S[1,182,1]",150.080181241957,0.348150211700259,34.5185033334926,93.2078800843728,125.534377745363,146.564267790123,170.830067783527,227.175564221117,9830.38636046283,0.999711702958256
"lambda_Ctot_S[1,183,1]",151.473404190654,0.39311207318493,39.4607966555696,88.8147087569074,123.198859410028,146.488345258871,174.587519016134,241.560149866054,10076.2499858985,1.00008997491982
"lambda_Ctot_S[1,184,1]",82.1914572704415,0.205507158939797,21.0139443782118,49.2346213027523,67.3672875833928,79.4447001757089,94.0777461083918,130.023170446395,10455.8957893668,1.00028304907774
"lambda_Ctot_S[1,185,1]",82.2207913715458,0.201052502219239,21.1602116353724,49.2871552019815,67.0997264759723,79.620400687832,93.9977506683,131.261801668861,11076.9717717105,0.999793371672062
"lambda_Ctot_S[1,186,1]",82.1518717250659,0.200191876715271,20.7472185479041,48.8399128339242,67.5149140953506,79.5952269589362,93.8482789863837,129.818770039131,10740.5584203728,0.99998249507438
"lambda_Ctot_S[1,187,1]",82.3141408007724,0.20313031653031,21.255299691314,49.3436941111495,67.3219538413133,79.2561479045083,94.3530487105684,131.583827172633,10949.2652018024,0.999872787706692
"lambda_Ctot_S[1,188,1]",82.0207245192231,0.214863127884987,20.8000739905724,49.215333178243,67.2941701935193,79.7483911231306,93.7153997866997,129.732883522142,9371.43230256096,1.00027565260157
"lambda_Ctot_S[1,189,1]",151.000506629022,0.403145568981665,38.9559136693472,89.4865314232961,123.2578603602,146.089764522201,173.147558072626,240.381314364348,9337.33644900456,1.0001131371658
"lambda_Ctot_S[1,190,1]",151.014757686955,0.370383658804978,39.1969794529239,88.5113951715988,123.213149996691,146.585103671848,173.32935086942,240.715435991516,11199.5756466265,1.00003909118782
"lambda_Ctot_S[1,191,1]",82.2806449013407,0.206099647637994,21.2846010988245,48.441153306106,67.5171953532597,79.843506308074,94.1090651004304,131.050375342718,10665.3848737677,0.999863610246756
"lambda_Ctot_S[1,192,1]",82.0942586608752,0.206221541808184,20.8906833257024,49.2038120634427,67.3462726603475,79.2667143623434,94.1294197454033,130.815921495352,10262.1233980579,0.999889475557579
"lambda_Ctot_S[1,193,1]",82.1435107956373,0.206476149172842,21.2503298043836,48.6389161685004,66.8727731695204,79.1777816798345,94.4809859603339,130.435115524496,10592.3315346457,1.00009965658506
"lambda_Ctot_S[1,194,1]",82.0685592651429,0.203422052715149,20.5507667548852,49.2859044591552,67.1553949469185,79.7549615345439,94.0657389903426,128.719377507864,10206.104140999,0.999784313647507
"lambda_Ctot_S[1,195,1]",82.0103472852969,0.21198837773473,20.9251090500354,48.909166275956,67.061874062013,79.4049162457897,94.1667519931288,129.667217518417,9743.41850862965,1.00026675352847
"lambda_Ctot_S[1,196,1]",151.103361837254,0.384385719403882,38.8167471230419,89.8454412156103,123.491414895965,146.150360726183,173.688933454076,240.174790312412,10197.7365382835,1.00020676141045
"lambda_Ctot_S[1,197,1]",163.905570134972,0.525698385604076,50.3095182865637,88.356802595159,128.059067915416,156.239319474795,191.587262697978,281.525155749848,9158.55654950949,0.999919494023179
"lambda_Ctot_S[1,198,1]",82.4282470108723,0.213412096180339,21.4284095400404,48.8274926910194,67.2199658704126,79.5167363221489,94.5885445658656,131.250105222274,10081.8867088407,0.999880509277899
"lambda_Ctot_S[1,199,1]",82.1041746268099,0.209434099357513,20.8625464888346,49.5360823657639,67.2721519727942,79.3911139997148,93.7630401250755,130.446086282806,9922.92817792028,1.00022196617391
"lambda_Ctot_S[1,200,1]",82.1425208886624,0.210617179317652,21.0146154392543,49.2248441816764,67.2714819513151,79.46525391632,93.7321365570686,129.820590565734,9955.32195181626,0.999876736267102
"lambda_Ctot_S[1,201,1]",163.947371261746,0.523261428585376,50.5339111936506,87.6702841464243,128.07918393825,156.663517849152,192.136877120608,281.764412422174,9326.70800786157,1.00004113868075
"lambda_Ctot_S[1,202,1]",82.3547272480756,0.203252876655986,21.4470435305434,48.4081750934855,66.8701988573574,79.6534383689556,94.9165524684231,131.566103202615,11134.2627237307,1.00016897526998
"lambda_Ctot_S[1,203,1]",151.524380076979,0.374544009429115,38.67356203143,90.6888357382312,123.475022578495,146.549374845802,174.501813567943,239.991329851841,10661.6062385439,1.00003648985912
"lambda_Ctot_S[1,204,1]",151.328190946596,0.363316548051537,38.3682246125001,89.7089013300084,124.436213099327,146.895546267928,173.130332663711,240.269294498522,11152.5209891718,1.0002366800148
"lambda_Ctot_S[1,205,1]",82.1566971357936,0.210311293213423,20.8336765104166,49.0947310574016,67.6183062720243,79.4796299632991,93.7641744502968,129.940422439726,9813.10950503284,1.00024079026043
"lambda_Ctot_S[1,206,1]",82.2348904834257,0.207267746794566,21.0224950656993,49.3246078583712,67.2723801786328,79.4707055958849,94.2055542312246,130.698592046786,10287.3867200319,0.999780463826186
"lambda_Ctot_S[1,207,1]",82.2336057838485,0.201214979259795,21.1451633859265,48.8010244222646,67.08327397488,79.6311366970292,94.1494289478454,129.869082834278,11043.3662080098,1.00031627320438
"lambda_Ctot_S[1,208,1]",82.4546306512281,0.209838265847052,21.0265122849372,48.9950911809625,67.5411310955879,79.648329935813,94.486821061029,131.723761533121,10040.7257619027,1.00018014863084
"lambda_Ctot_S[1,209,1]",82.2831969790541,0.199563460593614,21.0033548126595,49.0794461023615,67.1034572820758,79.6580794884878,94.3970857490614,129.801521147202,11076.8247679144,1.00011599251282
"lambda_Ctot_S[1,210,1]",151.393967906956,0.37747339230244,39.1228370090469,88.7663120038776,123.752704138314,147.232786921983,173.252393069334,240.591477688465,10742.0703545252,0.999977550691756
"lambda_Ctot_S[1,211,1]",151.603573931503,0.397528537754221,39.6077516226631,89.7168502632934,123.335207632479,146.517724350328,173.937827597134,245.488921095808,9927.1311013712,1.00015663612054
"lambda_Ctot_S[1,212,1]",82.3603530009523,0.202477365198192,21.1542497887975,49.0169910450581,67.3055934610365,79.3336867784799,94.6677642220795,131.34747653372,10915.4663410692,1.00034178564756
"lambda_Ctot_S[1,213,1]",118.458155119534,0.271420797429953,29.1681915271466,71.7665439137289,97.9111086839092,115.058889158473,134.901308283923,186.833187992826,11548.6910116243,0.99971518192814
"lambda_Ctot_S[1,214,1]",118.174413666833,0.271479283044445,28.2513461185937,71.9146924297233,98.0596038528545,114.866352909961,134.698098693422,183.009420815068,10829.4126993995,0.999597429091243
"lambda_Ctot_S[1,215,1]",118.591154742153,0.277826048590868,28.7408124269184,72.7956984535514,97.9719370058046,115.275592491055,135.616365640208,186.04317147443,10701.6848223459,0.999712883637304
"lambda_Ctot_S[1,216,1]",235.288200096605,0.703274264102239,70.11273421345,129.844964118747,186.14845391085,225.484165290064,273.357578657325,401.885790320972,9939.03815148897,0.999697913843882
"lambda_Ctot_S[1,217,1]",217.687015489812,0.533810892897463,54.9726547288959,128.717862188936,179.230992756298,210.739570643105,248.703460348036,343.689160537487,10605.1925300108,0.999838237163388
"lambda_Ctot_S[1,218,1]",218.431575120602,0.514482054321352,54.0058284813778,131.698651216436,179.810441701003,212.340169527206,249.788943157457,341.103408504081,11018.9650146071,0.999724898271398
"lambda_Ctot_S[1,219,1]",118.418415570699,0.292379647131608,29.0920245141361,72.0304224030361,97.9518581891421,114.794838152332,135.260003624148,186.022622266995,9900.41990066611,0.999617468908094
"lambda_Ctot_S[1,220,1]",118.534066906836,0.279494349098822,28.39834719521,72.564105024398,98.2923641418878,114.897907559859,135.205582793596,182.939052334349,10323.8114893482,0.999808056560242
"lambda_Ctot_S[1,221,1]",118.354789213452,0.283972353416835,28.8960997621203,72.335474024289,97.9432982951669,114.393945315521,135.396388477159,183.739241583365,10354.4332957061,0.999672238013444
"lambda_Ctot_S[1,222,1]",118.303396040669,0.292216084013,29.1605228322625,71.3067758173677,97.733180855693,114.768350399136,134.895010758508,184.109250168804,9958.23520676108,0.999651401730554
"lambda_Ctot_S[1,223,1]",118.121596867663,0.263707818694536,28.5562399688035,72.5445482007162,98.1449812899476,114.360205507476,134.395408875174,184.023442996473,11726.1658628854,0.999736954559906
"lambda_Ctot_S[1,224,1]",217.726229980198,0.521684478026154,54.2067960639675,130.405163576175,178.923907598498,210.06263961111,249.384908270962,344.756331578466,10796.715242022,0.999810323696093
"lambda_Ctot_S[1,225,1]",218.105478840646,0.519157428578494,54.4041863226595,131.814912991623,179.565857594961,211.05241065679,249.365524182454,343.098046728232,10981.6220644781,0.999753411667715
"lambda_Ctot_S[1,226,1]",118.112720935104,0.274979122814592,28.7803711266495,72.4463637017862,97.4576934256631,114.85870374398,134.907148481279,183.686929557142,10954.5195657242,0.999661182060778
"lambda_Ctot_S[1,227,1]",118.472003807999,0.27537398110212,28.9426290579918,71.9804085624914,97.9450609796653,114.956534660463,135.175133666819,184.601359794158,11046.6387175899,0.999891288731174
"lambda_Ctot_S[1,228,1]",118.742105821106,0.277222782900981,28.8184505970764,72.4278042517242,98.4794848478009,115.195335032453,135.556460405405,186.307035178298,10806.4591824598,0.999616532972516
"lambda_Ctot_S[1,229,1]",118.32114191102,0.268686920843694,28.6667347320189,71.5618317040324,97.8441681917702,114.872150327109,134.893342246391,183.058889145459,11383.174742279,0.999606933706622
"lambda_Ctot_S[1,230,1]",118.49856728318,0.285889273123127,28.9355173873911,72.7286870569311,97.9375123136848,114.798116593437,135.174746972953,184.406956395401,10243.9342801959,0.999701012928778
"lambda_Ctot_S[1,231,1]",218.0909059,0.539079680017844,54.4754816038485,132.604776871116,178.774934310324,211.482298096385,250.229176660024,343.946234959665,10211.6573336414,0.999876154866756
"lambda_Ctot_S[1,232,1]",217.553809846449,0.525006099577143,53.6551309475014,131.027670328332,180.067164769583,210.792204570506,248.524509950577,339.092740562683,10444.6482839731,0.999918215644297
"lambda_Ctot_S[1,233,1]",118.190182360856,0.275464890896589,28.6686457362928,71.8019387867718,97.9178799885638,114.587024242327,134.731365640173,182.965999750718,10831.3314958228,0.999713102177896
"lambda_Ctot_S[1,234,1]",118.060845030486,0.270616157143938,28.3403089633651,72.3975416324886,97.7110061128654,115.104080938632,134.930126092287,184.799373872522,10967.3503198045,0.999697607862826
"lambda_Ctot_S[1,235,1]",118.34470480544,0.280785969316711,28.9801143416038,71.4729027717358,98.0657576885429,114.883373467097,135.035649988537,184.26992097526,10652.4470493748,0.999595292538762
"lambda_Ctot_S[1,236,1]",118.37860667222,0.287703493838602,28.85344971574,72.9688091509496,97.790843623035,114.738609488483,135.150926284998,183.754751342511,10057.8514666943,0.999595310764507
"lambda_Ctot_S[1,237,1]",118.194679708404,0.279625308146708,29.3350583235669,71.9639319012601,97.2498936033593,114.409699270884,135.340144470922,185.710825643008,11005.783380478,0.999820967371444
"lambda_Ctot_S[1,238,1]",218.278884123676,0.535631903283439,54.2753341922638,131.191276986317,179.47658179804,211.802654631322,249.573677491204,342.980511442542,10267.6756097292,0.99971057549472
"lambda_Ctot_S[1,239,1]",218.375932761076,0.53312500360004,54.2749942251472,130.671931696856,180.659648645952,211.71554774701,249.267374726986,344.580960082659,10364.3356437192,0.999810656635787
"lambda_Ctot_S[1,240,1]",118.165844244884,0.268606035494328,28.4195344545938,72.6072134806786,97.8351230786299,114.856065366937,134.328493117062,183.817756467084,11194.4403101361,0.999564390558447
"lambda_Ctot_S[1,241,1]",118.320424776441,0.278941736116756,28.8834905750219,72.0300908768124,97.7409620694536,114.889038481019,134.905283284828,184.618851710951,10721.9148549025,0.999589783700279
"lambda_Ctot_S[1,242,1]",118.063363220408,0.281323971300911,28.5842576400292,71.7733368091244,97.6428862126363,114.558623637443,134.584896844472,183.70261196966,10323.8183956393,0.999553496564761
"lambda_Ctot_S[1,243,1]",118.521880224747,0.28120329778262,28.8718453532298,72.7674284964864,97.9068109762664,114.919808379874,135.145334898953,185.608345846073,10541.6420821935,0.999664328371254
"lambda_Ctot_S[1,244,1]",118.882180918468,0.238680185885375,25.1438450698282,77.3741533051718,101.083321235483,116.103550078003,134.266776298545,176.216560020976,11097.6404270893,0.999624126751381
"lambda_Ctot_S[1,245,1]",218.467706627939,0.490898485191473,49.0623595334954,137.399639712733,183.509972618719,213.06407739016,247.78630992325,328.898335958827,9988.80367736419,0.999868920786129
"lambda_Ctot_S[1,246,1]",219.275958583549,0.504662298329575,50.1773894283271,137.751336213351,183.458949547607,213.881056495167,249.058695556303,331.721042492879,9885.85879099039,0.999531354035304
"lambda_Ctot_S[1,247,1]",118.754286757254,0.260046342027633,25.205645383293,76.697523089075,100.728981584896,116.413348812415,133.617904431181,174.729462541373,9394.94291487758,0.999679992587845
"lambda_Ctot_S[1,248,1]",118.670630957482,0.244229120552089,25.5947148539788,77.4491632434222,100.142214325766,115.818432367308,133.969541388358,176.539797848844,10982.6134907806,0.999788994096216
"lambda_Ctot_S[1,249,1]",118.704273800516,0.24873575560554,25.4011299794008,77.4784505914101,100.360470519329,115.707343993872,134.024339534691,175.441982725779,10428.6870477748,0.999922557895059
"lambda_Ctot_S[1,250,1]",118.556358856012,0.248096034692172,25.4903405327901,76.737422378323,100.304341669122,116.023380548645,133.972486729345,176.299668800594,10556.2976847736,0.999955722369971
"lambda_Ctot_S[1,251,1]",119.086337577592,0.258796618098705,25.2826001461548,76.9560479599256,101.3152023481,116.298611151389,134.096945314112,176.791804977816,9543.90876073047,0.999932055026909
"lambda_Ctot_S[1,252,1]",219.101758843098,0.500924619330405,49.3144602323003,138.070130272226,183.653729396491,213.754676021504,247.980529454532,329.766811070032,9691.78595859693,0.999620587603783
"lambda_Ctot_S[1,253,1]",218.081566425869,0.481977088180034,48.6226740939146,137.799309114837,183.918443649546,213.086916478826,246.234607538374,329.491681452844,10177.1199389306,0.999949852554183
"lambda_Ctot_S[1,254,1]",118.847158816219,0.255673498804321,25.9169366957919,75.5938197988012,100.439393593027,116.102968700777,133.962770846554,178.766139036541,10275.3330303113,1.00009965105464
"lambda_Ctot_S[1,255,1]",118.571372082106,0.242606440617185,24.91346379969,77.9870484772288,100.350656730193,115.672944778803,134.00805792743,174.954489692212,10545.4125338225,0.999714567139846
"lambda_Ctot_S[1,256,1]",118.752524747258,0.245493337043003,25.1776713167854,76.5205971895206,100.871004840789,116.363962433296,133.906454474499,175.106831708182,10518.4488814904,1.0000862095553
"lambda_Ctot_S[1,257,1]",118.7387976736,0.250488251431567,25.210082738417,76.6654105089081,100.761113182627,115.923027609336,134.117248312796,175.389760845535,10129.1690614921,1.0000731569858
"lambda_Ctot_S[1,258,1]",118.692267127604,0.256313116050953,25.1964814065564,77.3611048122087,100.910829990352,116.312449164913,133.659183496515,175.597761689668,9663.58194971948,0.999887312958311
"lambda_Ctot_S[1,259,1]",218.825108014053,0.500048150095725,49.8184500673169,137.131955758686,182.973816311814,213.389869939668,247.878601175786,331.550233041841,9925.6001020115,1.00015412500515
"lambda_Ctot_S[1,260,1]",218.717738919152,0.484496451538953,49.6710908805226,136.975800070259,183.076684475869,213.289539186839,248.046799397237,330.811170231526,10510.5682101134,0.999841026890342
"lambda_Ctot_S[1,261,1]",118.600864351084,0.227359260537847,25.4336855442591,76.8783463567051,100.352513737242,115.806668740215,134.016910420452,176.836846509226,12513.917825051,0.999815830525802
"lambda_Ctot_S[1,262,1]",118.63758489584,0.244681940257697,25.4309956609181,76.4038103934237,100.413468336627,115.732142973427,133.930991331299,175.798531877135,10802.4657049763,0.999650679588378
"lambda_Ctot_S[1,263,1]",118.600843852765,0.247785091138192,25.4347868493774,76.7675467428169,100.67354949208,115.818184865715,134.039487106115,175.553117810022,10536.7302294052,1.00029935477682
"lambda_Ctot_S[1,264,1]",118.980562416292,0.250991593748059,25.8309549162085,77.1996113669816,100.551038187953,115.966434928506,134.386435720079,177.211386046464,10591.6243732311,1.00002097596059
"lambda_Ctot_S[1,265,1]",118.837459967824,0.247852115917675,25.3504851707421,76.5575296646769,100.547149381302,116.389209425321,133.763297960308,177.450467895965,10461.3393295834,0.999843463980819
"lambda_Ctot_S[1,266,1]",218.800735638178,0.508555561176307,49.4256648337722,137.766550652991,183.626468138767,213.586979363557,248.244218357906,329.489012276559,9445.57115598222,0.99971779596511
"lambda_Ctot_S[1,267,1]",218.613837786704,0.497195189282425,49.4414797837539,137.310679314346,183.92727851239,213.02738340847,246.616721312765,332.396047377342,9888.46966672963,1.00003391773751
"lambda_Ctot_S[1,268,1]",118.647798756752,0.25301699259798,25.5362664360764,76.1874321058215,100.810698995251,115.816600368279,133.64857624506,176.002247998397,10186.2756231468,0.999790916404925
"lambda_Ctot_S[1,269,1]",118.012229961543,0.232758866574143,24.4429970780825,77.5519786295947,100.603964057783,115.799218164794,132.797952042258,172.481000775917,11027.9920479148,1.0004120848189
"lambda_Ctot_S[1,270,1]",118.669084846372,0.240929411629393,25.2677584886662,76.8109996321336,100.465915857711,116.043222625667,133.851285627023,174.575459613341,10999.0150008492,0.999768534529816
"lambda_Ctot_S[1,271,1]",118.680180239164,0.246379372488594,25.0484897609496,77.4867194715963,100.630138797619,116.13800747995,134.128671738257,174.426604892431,10336.0452737395,0.99975017226833
"lambda_Ctot_S[1,272,1]",118.772077692157,0.255377869181365,25.6339696297248,77.4002708705345,100.513224604409,115.612708605871,134.13851445421,176.229522245637,10075.4676494794,0.999737171974539
"lambda_Ctot_S[1,273,1]",218.513862364171,0.471539977476338,48.7586926879264,138.592495289819,183.47074404614,212.991775903479,247.819961429959,329.480427721965,10692.1998804305,0.999882592965482
"lambda_Ctot_S[1,274,1]",218.810806881348,0.492055324290529,49.356549670503,138.427638607647,183.59966638814,213.584351109701,248.701255891547,332.003127688577,10061.4764146725,0.999835318255358
"lambda_Ctot_S[1,275,1]",235.087247199928,0.642473294930766,68.5941751970701,130.612698854878,186.118716321298,225.348421529555,272.310499256429,397.175079586173,11398.9360114689,0.999688268755711
"lambda_Ctot_S[1,276,1]",118.465225271809,0.264878449429848,27.9521648366193,73.3971503938744,98.7235708313356,115.340478794575,134.784491635081,181.724408416672,11136.2160146129,0.999774469898709
"lambda_Ctot_S[1,277,1]",118.4317501866,0.282161327976018,28.3412317190007,73.1167448114666,98.2705814927233,115.261805376226,134.271479240792,184.201058217141,10088.8684791145,0.999887435671835
"lambda_Ctot_S[1,278,1]",118.302609162308,0.270443054828973,28.1519932499524,73.4374933046437,98.0674315930154,114.688601720293,134.200636752732,183.1758899171,10835.9410457159,0.999773432575682
"lambda_Ctot_S[1,279,1]",118.240081135739,0.257302183442755,27.8232759756383,73.5103881698394,98.2999346757825,115.086739381247,134.18669941815,181.827016778705,11693.0978445367,0.999586262852604
"lambda_Ctot_S[1,280,1]",218.219577029099,0.524614857615498,54.5342973731885,131.752017262133,179.699016589339,211.177107148624,249.385323580261,346.621832246237,10805.8335086295,0.99965331107516
"lambda_Ctot_S[1,281,1]",217.903542257076,0.51263849953246,53.5844506301688,132.397616654412,179.661183055074,210.925458558643,248.393611125045,343.175202306535,10925.847317139,0.999750484151051
"lambda_Ctot_S[1,282,1]",118.561865338833,0.277070614756531,28.9598533558523,72.3586166301328,97.9048928237532,114.930834595571,134.655125126788,184.79678640648,10924.7568604488,0.999795287856892
"lambda_Ctot_S[1,283,1]",118.544993308517,0.271780299172588,28.6709723319464,73.3156644170668,97.8620546495889,114.713312473294,135.57008873648,183.091252320278,11128.8143731004,0.999724072172996
"lambda_Ctot_S[1,284,1]",118.577811408879,0.281294605528657,28.413484828792,72.8817215360401,98.6431921277645,115.194256845762,135.303916248861,183.379958316788,10202.9602932231,0.999663110747521
"lambda_Ctot_S[1,285,1]",118.53385809176,0.27303233707386,28.2120865937235,72.5816931988945,98.6547724759843,115.385097897766,134.48499458637,185.188398110377,10676.8279231092,1.00024508553975
"lambda_Ctot_S[1,286,1]",118.299975098057,0.262619464075774,28.3234433073408,72.7396613538817,98.2621822412035,114.930071598221,134.856685900636,185.305229612012,11631.5683792838,0.999706208113286
"lambda_Ctot_S[1,287,1]",218.291360615879,0.503405499767326,54.1328484270414,131.790683335377,179.421901877307,212.030425897087,248.847673235294,342.510802729306,11563.4079596402,0.999640360050728
"lambda_Ctot_S[1,288,1]",218.305010994575,0.503117114272159,53.280374189354,132.29411557686,180.151458839489,211.725309205211,249.283605502831,339.979973916818,11214.924416364,0.999633599973608
"lambda_Ctot_S[1,289,1]",118.421000927755,0.272776279472447,27.9570096279547,73.7634500706944,98.5833204823511,115.104208816928,134.274185989798,183.219304929867,10504.3269050814,0.999616139384706
"C[1,1,1]",162.28675,0.409299629617239,40.1298962808208,96,133,158,187,252,9612.87668647164,0.999783965195643
"C[1,2,1]",88.11775,0.231264168710628,22.4064921685415,51,72,86,101.25,139,9387.09131754576,0.999592190124663
"C[1,3,1]",88.1755,0.230045639670777,22.3677779279968,51,72,86,102,138,9454.0451638857,0.999801741361132
"C[1,4,1]",88.228,0.243279831975144,22.3574539688332,51,72,86,102,138.025,8445.63826383943,0.99994263905815
"C[1,5,1]",88.005,0.223076125790763,22.0964025663862,52,72,86,101,137,9811.53506546728,0.999958113959687
"C[1,6,1]",85.820375,0.209679876074514,21.3351706941366,51,70,84,99,133,10353.2986340375,0.999855775393558
"C[1,7,1]",162.892125,0.410859082869458,40.4898217604455,97,134,159,187,256,9711.93898286104,0.99962786064199
"C[1,8,1]",162.711375,0.403743552992683,40.2632488972369,97,134,158,187,255,9945.03762397634,0.999876161569014
"C[1,9,1]",88.248375,0.223683233527658,22.3616343364176,52,72,86,101,139,9994.02010056622,0.999707849778854
"C[1,10,1]",87.92425,0.234562404921219,22.257985964141,50,72,86,101,137,9004.40285466191,0.999837736309571
"C[1,11,1]",88.1445,0.229475846666078,22.0817814132782,51,72,86,102,137,9259.64317441581,0.999761043740186
"C[1,12,1]",88.077375,0.226831319292571,22.6504143067607,51,72,86,101,138.025,9971.1732691684,0.999724236907764
"C[1,13,1]",88.20325,0.222163868378661,22.2444665360609,51,72,86,102,137.025,10025.2943411746,1.00006453227647
"C[1,14,1]",162.296125,0.407045399842482,40.0480076326999,96,134,159,186,251,9680.01717966996,0.999975808439961
"C[1,15,1]",162.159375,0.41732431096085,40.0930250285678,97,133,157,187,253,9229.75727864985,0.999799449811996
"C[1,16,1]",88.22125,0.232027610634998,22.1923266211005,51.975,73,86,101,139.025,9148.00378540945,0.999757826513369
"C[1,17,1]",88.17525,0.23054720560676,22.1412130788283,51,72,86,102,137,9223.23124917494,0.999660669989331
"C[1,18,1]",88.234375,0.223233136795456,21.9432365790309,52,73,86,102,137,9662.37852812758,0.999759694432645
"C[1,19,1]",88.235875,0.225372084803104,22.0562076867617,51,73,86,101,137,9577.70465694744,0.999848694697565
"C[1,20,1]",88.117625,0.22451328116428,22.3635933080438,51,72,86,102,139,9921.99714524804,0.99987053160653
"C[1,21,1]",162.73125,0.427352112812306,40.7691984147337,97,133,158,187,255.025,9101.07376556682,0.999933075881004
"C[1,22,1]",162.227375,0.411607457352071,39.8754928806646,97,134,158,186,250,9385.24597260396,0.99955534903634
"C[1,23,1]",88.24675,0.228712716403484,22.301906562378,51,72,86,102,138,9508.31059630744,0.999800823721143
"C[1,24,1]",88.184875,0.220206145377313,21.9524756037335,52,72,86,102,137,9938.20925216772,0.999831095701671
"C[1,25,1]",87.972375,0.226070402572391,22.0409751924184,51,73,86,101,138,9505.48314645504,0.999975499708017
"C[1,26,1]",88.14125,0.233297566870429,22.3488977936625,51,72,86,102,138,9176.81126613252,0.999755176984556
"C[1,27,1]",87.99925,0.228509472992246,21.9239613653131,51,72,86,101,137,9205.12390657175,0.99988907354597
"C[1,28,1]",162.119875,0.407343581536791,40.1267089864237,96,133,158,187,254,9703.87803648442,0.999655444343082
"C[1,29,1]",162.995875,0.421651147836322,40.6324314100776,97,134,158,187,257,9286.22170337587,0.999862703647057
"C[1,30,1]",87.95825,0.229973196735799,22.4310644201045,51,72,85,102,138,9513.60949427214,0.99973792644203
"C[1,31,1]",174.814375,0.527231588818968,50.7683794000039,96,138,168,203,290,9272.22058368714,0.999944645422774
"C[1,32,1]",89.228875,0.284998105955322,27.5771382408249,47,69,85,105,153,9362.98752665431,0.999575058863038
"C[1,33,1]",44.986125,0.13151472436542,12.5688475794545,24,36,44,52.25,73,9133.60363985036,0.9997616042845
"C[1,34,1]",45.048375,0.129715143212911,12.4100477847641,24,36,44,53,73,9153.04396758929,0.999910614729739
"C[1,35,1]",82.665,0.221597685079818,22.0271633328162,46,67,80,95,132,9880.67707739673,0.999931230117247
"C[1,36,1]",83.014875,0.226932950010557,21.7850172620201,46,67,81,96,131,9215.53810597645,0.999891276287619
"C[1,37,1]",44.933125,0.134175987981918,12.4952758762773,24,36,44,52,73,8672.45578975975,0.999945871734835
"C[1,38,1]",45.0725,0.129838413627954,12.6340490797495,24,36,44,53,73,9468.44624942518,0.999745841060418
"C[1,39,1]",44.874,0.130848105517909,12.2697572252998,24,36,44,53,72,8792.99975700987,0.999915684869086
"C[1,40,1]",45.013375,0.134192937307388,12.3543221088298,24,36,44,52,73,8475.75749532599,0.99994858122664
"C[1,41,1]",44.895125,0.133281668892076,12.4588133057687,25,36,43,52,73,8738.00948428686,0.999830505620809
"C[1,42,1]",82.4945,0.226129681789137,21.5813215288097,47,67,80,95,132,9108.37551248034,0.999728846369384
"C[1,43,1]",82.803125,0.227955943112847,21.7906739092221,47,67,81,96,132,9137.75447494752,0.999758818401998
"C[1,44,1]",45.023375,0.130625159587538,12.6220538399964,24,36,44,53,73,9336.97914153474,1.00016929331396
"C[1,45,1]",44.972125,0.129444616903319,12.5400061584387,24,36,44,53,73,9384.85377940499,0.999718967668403
"C[1,46,1]",44.819125,0.131672971789304,12.4652750519048,25,36,44,52,73,8962.11385189796,0.999861061941883
"C[1,47,1]",44.9305,0.130283992582556,12.6775987449809,24,36,44,53,73,9468.73332900906,0.999769697043923
"C[1,48,1]",44.835375,0.134774707930669,12.5546495774524,24,36,44,52,73,8677.45543406639,0.999872160029085
"C[1,49,1]",82.779375,0.225291257601273,21.8661259838721,47,67,81,95,132,9420.08916087556,0.999642338428794
"C[1,50,1]",82.57175,0.231500980989953,21.5339746899114,47,67,81,95,131,8652.52225790294,0.999859209730881
"C[1,51,1]",44.917125,0.131179914135332,12.5112478654117,24,36,44,52,73,9096.33762968803,0.999859969950102
"C[1,52,1]",44.709625,0.132550310023516,12.4136444963027,24,36,43,52,72,8770.75767144959,1.0000267965835
"C[1,53,1]",41.83325,0.123698696267176,11.6716525338792,22,34,41,49,68,8902.96068268158,0.999967903513886
"C[1,54,1]",45.06075,0.129967950143144,12.4613791445318,24,36,44,53,73,9193.05124820365,1.00007164751606
"C[1,55,1]",45.126,0.133986729928596,12.4711894108247,24,36,44,53,73,8663.47596347936,0.999708045275728
"C[1,56,1]",82.66225,0.226748400231523,21.827671218922,47,67,80,96,133,9266.72646596831,0.999942745569601
"C[1,57,1]",82.73425,0.224919698049996,22.2353474960992,47,67,81,96,132,9773.11160918998,0.999643035716365
"C[1,58,1]",44.736875,0.130307048604126,12.4339843063312,24,36,44,52,72,9105.10195336329,0.999726740269428
"C[1,59,1]",44.74125,0.127667067503648,12.3428255114135,24,36,43,52,72,9346.98215073712,0.999708121023631
"C[1,60,1]",45.017875,0.133084835327636,12.4879261297364,24,36,44,53,73,8804.88116730286,0.999587039449021
"C[1,61,1]",44.834875,0.12816162405684,12.361551671588,24.975,36,44,52,72,9303.14891760141,0.999823201857398
"C[1,62,1]",44.96,0.13230022304645,12.6178861693004,24,36,44,53,73,9096.03363427293,0.999551411333502
"C[1,63,1]",53.488625,0.166818694156561,15.8639238090456,28,42,52,63,89,9043.40115883628,1.00003536513258
"C[1,64,1]",53.479625,0.161709436477606,15.740268560802,28,42,52,62,89,9474.43997490078,0.999928527819151
"C[1,65,1]",28.943125,0.0918429554739474,9.10149684886976,14,23,28,34,49,9820.5077946045,0.99984095784093
"C[1,66,1]",28.928875,0.0920027124541848,8.86014271896904,14,23,28,34,49,9274.27932628023,1.00024284552856
"C[1,67,1]",28.9395,0.091344345024761,8.92954684465322,14,23,28,34,49,9556.42614333451,1.00019675492449
"C[1,68,1]",28.9585,0.0933453749749018,9.06967806112855,14,23,28,34,49.0249999999996,9440.56819612329,0.999704248284797
"C[1,69,1]",28.985,0.089704072186013,8.9711390116805,14,23,28,34,49,10001.6316381424,0.999909900351965
"C[1,70,1]",57.735625,0.190920224367799,19.3452774813255,28,44,55,68,102,10267.0589302666,0.999656464517947
"C[1,71,1]",53.315,0.155461319612322,15.558776765601,28,42,52,63,88,10016.2740762419,1.00010251220982
"C[1,72,1]",29.00625,0.09303296839827,9.04198156469737,14,23,28,34,49,9446.12042843815,0.999823487635023
"C[1,73,1]",28.91375,0.0911158711582139,9.11377767753002,14,23,28,34,49,10004.8088768788,0.999833173751726
"C[1,74,1]",28.962375,0.0922236511290045,9.07696305306231,14,22,28,34,49,9687.16086191374,0.999867496879395
"C[1,75,1]",28.8645,0.091592409673848,8.99969522063153,14,22,28,34,49,9654.65222380402,0.99974829017687
"C[1,76,1]",28.8295,0.0904178402252899,9.05354491812174,14,22,28,34,49,10026.0314655218,0.999662184724638
"C[1,77,1]",53.548625,0.164537800229595,15.7110149292825,28,42,52,63,89,9117.52807121822,0.999885343173554
"C[1,78,1]",53.467875,0.15944998035171,15.7752361390814,28,42,52,63,90,9788.19916790494,0.999768585800088
"C[1,79,1]",29.047125,0.0917410708524336,9.0083737757786,14,23,28,35,49,9641.95688117408,1.00012017420821
"C[1,80,1]",28.93025,0.0942140253668035,9.04921935770556,14,23,28,34,49,9225.52547019817,1.00052128701191
"C[1,81,1]",28.98375,0.0910506862404746,9.14917752416418,14,23,28,34,49.0249999999996,10097.1233568042,0.999835310927053
"C[1,82,1]",29.016875,0.0916597796205688,9.15151949257624,14,23,28,34,50,9968.47676025075,0.999851250438814
"C[1,83,1]",29.117375,0.0946831518539563,9.1772477270615,14,23,28,35,50,9394.62603451285,0.999913159859405
"C[1,84,1]",53.271625,0.164106494350446,15.6932988824244,27,42,51,62,88.0249999999996,9144.85778088763,0.999708167625601
"C[1,85,1]",53.356875,0.15698148181467,15.748040047258,28,42,51,62,90,10063.665023919,0.999793908348723
"C[1,86,1]",28.962,0.092472882783621,9.06524011387951,14,23,28,34,49,9610.14256407581,0.999933946740929
"C[1,87,1]",28.93925,0.092081476938588,9.03514048911013,14,23,28,34,49,9627.76024397531,0.999787784951252
"C[1,88,1]",28.8715,0.0916025056978184,8.90365919964331,14,22,28,34,49,9447.61853952294,0.999702771019414
"C[1,89,1]",28.9225,0.0940969405183959,9.07022752627641,14,22,28,34,49,9291.48985462455,1.00015283173081
"C[1,90,1]",29.878125,0.0912945776541048,9.13624405069141,15,23,29,35,51,10014.8723127087,0.999804536011994
"C[1,91,1]",58.261875,0.160866357366169,15.5695246474192,32,47,57,68,93,9367.42556969339,1.00047994097639
"C[1,92,1]",58.026375,0.162822609576279,15.535535023469,32,47,57,67,93,9103.80626056589,1.00009387106809
"C[1,93,1]",31.596375,0.0962451627281351,9.08054342498215,16,25,31,37,52,8901.55453811615,0.999754615339423
"C[1,94,1]",31.47225,0.0948280511055069,9.12912359154446,16,25,31,37,52,9267.96794783119,0.999816014445959
"C[1,95,1]",31.496375,0.09627759390214,9.06189834469446,16,25,31,37,52,8859.06556090908,1.00012672392403
"C[1,96,1]",31.473,0.0974090861568282,9.1848280404843,16,25,31,37,52,8890.84669040256,0.999895395692602
"C[1,97,1]",31.483875,0.0965772081647108,9.14988825293813,16,25,30,37,52,8975.98848315013,1.0003114079679
"C[1,98,1]",57.80875,0.161119764949513,15.5213171911542,32,47,56,67,93,9280.24643727685,0.999930808685554
"C[1,99,1]",58.08325,0.152966648962125,15.5206614164426,32,47,56,68,93,10295.0140659758,1.00009739095387
"C[1,100,1]",31.469125,0.101312065199903,9.30258641446694,16,25,31,37,53,8431.11647984815,0.999874257463695
"C[1,101,1]",31.661875,0.0931406858521764,9.03414348197612,17,25,31,37,52,9407.95225008186,1.00028007428367
"C[1,102,1]",31.49475,0.0944416294299445,9.12254761823039,16,25,31,37,52,9330.50897610339,0.999757090138478
"C[1,103,1]",31.369125,0.0932041485703327,9.03016138899045,16,25,31,37,52,9386.86425293957,0.999954038089661
"C[1,104,1]",31.575625,0.0946412113950954,9.00997659925734,16,25,31,37,51,9063.30812465195,0.99981826228701
"C[1,105,1]",58.305,0.16258062647913,15.8146052026984,32,47,57,68,94,9461.91677622791,1.00030033448946
"C[1,106,1]",57.944875,0.162741839777247,15.7622616507251,32,47,56,67,93,9380.77289991131,1.00009053768499
"C[1,107,1]",31.64475,0.0919726909536542,9.17892036188768,16,25,31,37,52,9960.1394060675,0.999939904116913
"C[1,108,1]",31.55425,0.0938803295223479,9.11193916611173,16,25,31,37,52,9420.4665665619,0.999775315419555
"C[1,109,1]",31.524125,0.0946610673733998,9.14787562431463,16,25,31,37,51.0249999999996,9338.94264513324,1.00000250095786
"C[1,110,1]",31.49975,0.0929130021940937,9.08172944233134,16,25,31,37,51,9553.975706927,1.00030370481849
"C[1,111,1]",31.467125,0.0965498985475523,9.03654395359217,16,25,31,37,52,8759.93910432088,1.00009423138938
"C[1,112,1]",58.189,0.161794635318243,15.8169150231676,32,47,57,68,93,9556.86228451521,0.999647058721932
"C[1,113,1]",58.20175,0.161697871819837,15.5375424002794,32,47,57,67,92,9233.28084663962,1.00067217004162
"C[1,114,1]",31.488875,0.100824037958417,9.29157779451983,16,25,31,37,52,8492.79734969,1.00001099786417
"C[1,115,1]",31.55275,0.0953795103908908,9.08507208305715,16,25,31,37,51,9072.90946820247,1.00008512759619
"C[1,116,1]",31.666875,0.0997958304844944,9.37892042043788,16,25,31,37,53,8832.44432464762,0.999893619486188
"C[1,117,1]",31.492125,0.0962149803984402,9.18549044083683,16,25,31,37,52,9114.21580769328,0.999958368445658
"C[1,118,1]",31.56075,0.096482846385509,9.12779951729898,16,25,31,37,52,8950.18414454853,1.00009959975251
"C[1,119,1]",58.301375,0.171770148234452,15.5973381616573,32,47,57,68,94,8245.28354857798,0.999898154217829
"C[1,120,1]",57.871125,0.16303317161006,15.4938543840722,32,47,56,67,92,9031.64763435286,1.00023358081398
"C[1,121,1]",31.517875,0.0940810897456061,9.01649003886505,16,25,31,37,52,9184.8133680449,0.999918661314535
"C[1,122,1]",83.822625,0.208621199338983,20.7263385755473,49,69,82,96,129,9870.2533668885,0.99996300610175
"C[1,123,1]",83.7115,0.208317097631479,20.2987689959969,49,69,82,96,129,9494.88196485846,1.00033516490298
"C[1,124,1]",83.789625,0.225455389063575,20.6137510706088,50,69,82,96,130,8359.74082014719,0.999833960828777
"C[1,125,1]",83.602,0.21561205501018,20.5226093172055,49,69,82,96,130,9059.80974456852,0.99996582604833
"C[1,126,1]",154.569875,0.382715811552265,38.1522091938025,91,127,151,178,240,9937.71577095583,0.999861015058094
"C[1,127,1]",154.390375,0.377512123483609,37.0859023468283,92,128,151,176,236,9650.63509127638,1.0003087275192
"C[1,128,1]",83.75525,0.207961172876448,20.5138111888963,50,69,82,96,129,9730.34393841375,0.99966157873482
"C[1,129,1]",83.950375,0.206066726574131,20.3631037506238,50,69,82,96,130,9764.99900766823,0.999856971916905
"C[1,130,1]",83.590875,0.210678320404899,20.2780519690214,49,69,82,96,128.025,9264.30338437005,1.00036279670152
"C[1,131,1]",83.81875,0.211638274707461,20.4172171532272,50,69,82,96,130,9306.89192592426,1.00011053823245
"C[1,132,1]",83.633,0.20338224291658,20.2590810451906,49,69,82,96,128.025,9922.32433066995,0.999819511358947
"C[1,133,1]",153.82925,0.377143885597632,36.7316314098728,93,127,150,176,235,9485.63245955424,0.999792700371706
"C[1,134,1]",154.44275,0.383697612397278,37.9908460748861,92,127,151,177,239,9803.46804826074,0.999808960506681
"C[1,135,1]",83.8335,0.214235076936848,20.4128908661706,50,69,82,97,129,9078.78784987122,1.00016974161912
"C[1,136,1]",83.86675,0.213000725126842,20.5608508581479,49,69,82,96,130,9317.94197924196,1.00025666142885
"C[1,137,1]",83.832875,0.211463585475183,20.6960862298293,49,69,82,96,129,9578.67122934854,0.999872009304844
"C[1,138,1]",83.637125,0.210589374593829,20.8338055252985,49,69,82,96,130,9787.33158711444,1.00000791738396
"C[1,139,1]",83.794625,0.210846742654502,20.405219742347,50,69,82,96,129,9365.88368474245,1.00009181751787
"C[1,140,1]",154.239375,0.383765273272696,37.5691496408285,93,127,150,176,238,9583.65969681871,0.99983134544462
"C[1,141,1]",154.382875,0.389137719314183,37.2690005773549,93,128,151,176,239.025,9172.52353792765,1.00003612451922
"C[1,142,1]",83.666375,0.213380195951595,20.4393258233825,49,69,82,96,129,9175.39805732487,0.999967655116895
"C[1,143,1]",83.701875,0.203515419420431,20.7509595386478,49,69,82,96,130,10396.3700296553,1.00010595060828
"C[1,144,1]",83.4095,0.208603911819735,20.0189261556546,49,69,82,95.25,127,9209.51286108074,1.00011362137512
"C[1,145,1]",83.717125,0.206487912398007,20.4015167198406,49,69.75,82,96,128.025,9761.92898701613,1.00012455543063
"C[1,146,1]",83.8555,0.216442905310954,20.4179879402683,49,69,82,96,130,8898.95839377607,0.999786761745445
"C[1,147,1]",154.153875,0.370345641150635,37.5107761819933,93,127,150,177,239,10258.8251191286,0.99984350935968
"C[1,148,1]",154.035625,0.380310058613655,36.7694622618927,93,128,151,176,235,9347.57445598827,1.00027870629834
"C[1,149,1]",84.00425,0.219945442860194,20.6919731213932,50,69,82,97,130,8850.62367327499,0.999813620717437
"C[1,150,1]",83.872875,0.217868265595466,20.4320862371632,49,69,82,96,130,8795.03300758414,1.00005113769936
"C[1,151,1]",83.646125,0.209178381006135,20.4556704067808,50,69,82,96,129,9562.99305317375,1.00014565374302
"C[1,152,1]",81.366375,0.197227804361498,20.1811930873444,48,67,79,93,126,10470.2582879707,0.99990623008739
"C[1,153,1]",81.41225,0.207550288297185,20.1588342237878,48,67,79,94,127,9433.74526360529,1.00000313694234
"C[1,154,1]",149.894875,0.357218504985183,36.8613506077905,89,123,146,173,232,10648.1605462591,0.999864673229769
"C[1,155,1]",149.761125,0.361759024372114,36.9485820221637,89,124,146,171,235,10431.7412132309,0.999812155916981
"C[1,156,1]",81.366125,0.198778752005652,19.9967700225759,48,67,80,93,126.025,10119.9830379001,0.99986234113544
"C[1,157,1]",81.59825,0.205350822867894,19.9390707595751,48,67,80,94,126,9427.94269740117,0.999696618281858
"C[1,158,1]",81.323875,0.203718509194791,20.1528657325461,48,67,79,93,127,9786.16748370906,1.0000116772355
"C[1,159,1]",81.47475,0.205135471555958,20.0080272036394,47,68,80,93,126.025,9513.20839122945,0.999727110261621
"C[1,160,1]",81.068625,0.198713779370414,19.7045096125673,47,67,79,93,125,9832.75674870414,0.999800493552475
"C[1,161,1]",149.868125,0.351732348907683,36.0600752233341,89,125,146,171,232,10510.6271910432,0.999879693210769
"C[1,162,1]",149.829625,0.366850663384191,36.5943983569653,90,124,146,171,232,9950.63062630317,0.999821735084368
"C[1,163,1]",81.5365,0.200779003650699,20.1557423453885,48,67,80,93,127.025,10077.6902718939,0.999920320929444
"C[1,164,1]",81.54175,0.203930303929038,20.3900460074156,48,67,79,94,127,9997.07334608129,0.999615316896514
"C[1,165,1]",81.49375,0.20330316149025,20.0007053491698,48,67,80,93,126.025,9678.37308094203,0.999833873667605
"C[1,166,1]",81.115875,0.203037490410731,19.7602316871264,48,67,79,93,126,9471.77975794525,0.999852387697015
"C[1,167,1]",81.614875,0.199771846704284,20.0966797830304,48,67,79,94,126,10119.9893772022,0.999799830218234
"C[1,168,1]",149.864875,0.359182781551984,37.0933701083849,89,124,146,171,234.025,10665.0173660904,0.999709074832371
"C[1,169,1]",150.18675,0.367000206180534,36.951793648201,89.975,124,146,172,234,10137.6765706048,1.00007817706378
"C[1,170,1]",81.26775,0.199986857211044,19.9488797846667,48,67,79,93,125,9950.25281433663,0.999634123985515
"C[1,171,1]",81.236875,0.203001114230671,20.334052705912,47,67,79,94,126,10033.4674589991,1.00024495003401
"C[1,172,1]",81.25175,0.198193780744386,20.0379218415101,48,67,79,93,125,10221.7513409484,0.999729038167947
"C[1,173,1]",81.537125,0.206727013723353,20.0773693328905,48,67,80,94,126,9432.33363766872,0.999684540654265
"C[1,174,1]",81.30075,0.197904341782279,19.9535164141477,47,67,80,94,125,10165.4882056445,0.99974049637918
"C[1,175,1]",162.316625,0.472568335892613,47.237779367624,88,129,156,189,271,9991.93751303014,0.999632287775284
"C[1,176,1]",161.481375,0.475287458186687,47.1792871793515,88,128,154,188,272.025,9853.48911569237,0.999764044717537
"C[1,177,1]",161.70125,0.477497471454294,46.5644234274262,88,129,156,188,268,9509.688847104,1.00027362146988
"C[1,178,1]",81.325625,0.190372637351848,20.0175031138561,48,67,79,94,125.025,11056.3239866157,0.999692810104317
"C[1,179,1]",81.432125,0.203510027875518,20.2505037800864,48,67,79,94,126,9901.47820994295,0.999889776278789
"C[1,180,1]",81.1555,0.203637989048813,19.9247696173767,48,67,79,93,126,9573.46199786499,0.999865319372467
"C[1,181,1]",81.300875,0.198376579482546,19.9627130664521,48,67,80,94,125,10126.47590517,0.999761583576643
"C[1,182,1]",150.230125,0.373193937213765,36.41914622504,89.975,124,147,172,230,9523.36349986492,0.999664213223041
"C[1,183,1]",151.476875,0.413314009089313,41.2703600730833,85,122,146,175,247,9970.48454201089,1.00003067143698
"C[1,184,1]",82.358,0.227723156596183,23.0696361482794,45,66,80,96,134,10262.8291604673,0.999915283896836
"C[1,185,1]",82.244,0.219762331295009,23.0953109564154,45,66,79,95.25,135,11044.374406363,0.999685333272793
"C[1,186,1]",82.2685,0.231441609307806,22.7134353471279,45,66,79,95,134,9631.25250922461,0.999910068634831
"C[1,187,1]",82.342375,0.226030031088551,23.0424558957175,45,66,79,95.25,135,10392.6246046337,0.999952009049942
"C[1,188,1]",82.01175,0.237688036268327,22.6307286818738,46,66,80,95,134,9065.30521382061,0.999969582811243
"C[1,189,1]",150.958625,0.42885731023803,40.9630401635646,85,122,146,174,245.025,9123.44225902513,1.00001654973261
"C[1,190,1]",150.939125,0.386526000450118,41.0647319272926,85,121,146,175,243,11287.0528427228,0.999995968065601
"C[1,191,1]",82.38125,0.234305731073872,23.3524477419272,45,66,80,95,135.025,9933.42449025344,1.00023933819564
"C[1,192,1]",82.086625,0.233431396520501,22.6749341826917,46,66,79,95,135,9435.68716761433,0.999786122927178
"C[1,193,1]",82.216,0.228391673541405,23.3169531465414,45,66,79,96,136.025,10422.7678916732,1.0000639483878
"C[1,194,1]",81.980125,0.229652912192523,22.4764349653247,45,66,79,95,135,9578.7963927214,0.999734430610964
"C[1,195,1]",82.07675,0.227631921631474,22.8673615435952,45,66,80,96,134,10091.7338224907,1.00019587972927
"C[1,196,1]",151.116,0.409845286800524,40.4690562289758,86,123,146,174,244,9750.03697445564,1.00031197526015
"C[1,197,1]",163.91125,0.553731983887815,52.2510133345451,85,127,157,193,286,8904.10383965274,1.00005188169312
"C[1,198,1]",82.49025,0.239101717284925,23.4810151973214,45,66,80,96,135,9644.24753213892,0.999951870297491
"C[1,199,1]",82.168,0.232459500524978,22.8318951891809,45,66,80,95,133.025,9646.93436269056,1.0004195942619
"C[1,200,1]",82.031625,0.232146673310109,22.7210344292479,46,66,79,95,133,9579.244767954,0.999847799761509
"C[1,201,1]",163.89675,0.537698298659938,51.8743381433173,85,127,156,193,281,9307.38786747092,0.999891663669055
"C[1,202,1]",82.251875,0.228143892621839,23.1451916490539,45,66,79,96,135,10292.0969349476,1.00038003397905
"C[1,203,1]",151.31975,0.396224206190113,40.4483654641456,86.975,122,146,175,242.025,10421.2531206647,1.00006008558218
"C[1,204,1]",151.38575,0.38965296240338,40.3708734468968,86,123,147,174,247,10734.4630810575,1.00010622272119
"C[1,205,1]",82.198375,0.234554449655939,22.8465646881349,46,66,79,96,133,9487.55837987605,0.999977811595402
"C[1,206,1]",82.188,0.230970264324285,22.8151752684001,46,66,80,95,135,9757.43071407443,0.999931972475168
"C[1,207,1]",82.11925,0.223225910525615,22.9228425708166,45,66,79,96,133,10545.0280021292,1.00003747878417
"C[1,208,1]",82.38425,0.23083891358221,22.6940626485748,45,66,80,96,134,9665.10230727529,1.00002413769404
"C[1,209,1]",82.334375,0.230047231350985,22.6263134893234,46,66,80,96,134,9673.72145912205,1.0001599698251
"C[1,210,1]",151.331125,0.392232726610227,40.9143890292655,85,123,147,174,247,10880.8916743728,1.00008763099217
"C[1,211,1]",151.498625,0.42246140171209,41.5700163145436,86,122,147,176,248,9682.47353354663,1.00022075940499
"C[1,212,1]",82.474375,0.229437584321503,22.8858813202562,46,66,80,96,135,9949.61234211963,1.00049446167049
"C[1,213,1]",118.31525,0.302812377176694,31.0843030591742,68,96,115,136,190,10537.4377938201,0.999649426917045
"C[1,214,1]",117.914375,0.292626710052086,30.3638195646018,68,96,114,136,187.025,10766.7560908181,0.999573062668283
"C[1,215,1]",118.50025,0.306070106376903,30.5837729986647,69,97,115,137,187,9984.82124374025,0.999648000032012
"C[1,216,1]",235.3105,0.716265515300145,71.8333337889201,125.975,185,226,274,404,10057.8223408731,0.999689209074494
"C[1,217,1]",217.55375,0.560892293935011,57.0495722389667,125,178,211,250,350,10345.3654849661,0.999805527305064
"C[1,218,1]",218.71575,0.541100417328783,56.1810732459018,127,179,212,252,344,10780.1381150321,0.999763814188848
"C[1,219,1]",118.398125,0.316591813962217,30.9825291272883,69,97,115,136,189,9577.10768965726,0.999594134922809
"C[1,220,1]",118.3765,0.305588036815727,30.4149327019872,69,97,115,137,187,9906.06156675185,0.999720566656699
"C[1,221,1]",118.307,0.303805986685058,30.9346507993465,68,96,114,137,188,10368.0666545181,0.99963276148109
"C[1,222,1]",118.476375,0.313995443661758,31.1754098630939,67,97,115,137,190,9857.74662958329,0.999661261841964
"C[1,223,1]",118.271625,0.291147234061617,30.6345785760951,68,96.75,115,136,188,11071.2965441306,0.999968631676946
"C[1,224,1]",217.779625,0.543628963205866,56.2369174450364,126,177,211,250,347.025,10701.3320791408,0.999899368192598
"C[1,225,1]",218.079375,0.536806309776643,56.4943915503473,126,178,211,251,346.025,11075.8087291135,0.999772970203046
"C[1,226,1]",118.0595,0.300100133637166,30.7408089421343,68,96,115,136,188,10492.9645553685,0.999686523214354
"C[1,227,1]",118.4835,0.296129991564193,30.8133803858218,68.975,97,115,136,188,10827.1437287223,0.99980267208873
"C[1,228,1]",118.798125,0.315439832407041,30.8368324453693,68,97,115,136,191,9556.66704383599,0.999819906883593
"C[1,229,1]",118.319625,0.29180124672977,30.5649593808354,67,97,115,137,187,10971.6857414268,0.999771157817087
"C[1,230,1]",118.4735,0.31197696678148,30.8959158700981,68.975,96,115,137,190,9807.47218506134,0.999710354251049
"C[1,231,1]",217.844125,0.56431667595854,56.3043235470478,129,178,211,251,347,9954.91879948164,0.999979954535282
"C[1,232,1]",217.22675,0.537335745174203,55.1288693287526,127,178,211,250,342,10526.0809727826,0.999871117255781
"C[1,233,1]",118.11925,0.295337465491177,30.7071310191041,68,97,114,136,186,10810.3908684315,0.999742717476512
"C[1,234,1]",118.124625,0.299024113428493,30.4648503524595,69,96,115,136,188,10379.7208884604,0.999710306112146
"C[1,235,1]",118.258,0.308059445523493,30.9529311454232,67,97,115,137,187,10095.6550815142,0.999542573823536
"C[1,236,1]",118.27525,0.314255550187718,30.808491245582,69,96,115,136,189,9611.14098165224,0.999685995514239
"C[1,237,1]",118.28325,0.304789009746442,31.2532056723082,68,96,114,136,189,10514.5462128605,0.99995191137823
"C[1,238,1]",218.33225,0.554208706736641,56.2095948193564,126,178,212,251,347,10286.6560969843,0.999763542877886
"C[1,239,1]",218.369875,0.555933623521605,56.4185071450666,128,179,212,251,348,10299.053112043,0.99989401289311
"C[1,240,1]",118.11875,0.305527258727122,30.6101906463995,69,96,114,136,188,10037.6521655941,0.999623590113483
"C[1,241,1]",118.2805,0.306546058807237,30.8798075619714,68,96,115,137,188,10147.4681458685,0.999674509400174
"C[1,242,1]",117.82475,0.306253454982312,30.6287536884308,67,96,114,136,189,10002.2258556024,0.999692304919109
"C[1,243,1]",118.599375,0.309739385362525,30.7691845431278,69,96,115,137,190,9868.22649163784,0.999615401758615
"C[1,244,1]",118.809375,0.270457689210169,27.5064967422199,73,99,116,136,180,10343.604279536,0.999717617088576
"C[1,245,1]",218.7275,0.520068918447281,51.043804006862,134,182,213,249,333.025,9633.06002357739,0.999943618824886
"C[1,246,1]",219.352875,0.531804785315088,52.385366588041,133,183,214,250,336,9703.21139387318,0.999519148824979
"C[1,247,1]",118.830625,0.291757183458594,27.5252864160105,73,99,116,135,180,8900.62652001783,0.999623931198662
"C[1,248,1]",118.6635,0.279633325135476,27.8920197071746,72,99,116,136,180.025,9949.06052455207,0.99977854113275
"C[1,249,1]",118.65925,0.271229743567709,27.6103817627561,72,99,116,135,179,10362.6348813799,0.999931593345094
"C[1,250,1]",118.353375,0.277069744451557,27.6083054247346,72,99,116,135,180,9928.90358170259,0.999969533300557
"C[1,251,1]",119.124625,0.284985460302785,27.5059705502526,73,100,116,136,181,9315.55084957359,1.00005820974869
"C[1,252,1]",219.396125,0.524312307062964,51.3067442714439,135,183,214,250,335,9575.66204121181,0.999620971993678
"C[1,253,1]",218.235625,0.503518009865145,50.4379926716703,134,182,213,247,333,10034.2650925994,0.999913800858163
"C[1,254,1]",118.861,0.278932349781804,28.0162951351376,71,99,116,136,182,10088.4312036097,1.00004187591799
"C[1,255,1]",118.70625,0.268483378879395,27.1738663666797,74,99,116,135,180,10243.9644124903,0.999702824040812
"C[1,256,1]",118.68025,0.27719520627734,27.2405078072289,73,100,116,135,179,9657.37215474149,1.00030675526699
"C[1,257,1]",118.656625,0.276484519367514,27.27478611931,73,99,116,135,179,9731.52870050577,1.00025107380845
"C[1,258,1]",118.631375,0.283670983665926,27.3463840150615,73,99,116,135,178,9293.30064200681,0.999699939572751
"C[1,259,1]",218.931125,0.522941385032921,52.1599459713087,133,182,214,250,335.025,9948.74364148865,1.00024977269688
"C[1,260,1]",218.739125,0.513282915115675,52.0999003759774,133,182,213,249,334,10302.916216117,0.999961210917581
"C[1,261,1]",118.76525,0.256045521342417,27.6585930075699,73,99,116,136,181,11668.7893578029,0.999816734376298
"C[1,262,1]",118.60225,0.270138009797648,27.4419829411245,73,99,116,135,180,10319.5221645894,0.999685019610401
"C[1,263,1]",118.50325,0.269519130448801,27.5165747263914,73,99,116,135,180,10423.4034977689,1.00011029104504
"C[1,264,1]",118.984375,0.280673393098422,27.938588036031,73,99,116,135,182,9908.46587437871,0.999991685542952
"C[1,265,1]",119.05575,0.281651959885739,27.5496917428651,73,100,116,136,181,9567.70843904746,0.999963420957814
"C[1,266,1]",218.933625,0.539187549360771,51.6359008117507,134.975,182,213,250,335,9171.15018642795,0.99973695426973
"C[1,267,1]",218.60075,0.514639671036355,51.4743630431095,134,182,213,249,335,10004.0404928228,1.00002450210534
"C[1,268,1]",118.551875,0.28548969430936,27.8986711326139,72,98,116,135,182,9549.62161410642,0.999863225618126
"C[1,269,1]",117.928,0.259326148155735,26.6481487439359,73,99,116,134,177,10559.4541517956,1.00080756045339
"C[1,270,1]",118.59975,0.268624850419003,27.3517378722647,72,99,116,135,180,10367.581978129,0.999832772438663
"C[1,271,1]",118.614,0.272778629759936,27.3971363354808,73,99,116,135,179,10087.6418529928,0.999727925099527
"C[1,272,1]",118.69675,0.288907043570186,28.0051883721476,72,99,116,136,181,9396.3835578308,0.999969380710333
"C[1,273,1]",218.21825,0.495813891525725,50.872655919733,135,182,213,248,334,10527.650097173,0.999725205331427
"C[1,274,1]",218.85325,0.515642317886204,51.7196996351854,134,181.75,214,250,337.025,10060.3915588334,0.999878460949309
"C[1,275,1]",234.884125,0.670206171618466,70.0236128836519,128,185,225,274,399,10916.2175855994,0.99977983033666
"C[1,276,1]",118.5265,0.29172637211354,30.0131578887628,69,97,115.5,136,186,10584.5403641234,0.99973887649533
"C[1,277,1]",118.344,0.305572157774329,30.2653706913179,69,97,115,136,188,9809.89667718101,0.999960374278652
"C[1,278,1]",118.394125,0.297141424040761,30.2955156379264,69,97,115,136,188,10395.1388981183,0.999777107621264
"C[1,279,1]",118.119375,0.289024022288115,29.7963563622456,69,97,115,135,186,10628.1686696668,0.999624407829729
"C[1,280,1]",218.135875,0.551136466233337,56.6937027806109,127,178,211,251,349,10581.6002437797,0.999715807256105
"C[1,281,1]",217.9725,0.538681207407781,55.7761339274199,129,178,211,250,346.025,10720.9474362621,0.999737955857497
"C[1,282,1]",118.685875,0.301467280591767,30.8535604632356,69,97,115,136,190,10474.4254448853,0.999849536004938
"C[1,283,1]",118.6855,0.292704784707786,30.8846697020192,70,96,115,136,188,11133.3606794094,0.999843489766219
"C[1,284,1]",118.469625,0.30399967959654,30.2795340722464,69,97,115,136,186,9920.92404215646,0.999709161886154
"C[1,285,1]",118.52825,0.297304853807705,29.9739304479878,69,97,115,136,187,10164.4384723089,1.00008077186762
"C[1,286,1]",118.066875,0.290561291505879,30.1553282308776,69,97,115,136,188,10770.9151712396,0.999823644738345
"C[1,287,1]",218.231125,0.516594502042106,55.8746561813565,129,178,211,250,345,11698.4996911775,0.999630874755118
"C[1,288,1]",218.430875,0.535347164320176,55.6118202907788,127,178,212,252,343,10791.0376585014,0.999696489765759
"C[1,289,1]",118.429375,0.29527441802863,29.9065011654802,70,97,115,136,187,10258.3985824209,0.999750775529303
"E[1,1,1]",167.226868460125,0.361798113769726,36.2981810539695,107.70910447651,141.552209841744,163.00062619989,189.312560407604,249.873352280107,10065.541144538,0.999644740537912
"E[1,2,1]",59.23179946051,0.119272532768034,12.4946736433262,38.7243175777313,50.2486140276726,57.9301073646594,66.7950474260369,87.2188242771811,10974.1009434528,0.999605664171113
"E[1,3,1]",59.2849878130449,0.118435952481364,12.4791107311937,38.6475718713839,50.4590006699259,58.1894348850077,66.7171286871723,87.4663392814275,11101.9728928409,0.999758004243347
"E[1,4,1]",59.2869654003491,0.127573246623416,12.4849967226798,38.6959729430002,50.459946882746,58.0390986052301,66.6035390752429,87.2065125114772,9577.62104042073,0.999627385091389
"E[1,5,1]",59.1875947912242,0.115371880266448,12.3495839186545,38.4512595004687,50.3364050843568,58.0450408773837,66.8180823227953,86.219441201052,11457.8916237316,0.999875722869851
"E[1,6,1]",57.675256069121,0.110544224655187,11.8746312515736,38.0245757279819,49.2495568225505,56.4817437165129,64.8920108809313,83.9077297396273,11538.9993379048,0.999748620489997
"E[1,7,1]",167.64345273724,0.362852876715998,36.6198621122122,106.966024374386,141.52444096836,163.675017049766,189.777373889332,249.619263411698,10185.2634835808,0.999570949438937
"E[1,8,1]",167.39086570772,0.351354456142105,35.9320069182985,108.274112146425,141.600522779361,163.740426631528,188.807939924062,248.035791310203,10458.5630119868,0.99978991933124
"E[1,9,1]",59.3565371027565,0.120346743874897,12.6212598944172,38.9194539897495,50.4126694610858,57.7988154094773,66.7534915972896,88.7388196184894,10998.5828508118,0.999678632113149
"E[1,10,1]",59.2631163450103,0.125374768462332,12.6165250703689,38.1374556437059,50.2686538018525,57.9122891702362,66.6953460456505,87.8841485830062,10126.4966194493,0.999828567852458
"E[1,11,1]",59.3172845763346,0.119840731981685,12.6083219488688,38.2422403781256,50.5028833834061,58.0922940729014,66.707166380703,87.2301676584897,11068.9308327327,0.999775611803113
"E[1,12,1]",59.2750731467831,0.123285097318707,12.7275985380802,38.241547636156,50.3154854290169,57.8315091219523,66.9521663522152,87.9953618650109,10657.9032004212,0.999782779104667
"E[1,13,1]",59.2416009399364,0.120176953412857,12.6304921464529,38.3573700465542,50.2583406738382,57.9624905053407,66.4981551024999,87.7741149102188,11045.8251970243,0.999919653891689
"E[1,14,1]",167.281496316257,0.346331395582026,35.8953330222771,108.070052240532,141.263996684504,163.714921311512,188.919858157707,246.218097246864,10742.1756126219,0.999883719766708
"E[1,15,1]",166.894415661081,0.359356090986781,35.790410721763,108.315788968552,140.736530677974,162.688735272108,189.419483473704,246.723217620755,9919.35295244981,0.999718419557119
"E[1,16,1]",59.2905414954325,0.124460843721944,12.3834169875399,38.7011031084106,50.6288349676378,58.0876208258124,66.5368130715449,87.1680675289649,9899.55135407093,0.999757144931438
"E[1,17,1]",59.1826098465392,0.12163241406382,12.3635673519124,38.378207060684,50.5328415612302,58.0485332559159,66.3848114868051,87.3191846205007,10332.1081958337,0.999755264226784
"E[1,18,1]",59.1764738550908,0.123798389185235,12.3552122143216,38.3408567335565,50.5322341836372,57.9577565507037,66.5539756423364,86.9648712268678,9960.25439439223,0.999534703140199
"E[1,19,1]",59.2896813039958,0.117690327836931,12.4575988329314,38.2320289330789,50.5143084587351,57.9846799999771,66.8092914997688,87.1439884570331,11204.3621428852,0.999703111576632
"E[1,20,1]",59.299133927892,0.126123699615946,12.7010060136278,38.2029119667537,50.1578343316159,58.0855064059974,66.8212202824744,88.2800868386664,10141.0480448093,0.99972025620697
"E[1,21,1]",167.587861660379,0.375469182232566,36.6215353332299,108.132467021163,140.999865733093,163.120618227852,189.83476576975,250.561901062276,9513.15345125383,0.999877612696764
"E[1,22,1]",167.12026390993,0.356482221444172,35.7493474997266,108.439834607269,141.975338845741,163.636654324496,188.457327163641,246.720346223376,10056.8156184314,0.999591438899647
"E[1,23,1]",59.2175309443412,0.119916077043669,12.40970573734,38.6842418912497,50.3769687546282,57.9257271393098,66.5120582534279,87.2169514419539,10709.4740300693,0.999704152711523
"E[1,24,1]",59.1566671270152,0.114351766001359,12.261756085315,38.6874169478434,50.3910336014325,57.9032043355459,66.4689320695462,86.7094845796711,11497.9282283741,0.99976049700177
"E[1,25,1]",59.1751217682851,0.121323025239826,12.4409472428859,38.3229851948536,50.4306423263571,57.9423667697973,66.3910946046864,87.2326916304296,10515.2701486977,0.999709753871168
"E[1,26,1]",59.1773124771943,0.124902998701634,12.5214289493106,38.5615328597456,50.0461363837072,58.1064625900596,66.6888537033026,86.836402341909,10049.9073206505,0.999777780502422
"E[1,27,1]",59.2005640700334,0.118236045029383,12.3362391598511,38.7878146111634,50.638938616476,57.7521678318535,66.5723368345272,87.5173151095798,10885.9358880509,0.999750856350536
"E[1,28,1]",167.052253978848,0.345752540775453,35.7757635534843,107.269600712669,141.461413141783,163.542386231094,188.645625180665,248.568350793747,10706.4886934848,0.999756324047174
"E[1,29,1]",167.478007205918,0.360294065314975,36.5431915769851,107.707923763618,141.189347743234,163.150380564929,189.589250549609,248.91116003657,10287.2366899025,0.99983318867695
"E[1,30,1]",59.2630543742159,0.121957292467115,12.4766548237779,38.3856638282605,50.572964762725,57.8958581843149,66.776780273393,87.1328427317526,10466.0010017743,0.999694752589826
"E[1,31,1]",180.352527907406,0.47588157750707,47.5603113044362,106.041509131474,146.690336807821,174.131397406141,207.373105429941,289.405302473594,9988.30032497846,0.999848241036338
"E[1,32,1]",192.282334772069,0.511025314700552,51.800133180756,111.42737890983,155.817266617901,185.171813328922,221.525048983702,312.155325716524,10274.8839159877,0.999743982570854
"E[1,33,1]",63.0155634446351,0.132490592320144,13.358869730497,40.8971051467827,53.7090868573652,61.5011038539671,70.9029187698746,92.9509518401918,10166.4504034142,0.99983831034159
"E[1,34,1]",63.0553147953356,0.131145359285386,13.1773548517048,41.2322926677131,53.6316256375497,61.7769559326252,71.0053431001828,92.4024101270079,10096.0298946746,0.999761631072659
"E[1,35,1]",177.899776431406,0.379760509586367,38.6537262592909,115.784476546007,150.473927701731,173.179825719102,200.285035749417,266.414139472798,10360.0805117306,0.999743885789544
"E[1,36,1]",178.073704656179,0.378124044805855,38.290343574522,113.882316283037,150.315772634302,174.589322853265,201.628960097522,261.37327165245,10254.3925012558,0.999659314022472
"E[1,37,1]",63.0602660863076,0.135389095908748,13.3988523542354,41.2206249624168,53.6159534375193,61.5648019431747,71.0454534950605,92.6412036491453,9794.17425894914,0.999925593095669
"E[1,38,1]",63.1487055102856,0.131828387602048,13.422327964541,40.6167454522481,53.4579717543148,61.8898841215948,71.1082494294974,93.2376760380672,10366.635104604,0.999734281337768
"E[1,39,1]",62.8841370389988,0.130715148890414,12.9867251022993,41.2268634486073,53.9001045465506,61.6002796266185,70.5713344264039,92.4758988056685,9870.68861042425,0.999603166512028
"E[1,40,1]",63.0286264909357,0.137982279018465,13.4312748431156,40.8967845860886,53.7936470446682,61.4601680076541,70.7294893564476,94.0235021405906,9475.18819549789,0.999597278140709
"E[1,41,1]",63.0310428297262,0.134302730109584,13.2912286234682,41.395596360099,53.5791100496288,61.6416021737498,70.9006411426846,92.4715673366903,9794.010709813,0.999641779147549
"E[1,42,1]",177.878745468265,0.378011851319136,37.8368349529613,114.919996392698,150.700377872444,173.982195577609,200.477289014573,263.963832542423,10018.8706419503,0.999560123167806
"E[1,43,1]",178.311359970318,0.386770674226924,38.9427803450937,114.76351732925,150.541598942319,174.147212459952,201.354729811885,266.661120145442,10137.8727339499,0.999688689868454
"E[1,44,1]",63.0417241186052,0.139666105478913,13.5164460939635,40.9953601825737,53.5447072329921,61.5365377021878,70.8877045255194,93.9033496627101,9365.7591864328,0.999771356362896
"E[1,45,1]",63.0637312281166,0.130775004116536,13.4220443461689,40.9826569712338,53.5070525652166,61.6002614323442,71.0804979268829,93.2598901330196,10533.8675662785,0.999940491469987
"E[1,46,1]",63.0905511962897,0.134303749237267,13.3426020426739,41.3878617140716,53.7214193831796,61.5057027274229,70.6711216950623,93.8618850508024,9869.7191015477,0.999806937746034
"E[1,47,1]",63.0783353822094,0.133290013604447,13.4021722604378,41.1341762080027,53.5079675825648,61.8000983983356,70.6956634339484,93.1772446209693,10110.0933783921,0.999617760429209
"E[1,48,1]",63.0783376890828,0.134290683579421,13.4846600474365,41.0924140970964,53.4200337543438,61.5279437303325,71.3115650988798,92.794866476094,10082.9644368096,1.0003055844163
"E[1,49,1]",178.012952264332,0.38141182029186,38.7091162875335,114.789035841425,150.540665674749,173.830440726085,201.160652895343,265.020644242132,10300.0235379366,0.999813593387309
"E[1,50,1]",177.593582290676,0.394344280701242,37.9622389802402,115.700018791736,150.290047402484,173.486709908764,200.371292201386,262.504855450078,9267.2855424487,1.00009243395715
"E[1,51,1]",63.0070250487027,0.132299388461421,13.2348231651704,40.8940687050079,53.7592168483088,61.63639949551,70.797086383243,93.0668604212033,10007.3850993542,0.999794033653122
"E[1,52,1]",62.9362545676597,0.127830350721129,13.2539864219634,41.1480797966249,53.5630772719408,61.3648991082791,70.9779861556503,92.6531050392722,10750.411337111,0.999714848080131
"E[1,53,1]",58.5861784624008,0.132009944589083,12.3456381587486,38.0170117209176,49.7961814840437,57.3828577993914,65.8154953824477,86.4707289923211,8746.08694640972,0.99991888680722
"E[1,54,1]",63.0629996015381,0.131013849161423,13.2472300088274,40.7630460737099,53.7899342676538,61.5568963333458,70.8357701976978,92.9722876708346,10223.8799486589,0.999766048246277
"E[1,55,1]",63.1172613454783,0.137472039474572,13.4599757427825,41.1429384750136,53.4995319904079,61.7458315332045,71.0899894187343,93.166360008609,9586.49396040459,0.999964807947408
"E[1,56,1]",178.045552024934,0.40104333193245,39.0396408907273,114.882042902639,150.311816963846,173.491876084645,199.76542611795,267.146403986762,9476.08676642863,1.00027454940892
"E[1,57,1]",178.3496553674,0.385786236137771,39.1879278857842,113.890860804602,150.335144779104,174.886501653989,201.165485727142,265.307238052434,10318.3710764736,0.999648064916355
"E[1,58,1]",62.8837109269674,0.135947560671255,13.2976172784333,40.915328319492,53.5311809806361,61.6765533458985,70.7827901827688,92.7721408900225,9567.63986701663,0.999596155572042
"E[1,59,1]",63.0349343499647,0.127616758425591,12.9910209507013,41.5763290989098,53.6010156501728,61.895739066451,71.1647217390886,92.0401840855691,10362.6575955675,0.999730035268413
"E[1,60,1]",63.1623177005359,0.133301200012716,13.2394016904339,41.1030482763214,53.6995848022668,61.8757238082853,71.0232766694798,92.6327066301664,9864.35288131363,0.999737669316128
"E[1,61,1]",63.0406617593109,0.129660315038567,13.2745110250087,41.3744784139885,53.6163636207902,61.7178892067801,70.8472960661615,92.9796817359434,10481.4874847466,0.999746998548673
"E[1,62,1]",63.1408310490782,0.132343494578024,13.5569507282114,41.0571867441906,53.3583463029279,61.6553766800592,71.4082385118275,93.2799065780444,10493.463082707,0.999772430111622
"E[1,63,1]",130.717871359932,0.291504476330618,29.7597269031615,82.396959565187,109.203591055581,127.529986625369,148.309740556351,198.760667098831,10422.3925554077,0.999969902108961
"E[1,64,1]",130.799921897618,0.29206562889717,29.0884533595397,83.0622133332703,110.135593243635,127.912136070025,147.857113055827,195.626035229459,9919.28477389656,0.999918130337199
"E[1,65,1]",46.2277143147056,0.0956400168873711,10.1866116628178,29.1873247288005,39.036208384959,45.1391383097434,52.3230142031574,68.7209922448429,11344.3655426246,0.999943493517108
"E[1,66,1]",46.1504151862607,0.0921292575023,9.81131456719294,29.7680855438106,39.229319794634,45.124930840315,52.1441472537784,68.3846172153115,11341.2065010056,0.999860891633962
"E[1,67,1]",46.046467065127,0.0954868990276612,9.91715309467354,29.7516072796652,39.0406391595587,44.9786599908268,51.9176250767272,68.7838661776892,10786.6467392767,1.00023602631321
"E[1,68,1]",46.1771995135316,0.0935351921283293,10.1073715798201,29.6183721407014,38.9005475892587,45.1200332137921,52.2742454786029,68.4473679183361,11676.8682160717,0.999787797842262
"E[1,69,1]",46.1564212815751,0.0930282237222638,10.1251404483932,29.6743665645966,38.9913356728208,45.0612773650152,52.0036489685774,69.2297566014521,11846.0252772472,0.99981665052147
"E[1,70,1]",140.961426412664,0.359007710498324,38.0362793971576,81.9672158319041,113.964649739331,135.652029422916,162.039062648417,229.83956134159,11225.0557200522,0.999613153023317
"E[1,71,1]",130.378099490378,0.267802239056449,29.2478679460801,82.9905480830714,109.349442734769,127.444170865077,147.645602612936,197.607980477888,11927.7909492919,1.00002146852479
"E[1,72,1]",46.2785359795828,0.096024439091866,10.159369324206,29.7122843990116,39.0066780979968,45.207340960452,52.3583036043377,69.3030969066995,11193.6040113723,0.999711244061643
"E[1,73,1]",46.1821771555065,0.0936606724954563,10.1445696893998,29.5001399663395,39.0931221304791,45.1112849797437,52.1063605354023,69.1970192119394,11731.4776179705,0.999581589999731
"E[1,74,1]",46.218550036367,0.0971373329219569,9.99311164133976,29.3479612642367,39.2071764903672,45.2381264852527,52.271683772892,68.5859849017986,10583.4954799071,0.999748361661384
"E[1,75,1]",46.1423947806194,0.0962523122752592,10.0222460153966,29.6731834186571,39.0106547019122,45.1034747307611,51.919356915254,68.5569090355165,10841.959371306,0.999921481624566
"E[1,76,1]",46.1685546370542,0.0959924576676682,10.0629468117496,29.480725852281,39.1207226876728,45.0663206765004,52.109844043983,68.8807367875668,10989.4544320206,1.00006932215433
"E[1,77,1]",131.065862165198,0.291848985198333,29.7668576537661,82.1334293350082,109.958039536894,127.961220637309,148.046942257393,196.39944785924,10402.784603351,0.99985813836103
"E[1,78,1]",130.569069923417,0.292254572301163,29.404111543046,81.6648503940652,109.717573217356,127.816431344721,147.765513327259,195.653685677805,10122.6330631227,0.999655721180462
"E[1,79,1]",46.1430733297911,0.0928813771766799,9.93931925215003,29.6130353987904,39.1978449490322,45.1163255032102,52.1410475855976,67.9761365921762,11451.3315372697,0.999741419299622
"E[1,80,1]",46.0970134646813,0.0974097066599393,10.0654904478085,29.4303434077583,38.9247451803354,45.0610432145648,52.1965365529896,68.4537659542746,10677.3975006535,0.999859417563499
"E[1,81,1]",46.1798915098572,0.0925930685689737,10.1135655567237,29.3278723613816,39.0914279621384,45.1408093821254,51.9848636693124,68.6771616879591,11930.3073957528,0.99982220655449
"E[1,82,1]",46.3963993957723,0.0931669405390601,10.1855957512062,29.4022374285866,39.188793102206,45.3177627810658,52.5691511257011,69.1934985076021,11952.23719565,0.999739923545069
"E[1,83,1]",46.4118719271474,0.0930928521788666,10.0486810739537,29.5990460867605,39.2783847476817,45.5051660523406,52.1950649862174,69.1481174599397,11651.5969366617,0.9999840740768
"E[1,84,1]",130.438638346604,0.277296473581422,29.2471678702903,81.6588248103988,109.5053543515,127.381015022862,147.820751180292,196.644421877788,11124.4600934183,0.999626725379677
"E[1,85,1]",130.747544653388,0.287812103551026,29.4485204917518,82.6083945694758,109.779943365497,127.415833032364,148.112985573204,198.232195929827,10469.0880801306,0.999614474373405
"E[1,86,1]",46.2706268437691,0.0980556910914443,10.0958687377338,29.5421665875523,39.1394312021792,45.199014428602,52.144144088973,69.2218502223973,10600.8766462287,0.999861116616833
"E[1,87,1]",46.1390636050566,0.0956843051034969,9.9190501461368,29.7659958188262,39.1590693347407,45.1533334535801,52.0241892399471,68.0478686743971,10746.2949742626,0.999651811063066
"E[1,88,1]",46.1774490068699,0.0937750581262143,9.97366570436368,29.5488442417451,39.1498885674615,45.1918377963393,52.227413317999,68.5244987904922,11311.8836895666,0.999835610195893
"E[1,89,1]",46.1964152209614,0.0974592425217177,10.0319322739188,29.8873591357861,39.098450358948,45.0263038952201,52.2089200464869,68.6571994121136,10595.5405983499,0.999862091150937
"E[1,90,1]",47.5768341112046,0.0924504341781372,10.0461350956747,30.784135991346,40.4073534452776,46.7253492544242,53.7311369857817,69.8872531571228,11808.1025961213,0.999768605198018
"E[1,91,1]",123.969050907668,0.249269971142512,24.5924118554005,82.2087753789317,106.674735860908,121.58116896425,139.075863478731,177.3045569314,9733.34954524157,0.999772779673568
"E[1,92,1]",123.450914715032,0.253309783554437,24.5243536935339,82.7344084572329,105.888641269613,121.078450797471,137.954590325986,179.341087430584,9373.27187925034,0.999777414140295
"E[1,93,1]",43.9861109445451,0.0837869151638585,8.59813955726175,29.3710343489078,38.0297636445426,43.2040300006391,49.035382935626,63.0747089768294,10530.6839258463,0.999861403518066
"E[1,94,1]",43.880162821574,0.0881349928813019,8.618014279644,29.2797371481145,37.6303655677069,43.0999409229589,49.1077168282914,62.8950814663308,9561.31598643962,1.0001899658053
"E[1,95,1]",43.8981290486499,0.0839854974557078,8.45451898882949,29.3850328583624,38.1309717972623,43.0246200852692,49.0035643490223,62.5816678087641,10133.7272239517,0.999681123770863
"E[1,96,1]",43.8835451295899,0.0894303263525355,8.62009192787778,29.4239408010302,37.8004016381141,43.0979545772622,49.1064726767775,62.9160628444085,9290.82250948921,1.00034922889207
"E[1,97,1]",43.8803863869823,0.0842591091027941,8.61754825766187,29.5430131282487,37.8669463099037,43.035793206812,49.1012744093565,63.5248079935099,10460.0490831263,0.999932148432999
"E[1,98,1]",123.49958817726,0.244734679972581,24.7739438910997,82.2944348534099,105.965661946465,120.887743257761,138.605770140784,179.093632707887,10247.0597612181,0.999865990609602
"E[1,99,1]",123.933508352785,0.246990554839378,24.7768409175844,81.9477233334149,106.543035852621,121.461300410418,138.757222579949,179.340575262273,10063.0857480601,1.00014425453226
"E[1,100,1]",43.8561044614365,0.0866267449184291,8.60034430292815,29.3800732482204,37.8785715481115,42.9859325468768,48.9766079092206,63.2564438652107,9856.61253221845,1.00001576182122
"E[1,101,1]",43.9257284311019,0.082179419485862,8.54019551460822,29.3770236600293,37.9155096923595,43.0642178754246,49.0618147822673,62.5931894169729,10799.6452139653,1.00019333031895
"E[1,102,1]",43.86115253085,0.0887321827562396,8.57085761635126,29.494552181282,37.8014291325158,43.0716868659665,48.9085614616035,62.8214865043338,9330.09854508271,0.999856355575215
"E[1,103,1]",43.8180045811083,0.0817151989589967,8.63287587007849,29.228604901931,37.6996711149443,42.9994707536814,49.1142212064055,62.8823816064467,11161.0565290965,1.0001899301673
"E[1,104,1]",43.8932581807381,0.0840355001837888,8.55148877721599,29.6662274958165,37.6761749231163,43.0668389048601,49.0383563971932,62.8961848947151,10355.1854607106,1.00002749475964
"E[1,105,1]",124.239704963748,0.251701217802262,25.0922458345229,81.928928548745,106.339159842737,121.972339361118,139.838581044406,179.423645680687,9938.21605399438,1.00007861976228
"E[1,106,1]",123.794170016687,0.242530792824391,24.6679679160794,82.2453055704075,106.219305977729,121.360667738151,138.552095043459,177.556900386219,10345.0591188693,0.999808471373629
"E[1,107,1]",43.9886649553521,0.0821368873990276,8.63297570698599,29.4107795123736,37.8087755475515,43.1755057085656,49.2243752387649,63.1781629214319,11047.0051228343,0.999827816378969
"E[1,108,1]",43.9906653943904,0.0835109159564079,8.68774058056044,29.4523433847608,37.7438603534577,43.2049364822164,49.3034321350709,63.2112971116045,10822.4900266093,1.0004083061978
"E[1,109,1]",43.8622122508942,0.0857789305181349,8.63510287148915,29.3046062556926,37.7048622275557,43.0438829380775,49.0663573459995,63.367466503875,10133.8337941832,0.999981118702176
"E[1,110,1]",43.8983929821817,0.0849717448471781,8.5387802468462,29.3305956150048,37.8386171631827,43.2499732166852,49.2320434660008,62.571474706439,10098.1682132396,1.00010952666085
"E[1,111,1]",43.8573628642447,0.082125543701629,8.38024328730723,29.5854640382726,37.9635617991186,43.0250831855455,48.8496770727252,62.423048119285,10412.5413276478,1.00000845316348
"E[1,112,1]",123.832700831092,0.2508257482146,25.073500456797,80.975890820042,106.358412652399,121.257727141288,138.851086794094,179.437025395537,9992.76571622538,0.999782381891568
"E[1,113,1]",124.096984798181,0.238458799346239,24.3329249917839,82.7628679246386,107.028425246338,121.943960278988,138.413428478805,179.447664781205,10412.6657806338,1.00035802244842
"E[1,114,1]",43.8910234428095,0.0882737652901004,8.67523225465298,29.3496030982646,37.7673405505159,43.1214858999726,48.9492637621284,63.4067860717737,9658.26056628419,1.0001475633548
"E[1,115,1]",43.7858257668019,0.0814104509647699,8.44329347831094,29.5025238766636,37.7372715672653,43.0595802834117,48.9272562728857,62.3475911382804,10756.3134414959,1.00005231771755
"E[1,116,1]",43.907836900491,0.0926020410356971,8.6364732206864,29.467435842937,37.8853289031607,43.0153410498621,49.0465447120419,63.3856478185841,8698.2471485638,1.00023080028672
"E[1,117,1]",43.9088716998001,0.0880141805069635,8.77504705706738,29.2781009881305,37.6721829415545,42.9991243513133,49.2573766257622,63.1493175917129,9940.16535332193,0.999721737932655
"E[1,118,1]",43.8446601063079,0.0852964311109082,8.61387673302601,29.2497652559984,37.7899577754676,43.0429685842367,49.0081879353733,63.369747234487,10198.4831982077,0.999776619624183
"E[1,119,1]",124.060872536508,0.258642995592676,24.8197166261035,82.9516305012404,106.728456857171,121.470288661289,138.6331182969,179.197616694241,9208.57000922316,0.999861712115787
"E[1,120,1]",123.562171416308,0.240660302643286,24.6045130737693,81.7125213469007,106.085288102783,121.065344827487,138.692443372155,178.246982245679,10452.5109792563,0.999966604945203
"E[1,121,1]",43.8868829343041,0.0849081130594363,8.60993699622605,29.4460972025473,37.8775788942076,43.0311777835307,48.8218586193438,63.4086926469021,10282.5674718823,0.99970288127005
"E[1,122,1]",88.8957436813893,0.171534117127307,17.9211513202079,58.6845771550364,76.1504607978265,87.2961943540643,99.8938979014637,127.96444937188,10915.1772008819,0.999874669647362
"E[1,123,1]",88.894395113285,0.175737943061944,17.6387261627329,59.0131777914239,76.2984657267078,87.2648380043621,99.6206989584816,127.322643013194,10074.032745449,1.00121424282649
"E[1,124,1]",88.7994451455742,0.18260320799894,17.7044785953555,59.181103524395,76.2354281987736,86.8954152739103,99.343620646998,128.936517516786,9400.46801803292,0.999828825077
"E[1,125,1]",88.7920576641451,0.178067123345508,17.5201292314892,59.2294448134766,76.4628847420238,86.9786682791707,98.9245040764789,128.583612297915,9680.70809658282,1.00009758773195
"E[1,126,1]",250.784775643529,0.528619574208222,52.8353807020014,163.194253360381,213.653107040395,245.403076339232,282.685641358245,365.394272965619,9989.9473877618,0.999722712979768
"E[1,127,1]",251.223196980154,0.513922508292372,51.3693540913897,165.332614748398,214.633485372113,246.709587425319,282.127603480368,366.192357946579,9991.09140506677,0.999960657889944
"E[1,128,1]",88.8474808777915,0.17126112173632,17.6675093894953,59.3775698131627,76.4411391667052,87.1047673688819,99.6125635673882,126.824222244946,10642.2410858179,0.999738145103269
"E[1,129,1]",88.9738727128287,0.166100323234972,17.5247037102488,59.2347874836862,76.4420861746166,87.2674017789826,100.072778222519,127.625617875214,11131.6723032959,0.99995960859232
"E[1,130,1]",88.5742650770903,0.17885349138969,17.5416510952114,59.2025675400774,76.1348593610724,86.9475884461788,99.5141109111403,127.771748876096,9619.35809726624,1.00043640478353
"E[1,131,1]",88.8749492969326,0.175370796797236,17.5264132950497,59.4916596874227,76.39441984364,87.027381641643,99.1681527462158,129.353310299698,9987.83931975009,0.999879641932762
"E[1,132,1]",88.6256570589379,0.174944000256594,17.5212482413648,59.0901449802045,75.9942839161523,87.0458783045036,99.1281539560403,127.768445218481,10030.7170492349,1.00010066756476
"E[1,133,1]",250.336951385024,0.519647574710004,51.1890864863828,164.906373944834,213.653939864783,245.156774423348,281.771064822573,364.202917798035,9703.69078830956,0.99979337136877
"E[1,134,1]",251.146610025028,0.514564196956733,52.9097062470582,163.100701919337,213.618757342937,245.83376962813,283.79274303316,368.326048384421,10572.8378254635,0.999995546560361
"E[1,135,1]",88.8128551526282,0.177922166630686,17.7445148748024,59.1051588298272,76.2548099761393,87.2170420146794,99.8170598710142,127.989340702011,9946.45091865218,1.00021053279295
"E[1,136,1]",88.7301995868524,0.173872488332787,17.503783919262,58.9477500938857,76.2820509278498,86.9946710246397,99.5846219274802,127.009740272753,10134.4958198134,1.00019972710399
"E[1,137,1]",88.9309658890152,0.17987870776674,17.8410156237415,59.3224669899184,76.4298868921506,87.2451720987766,99.3389715157521,129.095416663464,9837.38410940147,0.999854160367645
"E[1,138,1]",88.7034411846074,0.176473251269889,17.8626930550937,58.542619318296,76.2484401681417,86.8206193990558,99.3843596769935,128.636084714879,10245.5693443324,1.00032379395551
"E[1,139,1]",88.8156785179722,0.16719446484174,17.6074384618087,59.3330445389166,76.2436944100227,87.0475621138217,99.6392628569662,128.342370166752,11090.434655635,0.999756517041629
"E[1,140,1]",250.765511132121,0.530059227188995,52.6837952029179,163.563280340048,212.589325866521,245.735398144428,282.123447404943,370.811231261238,9878.82535268732,0.999888346332128
"E[1,141,1]",250.912445033014,0.511969714160277,52.0548224990593,164.851536214195,214.731717093405,245.231789551691,281.364379583448,368.011729212442,10337.9255024233,1.00007772243585
"E[1,142,1]",88.7474006052845,0.177298126472393,17.3239859239241,59.839907368471,76.5181196206549,87.0991404513609,99.0018848271774,127.525222139464,9547.44909731082,1.00011824856785
"E[1,143,1]",88.918487858176,0.17361899489781,17.8094281848694,58.9547043255479,76.1850888731985,87.2673605631503,99.6854819236763,128.372541995379,10522.1739166289,1.00041210586619
"E[1,144,1]",88.5085975422494,0.171125485267916,17.3050943534282,59.5788107899241,76.4150968530738,86.7890665826021,98.9233800141166,126.857815120244,10226.3006745575,0.999990823013121
"E[1,145,1]",88.6390271728119,0.176731534448829,17.4015625889908,59.0141626456312,76.292395182021,87.1417601032115,98.9284117184572,127.63045375199,9695.01308217526,1.00022562669085
"E[1,146,1]",88.8070146614862,0.176659146782701,17.555300469337,58.8276391338844,76.5888741571355,87.1618428756074,99.2718322564574,128.4525055994,9875.16309415752,0.999818212448837
"E[1,147,1]",251.002318301714,0.502048247687299,51.987807508574,164.419560166295,213.68203267532,246.196092598359,281.927454214572,366.86705761075,10722.895986711,1.00005771803748
"E[1,148,1]",250.514880694592,0.50963925545713,50.6731976594838,165.554967924383,214.227636849775,245.92371379371,281.408420736099,363.145885687742,9886.23378493355,1.00009932763002
"E[1,149,1]",88.9975230199687,0.178724285081887,17.7490850619213,59.3098718527441,76.4732045714393,87.4297993240256,99.4766996258966,128.876861143278,9862.44977331789,0.999700468132724
"E[1,150,1]",88.8239352921961,0.178594133794323,17.5878260758043,59.4385151779342,76.49125028738,87.1315117383347,99.1232953639933,128.212507443044,9698.17340593637,1.00007350374332
"E[1,151,1]",88.6317366328845,0.170127584381415,17.5384714545058,59.347560901802,76.0281262518352,86.8909064764729,99.1905478414598,127.003851394787,10627.5708605153,1.00002224230462
"E[1,152,1]",75.8571897948353,0.145223287235128,15.1342017844478,50.683213068436,64.9490567505617,74.2715434734428,84.7889330682474,109.047349529995,10860.4173289305,1.00019721003072
"E[1,153,1]",75.9495234609716,0.146432791527177,15.1370202463357,50.7557654913403,65.1483106508573,74.5372737968903,85.0973127233666,109.342149608128,10685.7276334633,0.9998189525288
"E[1,154,1]",214.213588171814,0.420346333934283,43.6994887633975,140.80694659719,183.185723582994,210.251399742832,241.559865608705,307.957320398865,10807.8220225386,1.00013132557564
"E[1,155,1]",213.965688232812,0.425582946170871,43.8324952298459,142.123755805575,182.100488148828,209.409065343965,241.337458274245,311.631034723171,10607.7665876835,1.00002725579555
"E[1,156,1]",75.8753225237536,0.137392007109988,14.9147281706241,50.5921754288774,65.3597999751703,74.3545624468673,84.8395351107755,109.226675466496,11784.4074222755,0.999849620424423
"E[1,157,1]",76.0769136151937,0.141107729484779,14.8004257879312,50.6846158538649,65.8537702204166,74.5761129048845,84.7761444200503,108.709072509648,11001.3710232388,1.00006526378665
"E[1,158,1]",75.8149947711587,0.141970523655055,14.9108462431826,50.7518645115723,65.3580700058312,74.4151015395809,84.4345794610343,109.747152528147,11030.8306038945,0.999735957029075
"E[1,159,1]",75.8355702492619,0.142890801471685,14.8698161196017,51.1200471989988,65.33920981678,74.3322622110871,84.9065702680583,109.103292985746,10829.3565230287,0.999795694330619
"E[1,160,1]",75.9228542818534,0.145262710764219,14.9858282355868,50.9031879120943,65.363721890863,74.4566236201646,84.9207854429504,109.30926532991,10642.734113765,0.999817319243598
"E[1,161,1]",214.337095633187,0.412382559455503,43.0916829649354,140.961299567251,183.742596677166,210.59080901139,240.513484759516,309.903511469143,10919.0871541453,0.999851418124528
"E[1,162,1]",214.249756788528,0.43218894900972,43.6635644418671,141.856603733959,183.60440334117,209.72075226914,239.793014234577,314.158339620125,10206.8341148623,1.00013409993014
"E[1,163,1]",75.99265290663,0.142933614988325,15.2749630417248,50.8018960015627,65.1325046122859,74.4984098936839,85.0764810612561,110.525482183036,11420.669946184,0.999873070318471
"E[1,164,1]",76.0204187942455,0.149581065948396,15.2579392702751,50.4684266502885,65.1703959707007,74.5113048900551,85.2328163725707,109.96897445923,10404.9145133907,0.99970475282242
"E[1,165,1]",75.9579563831868,0.145381192069321,14.7630817812135,50.6161767518827,65.726932733443,74.4240147746905,84.8808173047831,109.509348879573,10311.874052355,0.999752485678026
"E[1,166,1]",75.724914081662,0.143701024298536,14.8877487692997,50.3898690986482,65.3432186489288,74.191240074102,84.6062418960948,109.115533320097,10733.42523129,0.999906171394789
"E[1,167,1]",76.169894767951,0.146375785394176,15.1495804924388,50.9290013129576,65.3202520054403,74.6496643463806,85.5368719451497,109.74955797373,10711.8069515002,1.00002514143792
"E[1,168,1]",214.396504019421,0.423610517518509,44.2601618549774,140.578441007905,182.62660479044,209.976082791907,241.647950437216,314.529356363181,10916.728935581,0.999927498502067
"E[1,169,1]",214.781348347318,0.428910273744731,44.1424133676745,140.860841264826,183.17481001095,210.604002235721,241.408667666584,311.753493687026,10592.0311317065,0.999944237812297
"E[1,170,1]",75.8376820355092,0.149103797980064,15.277609217566,50.8797618690558,65.2008980692987,74.0408541807396,84.8419602864292,110.648323450973,10498.6481792097,0.99970658662454
"E[1,171,1]",75.8981962211593,0.149773166955982,15.259918825232,50.6265788686407,64.97687390623,74.3988633710078,85.0045834715624,110.320038240632,10380.9337805715,1.000349133473
"E[1,172,1]",75.8897558091655,0.142114771873543,14.9414064148636,50.5785579027892,65.344125982569,74.373718487686,85.0779961249473,109.474072874309,11053.6195683027,0.999823740947508
"E[1,173,1]",75.975802677397,0.145899112114613,15.1208171718048,51.0527869366403,65.1326368948961,74.5189136837411,84.8427423680049,109.094310912809,10741.0126162379,0.999756971482329
"E[1,174,1]",75.9196467791918,0.14788699091967,14.9723135445819,50.5042986505376,65.196302638648,74.4783467223056,85.0588673279725,108.533646723749,10249.8587838629,0.999697668974256
"E[1,175,1]",231.729287119359,0.578986381414837,59.3188845957973,138.625903870444,189.658768794713,223.882909617957,266.06747907959,367.333594075319,10496.6146823694,0.999701723436306
"E[1,176,1]",230.570613118884,0.567897964478005,58.5730245256117,138.091640216228,188.598701787457,223.098143976333,263.315620522446,366.373102794323,10637.869941046,0.999804511553364
"E[1,177,1]",231.352889860407,0.584142144145259,58.3697871358785,138.502722373879,189.804121448358,223.902490864343,264.860430330973,365.123126136534,9984.79466534751,1.00003579114841
"E[1,178,1]",75.8798786778078,0.139721301122637,14.9630936868616,50.5101490727878,64.9984420917583,74.5295925543699,85.0432354361018,109.54078008847,11468.7886045054,0.999838106459979
"E[1,179,1]",76.0390635179126,0.14591515409075,15.2905967189937,50.3523104420104,64.9756604684308,74.5425395471121,85.5253178918411,109.620774171084,10981.1562759704,1.00006396493
"E[1,180,1]",75.8804449417926,0.14751914319738,15.0339601378622,50.4792216922325,65.3611185857164,74.4145175795887,84.8601941655553,109.997919282824,10386.0408444436,0.999877579234763
"E[1,181,1]",75.8442405891038,0.142275162893173,14.948252109264,51.0048259077446,65.2296668359456,74.112071283687,85.1560915034882,109.024764241227,11038.8198184947,0.999926285994181
"E[1,182,1]",214.551036218116,0.449457582575144,43.8392948138477,140.888744714653,183.742450253524,210.459327760215,240.510499566152,312.524129948864,9513.70533470846,0.999922064196936
"E[1,183,1]",208.110101219911,0.451442656737808,45.7131832587192,133.018512796384,175.53238227286,203.21712739937,234.934912225686,311.977056346723,10253.632387753,0.999814567312204
"E[1,184,1]",73.6563285110844,0.151889946174884,15.8225868901948,47.6493900738512,62.4456902017191,71.734320519872,83.1407161180285,109.712450761188,10851.6785907299,1.00027067600632
"E[1,185,1]",73.6974831123224,0.151483430696868,16.0769392031778,47.2911849792105,62.3717211582109,71.9954569058409,83.2095393818477,110.137989921269,11263.5806879164,0.999752739406297
"E[1,186,1]",73.6273536852939,0.148183460569941,15.6142581346027,47.4703921601307,62.3983602964142,72.0598587565298,82.8225017595859,109.182342547351,11103.0742510697,0.999844173270834
"E[1,187,1]",73.7802057148917,0.151970737957009,16.0846193407553,47.6039504234252,62.1639435099176,71.9938409782233,83.5168327959811,110.237120275673,11202.156350896,0.999732862020461
"E[1,188,1]",73.5418057792911,0.158917804484957,15.8922164502107,47.1385827292101,62.3633159817357,71.9629566790566,82.6965324914313,109.96219024783,10000.5487210164,1.00020811036838
"E[1,189,1]",207.580658577071,0.45782223105833,45.5710589685634,133.310129410582,175.616889585201,202.468565756655,233.698437523664,312.720438494144,9907.96552007796,1.00003295714574
"E[1,190,1]",207.509338220083,0.439842600184646,45.5029890364276,132.435329388938,175.360817658021,202.431074304388,234.985443876138,309.774871818677,10702.5008737602,0.999944515605281
"E[1,191,1]",73.7230937192862,0.155626469917484,15.9837502460796,47.055176694459,62.5469373410237,72.0577920246147,83.1288202533025,109.749327699219,10548.4934334189,0.999708425175956
"E[1,192,1]",73.5984237244851,0.15717744510469,15.8756033941801,47.8652887744119,62.1473297298556,71.6631483036642,83.1031720958005,109.080670039764,10201.8757843897,0.999971446835838
"E[1,193,1]",73.6062525037349,0.160574078709423,16.0832302534139,47.350306291632,62.237562343222,71.6602345379109,83.2266639217158,109.925695568763,10032.1884398026,1.00025422642573
"E[1,194,1]",73.5681290298107,0.156555384473333,15.5733401514601,47.7167417797179,62.3792269527103,72.1379053307006,82.9575541035546,108.193215032484,9895.26708649026,0.99974214783857
"E[1,195,1]",73.478196994766,0.159699345478837,15.6784286257937,47.606530329047,62.2551628361511,71.9521452142985,82.8459279644496,108.800394535546,9638.26347413623,1.00017499506547
"E[1,196,1]",207.715739283806,0.451921267202863,45.3334877692996,132.716370881093,175.753958468199,202.88492286296,233.940277560822,309.25047899595,10062.6578778601,1.00011860384571
"E[1,197,1]",225.366603600459,0.634190919120684,61.9703916010427,129.807709828189,181.129338388493,217.212067045286,260.451788442348,371.205393451888,9548.35248133715,0.999962726531491
"E[1,198,1]",73.8545938006988,0.15934448557851,16.1626981843263,47.1556498900149,62.2619804285547,72.134475436193,83.554531446605,109.87038355469,10288.5376074439,0.999932659742219
"E[1,199,1]",73.5964669976033,0.15899239248533,15.7584877105603,47.7831682519699,62.5667446917997,71.8757230834848,82.9267919260104,109.379914261856,9823.72927572787,1.0002975897867
"E[1,200,1]",73.6163315666833,0.157798361357329,15.8792545325923,48.061702545932,62.4626982906898,71.7423676438805,83.0252169117921,109.152617784497,10126.403824545,0.999691812906235
"E[1,201,1]",225.223145795741,0.625519870782273,61.5803269750962,131.48139309849,181.301393404375,217.394863863251,260.073378641613,367.004681057552,9691.74012253861,0.999812649374199
"E[1,202,1]",73.7662234241588,0.152752422151102,16.1393587423092,46.7998821765892,62.2034370744146,72.1328771271625,83.3906354469694,109.84343108617,11163.3962193756,1.00008861777062
"E[1,203,1]",208.237169161134,0.433044224541804,44.9112116415411,136.35340187799,175.876148844885,203.153237292011,235.023843079744,308.946071277306,10755.8575562706,1.0000815106493
"E[1,204,1]",208.116067184643,0.443228960132865,45.1285767072459,133.134262871517,176.607376589645,203.47059987335,233.984029710907,309.878462320866,10366.8547901288,1.00005773992397
"E[1,205,1]",73.6566968829653,0.157676832672273,15.7847639563217,47.8565794557601,62.376755098723,71.7881226832286,82.9721461126021,109.294084747413,10021.6771739011,1.00018040693228
"E[1,206,1]",73.7215474237205,0.15405953990257,15.9707051483723,46.8709198564191,62.5014093733206,72.1152469781647,83.0376791633763,109.841881319126,10746.5976815167,0.999681819518106
"E[1,207,1]",73.6794847332833,0.153716609719596,15.8936171681054,47.0439481549562,62.6405370043029,72.0300057508713,82.8826868760285,110.065291540468,10690.6448207441,1.00045478863001
"E[1,208,1]",73.8982374990033,0.157072790825085,15.8472693843559,47.4556822693544,62.797733349133,72.2374268346467,83.231667809679,109.906369923781,10179.0432693327,1.00011531622901
"E[1,209,1]",73.7375064375295,0.156060757065728,15.864320043246,47.9122210270453,62.3880702794586,72.0074031069882,83.1729215495519,109.025286370012,10333.6918438784,1.0000444083823
"E[1,210,1]",208.102019651205,0.435268632638406,45.7122842299611,132.039257601748,175.834085612335,203.698546896439,234.99446611217,311.232292368361,11029.3801179211,0.999934636914117
"E[1,211,1]",208.434931110238,0.464836325201744,46.5869056064929,132.835316391005,175.098687387708,203.005499873623,235.870291000328,314.256806128806,10044.4835319726,0.999948477062162
"E[1,212,1]",73.772215072142,0.153884764566688,15.7766380016323,47.6995192685355,62.6112926738263,71.8975847132513,83.4531690951905,109.054736500334,10510.8459858956,1.0003968170347
"E[1,213,1]",113.42047519628,0.218951782413568,23.8354941732739,74.4314073200491,96.4563977966727,111.034217495741,127.124455275233,168.776326540185,11850.9004751331,0.999833659876883
"E[1,214,1]",113.20056448509,0.22304093007516,23.1507454787359,74.7775874880317,96.7643026174415,111.100999359626,127.265133858722,164.272087163024,10773.5994716001,0.999603678043056
"E[1,215,1]",113.539394788256,0.226756137734305,23.3765379855269,75.0928901103818,97.0148903723848,111.208035058,127.204976452042,165.65500919474,10627.7733668616,0.99970418065089
"E[1,216,1]",345.185827212948,0.90344775321312,91.5785287048079,202.540955746178,280.690088767358,333.308255882459,396.049383319482,555.506288991223,10274.9860149013,0.999612304016234
"E[1,217,1]",319.272816996162,0.669604599995303,67.7579457344778,206.222481156182,271.950162203688,312.035210298258,359.839474702691,472.420466997763,10239.6144480025,0.999862918843453
"E[1,218,1]",320.774768397812,0.651080262090397,68.2278362092305,206.811136290343,272.997823824836,313.976048185481,361.742334112618,470.877975198169,10981.3096301334,0.999728135660701
"E[1,219,1]",113.332127179231,0.236075274157907,23.5355426890309,74.4283665720156,96.579573995966,110.781294288371,126.842989298891,167.211911594591,9939.10842369719,0.999690513745319
"E[1,220,1]",113.523648519358,0.225238953684581,23.1425366639973,75.6784240005177,97.0154955050546,111.020543050396,127.402254484165,164.917708746227,10556.8637981935,0.999836316132831
"E[1,221,1]",113.253043856878,0.234800656559189,23.2199758186942,75.1032568158987,96.6987226915883,111.027821419812,126.968035571537,165.02583736396,9779.68603062489,0.999926163382278
"E[1,222,1]",113.220933424478,0.237095771038551,23.6045794272113,74.5703607949105,96.6400384030967,110.745924848155,127.075896763975,167.035490990966,9911.62627195728,0.99966547275604
"E[1,223,1]",113.067638456301,0.21485181627418,23.0852918844099,75.0238986492775,96.8674738935229,110.72887268213,126.147714062304,165.093271725816,11544.9666118125,0.999838872619263
"E[1,224,1]",319.514961832918,0.662024415510292,67.1037341407096,208.112615237261,272.075110770347,312.259921671779,359.837905743059,470.14619600663,10274.1372531014,0.999715987596598
"E[1,225,1]",319.987121895493,0.648631366590868,67.1813345408126,208.124727199083,272.927177113535,312.808760693217,359.492792959426,471.92884047711,10727.5700835904,0.999819148940653
"E[1,226,1]",113.065041784574,0.222206229658143,23.3341062988828,74.5275321463986,96.7071216442869,110.634318486877,127.12229207296,165.198071486117,11027.3176031811,0.999815549644884
"E[1,227,1]",113.411214058666,0.231762179436945,23.5248787483016,74.4699161199383,96.9525882322066,110.764258389397,127.021021293393,166.791106090458,10303.1412764136,1.00008212407604
"E[1,228,1]",113.670708408177,0.227822739690844,23.332655253235,75.5428246949149,97.2955736520304,110.968223199139,127.622901389905,166.385190634869,10489.0024817679,0.999715564105709
"E[1,229,1]",113.237934681129,0.218016961157284,23.0473913243934,74.2379851630151,97.1389501066805,110.873786635969,127.423300847501,164.761845744917,11175.3977118306,0.999572681204905
"E[1,230,1]",113.407428787815,0.230079412102154,23.3068204836873,75.8083198087298,96.8082501602204,111.151592633175,127.367024126174,165.670288964079,10261.4927875,0.999748389756484
"E[1,231,1]",320.057303077393,0.689988341245716,67.7819740991975,207.216171808307,271.184187398733,313.030948516517,360.768386520323,470.449705872276,9650.39125687526,0.99992417688836
"E[1,232,1]",319.389801843032,0.661536969977473,67.2774681828798,209.585542893619,270.933306417373,312.677874264492,360.288084928235,469.192787077102,10342.6312187681,0.999956771207595
"E[1,233,1]",113.157344241994,0.228410560527575,23.2775385359404,74.6228475215963,96.6695351696327,110.970740689796,127.432735983544,165.255333161276,10385.842910072,0.99983312286725
"E[1,234,1]",113.0246585082,0.216802168980992,22.8946964436927,74.5068895019285,97.0308130899688,110.777983624268,126.822526912425,163.156357079266,11151.7373920933,0.999633398964465
"E[1,235,1]",113.325411521598,0.223807178169672,23.7688765779734,74.4035903759455,96.798075526793,111.001444322123,127.385115272557,167.177540174221,11278.9660127186,0.999740154652101
"E[1,236,1]",113.357475470275,0.23146174511349,23.4988724571079,75.1376040143258,96.7379097343655,110.703790056074,127.898749971469,165.275861129076,10307.0789299207,0.999638233263363
"E[1,237,1]",113.111870697506,0.220747673778236,23.6163390475357,73.8421969764919,96.2312237320839,110.345005647471,127.619000214665,166.000206048784,11445.4501675725,0.999935455017519
"E[1,238,1]",320.29444130077,0.657710376477394,67.1828047327675,209.627735497033,272.341092793281,313.689732895897,361.013141437501,471.578022319015,10433.9049034001,0.999727416347937
"E[1,239,1]",320.546432914241,0.650554799905946,67.7694597174643,208.616245619746,273.417214907578,313.204233024527,360.406359198097,473.116275536551,10851.7623820571,0.999832632252065
"E[1,240,1]",113.176840062198,0.225491958696775,23.2254805667153,74.867939205929,96.6739869957971,110.794236710812,127.085389915864,165.048011524926,10608.8253475514,0.999592144470687
"E[1,241,1]",113.276672009906,0.230030901453644,23.5165189456189,74.5850751195168,96.9729440809972,110.8377018704,126.87691571985,165.287583511503,10451.3816713036,0.999588754841276
"E[1,242,1]",113.054429346233,0.234321475082279,23.3509003273346,74.959295275079,96.3591900205203,110.439079590801,127.264695263954,164.470460226402,9930.77345972109,0.99961537407983
"E[1,243,1]",113.498322204958,0.235600779546517,23.6316281359826,74.9296225797606,96.5260517413519,110.905934904112,127.484870911265,167.659818952885,10060.8307219724,0.999688680902982
"E[1,244,1]",117.340732062618,0.216608958649368,22.8600158515303,78.9501070548511,100.91975675242,115.190970308478,130.786938897555,168.31224055318,11137.8207830299,0.999676643970753
"E[1,245,1]",330.270939078816,0.665213645971279,66.8723254223525,216.944041244582,282.636542293458,323.946264796004,369.99407960169,479.752491605239,10105.7965802306,0.999729697925479
"E[1,246,1]",331.538569636117,0.683865164745781,68.9001806994376,216.508938804632,281.973390851034,325.093332295865,373.545383664988,485.23670451377,10150.7880110386,0.999623501699933
"E[1,247,1]",117.24288382184,0.236624407468931,23.1096037358477,78.554791563094,101.023637433086,114.835647963953,131.199882941596,169.078092713135,9538.18888078246,0.999821495628563
"E[1,248,1]",117.116119301314,0.220912163450012,23.2603364931726,78.8469237591785,100.486770116765,114.540231877293,131.179557386699,169.977761111288,11086.4557663495,0.999790913319968
"E[1,249,1]",117.156243300019,0.224572159210025,23.1380649591241,78.9686589153993,100.507877121028,114.781238276331,131.147508858163,168.90932336402,10615.5437051559,0.999850167437635
"E[1,250,1]",117.000833813434,0.226035040020612,23.1708046629737,78.6650563992365,100.316153382521,114.83225422843,130.897800944198,168.600298164625,10508.2572071307,1.00006160250205
"E[1,251,1]",117.51151476658,0.231764640933006,22.8058254684428,79.171712471357,101.359380798621,115.182983288969,131.442104505276,169.615444651892,9682.71692174688,1.00010581737187
"E[1,252,1]",331.262044045156,0.680872464580199,67.380427469747,219.304024511449,283.449869490394,324.894560290552,371.998709056228,482.078982565739,9793.45611594755,0.999553175333206
"E[1,253,1]",329.671289475107,0.656110935252479,66.1512387769587,219.156116777699,283.283075813947,322.843619656649,368.44113144231,478.6150495315,10165.3283319581,1.00000855064646
"E[1,254,1]",117.265745976119,0.234060969476525,23.433873051528,77.6253435466297,100.801121355911,114.896080613786,131.160201876413,169.862104954744,10023.7481583892,0.999948985019034
"E[1,255,1]",116.974310699694,0.217807524350536,22.2510387284311,80.0920984065421,101.304926422072,114.925006929687,130.276409657315,165.527082179428,10436.4986614038,0.999657530151261
"E[1,256,1]",117.190910849176,0.222400414901265,22.8575686534856,78.704710542989,101.148744357125,114.944534708598,130.602767358926,167.874632442731,10563.0389084094,1.00002749797327
"E[1,257,1]",117.166691746088,0.225657467026318,22.8275238603321,79.0741821757365,100.860859433217,114.701931438771,130.987637485698,168.150296437265,10233.3585967846,1.00016469132383
"E[1,258,1]",117.132395263347,0.2302978402344,22.8175382193607,79.2518892723444,100.982235672616,114.946541024097,130.639403124261,166.54705252804,9816.52649462491,0.99998649187034
"E[1,259,1]",330.77779849096,0.680642065620444,68.1175046961942,217.987188538621,282.917920806663,323.521093049741,370.841253510397,484.179327461594,10015.6672661224,1.00001049415668
"E[1,260,1]",330.664714819641,0.660851156778627,68.0558698009767,216.978648554439,282.624815443408,323.559141702524,371.108531097243,481.011893507575,10605.3222356076,0.999627488235208
"E[1,261,1]",117.040174326448,0.203934456426613,23.0376193733687,78.4733632203079,100.64077032077,114.700970028028,131.302151440714,167.444204198224,12761.2723635645,0.999744751277178
"E[1,262,1]",117.067746416748,0.22090270928102,23.0680546527575,78.9464033665905,100.887356648916,114.640849553354,130.78553291356,168.748909757164,10904.8540817433,0.99960131858242
"E[1,263,1]",117.017163507286,0.224944855586341,22.9318799923668,78.6540946333039,101.089472409722,115.089328597892,130.639511412839,168.035221928385,10392.671256779,1.0001028491256
"E[1,264,1]",117.417478380677,0.227797551494044,23.4222666212428,78.9169688579891,100.929406117343,114.763032241881,131.709217785084,169.432438458632,10572.0628735094,0.999911240876337
"E[1,265,1]",117.23753048832,0.221751183797513,22.7185203910494,78.3831903912315,101.254746318183,115.297135108862,130.852662830235,168.713888867074,10496.1056297713,1.00010709030727
"E[1,266,1]",330.712577986595,0.706479351955662,67.087805610849,218.705834966426,282.215360702122,324.464703050013,371.776550701363,480.079150797336,9017.54309687517,0.999754212009576
"E[1,267,1]",330.471145333913,0.669978660791987,67.3342481635475,218.369747925154,282.372320054769,324.387198305379,369.954550501302,479.903022533796,10100.6678438153,0.999978534127281
"E[1,268,1]",117.072253633861,0.22519544686505,23.0964232862162,78.1041871888319,100.942415255735,114.462391481363,130.605338126034,169.000419801234,10518.8981382805,0.999822231488418
"E[1,269,1]",116.470652137912,0.208685527417905,22.0531686683196,79.0409125778048,100.765768978961,114.599268390427,129.982687560345,164.875164491352,11167.5353425586,1.00030362141948
"E[1,270,1]",117.095744420477,0.214185237615978,22.8465475632401,78.7000744469986,100.870770203473,114.647692268985,131.282364722101,167.9823460617,11377.899509529,0.999674021204759
"E[1,271,1]",117.149033102812,0.219971345592828,22.8367334043347,79.2035166274976,100.766302621851,114.998794600405,131.13427513507,168.36676121753,10777.939490423,0.999584186391647
"E[1,272,1]",117.177572219264,0.22507966251031,23.0305236805223,79.2546559338143,100.961514399838,114.701460789695,131.003426300244,167.930592216831,10469.7211779745,0.999623013259864
"E[1,273,1]",330.400185908177,0.638346861121242,66.6846153537189,220.218929668201,282.907941663086,323.27123305467,370.323553779699,478.833448403986,10912.8414744655,0.999895728798959
"E[1,274,1]",330.871011916414,0.680200432124197,67.9552982819476,220.013479133617,282.087799072885,323.770566351126,371.396036022801,485.094963749444,9980.97204480918,0.999780508729009
"E[1,275,1]",264.111341979566,0.653292784701812,69.1507775902714,155.784801508216,214.684109067815,254.349351360496,304.209779754377,422.369660677391,11204.1370575738,0.999857270888277
"E[1,276,1]",86.8871388935134,0.178026878828373,17.9183810864543,57.4944781846594,74.1461533403367,85.0504615864734,97.632282459262,127.060031897294,10130.3950599364,0.999713724677956
"E[1,277,1]",86.8280488764727,0.181779166031019,18.054339523207,57.460522735194,73.9751257289008,85.0468136735178,97.301726792543,127.650756690728,9864.498191027,0.999986874880655
"E[1,278,1]",86.714525715229,0.169709556632688,17.6924720941009,57.6816149294701,74.053233654141,84.9359161800963,97.1799249514638,127.146375355239,10868.3706460413,0.999688140371292
"E[1,279,1]",86.6887417042723,0.162516463961627,17.5443736625067,57.4125673513062,74.1102085712317,84.9165724687101,97.4854783653396,125.799917953431,11654.1608563158,0.999663557282024
"E[1,280,1]",245.039491565478,0.523034610181692,52.3083566156475,160.148909029053,208.194987652408,239.228799861459,274.914371525473,363.454703113854,10001.8720851342,0.999742586672891
"E[1,281,1]",244.718534841133,0.495658719637123,51.2150250524616,162.133761197363,208.184444320049,239.340479957693,275.246316728997,361.038988435185,10676.5091744796,0.999836634803399
"E[1,282,1]",86.8802695049691,0.175864707282848,18.2756974528335,57.3649973927036,73.8265196682513,84.9524117631977,97.4897527297029,128.231202869733,10799.1738496861,0.999858379943055
"E[1,283,1]",86.8803825557864,0.174015342141025,18.0851222813872,57.3830861990024,73.86973200878,84.9032497768844,97.7585622363374,127.541849004787,10801.0958395021,0.999786089762132
"E[1,284,1]",86.9316219108047,0.177633762520981,18.0264732811215,57.0017870336029,74.1033994626271,85.0760653507565,97.5403587162291,127.412886743444,10298.4178429142,0.999828323140391
"E[1,285,1]",86.8707727339903,0.170379482192789,17.7238300406878,56.9335554944113,74.1405665545007,85.3911829592282,97.3937207604245,126.028198061,10821.3281147964,1.00044693896016
"E[1,286,1]",86.7150031724566,0.170806593442893,17.8829962313259,56.84840519721,73.8718061478526,85.2524460108984,97.2878279069172,127.079056463972,10961.533301456,0.999893432372043
"E[1,287,1]",245.178481387247,0.48329714578331,51.99331928956,158.545369993424,207.966603362638,240.171447639363,276.806135888001,361.937721038576,11573.5509350087,0.999728987730659
"E[1,288,1]",245.206560143146,0.495196065305606,51.0765864793489,159.80490112124,209.224328353688,239.694107394115,275.553422468331,359.668165789906,10638.7195284372,0.999704740834959
"E[1,289,1]",86.8211929157229,0.171470170248494,17.6515096065475,57.5072112281551,74.2701353317666,85.1389684707622,97.1990285783296,126.079604275102,10597.0881921191,0.999588884148581
"C_sum",28533.49125,31.4711191431682,3180.24764528002,22854.925,26293,28334,30596,35180,10211.6872473442,0.999820351699342
"C_expected_sum",28533.0884294206,31.3835916457766,3170.84046662915,22862.0228778063,26292.0146125142,28326.7227582123,30569.3485559509,35193.754255631,10208.0666193756,0.999810555311878
"E_sum",34681.5605071223,35.5588543266473,3651.6708297161,28130.2420481608,32134.9810660565,34506.5353578379,36984.0678111987,42420.0815424754,10545.9989720945,0.999797815913889
"R_G_out",1.27986603680645,0.000179036452942729,0.018779106014123,1.24314298294718,1.26725844912843,1.27967037093023,1.29244100201576,1.31640067476839,11001.8798367579,0.999621407447836
"R_G_boat_out",4.4924868275973,0.024218557438478,2.40535560618653,1.50642176750796,2.82638279688915,3.95401137233297,5.5293413037344,10.3783204671767,9864.20388690249,0.999960465798492
"kappa_OSP_out",3.14314244817494,0.00947358102946648,0.983394334485064,1.6400478620668,2.44537322016257,3.00390884758587,3.68697461660749,5.47717540188446,10775.24256942,0.999806227511234
"f_crab_out[1]",1,NA,0,1,1,1,1,1,NA,NA
"f_lower_out[1]",0,NA,0,0,0,0,0,0,NA,NA
"osp_f_kappa_out",0,NA,0,0,0,0,0,0,NA,NA
"sigma_f_out",0,NA,0,0,0,0,0,0,NA,NA
"cfi_kappa_out",0,NA,0,0,0,0,0,0,NA,NA
"combo_c_out[1]",0,NA,0,0,0,0,0,0,NA,NA
"sigma_c_out",0,NA,0,0,0,0,0,0,NA,NA
"cfc_kappa_out",0,NA,0,0,0,0,0,0,NA,NA
"sigma_IE_out",0.745889614109482,0.00234828149323981,0.208760114264515,0.437078905595456,0.599245809250306,0.71293785481679,0.856873836569692,1.25153795386362,7903.05020559332,1.00014817756002
"L_out[1]",2.44446981418285,0.0041921188003282,0.441571851565531,1.69724421677074,2.13055509500742,2.40217810702357,2.71682112247526,3.42877869233869,11095.211848442,0.999721471974518
"L_out[2]",2.44623875286732,0.00422789464199728,0.442056437569133,1.70264621338144,2.12525052492924,2.40995708075309,2.7283058795251,3.39618292478119,10932.1888765128,0.999710065756625
"L_out[3]",2.44840794363238,0.00421268512963145,0.441025621671836,1.69695463065136,2.13453296050877,2.41099396983133,2.72121005528618,3.42027175884458,10959.9769870374,0.999825074588629
"L_out[4]",2.44827644850426,0.00437884452330907,0.440879149796119,1.69996515967282,2.13546185045677,2.40585021708888,2.71371020200022,3.43623000333669,10137.2479811363,0.999644316013251
"L_out[5]",2.44536434975029,0.00410372221547508,0.442356329370965,1.69671128854445,2.12469985774981,2.41319095061,2.73076692067454,3.39397920104348,11619.5305114657,0.999734929952311
"L_out[6]",2.38223098025143,0.00397984531382055,0.419396678260852,1.67631614979506,2.08504474215334,2.34305200674889,2.63475098665211,3.31711919967637,11104.9750668165,0.999836427360886
"L_out[7]",2.45064883533584,0.0044653210003658,0.448981968657082,1.69268564263324,2.13164664652713,2.41061215973686,2.72412084598269,3.44336420639694,10110.0296771853,0.999655820114377
"L_out[8]",2.44618536029827,0.00415126563583269,0.43136549550438,1.72125741171726,2.13529304103127,2.41180779823927,2.71344551101148,3.39021190837558,10797.6627302732,0.999907888527676
"L_out[9]",2.45143591049087,0.00423845287728124,0.447489873947039,1.70776203404001,2.13229976248976,2.40829216932174,2.72076574738558,3.45643998437603,11146.8384363342,0.99978544351562
"L_out[10]",2.44763205555353,0.00440606950928756,0.449258394024162,1.67636522273946,2.13073675319449,2.41143406579663,2.72131703754419,3.45117832362491,10396.5611460651,0.999746639898162
"L_out[11]",2.45001628041927,0.00421301920585171,0.44919807030448,1.67949320051035,2.13443041313253,2.41099560720499,2.71889726376985,3.44708651362132,11368.1261950321,0.999874290394596
"L_out[12]",2.44694956641363,0.00439335442895711,0.447429145034949,1.68635712144132,2.12182957031437,2.40766001262359,2.72631146018935,3.41057233202661,10371.8459686844,0.999849064614982
"L_out[13]",2.44686892593651,0.00434773561177916,0.450541994266176,1.69008331221701,2.12547380895961,2.41179416933559,2.71013135249944,3.46370252331048,10738.5168039871,0.999955598944864
"L_out[14]",2.44536022485381,0.00416342469729652,0.436541994707847,1.69712798119523,2.13479817923285,2.41038135542379,2.71066111221485,3.39765459103187,10993.8708017604,0.99983561286881
"L_out[15]",2.44037961142256,0.00430434001277393,0.438969921854365,1.69627339304235,2.12096723797047,2.4101144237286,2.71257592422914,3.40718711709242,10400.5519225808,0.999880862745616
"L_out[16]",2.44965202848694,0.00434885598801794,0.443598212782708,1.71146262332381,2.14017201319408,2.4093159289699,2.72043970837541,3.42800329425202,10404.699048225,0.999843241851433
"L_out[17]",2.44478248251531,0.00429946766065917,0.439585107387551,1.6882073893583,2.13521566737016,2.41215411046407,2.71569775738595,3.42723861255266,10453.3759040801,1.00011270451277
"L_out[18]",2.44440785244903,0.00435862821117127,0.438117937967657,1.69312636529712,2.13850700213111,2.40446487241943,2.70822272152982,3.40511924735395,10103.7459783935,0.999615635952781
"L_out[19]",2.44853102193855,0.00404028901924418,0.440635393860362,1.68739746578209,2.14059990702539,2.40948025272807,2.71842132036665,3.40361046462074,11894.16314462,0.999695165918904
"L_out[20]",2.44861638067387,0.0045063859574952,0.448528565870926,1.67442679612294,2.12802574068233,2.40995635186388,2.72261450953151,3.44058796132744,9906.573028107,0.999811588348729
"L_out[21]",2.44951258186511,0.00459418841311557,0.445165297063944,1.69927206184238,2.12836374469742,2.41346665648275,2.72559136887422,3.41521674299267,9389.12235537902,0.999826939940778
"L_out[22]",2.44315447747062,0.00426908773281124,0.434681114134573,1.70569435956207,2.12965706373852,2.40637552469418,2.70551828868721,3.39507907460479,10367.4364793956,0.999688628393794
"L_out[23]",2.44588013467939,0.00407450839319422,0.440855717203877,1.69603391780554,2.14037181089884,2.4073092026985,2.70780916222394,3.4260005511743,11706.916508151,0.999853418306632
"L_out[24]",2.44351103259691,0.00424289192613924,0.434638068006088,1.70574767179402,2.13643026759781,2.40662715428909,2.70528475999659,3.40391368162176,10493.7710290091,0.999816371928695
"L_out[25]",2.44379880680146,0.0043315298401259,0.440004180543189,1.68831715352347,2.14353225139655,2.40627772495828,2.70530501592149,3.42111001027787,10318.8425151413,0.999736610999226
"L_out[26]",2.44404279913247,0.00441832383675062,0.445914341496828,1.68551357526039,2.12661829387637,2.40748489568891,2.717025337291,3.42646953460375,10185.6275804884,0.999889449349497
"L_out[27]",2.4450273054749,0.0042977293148793,0.435413451164541,1.69909361916665,2.13051692586503,2.40325353339498,2.71377884155691,3.39156541179862,10264.2108671878,0.999990123646039
"L_out[28]",2.44300432986724,0.00420453760447193,0.440782315838196,1.68760715889746,2.12643827386452,2.40098145537209,2.7191521495118,3.40142651012959,10990.3580795275,0.999821795141717
"L_out[29]",2.44761253295505,0.00434246119412361,0.442872428002933,1.69893352950311,2.13332125764237,2.40179128501903,2.72556751336064,3.42193852747624,10401.2466251206,0.999889586154919
"L_out[30]",2.44688295077363,0.00423614731596607,0.437039993105299,1.70061309148048,2.13821188992651,2.41132113279568,2.71976163444086,3.41154568815218,10643.8869184909,0.999822231214046
"L_out[31]",2.44393986791291,0.00433029052666878,0.433928254833048,1.70729939671231,2.13226238854123,2.41030296758955,2.71604156489336,3.39726836803695,10041.5739209772,0.999709943442863
"L_out[32]",2.44650630179642,0.00417513706285736,0.438801419344211,1.69400225689459,2.1332759985137,2.40653687436285,2.72196265794788,3.4062484837291,11045.7338073847,0.999838576719334
"L_out[33]",2.44656514738119,0.00431611830469144,0.446106080886434,1.69235918694957,2.13201966672199,2.40538841507434,2.71230072911376,3.4193052896152,10682.9108943403,0.999700546983487
"L_out[34]",2.44773811936532,0.00422926456265505,0.436992603496031,1.69521059453394,2.14056802275003,2.40910194516301,2.7184506122199,3.39376557300181,10676.2433806821,0.999663238884556
"L_out[35]",2.44349311683507,0.00432296225114601,0.434505950623348,1.71341070014804,2.1416715543258,2.40012231472027,2.70298063079147,3.43115591023129,10102.4932903327,0.999668681624538
"L_out[36]",2.44691831433898,0.00424001694990307,0.43995679958303,1.69887396146287,2.13708575824209,2.40698789443362,2.72096635005814,3.40837733097334,10766.7562930879,0.999743198336118
"L_out[37]",2.44871609935232,0.00448404305765843,0.449159517431729,1.70268329900916,2.1221605678828,2.40808900026576,2.72306367340931,3.44576474695002,10033.7127733879,1.00023018107863
"L_out[38]",2.45204648337494,0.00437037654907703,0.451165818275513,1.68552379663692,2.13098356855039,2.41200963821899,2.73293255772331,3.46259090391772,10656.9925742761,0.999777075520506
"L_out[39]",2.44048327067332,0.00426873855089189,0.424204767832667,1.71916178938239,2.14182830717586,2.40571731734976,2.70409620623112,3.36194475165023,9875.33821488735,0.999630809343188
"L_out[40]",2.44662763460876,0.00451989758880308,0.445467812768147,1.70312586951494,2.13526158447198,2.40313837169947,2.70907394293082,3.44389583680229,9713.49385406891,0.999822543416986
"L_out[41]",2.44656429081995,0.00441563012534213,0.439920515825272,1.69976695516142,2.13849712598323,2.406200047486,2.71482655278511,3.38301701987578,9925.74369512724,0.999771958619587
"L_out[42]",2.44487427698997,0.00420906103020503,0.435017108095476,1.6947273265053,2.14179910867868,2.40421409295553,2.71226646928817,3.40651234014634,10681.7455408567,0.99961916123415
"L_out[43]",2.45044519340599,0.00434673970972381,0.447027165689,1.69969045108648,2.13450777532565,2.41355687278403,2.71929756281323,3.4386564371414,10576.4656292503,0.999722221457472
"L_out[44]",2.44672881690983,0.00450433769741087,0.446934078526123,1.6895012523815,2.13688743146622,2.40773522279858,2.70902129037429,3.44158089349148,9845.21162289139,0.999847023027196
"L_out[45]",2.44880745764124,0.00426637214295263,0.450886628599457,1.68289531558646,2.13226422961511,2.41150354773324,2.72022889325051,3.43496298422446,11169.0759030828,0.999926122665855
"L_out[46]",2.44896149008336,0.00427740133844164,0.440954669239964,1.6977321848757,2.14397207498617,2.40945251002762,2.72037491612512,3.40772479293691,10627.4211002111,0.999849086909539
"L_out[47]",2.44910273159053,0.00437517171883554,0.449502332609438,1.69056560553535,2.12992603743707,2.40440409570648,2.71555611399082,3.47240559497739,10555.3756388811,0.999937012734652
"L_out[48]",2.4483047467778,0.00449311937230422,0.448247280699149,1.69027725685122,2.12572798838115,2.40196480838463,2.72700184283857,3.43640871063997,9952.66561703618,1.000027798412
"L_out[49]",2.44637414354232,0.00418582325680197,0.444851828506177,1.70214111326058,2.12754148800703,2.41113953205673,2.7186352299149,3.41177427500266,11294.5514153861,0.99969721365524
"L_out[50]",2.44094293933389,0.00445806050923797,0.437032491725325,1.71188113074155,2.13061297590751,2.39929983480321,2.709060020324,3.42248870898235,9610.26879683832,1.00031941110919
"L_out[51]",2.44610043430679,0.00432986572465585,0.440630171549293,1.70786647564242,2.13852537571192,2.40426665926872,2.71266364659733,3.42625125433318,10356.1803792706,0.999929557535986
"L_out[52]",2.44403147072188,0.00420719748059732,0.444656064884739,1.68499506607578,2.13601173045567,2.40503988023935,2.70885149395884,3.42191019183046,11170.2436190545,0.999715194968896
"L_out[53]",2.27484757297187,0.00442126739564281,0.415364462843692,1.57505608210805,1.97596172060716,2.23828752675078,2.52323306701073,3.19859038712052,8826.02413984878,0.999884931519979
"L_out[54]",2.44857471086696,0.00428249289934772,0.442440590407884,1.68452753655752,2.13478031236502,2.41438960830021,2.71885580826245,3.40267922052599,10673.7400884874,0.99993491167667
"L_out[55]",2.44951743533825,0.00436837420411195,0.444370706599128,1.70015692945844,2.13729126530407,2.40764733120737,2.71535996367614,3.44654491736303,10347.8750586616,0.999801676926531
"L_out[56]",2.44579730541832,0.00444563987840846,0.442284338998896,1.7018366876447,2.13485750527367,2.40417837418152,2.71295426443359,3.44323683793339,9897.70633350698,1.00055768356407
"L_out[57]",2.45024448281474,0.0042313639908035,0.449617662056725,1.68631707364844,2.13650046948159,2.4126967893371,2.71713868996111,3.46861046748374,11290.8322309109,0.999701714795371
"L_out[58]",2.44101398942369,0.00446454761705409,0.44205016526425,1.69301687608795,2.12463703178858,2.40567533986694,2.71459373867283,3.40477733089884,9803.65897889021,0.99974255744184
"L_out[59]",2.44748689324087,0.00418950941605024,0.431368950371688,1.71852256548131,2.13956264345189,2.41035360348216,2.71233494445828,3.39157122578965,10601.6001824349,0.99963263737014
"L_out[60]",2.45216718116031,0.00444299700440304,0.440776823261462,1.69781333968348,2.14206875585957,2.41736774102174,2.72199829826927,3.40842905043759,9842.04758048435,0.999709735199645
"L_out[61]",2.44763333727443,0.00434650564797625,0.443563948520493,1.70023220773674,2.13297321846107,2.40794402725182,2.7111412635403,3.42742016232219,10414.3455860517,0.999601713843439
"L_out[62]",2.45117237413562,0.00443120718104166,0.453824444966404,1.68473851295387,2.12335533919655,2.41430357921792,2.72838830392795,3.45846838947726,10488.941385187,0.999650071380699
"L_out[63]",2.44971345624164,0.00437061325501928,0.446480849960231,1.7005441752414,2.13822251344641,2.40787990830976,2.71756340851411,3.44444004451569,10435.6838946649,0.999723875711965
"L_out[64]",2.45273090786405,0.00439553221960924,0.439688169370069,1.70947205900416,2.14891188732917,2.41235539668706,2.71659078994974,3.42879193321775,10006.1411504924,0.999984508683653
"L_out[65]",2.44787109524607,0.0042489880228027,0.443305416794857,1.68813914292656,2.13561277957838,2.41337968630297,2.72293666843027,3.4127982455296,10885.1661454159,1.00003581882171
"L_out[66]",2.44596507046637,0.0043005946679893,0.434538168729473,1.69681785791981,2.13920359892941,2.40980785754749,2.709934577613,3.41594016790055,10209.3674575376,0.999750335251643
"L_out[67]",2.43984915611449,0.00427640856898135,0.436063926442096,1.70871274805371,2.13022040889093,2.39960816354067,2.7045704532426,3.42027347767405,10397.8114957525,1.00004836786888
"L_out[68]",2.44621504108029,0.00420756275151569,0.443973842522347,1.69555505417216,2.130425389322,2.40084160759252,2.72083903258462,3.41367705190706,11134.0601663149,0.999808743727732
"L_out[69]",2.44521376781431,0.00431553853268205,0.445558176270147,1.68528524638482,2.12806016398969,2.40109067278027,2.71819189680253,3.42662985106658,10659.5491863912,0.999705635325284
"L_out[70]",2.45076010364866,0.00419656195408147,0.44132297299684,1.70336975019289,2.13772736757214,2.41182654944914,2.72084792468983,3.38980335188221,11059.2529714724,0.999698115847563
"L_out[71]",2.44439419942489,0.00408782513537928,0.442809283198951,1.69742040907624,2.12984673916589,2.41166216985306,2.70055107928189,3.42164400888377,11734.0737778858,0.999849904410958
"L_out[72]",2.45202052611505,0.00432635695062076,0.450232836571281,1.69048768123164,2.13780131122267,2.41629777346302,2.72532070660153,3.44657253773771,10830.0293834051,0.999772149428904
"L_out[73]",2.44625409694048,0.00417397524956814,0.443832328233104,1.6894859337533,2.13845376485946,2.40545141381764,2.71300031218846,3.44460440643156,11306.7587576962,0.999635052378206
"L_out[74]",2.44895378780355,0.00433860055630924,0.441603005843249,1.70525274614966,2.13970518005289,2.41080743404908,2.71686254375879,3.41552917402296,10360.1181066045,0.999806376661062
"L_out[75]",2.44426370145185,0.00441484293445296,0.438630255880053,1.70009610522683,2.13542947242634,2.40342967483699,2.71023910424877,3.41310025024698,9871.12509128758,1.00031306202973
"L_out[76]",2.44575334495954,0.00426813791489282,0.440418119087688,1.69182012982968,2.13171292388923,2.41553492584252,2.71413459303027,3.42133036808962,10647.642652407,1.00004673351454
"L_out[77]",2.4561858278611,0.00447005965036772,0.444396869661543,1.7034915802421,2.13814638083571,2.41377710995951,2.73145436934166,3.43356890552629,9883.60419489746,0.999944692061772
"L_out[78]",2.44693954757001,0.00434954904429289,0.43820767084302,1.69243350276491,2.13784559413204,2.41408529524244,2.72720802612684,3.38201555618233,10150.1272487503,0.999714669272924
"L_out[79]",2.44551207220745,0.00424263113062358,0.44083152624252,1.6864451515768,2.13031736783849,2.405606419412,2.72191502253043,3.40407617270267,10796.2949997267,0.999619095231178
"L_out[80]",2.44306772445301,0.00442588068806905,0.451287032833681,1.69049678515106,2.12166241866004,2.39584867769958,2.71961650658007,3.44017458153006,10396.9583767952,0.999849313434875
"L_out[81]",2.44642362920737,0.00418609232531438,0.446119475372964,1.6841261603596,2.13243343359357,2.40464385286996,2.72104306998197,3.45434595132982,11357.5526946984,0.999704358931827
"L_out[82]",2.45816579580152,0.00453007104879498,0.451018805819377,1.68967702068349,2.13835754764525,2.42033468228173,2.73029694907755,3.45471815853028,9912.4103968873,0.999701185446731
"L_out[83]",2.46006819304511,0.00425160966081138,0.447527390934084,1.69106650330404,2.14281909140524,2.4256231538492,2.73567696511445,3.44084103957683,11079.8140687667,0.999976555555341
"L_out[84]",2.44497583646396,0.00428220950365059,0.437722827312842,1.69843814967058,2.129008156793,2.41551282184737,2.71549494078134,3.41404948974324,10448.7074453623,0.999557988568327
"L_out[85]",2.45033163528329,0.00431611756566706,0.437270044591309,1.70709238068724,2.13838651439261,2.40633134828526,2.72640539192871,3.41230279222501,10263.9120498681,0.999678314467885
"L_out[86]",2.45114121691018,0.00448568550183426,0.442508334073181,1.71031092741065,2.13945110490443,2.40335485944827,2.7224793231237,3.44246667229113,9731.62278200517,0.999747975296644
"L_out[87]",2.44419766031938,0.00424355982778459,0.431826843078933,1.71209692954072,2.13784544069842,2.40441647687186,2.71251445690717,3.38429425159911,10355.2028720547,0.999816693570697
"L_out[88]",2.44655279168484,0.00432353440944856,0.43829058917257,1.70027482938762,2.13730815036804,2.40856462881019,2.71402543456288,3.3928240652946,10276.5289972176,0.999877117352924
"L_out[89]",2.44812899949918,0.00452166985409528,0.445501533259668,1.70367750650867,2.13593006593432,2.40482925235309,2.72055232974556,3.43177935882755,9707.35041627375,0.999980498196822
"L_out[90]",2.52158262736698,0.00438502784353502,0.442400818522233,1.76353393691549,2.20625399746981,2.48303137422322,2.79867220736925,3.49621594336535,10178.5785602427,0.999734020102075
"L_out[91]",2.44928512235548,0.00440491076810909,0.441306946322446,1.69666818877752,2.13624089685106,2.41204660110768,2.72004280668137,3.40777233340252,10037.077939773,0.999714837149542
"L_out[92]",2.43887686157893,0.00440459933949326,0.438840065348978,1.68973733784591,2.12769274115677,2.39806384142948,2.70487607283615,3.4267779684179,9926.5817478327,0.999725968955023
"L_out[93]",2.45364232404608,0.00417676608753895,0.44106143321564,1.69432492363298,2.14735135407817,2.41812916723832,2.71920895986897,3.43932613916522,11151.1038557564,0.999655146816389
"L_out[94]",2.44755108376557,0.0045048188959525,0.442967646380671,1.69016624166048,2.1304045689206,2.40998674192763,2.71968062304264,3.42128240611223,9669.1732615201,1.00013731685443
"L_out[95]",2.44985491705385,0.004339806760191,0.440595073755155,1.69006447956446,2.14438534456399,2.41260262524866,2.71268714528878,3.43023825399152,10307.1474778041,0.999672136631055
"L_out[96]",2.44743585847582,0.00447477365361949,0.440250169435716,1.68902998984677,2.13039296330688,2.41688625898336,2.72103442170581,3.38920300154636,9679.58903179037,1.0002751451178
"L_out[97]",2.44803406993264,0.00425633597745983,0.443587752934862,1.69782130348313,2.13696008506171,2.40590315159596,2.71852000257136,3.40835045796872,10861.4370686135,0.999732402256155
"L_out[98]",2.43921430579309,0.00416820631291356,0.439478098073205,1.70302834441702,2.12571308428873,2.40276493538881,2.70709995661659,3.40881094110271,11116.7044261467,0.999739496498948
"L_out[99]",2.44889715592202,0.00425896324500236,0.446980482743735,1.69085014503718,2.13723544671505,2.41128482749285,2.71895574488467,3.44559372498278,11014.6153702317,0.99995938247187
"L_out[100]",2.44724278084775,0.00435387722516157,0.44644314610121,1.68181160165352,2.13392388729358,2.40307979678788,2.7158499134261,3.43628528068196,10514.29029378,0.999908656569079
"L_out[101]",2.45020771123845,0.00412165477541348,0.438474470578945,1.69401515699099,2.15028553216249,2.4118269223582,2.71225009620727,3.41191199050494,11317.3669824073,0.999953077803374
"L_out[102]",2.44681180556422,0.00446977090974085,0.440596470385847,1.69396360955132,2.13732673566264,2.40939317480271,2.71466042616289,3.40690009051959,9716.5367588047,0.999805494043565
"L_out[103]",2.44426904648048,0.00413920813768667,0.444097001165487,1.67299306306689,2.13298953894631,2.4071394808138,2.71395780847335,3.40338658640217,11511.2146074303,0.99991090972311
"L_out[104]",2.44872243559304,0.00417888277629048,0.440616396435655,1.70289776830507,2.13235647884118,2.40772609585622,2.72708397841207,3.43163642974139,11117.3411087507,1.00012696883613
"L_out[105]",2.45388737093662,0.00430079403753103,0.446450359108899,1.67924470507712,2.13888093513242,2.41692441082827,2.72468851005277,3.42883947290821,10775.7886144584,0.999837698745452
"L_out[106]",2.44538767911193,0.00423081009965708,0.44022136983443,1.69523655830574,2.13161008461637,2.40442590199647,2.71548388725396,3.40094435477377,10826.6769131665,0.999776037725423
"L_out[107]",2.45373979683341,0.00430321650268275,0.442301373824007,1.69130789905538,2.13841453962597,2.42450162683461,2.73019443662097,3.40954770337988,10564.5300578364,0.999963090989139
"L_out[108]",2.45382373971391,0.00425994591641154,0.446550335617837,1.70317907775946,2.13855792679476,2.41493930172394,2.72288857457508,3.44277252881351,10988.3546891106,0.999950125105464
"L_out[109]",2.44662176945514,0.00431728061373564,0.4435815788557,1.69376556274389,2.12472632247511,2.4057090779233,2.72009817396414,3.42301775544462,10556.6579304449,0.999815032789985
"L_out[110]",2.44922302852314,0.00439839126181747,0.441836251340041,1.68476417194289,2.13760619663936,2.41786712836545,2.72501191052874,3.40921676956766,10091.0177877942,0.9999514997535
"L_out[111]",2.44715014893476,0.00419937491873476,0.432973119947293,1.70722568235494,2.14388165172857,2.41150110162311,2.71819440766228,3.38001634039783,10630.472544263,0.999654085400108
"L_out[112]",2.44618605898825,0.00438324841765811,0.448587320133148,1.66426141248883,2.13269163027905,2.40879165580592,2.72285164120076,3.41680950931003,10473.7406979213,0.999809964989969
"L_out[113]",2.45164750614499,0.00423494583595103,0.433443234754585,1.70417115806245,2.14803608645571,2.41174315332913,2.71359722502747,3.42185630217853,10475.3546998697,1.00018493876159
"L_out[114]",2.44873530085587,0.00459348380386368,0.448644220228647,1.69681679888475,2.12693883179653,2.4136086759818,2.72714235423447,3.43171472385784,9539.37179287328,0.999750066234509
"L_out[115]",2.44327526838398,0.00415211086807929,0.437505046481946,1.70245976852758,2.13093017357385,2.41044261321,2.71615327719186,3.39413103892535,11102.6909452252,1.000133371802
"L_out[116]",2.44980196328736,0.00485420346952022,0.44844126073416,1.69588668879084,2.13567700745108,2.40800331486078,2.71262640450704,3.44774920720766,8534.44289967525,1.00022776205996
"L_out[117]",2.44964996383538,0.00445488972364537,0.455154557188464,1.67976327051537,2.12107040053115,2.40357871700769,2.730045661316,3.45781773330293,10438.6389101513,0.999793363576624
"L_out[118]",2.44590097668068,0.00427944672866599,0.443448579431701,1.67651122524708,2.13153271522895,2.41041576139519,2.70931557581508,3.4302427967412,10737.7005137371,0.99971091822828
"L_out[119]",2.45115162807383,0.00460284674842961,0.444237305776373,1.70235018480637,2.13787795299401,2.40961211416496,2.71669281461658,3.43132452076667,9314.87481038417,0.999822298695446
"L_out[120]",2.44192146845455,0.00418322561797871,0.446361472319799,1.67839257547134,2.12665851208527,2.40218126120257,2.71319735863868,3.44029441728478,11385.4664001382,0.999766773361699
"L_out[121]",2.44841959412773,0.00433245766250957,0.444632054599354,1.68861218892148,2.14117241170614,2.40322823632019,2.7122324967597,3.44453041203415,10532.5343176467,0.999616410191822
"L_out[122]",2.45099446954972,0.00410748087749039,0.452582857248104,1.67808270456093,2.12895638865567,2.41272175314076,2.74058463758968,3.44786765444362,12140.7383433405,0.999749693986394
"L_out[123]",2.45037172977047,0.00427553903622842,0.441324985956475,1.69972787129934,2.1376401100683,2.41214581872501,2.71620307281195,3.41878736600589,10654.5541317152,1.0006196376886
"L_out[124]",2.44805751777237,0.00450841247840356,0.445361259845772,1.6994918477874,2.13808033709442,2.4010765557,2.712800232817,3.43931337395212,9758.37688690217,0.999644263698051
"L_out[125]",2.44750546371206,0.00437876623096331,0.437043227701178,1.70727477269793,2.1439042016511,2.40074124207671,2.71106419608098,3.41565426117151,9961.9709176076,0.999735947706551
"L_out[126]",2.44554208728742,0.00430100184416704,0.449808373003704,1.68627792260393,2.12808601370331,2.40128913317347,2.71173118721819,3.45585363871962,10937.4432649149,0.999633927073965
"L_out[127]",2.45060706388735,0.0042873143770901,0.437993276798288,1.69662479892008,2.13773641569516,2.41502202777053,2.72539394688487,3.39127813987774,10436.7246962639,0.999814193041346
"L_out[128]",2.4489795691806,0.00427559429453356,0.440799376994693,1.69314620024173,2.13966534927763,2.41181750028401,2.72073115298976,3.41416172532567,10628.9157916022,0.999650352323927
"L_out[129]",2.45297179144058,0.00412388572943885,0.440409693893374,1.71542100395425,2.13863046494276,2.41432442423495,2.7278802937237,3.40137117727371,11405.1366717928,0.999926210692665
"L_out[130]",2.44193634528959,0.0042561465979707,0.440654057701517,1.68115262796495,2.13088193985991,2.39990883264544,2.72232458773689,3.39939014207966,10719.2004074057,0.999934220472056
"L_out[131]",2.45054402088772,0.00430029358146666,0.441323536651453,1.70182528275247,2.13815319728247,2.41227630227767,2.70553825084688,3.45388652769836,10532.1726045931,0.999657174959424
"L_out[132]",2.44329288561,0.00421161512237446,0.438800081588219,1.68599338006045,2.13140245134485,2.40673740838679,2.71944145741001,3.40926240497311,10855.1554346696,1.00003216580128
"L_out[133]",2.44196012394283,0.00432275130537475,0.437001456351081,1.70124237551534,2.12918820103016,2.39975014461381,2.71323570481217,3.40703701370657,10219.8675505125,0.999773328816187
"L_out[134]",2.44914622331224,0.00430094989916572,0.451197034406225,1.67992061157549,2.12746152346379,2.40954493992244,2.73012130250632,3.4192677933331,11005.3461218226,0.999724042552091
"L_out[135]",2.44765536972726,0.00429035952350942,0.442004462522748,1.69690253391242,2.13508884712068,2.40593542598954,2.71972497190348,3.41891555745899,10613.6786574339,0.999897458304652
"L_out[136]",2.44595574173461,0.00419278727548756,0.438540528481476,1.69266834105073,2.14358535609256,2.40167844525418,2.71210833037587,3.38393015201278,10939.9116307964,0.999863683686597
"L_out[137]",2.45147284328245,0.00442595828655709,0.447218565837162,1.69748740946971,2.13701952916936,2.41402682456354,2.72221307648894,3.41309477738518,10209.982932739,0.999733434905913
"L_out[138]",2.44513362936633,0.00434484245049973,0.446905112883358,1.68238291858741,2.12958279419435,2.40597665060683,2.71966914767741,3.43973028552738,10579.9247942239,1.00006435673238
"L_out[139]",2.44798533400279,0.00405517399770924,0.437502017029999,1.70281009697147,2.13543722564006,2.40966759110521,2.73161594057942,3.39587660832423,11639.6824518403,0.999662632781182
"L_out[140]",2.44600637770652,0.00437744701282221,0.451775058946666,1.67668756534567,2.12464101714698,2.40809782047477,2.71693220531791,3.4670838054366,10651.3022024273,0.999872607888484
"L_out[141]",2.44726987878814,0.00428549650983402,0.443487088479663,1.68682328832983,2.13710474783616,2.40253974761029,2.71576836797108,3.45397698248702,10709.2651023552,0.999914022903498
"L_out[142]",2.4470039558593,0.00434357182903097,0.435525864470072,1.71101816749291,2.14713665491135,2.40699706934934,2.70728221667928,3.4159348107269,10053.8843993158,0.999863718285007
"L_out[143]",2.45097733420529,0.00432775459539184,0.44566227505555,1.68742184673198,2.13353688125904,2.41033563296133,2.73148940660789,3.43565405484651,10604.4095839544,0.999984564968219
"L_out[144]",2.44002383741887,0.0042366794646828,0.433182245592295,1.70997289552477,2.14098443682288,2.39812541199269,2.70034165092074,3.40288166827671,10454.1825917091,0.99968894142263
"L_out[145]",2.44370301126236,0.00423300791275307,0.436169055143709,1.6847601185845,2.1426380071974,2.40362765352478,2.70623907138149,3.39432705584053,10617.2376962026,0.999877436092901
"L_out[146]",2.44817469102284,0.00440621562034716,0.440002739157001,1.69511407545257,2.13689942861498,2.40907914356202,2.71661176082155,3.42863755628602,9971.93109081479,0.99971339316888
"L_out[147]",2.44826247492653,0.0039787749730939,0.443163268740018,1.69754861232629,2.13263081336066,2.40955540281444,2.72629746523438,3.44870985929027,12405.9137941787,0.999841380186585
"L_out[148]",2.44321231319754,0.00404477704725432,0.428067198253109,1.71101748643149,2.14059144588932,2.40801604896879,2.70550512127715,3.38072650693186,11200.4307378099,0.9997909202477
"L_out[149]",2.4529528928387,0.00446159477825552,0.442753806145578,1.69165576191324,2.14409003589338,2.41842480275358,2.71486236617088,3.43468855831656,9847.91655979137,0.999663074615424
"L_out[150]",2.44900483971359,0.00438689667300546,0.442141389743841,1.69683797419134,2.13688962709687,2.41097534568657,2.7202219762893,3.42466693051529,10157.9842070085,0.99977310598394
"L_out[151]",2.44252819869253,0.00417565560773499,0.434245712339774,1.71163473572109,2.13310060885259,2.4035004877798,2.71392864026577,3.38958375588144,10814.880698179,0.999745814855013
"L_out[152]",2.44616716052266,0.00431877051280989,0.443346171197522,1.70122846520154,2.12856474629207,2.4062351527886,2.71838294836615,3.44294477125062,10538.1813837179,0.999944155855584
"L_out[153]",2.4495448694495,0.0043949555499065,0.444451151895234,1.69054342712684,2.13242392706474,2.4122542384057,2.72730958864123,3.41942764645168,10226.7843499043,0.999758980037103
"L_out[154]",2.44548026830985,0.00427136249369804,0.44069131912846,1.68962120548483,2.12797900456675,2.40546294863995,2.72171958058115,3.39262838173898,10644.7663140588,0.999914414973301
"L_out[155]",2.44208315346982,0.00433343532862003,0.439029501870689,1.7085309383209,2.12545776850171,2.40330391492838,2.71103856732698,3.40581073937397,10264.1448100107,1.00001958218373
"L_out[156]",2.44746178543489,0.00414969068596212,0.439998930976238,1.70682640248655,2.13650498750701,2.41055272092108,2.71553731196233,3.3998939567623,11242.7302493361,0.999689461295974
"L_out[157]",2.4540902184741,0.00415848817878337,0.436301783550614,1.70205176195008,2.14370631229691,2.41638439253672,2.71680382129264,3.43415593423708,11007.8634636765,0.999887691516776
"L_out[158]",2.44540227980082,0.00420602905075166,0.438211992583158,1.69435198513431,2.14080894475592,2.40514358876016,2.71012674007723,3.41929551414002,10854.8538758717,0.999599225848783
"L_out[159]",2.44591432106317,0.00414338664772929,0.435815291880479,1.69824684981846,2.14248948326662,2.41335782837208,2.70991091123719,3.40022672341282,11063.5373166051,0.999689603345985
"L_out[160]",2.448981856553,0.00429018962155825,0.441828047167515,1.69630899267039,2.13668175160563,2.41065838368918,2.71158594726705,3.41104510974212,10606.0479643814,0.999733124577061
"L_out[161]",2.44717397413189,0.00408651299876768,0.434712984762255,1.6985311695536,2.13697816883295,2.41378933828722,2.71273917713239,3.39752648754988,11316.1698112673,0.999606545939852
"L_out[162]",2.44678840000505,0.00448501172600587,0.442819485386273,1.6961064049594,2.13621301712978,2.40507307118751,2.71447929001257,3.42747019437758,9748.24150832154,0.999845350410712
"L_out[163]",2.45033447653172,0.00418196020245881,0.446688255207146,1.69093617847605,2.1312834253847,2.41138910749709,2.7171136583978,3.4418975633707,11409.0445589042,0.999851093387466
"L_out[164]",2.45168356147115,0.0044614689549258,0.447978272551178,1.68260831441286,2.12996517006373,2.41396271062373,2.71873765817212,3.45497613927488,10082.2659919288,0.999710448050068
"L_out[165]",2.45071598263705,0.00443455044399004,0.4373485660805,1.70170568848673,2.14679040581446,2.41230234758905,2.71356429607544,3.42319175166485,9726.49157622009,0.999702995516559
"L_out[166]",2.44310079449231,0.00434655868592822,0.441426926738584,1.68619381288761,2.13782919283183,2.39881052347636,2.71262298549821,3.41174927047634,10313.9862279676,0.999771527863025
"L_out[167]",2.45682598640676,0.00439131218797028,0.446593372511219,1.69996963439642,2.13805774065351,2.41594357501969,2.72861217765581,3.43121034470116,10342.7474775131,0.999928997852677
"L_out[168]",2.44757394973056,0.00424967297309136,0.447464351242808,1.69614597946429,2.12882526477588,2.40812755761244,2.71621271098639,3.4306514086321,11086.7910155786,0.999824755004326
"L_out[169]",2.45220363183021,0.00425922951302334,0.44600915913818,1.6927433269852,2.13838246658946,2.41325600689854,2.73126845641362,3.43402422481704,10965.4249925963,0.999859255629427
"L_out[170]",2.44619887702397,0.00447433057786507,0.450701267842595,1.68748513556027,2.12942642887433,2.3984197362748,2.71309571617945,3.45548132125449,10146.6206433715,0.999601774303035
"L_out[171]",2.44778656392591,0.00435645326496685,0.448377750691025,1.68202169838591,2.13617456766902,2.40992479647646,2.71416441859384,3.45375292153913,10593.0735868571,1.00011653111763
"L_out[172]",2.44755242371766,0.00430074545752029,0.438093750560759,1.70201102203934,2.13322773270873,2.4103848265797,2.7222360767609,3.42324754733232,10376.398383016,0.999688459471381
"L_out[173]",2.4508522400701,0.00445553607126319,0.446636836522605,1.70019845439569,2.13516032372308,2.40906904950126,2.72254503361835,3.43166557745715,10048.6830833348,0.999757803341852
"L_out[174]",2.44870773769382,0.00445303289124286,0.441077021809395,1.68940237392092,2.13556019796594,2.4117355332879,2.72182880017127,3.42636326618288,9811.08551542077,0.999637140240398
"L_out[175]",2.45232245898187,0.00438880083278408,0.444139782536664,1.68685706090528,2.13775242077005,2.41536177027916,2.72331764674121,3.43507787956725,10241.1235569167,0.99971361441962
"L_out[176]",2.44054957114597,0.004250718321103,0.437601125153839,1.6835764983632,2.13536964649972,2.39854367414755,2.70356059285278,3.41882353931629,10598.2023259306,0.999788800785067
"L_out[177]",2.44986615755668,0.00441610203769202,0.44360380141473,1.68906349338773,2.13569866368669,2.41021034666117,2.71823744212197,3.43276568720962,10090.4914587681,0.999939518169018
"L_out[178]",2.44737615998807,0.00417848966559938,0.439503136269053,1.69718731317748,2.1334121303104,2.40954738210268,2.72231641681376,3.40289310436721,11063.3153630867,0.999650288923779
"L_out[179]",2.45213926009195,0.00440243309616742,0.448037485720341,1.68667404489943,2.12985943495701,2.41509805409722,2.73260910604583,3.43886863002035,10357.2193348361,1.00000618406091
"L_out[180]",2.44751894251622,0.00438812152654566,0.441467459874389,1.68744940707568,2.13695913088811,2.41094527029734,2.71477768800107,3.42225815407488,10121.3886626321,0.999779711271458
"L_out[181]",2.44554906949888,0.00425580596713549,0.43480501413761,1.70779879741926,2.128992160734,2.40531951248504,2.72005605354414,3.40156224903011,10438.1960392284,0.999711541070563
"L_out[182]",2.45007256412842,0.00452720441002339,0.445689540513475,1.68510986043117,2.13067846358036,2.41380007692756,2.73110430082782,3.40895562239206,9691.80519657981,0.999938014556881
"L_out[183]",2.44736547969011,0.00437419969583073,0.441203688383354,1.7013667641192,2.1327992163815,2.40237741337565,2.71982360932486,3.41611385126134,10173.7498881768,1.00003251644714
"L_out[184]",2.44639358393455,0.00416828335639367,0.440157342355211,1.70810220633381,2.13537655814207,2.40436345292247,2.71596881067698,3.42520844425012,11150.6820638579,0.999811677954312
"L_out[185]",2.44684249871233,0.00412077934675657,0.444195526011096,1.68184974136066,2.1327299346787,2.40729494189497,2.71567711921281,3.43226699692308,11619.558840789,0.999579072306174
"L_out[186]",2.44572800528231,0.00417861620721207,0.436539562653486,1.71389449877916,2.13887606154657,2.39842576551987,2.70733287616675,3.41849137556633,10913.9572732757,0.999746438253945
"L_out[187]",2.45002919915178,0.00423621195383818,0.448820927435831,1.69273850338591,2.13279815344569,2.40655996248156,2.71703339076393,3.44516025184405,11225.1159272546,0.999620063734563
"L_out[188]",2.44200674360648,0.00432103959499582,0.439205708334342,1.6802106727497,2.12989419354018,2.40839729748321,2.71317623594117,3.41238159281151,10331.4067500033,0.999929791911762
"L_out[189]",2.4417857936447,0.00428370291864094,0.443502627058163,1.67710067312685,2.12892675683238,2.4004794316186,2.70678662405419,3.42657341411511,10718.9860309253,0.999753601928584
"L_out[190]",2.44009691504551,0.00420096360526576,0.438705835843022,1.70357332769164,2.12895383946569,2.40054828664147,2.71691997238839,3.40502107215636,10905.5854517086,0.999693491987267
"L_out[191]",2.44769031465562,0.00438247778484202,0.441735377907909,1.67818114160625,2.1421425945397,2.40967887043165,2.70483498488689,3.41405462476398,10159.7943833436,0.999585916944453
"L_out[192]",2.44419789341356,0.00422483266196589,0.441268179205325,1.69819416693002,2.13267936787559,2.40287915317995,2.70895494347913,3.43470749890384,10909.0315388953,0.999780414429705
"L_out[193]",2.44328388735573,0.0042556505305078,0.441360837637966,1.67855106634343,2.13441222784078,2.40485169097411,2.71207149608955,3.41601312972512,10756.1209335997,0.999996652353065
"L_out[194]",2.44463581635772,0.00442023294585612,0.440304413663232,1.69805989681969,2.135472864311,2.40251645902835,2.70657476895674,3.43423094099532,9922.37789878676,0.999744251329696
"L_out[195]",2.44030085595063,0.00444164064296489,0.436044697299447,1.70053886273875,2.12879113187782,2.40242809828117,2.70903560877616,3.4065269699797,9637.7394664916,1.00006038473781
"L_out[196]",2.44336023228054,0.00439123897241498,0.441473932742072,1.70063421936539,2.12668998865936,2.40046899075868,2.71364352825948,3.40994926999556,10107.3193143905,0.999942142688696
"L_out[197]",2.45288661706165,0.00420626345344294,0.444613976317549,1.70128297853947,2.14361706091636,2.41103507195572,2.73063099237285,3.44369331689859,11173.0895548013,0.999839910305929
"L_out[198]",2.45275446094594,0.00461777765194675,0.454093392680625,1.68952720548858,2.13074142524084,2.40538645195511,2.72264236689373,3.47138902034612,9669.95226448876,0.999631141264972
"L_out[199]",2.44431362681485,0.00439308532908054,0.437818162403743,1.69818342175419,2.13265349907733,2.40642109617057,2.70484862243749,3.42219897540762,9932.26435071342,0.999982635184296
"L_out[200]",2.44420195291488,0.00440159021033717,0.437190060677428,1.69901525287382,2.13200597266014,2.40416123537601,2.70813267254672,3.39513002810877,9865.55098952371,0.999641800254558
"L_out[201]",2.45162593975565,0.00419567669498784,0.439596803319863,1.69848874093887,2.14605365499761,2.41406731092787,2.71626121236783,3.42894024829786,10977.5397977311,1.00002903169008
"L_out[202]",2.44892008766448,0.00425714639291487,0.448509869045858,1.69243285108715,2.13033309802226,2.40503605205902,2.7248058203666,3.45364111087549,11099.5874686608,0.999742006762408
"L_out[203]",2.45028948638569,0.00414644293290201,0.438725881061533,1.71523236221354,2.13534907036261,2.40680661512819,2.71521517400445,3.41044428821312,11195.2842382493,0.999867760164503
"L_out[204]",2.44750093852547,0.00427233042795519,0.434991215239115,1.70266037600271,2.13983485432616,2.40561413278208,2.71084757454211,3.41771255299778,10366.4797624939,0.999757164352539
"L_out[205]",2.44576626719791,0.00419855396430061,0.433949390999697,1.70805058745885,2.13800140845778,2.41247628206817,2.70807336793555,3.40484191509442,10682.6423164107,1.00011442699406
"L_out[206]",2.44822441609485,0.00427196044141682,0.443296703875243,1.69660976098696,2.1349420167586,2.4061311054461,2.72530615702697,3.41044490464958,10767.9879120037,0.999565035716712
"L_out[207]",2.44723863115286,0.00435073335605894,0.444649091769799,1.70299509242205,2.1376347944143,2.40580426775665,2.71106544388379,3.41626189959754,10445.0346311633,1.00019594608087
"L_out[208]",2.45448106012338,0.00428338921265235,0.442350614896819,1.69966994760884,2.14343907452201,2.41556481739151,2.72161474688429,3.41860239974721,10664.9345213842,0.999712160447875
"L_out[209]",2.44948057354323,0.00427357218127953,0.443440944338649,1.69443870110595,2.13493344753432,2.41466126640403,2.72026112328066,3.44676181954083,10766.8705999273,0.999708473390997
"L_out[210]",2.44726711009208,0.00431998139696505,0.442526404324995,1.69339135670616,2.14046837301172,2.40475800399328,2.71505194753995,3.43222922341557,10493.361256937,0.999643328792379
"L_out[211]",2.45052108331032,0.0042990573431202,0.450224284506135,1.68608598973589,2.13492251318783,2.41238900001175,2.72132334880027,3.43356590295737,10967.5937935012,0.999716039890054
"L_out[212]",2.45070187787739,0.00440078819082769,0.442593311042011,1.70205355053642,2.13884128723365,2.40997374734975,2.71914577220514,3.43764686956794,10114.6010857662,1.00018765196311
"L_out[213]",2.44990773542411,0.00413545552044475,0.44845260508066,1.68242384118931,2.14284198997037,2.41046838122059,2.71341564845271,3.44568699056722,11759.4333310231,0.99984341182854
"L_out[214]",2.4454596685174,0.00412067045499114,0.434783590604066,1.70856288554685,2.13470703820463,2.41089871579613,2.71123900220313,3.41820984657024,11132.956751796,0.999607683655096
"L_out[215]",2.45315273365006,0.00428870685331901,0.441446158720242,1.70651659237163,2.14191441477852,2.4117810052733,2.71274190670795,3.43464585999248,10595.0439003786,0.999857129819755
"L_out[216]",2.4454086469165,0.00418185375513187,0.438939452239164,1.72059385640311,2.1349098812139,2.40293963937041,2.71524331770084,3.41260317330541,11017.208103622,0.999581940650159
"L_out[217]",2.44166977675696,0.00425711401150942,0.441264295141106,1.68090800846524,2.13075276895892,2.39860802543174,2.71375091935652,3.41735533097831,10744.0250749867,0.99992583342546
"L_out[218]",2.45312886358252,0.00414381069432076,0.444626271854112,1.68822696188645,2.14042406700153,2.41607397615191,2.72788260581874,3.41817408322442,11513.0509657699,0.999773629441895
"L_out[219]",2.44887598964156,0.00441748099154382,0.447216596158566,1.68632343759035,2.13651976618859,2.40184492863393,2.71715626295291,3.45246845889506,10249.1168554694,0.999681623889485
"L_out[220]",2.45319410078182,0.00424916766834028,0.438255359028884,1.71405316159045,2.14361624842049,2.41805652166391,2.71864572008701,3.41394772220667,10637.6754035829,0.999807053712352
"L_out[221]",2.44755306029277,0.00443198283390385,0.442586175125345,1.69053082337417,2.13463143772619,2.41118218536944,2.71587017764606,3.44313430634081,9972.39675370197,0.999906576201099
"L_out[222]",2.44590523364695,0.00429898292757627,0.444981560267234,1.68076584835598,2.13348642355028,2.40787798482496,2.7082205044166,3.42917268272558,10714.0233401293,0.999739428342579
"L_out[223]",2.44258896336072,0.00407525453493049,0.431944661984239,1.70841259978195,2.14056395958272,2.40301229919646,2.69905968002321,3.39331770358585,11234.3188014545,0.999832888900249
"L_out[224]",2.44301748426013,0.00419704187319956,0.431967792368749,1.70175115503947,2.13236985827931,2.40950928977347,2.70249711790318,3.39493785134465,10592.9306632595,0.99977030648063
"L_out[225]",2.44861378938549,0.004378815736417,0.443917399108525,1.69487389758205,2.13422970018118,2.40761840117569,2.72023553604095,3.44466150722004,10277.5830359465,0.999800254412014
"L_out[226]",2.44249048908737,0.00409310290236694,0.439667443942312,1.69336412693687,2.13200704764731,2.40477927164717,2.70837528085369,3.43085419127047,11538.3389050623,0.999821263669602
"L_out[227]",2.45085447167416,0.0043351715033447,0.447645987509829,1.69002892165541,2.13471582075313,2.40948553325347,2.72065540824179,3.43690208842372,10662.4455309184,1.00014202724687
"L_out[228]",2.4561441416148,0.00425621533204349,0.441465650957371,1.71413135020453,2.14076050834646,2.41886025376889,2.72320665826979,3.43116471061583,10758.3743661997,0.999802594155525
"L_out[229]",2.44713081104556,0.00407017844209764,0.438709549746879,1.69164384769103,2.13871497573958,2.41302863431807,2.71305741334074,3.4263159797443,11617.8904470502,0.99965576113591
"L_out[230]",2.45050418855819,0.00436530138806554,0.44217984987224,1.70605068361364,2.13138441998781,2.41229969732326,2.71964454513631,3.41895081734144,10260.5213584848,0.999803086533408
"L_out[231]",2.44826783218155,0.00465082402923806,0.445542233735817,1.69203560534416,2.13842918783745,2.40504541689571,2.7107068646035,3.44398468312726,9177.36364167592,0.999943522596514
"L_out[232]",2.44300669369927,0.00406764117331024,0.438546758969166,1.68797760420769,2.13648129826161,2.40322791792862,2.71154883277251,3.40807490602305,11623.7575320819,0.999953004457139
"L_out[233]",2.44537539969634,0.00427809485499566,0.443645091659713,1.69137020865169,2.12790773680978,2.40562997238402,2.72029000305193,3.40569602709284,10754.012643183,0.999758641510071
"L_out[234]",2.44233807668685,0.00401444613023934,0.433316342596975,1.69119328230393,2.13219809565783,2.40676965321254,2.71167880029711,3.39774503077395,11650.8837412094,0.999842571995228
"L_out[235]",2.44822173421652,0.00417988365276864,0.449819388813417,1.68718900369105,2.13762865031172,2.40913846166131,2.7199724728848,3.46022323111679,11581.05050556,0.99972204983528
"L_out[236]",2.44912539914129,0.00424302401265149,0.444254010358729,1.69927313095029,2.13447046598657,2.41418781795675,2.72182786220048,3.41907274669949,10962.5537240389,0.999730883833588
"L_out[237]",2.444123166607,0.00433069540920945,0.450083038553267,1.68608467695954,2.12067490170057,2.39776425896091,2.72551036654992,3.4229928198949,10801.1504253203,1.00006231868684
"L_out[238]",2.44915369454523,0.00407645903211757,0.432906003885117,1.69613420906183,2.13616774000406,2.41491856264036,2.71810087598036,3.37880035166043,11277.713403838,0.999857140125134
"L_out[239]",2.45230818740723,0.00420260597685394,0.444326117692656,1.68945232814244,2.14212370340573,2.41357127615034,2.71713907092957,3.44534425764295,11178.0574250232,0.999721793192007
"L_out[240]",2.44575320716564,0.00424593288275942,0.441152937157736,1.70599924104701,2.13235221483493,2.40318202248595,2.71804442936528,3.40377001604816,10795.2349911751,0.999647325111776
"L_out[241]",2.44782620509259,0.00449054506488336,0.448198095500711,1.6894413107279,2.13690789393759,2.40397755011844,2.72182353843923,3.44688919562388,9961.89351954759,0.999655347149201
"L_out[242]",2.44285769382841,0.00430944188677452,0.443431211365573,1.69302954382693,2.13010274905937,2.40356354514799,2.71348209970548,3.42417892486872,10587.9153158145,0.999576032878621
"L_out[243]",2.45260626629265,0.00446948729838435,0.450312384074708,1.6982688470207,2.13549495548108,2.40840317106889,2.725271288336,3.43604332558681,10151.0827141263,0.999799764823238
"L_out[244]",2.45333133585114,0.00413821469359573,0.443006012230961,1.70044811430551,2.13440353871154,2.41846265038585,2.72423165480185,3.42266143863959,11460.2265675344,0.999660327934906
"L_out[245]",2.44245752811987,0.00439414074836384,0.436606070983472,1.70184323341124,2.1342003043742,2.40027465853266,2.70753718898317,3.39759767474148,9872.60163166001,0.999793614329689
"L_out[246]",2.45197937579759,0.00443839583433585,0.452492215863374,1.6900293874308,2.12630097418064,2.41294849528839,2.72464527895469,3.45244525595294,10393.6996200037,0.999728700699648
"L_out[247]",2.45019397241418,0.00450699949516091,0.4425777691357,1.68866987174023,2.13950742520778,2.40752541017676,2.71578201994876,3.43353630003472,9642.8224839091,0.9997813643377
"L_out[248]",2.4474889763429,0.00418733106139934,0.445004321354682,1.70864749587625,2.12830500858942,2.40449591703793,2.726766560885,3.41855203238526,11294.1580069021,0.999744085125101
"L_out[249]",2.4489658453329,0.00426423798033438,0.446519762034772,1.70041339109574,2.12981251088704,2.40451203269856,2.72617162717378,3.44884979436634,10964.7441228293,1.00003252196349
"L_out[250]",2.44510686939869,0.00430330193752695,0.444301783639708,1.70001048937947,2.12754932459266,2.40275549124401,2.71942513142806,3.41985419239904,10659.8839153397,1.00005905017912
"L_out[251]",2.45664517062042,0.00453223937858442,0.440552673762146,1.70751385151089,2.14778311820461,2.41603510707079,2.72849629006928,3.41543855170654,9448.65524333243,1.00030506021821
"L_out[252]",2.45058271641016,0.0044887636708736,0.444562907932716,1.70168185408434,2.13586869341081,2.40743888524831,2.71593048692587,3.45475714979828,9808.73423221063,0.999624706705356
"L_out[253]",2.43855425319418,0.00410054894328487,0.431108323143375,1.70840419019928,2.13360488766501,2.40711903893751,2.69901248565682,3.37335447112241,11053.2200301756,1.00000828888671
"L_out[254]",2.45110373961254,0.00469094211178069,0.452992680799945,1.68279813766299,2.13614571299078,2.40925282265417,2.72217104228132,3.4760039350223,9325.28734356934,0.999974084280691
"L_out[255]",2.4451858206294,0.00414752164627938,0.427409786756297,1.72312290494013,2.13599535919777,2.4084223299503,2.71049308235917,3.36707163541151,10619.6841955173,0.999652150451215
"L_out[256]",2.44947219794091,0.00424170378315268,0.439565406037596,1.69857807153054,2.1441847244191,2.41459802699509,2.71507467617082,3.41544148039955,10739.061731022,1.00012174308675
"L_out[257]",2.44846748218748,0.00427446855537338,0.4355959745804,1.7022714780546,2.14367451123034,2.41035614455185,2.71009237185628,3.41391730353558,10384.9273393312,1.00040022620395
"L_out[258]",2.44838397072577,0.00445045189342121,0.438946627996174,1.70491743252206,2.13617682232331,2.41181025553455,2.71928869342564,3.42104962673425,9727.81297432214,0.999816443227558
"L_out[259]",2.44590386875218,0.00431335817808851,0.442672475011031,1.69663167298809,2.13583134545653,2.40753463696124,2.71363920733088,3.43419087650861,10532.5611990119,1.00012886528672
"L_out[260]",2.44617559878475,0.00434528112527513,0.449536213884091,1.68184911743317,2.12919038319298,2.41249872456189,2.71787528046755,3.42948475432727,10702.7063243172,0.999732296238485
"L_out[261]",2.4463719169019,0.00389713817534626,0.443833930680901,1.6836636686174,2.12854296957404,2.40564302914828,2.72721489080836,3.4156195128095,12970.2812246558,0.999656161190628
"L_out[262]",2.44723294878759,0.00422113936210617,0.445746222503041,1.68498669151863,2.13629273622995,2.40413076725998,2.71506482407664,3.4332710325825,11151.055088818,0.999731759293313
"L_out[263]",2.44679035046607,0.00435606504617036,0.447224294060238,1.68809077607389,2.13349395394037,2.40873868748999,2.71604790618607,3.43761254534179,10540.5206179041,1.00017924245035
"L_out[264]",2.45395245032325,0.00430139147049192,0.450006206560504,1.68979747458099,2.14069418087025,2.41349447211336,2.72864124984574,3.43996842318939,10945.0832240296,1.0000067739946
"L_out[265]",2.45051215329221,0.0042682975242091,0.435887606291296,1.70193015043946,2.14671982164897,2.41718777535765,2.71490664481843,3.40415669150593,10428.9280789249,0.999948580447967
"L_out[266]",2.44614055610293,0.00450820692292464,0.439142113389916,1.68600455406132,2.1315277201288,2.41030012061315,2.71831361462736,3.41573284949739,9488.60771413716,0.999832452631465
"L_out[267]",2.4443006846367,0.00428425581762491,0.440937254295801,1.69926439587028,2.13189730683365,2.40191731226831,2.71348937736113,3.42146331094482,10592.6054615227,1.00005939754242
"L_out[268]",2.44738640710981,0.00428984278116556,0.446663940924858,1.69511835608293,2.1367805364892,2.39758197046254,2.7211457048287,3.43517966424807,10841.2418979127,0.999900186304182
"L_out[269]",2.43524921166236,0.00401876872622727,0.42724061107538,1.71028073338313,2.13200316840127,2.40200885615816,2.69466756162961,3.37317206103358,11302.0969196816,1.00068023716211
"L_out[270]",2.44725330021597,0.00409945790251873,0.437531260965196,1.69300338372662,2.13979029817564,2.40541407318285,2.71782797551795,3.41409979216918,11391.0908175941,0.99974561118537
"L_out[271]",2.44925598582804,0.00429988490865873,0.443707664198046,1.71939974682697,2.12859028548658,2.41086513082214,2.72359533182389,3.42956536136474,10648.298034527,0.999571135741905
"L_out[272]",2.44814248160148,0.00422151492219731,0.435647804648252,1.70558974178913,2.14419655535919,2.40892592335693,2.71278538854963,3.40858426574218,10649.6271268036,0.999610737576361
"L_out[273]",2.4433524790533,0.00401269653496643,0.432607838040403,1.70671613865602,2.13414358726569,2.40630053791979,2.7056025154787,3.38926457462082,11622.9436877914,0.999889878943685
"L_out[274]",2.44708405008622,0.00429996237099753,0.443859171313287,1.69998002179085,2.13087494020691,2.40866478471365,2.72041427452598,3.42662399568428,10655.1872397407,0.999663041518254
"L_out[275]",2.44304215696333,0.00429619292083293,0.443241400922676,1.68805592049996,2.13144198066252,2.39791657423379,2.70913971802283,3.4345744927405,10644.2015007765,0.999837679587712
"L_out[276]",2.44994896227158,0.00454375311718365,0.445469213697452,1.68917487212765,2.13320642027035,2.40717471987491,2.72489055515539,3.43525935219858,9611.82684525273,0.999722961825904
"L_out[277]",2.44763906358139,0.0045345467740625,0.445845793558052,1.70045599780041,2.13621983955287,2.40334518749205,2.71260249227947,3.44033398424896,9667.21939778548,0.999752397083649
"L_out[278]",2.44475728039496,0.00423757133490026,0.437356809081834,1.69890848785786,2.13410132461749,2.40868683034338,2.70774197204126,3.41234255480923,10652.1614529842,0.999852317224463
"L_out[279]",2.44384423466065,0.0040649164820315,0.430715599971754,1.70286055235541,2.13756365139722,2.40453818518711,2.71025464440666,3.38766138585679,11227.3677812791,0.999912225494383
"L_out[280]",2.44529297739356,0.00443616652180404,0.445883893500152,1.68945992090988,2.13317098918066,2.40336941329272,2.7087574272484,3.44894416757817,10102.4774444636,0.999712422034969
"L_out[281]",2.44263626242489,0.00433352748395373,0.437105394244086,1.71179618088221,2.129571520484,2.40558726581773,2.70810645482976,3.38234598408251,10173.9411599936,0.999882365032427
"L_out[282]",2.44906194459084,0.00438964063109128,0.452101072323632,1.69757554575558,2.1236436229692,2.40461560969563,2.72628096921486,3.45076131494887,10607.5024332573,0.999986240834621
"L_out[283]",2.44890979628073,0.00436153267917702,0.444869981344489,1.69116388252027,2.12717412813606,2.40926757918168,2.72653570349533,3.40827101569028,10403.7029060919,0.999586022880966
"L_out[284]",2.45083011879841,0.00441062043486479,0.447287106811507,1.68496924121921,2.13568294314032,2.41020893493513,2.72619828760969,3.43183037067175,10284.2680788375,0.999721346379399
"L_out[285]",2.44983597180746,0.00444575332428261,0.443212522436974,1.69038313855985,2.13805036120039,2.41259222024255,2.72417443060538,3.42114478558863,9938.78557357003,1.00051098185709
"L_out[286]",2.44450501405734,0.00432291119618152,0.442755266902535,1.68814629697842,2.12772184127359,2.40468792019171,2.71061264414953,3.42758515486613,10489.9844429291,0.99978685593072
"L_out[287]",2.44684807912951,0.00414724264287942,0.444510753956589,1.68242917787439,2.13276100587827,2.4098836367241,2.71748823620251,3.44278754867273,11488.0324509449,0.999823186803427
"L_out[288]",2.44698214224738,0.00424980794219802,0.432913052614403,1.70789626627267,2.13401889471804,2.41629833483085,2.71015694286652,3.38685892142199,10376.7834325265,0.99974420804365
"L_out[289]",2.44786271670822,0.00421750322713631,0.436908082469919,1.70066314076591,2.13798424415518,2.41203181288774,2.71813797846981,3.42005741014493,10731.7194474247,0.999637262755662
"tau_bar_out",2.41981737326257,0.00227754569640641,0.237587070571488,1.98492356038857,2.25574215940049,2.40902249815281,2.56546323661435,2.92103516699248,10882.0672828246,0.999733615825599
"C_total[1]",162.265446624129,0.387751359645881,38.1449682633997,99.8161434220791,134.860670756638,157.859788575205,184.944365050394,249.006832567343,9677.60422234552,0.999763086859593
"C_total[2]",88.1403991526717,0.200238382229276,20.2532183636027,55.4201094419937,73.5704903184168,86.0452444335492,99.9560542629166,133.844118708088,10230.4193165956,0.999605432866703
"C_total[3]",88.2042141636531,0.197080220569494,20.1186592353456,55.1341884392894,73.6651006918826,86.1841509765578,99.9461061077622,132.983693205193,10421.0622496537,0.999781046400865
"C_total[4]",88.1967130449619,0.210496581624119,20.108073204322,55.6103336930523,74.0100638985286,85.9798394445781,99.685387540503,133.002539868318,9125.37709772978,0.999731224240968
"C_total[5]",88.0575600966107,0.193684062381213,19.9628399165648,55.1943200636637,73.7497266134084,86.090664689133,99.9004300829693,132.946582392943,10623.2371638192,1.00002037215658
"C_total[6]",85.7997930847543,0.184008568399551,19.1536486732959,54.4960723465178,72.0207768100545,83.5577962611075,97.4204691701313,128.540953898585,10834.9507399498,0.999800316746389
"C_total[7]",162.715655443304,0.392913512298738,38.6824157608949,100.463057066242,135.071649011812,158.204720753041,186.114379158996,251.38754237885,9692.44282836762,0.999640349674459
"C_total[8]",162.476831718018,0.383391922374602,38.0677535090411,101.175452025233,135.413861856415,158.688894072421,184.80477593455,248.071542644442,9858.90268976486,0.99975711167009
"C_total[9]",88.3011774064015,0.195381573027992,20.2853540131509,55.9021449513119,73.6369067111737,85.7708998427228,100.297985012483,134.747999868526,10779.4841658534,0.999628482840669
"C_total[10]",88.1679841596902,0.208535913792521,20.2906345480802,54.6925150029292,73.8112015155192,85.7823580026415,100.483691392209,132.821799852985,9467.37411269535,0.999928944219586
"C_total[11]",88.2343892614071,0.200677622056929,20.2137037793498,54.9813728960156,73.9554085404416,86.0736101801565,100.142931070917,133.889081967582,10145.9776608286,0.999847724613521
"C_total[12]",88.2124917353027,0.206802581661967,20.5771789188471,54.6647168269565,73.5495110047439,86.0338895480762,100.380600279777,134.274086733279,9900.55989533006,0.999765729234193
"C_total[13]",88.1334536322433,0.196696362923232,20.2755039177785,54.8558308586541,73.6128721936533,85.9401005968762,100.289278822081,133.882787099109,10625.5312882627,0.999909063898488
"C_total[14]",162.335386875822,0.378680779369155,37.897117043453,100.418467474054,135.78745354416,158.330547781379,184.320939155281,249.34914902397,10015.3428652461,0.99999973609989
"C_total[15]",161.960001560105,0.381493036966605,37.7619090669371,100.683474423088,134.253506899331,157.640702574385,184.840127782078,247.028602776405,9797.93723356238,0.999660385777311
"C_total[16]",88.1873816189156,0.206014339870902,19.8655536485602,55.5806744769561,74.2461223772971,86.1796095383338,99.8685812858157,133.431970613866,9298.36188331776,0.999760117037434
"C_total[17]",88.0428646601824,0.203567158484645,19.9471167426377,55.1413037010924,74.1171379357828,85.7717378168422,99.7509665659443,133.88416524995,9601.62698081544,0.999736824207784
"C_total[18]",88.0210799846313,0.200343581867003,19.8478691080922,55.1545233996505,73.886738963184,86.0947781748133,99.364486980471,132.075980393937,9814.69721809938,0.999583356771553
"C_total[19]",88.1840841004906,0.194676835770564,19.9740726817653,55.1256020096794,74.2334703089339,86.0233352971439,99.9748208313078,133.604021030747,10527.0017295099,0.99980848394334
"C_total[20]",88.2270577087715,0.205640542988464,20.4660350534153,54.7967291703227,73.522877112767,85.92467067783,100.264118712598,134.941740558754,9904.89653643072,0.999850848725732
"C_total[21]",162.659744841785,0.40836066934096,38.6676606407411,100.5780926034,134.782327589764,157.628629521539,186.177922451918,250.960102303528,8966.19093414314,0.999955043594728
"C_total[22]",162.179085145581,0.389061457169135,37.8034937848416,101.176296422969,135.113562738667,158.044801608856,184.967722635873,246.052404685782,9441.20570123014,0.999631865999173
"C_total[23]",88.1173661367632,0.202179210156783,20.1140122454786,55.1744066556886,73.8332723125137,85.7639329118203,100.019072169661,134.081320811095,9897.47535987466,0.999829484637652
"C_total[24]",88.0117776547296,0.190658380346178,19.8213603901123,55.7765826854227,73.553390036744,85.9456722559542,99.9926792067361,133.202271600709,10808.2434184608,0.999896302758864
"C_total[25]",88.0280572865707,0.196831185624661,20.0139987630834,54.7370594781955,73.7665582064596,85.7690063973007,99.9230735374926,133.79362001068,10339.0329700982,0.999738574816851
"C_total[26]",88.0391782094911,0.20746116809695,20.1857080607924,54.8970925551318,73.3416169244372,85.9453717801572,100.394597640226,134.077624319191,9467.04274765633,0.999768085203119
"C_total[27]",88.062702334324,0.196408136046247,19.8255718529219,55.4851329680508,74.0339940561663,85.8082988103175,99.7419726411798,133.483422353982,10189.0219508051,0.99977395084836
"C_total[28]",162.100065175043,0.371775670547781,37.7222915103154,100.403584022494,135.033933271655,157.857739591746,184.737533946321,248.918945121791,10295.1861249456,0.999760229000556
"C_total[29]",162.542158545976,0.401457132875881,38.6189801356408,100.602481368347,134.824794042896,158.27373759734,184.96881974372,252.880414643925,9253.86679836959,0.999885124168447
"C_total[30]",88.1821352970564,0.204078920375685,20.2139125414079,55.0135082465432,73.9361450652732,85.865394887301,99.8071667006254,134.252798500087,9810.80104064426,0.999692194658114
"C_total[31]",175.048895383434,0.505685733249246,49.0014125996401,99.39584375972,140.463088611377,167.937832108496,202.413666361003,287.909657142561,9389.78822667934,0.99990344484088
"C_total[32]",89.3419211831196,0.262739126727756,25.8761759946363,49.7743466884155,71.0037637798241,85.391076651404,103.975965852895,149.737253874042,9699.52995004838,0.999610331844518
"C_total[33]",44.8913634252858,0.108632741558828,10.5716892555867,27.6759611436627,37.3532828589015,43.6113782899821,51.1256772855209,68.7567577912223,9470.37765857748,0.999872818395372
"C_total[34]",44.9181465156015,0.107003892591208,10.4626878895999,28.1170410386693,37.4202319662798,43.7438874400129,51.1795336493265,68.4908176662395,9560.64927685044,0.999734698529274
"C_total[35]",82.6594325825591,0.198101670701604,19.9390198672747,50.7786208571691,68.4373207672216,80.1288122611723,94.2969822199687,127.1028899916,10130.5106112918,0.999733804706865
"C_total[36]",82.7319506194335,0.199095683353703,19.7945082694745,50.4292670042931,68.516524438336,80.7440307334298,94.4599489274813,126.956552000125,9884.75130129758,0.999706999395996
"C_total[37]",44.9143306855052,0.108444795478231,10.5818756671833,27.7284008313643,37.3764398789779,43.6203309507144,51.1206884117595,68.7303460051552,9521.55500908591,0.999801860098689
"C_total[38]",44.9838809899651,0.107222587607012,10.6378609124846,27.7517770449024,37.3239504982785,43.7545288839378,51.2363828092143,69.2086465260283,9843.19406805416,0.999686734911618
"C_total[39]",44.7923703053673,0.104927242430623,10.3116239305419,27.9886167486873,37.4977667352167,43.6637756254708,50.9662884286463,68.6144992319424,9657.78677088076,0.999656745969801
"C_total[40]",44.9008354123259,0.111365895981436,10.6311415291382,27.876669230711,37.3500918579623,43.5636478237146,50.931503605606,68.7965563251652,9112.87406656235,0.999779366258841
"C_total[41]",44.9038036791529,0.109777149530971,10.5624377124878,28.0732459360915,37.3453370143118,43.6171348937883,51.0761302744727,68.9337350698069,9257.72812079932,0.999734930541395
"C_total[42]",82.6425787024752,0.203480989709196,19.6342694110416,50.8605426035408,68.403108102065,80.452808116031,94.3344714149891,127.530599988104,9310.68875738982,0.999766020608969
"C_total[43]",82.834648665832,0.202963193132361,20.0422828032129,50.8031980089452,68.50665879339,80.537082728498,94.6001162031874,128.556690548784,9751.2389345336,0.999675175846327
"C_total[44]",44.9065851146537,0.108746126834932,10.6667315764992,27.7056978068976,37.3755731922269,43.6206286098157,51.1578029446933,69.2931876234172,9621.33058685352,0.999800125769263
"C_total[45]",44.9175846277914,0.105841092768151,10.5565878280952,27.8761284581945,37.2949102358622,43.7608802430088,51.2262876765452,68.325734793851,9948.06238952498,0.999731742133142
"C_total[46]",44.9501280020592,0.108293873288611,10.6303023382844,28.1808077312536,37.4611464952991,43.5959978364431,51.0768086887095,69.8935988808035,9635.7041852487,0.99967231226483
"C_total[47]",44.9287790887818,0.105005131002625,10.5954432464381,27.9072158997645,37.3796584917119,43.7230379061687,51.1068269235284,69.3215283144557,10181.6278012745,0.999662092636329
"C_total[48]",44.9171070837085,0.109197046319649,10.5822918243082,27.9665431335053,37.4170626659599,43.5719887025667,51.2192901145981,68.8985818330071,9391.55886595003,0.999953201829219
"C_total[49]",82.7059729880132,0.200815922517941,20.0001124185447,50.6023516718631,68.6362163015855,80.389680279115,94.5202011588765,128.431994314025,9919.01585042862,0.99976525769235
"C_total[50]",82.480901716645,0.206636216857234,19.4721828267916,50.9706004424716,68.5761755372616,80.406861964509,93.8280796076363,126.684966345814,8880.07007549653,1.00007801103306
"C_total[51]",44.8903485205371,0.106452397883611,10.5594844154468,27.925002166967,37.4478407692403,43.6634726657058,50.9008303510817,69.4474209210574,9839.53398371436,0.999745443673759
"C_total[52]",44.8388736668281,0.104958473578929,10.5433804008032,27.9645192642077,37.2035034611778,43.6178266479213,50.9745755644042,69.3330291723758,10090.7800463582,0.999876597009885
"C_total[53]",41.7355819596903,0.105147862277914,9.80092233078986,25.6268062469703,34.8194284890635,40.664800952305,47.4432028094797,63.9493513356057,8688.26382038531,0.999625181068216
"C_total[54]",44.9289789629081,0.105747535078978,10.5320864171352,27.6866928629979,37.5992811711531,43.6201312434581,51.1900412351853,69.0178585795223,9919.46665425361,0.999975112946981
"C_total[55]",44.9510789246231,0.109992551800715,10.6143562597622,27.7497544750456,37.421488258119,43.7026314214014,51.0510304226265,69.0515050688187,9312.38161957416,0.999718563115606
"C_total[56]",82.7003289665224,0.204967492822785,19.9902948861737,51.0911363949649,68.5473956979309,80.3847740075543,94.1307398513669,129.682291295681,9511.92513926467,1.00001663655865
"C_total[57]",82.8659679810478,0.200648322275025,20.2296821944808,50.3532528079943,68.4861350633923,80.564691174453,94.5529766767658,128.260107974592,10164.9923185967,0.999664390939411
"C_total[58]",44.7955556474095,0.109911740942709,10.5320307481397,27.5725823322593,37.2176580497433,43.5895168944158,51.0473213350947,68.46259338544,9181.97408911336,0.999710355545713
"C_total[59]",44.9107639356643,0.102629415854617,10.3759277104448,28.149630020126,37.3183078515698,43.6402601517482,51.2397536258179,67.8385756195962,10221.3947412139,0.999630938187274
"C_total[60]",44.9918016580167,0.107278929827423,10.4824432939526,27.9859999324691,37.5667155762361,43.8848403785722,51.1939822941739,68.509846857934,9547.6431462363,0.999769675314404
"C_total[61]",44.9015026461755,0.105757070628633,10.5195570782195,27.9198253264147,37.5376501143026,43.6763728511232,50.9397398940084,69.0438331324325,9894.09516595499,0.999602692770263
"C_total[62]",44.9772615646154,0.107134222231652,10.7159853398801,27.8070959778186,37.2794631751885,43.6234958031176,51.2524502595337,68.9895197045375,10004.7854425337,0.99964093840075
"C_total[63]",53.4419114353596,0.142414442195936,13.9707412543334,31.3547492016122,43.4961324743168,51.7591334720205,61.2787193539792,85.6468816016826,9623.45084529499,0.999983331986315
"C_total[64]",53.5120446412617,0.140065149020653,13.8968897512063,31.4015215203345,43.6864969811047,52.1093282230086,61.4238038165283,85.5668862196168,9844.07806134947,0.999824212799329
"C_total[65]",28.9587637765064,0.0700439504751134,7.29248043455202,17.265802471523,23.8705632530027,28.0777032012326,33.1133452659748,45.9703136386344,10839.5007716363,0.999839571952476
"C_total[66]",28.9102353901689,0.0685662304371873,7.07505674987189,17.6200314860087,23.7664642294871,28.1252161473651,33.1497288175797,44.7142835489563,10647.2955042698,1.0001188633761
"C_total[67]",28.8500426409845,0.0705922074789096,7.15280878001084,17.5471924867904,23.7482151686764,27.9858884378867,32.9177988787952,45.5488659845787,10266.908798833,1.00013623483932
"C_total[68]",28.9315153158525,0.0696041697251142,7.26401654628089,17.358750379149,23.7073136105559,28.0795706707946,33.163311309748,45.2747180387248,10891.3856178917,0.99964089091811
"C_total[69]",28.9305230718913,0.0683360600555159,7.3204813230301,17.3934690849199,23.7558893895522,27.9832248637764,33.1721781726558,45.8344712150867,11475.70570932,0.999848726438707
"C_total[70]",57.7050396116125,0.168375480271545,17.5827000918692,31.0159647334783,45.085856919861,55.2022807476341,66.9933535700116,98.7446436984436,10904.692959927,0.999666609613501
"C_total[71]",53.3259201798595,0.131034520570216,13.8675724597557,31.221554636533,43.361257063646,51.5561106754613,61.2832705459984,84.8093308228014,11200.2944324527,1.00006881801508
"C_total[72]",28.9871246321183,0.0700901334650375,7.24612120232939,17.367840583423,23.7816561254288,28.0442344773546,33.1315528407462,45.7152103703501,10688.023845224,0.999718473110605
"C_total[73]",28.9494505297859,0.0690028483708492,7.331861438479,17.1771629778001,23.7566537906948,28.0592594358374,33.0078103093066,45.8278177428576,11290.0134924182,0.999828888535639
"C_total[74]",28.9712518526528,0.0702690026892647,7.23667263775969,17.1437496327229,23.7605952688737,28.2478806752043,33.2917035886494,45.224756149234,10605.9670773718,0.999735320339688
"C_total[75]",28.9156219736976,0.0706316364977819,7.24566203072132,17.4808815195834,23.6944128033788,28.0784535130835,32.9730614759413,45.5549146374808,10523.4370639694,0.999939909389029
"C_total[76]",28.9188661346957,0.0685782828327118,7.17096542123423,17.3120950152609,23.7896315044789,28.0829951595683,33.1408640502309,45.284272903789,10934.0748825614,0.999849368424327
"C_total[77]",53.5633846690342,0.137016781641783,13.8315929910972,31.267694232871,43.7431704631164,51.9526068891629,61.5025420130379,84.4985087623879,10190.5324738832,0.999909460190726
"C_total[78]",53.4181375114652,0.13768484947911,13.9373194977796,31.1864697383859,43.3438088900008,51.9014049519253,61.5004873466752,84.9802653231348,10246.7514881527,0.999669279034169
"C_total[79]",28.9178623079816,0.0692045471197283,7.20601825429097,17.3790728049876,23.8261833287169,28.1139474462301,33.0492790912264,45.6188314817239,10842.3008548072,0.999776497619638
"C_total[80]",28.8817704146714,0.0720024934117568,7.2314830243504,17.2613596259798,23.652459665932,28.0180609468352,33.1070070899967,45.2585667314645,10086.9453969848,1.00001207794127
"C_total[81]",28.9432795049425,0.0693473520819464,7.30711452883566,17.0614056867174,23.8117591691403,28.0540225554902,33.0959254852016,45.6678197748848,11102.788399014,0.999958431582787
"C_total[82]",29.079068601225,0.0680117442990611,7.35182247595944,17.3514943505774,23.758275108814,28.2136948919051,33.3296030944695,45.7604532941362,11684.8245709894,0.999773377340269
"C_total[83]",29.0787375579495,0.0681692659806977,7.22835740133862,17.4015565020221,23.9776638838251,28.1598698285561,33.2705625743123,45.7971598779008,11243.5123228617,0.999904853279381
"C_total[84]",53.3552131500246,0.135238523087533,13.8709782798145,31.1064484501874,43.5072050980794,51.5744276661219,61.6226883984865,84.889985536163,10519.9419853849,0.999724032925598
"C_total[85]",53.4747681317215,0.137176120477784,13.930617904263,31.3938372309404,43.6316020635715,51.7683768912786,61.2403337731271,86.0604227605177,10312.9693764605,0.99958430153573
"C_total[86]",28.9919696177599,0.0707498384195221,7.23885759690666,17.3849483710642,23.900219241936,28.1177083170056,33.2328479656905,45.7316300395758,10468.6133993139,0.999962146540288
"C_total[87]",28.9142580178329,0.0708329382485307,7.18805777943586,17.2830090205828,23.8381814084757,28.0855670658315,33.0398135107077,45.1020200272809,10297.9932831099,0.999662330338992
"C_total[88]",28.9325605438209,0.0698104053309277,7.208123879929,17.4327513692662,23.8609447200232,28.0569292186872,33.0000486542274,45.3229136095379,10661.1527188084,0.999787236028599
"C_total[89]",28.9491914958673,0.0705437632930302,7.23426036415209,17.4208078356571,23.6953811335031,28.1572803307946,33.1454902739802,45.2719302932322,10516.4950525176,1.00012427993321
"C_total[90]",29.8156703656917,0.0691359676808108,7.29463529873937,17.9791742159983,24.6574206794357,29.0149298737077,34.172643023562,46.3384851978376,11132.6633388778,0.999954977888824
"C_total[91]",58.1211483797123,0.137224779356013,13.5734015184026,35.9869856439184,48.4160981519518,56.6774958075118,66.0237462105717,88.5872136376994,9783.90687208117,0.999905146561921
"C_total[92]",57.8860839073271,0.137880763671739,13.5320449518376,35.9294703657274,48.3995953236723,56.1764450632571,65.7829265108922,88.3172542357013,9632.06718747346,0.999845088225113
"C_total[93]",31.6069831753369,0.0741097007565843,7.21037312525164,19.8442886376101,26.5219958188615,30.8826941299633,35.8066421484768,48.0131579231904,9465.97513577814,0.999779778163868
"C_total[94]",31.5291247265419,0.073043049648497,7.19255728503636,19.6669750420177,26.4566911856132,30.6894335457488,35.826363574488,47.60149777621,9696.36297165614,1.00003042409209
"C_total[95]",31.5584204254117,0.0722157998392352,7.1730538168803,19.6310810339822,26.5455417476467,30.71833072874,35.8780301347395,47.6968723503285,9866.05942520455,0.999788326591404
"C_total[96]",31.5500570620496,0.0758109621656716,7.2781023118511,19.6323820331246,26.3301131367794,30.7947879638659,35.8685501514334,47.8476945940563,9216.6330227243,1.00009500248935
"C_total[97]",31.5403930355418,0.0714774281874425,7.25006907392622,19.6979271520808,26.3515927195112,30.7645216559192,35.73231013432,48.4981284019978,10288.3671200311,0.999801537491782
"C_total[98]",57.8900393214175,0.133951197279018,13.5445077206135,35.8462015064633,48.2930200824952,56.3598002186633,65.8057848054308,88.7938073067608,10224.2921519701,0.999874617214587
"C_total[99]",58.1032220691857,0.133970821157792,13.5981231335945,35.7577315053521,48.4572057292982,56.5354070559402,66.327343489785,88.4655618298817,10302.3784729576,0.999941275368923
"C_total[100]",31.5292038342708,0.0744229511602982,7.27951898760212,19.7390364914093,26.380129065949,30.6313130377469,35.7439848428227,47.9940048593888,9567.34844475041,0.999772975964236
"C_total[101]",31.572923186096,0.0729738617306218,7.21277642980369,19.9729524240925,26.5500351423172,30.7963119198709,35.7628877012133,47.9012575437689,9769.45378448066,1.00040297112431
"C_total[102]",31.5310380061734,0.0751704930189634,7.23213329379839,19.6821736620657,26.5037642850449,30.7324448280491,35.8237104521662,48.0533448822645,9256.3133151509,0.999670156816723
"C_total[103]",31.4855207876156,0.0693597155504009,7.21458342293021,19.6360594435107,26.2729678663556,30.7048955335903,35.8911818849363,47.4325080603334,10819.5179645569,1.00000225044187
"C_total[104]",31.5507360342277,0.0715893130661308,7.21275044255174,19.7447506013065,26.3695964590857,30.7782101044933,35.8936694011943,47.8060554958561,10150.9203911329,0.999753689001043
"C_total[105]",58.25986644266,0.139134279239374,13.7975101125629,35.7233134831154,48.5630534170932,56.8130580707572,66.356191278124,89.062978193599,9834.06686640653,1.00023571943492
"C_total[106]",58.0650999582196,0.135681714740489,13.719112346106,35.8996263682641,48.4519191742665,56.5114328131091,66.0368235093206,88.8333298169453,10223.7301510209,1.00007726076279
"C_total[107]",31.6074274865184,0.0706949222541945,7.21440198701497,19.7129600511693,26.5262680248757,30.8315441494379,35.8168813921551,48.068800921407,10414.1596878586,0.99977535697119
"C_total[108]",31.6122454197169,0.071173853243874,7.25547966151568,19.8870907497796,26.3442647826538,30.8423754103752,35.9838587256228,47.9009791693593,10391.812474283,1.00026454699475
"C_total[109]",31.5329283416908,0.072178034847395,7.27811728024976,19.6245020081418,26.2315057427489,30.685467975375,35.8774003751593,47.8489293107479,10167.8233393863,0.999982608954394
"C_total[110]",31.5485836455418,0.0720580495702511,7.18506851039373,19.5593085836904,26.4431952286138,30.8155504692151,35.9243130621629,47.5552840298826,9942.52797658409,1.00006931717778
"C_total[111]",31.5260002785988,0.0712831684075184,7.10697422687397,19.7014614667378,26.4802399305869,30.8104922461969,35.7497354775152,47.2821070912071,9940.20842840637,1.00009188309468
"C_total[112]",58.055706276191,0.139730340166955,13.7457069525689,35.7258023323508,48.3467109980599,56.4958862096785,66.1402224255838,88.7345381495047,9677.26712223738,0.999804982718391
"C_total[113]",58.1966553838417,0.132015143977756,13.5410500664523,36.1365144090883,48.5056311863499,56.5651863581505,66.1581211354464,88.6546629884833,10521.0038687592,1.00016199364885
"C_total[114]",31.5419653701634,0.0748961744515671,7.24566815234368,19.6671164038806,26.4130210727075,30.7808681942119,35.7470937869795,47.9480074171714,9359.1758790473,1.00009717049587
"C_total[115]",31.46844892096,0.0710605602029109,7.1177971070305,19.5994935805377,26.3432404675887,30.6900888455551,35.7742621774864,47.2903862265408,10033.0725972282,0.999952237702948
"C_total[116]",31.5734762532548,0.077746299760717,7.33240285347119,19.7064927923223,26.4177846152371,30.7370239371247,35.8221573792626,48.104578904608,8894.73837573923,0.999976945521926
"C_total[117]",31.5633715424505,0.074167579471736,7.3579470705244,19.5915161567523,26.2887170038311,30.6819151175431,35.8634149573966,48.1896284676528,9842.03958696123,0.999930833141811
"C_total[118]",31.5128788788608,0.0722286125804804,7.2423323068055,19.690388792454,26.4092085425114,30.6984584228982,35.770985589746,47.9267139249315,10053.9877276564,0.999726368624516
"C_total[119]",58.1668476476005,0.142808264530511,13.6417549578807,36.1457841780584,48.5236462906747,56.5572840105536,66.2933498887792,89.4240007249097,9125.01958962002,0.999812010629201
"C_total[120]",57.9260071667529,0.134353321901007,13.5159394280006,35.2687494398415,48.4024875208956,56.3525990646394,65.8903805277089,88.4138412883473,10120.3528788195,1.00012120754251
"C_total[121]",31.5393821586099,0.071902588324432,7.22159499671598,19.6727099392045,26.5411493729799,30.7142520907715,35.8018431369102,47.7186647634484,10087.3527607868,0.999679211999346
"C_total[122]",83.833371087811,0.179445452903584,18.6045590250404,53.0656107597825,70.4448588512642,82.0430548564565,95.0001487553459,125.522961315705,10749.1431207222,0.999781905160639
"C_total[123]",83.8117865088666,0.185888371782034,18.2556976901547,53.0593375148928,70.8990651069737,81.7776752831067,94.7194196990112,124.967433927879,9644.78217930568,1.00104469562565
"C_total[124]",83.7539501071176,0.198314126185936,18.5457703463985,53.3275903281353,70.6373054894041,81.5786929622673,94.6699852583487,125.670840229877,8745.45589242232,0.999935746226566
"C_total[125]",83.7301394690754,0.187567986497176,18.2324149101674,53.5168323452618,70.8262462671317,81.7993599574264,94.6953713066739,125.238211248772,9448.67602171854,1.00004677175642
"C_total[126]",154.302705737938,0.357757589476844,35.9021961093344,95.348168979038,128.384626094731,150.451036381186,176.417283314077,234.797192094429,10070.8080498014,0.999800887464241
"C_total[127]",154.508752640181,0.347147053770355,34.8191735503472,97.0423555642641,129.281907931947,150.841332550511,175.30284171422,232.777380082695,10060.2772583167,1.00010436854447
"C_total[128]",83.7776776361054,0.181318727516834,18.3803357844238,53.8655111992074,70.6943234578827,81.7943164788151,94.5979550387187,124.996467331021,10275.939936491,0.999739543368111
"C_total[129]",83.8944874455124,0.179873269139575,18.2338352926637,53.7664708671354,70.9761213316782,81.7286327994677,94.9197784419479,125.157805671384,10275.9693245966,0.99989639079047
"C_total[130]",83.5268491025119,0.187497126080633,18.2661829284177,53.1486514476007,70.5777811201589,81.8184632658941,94.5617906134325,124.596538133392,9490.87764486917,1.00045049330739
"C_total[131]",83.7914717385395,0.185513630215503,18.1837600522727,54.1160357188909,70.7860986813557,81.6953527801087,94.5197746587485,125.521280239447,9607.61819383482,0.999867341478271
"C_total[132]",83.5632783164043,0.182412565319415,18.1891218850955,53.8747617105336,70.4753975886092,81.7551068498143,94.5777287387923,124.304009344906,9942.92044002379,1.00005248570787
"C_total[133]",153.943278993105,0.355238812557698,34.6234583377959,98.0873000031695,129.226545486946,149.630473868131,175.45928232295,230.19286299445,9499.4851980666,0.999753860713875
"C_total[134]",154.480468966773,0.355276525628624,35.8239681735699,95.5385285970118,128.839546330658,150.43149026845,176.029698314507,235.130107889015,10167.50406393,0.999948250400653
"C_total[135]",83.7382635334843,0.187367575524968,18.35095208401,53.5429336841418,70.3746618627653,81.8459039138536,95.1365691775739,124.578061109283,9592.42314024015,1.0001655677358
"C_total[136]",83.6850214086415,0.186760308810353,18.3024103991377,53.3007585907423,70.6078025310676,81.7941021672393,94.9609600477444,125.308168631239,9603.89519537095,1.00018105798949
"C_total[137]",83.8537626234525,0.189952404342971,18.4718766989416,53.5831745376978,70.7410614406661,81.7532641607255,94.685223703685,125.781394740008,9456.54409201329,0.999790006612304
"C_total[138]",83.6544937038865,0.186056499236065,18.6382202524774,52.9823452717783,70.4700648095411,81.5646903634228,94.6909099353848,126.13387510803,10035.0418686601,1.00026935866774
"C_total[139]",83.7554248747023,0.182391305752576,18.3660695983113,53.6049181250698,70.8212144177165,81.9876814908231,94.7299298499284,125.30182700279,10139.6785354384,0.999817134524138
"C_total[140]",154.26829372371,0.360965700808064,35.8530262472686,96.5224879911353,128.562475900622,150.083324535256,175.258785826834,235.211397880741,9865.51506863746,0.999916815946114
"C_total[141]",154.297049056862,0.35092895265809,35.1585801053371,96.9897157381546,129.677575133201,150.511693903839,174.752515804514,234.699961909726,10037.4698705026,1.00001761468475
"C_total[142]",83.717608071156,0.188541580880788,18.2637713279114,53.84392984476,70.7763005054443,81.9038968270659,94.4365390526663,125.678096229245,9383.53835238988,1.00007062366038
"C_total[143]",83.8376738281569,0.183240959757993,18.4671689033895,53.0811166945948,70.4628429720163,81.9335120956351,94.8003447108071,125.610806408115,10156.7678735028,1.00029217580641
"C_total[144]",83.4259496087692,0.181825872833783,17.864656345313,53.9321426071351,70.6256507740329,81.5942197404018,94.4233561245617,122.578836893042,9653.34817482931,1.0000248895523
"C_total[145]",83.5894894464187,0.185153093694369,18.1812755858866,53.1083069677098,70.9256449668788,81.8511285074612,94.2832936884931,124.404973227796,9642.43574499923,1.0002161809562
"C_total[146]",83.7475411402896,0.185628232369109,18.34684666352,53.6444512393019,70.9064692494238,81.8812763171212,94.6748390376408,125.341450427655,9768.65572888097,0.9997872593382
"C_total[147]",154.387933177235,0.339116502914847,35.3142576709964,97.8336965640005,129.104125582276,150.748304239858,175.121245752511,233.880900255496,10844.3197148629,1.000035283018
"C_total[148]",154.110626514405,0.349457520078616,34.6207666869598,96.6251320984111,129.46481053419,150.660882875388,174.855756114496,231.405572255581,9814.87066789189,1.00007094667495
"C_total[149]",83.9140463657509,0.189741202351128,18.4311743400889,53.682419859372,70.6657694246909,82.0472290900015,94.7642911349936,126.198377527772,9435.88670322292,0.999657043115047
"C_total[150]",83.7541630147079,0.18961246193202,18.2490796629359,53.8506171521407,70.6529756064145,81.9533939543084,94.5370641392649,124.977388937156,9262.92568386658,1.00014144544477
"C_total[151]",83.5792748132066,0.181033442784876,18.2618125294812,53.4238247404164,70.4140816197205,81.7627133112318,94.4353013783485,124.346296663536,10175.8369362106,1.00001974624873
"C_total[152]",81.2929140978857,0.172742396244472,18.0322690217149,51.8749869241635,68.4305315694141,79.29476916005,91.6992515908568,122.159560602672,10896.8977665618,0.999884872878719
"C_total[153]",81.4077031436194,0.180594038056762,18.0905057386653,51.7167483491642,68.5199453665617,79.3955461487305,92.1960488418273,122.713366953844,10034.4736905187,0.999787065081547
"C_total[154]",149.871709865007,0.333103900719202,34.648291632716,93.9904982703222,124.782863905526,145.797605784897,171.143097688809,228.624341710448,10819.4258668064,1.00000346677335
"C_total[155]",149.75224032264,0.338671482590407,34.9470964183176,93.4331224967098,124.731311169168,146.095296973163,170.22216790442,229.619246819021,10647.9238968246,0.999915757756435
"C_total[156]",81.3174307715277,0.167454294697004,17.8436925872148,52.0792702006682,68.900750387189,79.3994084195322,91.8743877288373,121.834542070577,11354.7318999162,0.999814503667252
"C_total[157]",81.5507781046341,0.173010730105472,17.8339798317575,52.3009630220271,69.0774332873506,79.649130346654,92.1035859065682,120.977237176826,10625.5266434125,0.999752546520096
"C_total[158]",81.2903641124303,0.180850164303532,18.0366724162607,51.9400723327553,68.3188072180132,79.2772821256789,91.5931707016292,122.243495495644,9946.60839949161,0.999830266730981
"C_total[159]",81.2815137154223,0.174965162102986,17.8064897005592,52.0378034025754,68.4906448275656,79.3117974525343,91.8745307651216,121.798113551569,10357.4646264678,0.999643595194609
"C_total[160]",81.3646607566828,0.170953864160607,17.875925423859,52.0995824963481,68.7367113743959,79.2270550155833,91.8063862240219,121.679633979826,10934.0039053869,0.999731184184338
"C_total[161]",149.885240891457,0.325340412273912,33.9660491751425,93.9721935553075,126.211030764354,145.835283056382,170.021324764763,226.741976394832,10899.6874008456,0.999791874430413
"C_total[162]",149.864770216428,0.3412725223578,34.4813230012743,94.5241500137699,125.574649432052,145.777161916749,169.380375610732,229.082149662204,10208.5767162543,0.999977529724441
"C_total[163]",81.4083728022765,0.172270173679162,18.0100493716428,51.7783146906119,68.5267258457037,79.4144307687257,92.1538315950676,121.929046711462,10929.7347821618,0.999857137367688
"C_total[164]",81.4613176805611,0.180211898569686,18.1132205811006,51.8231461224255,68.4744847841366,79.3868314374257,92.4851124311173,122.909863456265,10102.3969187392,0.999559431641791
"C_total[165]",81.4311881493787,0.175293831870115,17.8131033875432,51.917534087935,68.845068553032,79.5815390258509,91.9221220057227,121.346180308091,10326.3278130595,0.999776844558852
"C_total[166]",81.1586958750618,0.176915378023385,17.8046986076149,51.7200368204427,68.4039877432516,79.2949676988392,91.4077148862452,121.679488114435,10128.3356066882,0.999769766610674
"C_total[167]",81.6335952003418,0.178682249693148,18.0563701667655,51.9636685163914,68.7594879014014,79.5159640057495,92.712306113259,121.929014770167,10211.7006521611,0.999837165871138
"C_total[168]",149.986383839546,0.334115088143977,34.8462432493139,93.0919532654663,124.980285972513,146.490275922543,170.779453298819,227.063493384993,10877.2660590547,0.999857311488638
"C_total[169]",150.252628837975,0.340494290565365,34.8288522964613,93.4993112788901,125.262458042622,146.153382725753,171.019531379319,229.165127566595,10463.0586325918,0.999856824464396
"C_total[170]",81.266155664957,0.176776350200363,18.1070409953272,52.1207203488841,68.4796051706247,78.9296218712572,92.0178478816604,123.034400145388,10491.7188383802,0.999629359210469
"C_total[171]",81.3697146331479,0.180713647012964,18.2875601708285,51.7665472544066,68.202339919956,79.3129460617962,92.0739830051196,122.44689339531,10240.6997950495,1.00018633717372
"C_total[172]",81.3401288941453,0.172369047944835,17.9117774206565,52.0100775542747,68.6868622946211,79.2225113766316,91.9021336781205,122.035960071228,10798.3848630059,0.999788291539299
"C_total[173]",81.4039531307254,0.177064259298044,17.9697835626983,52.9158906178714,68.6098199469192,79.3393848110312,91.8753650333967,121.701382268316,10299.6834788154,0.999663456849884
"C_total[174]",81.3524271442243,0.174947842828448,17.8036976756717,51.6706950499726,68.8460688909511,79.4696839541599,92.1046661566733,121.621979286273,10356.2669881376,0.99969504056181
"C_total[175]",162.179336934004,0.44438183042407,45.3833947412037,92.3457303480789,129.843160018465,155.903779604959,188.107319548173,268.383705605965,10429.929435724,0.999690129212736
"C_total[176]",161.414156020985,0.446859472604939,45.1405435638812,91.6862675205674,128.837031122015,155.072347918244,186.395003474108,269.655018696924,10204.4976852181,0.999811356459679
"C_total[177]",161.892400183033,0.459946582649883,44.8206234771487,91.652403139814,130.527029608992,155.604234926199,186.782512985271,264.754218779968,9496.00630036912,1.00008342875198
"C_total[178]",81.3145889415473,0.167235775905723,17.8638267507267,52.1223511629462,68.4395116567963,79.4824798416483,92.0785671364913,121.649165908864,11410.130652541,0.999714169275517
"C_total[179]",81.4793828108861,0.176882436857809,18.1197204140716,51.8108996004791,68.4690114055811,79.4949739131779,92.4330756691348,123.294125547738,10493.8187558042,0.999947085246921
"C_total[180]",81.3251372559327,0.175145013126217,17.9287679830524,51.6693521303636,68.7549214544351,79.4150134107015,91.3952326555049,122.521251104209,10478.6501681574,0.999711648750218
"C_total[181]",81.2876689626382,0.171378796738932,17.8384583193309,52.1827150800008,68.3145803545326,79.3120964959269,92.3235320460384,121.289677717113,10834.2900302549,0.999782014396864
"C_total[182]",150.080181241957,0.348150211700259,34.5185033334926,93.2078800843728,125.534377745363,146.564267790123,170.830067783527,227.175564221117,9830.38636046283,0.999711702958256
"C_total[183]",151.473404190654,0.39311207318493,39.4607966555696,88.8147087569074,123.198859410028,146.488345258871,174.587519016134,241.560149866054,10076.2499858985,1.00008997491982
"C_total[184]",82.1914572704415,0.205507158939797,21.0139443782118,49.2346213027523,67.3672875833928,79.4447001757089,94.0777461083918,130.023170446395,10455.8957893668,1.00028304907774
"C_total[185]",82.2207913715458,0.201052502219239,21.1602116353724,49.2871552019815,67.0997264759723,79.620400687832,93.9977506683,131.261801668861,11076.9717717105,0.999793371672062
"C_total[186]",82.1518717250659,0.200191876715271,20.7472185479041,48.8399128339242,67.5149140953506,79.5952269589362,93.8482789863837,129.818770039131,10740.5584203728,0.99998249507438
"C_total[187]",82.3141408007724,0.20313031653031,21.255299691314,49.3436941111495,67.3219538413133,79.2561479045083,94.3530487105684,131.583827172633,10949.2652018024,0.999872787706692
"C_total[188]",82.0207245192231,0.214863127884987,20.8000739905724,49.215333178243,67.2941701935193,79.7483911231306,93.7153997866997,129.732883522142,9371.43230256096,1.00027565260157
"C_total[189]",151.000506629022,0.403145568981665,38.9559136693472,89.4865314232961,123.2578603602,146.089764522201,173.147558072626,240.381314364348,9337.33644900456,1.0001131371658
"C_total[190]",151.014757686955,0.370383658804978,39.1969794529239,88.5113951715988,123.213149996691,146.585103671848,173.32935086942,240.715435991516,11199.5756466265,1.00003909118782
"C_total[191]",82.2806449013407,0.206099647637994,21.2846010988245,48.441153306106,67.5171953532597,79.843506308074,94.1090651004304,131.050375342718,10665.3848737677,0.999863610246756
"C_total[192]",82.0942586608752,0.206221541808184,20.8906833257024,49.2038120634427,67.3462726603475,79.2667143623434,94.1294197454033,130.815921495352,10262.1233980579,0.999889475557579
"C_total[193]",82.1435107956373,0.206476149172842,21.2503298043836,48.6389161685004,66.8727731695204,79.1777816798345,94.4809859603339,130.435115524496,10592.3315346457,1.00009965658506
"C_total[194]",82.0685592651429,0.203422052715149,20.5507667548852,49.2859044591552,67.1553949469185,79.7549615345439,94.0657389903426,128.719377507864,10206.104140999,0.999784313647507
"C_total[195]",82.0103472852969,0.21198837773473,20.9251090500354,48.909166275956,67.061874062013,79.4049162457897,94.1667519931288,129.667217518417,9743.41850862965,1.00026675352847
"C_total[196]",151.103361837254,0.384385719403882,38.8167471230419,89.8454412156103,123.491414895965,146.150360726183,173.688933454076,240.174790312412,10197.7365382835,1.00020676141045
"C_total[197]",163.905570134972,0.525698385604076,50.3095182865637,88.356802595159,128.059067915416,156.239319474795,191.587262697978,281.525155749848,9158.55654950949,0.999919494023179
"C_total[198]",82.4282470108723,0.213412096180339,21.4284095400404,48.8274926910194,67.2199658704126,79.5167363221489,94.5885445658656,131.250105222274,10081.8867088407,0.999880509277899
"C_total[199]",82.1041746268099,0.209434099357513,20.8625464888346,49.5360823657639,67.2721519727942,79.3911139997148,93.7630401250755,130.446086282806,9922.92817792028,1.00022196617391
"C_total[200]",82.1425208886624,0.210617179317652,21.0146154392543,49.2248441816764,67.2714819513151,79.46525391632,93.7321365570686,129.820590565734,9955.32195181626,0.999876736267102
"C_total[201]",163.947371261746,0.523261428585376,50.5339111936506,87.6702841464243,128.07918393825,156.663517849152,192.136877120608,281.764412422174,9326.70800786157,1.00004113868075
"C_total[202]",82.3547272480756,0.203252876655986,21.4470435305434,48.4081750934855,66.8701988573574,79.6534383689556,94.9165524684231,131.566103202615,11134.2627237307,1.00016897526998
"C_total[203]",151.524380076979,0.374544009429115,38.67356203143,90.6888357382312,123.475022578495,146.549374845802,174.501813567943,239.991329851841,10661.6062385439,1.00003648985912
"C_total[204]",151.328190946596,0.363316548051537,38.3682246125001,89.7089013300084,124.436213099327,146.895546267928,173.130332663711,240.269294498522,11152.5209891718,1.0002366800148
"C_total[205]",82.1566971357936,0.210311293213423,20.8336765104166,49.0947310574016,67.6183062720243,79.4796299632991,93.7641744502968,129.940422439726,9813.10950503284,1.00024079026043
"C_total[206]",82.2348904834257,0.207267746794566,21.0224950656993,49.3246078583712,67.2723801786328,79.4707055958849,94.2055542312246,130.698592046786,10287.3867200319,0.999780463826186
"C_total[207]",82.2336057838485,0.201214979259795,21.1451633859265,48.8010244222646,67.08327397488,79.6311366970292,94.1494289478454,129.869082834278,11043.3662080098,1.00031627320438
"C_total[208]",82.4546306512281,0.209838265847052,21.0265122849372,48.9950911809625,67.5411310955879,79.648329935813,94.486821061029,131.723761533121,10040.7257619027,1.00018014863084
"C_total[209]",82.2831969790541,0.199563460593614,21.0033548126595,49.0794461023615,67.1034572820758,79.6580794884878,94.3970857490614,129.801521147202,11076.8247679144,1.00011599251282
"C_total[210]",151.393967906956,0.37747339230244,39.1228370090469,88.7663120038776,123.752704138314,147.232786921983,173.252393069334,240.591477688465,10742.0703545252,0.999977550691756
"C_total[211]",151.603573931503,0.397528537754221,39.6077516226631,89.7168502632934,123.335207632479,146.517724350328,173.937827597134,245.488921095808,9927.1311013712,1.00015663612054
"C_total[212]",82.3603530009523,0.202477365198192,21.1542497887975,49.0169910450581,67.3055934610365,79.3336867784799,94.6677642220795,131.34747653372,10915.4663410692,1.00034178564756
"C_total[213]",118.458155119534,0.271420797429953,29.1681915271466,71.7665439137289,97.9111086839092,115.058889158473,134.901308283923,186.833187992826,11548.6910116243,0.99971518192814
"C_total[214]",118.174413666833,0.271479283044445,28.2513461185937,71.9146924297233,98.0596038528545,114.866352909961,134.698098693422,183.009420815068,10829.4126993995,0.999597429091243
"C_total[215]",118.591154742153,0.277826048590868,28.7408124269184,72.7956984535514,97.9719370058046,115.275592491055,135.616365640208,186.04317147443,10701.6848223459,0.999712883637304
"C_total[216]",235.288200096605,0.703274264102239,70.11273421345,129.844964118747,186.14845391085,225.484165290064,273.357578657325,401.885790320972,9939.03815148897,0.999697913843882
"C_total[217]",217.687015489812,0.533810892897463,54.9726547288959,128.717862188936,179.230992756298,210.739570643105,248.703460348036,343.689160537487,10605.1925300108,0.999838237163388
"C_total[218]",218.431575120602,0.514482054321352,54.0058284813778,131.698651216436,179.810441701003,212.340169527206,249.788943157457,341.103408504081,11018.9650146071,0.999724898271398
"C_total[219]",118.418415570699,0.292379647131608,29.0920245141361,72.0304224030361,97.9518581891421,114.794838152332,135.260003624148,186.022622266995,9900.41990066611,0.999617468908094
"C_total[220]",118.534066906836,0.279494349098822,28.39834719521,72.564105024398,98.2923641418878,114.897907559859,135.205582793596,182.939052334349,10323.8114893482,0.999808056560242
"C_total[221]",118.354789213452,0.283972353416835,28.8960997621203,72.335474024289,97.9432982951669,114.393945315521,135.396388477159,183.739241583365,10354.4332957061,0.999672238013444
"C_total[222]",118.303396040669,0.292216084013,29.1605228322625,71.3067758173677,97.733180855693,114.768350399136,134.895010758508,184.109250168804,9958.23520676108,0.999651401730554
"C_total[223]",118.121596867663,0.263707818694536,28.5562399688035,72.5445482007162,98.1449812899476,114.360205507476,134.395408875174,184.023442996473,11726.1658628854,0.999736954559906
"C_total[224]",217.726229980198,0.521684478026154,54.2067960639675,130.405163576175,178.923907598498,210.06263961111,249.384908270962,344.756331578466,10796.715242022,0.999810323696093
"C_total[225]",218.105478840646,0.519157428578494,54.4041863226595,131.814912991623,179.565857594961,211.05241065679,249.365524182454,343.098046728232,10981.6220644781,0.999753411667715
"C_total[226]",118.112720935104,0.274979122814592,28.7803711266495,72.4463637017862,97.4576934256631,114.85870374398,134.907148481279,183.686929557142,10954.5195657242,0.999661182060778
"C_total[227]",118.472003807999,0.27537398110212,28.9426290579918,71.9804085624914,97.9450609796653,114.956534660463,135.175133666819,184.601359794158,11046.6387175899,0.999891288731174
"C_total[228]",118.742105821106,0.277222782900981,28.8184505970764,72.4278042517242,98.4794848478009,115.195335032453,135.556460405405,186.307035178298,10806.4591824598,0.999616532972516
"C_total[229]",118.32114191102,0.268686920843694,28.6667347320189,71.5618317040324,97.8441681917702,114.872150327109,134.893342246391,183.058889145459,11383.174742279,0.999606933706622
"C_total[230]",118.49856728318,0.285889273123127,28.9355173873911,72.7286870569311,97.9375123136848,114.798116593437,135.174746972953,184.406956395401,10243.9342801959,0.999701012928778
"C_total[231]",218.0909059,0.539079680017844,54.4754816038485,132.604776871116,178.774934310324,211.482298096385,250.229176660024,343.946234959665,10211.6573336414,0.999876154866756
"C_total[232]",217.553809846449,0.525006099577143,53.6551309475014,131.027670328332,180.067164769583,210.792204570506,248.524509950577,339.092740562683,10444.6482839731,0.999918215644297
"C_total[233]",118.190182360856,0.275464890896589,28.6686457362928,71.8019387867718,97.9178799885638,114.587024242327,134.731365640173,182.965999750718,10831.3314958228,0.999713102177896
"C_total[234]",118.060845030486,0.270616157143938,28.3403089633651,72.3975416324886,97.7110061128654,115.104080938632,134.930126092287,184.799373872522,10967.3503198045,0.999697607862826
"C_total[235]",118.34470480544,0.280785969316711,28.9801143416038,71.4729027717358,98.0657576885429,114.883373467097,135.035649988537,184.26992097526,10652.4470493748,0.999595292538762
"C_total[236]",118.37860667222,0.287703493838602,28.85344971574,72.9688091509496,97.790843623035,114.738609488483,135.150926284998,183.754751342511,10057.8514666943,0.999595310764507
"C_total[237]",118.194679708404,0.279625308146708,29.3350583235669,71.9639319012601,97.2498936033593,114.409699270884,135.340144470922,185.710825643008,11005.783380478,0.999820967371444
"C_total[238]",218.278884123676,0.535631903283439,54.2753341922638,131.191276986317,179.47658179804,211.802654631322,249.573677491204,342.980511442542,10267.6756097292,0.99971057549472
"C_total[239]",218.375932761076,0.53312500360004,54.2749942251472,130.671931696856,180.659648645952,211.71554774701,249.267374726986,344.580960082659,10364.3356437192,0.999810656635787
"C_total[240]",118.165844244884,0.268606035494328,28.4195344545938,72.6072134806786,97.8351230786299,114.856065366937,134.328493117062,183.817756467084,11194.4403101361,0.999564390558447
"C_total[241]",118.320424776441,0.278941736116756,28.8834905750219,72.0300908768124,97.7409620694536,114.889038481019,134.905283284828,184.618851710951,10721.9148549025,0.999589783700279
"C_total[242]",118.063363220408,0.281323971300911,28.5842576400292,71.7733368091244,97.6428862126363,114.558623637443,134.584896844472,183.70261196966,10323.8183956393,0.999553496564761
"C_total[243]",118.521880224747,0.28120329778262,28.8718453532298,72.7674284964864,97.9068109762664,114.919808379874,135.145334898953,185.608345846073,10541.6420821935,0.999664328371254
"C_total[244]",118.882180918468,0.238680185885375,25.1438450698282,77.3741533051718,101.083321235483,116.103550078003,134.266776298545,176.216560020976,11097.6404270893,0.999624126751381
"C_total[245]",218.467706627939,0.490898485191473,49.0623595334954,137.399639712733,183.509972618719,213.06407739016,247.78630992325,328.898335958827,9988.80367736419,0.999868920786129
"C_total[246]",219.275958583549,0.504662298329575,50.1773894283271,137.751336213351,183.458949547607,213.881056495167,249.058695556303,331.721042492879,9885.85879099039,0.999531354035304
"C_total[247]",118.754286757254,0.260046342027633,25.205645383293,76.697523089075,100.728981584896,116.413348812415,133.617904431181,174.729462541373,9394.94291487758,0.999679992587845
"C_total[248]",118.670630957482,0.244229120552089,25.5947148539788,77.4491632434222,100.142214325766,115.818432367308,133.969541388358,176.539797848844,10982.6134907806,0.999788994096216
"C_total[249]",118.704273800516,0.24873575560554,25.4011299794008,77.4784505914101,100.360470519329,115.707343993872,134.024339534691,175.441982725779,10428.6870477748,0.999922557895059
"C_total[250]",118.556358856012,0.248096034692172,25.4903405327901,76.737422378323,100.304341669122,116.023380548645,133.972486729345,176.299668800594,10556.2976847736,0.999955722369971
"C_total[251]",119.086337577592,0.258796618098705,25.2826001461548,76.9560479599256,101.3152023481,116.298611151389,134.096945314112,176.791804977816,9543.90876073047,0.999932055026909
"C_total[252]",219.101758843098,0.500924619330405,49.3144602323003,138.070130272226,183.653729396491,213.754676021504,247.980529454532,329.766811070032,9691.78595859693,0.999620587603783
"C_total[253]",218.081566425869,0.481977088180034,48.6226740939146,137.799309114837,183.918443649546,213.086916478826,246.234607538374,329.491681452844,10177.1199389306,0.999949852554183
"C_total[254]",118.847158816219,0.255673498804321,25.9169366957919,75.5938197988012,100.439393593027,116.102968700777,133.962770846554,178.766139036541,10275.3330303113,1.00009965105464
"C_total[255]",118.571372082106,0.242606440617185,24.91346379969,77.9870484772288,100.350656730193,115.672944778803,134.00805792743,174.954489692212,10545.4125338225,0.999714567139846
"C_total[256]",118.752524747258,0.245493337043003,25.1776713167854,76.5205971895206,100.871004840789,116.363962433296,133.906454474499,175.106831708182,10518.4488814904,1.0000862095553
"C_total[257]",118.7387976736,0.250488251431567,25.210082738417,76.6654105089081,100.761113182627,115.923027609336,134.117248312796,175.389760845535,10129.1690614921,1.0000731569858
"C_total[258]",118.692267127604,0.256313116050953,25.1964814065564,77.3611048122087,100.910829990352,116.312449164913,133.659183496515,175.597761689668,9663.58194971948,0.999887312958311
"C_total[259]",218.825108014053,0.500048150095725,49.8184500673169,137.131955758686,182.973816311814,213.389869939668,247.878601175786,331.550233041841,9925.6001020115,1.00015412500515
"C_total[260]",218.717738919152,0.484496451538953,49.6710908805226,136.975800070259,183.076684475869,213.289539186839,248.046799397237,330.811170231526,10510.5682101134,0.999841026890342
"C_total[261]",118.600864351084,0.227359260537847,25.4336855442591,76.8783463567051,100.352513737242,115.806668740215,134.016910420452,176.836846509226,12513.917825051,0.999815830525802
"C_total[262]",118.63758489584,0.244681940257697,25.4309956609181,76.4038103934237,100.413468336627,115.732142973427,133.930991331299,175.798531877135,10802.4657049763,0.999650679588378
"C_total[263]",118.600843852765,0.247785091138192,25.4347868493774,76.7675467428169,100.67354949208,115.818184865715,134.039487106115,175.553117810022,10536.7302294052,1.00029935477682
"C_total[264]",118.980562416292,0.250991593748059,25.8309549162085,77.1996113669816,100.551038187953,115.966434928506,134.386435720079,177.211386046464,10591.6243732311,1.00002097596059
"C_total[265]",118.837459967824,0.247852115917675,25.3504851707421,76.5575296646769,100.547149381302,116.389209425321,133.763297960308,177.450467895965,10461.3393295834,0.999843463980819
"C_total[266]",218.800735638178,0.508555561176307,49.4256648337722,137.766550652991,183.626468138767,213.586979363557,248.244218357906,329.489012276559,9445.57115598222,0.99971779596511
"C_total[267]",218.613837786704,0.497195189282425,49.4414797837539,137.310679314346,183.92727851239,213.02738340847,246.616721312765,332.396047377342,9888.46966672963,1.00003391773751
"C_total[268]",118.647798756752,0.25301699259798,25.5362664360764,76.1874321058215,100.810698995251,115.816600368279,133.64857624506,176.002247998397,10186.2756231468,0.999790916404925
"C_total[269]",118.012229961543,0.232758866574143,24.4429970780825,77.5519786295947,100.603964057783,115.799218164794,132.797952042258,172.481000775917,11027.9920479148,1.0004120848189
"C_total[270]",118.669084846372,0.240929411629393,25.2677584886662,76.8109996321336,100.465915857711,116.043222625667,133.851285627023,174.575459613341,10999.0150008492,0.999768534529816
"C_total[271]",118.680180239164,0.246379372488594,25.0484897609496,77.4867194715963,100.630138797619,116.13800747995,134.128671738257,174.426604892431,10336.0452737395,0.99975017226833
"C_total[272]",118.772077692157,0.255377869181365,25.6339696297248,77.4002708705345,100.513224604409,115.612708605871,134.13851445421,176.229522245637,10075.4676494794,0.999737171974539
"C_total[273]",218.513862364171,0.471539977476338,48.7586926879264,138.592495289819,183.47074404614,212.991775903479,247.819961429959,329.480427721965,10692.1998804305,0.999882592965482
"C_total[274]",218.810806881348,0.492055324290529,49.356549670503,138.427638607647,183.59966638814,213.584351109701,248.701255891547,332.003127688577,10061.4764146725,0.999835318255358
"C_total[275]",235.087247199928,0.642473294930766,68.5941751970701,130.612698854878,186.118716321298,225.348421529555,272.310499256429,397.175079586173,11398.9360114689,0.999688268755711
"C_total[276]",118.465225271809,0.264878449429848,27.9521648366193,73.3971503938744,98.7235708313356,115.340478794575,134.784491635081,181.724408416672,11136.2160146129,0.999774469898709
"C_total[277]",118.4317501866,0.282161327976018,28.3412317190007,73.1167448114666,98.2705814927233,115.261805376226,134.271479240792,184.201058217141,10088.8684791145,0.999887435671835
"C_total[278]",118.302609162308,0.270443054828973,28.1519932499524,73.4374933046437,98.0674315930154,114.688601720293,134.200636752732,183.1758899171,10835.9410457159,0.999773432575682
"C_total[279]",118.240081135739,0.257302183442755,27.8232759756383,73.5103881698394,98.2999346757825,115.086739381247,134.18669941815,181.827016778705,11693.0978445367,0.999586262852604
"C_total[280]",218.219577029099,0.524614857615498,54.5342973731885,131.752017262133,179.699016589339,211.177107148624,249.385323580261,346.621832246237,10805.8335086295,0.99965331107516
"C_total[281]",217.903542257076,0.51263849953246,53.5844506301688,132.397616654412,179.661183055074,210.925458558643,248.393611125045,343.175202306535,10925.847317139,0.999750484151051
"C_total[282]",118.561865338833,0.277070614756531,28.9598533558523,72.3586166301328,97.9048928237532,114.930834595571,134.655125126788,184.79678640648,10924.7568604488,0.999795287856892
"C_total[283]",118.544993308517,0.271780299172588,28.6709723319464,73.3156644170668,97.8620546495889,114.713312473294,135.57008873648,183.091252320278,11128.8143731004,0.999724072172996
"C_total[284]",118.577811408879,0.281294605528657,28.413484828792,72.8817215360401,98.6431921277645,115.194256845762,135.303916248861,183.379958316788,10202.9602932231,0.999663110747521
"C_total[285]",118.53385809176,0.27303233707386,28.2120865937235,72.5816931988945,98.6547724759843,115.385097897766,134.48499458637,185.188398110377,10676.8279231092,1.00024508553975
"C_total[286]",118.299975098057,0.262619464075774,28.3234433073408,72.7396613538817,98.2621822412035,114.930071598221,134.856685900636,185.305229612012,11631.5683792838,0.999706208113286
"C_total[287]",218.291360615879,0.503405499767326,54.1328484270414,131.790683335377,179.421901877307,212.030425897087,248.847673235294,342.510802729306,11563.4079596402,0.999640360050728
"C_total[288]",218.305010994575,0.503117114272159,53.280374189354,132.29411557686,180.151458839489,211.725309205211,249.283605502831,339.979973916818,11214.924416364,0.999633599973608
"C_total[289]",118.421000927755,0.272776279472447,27.9570096279547,73.7634500706944,98.5833204823511,115.104208816928,134.274185989798,183.219304929867,10504.3269050814,0.999616139384706
"C_gear_pred[1,1]",162.28675,0.409299629617239,40.1298962808208,96,133,158,187,252,9612.87668647164,0.999783965195643
"C_gear_pred[2,1]",88.11775,0.231264168710628,22.4064921685415,51,72,86,101.25,139,9387.09131754576,0.999592190124663
"C_gear_pred[3,1]",88.1755,0.230045639670777,22.3677779279968,51,72,86,102,138,9454.0451638857,0.999801741361132
"C_gear_pred[4,1]",88.228,0.243279831975144,22.3574539688332,51,72,86,102,138.025,8445.63826383943,0.99994263905815
"C_gear_pred[5,1]",88.005,0.223076125790763,22.0964025663862,52,72,86,101,137,9811.53506546728,0.999958113959687
"C_gear_pred[6,1]",85.820375,0.209679876074514,21.3351706941366,51,70,84,99,133,10353.2986340375,0.999855775393558
"C_gear_pred[7,1]",162.892125,0.410859082869458,40.4898217604455,97,134,159,187,256,9711.93898286104,0.99962786064199
"C_gear_pred[8,1]",162.711375,0.403743552992683,40.2632488972369,97,134,158,187,255,9945.03762397634,0.999876161569014
"C_gear_pred[9,1]",88.248375,0.223683233527658,22.3616343364176,52,72,86,101,139,9994.02010056622,0.999707849778854
"C_gear_pred[10,1]",87.92425,0.234562404921219,22.257985964141,50,72,86,101,137,9004.40285466191,0.999837736309571
"C_gear_pred[11,1]",88.1445,0.229475846666078,22.0817814132782,51,72,86,102,137,9259.64317441581,0.999761043740186
"C_gear_pred[12,1]",88.077375,0.226831319292571,22.6504143067607,51,72,86,101,138.025,9971.1732691684,0.999724236907764
"C_gear_pred[13,1]",88.20325,0.222163868378661,22.2444665360609,51,72,86,102,137.025,10025.2943411746,1.00006453227647
"C_gear_pred[14,1]",162.296125,0.407045399842482,40.0480076326999,96,134,159,186,251,9680.01717966996,0.999975808439961
"C_gear_pred[15,1]",162.159375,0.41732431096085,40.0930250285678,97,133,157,187,253,9229.75727864985,0.999799449811996
"C_gear_pred[16,1]",88.22125,0.232027610634998,22.1923266211005,51.975,73,86,101,139.025,9148.00378540945,0.999757826513369
"C_gear_pred[17,1]",88.17525,0.23054720560676,22.1412130788283,51,72,86,102,137,9223.23124917494,0.999660669989331
"C_gear_pred[18,1]",88.234375,0.223233136795456,21.9432365790309,52,73,86,102,137,9662.37852812758,0.999759694432645
"C_gear_pred[19,1]",88.235875,0.225372084803104,22.0562076867617,51,73,86,101,137,9577.70465694744,0.999848694697565
"C_gear_pred[20,1]",88.117625,0.22451328116428,22.3635933080438,51,72,86,102,139,9921.99714524804,0.99987053160653
"C_gear_pred[21,1]",162.73125,0.427352112812306,40.7691984147337,97,133,158,187,255.025,9101.07376556682,0.999933075881004
"C_gear_pred[22,1]",162.227375,0.411607457352071,39.8754928806646,97,134,158,186,250,9385.24597260396,0.99955534903634
"C_gear_pred[23,1]",88.24675,0.228712716403484,22.301906562378,51,72,86,102,138,9508.31059630744,0.999800823721143
"C_gear_pred[24,1]",88.184875,0.220206145377313,21.9524756037335,52,72,86,102,137,9938.20925216772,0.999831095701671
"C_gear_pred[25,1]",87.972375,0.226070402572391,22.0409751924184,51,73,86,101,138,9505.48314645504,0.999975499708017
"C_gear_pred[26,1]",88.14125,0.233297566870429,22.3488977936625,51,72,86,102,138,9176.81126613252,0.999755176984556
"C_gear_pred[27,1]",87.99925,0.228509472992246,21.9239613653131,51,72,86,101,137,9205.12390657175,0.99988907354597
"C_gear_pred[28,1]",162.119875,0.407343581536791,40.1267089864237,96,133,158,187,254,9703.87803648442,0.999655444343082
"C_gear_pred[29,1]",162.995875,0.421651147836322,40.6324314100776,97,134,158,187,257,9286.22170337587,0.999862703647057
"C_gear_pred[30,1]",87.95825,0.229973196735799,22.4310644201045,51,72,85,102,138,9513.60949427214,0.99973792644203
"C_gear_pred[31,1]",174.814375,0.527231588818968,50.7683794000039,96,138,168,203,290,9272.22058368714,0.999944645422774
"C_gear_pred[32,1]",89.228875,0.284998105955322,27.5771382408249,47,69,85,105,153,9362.98752665431,0.999575058863038
"C_gear_pred[33,1]",44.986125,0.13151472436542,12.5688475794545,24,36,44,52.25,73,9133.60363985036,0.9997616042845
"C_gear_pred[34,1]",45.048375,0.129715143212911,12.4100477847641,24,36,44,53,73,9153.04396758929,0.999910614729739
"C_gear_pred[35,1]",82.665,0.221597685079818,22.0271633328162,46,67,80,95,132,9880.67707739673,0.999931230117247
"C_gear_pred[36,1]",83.014875,0.226932950010557,21.7850172620201,46,67,81,96,131,9215.53810597645,0.999891276287619
"C_gear_pred[37,1]",44.933125,0.134175987981918,12.4952758762773,24,36,44,52,73,8672.45578975975,0.999945871734835
"C_gear_pred[38,1]",45.0725,0.129838413627954,12.6340490797495,24,36,44,53,73,9468.44624942518,0.999745841060418
"C_gear_pred[39,1]",44.874,0.130848105517909,12.2697572252998,24,36,44,53,72,8792.99975700987,0.999915684869086
"C_gear_pred[40,1]",45.013375,0.134192937307388,12.3543221088298,24,36,44,52,73,8475.75749532599,0.99994858122664
"C_gear_pred[41,1]",44.895125,0.133281668892076,12.4588133057687,25,36,43,52,73,8738.00948428686,0.999830505620809
"C_gear_pred[42,1]",82.4945,0.226129681789137,21.5813215288097,47,67,80,95,132,9108.37551248034,0.999728846369384
"C_gear_pred[43,1]",82.803125,0.227955943112847,21.7906739092221,47,67,81,96,132,9137.75447494752,0.999758818401998
"C_gear_pred[44,1]",45.023375,0.130625159587538,12.6220538399964,24,36,44,53,73,9336.97914153474,1.00016929331396
"C_gear_pred[45,1]",44.972125,0.129444616903319,12.5400061584387,24,36,44,53,73,9384.85377940499,0.999718967668403
"C_gear_pred[46,1]",44.819125,0.131672971789304,12.4652750519048,25,36,44,52,73,8962.11385189796,0.999861061941883
"C_gear_pred[47,1]",44.9305,0.130283992582556,12.6775987449809,24,36,44,53,73,9468.73332900906,0.999769697043923
"C_gear_pred[48,1]",44.835375,0.134774707930669,12.5546495774524,24,36,44,52,73,8677.45543406639,0.999872160029085
"C_gear_pred[49,1]",82.779375,0.225291257601273,21.8661259838721,47,67,81,95,132,9420.08916087556,0.999642338428794
"C_gear_pred[50,1]",82.57175,0.231500980989953,21.5339746899114,47,67,81,95,131,8652.52225790294,0.999859209730881
"C_gear_pred[51,1]",44.917125,0.131179914135332,12.5112478654117,24,36,44,52,73,9096.33762968803,0.999859969950102
"C_gear_pred[52,1]",44.709625,0.132550310023516,12.4136444963027,24,36,43,52,72,8770.75767144959,1.0000267965835
"C_gear_pred[53,1]",41.83325,0.123698696267176,11.6716525338792,22,34,41,49,68,8902.96068268158,0.999967903513886
"C_gear_pred[54,1]",45.06075,0.129967950143144,12.4613791445318,24,36,44,53,73,9193.05124820365,1.00007164751606
"C_gear_pred[55,1]",45.126,0.133986729928596,12.4711894108247,24,36,44,53,73,8663.47596347936,0.999708045275728
"C_gear_pred[56,1]",82.66225,0.226748400231523,21.827671218922,47,67,80,96,133,9266.72646596831,0.999942745569601
"C_gear_pred[57,1]",82.73425,0.224919698049996,22.2353474960992,47,67,81,96,132,9773.11160918998,0.999643035716365
"C_gear_pred[58,1]",44.736875,0.130307048604126,12.4339843063312,24,36,44,52,72,9105.10195336329,0.999726740269428
"C_gear_pred[59,1]",44.74125,0.127667067503648,12.3428255114135,24,36,43,52,72,9346.98215073712,0.999708121023631
"C_gear_pred[60,1]",45.017875,0.133084835327636,12.4879261297364,24,36,44,53,73,8804.88116730286,0.999587039449021
"C_gear_pred[61,1]",44.834875,0.12816162405684,12.361551671588,24.975,36,44,52,72,9303.14891760141,0.999823201857398
"C_gear_pred[62,1]",44.96,0.13230022304645,12.6178861693004,24,36,44,53,73,9096.03363427293,0.999551411333502
"C_gear_pred[63,1]",53.488625,0.166818694156561,15.8639238090456,28,42,52,63,89,9043.40115883628,1.00003536513258
"C_gear_pred[64,1]",53.479625,0.161709436477606,15.740268560802,28,42,52,62,89,9474.43997490078,0.999928527819151
"C_gear_pred[65,1]",28.943125,0.0918429554739474,9.10149684886976,14,23,28,34,49,9820.5077946045,0.99984095784093
"C_gear_pred[66,1]",28.928875,0.0920027124541848,8.86014271896904,14,23,28,34,49,9274.27932628023,1.00024284552856
"C_gear_pred[67,1]",28.9395,0.091344345024761,8.92954684465322,14,23,28,34,49,9556.42614333451,1.00019675492449
"C_gear_pred[68,1]",28.9585,0.0933453749749018,9.06967806112855,14,23,28,34,49.0249999999996,9440.56819612329,0.999704248284797
"C_gear_pred[69,1]",28.985,0.089704072186013,8.9711390116805,14,23,28,34,49,10001.6316381424,0.999909900351965
"C_gear_pred[70,1]",57.735625,0.190920224367799,19.3452774813255,28,44,55,68,102,10267.0589302666,0.999656464517947
"C_gear_pred[71,1]",53.315,0.155461319612322,15.558776765601,28,42,52,63,88,10016.2740762419,1.00010251220982
"C_gear_pred[72,1]",29.00625,0.09303296839827,9.04198156469737,14,23,28,34,49,9446.12042843815,0.999823487635023
"C_gear_pred[73,1]",28.91375,0.0911158711582139,9.11377767753002,14,23,28,34,49,10004.8088768788,0.999833173751726
"C_gear_pred[74,1]",28.962375,0.0922236511290045,9.07696305306231,14,22,28,34,49,9687.16086191374,0.999867496879395
"C_gear_pred[75,1]",28.8645,0.091592409673848,8.99969522063153,14,22,28,34,49,9654.65222380402,0.99974829017687
"C_gear_pred[76,1]",28.8295,0.0904178402252899,9.05354491812174,14,22,28,34,49,10026.0314655218,0.999662184724638
"C_gear_pred[77,1]",53.548625,0.164537800229595,15.7110149292825,28,42,52,63,89,9117.52807121822,0.999885343173554
"C_gear_pred[78,1]",53.467875,0.15944998035171,15.7752361390814,28,42,52,63,90,9788.19916790494,0.999768585800088
"C_gear_pred[79,1]",29.047125,0.0917410708524336,9.0083737757786,14,23,28,35,49,9641.95688117408,1.00012017420821
"C_gear_pred[80,1]",28.93025,0.0942140253668035,9.04921935770556,14,23,28,34,49,9225.52547019817,1.00052128701191
"C_gear_pred[81,1]",28.98375,0.0910506862404746,9.14917752416418,14,23,28,34,49.0249999999996,10097.1233568042,0.999835310927053
"C_gear_pred[82,1]",29.016875,0.0916597796205688,9.15151949257624,14,23,28,34,50,9968.47676025075,0.999851250438814
"C_gear_pred[83,1]",29.117375,0.0946831518539563,9.1772477270615,14,23,28,35,50,9394.62603451285,0.999913159859405
"C_gear_pred[84,1]",53.271625,0.164106494350446,15.6932988824244,27,42,51,62,88.0249999999996,9144.85778088763,0.999708167625601
"C_gear_pred[85,1]",53.356875,0.15698148181467,15.748040047258,28,42,51,62,90,10063.665023919,0.999793908348723
"C_gear_pred[86,1]",28.962,0.092472882783621,9.06524011387951,14,23,28,34,49,9610.14256407581,0.999933946740929
"C_gear_pred[87,1]",28.93925,0.092081476938588,9.03514048911013,14,23,28,34,49,9627.76024397531,0.999787784951252
"C_gear_pred[88,1]",28.8715,0.0916025056978184,8.90365919964331,14,22,28,34,49,9447.61853952294,0.999702771019414
"C_gear_pred[89,1]",28.9225,0.0940969405183959,9.07022752627641,14,22,28,34,49,9291.48985462455,1.00015283173081
"C_gear_pred[90,1]",29.878125,0.0912945776541048,9.13624405069141,15,23,29,35,51,10014.8723127087,0.999804536011994
"C_gear_pred[91,1]",58.261875,0.160866357366169,15.5695246474192,32,47,57,68,93,9367.42556969339,1.00047994097639
"C_gear_pred[92,1]",58.026375,0.162822609576279,15.535535023469,32,47,57,67,93,9103.80626056589,1.00009387106809
"C_gear_pred[93,1]",31.596375,0.0962451627281351,9.08054342498215,16,25,31,37,52,8901.55453811615,0.999754615339423
"C_gear_pred[94,1]",31.47225,0.0948280511055069,9.12912359154446,16,25,31,37,52,9267.96794783119,0.999816014445959
"C_gear_pred[95,1]",31.496375,0.09627759390214,9.06189834469446,16,25,31,37,52,8859.06556090908,1.00012672392403
"C_gear_pred[96,1]",31.473,0.0974090861568282,9.1848280404843,16,25,31,37,52,8890.84669040256,0.999895395692602
"C_gear_pred[97,1]",31.483875,0.0965772081647108,9.14988825293813,16,25,30,37,52,8975.98848315013,1.0003114079679
"C_gear_pred[98,1]",57.80875,0.161119764949513,15.5213171911542,32,47,56,67,93,9280.24643727685,0.999930808685554
"C_gear_pred[99,1]",58.08325,0.152966648962125,15.5206614164426,32,47,56,68,93,10295.0140659758,1.00009739095387
"C_gear_pred[100,1]",31.469125,0.101312065199903,9.30258641446694,16,25,31,37,53,8431.11647984815,0.999874257463695
"C_gear_pred[101,1]",31.661875,0.0931406858521764,9.03414348197612,17,25,31,37,52,9407.95225008186,1.00028007428367
"C_gear_pred[102,1]",31.49475,0.0944416294299445,9.12254761823039,16,25,31,37,52,9330.50897610339,0.999757090138478
"C_gear_pred[103,1]",31.369125,0.0932041485703327,9.03016138899045,16,25,31,37,52,9386.86425293957,0.999954038089661
"C_gear_pred[104,1]",31.575625,0.0946412113950954,9.00997659925734,16,25,31,37,51,9063.30812465195,0.99981826228701
"C_gear_pred[105,1]",58.305,0.16258062647913,15.8146052026984,32,47,57,68,94,9461.91677622791,1.00030033448946
"C_gear_pred[106,1]",57.944875,0.162741839777247,15.7622616507251,32,47,56,67,93,9380.77289991131,1.00009053768499
"C_gear_pred[107,1]",31.64475,0.0919726909536542,9.17892036188768,16,25,31,37,52,9960.1394060675,0.999939904116913
"C_gear_pred[108,1]",31.55425,0.0938803295223479,9.11193916611173,16,25,31,37,52,9420.4665665619,0.999775315419555
"C_gear_pred[109,1]",31.524125,0.0946610673733998,9.14787562431463,16,25,31,37,51.0249999999996,9338.94264513324,1.00000250095786
"C_gear_pred[110,1]",31.49975,0.0929130021940937,9.08172944233134,16,25,31,37,51,9553.975706927,1.00030370481849
"C_gear_pred[111,1]",31.467125,0.0965498985475523,9.03654395359217,16,25,31,37,52,8759.93910432088,1.00009423138938
"C_gear_pred[112,1]",58.189,0.161794635318243,15.8169150231676,32,47,57,68,93,9556.86228451521,0.999647058721932
"C_gear_pred[113,1]",58.20175,0.161697871819837,15.5375424002794,32,47,57,67,92,9233.28084663962,1.00067217004162
"C_gear_pred[114,1]",31.488875,0.100824037958417,9.29157779451983,16,25,31,37,52,8492.79734969,1.00001099786417
"C_gear_pred[115,1]",31.55275,0.0953795103908908,9.08507208305715,16,25,31,37,51,9072.90946820247,1.00008512759619
"C_gear_pred[116,1]",31.666875,0.0997958304844944,9.37892042043788,16,25,31,37,53,8832.44432464762,0.999893619486188
"C_gear_pred[117,1]",31.492125,0.0962149803984402,9.18549044083683,16,25,31,37,52,9114.21580769328,0.999958368445658
"C_gear_pred[118,1]",31.56075,0.096482846385509,9.12779951729898,16,25,31,37,52,8950.18414454853,1.00009959975251
"C_gear_pred[119,1]",58.301375,0.171770148234452,15.5973381616573,32,47,57,68,94,8245.28354857798,0.999898154217829
"C_gear_pred[120,1]",57.871125,0.16303317161006,15.4938543840722,32,47,56,67,92,9031.64763435286,1.00023358081398
"C_gear_pred[121,1]",31.517875,0.0940810897456061,9.01649003886505,16,25,31,37,52,9184.8133680449,0.999918661314535
"C_gear_pred[122,1]",83.822625,0.208621199338983,20.7263385755473,49,69,82,96,129,9870.2533668885,0.99996300610175
"C_gear_pred[123,1]",83.7115,0.208317097631479,20.2987689959969,49,69,82,96,129,9494.88196485846,1.00033516490298
"C_gear_pred[124,1]",83.789625,0.225455389063575,20.6137510706088,50,69,82,96,130,8359.74082014719,0.999833960828777
"C_gear_pred[125,1]",83.602,0.21561205501018,20.5226093172055,49,69,82,96,130,9059.80974456852,0.99996582604833
"C_gear_pred[126,1]",154.569875,0.382715811552265,38.1522091938025,91,127,151,178,240,9937.71577095583,0.999861015058094
"C_gear_pred[127,1]",154.390375,0.377512123483609,37.0859023468283,92,128,151,176,236,9650.63509127638,1.0003087275192
"C_gear_pred[128,1]",83.75525,0.207961172876448,20.5138111888963,50,69,82,96,129,9730.34393841375,0.99966157873482
"C_gear_pred[129,1]",83.950375,0.206066726574131,20.3631037506238,50,69,82,96,130,9764.99900766823,0.999856971916905
"C_gear_pred[130,1]",83.590875,0.210678320404899,20.2780519690214,49,69,82,96,128.025,9264.30338437005,1.00036279670152
"C_gear_pred[131,1]",83.81875,0.211638274707461,20.4172171532272,50,69,82,96,130,9306.89192592426,1.00011053823245
"C_gear_pred[132,1]",83.633,0.20338224291658,20.2590810451906,49,69,82,96,128.025,9922.32433066995,0.999819511358947
"C_gear_pred[133,1]",153.82925,0.377143885597632,36.7316314098728,93,127,150,176,235,9485.63245955424,0.999792700371706
"C_gear_pred[134,1]",154.44275,0.383697612397278,37.9908460748861,92,127,151,177,239,9803.46804826074,0.999808960506681
"C_gear_pred[135,1]",83.8335,0.214235076936848,20.4128908661706,50,69,82,97,129,9078.78784987122,1.00016974161912
"C_gear_pred[136,1]",83.86675,0.213000725126842,20.5608508581479,49,69,82,96,130,9317.94197924196,1.00025666142885
"C_gear_pred[137,1]",83.832875,0.211463585475183,20.6960862298293,49,69,82,96,129,9578.67122934854,0.999872009304844
"C_gear_pred[138,1]",83.637125,0.210589374593829,20.8338055252985,49,69,82,96,130,9787.33158711444,1.00000791738396
"C_gear_pred[139,1]",83.794625,0.210846742654502,20.405219742347,50,69,82,96,129,9365.88368474245,1.00009181751787
"C_gear_pred[140,1]",154.239375,0.383765273272696,37.5691496408285,93,127,150,176,238,9583.65969681871,0.99983134544462
"C_gear_pred[141,1]",154.382875,0.389137719314183,37.2690005773549,93,128,151,176,239.025,9172.52353792765,1.00003612451922
"C_gear_pred[142,1]",83.666375,0.213380195951595,20.4393258233825,49,69,82,96,129,9175.39805732487,0.999967655116895
"C_gear_pred[143,1]",83.701875,0.203515419420431,20.7509595386478,49,69,82,96,130,10396.3700296553,1.00010595060828
"C_gear_pred[144,1]",83.4095,0.208603911819735,20.0189261556546,49,69,82,95.25,127,9209.51286108074,1.00011362137512
"C_gear_pred[145,1]",83.717125,0.206487912398007,20.4015167198406,49,69.75,82,96,128.025,9761.92898701613,1.00012455543063
"C_gear_pred[146,1]",83.8555,0.216442905310954,20.4179879402683,49,69,82,96,130,8898.95839377607,0.999786761745445
"C_gear_pred[147,1]",154.153875,0.370345641150635,37.5107761819933,93,127,150,177,239,10258.8251191286,0.99984350935968
"C_gear_pred[148,1]",154.035625,0.380310058613655,36.7694622618927,93,128,151,176,235,9347.57445598827,1.00027870629834
"C_gear_pred[149,1]",84.00425,0.219945442860194,20.6919731213932,50,69,82,97,130,8850.62367327499,0.999813620717437
"C_gear_pred[150,1]",83.872875,0.217868265595466,20.4320862371632,49,69,82,96,130,8795.03300758414,1.00005113769936
"C_gear_pred[151,1]",83.646125,0.209178381006135,20.4556704067808,50,69,82,96,129,9562.99305317375,1.00014565374302
"C_gear_pred[152,1]",81.366375,0.197227804361498,20.1811930873444,48,67,79,93,126,10470.2582879707,0.99990623008739
"C_gear_pred[153,1]",81.41225,0.207550288297185,20.1588342237878,48,67,79,94,127,9433.74526360529,1.00000313694234
"C_gear_pred[154,1]",149.894875,0.357218504985183,36.8613506077905,89,123,146,173,232,10648.1605462591,0.999864673229769
"C_gear_pred[155,1]",149.761125,0.361759024372114,36.9485820221637,89,124,146,171,235,10431.7412132309,0.999812155916981
"C_gear_pred[156,1]",81.366125,0.198778752005652,19.9967700225759,48,67,80,93,126.025,10119.9830379001,0.99986234113544
"C_gear_pred[157,1]",81.59825,0.205350822867894,19.9390707595751,48,67,80,94,126,9427.94269740117,0.999696618281858
"C_gear_pred[158,1]",81.323875,0.203718509194791,20.1528657325461,48,67,79,93,127,9786.16748370906,1.0000116772355
"C_gear_pred[159,1]",81.47475,0.205135471555958,20.0080272036394,47,68,80,93,126.025,9513.20839122945,0.999727110261621
"C_gear_pred[160,1]",81.068625,0.198713779370414,19.7045096125673,47,67,79,93,125,9832.75674870414,0.999800493552475
"C_gear_pred[161,1]",149.868125,0.351732348907683,36.0600752233341,89,125,146,171,232,10510.6271910432,0.999879693210769
"C_gear_pred[162,1]",149.829625,0.366850663384191,36.5943983569653,90,124,146,171,232,9950.63062630317,0.999821735084368
"C_gear_pred[163,1]",81.5365,0.200779003650699,20.1557423453885,48,67,80,93,127.025,10077.6902718939,0.999920320929444
"C_gear_pred[164,1]",81.54175,0.203930303929038,20.3900460074156,48,67,79,94,127,9997.07334608129,0.999615316896514
"C_gear_pred[165,1]",81.49375,0.20330316149025,20.0007053491698,48,67,80,93,126.025,9678.37308094203,0.999833873667605
"C_gear_pred[166,1]",81.115875,0.203037490410731,19.7602316871264,48,67,79,93,126,9471.77975794525,0.999852387697015
"C_gear_pred[167,1]",81.614875,0.199771846704284,20.0966797830304,48,67,79,94,126,10119.9893772022,0.999799830218234
"C_gear_pred[168,1]",149.864875,0.359182781551984,37.0933701083849,89,124,146,171,234.025,10665.0173660904,0.999709074832371
"C_gear_pred[169,1]",150.18675,0.367000206180534,36.951793648201,89.975,124,146,172,234,10137.6765706048,1.00007817706378
"C_gear_pred[170,1]",81.26775,0.199986857211044,19.9488797846667,48,67,79,93,125,9950.25281433663,0.999634123985515
"C_gear_pred[171,1]",81.236875,0.203001114230671,20.334052705912,47,67,79,94,126,10033.4674589991,1.00024495003401
"C_gear_pred[172,1]",81.25175,0.198193780744386,20.0379218415101,48,67,79,93,125,10221.7513409484,0.999729038167947
"C_gear_pred[173,1]",81.537125,0.206727013723353,20.0773693328905,48,67,80,94,126,9432.33363766872,0.999684540654265
"C_gear_pred[174,1]",81.30075,0.197904341782279,19.9535164141477,47,67,80,94,125,10165.4882056445,0.99974049637918
"C_gear_pred[175,1]",162.316625,0.472568335892613,47.237779367624,88,129,156,189,271,9991.93751303014,0.999632287775284
"C_gear_pred[176,1]",161.481375,0.475287458186687,47.1792871793515,88,128,154,188,272.025,9853.48911569237,0.999764044717537
"C_gear_pred[177,1]",161.70125,0.477497471454294,46.5644234274262,88,129,156,188,268,9509.688847104,1.00027362146988
"C_gear_pred[178,1]",81.325625,0.190372637351848,20.0175031138561,48,67,79,94,125.025,11056.3239866157,0.999692810104317
"C_gear_pred[179,1]",81.432125,0.203510027875518,20.2505037800864,48,67,79,94,126,9901.47820994295,0.999889776278789
"C_gear_pred[180,1]",81.1555,0.203637989048813,19.9247696173767,48,67,79,93,126,9573.46199786499,0.999865319372467
"C_gear_pred[181,1]",81.300875,0.198376579482546,19.9627130664521,48,67,80,94,125,10126.47590517,0.999761583576643
"C_gear_pred[182,1]",150.230125,0.373193937213765,36.41914622504,89.975,124,147,172,230,9523.36349986492,0.999664213223041
"C_gear_pred[183,1]",151.476875,0.413314009089313,41.2703600730833,85,122,146,175,247,9970.48454201089,1.00003067143698
"C_gear_pred[184,1]",82.358,0.227723156596183,23.0696361482794,45,66,80,96,134,10262.8291604673,0.999915283896836
"C_gear_pred[185,1]",82.244,0.219762331295009,23.0953109564154,45,66,79,95.25,135,11044.374406363,0.999685333272793
"C_gear_pred[186,1]",82.2685,0.231441609307806,22.7134353471279,45,66,79,95,134,9631.25250922461,0.999910068634831
"C_gear_pred[187,1]",82.342375,0.226030031088551,23.0424558957175,45,66,79,95.25,135,10392.6246046337,0.999952009049942
"C_gear_pred[188,1]",82.01175,0.237688036268327,22.6307286818738,46,66,80,95,134,9065.30521382061,0.999969582811243
"C_gear_pred[189,1]",150.958625,0.42885731023803,40.9630401635646,85,122,146,174,245.025,9123.44225902513,1.00001654973261
"C_gear_pred[190,1]",150.939125,0.386526000450118,41.0647319272926,85,121,146,175,243,11287.0528427228,0.999995968065601
"C_gear_pred[191,1]",82.38125,0.234305731073872,23.3524477419272,45,66,80,95,135.025,9933.42449025344,1.00023933819564
"C_gear_pred[192,1]",82.086625,0.233431396520501,22.6749341826917,46,66,79,95,135,9435.68716761433,0.999786122927178
"C_gear_pred[193,1]",82.216,0.228391673541405,23.3169531465414,45,66,79,96,136.025,10422.7678916732,1.0000639483878
"C_gear_pred[194,1]",81.980125,0.229652912192523,22.4764349653247,45,66,79,95,135,9578.7963927214,0.999734430610964
"C_gear_pred[195,1]",82.07675,0.227631921631474,22.8673615435952,45,66,80,96,134,10091.7338224907,1.00019587972927
"C_gear_pred[196,1]",151.116,0.409845286800524,40.4690562289758,86,123,146,174,244,9750.03697445564,1.00031197526015
"C_gear_pred[197,1]",163.91125,0.553731983887815,52.2510133345451,85,127,157,193,286,8904.10383965274,1.00005188169312
"C_gear_pred[198,1]",82.49025,0.239101717284925,23.4810151973214,45,66,80,96,135,9644.24753213892,0.999951870297491
"C_gear_pred[199,1]",82.168,0.232459500524978,22.8318951891809,45,66,80,95,133.025,9646.93436269056,1.0004195942619
"C_gear_pred[200,1]",82.031625,0.232146673310109,22.7210344292479,46,66,79,95,133,9579.244767954,0.999847799761509
"C_gear_pred[201,1]",163.89675,0.537698298659938,51.8743381433173,85,127,156,193,281,9307.38786747092,0.999891663669055
"C_gear_pred[202,1]",82.251875,0.228143892621839,23.1451916490539,45,66,79,96,135,10292.0969349476,1.00038003397905
"C_gear_pred[203,1]",151.31975,0.396224206190113,40.4483654641456,86.975,122,146,175,242.025,10421.2531206647,1.00006008558218
"C_gear_pred[204,1]",151.38575,0.38965296240338,40.3708734468968,86,123,147,174,247,10734.4630810575,1.00010622272119
"C_gear_pred[205,1]",82.198375,0.234554449655939,22.8465646881349,46,66,79,96,133,9487.55837987605,0.999977811595402
"C_gear_pred[206,1]",82.188,0.230970264324285,22.8151752684001,46,66,80,95,135,9757.43071407443,0.999931972475168
"C_gear_pred[207,1]",82.11925,0.223225910525615,22.9228425708166,45,66,79,96,133,10545.0280021292,1.00003747878417
"C_gear_pred[208,1]",82.38425,0.23083891358221,22.6940626485748,45,66,80,96,134,9665.10230727529,1.00002413769404
"C_gear_pred[209,1]",82.334375,0.230047231350985,22.6263134893234,46,66,80,96,134,9673.72145912205,1.0001599698251
"C_gear_pred[210,1]",151.331125,0.392232726610227,40.9143890292655,85,123,147,174,247,10880.8916743728,1.00008763099217
"C_gear_pred[211,1]",151.498625,0.42246140171209,41.5700163145436,86,122,147,176,248,9682.47353354663,1.00022075940499
"C_gear_pred[212,1]",82.474375,0.229437584321503,22.8858813202562,46,66,80,96,135,9949.61234211963,1.00049446167049
"C_gear_pred[213,1]",118.31525,0.302812377176694,31.0843030591742,68,96,115,136,190,10537.4377938201,0.999649426917045
"C_gear_pred[214,1]",117.914375,0.292626710052086,30.3638195646018,68,96,114,136,187.025,10766.7560908181,0.999573062668283
"C_gear_pred[215,1]",118.50025,0.306070106376903,30.5837729986647,69,97,115,137,187,9984.82124374025,0.999648000032012
"C_gear_pred[216,1]",235.3105,0.716265515300145,71.8333337889201,125.975,185,226,274,404,10057.8223408731,0.999689209074494
"C_gear_pred[217,1]",217.55375,0.560892293935011,57.0495722389667,125,178,211,250,350,10345.3654849661,0.999805527305064
"C_gear_pred[218,1]",218.71575,0.541100417328783,56.1810732459018,127,179,212,252,344,10780.1381150321,0.999763814188848
"C_gear_pred[219,1]",118.398125,0.316591813962217,30.9825291272883,69,97,115,136,189,9577.10768965726,0.999594134922809
"C_gear_pred[220,1]",118.3765,0.305588036815727,30.4149327019872,69,97,115,137,187,9906.06156675185,0.999720566656699
"C_gear_pred[221,1]",118.307,0.303805986685058,30.9346507993465,68,96,114,137,188,10368.0666545181,0.99963276148109
"C_gear_pred[222,1]",118.476375,0.313995443661758,31.1754098630939,67,97,115,137,190,9857.74662958329,0.999661261841964
"C_gear_pred[223,1]",118.271625,0.291147234061617,30.6345785760951,68,96.75,115,136,188,11071.2965441306,0.999968631676946
"C_gear_pred[224,1]",217.779625,0.543628963205866,56.2369174450364,126,177,211,250,347.025,10701.3320791408,0.999899368192598
"C_gear_pred[225,1]",218.079375,0.536806309776643,56.4943915503473,126,178,211,251,346.025,11075.8087291135,0.999772970203046
"C_gear_pred[226,1]",118.0595,0.300100133637166,30.7408089421343,68,96,115,136,188,10492.9645553685,0.999686523214354
"C_gear_pred[227,1]",118.4835,0.296129991564193,30.8133803858218,68.975,97,115,136,188,10827.1437287223,0.99980267208873
"C_gear_pred[228,1]",118.798125,0.315439832407041,30.8368324453693,68,97,115,136,191,9556.66704383599,0.999819906883593
"C_gear_pred[229,1]",118.319625,0.29180124672977,30.5649593808354,67,97,115,137,187,10971.6857414268,0.999771157817087
"C_gear_pred[230,1]",118.4735,0.31197696678148,30.8959158700981,68.975,96,115,137,190,9807.47218506134,0.999710354251049
"C_gear_pred[231,1]",217.844125,0.56431667595854,56.3043235470478,129,178,211,251,347,9954.91879948164,0.999979954535282
"C_gear_pred[232,1]",217.22675,0.537335745174203,55.1288693287526,127,178,211,250,342,10526.0809727826,0.999871117255781
"C_gear_pred[233,1]",118.11925,0.295337465491177,30.7071310191041,68,97,114,136,186,10810.3908684315,0.999742717476512
"C_gear_pred[234,1]",118.124625,0.299024113428493,30.4648503524595,69,96,115,136,188,10379.7208884604,0.999710306112146
"C_gear_pred[235,1]",118.258,0.308059445523493,30.9529311454232,67,97,115,137,187,10095.6550815142,0.999542573823536
"C_gear_pred[236,1]",118.27525,0.314255550187718,30.808491245582,69,96,115,136,189,9611.14098165224,0.999685995514239
"C_gear_pred[237,1]",118.28325,0.304789009746442,31.2532056723082,68,96,114,136,189,10514.5462128605,0.99995191137823
"C_gear_pred[238,1]",218.33225,0.554208706736641,56.2095948193564,126,178,212,251,347,10286.6560969843,0.999763542877886
"C_gear_pred[239,1]",218.369875,0.555933623521605,56.4185071450666,128,179,212,251,348,10299.053112043,0.99989401289311
"C_gear_pred[240,1]",118.11875,0.305527258727122,30.6101906463995,69,96,114,136,188,10037.6521655941,0.999623590113483
"C_gear_pred[241,1]",118.2805,0.306546058807237,30.8798075619714,68,96,115,137,188,10147.4681458685,0.999674509400174
"C_gear_pred[242,1]",117.82475,0.306253454982312,30.6287536884308,67,96,114,136,189,10002.2258556024,0.999692304919109
"C_gear_pred[243,1]",118.599375,0.309739385362525,30.7691845431278,69,96,115,137,190,9868.22649163784,0.999615401758615
"C_gear_pred[244,1]",118.809375,0.270457689210169,27.5064967422199,73,99,116,136,180,10343.604279536,0.999717617088576
"C_gear_pred[245,1]",218.7275,0.520068918447281,51.043804006862,134,182,213,249,333.025,9633.06002357739,0.999943618824886
"C_gear_pred[246,1]",219.352875,0.531804785315088,52.385366588041,133,183,214,250,336,9703.21139387318,0.999519148824979
"C_gear_pred[247,1]",118.830625,0.291757183458594,27.5252864160105,73,99,116,135,180,8900.62652001783,0.999623931198662
"C_gear_pred[248,1]",118.6635,0.279633325135476,27.8920197071746,72,99,116,136,180.025,9949.06052455207,0.99977854113275
"C_gear_pred[249,1]",118.65925,0.271229743567709,27.6103817627561,72,99,116,135,179,10362.6348813799,0.999931593345094
"C_gear_pred[250,1]",118.353375,0.277069744451557,27.6083054247346,72,99,116,135,180,9928.90358170259,0.999969533300557
"C_gear_pred[251,1]",119.124625,0.284985460302785,27.5059705502526,73,100,116,136,181,9315.55084957359,1.00005820974869
"C_gear_pred[252,1]",219.396125,0.524312307062964,51.3067442714439,135,183,214,250,335,9575.66204121181,0.999620971993678
"C_gear_pred[253,1]",218.235625,0.503518009865145,50.4379926716703,134,182,213,247,333,10034.2650925994,0.999913800858163
"C_gear_pred[254,1]",118.861,0.278932349781804,28.0162951351376,71,99,116,136,182,10088.4312036097,1.00004187591799
"C_gear_pred[255,1]",118.70625,0.268483378879395,27.1738663666797,74,99,116,135,180,10243.9644124903,0.999702824040812
"C_gear_pred[256,1]",118.68025,0.27719520627734,27.2405078072289,73,100,116,135,179,9657.37215474149,1.00030675526699
"C_gear_pred[257,1]",118.656625,0.276484519367514,27.27478611931,73,99,116,135,179,9731.52870050577,1.00025107380845
"C_gear_pred[258,1]",118.631375,0.283670983665926,27.3463840150615,73,99,116,135,178,9293.30064200681,0.999699939572751
"C_gear_pred[259,1]",218.931125,0.522941385032921,52.1599459713087,133,182,214,250,335.025,9948.74364148865,1.00024977269688
"C_gear_pred[260,1]",218.739125,0.513282915115675,52.0999003759774,133,182,213,249,334,10302.916216117,0.999961210917581
"C_gear_pred[261,1]",118.76525,0.256045521342417,27.6585930075699,73,99,116,136,181,11668.7893578029,0.999816734376298
"C_gear_pred[262,1]",118.60225,0.270138009797648,27.4419829411245,73,99,116,135,180,10319.5221645894,0.999685019610401
"C_gear_pred[263,1]",118.50325,0.269519130448801,27.5165747263914,73,99,116,135,180,10423.4034977689,1.00011029104504
"C_gear_pred[264,1]",118.984375,0.280673393098422,27.938588036031,73,99,116,135,182,9908.46587437871,0.999991685542952
"C_gear_pred[265,1]",119.05575,0.281651959885739,27.5496917428651,73,100,116,136,181,9567.70843904746,0.999963420957814
"C_gear_pred[266,1]",218.933625,0.539187549360771,51.6359008117507,134.975,182,213,250,335,9171.15018642795,0.99973695426973
"C_gear_pred[267,1]",218.60075,0.514639671036355,51.4743630431095,134,182,213,249,335,10004.0404928228,1.00002450210534
"C_gear_pred[268,1]",118.551875,0.28548969430936,27.8986711326139,72,98,116,135,182,9549.62161410642,0.999863225618126
"C_gear_pred[269,1]",117.928,0.259326148155735,26.6481487439359,73,99,116,134,177,10559.4541517956,1.00080756045339
"C_gear_pred[270,1]",118.59975,0.268624850419003,27.3517378722647,72,99,116,135,180,10367.581978129,0.999832772438663
"C_gear_pred[271,1]",118.614,0.272778629759936,27.3971363354808,73,99,116,135,179,10087.6418529928,0.999727925099527
"C_gear_pred[272,1]",118.69675,0.288907043570186,28.0051883721476,72,99,116,136,181,9396.3835578308,0.999969380710333
"C_gear_pred[273,1]",218.21825,0.495813891525725,50.872655919733,135,182,213,248,334,10527.650097173,0.999725205331427
"C_gear_pred[274,1]",218.85325,0.515642317886204,51.7196996351854,134,181.75,214,250,337.025,10060.3915588334,0.999878460949309
"C_gear_pred[275,1]",234.884125,0.670206171618466,70.0236128836519,128,185,225,274,399,10916.2175855994,0.99977983033666
"C_gear_pred[276,1]",118.5265,0.29172637211354,30.0131578887628,69,97,115.5,136,186,10584.5403641234,0.99973887649533
"C_gear_pred[277,1]",118.344,0.305572157774329,30.2653706913179,69,97,115,136,188,9809.89667718101,0.999960374278652
"C_gear_pred[278,1]",118.394125,0.297141424040761,30.2955156379264,69,97,115,136,188,10395.1388981183,0.999777107621264
"C_gear_pred[279,1]",118.119375,0.289024022288115,29.7963563622456,69,97,115,135,186,10628.1686696668,0.999624407829729
"C_gear_pred[280,1]",218.135875,0.551136466233337,56.6937027806109,127,178,211,251,349,10581.6002437797,0.999715807256105
"C_gear_pred[281,1]",217.9725,0.538681207407781,55.7761339274199,129,178,211,250,346.025,10720.9474362621,0.999737955857497
"C_gear_pred[282,1]",118.685875,0.301467280591767,30.8535604632356,69,97,115,136,190,10474.4254448853,0.999849536004938
"C_gear_pred[283,1]",118.6855,0.292704784707786,30.8846697020192,70,96,115,136,188,11133.3606794094,0.999843489766219
"C_gear_pred[284,1]",118.469625,0.30399967959654,30.2795340722464,69,97,115,136,186,9920.92404215646,0.999709161886154
"C_gear_pred[285,1]",118.52825,0.297304853807705,29.9739304479878,69,97,115,136,187,10164.4384723089,1.00008077186762
"C_gear_pred[286,1]",118.066875,0.290561291505879,30.1553282308776,69,97,115,136,188,10770.9151712396,0.999823644738345
"C_gear_pred[287,1]",218.231125,0.516594502042106,55.8746561813565,129,178,211,250,345,11698.4996911775,0.999630874755118
"C_gear_pred[288,1]",218.430875,0.535347164320176,55.6118202907788,127,178,212,252,343,10791.0376585014,0.999696489765759
"C_gear_pred[289,1]",118.429375,0.29527441802863,29.9065011654802,70,97,115,136,187,10258.3985824209,0.999750775529303
"C_sum_gear[1]",28533.49125,31.4711191431682,3180.24764528002,22854.925,26293,28334,30596,35180,10211.6872473442,0.999820351699342
"r_C_gear_out[1]",0.846063278325659,0.000507465808035677,0.052475666658241,0.747682876352113,0.809586587801954,0.84410500231879,0.881174102699557,0.953946216312493,10693.0687180184,0.999853121859822
"sigma_eps_C_gear_out[1]",0.34311984834792,0.00221961240631576,0.112549202361208,0.190429014736611,0.266615655702068,0.321832632549007,0.395008247578226,0.626921350565491,2571.16860055105,1.00107201848545
"log_lik_gear[1]",-4.61536841531727,0.0009439765227584,0.0849439985662205,-4.82639565178457,-4.65356916706855,-4.60121942962152,-4.55906947065921,-4.49298661613543,8097.35192309503,0.999782055684417
"log_lik_gear[2]",-3.61741075357331,0.000756912969644327,0.0694276021586389,-3.78425441910959,-3.65158624949749,-3.60720600502282,-3.57071119636149,-3.51182625235489,8413.41746161637,0.999738454649072
"log_lik_gear[3]",-3.79053724316913,0.00111319257663238,0.108341408647622,-4.05434687245154,-3.84753142458517,-3.77145250148325,-3.71368707241772,-3.63401672232204,9472.1453305993,0.999777762802491
"log_lik_gear[4]",-3.37066588413012,0.000870670325869083,0.0798226794436983,-3.56045047404367,-3.4130352836843,-3.35788983850743,-3.31522254792946,-3.24832566313655,8405.14320922105,0.999674744221442
"log_lik_gear[5]",-3.52169983212153,0.00061495622517624,0.0526218364585912,-3.64045263893035,-3.55242481936281,-3.51779523810428,-3.48632445072868,-3.4322054778493,7322.2338806946,0.999685205491579
"log_lik_gear[6]",-4.69088650721207,0.00272175578396564,0.270974225266169,-5.27284310297078,-4.86098683391528,-4.66955771764914,-4.49687316245393,-4.22063030562825,9911.91701937224,0.999647297499337
"log_lik_gear[7]",-3.44456563527769,0.000624503612677535,0.0521684843433793,-3.56005328999537,-3.47408670657326,-3.44067571424664,-3.4088393602115,-3.35489681810664,6978.25006803313,0.999652513665725
"log_lik_gear[8]",-3.37066588413012,0.000870670325869083,0.0798226794436983,-3.56045047404367,-3.4130352836843,-3.35788983850743,-3.31522254792946,-3.24832566313655,8405.14320922105,0.999674744221442
"log_lik_gear[9]",-4.47056131131472,0.00244323081375165,0.248540911692993,-5.02130202954039,-4.62449254802507,-4.43908746749477,-4.2909340845112,-4.07101267561202,10348.2468537255,0.999818120910758
"log_lik_gear[10]",-3.41389932653152,0.000681783349275163,0.0586689781586994,-3.55073435683467,-3.44545216118194,-3.40831636854547,-3.37396133370422,-3.31798949681349,7404.98643355155,0.999658398009797
"log_lik_gear[11]",-4.50323776288361,0.00228093218739048,0.225404673906739,-4.9977202838216,-4.64050973714896,-4.48163504050207,-4.34120113744345,-4.1236793788151,9765.64846172906,0.999666393133979
"log_lik_gear[12]",-4.61765489434296,0.00257030438234455,0.255337711466357,-5.16686119475661,-4.77589663939772,-4.59626750222506,-4.43442532932251,-4.18042778954539,9868.71960537418,0.999653271666043
"log_lik_gear[13]",-3.92286859549933,0.00138400925434294,0.137772889540948,-4.24977779666676,-3.99984339232789,-3.90009459760201,-3.82225341398424,-3.7206044978459,9909.44989127121,0.999791092739743
"log_lik_gear[14]",-3.41389932653152,0.000681783349275163,0.0586689781586994,-3.55073435683467,-3.44545216118194,-3.40831636854547,-3.37396133370422,-3.31798949681349,7404.98643355155,0.999658398009797
"log_lik_gear[15]",-5.37019675533419,0.00369157477841506,0.370829035930452,-6.15574142900322,-5.60933683274802,-5.34749992882136,-5.10849930470743,-4.7114648182963,10090.7657369291,0.999620828091233
"log_lik_gear[16]",-5.46453827338568,0.0037980241993256,0.38176764601803,-6.27014476759431,-5.70849722590046,-5.44246496468621,-5.19436159300867,-4.78703937493872,10103.7544972886,0.999619074443935
"log_lik_gear[17]",-3.72922945561727,0.000984600555670013,0.0944039288357619,-3.95724833305847,-3.77773218187961,-3.71267017874851,-3.66358856610503,-3.59277532937232,9193.057671059,0.999768426019
"log_lik_gear[18]",-3.85514910395101,0.00124568076417233,0.122849672835162,-4.15031785980926,-3.92171958443906,-3.83416675818902,-3.7658549221938,-3.67685628549641,9726.00508375258,0.99978508128764
"log_lik_gear[19]",-3.99351630343517,0.00152687460658117,0.153012129815027,-4.3538470863586,-4.08132795875585,-3.96869324942142,-3.88211177973778,-3.76579831951131,10042.5724991368,0.999796224061126
"log_lik_gear[20]",-5.52277210983031,0.00426466846006984,0.433849942860489,-6.45710700311655,-5.79366297204852,-5.48333439857036,-5.21096459955859,-4.78236777738741,10349.2419586459,0.999842986224726
"log_lik_gear[21]",-4.3681471624994,0.00100875027186626,0.0897135288511401,-4.58774904463152,-4.41331998299037,-4.35204089098593,-4.30648386586213,-4.23577498124082,7909.49125328887,0.999818836557383
"log_lik_gear[22]",-5.06242885969284,0.00310156392312495,0.294672544803155,-5.84110653335287,-5.18887084334071,-4.97550368034959,-4.84898134284489,-4.74616077626778,9026.46857701094,0.999772579510371
"log_lik_gear[23]",-4.51090515802742,0.00254756764969355,0.239629754000628,-5.12138276247154,-4.63238110053324,-4.45200179040488,-4.33056012479912,-4.21721645384715,8847.69275914481,1.00004941613184
"log_lik_gear[24]",-3.6408924658538,0.000721104989262769,0.0633876124232099,-3.79228504184502,-3.67418016694905,-3.63381396258147,-3.59807008757387,-3.53948572694916,7727.01556005441,0.999920367298268
"log_lik_gear[25]",-5.7714883665645,0.00452270004665815,0.465075042606322,-6.78766069685593,-6.06475657846736,-5.7365990684896,-5.43791840777006,-4.96342033380299,10574.2724989666,1.00005436383566
"log_lik_gear[26]",-4.57353235471127,0.00225284807165105,0.228136917406849,-5.06983277456707,-4.72033436096712,-4.54815127893013,-4.4080864044734,-4.18863698806752,10254.8031680167,0.999817985759422
"log_lik_gear[27]",-3.41335060645175,0.00109669916250412,0.109497240965817,-3.67127084089316,-3.47589460632136,-3.39646029916165,-3.33512775391686,-3.24594227263258,9968.5347902369,0.999937610587233
"log_lik_gear[28]",-3.68927030594079,0.000816015969937265,0.0734890721155245,-3.87156243397356,-3.72635536313527,-3.67918433364257,-3.6395073039928,-3.57593894340594,8110.51088312351,0.999967229517764
"log_lik_gear[29]",-4.04653242150163,0.00157026684417678,0.153192595816798,-4.40397577849239,-4.13505528932168,-4.02552067924841,-3.9346308825611,-3.81660657950029,9517.62586921709,1.00005170267114
"log_lik_gear[30]",-3.97991789739503,0.00143414952157139,0.13881907708548,-4.308986984568,-4.05864725250123,-3.95897266715427,-3.87802461881015,-3.77451666630882,9369.34952665121,1.00004761655002
"log_lik_gear[31]",-6.69686896626392,0.0051513225498675,0.534984473510693,-7.89467051782173,-7.02524215471087,-6.64849089699965,-6.30767373821632,-5.81674213477642,10785.6138582916,0.999831260528105
"log_lik_gear[32]",-5.28519926389499,0.00375889301322102,0.384266260829842,-6.12811356555541,-5.52850654301793,-5.25453050873875,-5.00939519243561,-4.62677924953104,10450.680704028,1.00005697607691
"log_lik_gear[33]",-3.45633593930458,0.00150216313836501,0.152410015470846,-3.79846436144614,-3.54791835500964,-3.43832924018715,-3.34552422166531,-3.20814753556781,10294.2050124949,0.999963149381591
"log_lik_gear[34]",-5.00815700744541,0.00330710901658056,0.336513386510023,-5.74912101431646,-5.22137809370829,-4.98009993123729,-4.76639064204757,-4.44047017038223,10353.9882442878,1.00005830605575
"log_lik_gear[35]",-4.43011064532697,0.000945763267852891,0.0872919724676343,-4.64430491160793,-4.47267733102517,-4.41333208893516,-4.37144572416418,-4.30064961757315,8518.90409083362,0.999762669392976
"log_lik_gear[36]",-3.45633593930458,0.00150216313836501,0.152410015470846,-3.79846436144614,-3.54791835500964,-3.43832924018715,-3.34552422166531,-3.20814753556781,10294.2050124949,0.999963149381591
"log_lik_gear[37]",-4.16479101999357,0.00288568273294106,0.292504779306851,-4.78231270718577,-4.35047586163326,-4.14595522946867,-3.9592663393561,-3.63630186098511,10274.691039589,0.999936977272094
"log_lik_gear[38]",-3.45633593930458,0.00150216313836501,0.152410015470846,-3.79846436144614,-3.54791835500964,-3.43832924018715,-3.34552422166531,-3.20814753556781,10294.2050124949,0.999963149381591
"log_lik_gear[39]",-4.00292404427596,0.00267617647903999,0.271650890770462,-4.57862458502778,-4.17441366154751,-3.98340359179701,-3.81024914086273,-3.51536465877678,10303.689628006,0.999945484633805
"log_lik_gear[40]",-4.48289843746305,0.000769388098618982,0.0648664197759021,-4.63571724963089,-4.51736969129426,-4.4756675717116,-4.43987696428081,-4.37762480454084,7108.02470017577,0.999741984306561
"log_lik_gear[41]",-3.85467891778587,0.0011706539799713,0.110968326587533,-4.12353664714027,-3.9150939954141,-3.8360954630576,-3.77437775714644,-3.69302592137275,8985.4737921638,1.00003271524191
"log_lik_gear[42]",-3.48772620285921,0.000629342839762564,0.0549083278411618,-3.61449238954225,-3.51771529874606,-3.48316857182341,-3.45045179951553,-3.39684365560193,7612.05373182614,0.999780052992829
"log_lik_gear[43]",-3.53550505876319,0.00180078652290303,0.18325801190967,-3.93529457419734,-3.64929127255775,-3.51776563108622,-3.40381070872893,-3.22933305616155,10356.2250164021,0.99996637150224
"log_lik_gear[44]",-4.16464123046085,0.00100020940904725,0.0826701522680099,-4.37500682326431,-4.20046855759074,-4.150217364037,-4.11052671963648,-4.0464627685489,6831.49262371699,1.00033211716168
"log_lik_gear[45]",-5.26358695728928,0.00399005480205522,0.440117905381852,-6.16727541331241,-5.55416860231705,-5.2541156277106,-4.95760596494901,-4.43654273841236,12166.9116250841,0.999751561069069
"log_lik_gear[46]",-4.31366026092298,0.00328526636146874,0.365018055455281,-5.06865239833258,-4.55243218705587,-4.30106849311638,-4.05619283299729,-3.64323431097171,12344.898417358,0.999720044846936
"log_lik_gear[47]",-3.13662572344325,0.00135584413761555,0.139327184198803,-3.46245457565673,-3.219847042876,-3.11579481894657,-3.03393932214216,-2.92464606514457,10559.7147055544,0.999633155903359
"log_lik_gear[48]",-4.53931184677011,0.00238470848517436,0.188019809680284,-5.0597108080961,-4.59348992966596,-4.4806410616635,-4.42296218112494,-4.34819556101284,6216.36667355315,1.00058104366445
"log_lik_gear[49]",-3.32944389984749,0.000775575888978117,0.0633373179969345,-3.4862163521962,-3.36029528701725,-3.32089573628862,-3.2872052699907,-3.23272421880696,6669.15390847388,1.00081176700929
"log_lik_gear[50]",-3.19471121733354,0.00171161491701414,0.182973464425401,-3.60523376320824,-3.30842070606956,-3.17594895916297,-3.06290589350978,-2.89457584938251,11427.8385633662,0.999629374226398
"log_lik_gear[51]",-3.53432237974788,0.0011557873126525,0.115041840311347,-3.8281648842334,-3.58824192184089,-3.50790324516647,-3.45340103693606,-3.38098170293467,9907.31098112047,1.00021538036284
"log_lik_gear[52]",-4.54326786567122,0.00151042118998134,0.146681989716228,-4.91781203497525,-4.61052280178102,-4.50611966073191,-4.440717076064,-4.36074550614491,9430.99349560164,1.00056615356951
"log_lik_gear[53]",-3.15708112887833,0.00153024136711962,0.160841133669836,-3.5229134586796,-3.25642940256752,-3.13733517083236,-3.03967201994146,-2.90181631586567,11047.7636558108,0.999626651461252
"log_lik_gear[54]",-4.18591102139589,0.00251948157609148,0.271703882675458,-4.81298328932541,-4.34231832114757,-4.14616947180262,-3.98558034498664,-3.77067731371907,11629.7215181289,0.999837163800951
"log_lik_gear[55]",-3.22685538143882,0.000740359691402564,0.0564187585961747,-3.35870402550031,-3.25657249525493,-3.22111480625234,-3.18898020971059,-3.13620960679092,5807.12962711924,1.00055888126601
"log_lik_gear[56]",-4.28393518893556,0.00252615340992523,0.260380888782545,-4.85443104833199,-4.44600212539702,-4.25983151591127,-4.09560793711089,-3.84857495921792,10624.2618970057,0.999769086825286
"log_lik_gear[57]",-3.19471121733354,0.00171161491701414,0.182973464425401,-3.60523376320824,-3.30842070606956,-3.17594895916297,-3.06290589350978,-2.89457584938251,11427.8385633662,0.999629374226398
"log_lik_gear[58]",-4.40556152622798,0.0029467111688487,0.318883425335479,-5.1350670955931,-4.59183889211428,-4.36492358202461,-4.17125560582148,-3.90515764132299,11710.8590645241,0.999801196062846
"log_lik_gear[59]",-4.40556152622798,0.0029467111688487,0.318883425335479,-5.1350670955931,-4.59183889211428,-4.36492358202461,-4.17125560582148,-3.90515764132299,11710.8590645241,0.999801196062846
"log_lik_gear[60]",-3.15810251153444,0.000907383308280004,0.0808189424409439,-3.36389846685864,-3.19880570716852,-3.14182284010585,-3.1028274583177,-3.04292291910611,7933.13334816866,0.999853745005704
"log_lik_gear[61]",-6.33802128460664,0.00400750033566234,0.376535074315881,-7.1481371572828,-6.57956157041789,-6.30801773304464,-6.06766164858197,-5.68417665284954,8828.02875859926,0.999938290117724
"log_lik_gear[62]",-5.88307168415708,0.00356366002151095,0.354028908010924,-6.59008262714204,-6.12063473711695,-5.87315005233783,-5.64172538966673,-5.1955740671152,9869.26751463819,1.0000594757362
"log_lik_gear[63]",-4.5720841484338,0.00269670049569488,0.264808361536995,-5.11245261438821,-4.74666422018806,-4.56302741738904,-4.39208006466419,-4.06705996995618,9642.68452534721,1.00023687252707
"log_lik_gear[64]",-3.23822615194333,0.00138237761278665,0.128906452613227,-3.50864142176655,-3.32113126820042,-3.23246211929875,-3.14846947789489,-3.00204120291823,8695.5274525873,1.00063827559082
"log_lik_gear[65]",-7.1440965795937,0.00420953361075664,0.419654223367467,-7.98743403886856,-7.42825314135644,-7.13772982779169,-6.85842807340079,-6.32996214888414,9938.3716514967,0.999972947303514
"log_lik_gear[66]",-3.47279888427946,0.00172469316903134,0.162910031467777,-3.80900444991411,-3.57886326975188,-3.46684727892262,-3.36207016066744,-3.16947399505163,8922.20029682508,1.0005414783593
"log_lik_gear[67]",-5.88307168415708,0.00356366002151095,0.354028908010924,-6.59008262714204,-6.12063473711695,-5.87315005233783,-5.64172538966673,-5.1955740671152,9869.26751463819,1.0000594757362
"log_lik_gear[68]",-3.1599497145406,0.00045825106599809,0.0422138642993708,-3.24794616812611,-3.18754314943712,-3.1584582731318,-3.13071396260233,-3.08278624361116,8486.004381016,0.999872135577527
"log_lik_gear[69]",-4.87976950467347,0.00274330663746899,0.252972552427727,-5.42550656550718,-5.03885177111998,-4.86663061357011,-4.70085698376657,-4.43658366503808,8503.50745591086,1.00062264085821
"log_lik_gear[70]",-3.32674983894537,0.000520725404693437,0.0509255343380275,-3.4396341581771,-3.35678202860579,-3.32324304068422,-3.29195632291665,-3.23796072540141,9564.31027873805,0.999893083886626
"log_lik_gear[71]",-3.07520666574817,0.000840941087098458,0.0755101241271386,-3.23833114208315,-3.12214454431001,-3.06962073261355,-3.02126872175077,-2.94387258126092,8062.67630602951,1.0006311654736
"log_lik_gear[72]",-3.23822615194333,0.00138237761278665,0.128906452613227,-3.50864142176655,-3.32113126820042,-3.23246211929875,-3.14846947789489,-3.00204120291823,8695.5274525873,1.00063827559082
"log_lik_gear[73]",-3.23822615194333,0.00138237761278665,0.128906452613227,-3.50864142176655,-3.32113126820042,-3.23246211929875,-3.14846947789489,-3.00204120291823,8695.5274525873,1.00063827559082
"log_lik_gear[74]",-4.35149780579136,0.000727138619997223,0.0688944515183727,-4.50926354152859,-4.38903080659303,-4.3437230657692,-4.30495113028341,-4.23834860603028,8977.05881817267,0.999795030122152
"log_lik_gear[75]",-4.24963882133198,0.000579411318116752,0.0539364726448524,-4.36296695128966,-4.28222365419965,-4.24659212305191,-4.2131317360184,-4.15413893196219,8665.45024652271,0.999723959843286
"log_lik_gear[76]",-4.70432662431276,0.00136341596107877,0.129576446964162,-5.00328222814621,-4.77903191451024,-4.68817456374674,-4.61183460957255,-4.49932235393198,9032.23829261874,0.999901266741946
"log_lik_gear[77]",-3.20738275002442,0.000434145116539673,0.0411743402397888,-3.29232513468102,-3.23438019969763,-3.20689144922439,-3.17858837805277,-3.13029636294798,8994.63319653457,0.999688172019847
"log_lik_gear[78]",-3.07520666574817,0.000840941087098458,0.0755101241271386,-3.23833114208315,-3.12214454431001,-3.06962073261355,-3.02126872175077,-2.94387258126092,8062.67630602951,1.0006311654736
"log_lik_gear[79]",-3.0872727859271,0.000963810877106315,0.0874626945102064,-3.27459423375052,-3.14301122315473,-3.08035223708531,-3.02482229342403,-2.93396211901014,8234.97071447219,1.00067051985417
"log_lik_gear[80]",-3.07520666574817,0.000840941087098458,0.0755101241271386,-3.23833114208315,-3.12214454431001,-3.06962073261355,-3.02126872175077,-2.94387258126092,8062.67630602951,1.0006311654736
"log_lik_gear[81]",-3.1599497145406,0.00045825106599809,0.0422138642993708,-3.24794616812611,-3.18754314943712,-3.1584582731318,-3.13071396260233,-3.08278624361116,8486.004381016,0.999872135577527
"log_lik_gear[82]",-3.47408100436092,0.000734096210180533,0.0705555247897255,-3.63569306531418,-3.51484384641643,-3.46696632180411,-3.42479768625112,-3.35697064174236,9237.53483087564,1.0002303359589
"log_lik_gear[83]",-3.07520666574817,0.000840941087098458,0.0755101241271386,-3.23833114208315,-3.12214454431001,-3.06962073261355,-3.02126872175077,-2.94387258126092,8062.67630602951,1.0006311654736
"log_lik_gear[84]",-3.20738275002442,0.000434145116539673,0.0411743402397888,-3.29232513468102,-3.23438019969763,-3.20689144922439,-3.17858837805277,-3.13029636294798,8994.63319653457,0.999688172019847
"log_lik_gear[85]",-4.62623545784241,0.00240189032753653,0.222141048664672,-5.11213164325853,-4.76620805544928,-4.61249040848015,-4.46890063760448,-4.23953708910228,8553.64632109585,1.00061949520924
"log_lik_gear[86]",-6.80305174788267,0.00437867298448157,0.431306045344788,-7.68304427158943,-7.08391435516929,-6.79151723851509,-6.50600954169898,-6.00872189901356,9702.55397702238,0.999826819115985
"log_lik_gear[87]",-5.13614124634436,0.00284737270192639,0.276423432733265,-5.70380693560128,-5.31433073943657,-5.1252951313568,-4.94639622890845,-4.6248844624671,9424.5598693404,0.999893248805297
"log_lik_gear[88]",-4.15628904337534,0.00152020838675671,0.142535773082592,-4.46026096436789,-4.24714947959546,-4.14801447999452,-4.05491658187438,-3.90443624841084,8791.06523723972,0.999961406936966
"log_lik_gear[89]",-3.16567545990556,0.00123256825950694,0.114069889018019,-3.4054059332188,-3.23895482418671,-3.15858840018877,-3.08505958790224,-2.95836916173311,8564.85625246911,1.00066717302311
"log_lik_gear[90]",-3.09415024049458,0.000621623832909987,0.0548842037761574,-3.21395739125675,-3.12821126011774,-3.08976683716288,-3.05490880965318,-2.99780237048019,7795.41826892874,1.00039402685679
"log_lik_gear[91]",-3.32674983894537,0.000520725404693437,0.0509255343380275,-3.4396341581771,-3.35678202860579,-3.32324304068422,-3.29195632291665,-3.23796072540141,9564.31027873805,0.999893083886626
"log_lik_gear[92]",-3.09415024049458,0.000621623832909987,0.0548842037761574,-3.21395739125675,-3.12821126011774,-3.08976683716288,-3.05490880965318,-2.99780237048019,7795.41826892874,1.00039402685679
"log_lik_gear[93]",-3.07520666574817,0.000840941087098458,0.0755101241271386,-3.23833114208315,-3.12214454431001,-3.06962073261355,-3.02126872175077,-2.94387258126092,8062.67630602951,1.0006311654736
"log_lik_gear[94]",-3.12185130960777,0.000525912678992979,0.0471208062354996,-3.22272366877433,-3.15172845533353,-3.1188671630782,-3.08934997263898,-3.03719414237132,8027.82955202714,1.00015647783201
"log_lik_gear[95]",-4.17673763592266,0.00239568171952635,0.23272442501809,-4.65320538725931,-4.3280877292026,-4.16841459220723,-4.01944177658101,-3.73730133711793,9436.82049432105,1.00032269200755
"log_lik_gear[96]",-4.17673763592266,0.00239568171952635,0.23272442501809,-4.65320538725931,-4.3280877292026,-4.16841459220723,-4.01944177658101,-3.73730133711793,9436.82049432105,1.00032269200755
"log_lik_gear[97]",-5.88307168415708,0.00356366002151095,0.354028908010924,-6.59008262714204,-6.12063473711695,-5.87315005233783,-5.64172538966673,-5.1955740671152,9869.26751463819,1.0000594757362
"log_lik_gear[98]",-3.07810235402757,0.00072858670751947,0.0645490534285766,-3.21894323819586,-3.11785176667713,-3.07296850377318,-3.03229117748588,-2.96613167774468,7849.0531285399,1.00054642939517
"log_lik_gear[99]",-3.33863409014154,0.00154668502397644,0.145064238079512,-3.64039147687453,-3.43308501843638,-3.33243126049143,-3.23901510936477,-3.07113027963777,8796.64289263607,1.00059576481604
"log_lik_gear[100]",-3.23822615194333,0.00138237761278665,0.128906452613227,-3.50864142176655,-3.32113126820042,-3.23246211929875,-3.14846947789489,-3.00204120291823,8695.5274525873,1.00063827559082
"log_lik_gear[101]",-4.29854727268335,0.000643315725906308,0.0605498413273725,-4.43230501176817,-4.33288671449428,-4.29310076898986,-4.25791332991263,-4.19587614120842,8858.85682998477,0.999758898705924
"log_lik_gear[102]",-4.49988467728345,0.00099129132786216,0.0943754610850213,-4.71885580668924,-4.55169852382373,-4.48748710562722,-4.43387125654283,-4.35083454751605,9063.9094710615,0.999861074636614
"log_lik_gear[103]",-4.56505830588759,0.00111059643943141,0.105710941664384,-4.80909475300058,-4.62381204796419,-4.55113230329206,-4.4901308418857,-4.39765093270059,9059.98188700946,0.999877996976583
"log_lik_gear[104]",-5.55483050990874,0.00362758577179496,0.332873628702373,-6.26427789949798,-5.77077920064648,-5.53699975771715,-5.31931996271701,-4.96441874356184,8420.21926934609,1.00061585328658
"log_lik_gear[105]",-3.47408100436092,0.000734096210180533,0.0705555247897255,-3.63569306531418,-3.51484384641643,-3.46696632180411,-3.42479768625112,-3.35697064174236,9237.53483087564,1.0002303359589
"log_lik_gear[106]",-3.07520666574817,0.000840941087098458,0.0755101241271386,-3.23833114208315,-3.12214454431001,-3.06962073261355,-3.02126872175077,-2.94387258126092,8062.67630602951,1.0006311654736
"log_lik_gear[107]",-3.20738275002442,0.000434145116539673,0.0411743402397888,-3.29232513468102,-3.23438019969763,-3.20689144922439,-3.17858837805277,-3.13029636294798,8994.63319653457,0.999688172019847
"log_lik_gear[108]",-3.07520666574817,0.000840941087098458,0.0755101241271386,-3.23833114208315,-3.12214454431001,-3.06962073261355,-3.02126872175077,-2.94387258126092,8062.67630602951,1.0006311654736
"log_lik_gear[109]",-3.1599497145406,0.00045825106599809,0.0422138642993708,-3.24794616812611,-3.18754314943712,-3.1584582731318,-3.13071396260233,-3.08278624361116,8486.004381016,0.999872135577527
"log_lik_gear[110]",-3.1599497145406,0.00045825106599809,0.0422138642993708,-3.24794616812611,-3.18754314943712,-3.1584582731318,-3.13071396260233,-3.08278624361116,8486.004381016,0.999872135577527
"log_lik_gear[111]",-4.62623545784241,0.00240189032753653,0.222141048664672,-5.11213164325853,-4.76620805544928,-4.61249040848015,-4.46890063760448,-4.23953708910228,8553.64632109585,1.00061949520924
"log_lik_gear[112]",-4.3837705353441,0.00206867134005255,0.192051971713392,-4.808489633778,-4.50429223424405,-4.37099339169815,-4.24748186007873,-4.05231230868489,8618.95364882264,1.00060988738757
"log_lik_gear[113]",-5.63706705229643,0.00292648403617475,0.275744479619019,-6.23311802464254,-5.81055985598952,-5.61113955470316,-5.43916724460685,-5.16893840301516,8878.12661731644,0.999936918690016
"log_lik_gear[114]",-8.9927488743007,0.00783355827802885,0.733421238191059,-10.5312930944899,-9.46831377787831,-8.94972681136096,-8.47117001256782,-7.67948950163555,8765.74447222585,0.999929315227124
"log_lik_gear[115]",-9.6190791663038,0.00870557926070779,0.814839323956384,-11.3306828164402,-10.1480718904089,-9.57112158052229,-9.03891517740297,-8.1564871048182,8760.89775093339,0.999927076812447
"log_lik_gear[116]",-4.61142465853252,0.00178122292165924,0.158652235273612,-4.95948150161538,-4.70671085545653,-4.59525091550208,-4.49801689658323,-4.34715928184676,7933.3358518392,1.00048186925437
"log_lik_gear[117]",-5.08112617175436,0.00251503759473879,0.227093005500646,-5.57432661274441,-5.22142374351105,-5.06225572216094,-4.92011962766014,-4.69009877842469,8153.02086281898,1.00043710022429
"log_lik_gear[118]",-5.46921658650549,0.0030816543214517,0.280795306502574,-6.07472319698183,-5.64758700899152,-5.44931812732518,-5.27206568926384,-4.97897870901268,8302.55663167935,1.00040126754041
"log_lik_gear[119]",-4.93220200762571,0.00309057383199568,0.281702302049877,-5.506592825932,-5.11526912245154,-4.92324418584507,-4.73678871648358,-4.41184539392521,8308.1158895341,1.00037335917444
"log_lik_gear[120]",-3.95026010690704,0.00178273742123501,0.160354083859041,-4.29059616002082,-4.05198413183438,-3.94081928277583,-3.83858551294607,-3.66730858292219,8090.68491407408,1.00043597551979
"log_lik_gear[121]",-3.93922116111427,0.000598323448663502,0.0534389604014923,-4.05454266038866,-3.97143479010242,-3.93619443235345,-3.90219776465464,-3.84544808791487,7977.08013291874,1.00006471356892
"log_lik_gear[122]",-3.85099769146954,0.000511454022836739,0.0466403940570366,-3.94623497858571,-3.88134875925411,-3.85011030090402,-3.81878619201647,-3.76341173811038,8315.93764657669,0.999721053895086
"log_lik_gear[123]",-3.87821414542326,0.000527339544528429,0.0476541249151428,-3.97695488355159,-3.90819437283634,-3.87717419056987,-3.8450645155925,-3.78996384061942,8166.20575731451,0.99981768237526
"log_lik_gear[124]",-3.75283894951595,0.000645116443849377,0.0604467574494379,-3.8867680284064,-3.78850121971178,-3.74760592335915,-3.71091696266381,-3.64987507949319,8779.5002123815,0.99988882257795
"log_lik_gear[125]",-4.72304495632007,0.0019619229992066,0.175362974599654,-5.1067193124221,-4.82920582413391,-4.70672180175056,-4.59876901772245,-4.42831691243369,7989.3581531592,1.00047214239404
"log_lik_gear[126]",-4.04563709210857,0.00077182330723326,0.0688051614862827,-4.19906225690407,-4.08512700398126,-4.03834709954705,-3.99793958612388,-3.93162398545792,7947.05573334319,1.0003341965991
"log_lik_gear[127]",-3.73417680012357,0.000769805910836806,0.071940527131623,-3.89445332679314,-3.77601395458984,-3.7272063504834,-3.6839648347688,-3.6147296686173,8733.42808763074,1.00005162443475
"log_lik_gear[128]",-4.88396245646365,0.000644388044512183,0.0555895652297557,-5.00306255604891,-4.91645100976457,-4.88159032786982,-4.84604885556952,-4.78601626467371,7442.03325414678,0.999865657581449
"log_lik_gear[129]",-4.77671750356015,0.000745434366984897,0.067195768745982,-4.93454350906267,-4.81380501407038,-4.76974348621687,-4.73079817363562,-4.66578775411591,8125.77945939792,0.999789404358718
"log_lik_gear[130]",-4.77671750356015,0.000745434366984897,0.067195768745982,-4.93454350906267,-4.81380501407038,-4.76974348621687,-4.73079817363562,-4.66578775411591,8125.77945939792,0.999789404358718
"log_lik_gear[131]",-3.72961559702095,0.000919225954411079,0.0852162577684262,-3.91759999088285,-3.77991026369595,-3.72186672703577,-3.66932525795663,-3.58595579871434,8594.09916363276,1.00018082748345
"log_lik_gear[132]",-3.90765850119959,0.000556972731915227,0.0499741131374332,-4.01393238645907,-3.938277282603,-3.90578597882417,-3.87337639496406,-3.81743151260695,8050.49017009108,0.999940182784039
"log_lik_gear[133]",-3.72961559702095,0.000919225954411079,0.0852162577684262,-3.91759999088285,-3.77991026369595,-3.72186672703577,-3.66932525795663,-3.58595579871434,8594.09916363276,1.00018082748345
"log_lik_gear[134]",-3.87821414542326,0.000527339544528429,0.0476541249151428,-3.97695488355159,-3.90819437283634,-3.87717419056987,-3.8450645155925,-3.78996384061942,8166.20575731451,0.99981768237526
"log_lik_gear[135]",-4.83870733586426,0.00214459097772645,0.192357935802307,-5.25943358990035,-4.95500687321392,-4.82090715941655,-4.7025684809009,-4.51150801589264,8045.09666780507,1.00046102369176
"log_lik_gear[136]",-3.85099769146954,0.000511454022836739,0.0466403940570366,-3.94623497858571,-3.88134875925411,-3.85011030090402,-3.81878619201647,-3.76341173811038,8315.93764657669,0.999721053895086
"log_lik_gear[137]",-3.75372556433373,0.00117461696718229,0.107515919877281,-3.98950124633772,-3.81951779488369,-3.7448696206074,-3.67674562701115,-3.56984998249931,8378.24411597024,1.00031405438304
"log_lik_gear[138]",-3.82612747493432,0.000510627177301377,0.0470110414102773,-3.92276619380192,-3.85613665035615,-3.82482948829106,-3.79341717668597,-3.73825698050676,8476.01843417932,0.999671802694587
"log_lik_gear[139]",-3.77128547660803,0.0012680557155744,0.115513599527964,-4.0241173708273,-3.8422049366157,-3.76229542647017,-3.68924403730461,-3.57227424987068,8298.30823722111,1.00034574166467
"log_lik_gear[140]",-6.66959302427294,0.0043575492365712,0.395299989598285,-7.53897297931016,-6.9144898428919,-6.63208524416234,-6.38473558761325,-6.00168342413949,8229.41568308836,0.999868816068159
"log_lik_gear[141]",-3.85827197387249,0.00156856043736296,0.141325227722981,-4.16370387689468,-3.94705103787011,-3.84909626302762,-3.75938613424717,-3.61009515478135,8117.77246128738,1.00041197688465
"log_lik_gear[142]",-4.46421580867623,0.00254834075902583,0.231776589155169,-4.94371447188168,-4.61464802171583,-4.45408161233931,-4.30399557421508,-4.04134331285708,8272.25919729244,1.0004246413686
"log_lik_gear[143]",-4.2436901548212,0.00225711542247761,0.204818642230172,-4.67314350319166,-4.37650214674439,-4.23442538659264,-4.10162171060256,-3.87366720608419,8234.38993964137,1.00044194617065
"log_lik_gear[144]",-3.7669296915936,0.000594240154099874,0.0556390663875282,-3.88802048736628,-3.80003559912996,-3.76347925999589,-3.7288436635861,-3.67089314368557,8766.6905846413,0.999802854375169
"log_lik_gear[145]",-3.85099769146954,0.000511454022836739,0.0466403940570366,-3.94623497858571,-3.88134875925411,-3.85011030090402,-3.81878619201647,-3.76341173811038,8315.93764657669,0.999721053895086
"log_lik_gear[146]",-3.79424791733253,0.0013649515315601,0.12380019534078,-4.06581840814703,-3.87091307546387,-3.78512032746387,-3.70657019373925,-3.58003300120085,8226.36925263159,1.00037229207001
"log_lik_gear[147]",-3.72961559702095,0.000919225954411079,0.0852162577684262,-3.91759999088285,-3.77991026369595,-3.72186672703577,-3.66932525795663,-3.58595579871434,8594.09916363276,1.00018082748345
"log_lik_gear[148]",-4.5041395218707,0.00160279481188811,0.142265212700866,-4.81679858808459,-4.58939017473189,-4.48927806123447,-4.40304213795909,-4.26895036310774,7878.46443863735,1.0004890570006
"log_lik_gear[149]",-3.82307057022818,0.00146504762049994,0.132394685983205,-4.11213780724564,-3.90651053264346,-3.81412555373793,-3.73075863512334,-3.59294816977559,8166.53118744736,1.00039423513996
"log_lik_gear[150]",-3.93922116111427,0.000598323448663502,0.0534389604014923,-4.05454266038866,-3.97143479010242,-3.93619443235345,-3.90219776465464,-3.84544808791487,7977.08013291874,1.00006471356892
"log_lik_gear[151]",-4.08472432469665,0.000840669011183983,0.0750549569923732,-4.25245738554841,-4.12748752423374,-4.07583847052349,-4.03160645607835,-3.962953634902,7970.92427799309,1.00038561005985
"log_lik_gear[152]",-3.97280042528084,0.000649189333125718,0.0578533180067876,-4.10012153518858,-4.00653045334676,-3.96832530496084,-3.93279900772261,-3.87288315951718,7941.70576659276,1.00017516263474
"log_lik_gear[153]",-5.14387382344681,0.0026086116619489,0.235917547690493,-5.65386416785912,-5.29023542637832,-5.12516975789346,-4.97780778433887,-4.73611246126632,8179.02672735031,1.00043102998876
"log_lik_gear[154]",-4.72304495632007,0.0019619229992066,0.175362974599654,-5.1067193124221,-4.82920582413391,-4.70672180175056,-4.59876901772245,-4.42831691243369,7989.3581531592,1.00047214239404
"log_lik_gear[155]",-4.1678524841067,0.000999500072012489,0.0886087885591182,-4.36647624760615,-4.21885683062131,-4.15745664292119,-4.1052247090042,-4.02790011804652,7859.37368737828,1.00044914930123
"log_lik_gear[156]",-3.75724498713337,0.00134598051468399,0.147100432308408,-4.06689961644848,-3.85331101911764,-3.75082763594386,-3.65440920532914,-3.49395990066904,11944.0153411399,0.999924672294085
"log_lik_gear[157]",-4.26214318211245,0.00110164832818579,0.124239466549494,-4.54006543204468,-4.33737048768128,-4.24728788564141,-4.17272396760093,-4.06256142451886,12718.4209940218,0.999914998404222
"log_lik_gear[158]",-5.36946821571723,0.00254499031957704,0.282443899211192,-5.9807028345735,-5.54616345132094,-5.34574769864298,-5.16925754683754,-4.88708230631256,12316.6365858474,0.999796468550894
"log_lik_gear[159]",-4.63976240014495,0.00160149749041689,0.180857058040244,-5.03441648207229,-4.75002116796385,-4.62167773857169,-4.50893395945067,-4.33777448546518,12753.17734746,0.999860707233039
"log_lik_gear[160]",-3.89975712995577,0.000637090865128341,0.0667816878107584,-4.05040942260377,-3.93840863434561,-3.89319866286702,-3.85293974033682,-3.78747906020771,10987.8323892987,0.999950840161452
"log_lik_gear[161]",-3.81573112879242,0.000552245770431402,0.0546079591069394,-3.93332600060697,-3.84854032987801,-3.81215747420507,-3.77806821350912,-3.72057121283796,9777.93384720152,0.9999003798923
"log_lik_gear[162]",-4.58927302665406,0.00119876937571945,0.117274354980869,-4.85649564496328,-4.66075772573508,-4.57728077452921,-4.50350984042032,-4.39676485420668,9570.50438224243,0.999918586247735
"log_lik_gear[163]",-4.67363133548639,0.000597128394789983,0.0534976632414634,-4.78488437064465,-4.7064743742429,-4.67080647459792,-4.63684115423904,-4.57746606701856,8026.64727272625,0.999740404670152
"log_lik_gear[164]",-4.95290738238051,0.000909206703360806,0.0903612513184297,-5.16404764869966,-5.00139347522403,-4.9390464885326,-4.89070057982357,-4.81476655057131,9877.322062894,1.00024808413858
"log_lik_gear[165]",-4.58098487484575,0.00102179081534566,0.0985164713552686,-4.80722970140674,-4.64041437526669,-4.5695616856969,-4.50923947311939,-4.42174461020094,9295.94845121216,0.999843828685494
"log_lik_gear[166]",-4.63756130507622,0.000654988353091772,0.0595154461794439,-4.76743458364043,-4.6727814926026,-4.63309694887224,-4.59674461623696,-4.53463327854995,8256.42865768637,0.999678090663456
"log_lik_gear[167]",-4.66389558597803,0.000607940575757141,0.0545775986077846,-4.77903152757791,-4.69744594006259,-4.66077182824,-4.62677773073617,-4.566687466589,8059.47189285095,0.999714275791167
"log_lik_gear[168]",-4.07185723940396,0.00177297599169692,0.19470168146702,-4.47157966239565,-4.20038293434127,-4.06519774242676,-3.93591786064145,-3.71504132706632,12059.6219841684,0.999996118121228
"log_lik_gear[169]",-4.67240931956964,0.00238894403577491,0.259951419573481,-5.20647145551423,-4.84147969727002,-4.66397059069003,-4.49085610642902,-4.19098559668839,11840.5652378069,1.00003503883791
"log_lik_gear[170]",-5.47346656117776,0.0031025297701056,0.332296259526921,-6.1521611828701,-5.6909571970643,-5.46400506669207,-5.24243025966952,-4.85058572847576,11471.4678031271,1.00003543735928
"log_lik_gear[171]",-4.32128549413477,0.0011798374640528,0.133365340671197,-4.61737810163337,-4.40206987481285,-4.30583975461577,-4.22455520967389,-4.10533463127738,12777.3735719125,0.999905224223586
"log_lik_gear[172]",-3.94535350089943,0.000693728081418202,0.0739266009151517,-4.11301009010456,-3.98753633199517,-3.93710882696675,-3.89398888643328,-3.82339530061153,11355.9357574158,0.999957058232272
"log_lik_gear[173]",-3.99317777366569,0.000753765140059573,0.0815618102752777,-4.17837000765503,-4.04024265250757,-3.98323988224693,-3.93620449010349,-3.85982709418391,11708.5095902748,0.999956205724333
"log_lik_gear[174]",-4.20467603253443,0.00102558314267038,0.115271176549022,-4.46439541865999,-4.27365756857315,-4.19050850219257,-4.1214063894703,-4.01973019832487,12632.8024352582,0.999924826007036
"log_lik_gear[175]",-4.91843866844579,0.00196555934364769,0.220591279601343,-5.39684834067783,-5.05357822380377,-4.89904220037739,-4.75969709877604,-4.54479155240691,12595.1794348898,0.999831453368566
"log_lik_gear[176]",-3.81573112879242,0.000552245770431402,0.0546079591069394,-3.93332600060697,-3.84854032987801,-3.81215747420507,-3.77806821350912,-3.72057121283796,9777.93384720152,0.9999003798923
"log_lik_gear[177]",-3.77756833757519,0.000523721096426939,0.0500382196024826,-3.88139557694748,-3.80845385445157,-3.7757124716795,-3.74280761279718,-3.68845191815451,9128.58703683713,0.999847242953678
"log_lik_gear[178]",-3.94535350089943,0.000693728081418202,0.0739266009151517,-4.11301009010456,-3.98753633199517,-3.93710882696675,-3.89398888643328,-3.82339530061153,11355.9357574158,0.999957058232272
"log_lik_gear[179]",-3.74216946212008,0.000506299437729567,0.0468613498305009,-3.83948350826475,-3.77228024092705,-3.74137150185584,-3.70939592429097,-3.65550187847925,8566.72248234561,0.999775335565919
"log_lik_gear[180]",-5.85970364130202,0.00342837076687892,0.364207992671531,-6.59734517825458,-6.10064362705535,-5.85039450358975,-5.60849101559381,-5.17448448977796,11285.5668598913,1.00002892037207
"log_lik_gear[181]",-4.32485530135805,0.00205692380078361,0.224240621822793,-4.7835474084735,-4.47390147319204,-4.31778775468786,-4.16891549222847,-3.91214583055371,11884.8080315269,1.00002033891832
"log_lik_gear[182]",-3.58774252610743,0.000705789030513751,0.0685899142358385,-3.73764449998213,-3.63126672186622,-3.58159587597007,-3.5394889105929,-3.47029948264206,9444.32037990363,0.999660909872861
"log_lik_gear[183]",-4.61072461698706,0.00135079831917467,0.133149321649984,-4.91425101581822,-4.69207360844533,-4.59823890670384,-4.51417784055266,-4.38767137637411,9716.21001060976,0.999971251977832
"log_lik_gear[184]",-4.66389558597803,0.000607940575757141,0.0545775986077846,-4.77903152757791,-4.69744594006259,-4.66077182824,-4.62677773073617,-4.566687466589,8059.47189285095,0.999714275791167
"log_lik_gear[185]",-4.60397469821524,0.000773629833145634,0.0720525430473102,-4.76793310893514,-4.64513186904244,-4.59559004561078,-4.55348467589124,-4.48528070834988,8674.25548353914,0.999715168208555
"log_lik_gear[186]",-3.61295274051971,0.0010274004508028,0.1084646310111,-3.84301779358086,-3.68231362737724,-3.60544716556319,-3.53631158765813,-3.42217086124836,11145.428815052,0.999826214599216
"log_lik_gear[187]",-4.48470368738362,0.00221431477433925,0.241167872036887,-4.97658184486439,-4.64387105214407,-4.47710379431182,-4.31544946136058,-4.03968164156672,11862.0619338554,1.0000289846948
"log_lik_gear[188]",-3.97249342523721,0.00165164940915682,0.181614926063673,-4.34710770807626,-4.09141425743124,-3.96527620837029,-3.84491347960722,-3.64011634874442,12091.142618215,0.999980922712997
"log_lik_gear[189]",-3.58568851795964,0.000893286495735915,0.0913802352301006,-3.78245496121902,-3.64341147886948,-3.57951018506014,-3.52075288488613,-3.42816380354763,10464.6090046552,0.999765690725804
"log_lik_gear[190]",-3.70804569807839,0.0012587231367976,0.136796296273419,-3.99784833060704,-3.7975789421735,-3.70110294303756,-3.61235988778214,-3.46553391424283,11811.042929333,0.999902609605144
"log_lik_gear[191]",-4.18839573659085,0.00190721926966511,0.208839619471255,-4.61221586332751,-4.32724522845391,-4.18231303296806,-4.04263516984996,-3.80699797100139,11990.1477403455,1.00000931648711
"log_lik_gear[192]",-5.44802492277311,0.00264487644141257,0.29298237574084,-6.08277741513067,-5.63048918335733,-5.42304647758158,-5.24014450176234,-4.94650327633292,12270.7813073788,0.999791480241902
"log_lik_gear[193]",-4.32128549413477,0.0011798374640528,0.133365340671197,-4.61737810163337,-4.40206987481285,-4.30583975461577,-4.22455520967389,-4.10533463127738,12777.3735719125,0.999905224223586
"log_lik_gear[194]",-6.99056789556721,0.0045677978770744,0.491701143612345,-8.04091054226744,-7.30220327937404,-6.95144692991065,-6.63804626453815,-6.12543070588699,11587.4715298385,0.999728117346522
"log_lik_gear[195]",-5.93910833155449,0.00436762678576928,0.473203044227563,-7.08345413701836,-6.20097091656032,-5.84903576333551,-5.57709285760984,-5.29118183447299,11738.2679306432,0.999866393010488
"log_lik_gear[196]",-5.3475970846655,0.00276556806599203,0.27792107948126,-6.06876086599073,-5.48285375767668,-5.27469056249544,-5.13896482116516,-5.02176329255753,10098.9046643052,1.00006022002782
"log_lik_gear[197]",-4.68985060271341,0.00172334158522783,0.147193029368235,-5.07821333382995,-4.75018191845075,-4.6482530703835,-4.59004722558464,-4.51315833498342,7295.10842909833,1.00022804393758
"log_lik_gear[198]",-4.00243093539966,0.00269925359968352,0.272287182242526,-4.56533385598115,-4.17777009196598,-3.98801483099296,-3.8114931317956,-3.51243182659177,10175.7637844155,1.00017517067254
"log_lik_gear[199]",-3.8277947451965,0.00240217466445804,0.239124718842161,-4.33029909836366,-3.98082175500755,-3.81218282263756,-3.66062572411869,-3.40569246563168,9909.22707086159,1.00015439650151
"log_lik_gear[200]",-3.62614362458609,0.00185269675130101,0.178499544135546,-4.02150227503365,-3.73852744313405,-3.60845093818537,-3.49647297212031,-3.33200506105862,9282.51249890194,1.00009232237414
"log_lik_gear[201]",-3.62614362458609,0.00185269675130101,0.178499544135546,-4.02150227503365,-3.73852744313405,-3.60845093818537,-3.49647297212031,-3.33200506105862,9282.51249890194,1.00009232237414
"log_lik_gear[202]",-3.76110975251169,0.00226009847154495,0.22336412219275,-4.23596752184559,-3.9028730675238,-3.74466248974904,-3.60468259860411,-3.37170848406346,9767.24560877326,1.00014159443508
"log_lik_gear[203]",-4.00243093539966,0.00269925359968352,0.272287182242526,-4.56533385598115,-4.17777009196598,-3.98801483099296,-3.8114931317956,-3.51243182659177,10175.7637844155,1.00017517067254
"log_lik_gear[204]",-3.69307613779502,0.00069819690312524,0.0560465960599533,-3.81969896821997,-3.72363724702113,-3.68865355778367,-3.65477467596212,-3.5994698861459,6443.80880856902,0.99993409858263
"log_lik_gear[205]",-3.84673075118009,0.000891541194627641,0.0853038409386111,-4.06391169037629,-3.88467966128206,-3.831162417721,-3.79025013912961,-3.7269444620378,9154.91555549836,1.00026579843269
"log_lik_gear[206]",-3.56778828338503,0.00146928931825422,0.136589784285406,-3.88135582619181,-3.65091938824957,-3.5490828887697,-3.4670537389206,-3.35854668242976,8642.14991518872,1.00002063832733
"log_lik_gear[207]",-5.71580306100719,0.00293648797091682,0.315401106218,-6.45963517148366,-5.90128995878081,-5.66986842900207,-5.48664179673227,-5.23964288415454,11536.3911356182,1.00001845570172
"log_lik_gear[208]",-4.96063283626055,0.0012847784462984,0.125868273446985,-5.28245292993011,-5.01885579188938,-4.93210826432406,-4.87372409671636,-4.79306035097032,9597.89657051593,1.00006602668406
"log_lik_gear[209]",-4.56699866296851,0.00118438707217492,0.105940393132205,-4.82338980664092,-4.62232203836211,-4.546429874777,-4.49220722258897,-4.41397443251561,8000.84475773915,0.999841442667758
"log_lik_gear[210]",-6.74980027533703,0.00660434654156252,0.667638448154877,-8.17412094688319,-7.16552488495262,-6.69213592009454,-6.26190846387864,-5.6219406324872,10219.3428890005,1.00008739505277
"log_lik_gear[211]",-5.85227027329299,0.00500252944392457,0.508829814025747,-6.96402533751492,-6.16439865657016,-5.80034826807913,-5.47899580912237,-5.01024238369909,10345.8408482044,1.00011992381561
"log_lik_gear[212]",-3.84673075118009,0.000891541194627641,0.0853038409386111,-4.06391169037629,-3.88467966128206,-3.831162417721,-3.79025013912961,-3.7269444620378,9154.91555549836,1.00026579843269
"log_lik_gear[213]",-4.62635054440498,0.00191830084559073,0.196825014274816,-5.06542077996483,-4.74396794513365,-4.60573380245428,-4.48153911674706,-4.30370728735144,10527.5459761293,1.00003054977485
"log_lik_gear[214]",-4.69603475628088,0.000837573133550866,0.063443297870849,-4.84159076142057,-4.72981729743415,-4.69059711640412,-4.6538007102225,-4.58986235364285,5737.54393032921,0.999755896060628
"log_lik_gear[215]",-4.58152150694934,0.00168691194047572,0.168450320758181,-4.96238348682266,-4.67928576983333,-4.55922908873947,-4.45687872087619,-4.3175257456037,9971.46249158014,0.999989473096525
"log_lik_gear[216]",-4.5415517204286,0.00138401999752005,0.130109790181203,-4.84385740799959,-4.61657164665559,-4.52266843839099,-4.44694987914202,-4.34303409514717,8837.61793933094,0.999660604522889
"log_lik_gear[217]",-5.49133777793527,0.00301662809002292,0.297075365889404,-6.14179913463771,-5.67492990242293,-5.46222771175448,-5.28140518221886,-4.98782926511606,9698.16882150433,0.999658586754068
"log_lik_gear[218]",-4.4320278866481,0.00117380652099149,0.108516373430956,-4.68820966537428,-4.49392957993949,-4.41528087734704,-4.35437168198573,-4.26797741169253,8546.68124779438,0.999670634486177
"log_lik_gear[219]",-5.14633868103377,0.000747650389266646,0.0611099148763106,-5.28370400155044,-5.18060706027833,-5.14133285293912,-5.10466233001637,-5.04228403729234,6680.76553152699,1.0000913809072
"log_lik_gear[220]",-5.04978284233494,0.000705584996453143,0.0617362038031463,-5.18691499265204,-5.08391053201089,-5.04532181836794,-5.00846302807005,-4.94292149973249,7655.63408001902,0.999930843250838
"log_lik_gear[221]",-5.05597235554164,0.000698958326657824,0.0605836047053465,-5.18965430503271,-5.09006023895171,-5.05177863549528,-5.01499707703846,-4.94992076163244,7512.90079764643,0.999951373600042
"log_lik_gear[222]",-4.05636920131251,0.0015491143343999,0.156675188614084,-4.3981451079129,-4.1522435431767,-4.04385478729858,-3.94443051876043,-3.78844459696769,10229.0077387924,0.999673420370853
"log_lik_gear[223]",-4.1107001685032,0.000606896611092297,0.0515185141189526,-4.22281530736156,-4.14224833865536,-4.10817287176948,-4.07549940888875,-4.01868428810505,7206.04936108418,0.999864533153297
"log_lik_gear[224]",-4.33100989388899,0.000976869800846332,0.0882592408452685,-4.54109011277343,-4.37832264001477,-4.31725094703305,-4.26932852502368,-4.19666962840675,8162.94757386061,0.999691581170714
"log_lik_gear[225]",-4.05003510112927,0.000595147933253981,0.052224386914426,-4.160152739044,-4.08172369727252,-4.04779610443906,-4.01434057656709,-3.95689350556495,7700.10843466271,0.999888565529493
"log_lik_gear[226]",-4.15831676839819,0.000663688743598655,0.0566113663428775,-4.28573857304613,-4.1905754746004,-4.15434480054553,-4.11962393722128,-4.0607843752204,7275.76008594526,0.999808834567364
"log_lik_gear[227]",-4.19267560393284,0.00189287919826239,0.190828742078764,-4.60328042818061,-4.31184486819303,-4.18049923665983,-4.0597876982311,-3.85898543179689,10163.4645756745,0.999660618186316
"log_lik_gear[228]",-5.71886610357652,0.00203258245283308,0.190587030375363,-6.16531244726511,-5.82709380677682,-5.68875073979973,-5.57878698999889,-5.43818208344048,8792.05390826611,0.99979954025111
"log_lik_gear[229]",-5.19200137770947,0.000829222879074561,0.0687310949100197,-5.35462165778757,-5.22745641304502,-5.18424055534388,-5.14576645150572,-5.08222281635666,6870.11445588628,1.00005880772174
"log_lik_gear[230]",-5.1551180664168,0.000761593813471101,0.062343704119108,-5.29603826220435,-5.18912438774839,-5.14981417983643,-5.11285012637157,-5.05014699068712,6700.98103900661,1.00008798479776
"log_lik_gear[231]",-3.99198532971432,0.000703525956125323,0.067061716870101,-4.14730958776061,-4.02907726014857,-3.9844369732198,-3.94685781624013,-3.88108274158577,9086.34212992547,0.999812193742639
"log_lik_gear[232]",-4.9137718380288,0.00205907407511022,0.19923528233919,-5.35831951284997,-5.03336374939745,-4.89067041594672,-4.76993291013218,-4.59282873799942,9362.42944589632,0.999654048752894
"log_lik_gear[233]",-4.01750373502543,0.000633706151153243,0.0580766902016621,-4.14682144165391,-4.05105006274911,-4.01266907901829,-3.97838448231178,-3.91930793998202,8399.00559232757,0.999856118554242
"log_lik_gear[234]",-4.1841093123028,0.000704081833490599,0.0605109470501748,-4.32108577663326,-4.21749879891796,-4.17849802939774,-4.1427958644745,-4.08128857801491,7386.20951079473,0.999780513706309
"log_lik_gear[235]",-4.0889844651665,0.000593539461981229,0.0505871150594029,-4.19670023212871,-4.12009860558703,-4.08666439230754,-4.05420125502145,-3.99678068234934,7264.08015859083,0.999883689486948
"log_lik_gear[236]",-4.15831676839819,0.000663688743598655,0.0566113663428775,-4.28573857304613,-4.1905754746004,-4.15434480054553,-4.11962393722128,-4.0607843752204,7275.76008594526,0.999808834567364
"log_lik_gear[237]",-3.96874746980045,0.00109961570872518,0.111073299969819,-4.21880215976241,-4.03359756594546,-3.95729998041669,-3.8898174523361,-3.7867180684219,10203.225357381,0.999709817023993
"log_lik_gear[238]",-3.99198532971432,0.000703525956125323,0.067061716870101,-4.14730958776061,-4.02907726014857,-3.9844369732198,-3.94685781624013,-3.88108274158577,9086.34212992547,0.999812193742639
"log_lik_gear[239]",-4.05636920131251,0.0015491143343999,0.156675188614084,-4.3981451079129,-4.1522435431767,-4.04385478729858,-3.94443051876043,-3.78844459696769,10229.0077387924,0.999673420370853
"log_lik_gear[240]",-4.23941485720442,0.000801561232787654,0.070294773276459,-4.40479428776263,-4.27610225838499,-4.23028773484766,-4.19126895053139,-4.12694624075505,7690.82022950902,0.999734001881573
"log_lik_gear[241]",-4.06874173474861,0.000589557806591121,0.0508286396861711,-4.1763621347448,-4.10013003255832,-4.06611519039686,-4.034169776264,-3.97632666583536,7433.0008941653,0.999891995565782
"log_lik_gear[242]",-3.96837644213169,0.000850590076751182,0.0842344086127491,-4.16364851747921,-4.01566256534485,-3.95798101767899,-3.90957808310974,-3.83366830343581,9807.05111108336,0.999756636519963
"log_lik_gear[243]",-4.35932867262455,0.00076239213089576,0.0736780522152853,-4.52366302808618,-4.40429703617319,-4.35230567609787,-4.30796808673994,-4.23524173503338,9339.41044867019,0.999796916935599
"log_lik_gear[244]",-4.52611588158547,0.00100783442921849,0.0994838267357405,-4.74462343293377,-4.58631477334986,-4.5148044345755,-4.45483489976422,-4.36158629133245,9743.76012863841,0.999856062356911
"log_lik_gear[245]",-5.77516911899189,0.00277391689888944,0.277464594191375,-6.36744338025797,-5.95085612778482,-5.756580948204,-5.57642625869495,-5.28301145340347,10005.2571065012,0.999962971458959
"log_lik_gear[246]",-5.03805964013263,0.000721196302516836,0.0693886322245656,-5.19767289538072,-5.07839678688137,-5.03064882580003,-4.99029043882737,-4.92467187135547,9256.98736009765,0.999840200869764
"log_lik_gear[247]",-5.00844949573943,0.000963685626998536,0.0948505826095039,-5.22744883957297,-5.06407793348475,-4.99647309868811,-4.94046851139774,-4.85682347278885,9687.44483161996,0.999790011279845
"log_lik_gear[248]",-5.00890710965152,0.00110926256298408,0.109483194148767,-5.25637291063764,-5.07515108384426,-4.99616575988776,-4.92977123610197,-4.83043104503444,9741.50834013554,0.999771441581572
"log_lik_gear[249]",-4.5988355826201,0.00111792065968582,0.11070639533662,-4.84119338053936,-4.66569410234521,-4.58619909964509,-4.5191169675107,-4.4147339673675,9806.71278094757,0.999873866463244
"log_lik_gear[250]",-4.06827535107383,0.000529915526341054,0.0489315244752617,-4.16857478469534,-4.09997894701351,-4.06731358578384,-4.03477610574701,-3.97840919775328,8526.37057876185,0.999875509703068
"log_lik_gear[251]",-4.06827535107383,0.000529915526341054,0.0489315244752617,-4.16857478469534,-4.09997894701351,-4.06731358578384,-4.03477610574701,-3.97840919775328,8526.37057876185,0.999875509703068
"log_lik_gear[252]",-4.00585374559251,0.000976733024367102,0.098316600280316,-4.2245722388881,-4.0678777743124,-3.99791730257662,-3.9362590195321,-3.83633253474426,10132.1581799773,0.9999936188078
"log_lik_gear[253]",-4.75346518205331,0.00135324759129308,0.134170273219629,-5.04717693724567,-4.83440983201466,-4.73941208318561,-4.65742935900492,-4.52795618173717,9830.10332657554,0.999901396544065
"log_lik_gear[254]",-4.16798765385017,0.000538306259185081,0.0489765908875996,-4.26769691067387,-4.19921137791903,-4.16694500580807,-4.13435048536086,-4.07652505321259,8277.86319243749,0.99974002163516
"log_lik_gear[255]",-4.16798765385017,0.000538306259185081,0.0489765908875996,-4.26769691067387,-4.19921137791903,-4.16694500580807,-4.13435048536086,-4.07652505321259,8277.86319243749,0.99974002163516
"log_lik_gear[256]",-4.32877578043449,0.000720341920839334,0.0690730908367771,-4.48261271855314,-4.37095457210891,-4.3227533424634,-4.28071408705339,-4.21050080607212,9194.76006071767,0.999783019589868
"log_lik_gear[257]",-4.56207334756405,0.00106243631939888,0.10504551082977,-4.79232071525942,-4.62541630511344,-4.55025038512078,-4.48673000338692,-4.38783019780641,9775.72953471776,0.999865351667134
"log_lik_gear[258]",-4.14266986654319,0.00141295137044092,0.140982720606371,-4.44682805608669,-4.23189435319078,-4.13341695734449,-4.0447486594519,-3.89570688650322,9955.82706473447,0.999944124506009
"log_lik_gear[259]",-4.01588535997207,0.000624480686956581,0.0603705208312816,-4.14692608810151,-4.05314370612517,-4.01155771540022,-3.97375298371008,-3.91135824536535,9345.69969850144,0.999975462038448
"log_lik_gear[260]",-4.2707358540747,0.000644401328513891,0.0607006396754778,-4.40277424290229,-4.30748206610077,-4.26629965707232,-4.22856847236056,-4.16428024757168,8873.0653757142,0.999756032210961
"log_lik_gear[261]",-4.04413149088013,0.00116489902681903,0.115515918124976,-4.29849164154552,-4.11754962368937,-4.03495836106489,-3.96241796794705,-3.84469671678205,9833.47693834717,0.99997577684934
"log_lik_gear[262]",-4.00038514236471,0.000695859706360525,0.0685033144559317,-4.15335983231991,-4.04259592879861,-3.99429711216368,-3.95220122640135,-3.88249696679352,9691.24986114442,0.999995985921626
"log_lik_gear[263]",-4.11226180683799,0.00134865246683733,0.134304217278246,-4.40188691650726,-4.19723657809579,-4.1024552446753,-4.0185223488392,-3.8773421355977,9916.9745358521,0.999952692470112
"log_lik_gear[264]",-5.36622972387023,0.00229874553110309,0.221721896897627,-5.82945601845652,-5.51154752532406,-5.35448265064457,-5.20694451558597,-4.97283734972445,9303.26463924447,0.999721529706616
"log_lik_gear[265]",-5.12423908089249,0.00172118039948326,0.169855311899365,-5.48883691497282,-5.23516579971081,-5.11003371924963,-5.00134236043749,-4.83266913834149,9738.80080024829,0.999732872347831
"log_lik_gear[266]",-5.16945328020876,0.00186301364717802,0.182017679179581,-5.5574736645402,-5.28804778239885,-5.15611098484595,-5.03816581841043,-4.85477872458925,9545.42066999263,0.999729084774754
"log_lik_gear[267]",-5.72364427533231,0.00271103617909631,0.270574744825093,-6.30116822166788,-5.89437440330896,-5.70651346272174,-5.52998754426051,-5.24518676590365,9961.02175088914,0.999961731627048
"log_lik_gear[268]",-4.35932867262455,0.00076239213089576,0.0736780522152853,-4.52366302808618,-4.40429703617319,-4.35230567609787,-4.30796808673994,-4.23524173503338,9339.41044867019,0.999796916935599
"log_lik_gear[269]",-4.24332202238669,0.000611376288814722,0.0570395284144225,-4.3656721752504,-4.27860590807788,-4.2397376041947,-4.20401292925644,-4.14157733558563,8704.31641286718,0.999744857500031
"log_lik_gear[270]",-4.12396998660601,0.000516491396888665,0.0467619814605937,-4.21918918887493,-4.15491616296802,-4.12360807924944,-4.0919413658112,-4.03511694737745,8197.08855458181,0.999776512470188
"log_lik_gear[271]",-6.1466479383377,0.00321848889390252,0.326480098057987,-6.83936953386815,-6.35537671180559,-6.12583066953383,-5.91339829614223,-5.56445380699569,10289.858312493,0.999969790947971
"log_lik_gear[272]",-5.82709637269488,0.00283695979345963,0.284383621396519,-6.43242544068085,-6.00786703936868,-5.80805145742772,-5.62331415702131,-5.32197577951582,10048.5361427725,0.999964135856597
"log_lik_gear[273]",-6.0299472951825,0.00358078943684243,0.354564727635861,-6.76676668582872,-6.26026743403207,-6.01384670269448,-5.78144124318374,-5.3799278038033,9804.68152578311,0.999760089804759
"log_lik_gear[274]",-4.17738875575532,0.00147798867607502,0.147902901093686,-4.49711026267769,-4.2711197969114,-4.16847145803053,-4.0743036535944,-3.91707060295965,10014.0826654091,0.999935185524129
"log_lik_gear[275]",-4.2707358540747,0.000644401328513891,0.0607006396754778,-4.40277424290229,-4.30748206610077,-4.26629965707232,-4.22856847236056,-4.16428024757168,8873.0653757142,0.999756032210961
"log_lik_gear[276]",-4.01588535997207,0.000624480686956581,0.0603705208312816,-4.14692608810151,-4.05314370612517,-4.01155771540022,-3.97375298371008,-3.91135824536535,9345.69969850144,0.999975462038448
"log_lik_gear[277]",-4.05269977241006,0.000546232846449836,0.0510143391694938,-4.15930012447309,-4.08527231085705,-4.05108433223707,-4.01697972136822,-3.96037674830636,8722.25755812306,0.99990790148663
"log_lik_gear[278]",-4.29923296065851,0.000680877370480467,0.064731128030617,-4.44177902051228,-4.33873561919488,-4.29390211883867,-4.25418534289646,-4.18678151513357,9038.33741089983,0.999769135879834
"log_lik_gear[279]",-4.2707358540747,0.000644401328513891,0.0607006396754778,-4.40277424290229,-4.30748206610077,-4.26629965707232,-4.22856847236056,-4.16428024757168,8873.0653757142,0.999756032210961
"log_lik_gear[280]",-4.16798765385017,0.000538306259185081,0.0489765908875996,-4.26769691067387,-4.19921137791903,-4.16694500580807,-4.13435048536086,-4.07652505321259,8277.86319243749,0.99974002163516
"log_lik_gear[281]",-4.5988355826201,0.00111792065968582,0.11070639533662,-4.84119338053936,-4.66569410234521,-4.58619909964509,-4.5191169675107,-4.4147339673675,9806.71278094757,0.999873866463244
"log_lik_gear[282]",-5.01224282961069,0.000895442137653186,0.0879216281399084,-5.21430593357249,-5.06285935294056,-5.00140627821298,-4.94982394559372,-4.87246001911221,9640.87359102157,0.999801096915841
"log_lik_gear[283]",-5.01852677933416,0.000830954840492706,0.0813163198840909,-5.20428763622476,-5.06526255834669,-5.00836850540117,-4.96103618384009,-4.88852882989094,9576.36271789767,0.999813373474122
"log_lik_gear[284]",-5.06612658409568,0.000639287785033051,0.0599510863663295,-5.19831086379441,-5.10194350664941,-5.06221221893941,-5.02489388060837,-4.96303599315601,8794.30051056036,0.999862910157108
"log_lik_gear[285]",-4.94036918578291,0.00325713728278893,0.335653682137622,-5.70889032102914,-5.13975421601479,-4.89499199061893,-4.691602737354,-4.4289468341936,10619.6622387699,0.999978770304193
"log_lik_gear[286]",-4.83349073484612,0.00260498022377773,0.254026544986703,-5.45082052404997,-4.97411711783343,-4.78313912597574,-4.6423199146939,-4.4982464546476,9509.31736005826,1.00008031335975
"log_lik_gear[287]",-4.84419766350048,0.00270832147973984,0.26726160821892,-5.48568996305541,-4.99524813124067,-4.79476812542833,-4.64260486744578,-4.48165852357419,9738.06628813513,1.00005947373624
"log_lik_gear[288]",-3.78231362190593,0.000615603775747972,0.0542211160802572,-3.90304674415542,-3.81330959756741,-3.77902397520107,-3.74535368214244,-3.6880983793677,7757.72456085718,1.00001796573752
"log_lik_gear[289]",-3.88771225581026,0.000586116952448305,0.0535313342983486,-4.00576982759844,-3.91919132469797,-3.8840921077223,-3.85122861912517,-3.79538907240565,8341.56563763268,0.999769157527562
"log_lik_gear[290]",-3.71211545041472,0.00106775863422791,0.105450566784074,-3.95073571003169,-3.77412239810737,-3.69857939325728,-3.63609906923506,-3.54265461146999,9753.30157229654,1.0000271865549
"log_lik_gear[291]",-4.66823860771382,0.00196277519711372,0.204188430525475,-5.13446737888209,-4.7902357392669,-4.6456324892256,-4.52013282860218,-4.34037968734861,10822.3391405672,0.999895363830554
"log_lik_gear[292]",-4.06905162567037,0.000847040797619421,0.0867217401381303,-4.27731256124881,-4.11487472920781,-4.05484441914325,-4.00877918814359,-3.93632589878866,10482.0761471076,0.999764082082459
"log_lik_gear[293]",-3.73187095614703,0.000771566330413329,0.0719335571635361,-3.90196173763471,-3.77047562991947,-3.72320363687948,-3.68128033030261,-3.61794290176269,8691.93637589016,1.0000722297626
"log_lik_gear[294]",-4.85857141104014,0.00067073655329853,0.058305632164856,-4.98815154275572,-4.89167331018878,-4.8549990460757,-4.81888083283604,-4.75740840875652,7556.43702328241,0.999768875879028
"log_lik_gear[295]",-5.03458018620247,0.000945880893723931,0.0916203005350032,-5.26049672180942,-5.07902692854603,-5.01818680382235,-4.97315086552186,-4.90018714644282,9382.32597863716,0.999546700152499
"log_lik_gear[296]",-4.74610076604983,0.000850650975502062,0.0775787144046891,-4.93104682906086,-4.78638053449261,-4.73547644022244,-4.6926212341281,-4.62446384825844,8317.2996469713,0.999793181167492
"log_lik_gear[297]",-3.85771251722158,0.000570358833244436,0.0507134090997546,-3.96698590959659,-3.88881469713097,-3.85523796160273,-3.82306690427193,-3.76831404203422,7905.86270881145,0.999820546118583
"log_lik_gear[298]",-4.11092214289341,0.000922476906154307,0.0954065050637656,-4.33695626391857,-4.16242634549254,-4.0948275234668,-4.04421346866756,-3.96632244457591,10696.5806235137,0.999779490755591
"log_lik_gear[299]",-4.19961687157337,0.00109307627079613,0.113729151859859,-4.46919868136104,-4.2629112834973,-4.18120230259559,-4.11880593604467,-4.02783737243884,10825.3679769257,0.999808872060638
"log_lik_gear[300]",-3.8300590160514,0.000570344782535946,0.0498690612178616,-3.93952978288066,-3.86033194588185,-3.82800178584209,-3.79554508776021,-3.74043920914462,7645.17514882275,0.999889810681123
"log_lik_gear[301]",-4.15446782256075,0.0010046324737909,0.104432586981606,-4.40133404302912,-4.21163259886428,-4.13734125371707,-4.08049178248223,-3.99658799697073,10805.8179955255,0.999794595739281
"log_lik_gear[302]",-3.95428584077119,0.000660049492609292,0.0639146552617742,-4.10544696922066,-3.98869370322698,-3.94722215553557,-3.9116269747318,-3.85045159826163,9376.65416702486,0.999733228885033
"log_lik_gear[303]",-3.71211545041472,0.00106775863422791,0.105450566784074,-3.95073571003169,-3.77412239810737,-3.69857939325728,-3.63609906923506,-3.54265461146999,9753.30157229654,1.0000271865549
"log_lik_gear[304]",-3.71128086105836,0.00098836689328845,0.0964660568872541,-3.93334889779343,-3.76671761615543,-3.69827386611099,-3.64256295946974,-3.5585102906744,9526.04599874483,1.0000419214717
"log_lik_gear[305]",-3.82045424546518,0.00159198065204004,0.164907215451343,-4.17862745107198,-3.92271062615137,-3.8057888484183,-3.70400962874625,-3.53544573382375,10730.0994292756,0.999934225049048
"log_lik_gear[306]",-3.99064838957271,0.000714246544225147,0.0708106654294168,-4.16068069110647,-4.02806419357969,-3.98070452513247,-3.9427424641881,-3.87813364663841,9828.81262053381,0.999737927840333
"log_lik_gear[307]",-4.06905162567037,0.000847040797619421,0.0867217401381303,-4.27731256124881,-4.11487472920781,-4.05484441914325,-4.00877918814359,-3.93632589878866,10482.0761471076,0.999764082082459
"log_lik_gear[308]",-4.39496156679604,0.00147133635282672,0.152773676537872,-4.7514386930987,-4.48333956994489,-4.37393548272185,-4.28321144275292,-4.15935366003576,10781.3496178695,0.999855648819731
"log_lik_gear[309]",-4.80153642312316,0.000692071696668964,0.0599975616599358,-4.93365197102055,-4.83517753202095,-4.79745760962044,-4.76099391165685,-4.69953688979652,7515.62365258984,0.999848823872804
"log_lik_gear[310]",-4.78534584376187,0.000719994553312736,0.0630409473798723,-4.92640618427683,-4.81949340974627,-4.78006884766577,-4.74265558930284,-4.68010539295883,7666.32171112313,0.999846972356289
"log_lik_gear[311]",-4.96544518000679,0.000805929794289609,0.0756415619744692,-5.14813225973348,-5.00277942219057,-4.9551248607703,-4.91573779783886,-4.84902003417276,8808.99885945361,0.999591321523403
"log_lik_catch[1]",-1.9829780220379,0.00026474082147441,0.0270468272785616,-2.03691669963336,-2.00117168144669,-1.98271246894915,-1.96435387478757,-1.9307574744993,10437.3640334817,0.999928380484174
"log_lik_catch[2]",-2.39942243682426,0.000434208222263013,0.0395650650939029,-2.47962341066573,-2.42569789342736,-2.39833012100121,-2.37198755613514,-2.32622204273014,8302.85938665806,1.00014589654824
"log_lik_catch[3]",-0.645019703405383,0.000472799127621812,0.0413925005240906,-0.72816478817859,-0.672517561761273,-0.644162709574686,-0.616096710541587,-0.568540824622613,7664.60878886882,1.00000332885039
"log_lik_catch[4]",-3.58691827044073,0.00126743126149121,0.107913139955037,-3.8067344169173,-3.65718988107809,-3.58170996042068,-3.5109033479808,-3.38953100740037,7249.36270206546,0.999923930030445
"log_lik_catch[5]",-3.48016035116813,0.000801582919726674,0.0688537069782023,-3.62240536268028,-3.52533689631636,-3.47637602814892,-3.43219899657841,-3.35631730437336,7378.32438267054,1.00005594854654
"log_lik_catch[6]",-3.50381302497764,0.00143847399977677,0.122793070795055,-3.75156806098239,-3.58465108202706,-3.49992735764352,-3.41798308587021,-3.27572977167722,7286.91473134173,0.999882903078056
"log_lik_catch[7]",-3.50381302497764,0.00143847399977677,0.122793070795055,-3.75156806098239,-3.58465108202706,-3.49992735764352,-3.41798308587021,-3.27572977167722,7286.91473134173,0.999882903078056
"log_lik_catch[8]",-3.12026061260285,0.000364700560127484,0.0357168506093973,-3.19247967712047,-3.14422074678819,-3.11995616374534,-3.09585474274552,-3.05221166147529,9591.21119111654,1.00007500116241
"log_lik_catch[9]",-2.71723008846951,0.000424575738796159,0.0390305501773809,-2.79520279611256,-2.74329587175928,-2.71623214793063,-2.69087080829217,-2.64246741893285,8450.82285873521,0.999633395996867
"log_lik_catch[10]",-2.80235884309089,0.000688736593874322,0.0595858520117762,-2.92325413785874,-2.84138579205584,-2.79942136060247,-2.76105385020602,-2.69457123866952,7484.79638450894,1.00007345003615
"log_lik_catch[11]",-3.50381302497764,0.00143847399977677,0.122793070795055,-3.75156806098239,-3.58465108202706,-3.49992735764352,-3.41798308587021,-3.27572977167722,7286.91473134173,0.999882903078056
"log_lik_catch[12]",-4.33341348418855,0.00149557107436156,0.12727076235255,-4.59646093595633,-4.41573484542515,-4.32691327553867,-4.24393607926192,-4.10395777767344,7241.74415076814,0.999898347963598
"log_lik_catch[13]",-0.645019703405383,0.000472799127621812,0.0413925005240906,-0.72816478817859,-0.672517561761273,-0.644162709574686,-0.616096710541587,-0.568540824622613,7664.60878886882,1.00000332885039
"log_lik_catch[14]",-3.70919369308066,0.000539292698171459,0.0483565429120836,-3.80776048189945,-3.74120080906373,-3.70775019554612,-3.67586839809873,-3.62009242513289,8040.09924275795,1.00014982470126
"log_lik_catch[15]",-1.9829780220379,0.00026474082147441,0.0270468272785616,-2.03691669963336,-2.00117168144669,-1.98271246894915,-1.96435387478757,-1.9307574744993,10437.3640334817,0.999928380484174
"log_lik_catch[16]",-0.645019703405383,0.000472799127621812,0.0413925005240906,-0.72816478817859,-0.672517561761273,-0.644162709574686,-0.616096710541587,-0.568540824622613,7664.60878886882,1.00000332885039
"log_lik_catch[17]",-2.817338727409,0.000378158630530111,0.036218593593576,-2.89096676395846,-2.84153299640512,-2.81670973195864,-2.79250074595257,-2.74849946228088,9173.07894868548,1.0001147425588
"log_lik_catch[18]",-2.34995660570675,0.000310932080480147,0.0310057657356413,-2.41179039504067,-2.371146522354,-2.34911812536272,-2.32852599376862,-2.2908022746146,9943.83380653345,0.999687201574966
"log_lik_catch[19]",-1.25843888977321,0.000763929399815388,0.0692476804438879,-1.39587695725027,-1.30442165155971,-1.25706919776539,-1.2100921677399,-1.1286244305104,8216.82453358888,1.00008418433719
"log_lik_catch[20]",-0.645019703405383,0.000472799127621812,0.0413925005240906,-0.72816478817859,-0.672517561761273,-0.644162709574686,-0.616096710541587,-0.568540824622613,7664.60878886882,1.00000332885039
"log_lik_catch[21]",-1.53888405514269,0.000322860003103232,0.0295237129082811,-1.59836112044589,-1.5583846064748,-1.53796377250645,-1.51862774799037,-1.48332100345865,8362.06335964445,0.99963852826624
"log_lik_catch[22]",-2.83521681173336,0.000977034180903231,0.0834365610107715,-3.00568692297813,-2.890224922187,-2.83178104247857,-2.77600710023244,-2.68014640687386,7292.78274791072,0.999964069244778
"log_lik_catch[23]",-1.53888405514269,0.000322860003103232,0.0295237129082811,-1.59836112044589,-1.5583846064748,-1.53796377250645,-1.51862774799037,-1.48332100345865,8362.06335964445,0.99963852826624
"log_lik_catch[24]",-1.45246383888453,0.00084788281496703,0.0778459724814599,-1.60782247911153,-1.50416260835381,-1.45016875988374,-1.39766732329431,-1.30723175270223,8429.47701461104,1.00009472931507
"log_lik_catch[25]",-1.25843888977321,0.000763929399815388,0.0692476804438879,-1.39587695725027,-1.30442165155971,-1.25706919776539,-1.2100921677399,-1.1286244305104,8216.82453358888,1.00008418433719
"log_lik_catch[26]",-1.00620474942926,0.00065171051206663,0.0581398955493646,-1.12203736048635,-1.04436204472769,-1.00527350636703,-0.965569060834878,-0.89792252738648,7958.64332922845,1.00005980239658
"log_lik_catch[27]",-2.34995660570675,0.000310932080480147,0.0310057657356413,-2.41179039504067,-2.371146522354,-2.34911812536272,-2.32852599376862,-2.2908022746146,9943.83380653345,0.999687201574966
"log_lik_catch[28]",-2.80235884309089,0.000688736593874322,0.0595858520117762,-2.92325413785874,-2.84138579205584,-2.79942136060247,-2.76105385020602,-2.69457123866952,7484.79638450894,1.00007345003615
"log_lik_catch[29]",-0.645019703405383,0.000472799127621812,0.0413925005240906,-0.72816478817859,-0.672517561761273,-0.644162709574686,-0.616096710541587,-0.568540824622613,7664.60878886882,1.00000332885039
"log_lik_catch[30]",-1.44335881609647,0.00020820563780308,0.0213002072787412,-1.48621944300701,-1.45762328685184,-1.44304649928188,-1.42864096208167,-1.40254693823193,10466.0472013675,0.999926914177958
"log_lik_catch[31]",-2.04868200224492,0.000623389331933575,0.0539557147922273,-2.15770843985673,-2.08509716995686,-2.04778784718875,-2.01099891750094,-1.94735492337571,7491.28239650419,0.999946630649023
"log_lik_catch[32]",-1.27285969241887,0.0007392463261265,0.0676521206079475,-1.40755642863951,-1.31806129477282,-1.271889803064,-1.22592125548349,-1.14206791234781,8374.9935098156,1.00008697966499
"log_lik_catch[33]",-1.47773106929874,0.000245574372108178,0.0244320383298257,-1.52703078702175,-1.49420099748123,-1.47692951301879,-1.46110765552798,-1.43182545206761,9898.13373879283,0.999728760892413
"log_lik_catch[34]",-2.32995431645258,0.000287987305284864,0.0295873141726984,-2.38938712944523,-2.35012469304747,-2.32980108186309,-2.3096561737737,-2.27268054824537,10555.1497293776,0.999899756314327
"log_lik_catch[35]",-3.18132708670776,0.000697344884578293,0.0611481309148261,-3.30792983895932,-3.22108001615302,-3.17804237338439,-3.13898597130921,-3.07004168911221,7689.02254864775,1.00007273016743
"log_lik_catch[36]",-0.856538891979348,0.000553204967022456,0.0495835596465523,-0.956907972791862,-0.889276550320302,-0.855656836860325,-0.8223307851733,-0.762391890547199,8033.47159082144,1.00006712238226
"log_lik_catch[37]",-3.71811290049451,0.000673623474816127,0.0592565461098192,-3.84109540621322,-3.75651599005601,-3.71503989361286,-3.67652015070498,-3.61079829183238,7738.16955727308,1.00008644450999
"log_lik_catch[38]",-3.5702751645882,0.000576997675897033,0.0514381791013859,-3.67710565554111,-3.60413632120624,-3.56790408488563,-3.53426066676901,-3.47605444514496,7947.36290370751,1.00010704313351
"log_lik_catch[39]",-1.27285969241887,0.0007392463261265,0.0676521206079475,-1.40755642863951,-1.31806129477282,-1.271889803064,-1.22592125548349,-1.14206791234781,8374.9935098156,1.00008697966499
"log_lik_catch[40]",-2.62084970159877,0.000375182325115563,0.035638871364773,-2.69395180624287,-2.64462567805458,-2.62004044342529,-2.59650726680955,-2.55338207106917,9023.25317647073,1.0000826322787
"log_lik_catch[41]",-2.32995431645258,0.000287987305284864,0.0295873141726984,-2.38938712944523,-2.35012469304747,-2.32980108186309,-2.3096561737737,-2.27268054824537,10555.1497293776,0.999899756314327
"log_lik_catch[42]",-3.18132708670776,0.000697344884578293,0.0611481309148261,-3.30792983895932,-3.22108001615302,-3.17804237338439,-3.13898597130921,-3.07004168911221,7689.02254864775,1.00007273016743
"log_lik_catch[43]",-2.80106430806325,0.00031767472710924,0.0327130545895592,-2.86590783323907,-2.82332121250913,-2.80046800254243,-2.77830599357216,-2.73742882930988,10604.1744980956,0.999785140290175
"log_lik_catch[44]",-3.18132708670776,0.000697344884578293,0.0611481309148261,-3.30792983895932,-3.22108001615302,-3.17804237338439,-3.13898597130921,-3.07004168911221,7689.02254864775,1.00007273016743
"log_lik_catch[45]",-2.32995431645258,0.000287987305284864,0.0295873141726984,-2.38938712944523,-2.35012469304747,-2.32980108186309,-2.3096561737737,-2.27268054824537,10555.1497293776,0.999899756314327
"log_lik_catch[46]",-2.02555092278664,0.00030392760679346,0.0302830351244498,-2.0862269829201,-2.0461077412345,-2.02468485280578,-2.00497293757093,-1.96816898239166,9927.92527961125,0.999725790534356
"log_lik_catch[47]",-3.86476670560068,0.000775902977250057,0.067764925319056,-4.00600637898235,-3.90873617153816,-3.86111323617257,-3.81779071377537,-3.74204616493883,7627.72612893194,1.00006088296337
"log_lik_catch[48]",-3.18132708670776,0.000697344884578293,0.0611481309148261,-3.30792983895932,-3.22108001615302,-3.17804237338439,-3.13898597130921,-3.07004168911221,7689.02254864775,1.00007273016743
"log_lik_catch[49]",-3.86476670560068,0.000775902977250057,0.067764925319056,-4.00600637898235,-3.90873617153816,-3.86111323617257,-3.81779071377537,-3.74204616493883,7627.72612893194,1.00006088296337
"log_lik_catch[50]",-3.27001206357575,0.0004116040726723,0.0388923600918831,-3.3500175388185,-3.29587401066065,-3.26921016398405,-3.24348824952598,-3.19647522833336,8928.31017654612,1.00008795545635
"log_lik_catch[51]",-2.14932424608397,0.00040048023523846,0.0372268902493979,-2.22418703965484,-2.17414804856039,-2.14825680137203,-2.12434348981777,-2.07871340265379,8640.74807182471,0.999767270636993
"log_lik_catch[52]",-2.46293143185874,0.000395614128531692,0.0375170075692466,-2.53835069836938,-2.48791913105324,-2.46185412398104,-2.43738068494422,-2.39095492584486,8993.16984464418,0.999740995184937
"log_lik_catch[53]",-3.49018633948825,0.00122572988972576,0.10710796120607,-3.71101829927752,-3.55974891947248,-3.48598027019785,-3.41639385656954,-3.29240417096102,7635.78958044082,0.999959660855988
"log_lik_catch[54]",-2.27635328001218,0.000470129536923823,0.0424305881069223,-2.36167208018169,-2.30428058062744,-2.27561554242488,-2.24759535333338,-2.19567816698717,8145.59902185636,0.999839554875422
"log_lik_catch[55]",-2.02555092278664,0.00030392760679346,0.0302830351244498,-2.0862269829201,-2.0461077412345,-2.02468485280578,-2.00497293757093,-1.96816898239166,9927.92527961125,0.999725790534356
"log_lik_catch[56]",-1.69349797701187,0.000417383531681499,0.0376529101439064,-1.76962151346839,-1.71821208236836,-1.69262519146765,-1.6678758226358,-1.62269374270337,8138.16473559948,0.999844497279296
"log_lik_catch[57]",-0.856538891979348,0.000553204967022456,0.0495835596465523,-0.956907972791862,-0.889276550320302,-0.855656836860325,-0.8223307851733,-0.762391890547199,8033.47159082144,1.00006712238226
"log_lik_catch[58]",-1.27285969241887,0.0007392463261265,0.0676521206079475,-1.40755642863951,-1.31806129477282,-1.271889803064,-1.22592125548349,-1.14206791234781,8374.9935098156,1.00008697966499
"log_lik_catch[59]",-3.19404165163877,0.000499807684470063,0.045285742688972,-3.28845002973834,-3.2234838489585,-3.19208361204097,-3.16257926914337,-3.11028935875343,8209.50801257972,1.00011342313722
"log_lik_catch[60]",-1.69349797701187,0.000417383531681499,0.0376529101439064,-1.76962151346839,-1.71821208236836,-1.69262519146765,-1.6678758226358,-1.62269374270337,8138.16473559948,0.999844497279296
"log_lik_catch[61]",-2.37675110715019,0.00033006767504559,0.0329071125678692,-2.44230215031533,-2.39915714098815,-2.37593478743119,-2.35433944755356,-2.31406390044032,9939.70660942881,0.999724530463222
"log_lik_catch[62]",-3.27001206357575,0.0004116040726723,0.0388923600918831,-3.3500175388185,-3.29587401066065,-3.26921016398405,-3.24348824952598,-3.19647522833336,8928.31017654612,1.00008795545635
"log_lik_catch[63]",-2.32995431645258,0.000287987305284864,0.0295873141726984,-2.38938712944523,-2.35012469304747,-2.32980108186309,-2.3096561737737,-2.27268054824537,10555.1497293776,0.999899756314327
"log_lik_catch[64]",-1.89424783290892,0.000520496626714095,0.0460907918251018,-1.9879401158991,-1.92457908651301,-1.8934820012503,-1.86253610931413,-1.80749548944498,7841.37998799321,0.999942352547323
"log_lik_catch[65]",-1.47773106929874,0.000245574372108178,0.0244320383298257,-1.52703078702175,-1.49420099748123,-1.47692951301879,-1.46110765552798,-1.43182545206761,9898.13373879283,0.999728760892413
"log_lik_catch[66]",-2.14932424608397,0.00040048023523846,0.0372268902493979,-2.22418703965484,-2.17414804856039,-2.14825680137203,-2.12434348981777,-2.07871340265379,8640.74807182471,0.999767270636993
"log_lik_catch[67]",-2.51529519419223,0.000583332679358161,0.0515302257292254,-2.62167118827292,-2.54884244010732,-2.51308092364691,-2.47923075096553,-2.42087247626548,7803.53667205429,1.00008828637573
"log_lik_catch[68]",-0.856538891979348,0.000553204967022456,0.0495835596465523,-0.956907972791862,-0.889276550320302,-0.855656836860325,-0.8223307851733,-0.762391890547199,8033.47159082144,1.00006712238226
"log_lik_catch[69]",-1.69349797701187,0.000417383531681499,0.0376529101439064,-1.76962151346839,-1.71821208236836,-1.69262519146765,-1.6678758226358,-1.62269374270337,8138.16473559948,0.999844497279296
"log_lik_catch[70]",-1.47773106929874,0.000245574372108178,0.0244320383298257,-1.52703078702175,-1.49420099748123,-1.47692951301879,-1.46110765552798,-1.43182545206761,9898.13373879283,0.999728760892413
"log_lik_catch[71]",-3.18132708670776,0.000697344884578293,0.0611481309148261,-3.30792983895932,-3.22108001615302,-3.17804237338439,-3.13898597130921,-3.07004168911221,7689.02254864775,1.00007273016743
"log_lik_catch[72]",-3.86476670560068,0.000775902977250057,0.067764925319056,-4.00600637898235,-3.90873617153816,-3.86111323617257,-3.81779071377537,-3.74204616493883,7627.72612893194,1.00006088296337
"log_lik_catch[73]",-4.16813800109904,0.000734683261514495,0.0643297584515534,-4.30256360810321,-4.20969846294884,-4.1645409217412,-4.12339098235868,-4.05235976775087,7666.96623716678,1.00007423474242
"log_lik_catch[74]",-2.62084970159877,0.000375182325115563,0.035638871364773,-2.69395180624287,-2.64462567805458,-2.62004044342529,-2.59650726680955,-2.55338207106917,9023.25317647073,1.0000826322787
"log_lik_catch[75]",-2.63600157518556,0.000344888758422463,0.0343954635942996,-2.70439640883658,-2.65941390045847,-2.635200372302,-2.61257449516964,-2.57029099647227,9945.90386418052,0.999723832486954
"log_lik_catch[76]",-2.14932424608397,0.00040048023523846,0.0372268902493979,-2.22418703965484,-2.17414804856039,-2.14825680137203,-2.12434348981777,-2.07871340265379,8640.74807182471,0.999767270636993
"log_lik_catch[77]",-2.62084970159877,0.000375182325115563,0.035638871364773,-2.69395180624287,-2.64462567805458,-2.62004044342529,-2.59650726680955,-2.55338207106917,9023.25317647073,1.0000826322787
"log_lik_catch[78]",-3.19728783890838,0.000971141283369133,0.0828657844186145,-3.36853643198389,-3.25167765024158,-3.19270539125199,-3.13835596066724,-3.04746348518305,7280.909932802,0.999987567049071
"log_lik_catch[79]",-2.96144910863229,0.000322681565287318,0.0329107675039631,-3.0265379181522,-2.983702997654,-2.96126697580897,-2.9388719017354,-2.89743483448442,10402.2601540426,0.999930663725568
"log_lik_catch[80]",-1.00620474942926,0.00065171051206663,0.0581398955493646,-1.12203736048635,-1.04436204472769,-1.00527350636703,-0.965569060834878,-0.89792252738648,7958.64332922845,1.00005980239658
"log_lik_catch[81]",-1.53888405514269,0.000322860003103232,0.0295237129082811,-1.59836112044589,-1.5583846064748,-1.53796377250645,-1.51862774799037,-1.48332100345865,8362.06335964445,0.99963852826624
"log_lik_catch[82]",-1.27285969241887,0.0007392463261265,0.0676521206079475,-1.40755642863951,-1.31806129477282,-1.271889803064,-1.22592125548349,-1.14206791234781,8374.9935098156,1.00008697966499
"log_lik_catch[83]",-2.14932424608397,0.00040048023523846,0.0372268902493979,-2.22418703965484,-2.17414804856039,-2.14825680137203,-2.12434348981777,-2.07871340265379,8640.74807182471,0.999767270636993
"log_lik_catch[84]",-1.89424783290892,0.000520496626714095,0.0460907918251018,-1.9879401158991,-1.92457908651301,-1.8934820012503,-1.86253610931413,-1.80749548944498,7841.37998799321,0.999942352547323
"log_lik_catch[85]",-3.27001206357575,0.0004116040726723,0.0388923600918831,-3.3500175388185,-3.29587401066065,-3.26921016398405,-3.24348824952598,-3.19647522833336,8928.31017654612,1.00008795545635
"log_lik_catch[86]",-1.47773106929874,0.000245574372108178,0.0244320383298257,-1.52703078702175,-1.49420099748123,-1.47692951301879,-1.46110765552798,-1.43182545206761,9898.13373879283,0.999728760892413
"log_lik_catch[87]",-2.63600157518556,0.000344888758422463,0.0343954635942996,-2.70439640883658,-2.65941390045847,-2.635200372302,-2.61257449516964,-2.57029099647227,9945.90386418052,0.999723832486954
"log_lik_catch[88]",-2.62084970159877,0.000375182325115563,0.035638871364773,-2.69395180624287,-2.64462567805458,-2.62004044342529,-2.59650726680955,-2.55338207106917,9023.25317647073,1.0000826322787
"log_lik_catch[89]",-1.27285969241887,0.0007392463261265,0.0676521206079475,-1.40755642863951,-1.31806129477282,-1.271889803064,-1.22592125548349,-1.14206791234781,8374.9935098156,1.00008697966499
"log_lik_catch[90]",-0.856538891979348,0.000553204967022456,0.0495835596465523,-0.956907972791862,-0.889276550320302,-0.855656836860325,-0.8223307851733,-0.762391890547199,8033.47159082144,1.00006712238226
"log_lik_catch[91]",-2.62084970159877,0.000375182325115563,0.035638871364773,-2.69395180624287,-2.64462567805458,-2.62004044342529,-2.59650726680955,-2.55338207106917,9023.25317647073,1.0000826322787
"log_lik_catch[92]",-1.69349797701187,0.000417383531681499,0.0376529101439064,-1.76962151346839,-1.71821208236836,-1.69262519146765,-1.6678758226358,-1.62269374270337,8138.16473559948,0.999844497279296
"log_lik_catch[93]",-3.86476670560068,0.000775902977250057,0.067764925319056,-4.00600637898235,-3.90873617153816,-3.86111323617257,-3.81779071377537,-3.74204616493883,7627.72612893194,1.00006088296337
"log_lik_catch[94]",-2.27635328001218,0.000470129536923823,0.0424305881069223,-2.36167208018169,-2.30428058062744,-2.27561554242488,-2.24759535333338,-2.19567816698717,8145.59902185636,0.999839554875422
"log_lik_catch[95]",-2.80106430806325,0.00031767472710924,0.0327130545895592,-2.86590783323907,-2.82332121250913,-2.80046800254243,-2.77830599357216,-2.73742882930988,10604.1744980956,0.999785140290175
"log_lik_catch[96]",-3.27001206357575,0.0004116040726723,0.0388923600918831,-3.3500175388185,-3.29587401066065,-3.26921016398405,-3.24348824952598,-3.19647522833336,8928.31017654612,1.00008795545635
"log_lik_catch[97]",-3.96832964262657,0.00156871331531044,0.13776166787927,-4.24953970143284,-4.05886549583698,-3.96200445633233,-3.87219694857337,-3.71579768679337,7712.04612771732,0.999920262974016
"log_lik_catch[98]",-3.9404834232629,0.000432803826615879,0.0407646913535596,-4.02433957641186,-3.96754971404594,-3.93956103076525,-3.91254129306726,-3.86339146449608,8871.27685797848,1.00009103193747
"log_lik_catch[99]",-2.63600157518556,0.000344888758422463,0.0343954635942996,-2.70439640883658,-2.65941390045847,-2.635200372302,-2.61257449516964,-2.57029099647227,9945.90386418052,0.999723832486954
"log_lik_catch[100]",-4.17367969138984,0.000560705949151503,0.0503023872460368,-4.27810554650997,-4.20649375637343,-4.17125927364053,-4.13883166325906,-4.08163640463057,8048.35018666166,1.00011196898839
"log_lik_catch[101]",-2.62084970159877,0.000375182325115563,0.035638871364773,-2.69395180624287,-2.64462567805458,-2.62004044342529,-2.59650726680955,-2.55338207106917,9023.25317647073,1.0000826322787
"log_lik_catch[102]",-1.27285969241887,0.0007392463261265,0.0676521206079475,-1.40755642863951,-1.31806129477282,-1.271889803064,-1.22592125548349,-1.14206791234781,8374.9935098156,1.00008697966499
"log_lik_catch[103]",-1.27285969241887,0.0007392463261265,0.0676521206079475,-1.40755642863951,-1.31806129477282,-1.271889803064,-1.22592125548349,-1.14206791234781,8374.9935098156,1.00008697966499
"log_lik_catch[104]",-2.90373767629584,0.000522452360952168,0.0468639027934797,-3.00107044191499,-2.93459384639153,-2.90176317160806,-2.87116994062739,-2.81751600139863,8046.06459537456,1.00011004116306
"log_lik_catch[105]",-2.0103379077999,0.000319312814597184,0.0305615570337678,-2.07297960825678,-2.03074039126044,-2.00970104788016,-1.98927524125625,-1.95259540170376,9160.48056237947,1.00007455267011
"log_lik_catch[106]",-2.14932424608397,0.00040048023523846,0.0372268902493979,-2.22418703965484,-2.17414804856039,-2.14825680137203,-2.12434348981777,-2.07871340265379,8640.74807182471,0.999767270636993
"log_lik_catch[107]",-3.49018633948825,0.00122572988972576,0.10710796120607,-3.71101829927752,-3.55974891947248,-3.48598027019785,-3.41639385656954,-3.29240417096102,7635.78958044082,0.999959660855988
"log_lik_catch[108]",-1.55058608091563,0.000859441068590813,0.0798968531978823,-1.71047513607873,-1.6037895189901,-1.54918445469159,-1.49580964902325,-1.39609395035742,8642.25633868267,1.00008669105208
"log_lik_catch[109]",-2.99719427960622,0.000398658000300212,0.0377411832043739,-3.07477607252069,-3.02234061441462,-2.99638619690903,-2.97147928705897,-2.92572937365287,8962.5182873835,1.00008606530048
"log_lik_catch[110]",-2.46293143185874,0.000395614128531692,0.0375170075692466,-2.53835069836938,-2.48791913105324,-2.46185412398104,-2.43738068494422,-2.39095492584486,8993.16984464418,0.999740995184937
"log_lik_catch[111]",-3.18132708670776,0.000697344884578293,0.0611481309148261,-3.30792983895932,-3.22108001615302,-3.17804237338439,-3.13898597130921,-3.07004168911221,7689.02254864775,1.00007273016743
"log_lik_catch[112]",-3.5702751645882,0.000576997675897033,0.0514381791013859,-3.67710565554111,-3.60413632120624,-3.56790408488563,-3.53426066676901,-3.47605444514496,7947.36290370751,1.00010704313351
"log_lik_catch[113]",-2.9608284766558,0.000319314420149381,0.0327823471130406,-3.02634354598872,-2.98318439405407,-2.96073079938871,-2.93840949517885,-2.89708696558737,10540.058607029,0.999900016676131
"log_lik_catch[114]",-0.856538891979348,0.000553204967022456,0.0495835596465523,-0.956907972791862,-0.889276550320302,-0.855656836860325,-0.8223307851733,-0.762391890547199,8033.47159082144,1.00006712238226
"log_lik_catch[115]",-3.27001206357575,0.0004116040726723,0.0388923600918831,-3.3500175388185,-3.29587401066065,-3.26921016398405,-3.24348824952598,-3.19647522833336,8928.31017654612,1.00008795545635
"log_lik_catch[116]",-2.59066995969667,0.000302779248663582,0.0312866125138815,-2.65163083856927,-2.61203866698426,-2.59012105868213,-2.56902998585589,-2.52997884170748,10677.3842723715,0.999820142613153
"log_lik_catch[117]",-0.856538891979348,0.000553204967022456,0.0495835596465523,-0.956907972791862,-0.889276550320302,-0.855656836860325,-0.8223307851733,-0.762391890547199,8033.47159082144,1.00006712238226
"log_lik_catch[118]",-2.27635328001218,0.000470129536923823,0.0424305881069223,-2.36167208018169,-2.30428058062744,-2.27561554242488,-2.24759535333338,-2.19567816698717,8145.59902185636,0.999839554875422
"log_lik_catch[119]",-1.89424783290892,0.000520496626714095,0.0460907918251018,-1.9879401158991,-1.92457908651301,-1.8934820012503,-1.86253610931413,-1.80749548944498,7841.37998799321,0.999942352547323
"log_lik_catch[120]",-3.96832964262657,0.00156871331531044,0.13776166787927,-4.24953970143284,-4.05886549583698,-3.96200445633233,-3.87219694857337,-3.71579768679337,7712.04612771732,0.999920262974016
"log_lik_catch[121]",-2.02555092278664,0.00030392760679346,0.0302830351244498,-2.0862269829201,-2.0461077412345,-2.02468485280578,-2.00497293757093,-1.96816898239166,9927.92527961125,0.999725790534356
"log_lik_catch[122]",-2.80235884309089,0.000688736593874322,0.0595858520117762,-2.92325413785874,-2.84138579205584,-2.79942136060247,-2.76105385020602,-2.69457123866952,7484.79638450894,1.00007345003615
"log_lik_catch[123]",-1.00620474942926,0.00065171051206663,0.0581398955493646,-1.12203736048635,-1.04436204472769,-1.00527350636703,-0.965569060834878,-0.89792252738648,7958.64332922845,1.00005980239658
"log_lik_catch[124]",-1.00620474942926,0.00065171051206663,0.0581398955493646,-1.12203736048635,-1.04436204472769,-1.00527350636703,-0.965569060834878,-0.89792252738648,7958.64332922845,1.00005980239658
"log_lik_catch[125]",-6.43758260390895,0.00354270578850614,0.307051706399871,-7.07690618455875,-6.6345571957211,-6.42425966161075,-6.22458677013163,-5.87164216014394,7511.95290741488,0.999760403748346
"log_lik_catch[126]",-4.54369134775478,0.00167738788415273,0.142945982975813,-4.83981381220501,-4.63476267446108,-4.53732638090441,-4.44279855102637,-4.28544324188278,7262.34551867979,0.999874259436388
"log_lik_catch[127]",-3.58691827044073,0.00126743126149121,0.107913139955037,-3.8067344169173,-3.65718988107809,-3.58170996042068,-3.5109033479808,-3.38953100740037,7249.36270206546,0.999923930030445
"log_lik_catch[128]",-1.25843888977321,0.000763929399815388,0.0692476804438879,-1.39587695725027,-1.30442165155971,-1.25706919776539,-1.2100921677399,-1.1286244305104,8216.82453358888,1.00008418433719
"log_lik_catch[129]",-0.645019703405383,0.000472799127621812,0.0413925005240906,-0.72816478817859,-0.672517561761273,-0.644162709574686,-0.616096710541587,-0.568540824622613,7664.60878886882,1.00000332885039
"log_lik_catch[130]",-1.00620474942926,0.00065171051206663,0.0581398955493646,-1.12203736048635,-1.04436204472769,-1.00527350636703,-0.965569060834878,-0.89792252738648,7958.64332922845,1.00005980239658
"log_lik_catch[131]",-1.9829780220379,0.00026474082147441,0.0270468272785616,-2.03691669963336,-2.00117168144669,-1.98271246894915,-1.96435387478757,-1.9307574744993,10437.3640334817,0.999928380484174
"log_lik_catch[132]",-2.33049426169956,0.000290922367855619,0.0297001311250411,-2.38946800454061,-2.35051293024395,-2.33026462963669,-2.31007252495366,-2.27292950393766,10422.2744686376,0.99992930198526
"log_lik_catch[133]",-1.00620474942926,0.00065171051206663,0.0581398955493646,-1.12203736048635,-1.04436204472769,-1.00527350636703,-0.965569060834878,-0.89792252738648,7958.64332922845,1.00005980239658
"log_lik_catch[134]",-2.59066995969667,0.000302779248663582,0.0312866125138815,-2.65163083856927,-2.61203866698426,-2.59012105868213,-2.56902998585589,-2.52997884170748,10677.3842723715,0.999820142613153
"log_lik_catch[135]",-3.19404165163877,0.000499807684470063,0.045285742688972,-3.28845002973834,-3.2234838489585,-3.19208361204097,-3.16257926914337,-3.11028935875343,8209.50801257972,1.00011342313722
"log_lik_catch[136]",-3.18132708670776,0.000697344884578293,0.0611481309148261,-3.30792983895932,-3.22108001615302,-3.17804237338439,-3.13898597130921,-3.07004168911221,7689.02254864775,1.00007273016743
"log_lik_catch[137]",-3.18132708670776,0.000697344884578293,0.0611481309148261,-3.30792983895932,-3.22108001615302,-3.17804237338439,-3.13898597130921,-3.07004168911221,7689.02254864775,1.00007273016743
"log_lik_catch[138]",-3.5702751645882,0.000576997675897033,0.0514381791013859,-3.67710565554111,-3.60413632120624,-3.56790408488563,-3.53426066676901,-3.47605444514496,7947.36290370751,1.00010704313351
"log_lik_catch[139]",-3.5702751645882,0.000576997675897033,0.0514381791013859,-3.67710565554111,-3.60413632120624,-3.56790408488563,-3.53426066676901,-3.47605444514496,7947.36290370751,1.00010704313351
"log_lik_catch[140]",-2.02555092278664,0.00030392760679346,0.0302830351244498,-2.0862269829201,-2.0461077412345,-2.02468485280578,-2.00497293757093,-1.96816898239166,9927.92527961125,0.999725790534356
"log_lik_catch[141]",-2.32995431645258,0.000287987305284864,0.0295873141726984,-2.38938712944523,-2.35012469304747,-2.32980108186309,-2.3096561737737,-2.27268054824537,10555.1497293776,0.999899756314327
"log_lik_catch[142]",-3.5702751645882,0.000576997675897033,0.0514381791013859,-3.67710565554111,-3.60413632120624,-3.56790408488563,-3.53426066676901,-3.47605444514496,7947.36290370751,1.00010704313351
"log_lik_catch[143]",-1.55058608091563,0.000859441068590813,0.0798968531978823,-1.71047513607873,-1.6037895189901,-1.54918445469159,-1.49580964902325,-1.39609395035742,8642.25633868267,1.00008669105208
"log_lik_catch[144]",-2.99719427960622,0.000398658000300212,0.0377411832043739,-3.07477607252069,-3.02234061441462,-2.99638619690903,-2.97147928705897,-2.92572937365287,8962.5182873835,1.00008606530048
"log_lik_catch[145]",-3.18132708670776,0.000697344884578293,0.0611481309148261,-3.30792983895932,-3.22108001615302,-3.17804237338439,-3.13898597130921,-3.07004168911221,7689.02254864775,1.00007273016743
"log_lik_catch[146]",-1.27285969241887,0.0007392463261265,0.0676521206079475,-1.40755642863951,-1.31806129477282,-1.271889803064,-1.22592125548349,-1.14206791234781,8374.9935098156,1.00008697966499
"log_lik_catch[147]",-3.12548761026891,0.000338295534800106,0.0345783414301795,-3.194250378845,-3.14919367071424,-3.12510677257279,-3.10172569714112,-3.05908537228115,10447.5819273926,0.999756264013973
"log_lik_catch[148]",-0.645019703405383,0.000472799127621812,0.0413925005240906,-0.72816478817859,-0.672517561761273,-0.644162709574686,-0.616096710541587,-0.568540824622613,7664.60878886882,1.00000332885039
"log_lik_catch[149]",-2.34995660570675,0.000310932080480147,0.0310057657356413,-2.41179039504067,-2.371146522354,-2.34911812536272,-2.32852599376862,-2.2908022746146,9943.83380653345,0.999687201574966
"log_lik_catch[150]",-2.39942243682426,0.000434208222263013,0.0395650650939029,-2.47962341066573,-2.42569789342736,-2.39833012100121,-2.37198755613514,-2.32622204273014,8302.85938665806,1.00014589654824
"log_lik_catch[151]",-2.39942243682426,0.000434208222263013,0.0395650650939029,-2.47962341066573,-2.42569789342736,-2.39833012100121,-2.37198755613514,-2.32622204273014,8302.85938665806,1.00014589654824
"log_lik_catch[152]",-2.80235884309089,0.000688736593874322,0.0595858520117762,-2.92325413785874,-2.84138579205584,-2.79942136060247,-2.76105385020602,-2.69457123866952,7484.79638450894,1.00007345003615
"log_lik_catch[153]",-1.00620474942926,0.00065171051206663,0.0581398955493646,-1.12203736048635,-1.04436204472769,-1.00527350636703,-0.965569060834878,-0.89792252738648,7958.64332922845,1.00005980239658
"log_lik_catch[154]",-1.53888405514269,0.000322860003103232,0.0295237129082811,-1.59836112044589,-1.5583846064748,-1.53796377250645,-1.51862774799037,-1.48332100345865,8362.06335964445,0.99963852826624
"log_lik_catch[155]",-2.02110395206941,0.000309138011902473,0.0300250251125498,-2.08176151649021,-2.04160868591509,-2.02028617129238,-2.00035627830601,-1.96356345751019,9433.26292714989,0.999640917521605
"log_lik_catch[156]",-1.00620474942926,0.00065171051206663,0.0581398955493646,-1.12203736048635,-1.04436204472769,-1.00527350636703,-0.965569060834878,-0.89792252738648,7958.64332922845,1.00005980239658
"log_lik_catch[157]",-0.645019703405383,0.000472799127621812,0.0413925005240906,-0.72816478817859,-0.672517561761273,-0.644162709574686,-0.616096710541587,-0.568540824622613,7664.60878886882,1.00000332885039
"log_lik_catch[158]",-2.02110395206941,0.000309138011902473,0.0300250251125498,-2.08176151649021,-2.04160868591509,-2.02028617129238,-2.00035627830601,-1.96356345751019,9433.26292714989,0.999640917521605
"log_lik_catch[159]",-2.32995431645258,0.000287987305284864,0.0295873141726984,-2.38938712944523,-2.35012469304747,-2.32980108186309,-2.3096561737737,-2.27268054824537,10555.1497293776,0.999899756314327
"log_lik_catch[160]",-2.32995431645258,0.000287987305284864,0.0295873141726984,-2.38938712944523,-2.35012469304747,-2.32980108186309,-2.3096561737737,-2.27268054824537,10555.1497293776,0.999899756314327
"log_lik_catch[161]",-1.27285969241887,0.0007392463261265,0.0676521206079475,-1.40755642863951,-1.31806129477282,-1.271889803064,-1.22592125548349,-1.14206791234781,8374.9935098156,1.00008697966499
"log_lik_catch[162]",-1.27285969241887,0.0007392463261265,0.0676521206079475,-1.40755642863951,-1.31806129477282,-1.271889803064,-1.22592125548349,-1.14206791234781,8374.9935098156,1.00008697966499
"log_lik_catch[163]",-1.27285969241887,0.0007392463261265,0.0676521206079475,-1.40755642863951,-1.31806129477282,-1.271889803064,-1.22592125548349,-1.14206791234781,8374.9935098156,1.00008697966499
"log_lik_catch[164]",-1.27285969241887,0.0007392463261265,0.0676521206079475,-1.40755642863951,-1.31806129477282,-1.271889803064,-1.22592125548349,-1.14206791234781,8374.9935098156,1.00008697966499
"log_lik_catch[165]",-4.16813800109904,0.000734683261514495,0.0643297584515534,-4.30256360810321,-4.20969846294884,-4.1645409217412,-4.12339098235868,-4.05235976775087,7666.96623716678,1.00007423474242
"log_lik_catch[166]",-2.32995431645258,0.000287987305284864,0.0295873141726984,-2.38938712944523,-2.35012469304747,-2.32980108186309,-2.3096561737737,-2.27268054824537,10555.1497293776,0.999899756314327
"log_lik_catch[167]",-2.02555092278664,0.00030392760679346,0.0302830351244498,-2.0862269829201,-2.0461077412345,-2.02468485280578,-2.00497293757093,-1.96816898239166,9927.92527961125,0.999725790534356
"log_lik_catch[168]",-2.80106430806325,0.00031767472710924,0.0327130545895592,-2.86590783323907,-2.82332121250913,-2.80046800254243,-2.77830599357216,-2.73742882930988,10604.1744980956,0.999785140290175
"log_lik_catch[169]",-2.39295191486436,0.000523228595167284,0.0465678658669667,-2.48558823380044,-2.42369800338359,-2.39208661192821,-2.3610905996686,-2.30466978142754,7921.17720781965,0.999899250992132
"log_lik_catch[170]",-4.06790723297159,0.00066496269379996,0.0585891574851505,-4.18979056049308,-4.10554968535539,-4.064962992561,-4.02673813464484,-3.96191405277525,7763.18514756732,1.00009139319137
"log_lik_catch[171]",-2.02555092278664,0.00030392760679346,0.0302830351244498,-2.0862269829201,-2.0461077412345,-2.02468485280578,-2.00497293757093,-1.96816898239166,9927.92527961125,0.999725790534356
"log_lik_catch[172]",-2.14932424608397,0.00040048023523846,0.0372268902493979,-2.22418703965484,-2.17414804856039,-2.14825680137203,-2.12434348981777,-2.07871340265379,8640.74807182471,0.999767270636993
"log_lik_catch[173]",-1.27285969241887,0.0007392463261265,0.0676521206079475,-1.40755642863951,-1.31806129477282,-1.271889803064,-1.22592125548349,-1.14206791234781,8374.9935098156,1.00008697966499
"log_lik_catch[174]",-2.14932424608397,0.00040048023523846,0.0372268902493979,-2.22418703965484,-2.17414804856039,-2.14825680137203,-2.12434348981777,-2.07871340265379,8640.74807182471,0.999767270636993
"log_lik_catch[175]",-2.32995431645258,0.000287987305284864,0.0295873141726984,-2.38938712944523,-2.35012469304747,-2.32980108186309,-2.3096561737737,-2.27268054824537,10555.1497293776,0.999899756314327
"log_lik_catch[176]",-0.856538891979348,0.000553204967022456,0.0495835596465523,-0.956907972791862,-0.889276550320302,-0.855656836860325,-0.8223307851733,-0.762391890547199,8033.47159082144,1.00006712238226
"log_lik_catch[177]",-3.56847827257724,0.00035921289712793,0.0364117084755279,-3.64026852867592,-3.59341713973864,-3.56784998679011,-3.5435423109518,-3.49914077263247,10274.9158009991,0.99973849721587
"log_lik_catch[178]",-2.90373767629584,0.000522452360952168,0.0468639027934797,-3.00107044191499,-2.93459384639153,-2.90176317160806,-2.87116994062739,-2.81751600139863,8046.06459537456,1.00011004116306
"log_lik_catch[179]",-1.27285969241887,0.0007392463261265,0.0676521206079475,-1.40755642863951,-1.31806129477282,-1.271889803064,-1.22592125548349,-1.14206791234781,8374.9935098156,1.00008697966499
"log_lik_catch[180]",-2.02555092278664,0.00030392760679346,0.0302830351244498,-2.0862269829201,-2.0461077412345,-2.02468485280578,-2.00497293757093,-1.96816898239166,9927.92527961125,0.999725790534356
"log_lik_catch[181]",-2.90373767629584,0.000522452360952168,0.0468639027934797,-3.00107044191499,-2.93459384639153,-2.90176317160806,-2.87116994062739,-2.81751600139863,8046.06459537456,1.00011004116306
"log_lik_catch[182]",-1.27285969241887,0.0007392463261265,0.0676521206079475,-1.40755642863951,-1.31806129477282,-1.271889803064,-1.22592125548349,-1.14206791234781,8374.9935098156,1.00008697966499
"log_lik_catch[183]",-1.27285969241887,0.0007392463261265,0.0676521206079475,-1.40755642863951,-1.31806129477282,-1.271889803064,-1.22592125548349,-1.14206791234781,8374.9935098156,1.00008697966499
"log_lik_catch[184]",-2.59066995969667,0.000302779248663582,0.0312866125138815,-2.65163083856927,-2.61203866698426,-2.59012105868213,-2.56902998585589,-2.52997884170748,10677.3842723715,0.999820142613153
"log_lik_catch[185]",-1.27285969241887,0.0007392463261265,0.0676521206079475,-1.40755642863951,-1.31806129477282,-1.271889803064,-1.22592125548349,-1.14206791234781,8374.9935098156,1.00008697966499
"log_lik_catch[186]",-1.47773106929874,0.000245574372108178,0.0244320383298257,-1.52703078702175,-1.49420099748123,-1.47692951301879,-1.46110765552798,-1.43182545206761,9898.13373879283,0.999728760892413
"log_lik_catch[187]",-1.27285969241887,0.0007392463261265,0.0676521206079475,-1.40755642863951,-1.31806129477282,-1.271889803064,-1.22592125548349,-1.14206791234781,8374.9935098156,1.00008697966499
"log_lik_catch[188]",-3.27001206357575,0.0004116040726723,0.0388923600918831,-3.3500175388185,-3.29587401066065,-3.26921016398405,-3.24348824952598,-3.19647522833336,8928.31017654612,1.00008795545635
"log_lik_catch[189]",-3.18132708670776,0.000697344884578293,0.0611481309148261,-3.30792983895932,-3.22108001615302,-3.17804237338439,-3.13898597130921,-3.07004168911221,7689.02254864775,1.00007273016743
"log_lik_catch[190]",-2.62084970159877,0.000375182325115563,0.035638871364773,-2.69395180624287,-2.64462567805458,-2.62004044342529,-2.59650726680955,-2.55338207106917,9023.25317647073,1.0000826322787
"log_lik_catch[191]",-2.32995431645258,0.000287987305284864,0.0295873141726984,-2.38938712944523,-2.35012469304747,-2.32980108186309,-2.3096561737737,-2.27268054824537,10555.1497293776,0.999899756314327
"log_lik_catch[192]",-1.55058608091563,0.000859441068590813,0.0798968531978823,-1.71047513607873,-1.6037895189901,-1.54918445469159,-1.49580964902325,-1.39609395035742,8642.25633868267,1.00008669105208
"log_lik_catch[193]",-3.45112549912952,0.000349953461947391,0.0350972605120738,-3.52120244406899,-3.47470042006601,-3.45110404717127,-3.42707155022977,-3.3842913538002,10058.3293078293,0.999981483562248
"log_lik_catch[194]",-2.90373767629584,0.000522452360952168,0.0468639027934797,-3.00107044191499,-2.93459384639153,-2.90176317160806,-2.87116994062739,-2.81751600139863,8046.06459537456,1.00011004116306
"log_lik_catch[195]",-2.9608284766558,0.000319314420149381,0.0327823471130406,-3.02634354598872,-2.98318439405407,-2.96073079938871,-2.93840949517885,-2.89708696558737,10540.058607029,0.999900016676131
"log_lik_catch[196]",-1.27285969241887,0.0007392463261265,0.0676521206079475,-1.40755642863951,-1.31806129477282,-1.271889803064,-1.22592125548349,-1.14206791234781,8374.9935098156,1.00008697966499
"log_lik_catch[197]",-3.01209232620899,0.000361088875591724,0.0360225821480936,-3.08358464177399,-3.03662394759931,-3.01134838566962,-2.98758228789595,-2.94317522786248,9952.25426438683,0.999723081731671
"log_lik_catch[198]",-0.645019703405383,0.000472799127621812,0.0413925005240906,-0.72816478817859,-0.672517561761273,-0.644162709574686,-0.616096710541587,-0.568540824622613,7664.60878886882,1.00000332885039
"log_lik_catch[199]",-3.26235080431219,0.000643333436081877,0.0561513125509477,-3.37726568435949,-3.29892166674895,-3.25932234471539,-3.22322424741835,-3.16127312235131,7618.11593505828,1.00011014157832
"log_lik_catch[200]",-2.39942243682426,0.000434208222263013,0.0395650650939029,-2.47962341066573,-2.42569789342736,-2.39833012100121,-2.37198755613514,-2.32622204273014,8302.85938665806,1.00014589654824
"log_lik_catch[201]",-1.53888405514269,0.000322860003103232,0.0295237129082811,-1.59836112044589,-1.5583846064748,-1.53796377250645,-1.51862774799037,-1.48332100345865,8362.06335964445,0.99963852826624
"log_lik_catch[202]",-1.25843888977321,0.000763929399815388,0.0692476804438879,-1.39587695725027,-1.30442165155971,-1.25706919776539,-1.2100921677399,-1.1286244305104,8216.82453358888,1.00008418433719
"log_lik_catch[203]",-1.00620474942926,0.00065171051206663,0.0581398955493646,-1.12203736048635,-1.04436204472769,-1.00527350636703,-0.965569060834878,-0.89792252738648,7958.64332922845,1.00005980239658
"log_lik_catch[204]",-2.39942243682426,0.000434208222263013,0.0395650650939029,-2.47962341066573,-2.42569789342736,-2.39833012100121,-2.37198755613514,-2.32622204273014,8302.85938665806,1.00014589654824
"log_lik_catch[205]",-1.85786711571442,0.00102454449671161,0.0964944220899147,-2.05019706509947,-1.92188964332432,-1.85509815285755,-1.79107231482656,-1.67540086881766,8870.39111316393,1.00009862040468
"log_lik_catch[206]",-1.53888405514269,0.000322860003103232,0.0295237129082811,-1.59836112044589,-1.5583846064748,-1.53796377250645,-1.51862774799037,-1.48332100345865,8362.06335964445,0.99963852826624
"log_lik_catch[207]",-1.53888405514269,0.000322860003103232,0.0295237129082811,-1.59836112044589,-1.5583846064748,-1.53796377250645,-1.51862774799037,-1.48332100345865,8362.06335964445,0.99963852826624
"log_lik_catch[208]",-2.45511354036223,0.000410110444014189,0.0376712637784329,-2.53048329969651,-2.48020913022554,-2.45416432447917,-2.42958993208252,-2.38304972007892,8437.59588659388,0.999634124808519
"log_lik_catch[209]",-2.817338727409,0.000378158630530111,0.036218593593576,-2.89096676395846,-2.84153299640512,-2.81670973195864,-2.79250074595257,-2.74849946228088,9173.07894868548,1.0001147425588
"log_lik_catch[210]",-1.00620474942926,0.00065171051206663,0.0581398955493646,-1.12203736048635,-1.04436204472769,-1.00527350636703,-0.965569060834878,-0.89792252738648,7958.64332922845,1.00005980239658
"log_lik_catch[211]",-1.00620474942926,0.00065171051206663,0.0581398955493646,-1.12203736048635,-1.04436204472769,-1.00527350636703,-0.965569060834878,-0.89792252738648,7958.64332922845,1.00005980239658
"log_lik_catch[212]",-4.96179176119342,0.00204690323768667,0.175055797552055,-5.32658049211986,-5.07295984129795,-4.95394265934546,-4.83831991662188,-4.643505060417,7314.05751234974,0.999837035734755
"log_lik_catch[213]",-3.04172751875043,0.000498467301295615,0.0449721920708388,-3.13288234130837,-3.07151482457665,-3.04052755785657,-3.01062725899626,-2.9588541473689,8139.81931356405,1.00014876266324
"log_lik_catch[214]",-3.34488961663828,0.000571952855218553,0.0506649604091959,-3.44848839520817,-3.37814100680045,-3.34289154837401,-3.30976803972979,-3.25261783712244,7846.84276902029,1.00013695188872
"log_lik_catch[215]",-2.80235884309089,0.000688736593874322,0.0595858520117762,-2.92325413785874,-2.84138579205584,-2.79942136060247,-2.76105385020602,-2.69457123866952,7484.79638450894,1.00007345003615
"log_lik_catch[216]",-2.39942243682426,0.000434208222263013,0.0395650650939029,-2.47962341066573,-2.42569789342736,-2.39833012100121,-2.37198755613514,-2.32622204273014,8302.85938665806,1.00014589654824
"log_lik_catch[217]",-3.88226438452319,0.000849036533316089,0.0727466321328396,-4.03330417658199,-3.92972430168933,-3.87802179126667,-3.83138847440488,-3.75257512170615,7341.30095513243,1.00004853478819
"log_lik_catch[218]",-2.09875383111131,0.00038402616999794,0.0352262320477309,-2.16939938055525,-2.12216298880973,-2.097870178299,-2.07476601268683,-2.03164870637091,8414.15951905219,0.999635445900114
"log_lik_catch[219]",-1.00620474942926,0.00065171051206663,0.0581398955493646,-1.12203736048635,-1.04436204472769,-1.00527350636703,-0.965569060834878,-0.89792252738648,7958.64332922845,1.00005980239658
"log_lik_catch[220]",-1.81990150440704,0.00051662712185388,0.0446385759195089,-1.91013407100787,-1.84974607714837,-1.8186210075384,-1.78914402295017,-1.73572261071867,7465.62649127225,0.999833375948096
"log_lik_catch[221]",-1.53888405514269,0.000322860003103232,0.0295237129082811,-1.59836112044589,-1.5583846064748,-1.53796377250645,-1.51862774799037,-1.48332100345865,8362.06335964445,0.99963852826624
"log_lik_catch[222]",-1.00620474942926,0.00065171051206663,0.0581398955493646,-1.12203736048635,-1.04436204472769,-1.00527350636703,-0.965569060834878,-0.89792252738648,7958.64332922845,1.00005980239658
"log_lik_catch[223]",-1.00620474942926,0.00065171051206663,0.0581398955493646,-1.12203736048635,-1.04436204472769,-1.00527350636703,-0.965569060834878,-0.89792252738648,7958.64332922845,1.00005980239658
"log_lik_catch[224]",-2.34995660570675,0.000310932080480147,0.0310057657356413,-2.41179039504067,-2.371146522354,-2.34911812536272,-2.32852599376862,-2.2908022746146,9943.83380653345,0.999687201574966
"log_lik_catch[225]",-2.02110395206941,0.000309138011902473,0.0300250251125498,-2.08176151649021,-2.04160868591509,-2.02028617129238,-2.00035627830601,-1.96356345751019,9433.26292714989,0.999640917521605
"log_lik_catch[226]",-1.53888405514269,0.000322860003103232,0.0295237129082811,-1.59836112044589,-1.5583846064748,-1.53796377250645,-1.51862774799037,-1.48332100345865,8362.06335964445,0.99963852826624
"log_lik_catch[227]",-3.58691827044073,0.00126743126149121,0.107913139955037,-3.8067344169173,-3.65718988107809,-3.58170996042068,-3.5109033479808,-3.38953100740037,7249.36270206546,0.999923930030445
"log_lik_catch[228]",-4.29752309891412,0.00163824772081475,0.139643660156651,-4.58604277889019,-4.38721457899419,-4.29177231246558,-4.19917381122123,-4.04414557197788,7265.79770538225,0.999875750177538
"log_lik_catch[229]",-3.69578754866014,0.0009680572547253,0.0825624821807675,-3.86752908634573,-3.74950219870857,-3.69085141617644,-3.63704742080922,-3.547830132497,7273.83415022555,1.00000542203182
"log_lik_catch[230]",-1.00620474942926,0.00065171051206663,0.0581398955493646,-1.12203736048635,-1.04436204472769,-1.00527350636703,-0.965569060834878,-0.89792252738648,7958.64332922845,1.00005980239658
"log_lik_catch[231]",-2.39942243682426,0.000434208222263013,0.0395650650939029,-2.47962341066573,-2.42569789342736,-2.39833012100121,-2.37198755613514,-2.32622204273014,8302.85938665806,1.00014589654824
"log_lik_catch[232]",-2.80235884309089,0.000688736593874322,0.0595858520117762,-2.92325413785874,-2.84138579205584,-2.79942136060247,-2.76105385020602,-2.69457123866952,7484.79638450894,1.00007345003615
"log_lik_catch[233]",-0.645019703405383,0.000472799127621812,0.0413925005240906,-0.72816478817859,-0.672517561761273,-0.644162709574686,-0.616096710541587,-0.568540824622613,7664.60878886882,1.00000332885039
"log_lik_catch[234]",-2.33049426169956,0.000290922367855619,0.0297001311250411,-2.38946800454061,-2.35051293024395,-2.33026462963669,-2.31007252495366,-2.27292950393766,10422.2744686376,0.99992930198526
"log_lik_catch[235]",-2.15311258996934,0.000542053776225303,0.0474698311508968,-2.24910421118722,-2.18440914711156,-2.1510117657159,-2.12033480881636,-2.06641765727965,7669.209919453,1.00009463084591
"log_lik_catch[236]",-4.76221213318287,0.00159231676930362,0.135510992461864,-5.04391086072701,-4.84891216103482,-4.7550646257356,-4.66645532064864,-4.51872781916514,7242.52685618071,0.999888862756148
"log_lik_catch[237]",-0.645019703405383,0.000472799127621812,0.0413925005240906,-0.72816478817859,-0.672517561761273,-0.644162709574686,-0.616096710541587,-0.568540824622613,7664.60878886882,1.00000332885039
"log_lik_catch[238]",-3.26235080431219,0.000643333436081877,0.0561513125509477,-3.37726568435949,-3.29892166674895,-3.25932234471539,-3.22322424741835,-3.16127312235131,7618.11593505828,1.00011014157832
"log_lik_catch[239]",-1.45246383888453,0.00084788281496703,0.0778459724814599,-1.60782247911153,-1.50416260835381,-1.45016875988374,-1.39766732329431,-1.30723175270223,8429.47701461104,1.00009472931507
"log_lik_catch[240]",-1.00620474942926,0.00065171051206663,0.0581398955493646,-1.12203736048635,-1.04436204472769,-1.00527350636703,-0.965569060834878,-0.89792252738648,7958.64332922845,1.00005980239658
"log_lik_catch[241]",-1.25843888977321,0.000763929399815388,0.0692476804438879,-1.39587695725027,-1.30442165155971,-1.25706919776539,-1.2100921677399,-1.1286244305104,8216.82453358888,1.00008418433719
"log_lik_catch[242]",-0.645019703405383,0.000472799127621812,0.0413925005240906,-0.72816478817859,-0.672517561761273,-0.644162709574686,-0.616096710541587,-0.568540824622613,7664.60878886882,1.00000332885039
"log_lik_catch[243]",-2.83521681173336,0.000977034180903231,0.0834365610107715,-3.00568692297813,-2.890224922187,-2.83178104247857,-2.77600710023244,-2.68014640687386,7292.78274791072,0.999964069244778
"log_lik_catch[244]",-2.57376013586818,0.000486696493093218,0.0430079327529564,-2.66019669311014,-2.60213984692482,-2.57283509575137,-2.54461865159709,-2.49076967494546,7808.7353125319,0.999703554738405
"log_lik_catch[245]",-1.25843888977321,0.000763929399815388,0.0692476804438879,-1.39587695725027,-1.30442165155971,-1.25706919776539,-1.2100921677399,-1.1286244305104,8216.82453358888,1.00008418433719
"log_lik_catch[246]",-0.645019703405383,0.000472799127621812,0.0413925005240906,-0.72816478817859,-0.672517561761273,-0.644162709574686,-0.616096710541587,-0.568540824622613,7664.60878886882,1.00000332885039
"log_lik_catch[247]",-1.53888405514269,0.000322860003103232,0.0295237129082811,-1.59836112044589,-1.5583846064748,-1.53796377250645,-1.51862774799037,-1.48332100345865,8362.06335964445,0.99963852826624
"log_lik_catch[248]",-4.33341348418855,0.00149557107436156,0.12727076235255,-4.59646093595633,-4.41573484542515,-4.32691327553867,-4.24393607926192,-4.10395777767344,7241.74415076814,0.999898347963598
"log_lik_catch[249]",-0.369475982971966,0.000327505806400537,0.029759477800796,-0.430135039434894,-0.389178096380535,-0.368677503132426,-0.348207842990564,-0.314835629148165,8256.81595653776,1.00016155988798
"log_lik_catch[250]",-1.44502875786506,0.000206209184392006,0.0214949627223206,-1.48800871258844,-1.45958050673737,-1.44470906854614,-1.43012919021079,-1.40380154574065,10865.6918304843,0.999955137384103
"log_lik_catch[251]",-1.57938471304272,0.000399950823660186,0.0381615357619969,-1.65785544799756,-1.60546923363952,-1.57735436525166,-1.55287091817449,-1.50919836927644,9104.13097480219,1.00001903051968
"log_lik_catch[252]",-4.92848401646357,0.00273257528604826,0.244816364104587,-5.42348086137008,-5.09263236741393,-4.91967218357521,-4.75670938215181,-4.47005166768117,8026.69230538899,1.00000835476974
"log_lik_catch[253]",-2.55545132665635,0.000676271239657701,0.0633052694605681,-2.68809700461762,-2.59848469902238,-2.55131919248796,-2.51045717024823,-2.44158270213968,8762.69886114074,0.999993957421773
"log_lik_catch[254]",-0.625265243491527,0.000486265460376972,0.0447591743078048,-0.716220132608215,-0.655035260934334,-0.624507398859287,-0.592928663417507,-0.541579231077183,8472.61139492875,1.00013492472343
"log_lik_catch[255]",-3.07204788031831,0.00107392255357074,0.0981656326833677,-3.27546645274298,-3.13765964844867,-3.06605373601843,-3.0021940400336,-2.89473570294499,8355.51096897783,1.00000314717276
"log_lik_catch[256]",-4.05732039984005,0.00167465389188677,0.151228691562278,-4.37370790205219,-4.15849067812031,-4.04878093295253,-3.95067129993106,-3.78701081628354,8154.89292570507,0.99998981172191
"log_lik_catch[257]",-2.33300936067894,0.000288173044552777,0.0300049062804304,-2.39258520946568,-2.35337829388569,-2.33280510315094,-2.31232638264319,-2.2748438344187,10841.2120581711,0.99995757008144
"log_lik_catch[258]",-4.87454777406286,0.00257326934255064,0.230328745903886,-5.33196797075522,-5.03092388599629,-4.86900111855802,-4.71465652096051,-4.4351293678091,8011.72057599696,1.00002773026218
"log_lik_catch[259]",-0.980209062761524,0.000657028018340024,0.0617613678161864,-1.10514173217567,-1.02156438569005,-0.979912643037315,-0.935423014491473,-0.863984401690698,8836.21005216594,1.00009505004117
"log_lik_catch[260]",-2.02534676447465,0.00033615102181931,0.0338591389053312,-2.09468915564654,-2.04810527327812,-2.02375760852285,-2.00191407959118,-1.96224952782875,10145.721731267,0.99995727001512
"log_lik_catch[261]",-0.625265243491527,0.000486265460376972,0.0447591743078048,-0.716220132608215,-0.655035260934334,-0.624507398859287,-0.592928663417507,-0.541579231077183,8472.61139492875,1.00013492472343
"log_lik_catch[262]",-2.87973555686682,0.00107502246986787,0.0980350548455686,-3.08043604549782,-2.94571760546983,-2.87404017593285,-2.81073579473481,-2.70116395167536,8316.25329530113,1.00001694607897
"log_lik_catch[263]",-1.57938471304272,0.000399950823660186,0.0381615357619969,-1.65785544799756,-1.60546923363952,-1.57735436525166,-1.55287091817449,-1.50919836927644,9104.13097480219,1.00001903051968
"log_lik_catch[264]",-0.832855389373475,0.000585475408694956,0.0542612816647456,-0.944251409997607,-0.869467894020796,-0.830473568429814,-0.794823168133923,-0.733727164992852,8589.39902360853,1.0002206679121
"log_lik_catch[265]",-3.31743982155507,0.000737358685478993,0.0681789445141804,-3.45777448444957,-3.36187491039297,-3.31409665931369,-3.26886626228554,-3.19445937892074,8549.54390029379,1.0001546934692
"log_lik_catch[266]",-3.5506023147484,0.00145713489659293,0.130635660824606,-3.81237736930781,-3.63841989015521,-3.54712109306282,-3.45753236778322,-3.31248144343385,8037.55531405133,1.00020737858312
"log_lik_catch[267]",-0.515475928603089,0.000420097569858814,0.0382113580775216,-0.593725718565582,-0.541040921158566,-0.514085080625127,-0.488101153388636,-0.446395978902425,8273.41116494854,1.00026720241279
"log_lik_catch[268]",-0.515475928603089,0.000420097569858814,0.0382113580775216,-0.593725718565582,-0.541040921158566,-0.514085080625127,-0.488101153388636,-0.446395978902425,8273.41116494854,1.00026720241279
"log_lik_catch[269]",-0.515475928603089,0.000420097569858814,0.0382113580775216,-0.593725718565582,-0.541040921158566,-0.514085080625127,-0.488101153388636,-0.446395978902425,8273.41116494854,1.00026720241279
"log_lik_catch[270]",-1.87010479998401,0.00058903449516219,0.0527506239675382,-1.9763484902695,-1.90540637525773,-1.86777290484693,-1.83284051539341,-1.77365765984165,8019.98848376133,1.00025831980391
"log_lik_catch[271]",-1.56789601756332,0.000397968196248252,0.0358236794416955,-1.64185308123766,-1.59143018645255,-1.56620196299089,-1.54275668994188,-1.50251004282163,8102.95910032013,1.00023778059734
"log_lik_catch[272]",-2.5934137695594,0.000307424429840608,0.0318019974403813,-2.65633670777061,-2.61457290673375,-2.59311569783061,-2.57178955797692,-2.53241950771927,10701.1892369841,0.999959993161321
"log_lik_catch[273]",-2.96304590491577,0.000319363416776817,0.0329350965291319,-3.02746107772131,-2.98542247299372,-2.96285723171512,-2.94039407168565,-2.89963304103103,10635.2462299101,0.99996195636441
"log_lik_catch[274]",-2.33189150752355,0.000287991561537055,0.0297195188565439,-2.3902166272573,-2.35209344396871,-2.33165791531601,-2.31140879795761,-2.27494413991408,10649.3726148221,0.999960862155115
"log_lik_catch[275]",-0.515475928603089,0.000420097569858814,0.0382113580775216,-0.593725718565582,-0.541040921158566,-0.514085080625127,-0.488101153388636,-0.446395978902425,8273.41116494854,1.00026720241279
"log_lik_catch[276]",-1.47081461343202,0.000246715924157589,0.0250567937732946,-1.52175584058968,-1.48731656540664,-1.46978242874659,-1.45394810759794,-1.423909189506,10314.7007740241,1.00001375524849
"log_lik_catch[277]",-2.54207137830597,0.000652846534892141,0.0605081837411492,-2.66515229359166,-2.58189693106985,-2.53994011138883,-2.49915211130239,-2.43127387008867,8590.254433619,1.00016121360166
"log_lik_catch[278]",-0.832855389373475,0.000585475408694956,0.0542612816647456,-0.944251409997607,-0.869467894020796,-0.830473568429814,-0.794823168133923,-0.733727164992852,8589.39902360853,1.0002206679121
"log_lik_catch[279]",-1.24367052478579,0.000756072620010435,0.0720329152238948,-1.39093177793242,-1.2915932681209,-1.24060138917675,-1.19385046015725,-1.11061203961551,9076.84586254408,1.00014711281184
"log_lik_catch[280]",-1.06298479296655,0.000683988004933412,0.0644144729447547,-1.19476958832162,-1.10634466899586,-1.06042833785355,-1.01837420715438,-0.944393821683738,8868.90379848459,1.00018049485247
"log_lik_catch[281]",-2.01711266095626,0.000338753204899146,0.0321728782622129,-2.08278684607753,-2.03862950930383,-2.01613142948911,-1.9949586247885,-1.95717586752637,9020.13434450523,1.00011868143457
"log_lik_catch[282]",-4.50365146370405,0.00146482920417331,0.131420910008176,-4.77332888765114,-4.59086333912993,-4.49756515662079,-4.40939155526518,-4.2707892699774,8049.24155146141,1.00019483282489
"log_lik_catch[283]",-4.04556551345992,0.00188362749652574,0.168353549623031,-4.38477144780854,-4.15828248749964,-4.0414359544747,-3.92657493647162,-3.73833884140658,7988.30268319476,1.00020771262445
"log_lik_catch[284]",-3.05034055175175,0.00104363500894955,0.0943485460804058,-3.24093101600242,-3.11485010358739,-3.04710074629202,-2.98350138144348,-2.87833053457912,8172.84280264764,1.00019868160072
"log_lik_catch[285]",-0.821253197075331,0.000585597605332594,0.0545089465920386,-0.931192393339114,-0.857951221849406,-0.820664308921777,-0.78189027841784,-0.719555220776464,8664.37008384221,1.00011328424888
"log_lik_catch[286]",-0.821253197075331,0.000585597605332594,0.0545089465920386,-0.931192393339114,-0.857951221849406,-0.820664308921777,-0.78189027841784,-0.719555220776464,8664.37008384221,1.00011328424888
"log_lik_catch[287]",-1.98521053404104,0.000262218119688451,0.0273134855396059,-2.03959045522543,-2.00370959554593,-1.98494490894458,-1.96633881376755,-1.93249547370934,10849.9778709585,0.999956647547322
"log_lik_catch[288]",-2.87973555686682,0.00107502246986787,0.0980350548455686,-3.08043604549782,-2.94571760546983,-2.87404017593285,-2.81073579473481,-2.70116395167536,8316.25329530113,1.00001694607897
"log_lik_catch[289]",-1.4675926501841,0.000269569827774677,0.0253153906842694,-1.51909083127747,-1.48408080252875,-1.46670485919936,-1.44987857531972,-1.4207955884516,8819.14952324993,1.00005374160045
"log_lik_catch[290]",-0.980209062761524,0.000657028018340024,0.0617613678161864,-1.10514173217567,-1.02156438569005,-0.979912643037315,-0.935423014491473,-0.863984401690698,8836.21005216594,1.00009505004117
"log_lik_catch[291]",-1.44502875786506,0.000206209184392006,0.0214949627223206,-1.48800871258844,-1.45958050673737,-1.44470906854614,-1.43012919021079,-1.40380154574065,10865.6918304843,0.999955137384103
"log_lik_catch[292]",-1.57938471304272,0.000399950823660186,0.0381615357619969,-1.65785544799756,-1.60546923363952,-1.57735436525166,-1.55287091817449,-1.50919836927644,9104.13097480219,1.00001903051968
"log_lik_catch[293]",-1.24367052478579,0.000756072620010435,0.0720329152238948,-1.39093177793242,-1.2915932681209,-1.24060138917675,-1.19385046015725,-1.11061203961551,9076.84586254408,1.00014711281184
"log_lik_catch[294]",-0.832855389373475,0.000585475408694956,0.0542612816647456,-0.944251409997607,-0.869467894020796,-0.830473568429814,-0.794823168133923,-0.733727164992852,8589.39902360853,1.0002206679121
"log_lik_catch[295]",-0.832855389373475,0.000585475408694956,0.0542612816647456,-0.944251409997607,-0.869467894020796,-0.830473568429814,-0.794823168133923,-0.733727164992852,8589.39902360853,1.0002206679121
"log_lik_catch[296]",-1.67468426228014,0.000483337403647985,0.0431102988820092,-1.7620611579926,-1.70328747756349,-1.67247714652419,-1.64428316668157,-1.59570477807968,7955.38602237241,1.00026291983944
"log_lik_catch[297]",-0.832855389373475,0.000585475408694956,0.0542612816647456,-0.944251409997607,-0.869467894020796,-0.830473568429814,-0.794823168133923,-0.733727164992852,8589.39902360853,1.0002206679121
"log_lik_catch[298]",-2.01711266095626,0.000338753204899146,0.0321728782622129,-2.08278684607753,-2.03862950930383,-2.01613142948911,-1.9949586247885,-1.95717586752637,9020.13434450523,1.00011868143457
"log_lik_catch[299]",-2.33927679699507,0.000316843750652529,0.0313367121344321,-2.40140804963066,-2.36034156580759,-2.33866108148605,-2.31775021806952,-2.27880131776632,9781.7501334659,1.00003569289272
"log_lik_catch[300]",-2.54207137830597,0.000652846534892141,0.0605081837411492,-2.66515229359166,-2.58189693106985,-2.53994011138883,-2.49915211130239,-2.43127387008867,8590.254433619,1.00016121360166
"log_lik_catch[301]",-2.36761290390418,0.000368246109340586,0.0350012287332953,-2.4387775750605,-2.39112307772651,-2.36670763949365,-2.34365735570149,-2.30206684283318,9034.21136904233,1.00011584564436
"log_lik_catch[302]",-3.78218404340985,0.000509753701880882,0.0492445426623648,-3.8832178215252,-3.81387283828223,-3.78007858022285,-3.7483047649161,-3.69192155830473,9332.44502430966,1.00007422407732
"log_lik_catch[303]",-0.832855389373475,0.000585475408694956,0.0542612816647456,-0.944251409997607,-0.869467894020796,-0.830473568429814,-0.794823168133923,-0.733727164992852,8589.39902360853,1.0002206679121
"log_lik_catch[304]",-4.19046977784427,0.00183764058075163,0.164288587716258,-4.52450083190327,-4.2994802969184,-4.18528380363996,-4.07404882551734,-3.89364159215631,7992.70247527131,1.00020388075392
"log_lik_catch[305]",-1.24367052478579,0.000756072620010435,0.0720329152238948,-1.39093177793242,-1.2915932681209,-1.24060138917675,-1.19385046015725,-1.11061203961551,9076.84586254408,1.00014711281184
"log_lik_catch[306]",-0.832855389373475,0.000585475408694956,0.0542612816647456,-0.944251409997607,-0.869467894020796,-0.830473568429814,-0.794823168133923,-0.733727164992852,8589.39902360853,1.0002206679121
"log_lik_catch[307]",-2.02029419634044,0.000322504716168159,0.0325249812257055,-2.08580618131601,-2.04159467977044,-2.0190122229497,-1.99842072167803,-1.95931073544763,10170.9605352748,1.00002185909702
"log_lik_catch[308]",-2.33756795944273,0.000760470863815835,0.0694071652708212,-2.47517088377027,-2.38512845970584,-2.33520684398861,-2.28834455265989,-2.20859166743234,8329.97035318323,1.00019627053053
"log_lik_catch[309]",-2.54207137830597,0.000652846534892141,0.0605081837411492,-2.66515229359166,-2.58189693106985,-2.53994011138883,-2.49915211130239,-2.43127387008867,8590.254433619,1.00016121360166
"log_lik_catch[310]",-0.832855389373475,0.000585475408694956,0.0542612816647456,-0.944251409997607,-0.869467894020796,-0.830473568429814,-0.794823168133923,-0.733727164992852,8589.39902360853,1.0002206679121
"log_lik_catch[311]",-3.5506023147484,0.00145713489659293,0.130635660824606,-3.81237736930781,-3.63841989015521,-3.54712109306282,-3.45753236778322,-3.31248144343385,8037.55531405133,1.00020737858312
"log_lik_catch[312]",-2.01711266095626,0.000338753204899146,0.0321728782622129,-2.08278684607753,-2.03862950930383,-2.01613142948911,-1.9949586247885,-1.95717586752637,9020.13434450523,1.00011868143457
"log_lik_catch[313]",-1.24367052478579,0.000756072620010435,0.0720329152238948,-1.39093177793242,-1.2915932681209,-1.24060138917675,-1.19385046015725,-1.11061203961551,9076.84586254408,1.00014711281184
"log_lik_catch[314]",-0.515475928603089,0.000420097569858814,0.0382113580775216,-0.593725718565582,-0.541040921158566,-0.514085080625127,-0.488101153388636,-0.446395978902425,8273.41116494854,1.00026720241279
"log_lik_catch[315]",-1.47081461343202,0.000246715924157589,0.0250567937732946,-1.52175584058968,-1.48731656540664,-1.46978242874659,-1.45394810759794,-1.423909189506,10314.7007740241,1.00001375524849
"log_lik_catch[316]",-0.832855389373475,0.000585475408694956,0.0542612816647456,-0.944251409997607,-0.869467894020796,-0.830473568429814,-0.794823168133923,-0.733727164992852,8589.39902360853,1.0002206679121
"log_lik_catch[317]",-1.4675926501841,0.000269569827774677,0.0253153906842694,-1.51909083127747,-1.48408080252875,-1.46670485919936,-1.44987857531972,-1.4207955884516,8819.14952324993,1.00005374160045
"log_lik_catch[318]",-3.56975617179353,0.0016119879535064,0.145324006621704,-3.86644362507106,-3.66836099640292,-3.563936021335,-3.46821308170235,-3.3029024983927,8127.39078120612,1.00001563055868
"log_lik_catch[319]",-1.98521053404104,0.000262218119688451,0.0273134855396059,-2.03959045522543,-2.00370959554593,-1.98494490894458,-1.96633881376755,-1.93249547370934,10849.9778709585,0.999956647547322
"log_lik_catch[320]",-2.41576904816285,0.000447657144232787,0.0437601327762284,-2.50658806740655,-2.44513842589099,-2.41308779097352,-2.38524350372229,-2.33546186772053,9555.7817566549,0.999965524887969
"log_lik_catch[321]",-0.980209062761524,0.000657028018340024,0.0617613678161864,-1.10514173217567,-1.02156438569005,-0.979912643037315,-0.935423014491473,-0.863984401690698,8836.21005216594,1.00009505004117
"log_lik_catch[322]",-0.369475982971966,0.000327505806400537,0.029759477800796,-0.430135039434894,-0.389178096380535,-0.368677503132426,-0.348207842990564,-0.314835629148165,8256.81595653776,1.00016155988798
"log_lik_catch[323]",-0.980209062761524,0.000657028018340024,0.0617613678161864,-1.10514173217567,-1.02156438569005,-0.979912643037315,-0.935423014491473,-0.863984401690698,8836.21005216594,1.00009505004117
"log_lik_catch[324]",-0.369475982971966,0.000327505806400537,0.029759477800796,-0.430135039434894,-0.389178096380535,-0.368677503132426,-0.348207842990564,-0.314835629148165,8256.81595653776,1.00016155988798
"log_lik_catch[325]",-0.625265243491527,0.000486265460376972,0.0447591743078048,-0.716220132608215,-0.655035260934334,-0.624507398859287,-0.592928663417507,-0.541579231077183,8472.61139492875,1.00013492472343
"log_lik_catch[326]",-0.625265243491527,0.000486265460376972,0.0447591743078048,-0.716220132608215,-0.655035260934334,-0.624507398859287,-0.592928663417507,-0.541579231077183,8472.61139492875,1.00013492472343
"log_lik_catch[327]",-2.02534676447465,0.00033615102181931,0.0338591389053312,-2.09468915564654,-2.04810527327812,-2.02375760852285,-2.00191407959118,-1.96224952782875,10145.721731267,0.99995727001512
"log_lik_catch[328]",-0.625265243491527,0.000486265460376972,0.0447591743078048,-0.716220132608215,-0.655035260934334,-0.624507398859287,-0.592928663417507,-0.541579231077183,8472.61139492875,1.00013492472343
"log_lik_catch[329]",-0.369475982971966,0.000327505806400537,0.029759477800796,-0.430135039434894,-0.389178096380535,-0.368677503132426,-0.348207842990564,-0.314835629148165,8256.81595653776,1.00016155988798
"log_lik_catch[330]",-1.44502875786506,0.000206209184392006,0.0214949627223206,-1.48800871258844,-1.45958050673737,-1.44470906854614,-1.43012919021079,-1.40380154574065,10865.6918304843,0.999955137384103
"log_lik_catch[331]",-0.625265243491527,0.000486265460376972,0.0447591743078048,-0.716220132608215,-0.655035260934334,-0.624507398859287,-0.592928663417507,-0.541579231077183,8472.61139492875,1.00013492472343
"log_lik_catch[332]",-0.369475982971966,0.000327505806400537,0.029759477800796,-0.430135039434894,-0.389178096380535,-0.368677503132426,-0.348207842990564,-0.314835629148165,8256.81595653776,1.00016155988798
"log_lik_catch[333]",-0.821253197075331,0.000585597605332594,0.0545089465920386,-0.931192393339114,-0.857951221849406,-0.820664308921777,-0.78189027841784,-0.719555220776464,8664.37008384221,1.00011328424888
"log_lik_catch[334]",-0.369475982971966,0.000327505806400537,0.029759477800796,-0.430135039434894,-0.389178096380535,-0.368677503132426,-0.348207842990564,-0.314835629148165,8256.81595653776,1.00016155988798
"log_lik_catch[335]",-2.82841639394729,0.000379078565072603,0.0384809926646588,-2.90722197030954,-2.85415488377639,-2.82680802632926,-2.80190455246131,-2.75712138082161,10304.6697378232,0.999945263005139
"log_lik_catch[336]",-0.369475982971966,0.000327505806400537,0.029759477800796,-0.430135039434894,-0.389178096380535,-0.368677503132426,-0.348207842990564,-0.314835629148165,8256.81595653776,1.00016155988798
"log_lik_catch[337]",-0.625265243491527,0.000486265460376972,0.0447591743078048,-0.716220132608215,-0.655035260934334,-0.624507398859287,-0.592928663417507,-0.541579231077183,8472.61139492875,1.00013492472343
"log_lik_catch[338]",-0.369475982971966,0.000327505806400537,0.029759477800796,-0.430135039434894,-0.389178096380535,-0.368677503132426,-0.348207842990564,-0.314835629148165,8256.81595653776,1.00016155988798
"log_lik_catch[339]",-0.625265243491527,0.000486265460376972,0.0447591743078048,-0.716220132608215,-0.655035260934334,-0.624507398859287,-0.592928663417507,-0.541579231077183,8472.61139492875,1.00013492472343
"log_lik_catch[340]",-0.980209062761524,0.000657028018340024,0.0617613678161864,-1.10514173217567,-1.02156438569005,-0.979912643037315,-0.935423014491473,-0.863984401690698,8836.21005216594,1.00009505004117
"log_lik_catch[341]",-2.34424913773838,0.000328908897984406,0.0319380286539379,-2.40809523500657,-2.36564854119386,-2.34365754502139,-2.32232504303734,-2.28392673891407,9428.9854839526,1.00001965728499
"log_lik_catch[342]",-0.625265243491527,0.000486265460376972,0.0447591743078048,-0.716220132608215,-0.655035260934334,-0.624507398859287,-0.592928663417507,-0.541579231077183,8472.61139492875,1.00013492472343
"log_lik_catch[343]",-4.08392760245884,0.00193265800043938,0.173876203199041,-4.44151877114119,-4.20105654192822,-4.07633450873474,-3.96134941304862,-3.76600439767731,8094.13192787259,1.00000201852274
"log_lik_catch[344]",-0.625265243491527,0.000486265460376972,0.0447591743078048,-0.716220132608215,-0.655035260934334,-0.624507398859287,-0.592928663417507,-0.541579231077183,8472.61139492875,1.00013492472343
"log_lik_catch[345]",-0.625265243491527,0.000486265460376972,0.0447591743078048,-0.716220132608215,-0.655035260934334,-0.624507398859287,-0.592928663417507,-0.541579231077183,8472.61139492875,1.00013492472343
"log_lik_catch[346]",-0.625265243491527,0.000486265460376972,0.0447591743078048,-0.716220132608215,-0.655035260934334,-0.624507398859287,-0.592928663417507,-0.541579231077183,8472.61139492875,1.00013492472343
"log_lik_catch[347]",-1.44502875786506,0.000206209184392006,0.0214949627223206,-1.48800871258844,-1.45958050673737,-1.44470906854614,-1.43012919021079,-1.40380154574065,10865.6918304843,0.999955137384103
"log_lik_catch[348]",-0.821253197075331,0.000585597605332594,0.0545089465920386,-0.931192393339114,-0.857951221849406,-0.820664308921777,-0.78189027841784,-0.719555220776464,8664.37008384221,1.00011328424888
"log_lik_catch[349]",-1.44502875786506,0.000206209184392006,0.0214949627223206,-1.48800871258844,-1.45958050673737,-1.44470906854614,-1.43012919021079,-1.40380154574065,10865.6918304843,0.999955137384103
"log_lik_catch[350]",-0.369475982971966,0.000327505806400537,0.029759477800796,-0.430135039434894,-0.389178096380535,-0.368677503132426,-0.348207842990564,-0.314835629148165,8256.81595653776,1.00016155988798
"log_lik_catch[351]",-0.369475982971966,0.000327505806400537,0.029759477800796,-0.430135039434894,-0.389178096380535,-0.368677503132426,-0.348207842990564,-0.314835629148165,8256.81595653776,1.00016155988798
"log_lik_catch[352]",-3.5202562535386,0.00107401795308296,0.0985018518635838,-3.72715065884557,-3.58556915089262,-3.51353805835679,-3.45053262263299,-3.34496502165055,8411.35008364463,0.999983637604578
"log_lik_catch[353]",-0.625265243491527,0.000486265460376972,0.0447591743078048,-0.716220132608215,-0.655035260934334,-0.624507398859287,-0.592928663417507,-0.541579231077183,8472.61139492875,1.00013492472343
"log_lik_catch[354]",-3.56975617179353,0.0016119879535064,0.145324006621704,-3.86644362507106,-3.66836099640292,-3.563936021335,-3.46821308170235,-3.3029024983927,8127.39078120612,1.00001563055868
"log_lik_catch[355]",-0.369475982971966,0.000327505806400537,0.029759477800796,-0.430135039434894,-0.389178096380535,-0.368677503132426,-0.348207842990564,-0.314835629148165,8256.81595653776,1.00016155988798
"log_lik_catch[356]",-0.625265243491527,0.000486265460376972,0.0447591743078048,-0.716220132608215,-0.655035260934334,-0.624507398859287,-0.592928663417507,-0.541579231077183,8472.61139492875,1.00013492472343
"log_lik_catch[357]",-0.980209062761524,0.000657028018340024,0.0617613678161864,-1.10514173217567,-1.02156438569005,-0.979912643037315,-0.935423014491473,-0.863984401690698,8836.21005216594,1.00009505004117
"log_lik_catch[358]",-0.625265243491527,0.000486265460376972,0.0447591743078048,-0.716220132608215,-0.655035260934334,-0.624507398859287,-0.592928663417507,-0.541579231077183,8472.61139492875,1.00013492472343
"log_lik_catch[359]",-4.09111934501366,0.00159612548940641,0.14435303992167,-4.39298564575686,-4.18739408000931,-4.08209391068396,-3.98866725963974,-3.83513397522405,8179.33134645211,0.999985789369837
"log_lik_catch[360]",-0.980209062761524,0.000657028018340024,0.0617613678161864,-1.10514173217567,-1.02156438569005,-0.979912643037315,-0.935423014491473,-0.863984401690698,8836.21005216594,1.00009505004117
"log_lik_catch[361]",-0.369475982971966,0.000327505806400537,0.029759477800796,-0.430135039434894,-0.389178096380535,-0.368677503132426,-0.348207842990564,-0.314835629148165,8256.81595653776,1.00016155988798
"log_lik_catch[362]",-0.625265243491527,0.000486265460376972,0.0447591743078048,-0.716220132608215,-0.655035260934334,-0.624507398859287,-0.592928663417507,-0.541579231077183,8472.61139492875,1.00013492472343
"log_lik_catch[363]",-0.821253197075331,0.000585597605332594,0.0545089465920386,-0.931192393339114,-0.857951221849406,-0.820664308921777,-0.78189027841784,-0.719555220776464,8664.37008384221,1.00011328424888
"log_lik_catch[364]",-3.56975617179353,0.0016119879535064,0.145324006621704,-3.86644362507106,-3.66836099640292,-3.563936021335,-3.46821308170235,-3.3029024983927,8127.39078120612,1.00001563055868
"log_lik_catch[365]",-0.980209062761524,0.000657028018340024,0.0617613678161864,-1.10514173217567,-1.02156438569005,-0.979912643037315,-0.935423014491473,-0.863984401690698,8836.21005216594,1.00009505004117
"log_lik_catch[366]",-0.625265243491527,0.000486265460376972,0.0447591743078048,-0.716220132608215,-0.655035260934334,-0.624507398859287,-0.592928663417507,-0.541579231077183,8472.61139492875,1.00013492472343
"log_lik_catch[367]",-1.4675926501841,0.000269569827774677,0.0253153906842694,-1.51909083127747,-1.48408080252875,-1.46670485919936,-1.44987857531972,-1.4207955884516,8819.14952324993,1.00005374160045
"log_lik_catch[368]",-0.821253197075331,0.000585597605332594,0.0545089465920386,-0.931192393339114,-0.857951221849406,-0.820664308921777,-0.78189027841784,-0.719555220776464,8664.37008384221,1.00011328424888
"log_lik_catch[369]",-0.369475982971966,0.000327505806400537,0.029759477800796,-0.430135039434894,-0.389178096380535,-0.368677503132426,-0.348207842990564,-0.314835629148165,8256.81595653776,1.00016155988798
"log_lik_catch[370]",-0.369475982971966,0.000327505806400537,0.029759477800796,-0.430135039434894,-0.389178096380535,-0.368677503132426,-0.348207842990564,-0.314835629148165,8256.81595653776,1.00016155988798
"log_lik_catch[371]",-0.625265243491527,0.000486265460376972,0.0447591743078048,-0.716220132608215,-0.655035260934334,-0.624507398859287,-0.592928663417507,-0.541579231077183,8472.61139492875,1.00013492472343
"log_lik_catch[372]",-1.4675926501841,0.000269569827774677,0.0253153906842694,-1.51909083127747,-1.48408080252875,-1.46670485919936,-1.44987857531972,-1.4207955884516,8819.14952324993,1.00005374160045
"log_lik_catch[373]",-0.369475982971966,0.000327505806400537,0.029759477800796,-0.430135039434894,-0.389178096380535,-0.368677503132426,-0.348207842990564,-0.314835629148165,8256.81595653776,1.00016155988798
"log_lik_catch[374]",-2.02029419634044,0.000322504716168159,0.0325249812257055,-2.08580618131601,-2.04159467977044,-2.0190122229497,-1.99842072167803,-1.95931073544763,10170.9605352748,1.00002185909702
"log_lik_catch[375]",-1.47086746226607,0.000273112647102915,0.0258886985113801,-1.52417989924213,-1.48805900977815,-1.4698829841544,-1.45296223009225,-1.42309847089402,8985.38753337506,1.00012578256236
"log_lik_catch[376]",-0.515475928603089,0.000420097569858814,0.0382113580775216,-0.593725718565582,-0.541040921158566,-0.514085080625127,-0.488101153388636,-0.446395978902425,8273.41116494854,1.00026720241279
"log_lik_catch[377]",-0.832855389373475,0.000585475408694956,0.0542612816647456,-0.944251409997607,-0.869467894020796,-0.830473568429814,-0.794823168133923,-0.733727164992852,8589.39902360853,1.0002206679121
"log_lik_catch[378]",-0.832855389373475,0.000585475408694956,0.0542612816647456,-0.944251409997607,-0.869467894020796,-0.830473568429814,-0.794823168133923,-0.733727164992852,8589.39902360853,1.0002206679121
"log_lik_catch[379]",-2.33189150752355,0.000287991561537055,0.0297195188565439,-2.3902166272573,-2.35209344396871,-2.33165791531601,-2.31140879795761,-2.27494413991408,10649.3726148221,0.999960862155115
"log_lik_catch[380]",-3.49858999401638,0.00103865623861393,0.0940857350177824,-3.69112924195312,-3.56251979050522,-3.49403104543134,-3.43150800271766,-3.32925153843122,8205.47820187958,1.00018797117767
"log_lik_catch[381]",-2.96304590491577,0.000319363416776817,0.0329350965291319,-3.02746107772131,-2.98542247299372,-2.96285723171512,-2.94039407168565,-2.89963304103103,10635.2462299101,0.99996195636441
"log_lik_catch[382]",-2.54207137830597,0.000652846534892141,0.0605081837411492,-2.66515229359166,-2.58189693106985,-2.53994011138883,-2.49915211130239,-2.43127387008867,8590.254433619,1.00016121360166
"log_lik_catch[383]",-2.9264257731695,0.000572473671697436,0.0541066178672779,-3.03724407737635,-2.9615235556062,-2.92420416897471,-2.888455454402,-2.82883795514319,8932.8437810611,1.00012130476678
"log_lik_catch[384]",-0.832855389373475,0.000585475408694956,0.0542612816647456,-0.944251409997607,-0.869467894020796,-0.830473568429814,-0.794823168133923,-0.733727164992852,8589.39902360853,1.0002206679121
"log_lik_catch[385]",-2.02029419634044,0.000322504716168159,0.0325249812257055,-2.08580618131601,-2.04159467977044,-2.0190122229497,-1.99842072167803,-1.95931073544763,10170.9605352748,1.00002185909702
"log_lik_catch[386]",-0.515475928603089,0.000420097569858814,0.0382113580775216,-0.593725718565582,-0.541040921158566,-0.514085080625127,-0.488101153388636,-0.446395978902425,8273.41116494854,1.00026720241279
"log_lik_catch[387]",-2.8395433316746,0.000398521556914593,0.039779332598955,-2.91974931481862,-2.86535613090982,-2.83801122566658,-2.81261724649312,-2.76500225513237,9963.48676487742,1.00003127651698
"log_lik_catch[388]",-0.832855389373475,0.000585475408694956,0.0542612816647456,-0.944251409997607,-0.869467894020796,-0.830473568429814,-0.794823168133923,-0.733727164992852,8589.39902360853,1.0002206679121
"log_lik_catch[389]",-3.21491310775055,0.000542088623465622,0.0516902049692808,-3.3217650239179,-3.24818180799067,-3.21270995976964,-3.1786197434189,-3.12146418934932,9092.34533981792,1.00010053622173
"log_lik_catch[390]",-1.47086746226607,0.000273112647102915,0.0258886985113801,-1.52417989924213,-1.48805900977815,-1.4698829841544,-1.45296223009225,-1.42309847089402,8985.38753337506,1.00012578256236
"log_lik_catch[391]",-2.8318492466857,0.000395786803075487,0.0376442489056437,-2.90801882895256,-2.85720609591875,-2.83102370413093,-2.806138197916,-2.76106300820189,9046.37640872994,1.00011340388061
"log_lik_catch[392]",-2.65545172912259,0.000423226070156894,0.0393860222639555,-2.73609263193347,-2.68140753162259,-2.6538875836871,-2.62832873881505,-2.58177204195381,8660.42929710671,1.00015562199363
"log_lik_catch[393]",-0.832855389373475,0.000585475408694956,0.0542612816647456,-0.944251409997607,-0.869467894020796,-0.830473568429814,-0.794823168133923,-0.733727164992852,8589.39902360853,1.0002206679121
"log_lik_catch[394]",-0.832855389373475,0.000585475408694956,0.0542612816647456,-0.944251409997607,-0.869467894020796,-0.830473568429814,-0.794823168133923,-0.733727164992852,8589.39902360853,1.0002206679121
"log_lik_catch[395]",-0.832855389373475,0.000585475408694956,0.0542612816647456,-0.944251409997607,-0.869467894020796,-0.830473568429814,-0.794823168133923,-0.733727164992852,8589.39902360853,1.0002206679121
"log_lik_catch[396]",-3.21439063648277,0.000797263354892736,0.0732253934892495,-3.36407939567908,-3.26292007740145,-3.21078422927345,-3.1619658300515,-3.08238968951143,8435.67467421161,1.00016729035886
"log_lik_catch[397]",-2.02029419634044,0.000322504716168159,0.0325249812257055,-2.08580618131601,-2.04159467977044,-2.0190122229497,-1.99842072167803,-1.95931073544763,10170.9605352748,1.00002185909702
"log_lik_catch[398]",-1.47086746226607,0.000273112647102915,0.0258886985113801,-1.52417989924213,-1.48805900977815,-1.4698829841544,-1.45296223009225,-1.42309847089402,8985.38753337506,1.00012578256236
"log_lik_catch[399]",-0.832855389373475,0.000585475408694956,0.0542612816647456,-0.944251409997607,-0.869467894020796,-0.830473568429814,-0.794823168133923,-0.733727164992852,8589.39902360853,1.0002206679121
"log_lik_catch[400]",-2.01711266095626,0.000338753204899146,0.0321728782622129,-2.08278684607753,-2.03862950930383,-2.01613142948911,-1.9949586247885,-1.95717586752637,9020.13434450523,1.00011868143457
"log_lik_catch[401]",-1.87010479998401,0.00058903449516219,0.0527506239675382,-1.9763484902695,-1.90540637525773,-1.86777290484693,-1.83284051539341,-1.77365765984165,8019.98848376133,1.00025831980391
"log_lik_catch[402]",-1.98422190334186,0.000269994676683089,0.027351869567182,-2.03886672443764,-2.00279858442703,-1.98380020791193,-1.96502058502635,-1.93175467881974,10262.7471842437,0.999990462386356
"log_lik_catch[403]",-0.625265243491527,0.000486265460376972,0.0447591743078048,-0.716220132608215,-0.655035260934334,-0.624507398859287,-0.592928663417507,-0.541579231077183,8472.61139492875,1.00013492472343
"log_lik_catch[404]",-0.625265243491527,0.000486265460376972,0.0447591743078048,-0.716220132608215,-0.655035260934334,-0.624507398859287,-0.592928663417507,-0.541579231077183,8472.61139492875,1.00013492472343
"log_lik_catch[405]",-2.17620693342035,0.000574253376322598,0.0540818420236762,-2.28870331022668,-2.21315731253798,-2.17277391595425,-2.13790416160892,-2.07770748815173,8869.43255967739,1.00000379257599
"log_lik_catch[406]",-0.980209062761524,0.000657028018340024,0.0617613678161864,-1.10514173217567,-1.02156438569005,-0.979912643037315,-0.935423014491473,-0.863984401690698,8836.21005216594,1.00009505004117
"log_lik_catch[407]",-2.87973555686682,0.00107502246986787,0.0980350548455686,-3.08043604549782,-2.94571760546983,-2.87404017593285,-2.81073579473481,-2.70116395167536,8316.25329530113,1.00001694607897
"log_lik_catch[408]",-0.625265243491527,0.000486265460376972,0.0447591743078048,-0.716220132608215,-0.655035260934334,-0.624507398859287,-0.592928663417507,-0.541579231077183,8472.61139492875,1.00013492472343
"log_lik_catch[409]",-0.625265243491527,0.000486265460376972,0.0447591743078048,-0.716220132608215,-0.655035260934334,-0.624507398859287,-0.592928663417507,-0.541579231077183,8472.61139492875,1.00013492472343
"log_lik_catch[410]",-4.92848401646357,0.00273257528604826,0.244816364104587,-5.42348086137008,-5.09263236741393,-4.91967218357521,-4.75670938215181,-4.47005166768117,8026.69230538899,1.00000835476974
"log_lik_catch[411]",-4.92848401646357,0.00273257528604826,0.244816364104587,-5.42348086137008,-5.09263236741393,-4.91967218357521,-4.75670938215181,-4.47005166768117,8026.69230538899,1.00000835476974
"log_lik_catch[412]",-5.23097531681903,0.00289191421944284,0.259298760406929,-5.76499081113268,-5.40261444661324,-5.21829422767216,-5.04787251967051,-4.75379278020173,8039.51903554599,0.999990386684233
"log_lik_catch[413]",-0.369475982971966,0.000327505806400537,0.029759477800796,-0.430135039434894,-0.389178096380535,-0.368677503132426,-0.348207842990564,-0.314835629148165,8256.81595653776,1.00016155988798
"log_lik_catch[414]",-0.369475982971966,0.000327505806400537,0.029759477800796,-0.430135039434894,-0.389178096380535,-0.368677503132426,-0.348207842990564,-0.314835629148165,8256.81595653776,1.00016155988798
"log_lik_catch[415]",-2.41576904816285,0.000447657144232787,0.0437601327762284,-2.50658806740655,-2.44513842589099,-2.41308779097352,-2.38524350372229,-2.33546186772053,9555.7817566549,0.999965524887969
"log_lik_catch[416]",-0.821253197075331,0.000585597605332594,0.0545089465920386,-0.931192393339114,-0.857951221849406,-0.820664308921777,-0.78189027841784,-0.719555220776464,8664.37008384221,1.00011328424888
"log_lik_catch[417]",-0.980209062761524,0.000657028018340024,0.0617613678161864,-1.10514173217567,-1.02156438569005,-0.979912643037315,-0.935423014491473,-0.863984401690698,8836.21005216594,1.00009505004117
"log_lik_catch[418]",-0.821253197075331,0.000585597605332594,0.0545089465920386,-0.931192393339114,-0.857951221849406,-0.820664308921777,-0.78189027841784,-0.719555220776464,8664.37008384221,1.00011328424888
"log_lik_catch[419]",-2.02029419634044,0.000322504716168159,0.0325249812257055,-2.08580618131601,-2.04159467977044,-2.0190122229497,-1.99842072167803,-1.95931073544763,10170.9605352748,1.00002185909702
"log_lik_catch[420]",-0.515475928603089,0.000420097569858814,0.0382113580775216,-0.593725718565582,-0.541040921158566,-0.514085080625127,-0.488101153388636,-0.446395978902425,8273.41116494854,1.00026720241279
"log_lik_catch[421]",-1.47086746226607,0.000273112647102915,0.0258886985113801,-1.52417989924213,-1.48805900977815,-1.4698829841544,-1.45296223009225,-1.42309847089402,8985.38753337506,1.00012578256236
"log_lik_catch[422]",-0.832855389373475,0.000585475408694956,0.0542612816647456,-0.944251409997607,-0.869467894020796,-0.830473568429814,-0.794823168133923,-0.733727164992852,8589.39902360853,1.0002206679121
"log_lik_catch[423]",-3.05034055175175,0.00104363500894955,0.0943485460804058,-3.24093101600242,-3.11485010358739,-3.04710074629202,-2.98350138144348,-2.87833053457912,8172.84280264764,1.00019868160072
"log_lik_catch[424]",-1.47081461343202,0.000246715924157589,0.0250567937732946,-1.52175584058968,-1.48731656540664,-1.46978242874659,-1.45394810759794,-1.423909189506,10314.7007740241,1.00001375524849
"log_lik_catch[425]",-0.832855389373475,0.000585475408694956,0.0542612816647456,-0.944251409997607,-0.869467894020796,-0.830473568429814,-0.794823168133923,-0.733727164992852,8589.39902360853,1.0002206679121
"log_lik_catch[426]",-0.832855389373475,0.000585475408694956,0.0542612816647456,-0.944251409997607,-0.869467894020796,-0.830473568429814,-0.794823168133923,-0.733727164992852,8589.39902360853,1.0002206679121
"log_lik_catch[427]",-1.24367052478579,0.000756072620010435,0.0720329152238948,-1.39093177793242,-1.2915932681209,-1.24060138917675,-1.19385046015725,-1.11061203961551,9076.84586254408,1.00014711281184
"log_lik_catch[428]",-1.47086746226607,0.000273112647102915,0.0258886985113801,-1.52417989924213,-1.48805900977815,-1.4698829841544,-1.45296223009225,-1.42309847089402,8985.38753337506,1.00012578256236
"log_lik_catch[429]",-0.832855389373475,0.000585475408694956,0.0542612816647456,-0.944251409997607,-0.869467894020796,-0.830473568429814,-0.794823168133923,-0.733727164992852,8589.39902360853,1.0002206679121
"log_lik_catch[430]",-1.87010479998401,0.00058903449516219,0.0527506239675382,-1.9763484902695,-1.90540637525773,-1.86777290484693,-1.83284051539341,-1.77365765984165,8019.98848376133,1.00025831980391
"log_lik_catch[431]",-0.832855389373475,0.000585475408694956,0.0542612816647456,-0.944251409997607,-0.869467894020796,-0.830473568429814,-0.794823168133923,-0.733727164992852,8589.39902360853,1.0002206679121
"log_lik_catch[432]",-0.515475928603089,0.000420097569858814,0.0382113580775216,-0.593725718565582,-0.541040921158566,-0.514085080625127,-0.488101153388636,-0.446395978902425,8273.41116494854,1.00026720241279
"log_lik_catch[433]",-1.24367052478579,0.000756072620010435,0.0720329152238948,-1.39093177793242,-1.2915932681209,-1.24060138917675,-1.19385046015725,-1.11061203961551,9076.84586254408,1.00014711281184
"log_lik_catch[434]",-2.60489433747223,0.000328892259197735,0.0340180651103522,-2.67251449141227,-2.62752081476334,-2.60391109364784,-2.58173112118704,-2.54043120030776,10698.229543749,0.99994550796589
"log_lik_catch[435]",-0.821253197075331,0.000585597605332594,0.0545089465920386,-0.931192393339114,-0.857951221849406,-0.820664308921777,-0.78189027841784,-0.719555220776464,8664.37008384221,1.00011328424888
"log_lik_catch[436]",-0.980209062761524,0.000657028018340024,0.0617613678161864,-1.10514173217567,-1.02156438569005,-0.979912643037315,-0.935423014491473,-0.863984401690698,8836.21005216594,1.00009505004117
"log_lik_catch[437]",-0.369475982971966,0.000327505806400537,0.029759477800796,-0.430135039434894,-0.389178096380535,-0.368677503132426,-0.348207842990564,-0.314835629148165,8256.81595653776,1.00016155988798
"log_lik_catch[438]",-5.23097531681903,0.00289191421944284,0.259298760406929,-5.76499081113268,-5.40261444661324,-5.21829422767216,-5.04787251967051,-4.75379278020173,8039.51903554599,0.999990386684233
"log_lik_catch[439]",-0.980209062761524,0.000657028018340024,0.0617613678161864,-1.10514173217567,-1.02156438569005,-0.979912643037315,-0.935423014491473,-0.863984401690698,8836.21005216594,1.00009505004117
"log_lik_catch[440]",-0.369475982971966,0.000327505806400537,0.029759477800796,-0.430135039434894,-0.389178096380535,-0.368677503132426,-0.348207842990564,-0.314835629148165,8256.81595653776,1.00016155988798
"log_lik_catch[441]",-0.980209062761524,0.000657028018340024,0.0617613678161864,-1.10514173217567,-1.02156438569005,-0.979912643037315,-0.935423014491473,-0.863984401690698,8836.21005216594,1.00009505004117
"log_lik_catch[442]",-1.44502875786506,0.000206209184392006,0.0214949627223206,-1.48800871258844,-1.45958050673737,-1.44470906854614,-1.43012919021079,-1.40380154574065,10865.6918304843,0.999955137384103
"log_lik_catch[443]",-0.821253197075331,0.000585597605332594,0.0545089465920386,-0.931192393339114,-0.857951221849406,-0.820664308921777,-0.78189027841784,-0.719555220776464,8664.37008384221,1.00011328424888
"log_lik_catch[444]",-1.22937707316606,0.000759371618179389,0.0725336600031271,-1.37530202497913,-1.2777451884994,-1.22888909699079,-1.17775573336351,-1.09204167548919,9123.68877126037,1.00006594025669
"log_lik_catch[445]",-3.51641571946639,0.000877755714304495,0.0814261316629096,-3.68891573156154,-3.57081835684009,-3.51019650869317,-3.45848555699185,-3.37311688435117,8605.58255668495,0.999973886362029
"log_lik_catch[446]",-0.625265243491527,0.000486265460376972,0.0447591743078048,-0.716220132608215,-0.655035260934334,-0.624507398859287,-0.592928663417507,-0.541579231077183,8472.61139492875,1.00013492472343
"log_lik_catch[447]",-0.980209062761524,0.000657028018340024,0.0617613678161864,-1.10514173217567,-1.02156438569005,-0.979912643037315,-0.935423014491473,-0.863984401690698,8836.21005216594,1.00009505004117
"log_lik_catch[448]",-2.87973555686682,0.00107502246986787,0.0980350548455686,-3.08043604549782,-2.94571760546983,-2.87404017593285,-2.81073579473481,-2.70116395167536,8316.25329530113,1.00001694607897
"log_lik_catch[449]",-0.821253197075331,0.000585597605332594,0.0545089465920386,-0.931192393339114,-0.857951221849406,-0.820664308921777,-0.78189027841784,-0.719555220776464,8664.37008384221,1.00011328424888
"log_lik_catch[450]",-1.47086746226607,0.000273112647102915,0.0258886985113801,-1.52417989924213,-1.48805900977815,-1.4698829841544,-1.45296223009225,-1.42309847089402,8985.38753337506,1.00012578256236
"log_lik_catch[451]",-3.74970876100248,0.000767000311658514,0.0708435882651397,-3.89632234864585,-3.79572324008436,-3.74595384879056,-3.69918950884227,-3.62279931395552,8531.19796502942,1.00015308051112
"log_lik_catch[452]",-1.47086746226607,0.000273112647102915,0.0258886985113801,-1.52417989924213,-1.48805900977815,-1.4698829841544,-1.45296223009225,-1.42309847089402,8985.38753337506,1.00012578256236
"log_lik_catch[453]",-0.832855389373475,0.000585475408694956,0.0542612816647456,-0.944251409997607,-0.869467894020796,-0.830473568429814,-0.794823168133923,-0.733727164992852,8589.39902360853,1.0002206679121
"log_lik_catch[454]",-2.54207137830597,0.000652846534892141,0.0605081837411492,-2.66515229359166,-2.58189693106985,-2.53994011138883,-2.49915211130239,-2.43127387008867,8590.254433619,1.00016121360166
"log_lik_catch[455]",-1.06298479296655,0.000683988004933412,0.0644144729447547,-1.19476958832162,-1.10634466899586,-1.06042833785355,-1.01837420715438,-0.944393821683738,8868.90379848459,1.00018049485247
"log_lik_catch[456]",-0.515475928603089,0.000420097569858814,0.0382113580775216,-0.593725718565582,-0.541040921158566,-0.514085080625127,-0.488101153388636,-0.446395978902425,8273.41116494854,1.00026720241279
"log_lik_catch[457]",-0.832855389373475,0.000585475408694956,0.0542612816647456,-0.944251409997607,-0.869467894020796,-0.830473568429814,-0.794823168133923,-0.733727164992852,8589.39902360853,1.0002206679121
"log_lik_catch[458]",-0.515475928603089,0.000420097569858814,0.0382113580775216,-0.593725718565582,-0.541040921158566,-0.514085080625127,-0.488101153388636,-0.446395978902425,8273.41116494854,1.00026720241279
"log_lik_catch[459]",-0.832855389373475,0.000585475408694956,0.0542612816647456,-0.944251409997607,-0.869467894020796,-0.830473568429814,-0.794823168133923,-0.733727164992852,8589.39902360853,1.0002206679121
"log_lik_catch[460]",-1.47086746226607,0.000273112647102915,0.0258886985113801,-1.52417989924213,-1.48805900977815,-1.4698829841544,-1.45296223009225,-1.42309847089402,8985.38753337506,1.00012578256236
"log_lik_catch[461]",-3.5506023147484,0.00145713489659293,0.130635660824606,-3.81237736930781,-3.63841989015521,-3.54712109306282,-3.45753236778322,-3.31248144343385,8037.55531405133,1.00020737858312
"log_lik_catch[462]",-3.77997561284416,0.00128977070460238,0.116007558081346,-4.01661515711918,-3.8584677130418,-3.77499210494267,-3.69705197193465,-3.5717283787531,8089.98196946487,1.00019704791458
"log_lik_catch[463]",-2.54207137830597,0.000652846534892141,0.0605081837411492,-2.66515229359166,-2.58189693106985,-2.53994011138883,-2.49915211130239,-2.43127387008867,8590.254433619,1.00016121360166
"log_lik_catch[464]",-1.47086746226607,0.000273112647102915,0.0258886985113801,-1.52417989924213,-1.48805900977815,-1.4698829841544,-1.45296223009225,-1.42309847089402,8985.38753337506,1.00012578256236
"log_lik_catch[465]",-0.832855389373475,0.000585475408694956,0.0542612816647456,-0.944251409997607,-0.869467894020796,-0.830473568429814,-0.794823168133923,-0.733727164992852,8589.39902360853,1.0002206679121
"log_lik_catch[466]",-0.832855389373475,0.000585475408694956,0.0542612816647456,-0.944251409997607,-0.869467894020796,-0.830473568429814,-0.794823168133923,-0.733727164992852,8589.39902360853,1.0002206679121
"log_lik_catch[467]",-1.67468426228014,0.000483337403647985,0.0431102988820092,-1.7620611579926,-1.70328747756349,-1.67247714652419,-1.64428316668157,-1.59570477807968,7955.38602237241,1.00026291983944
"log_lik_catch[468]",-1.56789601756332,0.000397968196248252,0.0358236794416955,-1.64185308123766,-1.59143018645255,-1.56620196299089,-1.54275668994188,-1.50251004282163,8102.95910032013,1.00023778059734
"log_lik_catch[469]",-1.06298479296655,0.000683988004933412,0.0644144729447547,-1.19476958832162,-1.10634466899586,-1.06042833785355,-1.01837420715438,-0.944393821683738,8868.90379848459,1.00018049485247
"log_lik_catch[470]",-0.832855389373475,0.000585475408694956,0.0542612816647456,-0.944251409997607,-0.869467894020796,-0.830473568429814,-0.794823168133923,-0.733727164992852,8589.39902360853,1.0002206679121
"log_lik_catch[471]",-3.81341450504737,0.00103709303557297,0.0940248833593632,-4.00703544780511,-3.87693797255386,-3.8086381302996,-3.74617218902074,-3.64550616010964,8219.59030077312,1.00018336309707
"log_lik_catch[472]",-1.77633728271809,0.000543598643218066,0.0485027369532777,-1.87437519607615,-1.80882837318581,-1.77407804189937,-1.74213523825094,-1.68764263498357,7961.14921380359,1.00026501769921
"log_lik_catch[473]",-1.9989893030599,0.000313394224411019,0.0318129104835172,-2.06627594467598,-2.01935802124536,-1.99766868824765,-1.97720103750995,-1.94027281839737,10304.4503216347,0.999966236446384
"log_lik_catch[474]",-0.332747464768068,0.000358720393805681,0.0354582939056442,-0.406746412488537,-0.355883787013042,-0.331243890821971,-0.307982545637905,-0.267522945855424,9770.65177947798,0.999790323446965
"log_lik_catch[475]",-1.45521388724411,0.000241718091364093,0.024621801536586,-1.50672077116287,-1.47120794738569,-1.45423836574939,-1.43821349579072,-1.40977323714796,10375.7939837838,0.99996941822109
"log_lik_catch[476]",-0.57024083799395,0.000540610867373765,0.0539240618339584,-0.680580702600122,-0.605585417284025,-0.568384255368412,-0.532739138681141,-0.469062547538962,9949.37162462061,0.999810239937297
"log_lik_catch[477]",-0.766079898345752,0.000610222969723623,0.062216535344328,-0.894350787930516,-0.807434720829175,-0.764574826028015,-0.722571844336886,-0.649893602379953,10395.2405489776,0.999922229815574
"log_lik_catch[478]",-1.45541061271275,0.000253667438051344,0.0245671763558151,-1.50772783984303,-1.4711327358521,-1.45497137198129,-1.43831091784882,-1.41074135292407,9379.52923618953,0.999894113712093
"log_lik_catch[479]",-0.467512665389543,0.0004355969583229,0.0435077306501448,-0.557347615036701,-0.495951411481939,-0.466119384770712,-0.436760368058405,-0.387621702979072,9976.15493642121,0.999913391930575
"log_lik_catch[480]",-0.766079898345752,0.000610222969723623,0.062216535344328,-0.894350787930516,-0.807434720829175,-0.764574826028015,-0.722571844336886,-0.649893602379953,10395.2405489776,0.999922229815574
"log_lik_catch[481]",-4.28670187127859,0.00240518699611513,0.233928313446681,-4.78364075087242,-4.4366784608168,-4.27349805362683,-4.12298101272017,-3.86736514930079,9459.49354425984,0.99983060295857
"log_lik_catch[482]",-1.62355925580685,0.000502776538155974,0.0477771992871987,-1.72167671476963,-1.65480543645551,-1.62151086396064,-1.59031097672452,-1.53416721385663,9030.07523581215,0.999862290372602
"log_lik_catch[483]",-1.49640644241553,0.000310894801753013,0.0324474009717554,-1.56513317895661,-1.51725987484,-1.49493561458792,-1.47374818667319,-1.43818950650879,10892.6339716089,0.999936549845905
"log_lik_catch[484]",-1.16053732941876,0.000792770096713417,0.0817405333625533,-1.32693743195744,-1.21484099507553,-1.15819473580681,-1.10441555913928,-1.00673480533887,10631.1541152037,0.999931282002835
"log_lik_catch[485]",-0.755242083359697,0.000654525471404702,0.0657365645945971,-0.88933912815886,-0.798804674403453,-0.75338153648893,-0.710136271695273,-0.630999005728824,10086.9740547408,0.999825682133921
"log_lik_catch[486]",-1.1468425690351,0.000846621127808598,0.0862278087727537,-1.32301839282675,-1.20402864067991,-1.14488937628303,-1.08782015031015,-0.983866041974952,10373.289423946,0.999856391867329
"log_lik_catch[487]",-1.45380743095718,0.000261819362722784,0.024401390103326,-1.50541210649896,-1.46930830655695,-1.45290965132941,-1.43694256401541,-1.40905287460755,8686.11576496365,0.99981151682936
"log_lik_catch[488]",-1.45521388724411,0.000241718091364093,0.024621801536586,-1.50672077116287,-1.47120794738569,-1.45423836574939,-1.43821349579072,-1.40977323714796,10375.7939837838,0.99996941822109
"log_lik_catch[489]",-1.99599497545092,0.00032779609803437,0.0306627775966765,-2.06029014445443,-2.01563675142802,-1.99510844596668,-1.97482946303465,-1.93912262799162,8750.14856578857,0.999811495557068
"log_lik_catch[490]",-1.24532447692552,0.000888502429887812,0.0907961284574982,-1.43074850382722,-1.30539232988642,-1.24380470423571,-1.18318819060978,-1.07432827904562,10442.8110856679,0.999863395849242
"log_lik_catch[491]",-0.755242083359697,0.000654525471404702,0.0657365645945971,-0.88933912815886,-0.798804674403453,-0.75338153648893,-0.710136271695273,-0.630999005728824,10086.9740547408,0.999825682133921
"log_lik_catch[492]",-1.45521388724411,0.000241718091364093,0.024621801536586,-1.50672077116287,-1.47120794738569,-1.45423836574939,-1.43821349579072,-1.40977323714796,10375.7939837838,0.99996941822109
"log_lik_catch[493]",-0.332747464768068,0.000358720393805681,0.0354582939056442,-0.406746412488537,-0.355883787013042,-0.331243890821971,-0.307982545637905,-0.267522945855424,9770.65177947798,0.999790323446965
"log_lik_catch[494]",-3.77556990580248,0.00212498440628568,0.209932982281693,-4.21963620901322,-3.91215972666433,-3.7659255526753,-3.62514216250465,-3.39482466429216,9760.00085805153,0.999739352412564
"log_lik_catch[495]",-2.93372368924479,0.00106475878574615,0.106595744583913,-3.1683409031355,-3.00026529403224,-2.92531661138669,-2.85820367509935,-2.74921285226313,10022.5278214987,0.999792465099297
"log_lik_catch[496]",-0.57024083799395,0.000540610867373765,0.0539240618339584,-0.680580702600122,-0.605585417284025,-0.568384255368412,-0.532739138681141,-0.469062547538962,9949.37162462061,0.999810239937297
"log_lik_catch[497]",-1.45521388724411,0.000241718091364093,0.024621801536586,-1.50672077116287,-1.47120794738569,-1.45423836574939,-1.43821349579072,-1.40977323714796,10375.7939837838,0.99996941822109
"log_lik_catch[498]",-0.332747464768068,0.000358720393805681,0.0354582939056442,-0.406746412488537,-0.355883787013042,-0.331243890821971,-0.307982545637905,-0.267522945855424,9770.65177947798,0.999790323446965
"log_lik_catch[499]",-2.68775493031109,0.000582552967430978,0.0591817000521464,-2.8197185769982,-2.72338680498158,-2.68192655025301,-2.64592291669574,-2.58672540919516,10320.5783553636,0.999876081047739
"log_lik_catch[500]",-0.57024083799395,0.000540610867373765,0.0539240618339584,-0.680580702600122,-0.605585417284025,-0.568384255368412,-0.532739138681141,-0.469062547538962,9949.37162462061,0.999810239937297
"log_lik_catch[501]",-0.57024083799395,0.000540610867373765,0.0539240618339584,-0.680580702600122,-0.605585417284025,-0.568384255368412,-0.532739138681141,-0.469062547538962,9949.37162462061,0.999810239937297
"log_lik_catch[502]",-0.332747464768068,0.000358720393805681,0.0354582939056442,-0.406746412488537,-0.355883787013042,-0.331243890821971,-0.307982545637905,-0.267522945855424,9770.65177947798,0.999790323446965
"log_lik_catch[503]",-0.57024083799395,0.000540610867373765,0.0539240618339584,-0.680580702600122,-0.605585417284025,-0.568384255368412,-0.532739138681141,-0.469062547538962,9949.37162462061,0.999810239937297
"log_lik_catch[504]",-1.61571144165212,0.000516555750753036,0.0496748337771482,-1.71993481893046,-1.64853007321151,-1.61327666200164,-1.5809957526768,-1.52452878197489,9247.80031034763,0.999729872303459
"log_lik_catch[505]",-1.55461422589789,0.000451959761669568,0.0425848141238923,-1.64394190696903,-1.58179606278056,-1.55237929346857,-1.5246786805651,-1.47798977149536,8877.89429966407,0.999724290899449
"log_lik_catch[506]",-0.467512665389543,0.0004355969583229,0.0435077306501448,-0.557347615036701,-0.495951411481939,-0.466119384770712,-0.436760368058405,-0.387621702979072,9976.15493642121,0.999913391930575
"log_lik_catch[507]",-0.766079898345752,0.000610222969723623,0.062216535344328,-0.894350787930516,-0.807434720829175,-0.764574826028015,-0.722571844336886,-0.649893602379953,10395.2405489776,0.999922229815574
"log_lik_catch[508]",-0.467512665389543,0.0004355969583229,0.0435077306501448,-0.557347615036701,-0.495951411481939,-0.466119384770712,-0.436760368058405,-0.387621702979072,9976.15493642121,0.999913391930575
"log_lik_catch[509]",-0.467512665389543,0.0004355969583229,0.0435077306501448,-0.557347615036701,-0.495951411481939,-0.466119384770712,-0.436760368058405,-0.387621702979072,9976.15493642121,0.999913391930575
"log_lik_catch[510]",-0.766079898345752,0.000610222969723623,0.062216535344328,-0.894350787930516,-0.807434720829175,-0.764574826028015,-0.722571844336886,-0.649893602379953,10395.2405489776,0.999922229815574
"log_lik_catch[511]",-1.49640644241553,0.000310894801753013,0.0324474009717554,-1.56513317895661,-1.51725987484,-1.49493561458792,-1.47374818667319,-1.43818950650879,10892.6339716089,0.999936549845905
"log_lik_catch[512]",-2.61375933502686,0.000366484586506295,0.0379836418496138,-2.69347144870584,-2.63804476464865,-2.61234211259222,-2.58766059845654,-2.54371740636068,10741.9166129059,0.999955413001424
"log_lik_catch[513]",-1.45541061271275,0.000253667438051344,0.0245671763558151,-1.50772783984303,-1.4711327358521,-1.45497137198129,-1.43831091784882,-1.41074135292407,9379.52923618953,0.999894113712093
"log_lik_catch[514]",-2.05615598826151,0.000422460829088033,0.0438431149633547,-2.15009143569118,-2.08351612421578,-2.05362448832111,-2.02559299615231,-1.97877818911007,10770.3523298833,0.999925159501129
"log_lik_catch[515]",-0.766079898345752,0.000610222969723623,0.062216535344328,-0.894350787930516,-0.807434720829175,-0.764574826028015,-0.722571844336886,-0.649893602379953,10395.2405489776,0.999922229815574
"log_lik_catch[516]",-0.766079898345752,0.000610222969723623,0.062216535344328,-0.894350787930516,-0.807434720829175,-0.764574826028015,-0.722571844336886,-0.649893602379953,10395.2405489776,0.999922229815574
"log_lik_catch[517]",-0.766079898345752,0.000610222969723623,0.062216535344328,-0.894350787930516,-0.807434720829175,-0.764574826028015,-0.722571844336886,-0.649893602379953,10395.2405489776,0.999922229815574
"log_lik_catch[518]",-0.766079898345752,0.000610222969723623,0.062216535344328,-0.894350787930516,-0.807434720829175,-0.764574826028015,-0.722571844336886,-0.649893602379953,10395.2405489776,0.999922229815574
"log_lik_catch[519]",-0.766079898345752,0.000610222969723623,0.062216535344328,-0.894350787930516,-0.807434720829175,-0.764574826028015,-0.722571844336886,-0.649893602379953,10395.2405489776,0.999922229815574
"log_lik_catch[520]",-2.33267922582006,0.000302169363525569,0.0302174286789137,-2.39401625293254,-2.35276327288601,-2.33237308766692,-2.31219941958477,-2.27440738103208,10000.3258638546,0.999938476429533
"log_lik_catch[521]",-0.986134309428101,0.000717178579549909,0.0735880706418679,-1.13593632126496,-1.03540984739594,-0.984209427192865,-0.93581452591115,-0.848109445181786,10528.3475690416,0.999927785259212
"log_lik_catch[522]",-0.755242083359697,0.000654525471404702,0.0657365645945971,-0.88933912815886,-0.798804674403453,-0.75338153648893,-0.710136271695273,-0.630999005728824,10086.9740547408,0.999825682133921
"log_lik_catch[523]",-1.99599497545092,0.00032779609803437,0.0306627775966765,-2.06029014445443,-2.01563675142802,-1.99510844596668,-1.97482946303465,-1.93912262799162,8750.14856578857,0.999811495557068
"log_lik_catch[524]",-1.61571144165212,0.000516555750753036,0.0496748337771482,-1.71993481893046,-1.64853007321151,-1.61327666200164,-1.5809957526768,-1.52452878197489,9247.80031034763,0.999729872303459
"log_lik_catch[525]",-2.25160159767604,0.000794681413318819,0.079958992201935,-2.42420194257423,-2.30237969514365,-2.24608845319224,-2.19497607465782,-2.11025362465928,10123.9155166058,0.999807905872301
"log_lik_catch[526]",-3.77556990580248,0.00212498440628568,0.209932982281693,-4.21963620901322,-3.91215972666433,-3.7659255526753,-3.62514216250465,-3.39482466429216,9760.00085805153,0.999739352412564
"log_lik_catch[527]",-0.90686246531936,0.000735102988560586,0.0742382083814411,-1.05826413542033,-0.956406533298378,-0.904943537055634,-0.855558818500558,-0.766518272490165,10199.0233937396,0.999838007539734
"log_lik_catch[528]",-0.766079898345752,0.000610222969723623,0.062216535344328,-0.894350787930516,-0.807434720829175,-0.764574826028015,-0.722571844336886,-0.649893602379953,10395.2405489776,0.999922229815574
"log_lik_catch[529]",-0.467512665389543,0.0004355969583229,0.0435077306501448,-0.557347615036701,-0.495951411481939,-0.466119384770712,-0.436760368058405,-0.387621702979072,9976.15493642121,0.999913391930575
"log_lik_catch[530]",-0.766079898345752,0.000610222969723623,0.062216535344328,-0.894350787930516,-0.807434720829175,-0.764574826028015,-0.722571844336886,-0.649893602379953,10395.2405489776,0.999922229815574
"log_lik_catch[531]",-1.45541061271275,0.000253667438051344,0.0245671763558151,-1.50772783984303,-1.4711327358521,-1.45497137198129,-1.43831091784882,-1.41074135292407,9379.52923618953,0.999894113712093
"log_lik_catch[532]",-2.43671488062328,0.000962474134927131,0.0958875380001325,-2.63576840479892,-2.50048724467282,-2.43173402850373,-2.36946765354091,-2.26279036294509,9925.35847347541,0.999866100152479
"log_lik_catch[533]",-2.62925181170144,0.00086646861480178,0.0871394886059883,-2.81388546082381,-2.6856755870815,-2.62288049414689,-2.56704438781942,-2.47521129635384,10114.0324122269,0.999872306349017
"log_lik_catch[534]",-1.45541061271275,0.000253667438051344,0.0245671763558151,-1.50772783984303,-1.4711327358521,-1.45497137198129,-1.43831091784882,-1.41074135292407,9379.52923618953,0.999894113712093
"log_lik_catch[535]",-0.467512665389543,0.0004355969583229,0.0435077306501448,-0.557347615036701,-0.495951411481939,-0.466119384770712,-0.436760368058405,-0.387621702979072,9976.15493642121,0.999913391930575
"log_lik_catch[536]",-0.766079898345752,0.000610222969723623,0.062216535344328,-0.894350787930516,-0.807434720829175,-0.764574826028015,-0.722571844336886,-0.649893602379953,10395.2405489776,0.999922229815574
"log_lik_catch[537]",-0.467512665389543,0.0004355969583229,0.0435077306501448,-0.557347615036701,-0.495951411481939,-0.466119384770712,-0.436760368058405,-0.387621702979072,9976.15493642121,0.999913391930575
"log_lik_catch[538]",-0.766079898345752,0.000610222969723623,0.062216535344328,-0.894350787930516,-0.807434720829175,-0.764574826028015,-0.722571844336886,-0.649893602379953,10395.2405489776,0.999922229815574
"log_lik_catch[539]",-1.45541061271275,0.000253667438051344,0.0245671763558151,-1.50772783984303,-1.4711327358521,-1.45497137198129,-1.43831091784882,-1.41074135292407,9379.52923618953,0.999894113712093
"log_lik_catch[540]",-2.62925181170144,0.00086646861480178,0.0871394886059883,-2.81388546082381,-2.6856755870815,-2.62288049414689,-2.56704438781942,-2.47521129635384,10114.0324122269,0.999872306349017
"log_lik_catch[541]",-0.57024083799395,0.000540610867373765,0.0539240618339584,-0.680580702600122,-0.605585417284025,-0.568384255368412,-0.532739138681141,-0.469062547538962,9949.37162462061,0.999810239937297
"log_lik_catch[542]",-1.9989893030599,0.000313394224411019,0.0318129104835172,-2.06627594467598,-2.01935802124536,-1.99766868824765,-1.97720103750995,-1.94027281839737,10304.4503216347,0.999966236446384
"log_lik_catch[543]",-0.57024083799395,0.000540610867373765,0.0539240618339584,-0.680580702600122,-0.605585417284025,-0.568384255368412,-0.532739138681141,-0.469062547538962,9949.37162462061,0.999810239937297
"log_lik_catch[544]",-2.47311050041222,0.000647452263024799,0.0656341714361162,-2.61898563085362,-2.51316664963038,-2.46762351453997,-2.42689222069393,-2.360510422433,10276.4829922608,0.999849357147397
"log_lik_catch[545]",-1.62355925580685,0.000502776538155974,0.0477771992871987,-1.72167671476963,-1.65480543645551,-1.62151086396064,-1.59031097672452,-1.53416721385663,9030.07523581215,0.999862290372602
"log_lik_catch[546]",-0.766079898345752,0.000610222969723623,0.062216535344328,-0.894350787930516,-0.807434720829175,-0.764574826028015,-0.722571844336886,-0.649893602379953,10395.2405489776,0.999922229815574
"log_lik_catch[547]",-3.32330657447817,0.0010955023829066,0.10884825226737,-3.55904151942269,-3.39297001841456,-3.31419383679947,-3.24581356391559,-3.13379259461306,9872.25278390479,0.999860563357341
"log_lik_catch[548]",-0.766079898345752,0.000610222969723623,0.062216535344328,-0.894350787930516,-0.807434720829175,-0.764574826028015,-0.722571844336886,-0.649893602379953,10395.2405489776,0.999922229815574
"log_lik_catch[549]",-3.18883962662162,0.00136736725117223,0.134514068570027,-3.47581849712456,-3.2764027288081,-3.18050162139492,-3.09453223072842,-2.95003727814029,9677.54209479024,0.999850082496896
"log_lik_catch[550]",-4.57358879686841,0.00238847821406876,0.232352460051323,-5.0779523353047,-4.72094904833144,-4.55721551328336,-4.40956058380123,-4.16679761724226,9463.50424538075,0.999829829506922
"log_lik_catch[551]",-1.45541061271275,0.000253667438051344,0.0245671763558151,-1.50772783984303,-1.4711327358521,-1.45497137198129,-1.43831091784882,-1.41074135292407,9379.52923618953,0.999894113712093
"log_lik_catch[552]",-0.766079898345752,0.000610222969723623,0.062216535344328,-0.894350787930516,-0.807434720829175,-0.764574826028015,-0.722571844336886,-0.649893602379953,10395.2405489776,0.999922229815574
"log_lik_catch[553]",-1.62355925580685,0.000502776538155974,0.0477771992871987,-1.72167671476963,-1.65480543645551,-1.62151086396064,-1.59031097672452,-1.53416721385663,9030.07523581215,0.999862290372602
"log_lik_catch[554]",-0.467512665389543,0.0004355969583229,0.0435077306501448,-0.557347615036701,-0.495951411481939,-0.466119384770712,-0.436760368058405,-0.387621702979072,9976.15493642121,0.999913391930575
"log_lik_catch[555]",-2.62925181170144,0.00086646861480178,0.0871394886059883,-2.81388546082381,-2.6856755870815,-2.62288049414689,-2.56704438781942,-2.47521129635384,10114.0324122269,0.999872306349017
"log_lik_catch[556]",-0.766079898345752,0.000610222969723623,0.062216535344328,-0.894350787930516,-0.807434720829175,-0.764574826028015,-0.722571844336886,-0.649893602379953,10395.2405489776,0.999922229815574
"log_lik_catch[557]",-1.45541061271275,0.000253667438051344,0.0245671763558151,-1.50772783984303,-1.4711327358521,-1.45497137198129,-1.43831091784882,-1.41074135292407,9379.52923618953,0.999894113712093
"log_lik_catch[558]",-2.05615598826151,0.000422460829088033,0.0438431149633547,-2.15009143569118,-2.08351612421578,-2.05362448832111,-2.02559299615231,-1.97877818911007,10770.3523298833,0.999925159501129
"log_lik_catch[559]",-0.986134309428101,0.000717178579549909,0.0735880706418679,-1.13593632126496,-1.03540984739594,-0.984209427192865,-0.93581452591115,-0.848109445181786,10528.3475690416,0.999927785259212
"log_lik_catch[560]",-2.62925181170144,0.00086646861480178,0.0871394886059883,-2.81388546082381,-2.6856755870815,-2.62288049414689,-2.56704438781942,-2.47521129635384,10114.0324122269,0.999872306349017
"log_lik_catch[561]",-1.99799584337671,0.000317817386775102,0.0308435147536354,-2.06296837920133,-2.01791442777695,-1.99763411012259,-1.97662100320614,-1.94124291028333,9418.29781584046,0.99989313023424
"log_lik_catch[562]",-4.28670187127859,0.00240518699611513,0.233928313446681,-4.78364075087242,-4.4366784608168,-4.27349805362683,-4.12298101272017,-3.86736514930079,9459.49354425984,0.99983060295857
"log_lik_catch[563]",-0.766079898345752,0.000610222969723623,0.062216535344328,-0.894350787930516,-0.807434720829175,-0.764574826028015,-0.722571844336886,-0.649893602379953,10395.2405489776,0.999922229815574
"log_lik_catch[564]",-4.70660419248177,0.00238500645288716,0.232001157157946,-5.21283088353231,-4.85333279098752,-4.68938839594502,-4.54249737008488,-4.30272651946872,9462.39743805273,0.999829672172153
"log_lik_catch[565]",-2.82890520793293,0.000818056861921831,0.082723541722184,-3.00722019376499,-2.88132213786892,-2.82225822451438,-2.77013934292815,-2.68496731716821,10225.6578285784,0.999876910124449
"log_lik_catch[566]",-2.43671488062328,0.000962474134927131,0.0958875380001325,-2.63576840479892,-2.50048724467282,-2.43173402850373,-2.36946765354091,-2.26279036294509,9925.35847347541,0.999866100152479
"log_lik_catch[567]",-0.766079898345752,0.000610222969723623,0.062216535344328,-0.894350787930516,-0.807434720829175,-0.764574826028015,-0.722571844336886,-0.649893602379953,10395.2405489776,0.999922229815574
"log_lik_catch[568]",-0.766079898345752,0.000610222969723623,0.062216535344328,-0.894350787930516,-0.807434720829175,-0.764574826028015,-0.722571844336886,-0.649893602379953,10395.2405489776,0.999922229815574
"log_lik_catch[569]",-0.467512665389543,0.0004355969583229,0.0435077306501448,-0.557347615036701,-0.495951411481939,-0.466119384770712,-0.436760368058405,-0.387621702979072,9976.15493642121,0.999913391930575
"log_lik_catch[570]",-3.00333352227116,0.000789122635321892,0.0800821018455674,-3.17711266158762,-3.05351807261229,-2.99652137302947,-2.94628718408788,-2.86423898875266,10298.6885486061,0.999880301642089
"log_lik_catch[571]",-0.467512665389543,0.0004355969583229,0.0435077306501448,-0.557347615036701,-0.495951411481939,-0.466119384770712,-0.436760368058405,-0.387621702979072,9976.15493642121,0.999913391930575
"log_lik_catch[572]",-0.766079898345752,0.000610222969723623,0.062216535344328,-0.894350787930516,-0.807434720829175,-0.764574826028015,-0.722571844336886,-0.649893602379953,10395.2405489776,0.999922229815574
"log_lik_catch[573]",-2.82890520793293,0.000818056861921831,0.082723541722184,-3.00722019376499,-2.88132213786892,-2.82225822451438,-2.77013934292815,-2.68496731716821,10225.6578285784,0.999876910124449
"log_lik_catch[574]",-0.766079898345752,0.000610222969723623,0.062216535344328,-0.894350787930516,-0.807434720829175,-0.764574826028015,-0.722571844336886,-0.649893602379953,10395.2405489776,0.999922229815574
"log_lik_catch[575]",-0.766079898345752,0.000610222969723623,0.062216535344328,-0.894350787930516,-0.807434720829175,-0.764574826028015,-0.722571844336886,-0.649893602379953,10395.2405489776,0.999922229815574
"log_lik_catch[576]",-4.28670187127859,0.00240518699611513,0.233928313446681,-4.78364075087242,-4.4366784608168,-4.27349805362683,-4.12298101272017,-3.86736514930079,9459.49354425984,0.99983060295857
"log_lik_catch[577]",-2.67806190577901,0.000519037251524951,0.0535911377945704,-2.794966458597,-2.71084387528136,-2.67444277646698,-2.64071493713059,-2.58476586007591,10660.7779676252,0.999915414872098
"log_lik_catch[578]",-0.766079898345752,0.000610222969723623,0.062216535344328,-0.894350787930516,-0.807434720829175,-0.764574826028015,-0.722571844336886,-0.649893602379953,10395.2405489776,0.999922229815574
"log_lik_catch[579]",-1.99799584337671,0.000317817386775102,0.0308435147536354,-2.06296837920133,-2.01791442777695,-1.99763411012259,-1.97662100320614,-1.94124291028333,9418.29781584046,0.99989313023424
"log_lik_catch[580]",-0.467512665389543,0.0004355969583229,0.0435077306501448,-0.557347615036701,-0.495951411481939,-0.466119384770712,-0.436760368058405,-0.387621702979072,9976.15493642121,0.999913391930575
"log_lik_catch[581]",-1.45541061271275,0.000253667438051344,0.0245671763558151,-1.50772783984303,-1.4711327358521,-1.45497137198129,-1.43831091784882,-1.41074135292407,9379.52923618953,0.999894113712093
"log_lik_catch[582]",-1.16053732941876,0.000792770096713417,0.0817405333625533,-1.32693743195744,-1.21484099507553,-1.15819473580681,-1.10441555913928,-1.00673480533887,10631.1541152037,0.999931282002835
"log_lik_catch[583]",-2.34478287883773,0.000321386826448523,0.0332350864014417,-2.41331201090439,-2.36658001465058,-2.34406200260845,-2.32186503958573,-2.28259844989609,10693.933568923,0.999962894818015
"log_lik_catch[584]",-0.766079898345752,0.000610222969723623,0.062216535344328,-0.894350787930516,-0.807434720829175,-0.764574826028015,-0.722571844336886,-0.649893602379953,10395.2405489776,0.999922229815574
"log_lik_catch[585]",-3.74042003109268,0.00188041418963612,0.183673439453949,-4.12938121398769,-3.85979533693097,-3.72895465235818,-3.61193700923317,-3.41392390402389,9540.81946015577,0.999838108704905
"log_lik_catch[586]",-1.45541061271275,0.000253667438051344,0.0245671763558151,-1.50772783984303,-1.4711327358521,-1.45497137198129,-1.43831091784882,-1.41074135292407,9379.52923618953,0.999894113712093
"log_lik_catch[587]",-4.26411938698464,0.00205819195371209,0.200721674084052,-4.69638259276975,-4.39248337685356,-4.24889277673049,-4.1223437150383,-3.91432772600703,9510.79430108962,0.999834277879235
"log_lik_catch[588]",-1.98621598445834,0.000272864199574653,0.0277006433277182,-2.04256301651915,-2.00458331175478,-1.98589147324606,-1.96727115995537,-1.93317516837675,10305.9158688088,0.999958687649343
"log_lik_catch[589]",-0.986134309428101,0.000717178579549909,0.0735880706418679,-1.13593632126496,-1.03540984739594,-0.984209427192865,-0.93581452591115,-0.848109445181786,10528.3475690416,0.999927785259212
"log_lik_catch[590]",-1.45541061271275,0.000253667438051344,0.0245671763558151,-1.50772783984303,-1.4711327358521,-1.45497137198129,-1.43831091784882,-1.41074135292407,9379.52923618953,0.999894113712093
"log_lik_catch[591]",-0.766079898345752,0.000610222969723623,0.062216535344328,-0.894350787930516,-0.807434720829175,-0.764574826028015,-0.722571844336886,-0.649893602379953,10395.2405489776,0.999922229815574
"log_lik_catch[592]",-1.71585343825815,0.000577180650760878,0.0552643124734052,-1.82860738079924,-1.75220038785609,-1.71425578014302,-1.67752539811989,-1.61126819281573,9167.81869359386,0.999868417799411
"log_lik_catch[593]",-2.05615598826151,0.000422460829088033,0.0438431149633547,-2.15009143569118,-2.08351612421578,-2.05362448832111,-2.02559299615231,-1.97877818911007,10770.3523298833,0.999925159501129
"log_lik_catch[594]",-0.766079898345752,0.000610222969723623,0.062216535344328,-0.894350787930516,-0.807434720829175,-0.764574826028015,-0.722571844336886,-0.649893602379953,10395.2405489776,0.999922229815574
"log_lik_catch[595]",-2.05615598826151,0.000422460829088033,0.0438431149633547,-2.15009143569118,-2.08351612421578,-2.05362448832111,-2.02559299615231,-1.97877818911007,10770.3523298833,0.999925159501129
"log_lik_catch[596]",-2.05615598826151,0.000422460829088033,0.0438431149633547,-2.15009143569118,-2.08351612421578,-2.05362448832111,-2.02559299615231,-1.97877818911007,10770.3523298833,0.999925159501129
"log_lik_catch[597]",-0.467512665389543,0.0004355969583229,0.0435077306501448,-0.557347615036701,-0.495951411481939,-0.466119384770712,-0.436760368058405,-0.387621702979072,9976.15493642121,0.999913391930575
"log_lik_catch[598]",-0.986134309428101,0.000717178579549909,0.0735880706418679,-1.13593632126496,-1.03540984739594,-0.984209427192865,-0.93581452591115,-0.848109445181786,10528.3475690416,0.999927785259212
"log_lik_catch[599]",-0.467512665389543,0.0004355969583229,0.0435077306501448,-0.557347615036701,-0.495951411481939,-0.466119384770712,-0.436760368058405,-0.387621702979072,9976.15493642121,0.999913391930575
"log_lik_catch[600]",-1.45541061271275,0.000253667438051344,0.0245671763558151,-1.50772783984303,-1.4711327358521,-1.45497137198129,-1.43831091784882,-1.41074135292407,9379.52923618953,0.999894113712093
"log_lik_catch[601]",-1.62355925580685,0.000502776538155974,0.0477771992871987,-1.72167671476963,-1.65480543645551,-1.62151086396064,-1.59031097672452,-1.53416721385663,9030.07523581215,0.999862290372602
"log_lik_catch[602]",-1.99799584337671,0.000317817386775102,0.0308435147536354,-2.06296837920133,-2.01791442777695,-1.99763411012259,-1.97662100320614,-1.94124291028333,9418.29781584046,0.99989313023424
"log_lik_catch[603]",-1.44560566651699,0.000210698691432282,0.0217814621973337,-1.48916766330511,-1.46019751644028,-1.44500038254096,-1.43040675247337,-1.40418165519936,10686.8665120163,0.999792563903119
"log_lik_catch[604]",-3.56149720282762,0.00165365156063855,0.16917536227198,-3.92458228882089,-3.66988354688601,-3.55369735072586,-3.44569953526903,-3.24947070219762,10466.1322976371,1.00020276467133
"log_lik_catch[605]",-2.4146883349084,0.000468678322673394,0.0487651610246936,-2.5210772859275,-2.44427648072198,-2.41123115904225,-2.38098318867971,-2.32911022462121,10826.0390995655,0.999901398694902
"log_lik_catch[606]",-1.1186431988036,0.000745189105461675,0.0772731945048652,-1.27470774590887,-1.16875702754294,-1.11660512675661,-1.06637613008447,-0.970363874003233,10752.8785129528,1.00007287524787
"log_lik_catch[607]",-0.628787444682739,0.000507210727303818,0.0521769063019451,-0.73640720415525,-0.662326237989766,-0.627221969137634,-0.592977160277262,-0.529688732163453,10582.2931951413,1.00017286067225
"log_lik_catch[608]",-0.628787444682739,0.000507210727303818,0.0521769063019451,-0.73640720415525,-0.662326237989766,-0.627221969137634,-0.592977160277262,-0.529688732163453,10582.2931951413,1.00017286067225
"log_lik_catch[609]",-1.52961165805596,0.0003647039668483,0.0362022801242675,-1.60613516062946,-1.55247421154636,-1.52781421920685,-1.50401612614277,-1.46405169905628,9853.50802893352,1.0003133968495
"log_lik_catch[610]",-0.371954156133888,0.000341098489999111,0.0349202250129185,-0.445159758972882,-0.394251757718818,-0.370520612814227,-0.348169728105625,-0.306400459614716,10480.8009563534,1.00021671223988
"log_lik_catch[611]",-2.173838549533,0.000597871117162841,0.0619497671656925,-2.30833218680674,-2.21299634270424,-2.16984884082141,-2.13106328040181,-2.06434213260694,10736.5366295749,1.00003381109804
"log_lik_catch[612]",-0.628787444682739,0.000507210727303818,0.0521769063019451,-0.73640720415525,-0.662326237989766,-0.627221969137634,-0.592977160277262,-0.529688732163453,10582.2931951413,1.00017286067225
"log_lik_catch[613]",-0.371954156133888,0.000341098489999111,0.0349202250129185,-0.445159758972882,-0.394251757718818,-0.370520612814227,-0.348169728105625,-0.306400459614716,10480.8009563534,1.00021671223988
"log_lik_catch[614]",-0.984663204757088,0.00068644923866288,0.0710391217622675,-1.12873054743447,-1.03044513362391,-0.98290600305976,-0.936228178261725,-0.84872841097276,10709.7248216173,1.00010121586651
"log_lik_catch[615]",-2.59125051319726,0.000310991438927373,0.0320577839205564,-2.65444282154151,-2.61268960520392,-2.59051158223745,-2.56908023648749,-2.52966560750599,10626.0077177975,0.999787235089978
"log_lik_catch[616]",-1.44560566651699,0.000210698691432282,0.0217814621973337,-1.48916766330511,-1.46019751644028,-1.44500038254096,-1.43040675247337,-1.40418165519936,10686.8665120163,0.999792563903119
"log_lik_catch[617]",-0.984663204757088,0.00068644923866288,0.0710391217622675,-1.12873054743447,-1.03044513362391,-0.98290600305976,-0.936228178261725,-0.84872841097276,10709.7248216173,1.00010121586651
"log_lik_catch[618]",-0.628787444682739,0.000507210727303818,0.0521769063019451,-0.73640720415525,-0.662326237989766,-0.627221969137634,-0.592977160277262,-0.529688732163453,10582.2931951413,1.00017286067225
"log_lik_catch[619]",-1.98597477253659,0.000268498470724289,0.0277150101615286,-2.04103189336667,-2.00450777385479,-1.98531244032231,-1.9667628929475,-1.93295602256547,10654.8281985649,0.99978942911776
"log_lik_catch[620]",-1.98597477253659,0.000268498470724289,0.0277150101615286,-2.04103189336667,-2.00450777385479,-1.98531244032231,-1.9667628929475,-1.93295602256547,10654.8281985649,0.99978942911776
"log_lik_catch[621]",-0.825347316422219,0.000611423854748322,0.06311225086296,-0.955185970071694,-0.866166801972083,-0.823719694908322,-0.782025225178537,-0.704368928524723,10654.7332467164,1.00013431166719
"log_lik_catch[622]",-0.371954156133888,0.000341098489999111,0.0349202250129185,-0.445159758972882,-0.394251757718818,-0.370520612814227,-0.348169728105625,-0.306400459614716,10480.8009563534,1.00021671223988
"log_lik_catch[623]",-0.371954156133888,0.000341098489999111,0.0349202250129185,-0.445159758972882,-0.394251757718818,-0.370520612814227,-0.348169728105625,-0.306400459614716,10480.8009563534,1.00021671223988
"log_lik_catch[624]",-0.628787444682739,0.000507210727303818,0.0521769063019451,-0.73640720415525,-0.662326237989766,-0.627221969137634,-0.592977160277262,-0.529688732163453,10582.2931951413,1.00017286067225
"log_lik_catch[625]",-0.836972871907655,0.000609865071547889,0.0628916616416673,-0.965024670666954,-0.879095080925774,-0.834437820209717,-0.794039756280259,-0.719991220114689,10634.5377332263,1.00002243391739
"log_lik_catch[626]",-1.4727430091113,0.000280207955950845,0.0277969436889932,-1.53094666095975,-1.49083359902237,-1.47133204610103,-1.45353974279538,-1.42116733884853,9840.86265232508,1.00025935240357
"log_lik_catch[627]",-0.518592524240704,0.000436401244178394,0.0447346196251207,-0.611490942204205,-0.548028595983145,-0.517285498757626,-0.487828737118413,-0.436452054374807,10507.8904806463,1.0000927851987
"log_lik_catch[628]",-1.5241652512522,0.000898912607937191,0.0936759439839453,-1.7103510701429,-1.58612572007136,-1.52087408786706,-1.45986334396902,-1.34713683378618,10859.7846406916,0.999876932270953
"log_lik_catch[629]",-1.4727430091113,0.000280207955950845,0.0277969436889932,-1.53094666095975,-1.49083359902237,-1.47133204610103,-1.45353974279538,-1.42116733884853,9840.86265232508,1.00025935240357
"log_lik_catch[630]",-2.13603537994532,0.000478631780233911,0.0477681102798925,-2.23624940576972,-2.16721634726141,-2.13411458694699,-2.10299261413722,-2.04826337252902,9960.31465783994,1.00029418193032
"log_lik_catch[631]",-0.518592524240704,0.000436401244178394,0.0447346196251207,-0.611490942204205,-0.548028595983145,-0.517285498757626,-0.487828737118413,-0.436452054374807,10507.8904806463,1.0000927851987
"log_lik_catch[632]",-2.03964417638668,0.000681453906781528,0.0695405089418669,-2.18194999449832,-2.08619483775676,-2.0382291609864,-1.99163176247199,-1.90902884922052,10413.6447525867,1.00010259042941
"log_lik_catch[633]",-1.4727430091113,0.000280207955950845,0.0277969436889932,-1.53094666095975,-1.49083359902237,-1.47133204610103,-1.45353974279538,-1.42116733884853,9840.86265232508,1.00025935240357
"log_lik_catch[634]",-3.01016934051712,0.000425199125883095,0.0444318678532149,-3.10427840727364,-3.03843205335685,-3.00756951254139,-2.97899898510603,-2.93079082972259,10919.5418079382,0.999677444101659
"log_lik_catch[635]",-1.98550151913056,0.000273920484683123,0.0277384289825934,-2.04109120076193,-2.00409249313951,-1.98500569937153,-1.96624955957155,-1.93294455827547,10254.5049206198,0.999972408387769
"log_lik_catch[636]",-1.44560566651699,0.000210698691432282,0.0217814621973337,-1.48916766330511,-1.46019751644028,-1.44500038254096,-1.43040675247337,-1.40418165519936,10686.8665120163,0.999792563903119
"log_lik_catch[637]",-0.628787444682739,0.000507210727303818,0.0521769063019451,-0.73640720415525,-0.662326237989766,-0.627221969137634,-0.592977160277262,-0.529688732163453,10582.2931951413,1.00017286067225
"log_lik_catch[638]",-2.4146883349084,0.000468678322673394,0.0487651610246936,-2.5210772859275,-2.44427648072198,-2.41123115904225,-2.38098318867971,-2.32911022462121,10826.0390995655,0.999901398694902
"log_lik_catch[639]",-1.52961165805596,0.0003647039668483,0.0362022801242675,-1.60613516062946,-1.55247421154636,-1.52781421920685,-1.50401612614277,-1.46405169905628,9853.50802893352,1.0003133968495
"log_lik_catch[640]",-0.628787444682739,0.000507210727303818,0.0521769063019451,-0.73640720415525,-0.662326237989766,-0.627221969137634,-0.592977160277262,-0.529688732163453,10582.2931951413,1.00017286067225
"log_lik_catch[641]",-1.66906806858884,0.000493018298925933,0.0496387367876676,-1.77289167234546,-1.70078068024181,-1.66709558201691,-1.63477552683067,-1.57620542109911,10137.1381273879,1.00030921568328
"log_lik_catch[642]",-2.55273596718755,0.000704698771030423,0.0728512883286687,-2.71247321926919,-2.59831726759271,-2.54766806343575,-2.50207881537432,-2.42480477090882,10687.2863194821,1.00005071608667
"log_lik_catch[643]",-2.55273596718755,0.000704698771030423,0.0728512883286687,-2.71247321926919,-2.59831726759271,-2.54766806343575,-2.50207881537432,-2.42480477090882,10687.2863194821,1.00005071608667
"log_lik_catch[644]",-3.06706269457762,0.00111177442101386,0.114212834352536,-3.31325149069293,-3.13879402595106,-3.05987838806802,-2.98803844377686,-2.86265865108528,10553.4987464751,1.0001442666672
"log_lik_catch[645]",-0.371954156133888,0.000341098489999111,0.0349202250129185,-0.445159758972882,-0.394251757718818,-0.370520612814227,-0.348169728105625,-0.306400459614716,10480.8009563534,1.00021671223988
"log_lik_catch[646]",-1.98597477253659,0.000268498470724289,0.0277150101615286,-2.04103189336667,-2.00450777385479,-1.98531244032231,-1.9667628929475,-1.93295602256547,10654.8281985649,0.99978942911776
"log_lik_catch[647]",-0.371954156133888,0.000341098489999111,0.0349202250129185,-0.445159758972882,-0.394251757718818,-0.370520612814227,-0.348169728105625,-0.306400459614716,10480.8009563534,1.00021671223988
"log_lik_catch[648]",-2.02490123127774,0.000350622131323429,0.036611192215035,-2.1025074550934,-2.04739815806639,-2.0225606312479,-1.99970121004614,-1.95909541927691,10903.0773326319,0.999818665000466
"log_lik_catch[649]",-0.628787444682739,0.000507210727303818,0.0521769063019451,-0.73640720415525,-0.662326237989766,-0.627221969137634,-0.592977160277262,-0.529688732163453,10582.2931951413,1.00017286067225
"log_lik_catch[650]",-0.628787444682739,0.000507210727303818,0.0521769063019451,-0.73640720415525,-0.662326237989766,-0.627221969137634,-0.592977160277262,-0.529688732163453,10582.2931951413,1.00017286067225
"log_lik_catch[651]",-2.01992780749672,0.000334011522519497,0.0350131042513992,-2.09451492330305,-2.04249133439167,-2.01816239706522,-1.9953899013635,-1.95688464681506,10988.4980540548,0.999680676208487
"log_lik_catch[652]",-4.3283170577427,0.00184012317867185,0.188405019734142,-4.72921381986624,-4.44749604333232,-4.3154115665338,-4.1938543720447,-3.99148723781431,10483.1342519149,1.0000750723498
"log_lik_catch[653]",-0.836972871907655,0.000609865071547889,0.0628916616416673,-0.965024670666954,-0.879095080925774,-0.834437820209717,-0.794039756280259,-0.719991220114689,10634.5377332263,1.00002243391739
"log_lik_catch[654]",-4.03623138186041,0.00191425639589899,0.195875466190628,-4.44517333189506,-4.16231122223873,-4.02584485720894,-3.89722756518386,-3.67879851560719,10470.3180116774,1.00009418753063
"log_lik_catch[655]",-1.24856789186536,0.00078916394222514,0.0819382253665652,-1.41554044168699,-1.30340096293569,-1.24572557318377,-1.19221700523834,-1.09439764972365,10780.4934513964,0.999931242756206
"log_lik_catch[656]",-2.5394630537733,0.000671666741200963,0.0696912016963421,-2.68654386787785,-2.58320668102441,-2.535525444714,-2.48993392537291,-2.41625420885988,10765.8473714154,0.999890887074054
"log_lik_catch[657]",-2.01936594550885,0.000346396397421009,0.0344191796794741,-2.09062813271633,-2.04199614024771,-2.01784462918429,-1.99564799500029,-1.95468366067233,9873.11732008927,1.00025549009751
"log_lik_catch[658]",-2.01936594550885,0.000346396397421009,0.0344191796794741,-2.09062813271633,-2.04199614024771,-2.01784462918429,-1.99564799500029,-1.95468366067233,9873.11732008927,1.00025549009751
"log_lik_catch[659]",-1.06759220571491,0.000714033671351145,0.0739281277095049,-1.2180279506233,-1.11678561486979,-1.06530347076333,-1.01677393388762,-0.928129422660885,10719.6851744349,0.999970481341947
"log_lik_catch[660]",-1.24856789186536,0.00078916394222514,0.0819382253665652,-1.41554044168699,-1.30340096293569,-1.24572557318377,-1.19221700523834,-1.09439764972365,10780.4934513964,0.999931242756206
"log_lik_catch[661]",-1.06759220571491,0.000714033671351145,0.0739281277095049,-1.2180279506233,-1.11678561486979,-1.06530347076333,-1.01677393388762,-0.928129422660885,10719.6851744349,0.999970481341947
"log_lik_catch[662]",-2.9247129339316,0.000591554401146769,0.0615610297185384,-3.05612222286962,-2.96300142418646,-2.92042441253365,-2.88103315903438,-2.8184172081182,10829.8482552231,0.999808031225065
"log_lik_catch[663]",-0.825347316422219,0.000611423854748322,0.06311225086296,-0.955185970071694,-0.866166801972083,-0.823719694908322,-0.782025225178537,-0.704368928524723,10654.7332467164,1.00013431166719
"log_lik_catch[664]",-0.371954156133888,0.000341098489999111,0.0349202250129185,-0.445159758972882,-0.394251757718818,-0.370520612814227,-0.348169728105625,-0.306400459614716,10480.8009563534,1.00021671223988
"log_lik_catch[665]",-0.371954156133888,0.000341098489999111,0.0349202250129185,-0.445159758972882,-0.394251757718818,-0.370520612814227,-0.348169728105625,-0.306400459614716,10480.8009563534,1.00021671223988
"log_lik_catch[666]",-0.628787444682739,0.000507210727303818,0.0521769063019451,-0.73640720415525,-0.662326237989766,-0.627221969137634,-0.592977160277262,-0.529688732163453,10582.2931951413,1.00017286067225
"log_lik_catch[667]",-1.59898767714684,0.000436802981501039,0.0436968886673889,-1.69082319646228,-1.62668215726567,-1.59759103044174,-1.5688374972223,-1.5180766985324,10007.5977814564,1.00032121853812
"log_lik_catch[668]",-0.371954156133888,0.000341098489999111,0.0349202250129185,-0.445159758972882,-0.394251757718818,-0.370520612814227,-0.348169728105625,-0.306400459614716,10480.8009563534,1.00021671223988
"log_lik_catch[669]",-0.628787444682739,0.000507210727303818,0.0521769063019451,-0.73640720415525,-0.662326237989766,-0.627221969137634,-0.592977160277262,-0.529688732163453,10582.2931951413,1.00017286067225
"log_lik_catch[670]",-0.825347316422219,0.000611423854748322,0.06311225086296,-0.955185970071694,-0.866166801972083,-0.823719694908322,-0.782025225178537,-0.704368928524723,10654.7332467164,1.00013431166719
"log_lik_catch[671]",-0.628787444682739,0.000507210727303818,0.0521769063019451,-0.73640720415525,-0.662326237989766,-0.627221969137634,-0.592977160277262,-0.529688732163453,10582.2931951413,1.00017286067225
"log_lik_catch[672]",-0.628787444682739,0.000507210727303818,0.0521769063019451,-0.73640720415525,-0.662326237989766,-0.627221969137634,-0.592977160277262,-0.529688732163453,10582.2931951413,1.00017286067225
"log_lik_catch[673]",-4.82558400451998,0.00256791072484062,0.261889024856794,-5.38634224792403,-4.9916206921489,-4.80934032899614,-4.64584280357441,-4.34857293005837,10400.9918217303,1.00022720023381
"log_lik_catch[674]",-2.63893395764852,0.000419756674612259,0.0437008807051486,-2.73364445711861,-2.66544234566571,-2.63588363880659,-2.60893867221465,-2.56097761613822,10838.8987030452,0.99982698166238
"log_lik_catch[675]",-2.82989388876045,0.000775396467527533,0.0800444561650501,-3.00733859813657,-2.87956590648544,-2.82371467522283,-2.77439389761687,-2.69069922327001,10656.5071403797,1.0000606533904
"log_lik_catch[676]",-0.984663204757088,0.00068644923866288,0.0710391217622675,-1.12873054743447,-1.03044513362391,-0.98290600305976,-0.936228178261725,-0.84872841097276,10709.7248216173,1.00010121586651
"log_lik_catch[677]",-0.371954156133888,0.000341098489999111,0.0349202250129185,-0.445159758972882,-0.394251757718818,-0.370520612814227,-0.348169728105625,-0.306400459614716,10480.8009563534,1.00021671223988
"log_lik_catch[678]",-1.98597477253659,0.000268498470724289,0.0277150101615286,-2.04103189336667,-2.00450777385479,-1.98531244032231,-1.9667628929475,-1.93295602256547,10654.8281985649,0.99978942911776
"log_lik_catch[679]",-0.518592524240704,0.000436401244178394,0.0447346196251207,-0.611490942204205,-0.548028595983145,-0.517285498757626,-0.487828737118413,-0.436452054374807,10507.8904806463,1.0000927851987
"log_lik_catch[680]",-2.59411695012688,0.000313847139183681,0.032505738429079,-2.65948104478836,-2.6156949375056,-2.59398909217002,-2.57164486044795,-2.53184051369893,10727.1344529315,0.999722580439388
"log_lik_catch[681]",-1.4727430091113,0.000280207955950845,0.0277969436889932,-1.53094666095975,-1.49083359902237,-1.47133204610103,-1.45353974279538,-1.42116733884853,9840.86265232508,1.00025935240357
"log_lik_catch[682]",-1.06759220571491,0.000714033671351145,0.0739281277095049,-1.2180279506233,-1.11678561486979,-1.06530347076333,-1.01677393388762,-0.928129422660885,10719.6851744349,0.999970481341947
"log_lik_catch[683]",-0.518592524240704,0.000436401244178394,0.0447346196251207,-0.611490942204205,-0.548028595983145,-0.517285498757626,-0.487828737118413,-0.436452054374807,10507.8904806463,1.0000927851987
"log_lik_catch[684]",-3.21135575598138,0.000819446642810093,0.0847873662109878,-3.39437574181895,-3.26368251073379,-3.20499709210266,-3.15056860736644,-3.063435905582,10705.8444477402,0.999910463855142
"log_lik_catch[685]",-1.47050686307351,0.0002544490785806,0.0267314404269692,-1.52727568228112,-1.48789842083449,-1.46930674353383,-1.45171702584729,-1.42207173033195,11036.7945374183,0.99968630360887
"log_lik_catch[686]",-1.4727430091113,0.000280207955950845,0.0277969436889932,-1.53094666095975,-1.49083359902237,-1.47133204610103,-1.45353974279538,-1.42116733884853,9840.86265232508,1.00025935240357
"log_lik_catch[687]",-0.836972871907655,0.000609865071547889,0.0628916616416673,-0.965024670666954,-0.879095080925774,-0.834437820209717,-0.794039756280259,-0.719991220114689,10634.5377332263,1.00002243391739
"log_lik_catch[688]",-0.836972871907655,0.000609865071547889,0.0628916616416673,-0.965024670666954,-0.879095080925774,-0.834437820209717,-0.794039756280259,-0.719991220114689,10634.5377332263,1.00002243391739
"log_lik_catch[689]",-1.67825958809622,0.000498355583769837,0.0500431446347583,-1.7822701102163,-1.71116510677895,-1.67604368638523,-1.64371527649484,-1.58665538700464,10083.4819983944,1.00025225066458
"log_lik_catch[690]",-0.836972871907655,0.000609865071547889,0.0628916616416673,-0.965024670666954,-0.879095080925774,-0.834437820209717,-0.794039756280259,-0.719991220114689,10634.5377332263,1.00002243391739
"log_lik_catch[691]",-1.24856789186536,0.00078916394222514,0.0819382253665652,-1.41554044168699,-1.30340096293569,-1.24572557318377,-1.19221700523834,-1.09439764972365,10780.4934513964,0.999931242756206
"log_lik_catch[692]",-1.47050686307351,0.0002544490785806,0.0267314404269692,-1.52727568228112,-1.48789842083449,-1.46930674353383,-1.45171702584729,-1.42207173033195,11036.7945374183,0.99968630360887
"log_lik_catch[693]",-2.5394630537733,0.000671666741200963,0.0696912016963421,-2.68654386787785,-2.58320668102441,-2.535525444714,-2.48993392537291,-2.41625420885988,10765.8473714154,0.999890887074054
"log_lik_catch[694]",-0.518592524240704,0.000436401244178394,0.0447346196251207,-0.611490942204205,-0.548028595983145,-0.517285498757626,-0.487828737118413,-0.436452054374807,10507.8904806463,1.0000927851987
"log_lik_catch[695]",-2.01936594550885,0.000346396397421009,0.0344191796794741,-2.09062813271633,-2.04199614024771,-2.01784462918429,-1.99564799500029,-1.95468366067233,9873.11732008927,1.00025549009751
"log_lik_catch[696]",-0.518592524240704,0.000436401244178394,0.0447346196251207,-0.611490942204205,-0.548028595983145,-0.517285498757626,-0.487828737118413,-0.436452054374807,10507.8904806463,1.0000927851987
"log_lik_catch[697]",-1.4727430091113,0.000280207955950845,0.0277969436889932,-1.53094666095975,-1.49083359902237,-1.47133204610103,-1.45353974279538,-1.42116733884853,9840.86265232508,1.00025935240357
"log_lik_catch[698]",-0.518592524240704,0.000436401244178394,0.0447346196251207,-0.611490942204205,-0.548028595983145,-0.517285498757626,-0.487828737118413,-0.436452054374807,10507.8904806463,1.0000927851987
"log_lik_catch[699]",-4.80585077931666,0.00264901497540732,0.270258624776409,-5.35627803574822,-4.98125426978604,-4.79818683108487,-4.61755628548217,-4.29655863250267,10408.5515652551,1.00013893361987
"log_lik_catch[700]",-1.44560566651699,0.000210698691432282,0.0217814621973337,-1.48916766330511,-1.46019751644028,-1.44500038254096,-1.43040675247337,-1.40418165519936,10686.8665120163,0.999792563903119
"log_lik_catch[701]",-0.628787444682739,0.000507210727303818,0.0521769063019451,-0.73640720415525,-0.662326237989766,-0.627221969137634,-0.592977160277262,-0.529688732163453,10582.2931951413,1.00017286067225
"log_lik_catch[702]",-1.1186431988036,0.000745189105461675,0.0772731945048652,-1.27470774590887,-1.16875702754294,-1.11660512675661,-1.06637613008447,-0.970363874003233,10752.8785129528,1.00007287524787
"log_lik_catch[703]",-1.98597477253659,0.000268498470724289,0.0277150101615286,-2.04103189336667,-2.00450777385479,-1.98531244032231,-1.9667628929475,-1.93295602256547,10654.8281985649,0.99978942911776
"log_lik_catch[704]",-2.82989388876045,0.000775396467527533,0.0800444561650501,-3.00733859813657,-2.87956590648544,-2.82371467522283,-2.77439389761687,-2.69069922327001,10656.5071403797,1.0000606533904
"log_lik_catch[705]",-1.4694169432591,0.000274375671199517,0.0271081370702684,-1.52590640255674,-1.48664432287418,-1.46803087110944,-1.45072348212014,-1.42015612891921,9761.31091222284,1.00021062253383
"log_lik_catch[706]",-2.4432627615281,0.000464566164953162,0.0461954400319605,-2.5388927389944,-2.47298560308443,-2.44159736817859,-2.41093245839941,-2.35780805113619,9887.87719667482,1.00030939004708
"log_lik_catch[707]",-2.87442188044019,0.00111094676700956,0.1141099848695,-3.11715349781524,-2.94675132410349,-2.86843178664814,-2.79592249736894,-2.66631896065987,10550.2025275935,1.00015630153126
"log_lik_catch[708]",-0.836972871907655,0.000609865071547889,0.0628916616416673,-0.965024670666954,-0.879095080925774,-0.834437820209717,-0.794039756280259,-0.719991220114689,10634.5377332263,1.00002243391739
"log_lik_catch[709]",-1.4727430091113,0.000280207955950845,0.0277969436889932,-1.53094666095975,-1.49083359902237,-1.47133204610103,-1.45353974279538,-1.42116733884853,9840.86265232508,1.00025935240357
"log_lik_catch[710]",-1.24856789186536,0.00078916394222514,0.0819382253665652,-1.41554044168699,-1.30340096293569,-1.24572557318377,-1.19221700523834,-1.09439764972365,10780.4934513964,0.999931242756206
"log_lik_catch[711]",-4.60303344710625,0.00210776043993602,0.215552105199469,-5.05689109468197,-4.7396084473128,-4.58944873062864,-4.44897130123234,-4.21737643231936,10458.3227280941,1.00009234694068
"log_lik_catch[712]",-3.04549029153014,0.00106731125850511,0.109924607235612,-3.27779702681158,-3.11584488841481,-3.03831703061509,-2.96693183322715,-2.84808756083376,10607.3686806691,1.00000280625538
"log_lik_catch[713]",-3.04549029153014,0.00106731125850511,0.109924607235612,-3.27779702681158,-3.11584488841481,-3.03831703061509,-2.96693183322715,-2.84808756083376,10607.3686806691,1.00000280625538
"log_lik_catch[714]",-0.518592524240704,0.000436401244178394,0.0447346196251207,-0.611490942204205,-0.548028595983145,-0.517285498757626,-0.487828737118413,-0.436452054374807,10507.8904806463,1.0000927851987
"log_lik_catch[715]",-0.836972871907655,0.000609865071547889,0.0628916616416673,-0.965024670666954,-0.879095080925774,-0.834437820209717,-0.794039756280259,-0.719991220114689,10634.5377332263,1.00002243391739
"log_lik_catch[716]",-4.80585077931666,0.00264901497540732,0.270258624776409,-5.35627803574822,-4.98125426978604,-4.79818683108487,-4.61755628548217,-4.29655863250267,10408.5515652551,1.00013893361987
"log_lik_catch[717]",-2.33383586308808,0.000779968266338671,0.0805987260778372,-2.5008477883115,-2.38591134424042,-2.32925982941452,-2.2768399344905,-2.18798564798478,10678.3091043633,0.999972868076084
"log_lik_catch[718]",-2.13603537994532,0.000478631780233911,0.0477681102798925,-2.23624940576972,-2.16721634726141,-2.13411458694699,-2.10299261413722,-2.04826337252902,9960.31465783994,1.00029418193032
"log_lik_catch[719]",-2.5394630537733,0.000671666741200963,0.0696912016963421,-2.68654386787785,-2.58320668102441,-2.535525444714,-2.48993392537291,-2.41625420885988,10765.8473714154,0.999890887074054
"log_lik_catch[720]",-0.836972871907655,0.000609865071547889,0.0628916616416673,-0.965024670666954,-0.879095080925774,-0.834437820209717,-0.794039756280259,-0.719991220114689,10634.5377332263,1.00002243391739
"log_lik_catch[721]",-1.5241652512522,0.000898912607937191,0.0936759439839453,-1.7103510701429,-1.58612572007136,-1.52087408786706,-1.45986334396902,-1.34713683378618,10859.7846406916,0.999876932270953
"log_lik_catch[722]",-1.5241652512522,0.000898912607937191,0.0936759439839453,-1.7103510701429,-1.58612572007136,-1.52087408786706,-1.45986334396902,-1.34713683378618,10859.7846406916,0.999876932270953
"log_lik_catch[723]",-1.4727430091113,0.000280207955950845,0.0277969436889932,-1.53094666095975,-1.49083359902237,-1.47133204610103,-1.45353974279538,-1.42116733884853,9840.86265232508,1.00025935240357
"log_lik_catch[724]",-1.73168019616216,0.000981214416985663,0.102476786570976,-1.93512122589192,-1.79859891739379,-1.7284544230251,-1.66080616434167,-1.53677288027346,10907.4481118395,0.999841862651874
"log_lik_catch[725]",-1.24856789186536,0.00078916394222514,0.0819382253665652,-1.41554044168699,-1.30340096293569,-1.24572557318377,-1.19221700523834,-1.09439764972365,10780.4934513964,0.999931242756206
"log_lik_catch[726]",-2.01936594550885,0.000346396397421009,0.0344191796794741,-2.09062813271633,-2.04199614024771,-2.01784462918429,-1.99564799500029,-1.95468366067233,9873.11732008927,1.00025549009751
"log_lik_catch[727]",-1.4727430091113,0.000280207955950845,0.0277969436889932,-1.53094666095975,-1.49083359902237,-1.47133204610103,-1.45353974279538,-1.42116733884853,9840.86265232508,1.00025935240357
"log_lik_catch[728]",-1.4727430091113,0.000280207955950845,0.0277969436889932,-1.53094666095975,-1.49083359902237,-1.47133204610103,-1.45353974279538,-1.42116733884853,9840.86265232508,1.00025935240357
"log_lik_catch[729]",-1.47050686307351,0.0002544490785806,0.0267314404269692,-1.52727568228112,-1.48789842083449,-1.46930674353383,-1.45171702584729,-1.42207173033195,11036.7945374183,0.99968630360887
"log_lik_catch[730]",-1.4727430091113,0.000280207955950845,0.0277969436889932,-1.53094666095975,-1.49083359902237,-1.47133204610103,-1.45353974279538,-1.42116733884853,9840.86265232508,1.00025935240357
"log_lik_catch[731]",-0.836972871907655,0.000609865071547889,0.0628916616416673,-0.965024670666954,-0.879095080925774,-0.834437820209717,-0.794039756280259,-0.719991220114689,10634.5377332263,1.00002243391739
"log_lik_catch[732]",-3.41418230940117,0.000717150853849266,0.0743819412086272,-3.57405815047864,-3.45957201334063,-3.40884849858227,-3.3612515662232,-3.28652068290887,10757.5649530676,0.999854223769939
"log_lik_catch[733]",-1.47050686307351,0.0002544490785806,0.0267314404269692,-1.52727568228112,-1.48789842083449,-1.46930674353383,-1.45171702584729,-1.42207173033195,11036.7945374183,0.99968630360887
"log_lik_catch[734]",-4.03623138186041,0.00191425639589899,0.195875466190628,-4.44517333189506,-4.16231122223873,-4.02584485720894,-3.89722756518386,-3.67879851560719,10470.3180116774,1.00009418753063
"log_lik_catch[735]",-1.57083953183185,0.000409213292179016,0.0408004770691446,-1.65738978496455,-1.59707412433637,-1.56884649481299,-1.54236612580085,-1.49699205767096,9941.02161589658,1.00029691123634
"log_lik_catch[736]",-3.04549029153014,0.00106731125850511,0.109924607235612,-3.27779702681158,-3.11584488841481,-3.03831703061509,-2.96693183322715,-2.84808756083376,10607.3686806691,1.00000280625538
"log_lik_catch[737]",-3.23709203216338,0.00111305638407602,0.114341609315277,-3.48540862778751,-3.30828891875318,-3.22900957327386,-3.15788048641276,-3.03427376006495,10552.9594906337,1.00013623752859
"log_lik_catch[738]",-1.44560566651699,0.000210698691432282,0.0217814621973337,-1.48916766330511,-1.46019751644028,-1.44500038254096,-1.43040675247337,-1.40418165519936,10686.8665120163,0.999792563903119
"log_lik_catch[739]",-4.9143344624191,0.00278151535578632,0.283539273351161,-5.51045333242017,-5.09768148900736,-4.90206726700854,-4.72034823581083,-4.38500355364412,10391.1477565589,1.00023861046217
"log_lik_catch[740]",-0.825347316422219,0.000611423854748322,0.06311225086296,-0.955185970071694,-0.866166801972083,-0.823719694908322,-0.782025225178537,-0.704368928524723,10654.7332467164,1.00013431166719
"log_lik_catch[741]",-0.628787444682739,0.000507210727303818,0.0521769063019451,-0.73640720415525,-0.662326237989766,-0.627221969137634,-0.592977160277262,-0.529688732163453,10582.2931951413,1.00017286067225
"log_lik_catch[742]",-0.984663204757088,0.00068644923866288,0.0710391217622675,-1.12873054743447,-1.03044513362391,-0.98290600305976,-0.936228178261725,-0.84872841097276,10709.7248216173,1.00010121586651
"log_lik_catch[743]",-0.371954156133888,0.000341098489999111,0.0349202250129185,-0.445159758972882,-0.394251757718818,-0.370520612814227,-0.348169728105625,-0.306400459614716,10480.8009563534,1.00021671223988
"log_lik_catch[744]",-2.82989388876045,0.000775396467527533,0.0800444561650501,-3.00733859813657,-2.87956590648544,-2.82371467522283,-2.77439389761687,-2.69069922327001,10656.5071403797,1.0000606533904
"log_lik_catch[745]",-4.0371256846193,0.00182711266443488,0.186776589216816,-4.44440340940718,-4.1546965727643,-4.02591462799576,-3.90859452775763,-3.69994010118885,10449.9502999323,1.00020077428775
"log_lik_catch[746]",-2.4146883349084,0.000468678322673394,0.0487651610246936,-2.5210772859275,-2.44427648072198,-2.41123115904225,-2.38098318867971,-2.32911022462121,10826.0390995655,0.999901398694902
"log_lik_catch[747]",-0.371954156133888,0.000341098489999111,0.0349202250129185,-0.445159758972882,-0.394251757718818,-0.370520612814227,-0.348169728105625,-0.306400459614716,10480.8009563534,1.00021671223988
"log_lik_catch[748]",-2.02490123127774,0.000350622131323429,0.036611192215035,-2.1025074550934,-2.04739815806639,-2.0225606312479,-1.99970121004614,-1.95909541927691,10903.0773326319,0.999818665000466
"log_lik_catch[749]",-0.371954156133888,0.000341098489999111,0.0349202250129185,-0.445159758972882,-0.394251757718818,-0.370520612814227,-0.348169728105625,-0.306400459614716,10480.8009563534,1.00021671223988
"log_lik_catch[750]",-0.825347316422219,0.000611423854748322,0.06311225086296,-0.955185970071694,-0.866166801972083,-0.823719694908322,-0.782025225178537,-0.704368928524723,10654.7332467164,1.00013431166719
"log_lik_catch[751]",-1.98597477253659,0.000268498470724289,0.0277150101615286,-2.04103189336667,-2.00450777385479,-1.98531244032231,-1.9667628929475,-1.93295602256547,10654.8281985649,0.99978942911776
"log_lik_catch[752]",-0.989318347921074,0.000597852734765128,0.0592408459063414,-1.11121639191378,-1.02786152182836,-0.987867400092412,-0.948305959205651,-0.876943443327789,9818.70161135039,0.999671480833722
"log_lik_catch[753]",-1.58937367946974,0.00086040231077258,0.0850347858136658,-1.76058539219666,-1.64472532158375,-1.58746677096723,-1.53062667222229,-1.42850065595328,9767.65042204503,0.999747820633901
"log_lik_catch[754]",-0.989318347921074,0.000597852734765128,0.0592408459063414,-1.11121639191378,-1.02786152182836,-0.987867400092412,-0.948305959205651,-0.876943443327789,9818.70161135039,0.999671480833722
"log_lik_catch[755]",-1.53103212034764,0.000299969915670579,0.0310218465488915,-1.59497408776825,-1.55128426405035,-1.5298411701978,-1.50977356478262,-1.47280062272271,10694.9778262772,0.999605605188953
"log_lik_catch[756]",-1.98416055395598,0.000265924076492332,0.0271530793403769,-2.03806550366022,-2.00247439701725,-1.98407826005716,-1.96562901645284,-1.93212788664593,10426.123329517,0.999823311949297
"log_lik_catch[757]",-2.40963943545548,0.000419476700513065,0.0413796783438399,-2.49608218734056,-2.43681998778933,-2.40816148728821,-2.38120594779855,-2.33329443867706,9731.02378950438,0.999716155264561
"log_lik_catch[758]",-2.98564261259154,0.000366383287202108,0.0365542454829385,-3.05929283513113,-3.01006967937678,-2.98505483947557,-2.96096074935856,-2.91610559371723,9954.15361089159,0.999791839835884
"log_lik_catch[759]",-1.44424333184787,0.000208997929903074,0.0213773458827315,-1.48711113611985,-1.45864320302339,-1.4440655190049,-1.42956683010226,-1.40357504591318,10462.214003898,0.999827417473217
"log_lik_catch[760]",-3.62423866921135,0.00116914164601143,0.118703124063254,-3.87399563881129,-3.69984749949836,-3.6185284775473,-3.54151212258129,-3.40815933218648,10308.3709026641,0.999577037797353
"log_lik_catch[761]",-1.44424333184787,0.000208997929903074,0.0213773458827315,-1.48711113611985,-1.45864320302339,-1.4440655190049,-1.42956683010226,-1.40357504591318,10462.214003898,0.999827417473217
"log_lik_catch[762]",-1.53103212034764,0.000299969915670579,0.0310218465488915,-1.59497408776825,-1.55128426405035,-1.5298411701978,-1.50977356478262,-1.47280062272271,10694.9778262772,0.999605605188953
"log_lik_catch[763]",-2.40963943545548,0.000419476700513065,0.0413796783438399,-2.49608218734056,-2.43681998778933,-2.40816148728821,-2.38120594779855,-2.33329443867706,9731.02378950438,0.999716155264561
"log_lik_catch[764]",-1.98416055395598,0.000265924076492332,0.0271530793403769,-2.03806550366022,-2.00247439701725,-1.98407826005716,-1.96562901645284,-1.93212788664593,10426.123329517,0.999823311949297
"log_lik_catch[765]",-0.632160500905506,0.000425250442595953,0.042653376977906,-0.71952809328542,-0.660147312528298,-0.63079999313491,-0.602687003498159,-0.550782959278626,10060.4473729551,0.99962548739683
"log_lik_catch[766]",-0.632160500905506,0.000425250442595953,0.042653376977906,-0.71952809328542,-0.660147312528298,-0.63079999313491,-0.602687003498159,-0.550782959278626,10060.4473729551,0.99962548739683
"log_lik_catch[767]",-0.632160500905506,0.000425250442595953,0.042653376977906,-0.71952809328542,-0.660147312528298,-0.63079999313491,-0.602687003498159,-0.550782959278626,10060.4473729551,0.99962548739683
"log_lik_catch[768]",-0.989318347921074,0.000597852734765128,0.0592408459063414,-1.11121639191378,-1.02786152182836,-0.987867400092412,-0.948305959205651,-0.876943443327789,9818.70161135039,0.999671480833722
"log_lik_catch[769]",-0.632160500905506,0.000425250442595953,0.042653376977906,-0.71952809328542,-0.660147312528298,-0.63079999313491,-0.602687003498159,-0.550782959278626,10060.4473729551,0.99962548739683
"log_lik_catch[770]",-0.989318347921074,0.000597852734765128,0.0592408459063414,-1.11121639191378,-1.02786152182836,-0.987867400092412,-0.948305959205651,-0.876943443327789,9818.70161135039,0.999671480833722
"log_lik_catch[771]",-1.80523519603765,0.000464329056290994,0.0471719430331768,-1.90182549973021,-1.83575545111467,-1.8039796256614,-1.77320504402741,-1.71524317296027,10320.8581256757,0.999570295577484
"log_lik_catch[772]",-0.632160500905506,0.000425250442595953,0.042653376977906,-0.71952809328542,-0.660147312528298,-0.63079999313491,-0.602687003498159,-0.550782959278626,10060.4473729551,0.99962548739683
"log_lik_catch[773]",-0.632160500905506,0.000425250442595953,0.042653376977906,-0.71952809328542,-0.660147312528298,-0.63079999313491,-0.602687003498159,-0.550782959278626,10060.4473729551,0.99962548739683
"log_lik_catch[774]",-1.44424333184787,0.000208997929903074,0.0213773458827315,-1.48711113611985,-1.45864320302339,-1.4440655190049,-1.42956683010226,-1.40357504591318,10462.214003898,0.999827417473217
"log_lik_catch[775]",-0.632160500905506,0.000425250442595953,0.042653376977906,-0.71952809328542,-0.660147312528298,-0.63079999313491,-0.602687003498159,-0.550782959278626,10060.4473729551,0.99962548739683
"log_lik_catch[776]",-1.2395804580369,0.000709846869210988,0.0699863803338032,-1.38285897991478,-1.28528394480271,-1.23740435748351,-1.19102492959618,-1.10655941946293,9720.70408607291,0.999704918149361
"log_lik_catch[777]",-1.53103212034764,0.000299969915670579,0.0310218465488915,-1.59497408776825,-1.55128426405035,-1.5298411701978,-1.50977356478262,-1.47280062272271,10694.9778262772,0.999605605188953
"log_lik_catch[778]",-2.3903690729199,0.000344862536864983,0.0358630258203346,-2.46316245674191,-2.41370139230714,-2.38954159707914,-2.36544986037941,-2.32260388651065,10814.3848461976,0.999656653186504
"log_lik_catch[779]",-1.53103212034764,0.000299969915670579,0.0310218465488915,-1.59497408776825,-1.55128426405035,-1.5298411701978,-1.50977356478262,-1.47280062272271,10694.9778262772,0.999605605188953
"log_lik_catch[780]",-0.989318347921074,0.000597852734765128,0.0592408459063414,-1.11121639191378,-1.02786152182836,-0.987867400092412,-0.948305959205651,-0.876943443327789,9818.70161135039,0.999671480833722
"log_lik_catch[781]",-0.989318347921074,0.000597852734765128,0.0592408459063414,-1.11121639191378,-1.02786152182836,-0.987867400092412,-0.948305959205651,-0.876943443327789,9818.70161135039,0.999671480833722
"log_lik_catch[782]",-1.98416055395598,0.000265924076492332,0.0271530793403769,-2.03806550366022,-2.00247439701725,-1.98407826005716,-1.96562901645284,-1.93212788664593,10426.123329517,0.999823311949297
"log_lik_catch[783]",-0.989318347921074,0.000597852734765128,0.0592408459063414,-1.11121639191378,-1.02786152182836,-0.987867400092412,-0.948305959205651,-0.876943443327789,9818.70161135039,0.999671480833722
"log_lik_catch[784]",-2.82412367330958,0.000372875254024276,0.0371076434265073,-2.89949418358602,-2.8488629678372,-2.8230999086479,-2.798790919673,-2.75409881564836,9903.74899815127,0.99977894127337
"log_lik_catch[785]",-1.43243471694766,0.0007926883808251,0.0782268205415559,-1.59079134909916,-1.48309913583342,-1.43025629338209,-1.37822860772093,-1.28511561252715,9738.82077312977,0.999729401792329
"log_lik_catch[786]",-1.2395804580369,0.000709846869210988,0.0699863803338032,-1.38285897991478,-1.28528394480271,-1.23740435748351,-1.19102492959618,-1.10655941946293,9720.70408607291,0.999704918149361
"log_lik_catch[787]",-0.989318347921074,0.000597852734765128,0.0592408459063414,-1.11121639191378,-1.02786152182836,-0.987867400092412,-0.948305959205651,-0.876943443327789,9818.70161135039,0.999671480833722
"log_lik_catch[788]",-2.82161030843523,0.000642415386452557,0.0642915859603422,-2.95917346442502,-2.86335156789879,-2.81856601443427,-2.77712056336751,-2.70370427031185,10015.5870518674,0.999626915726666
"log_lik_catch[789]",-0.757664232196268,0.000504036880428064,0.0502613513295976,-0.861798203584709,-0.790250347037847,-0.757147223052389,-0.72268418932242,-0.66463725938936,9943.60105621196,0.999759835082606
"log_lik_catch[790]",-0.976558835230771,0.000607511743480574,0.0604321164638443,-1.10029815391592,-1.01597029885509,-0.975916625951172,-0.934278602552018,-0.863886573901463,9895.2382202484,0.999790453802966
"log_lik_catch[791]",-2.082570475313,0.000355090775537362,0.0370059151255054,-2.15775235479047,-2.10695228672634,-2.08153739891788,-2.05692065472795,-2.01435887111975,10860.8425044419,0.999632868421223
"log_lik_catch[792]",-1.45272175148579,0.000219320652789135,0.0226722411223472,-1.49931727658205,-1.4679588278975,-1.45230699300619,-1.4368377714108,-1.4103360096587,10686.3610627151,0.99975935136985
"log_lik_catch[793]",-2.63801656031953,0.000706043389736536,0.0711346732648155,-2.7845288854997,-2.68422752365586,-2.63404330710842,-2.58880608356168,-2.50591881767342,10150.7913149821,0.999767574620662
"log_lik_catch[794]",-1.41729235783234,0.000798038872773898,0.0796653460873871,-1.58076951996553,-1.46868557829105,-1.41647718196912,-1.36176356743915,-1.26682543497193,9965.30972624338,0.999843391939941
"log_lik_catch[795]",-0.757664232196268,0.000504036880428064,0.0502613513295976,-0.861798203584709,-0.790250347037847,-0.757147223052389,-0.72268418932242,-0.66463725938936,9943.60105621196,0.999759835082606
"log_lik_catch[796]",-0.757664232196268,0.000504036880428064,0.0502613513295976,-0.861798203584709,-0.790250347037847,-0.757147223052389,-0.72268418932242,-0.66463725938936,9943.60105621196,0.999759835082606
"log_lik_catch[797]",-0.976558835230771,0.000607511743480574,0.0604321164638443,-1.10029815391592,-1.01597029885509,-0.975916625951172,-0.934278602552018,-0.863886573901463,9895.2382202484,0.999790453802966
"log_lik_catch[798]",-2.18918042419024,0.000422172053877176,0.0437655180826499,-2.27821711413396,-2.21837088413152,-2.18755318327856,-2.15919739406871,-2.10798002661884,10746.9489293522,0.999625955325515
"log_lik_catch[799]",-0.757664232196268,0.000504036880428064,0.0502613513295976,-0.861798203584709,-0.790250347037847,-0.757147223052389,-0.72268418932242,-0.66463725938936,9943.60105621196,0.999759835082606
"log_lik_catch[800]",-1.15025475335205,0.00068375384464992,0.0680892113384593,-1.28877820662012,-1.19492291526374,-1.149672505267,-1.102773771882,-1.02215376803528,9916.4686925966,0.999813078674567
"log_lik_catch[801]",-1.15025475335205,0.00068375384464992,0.0680892113384593,-1.28877820662012,-1.19492291526374,-1.149672505267,-1.102773771882,-1.02215376803528,9916.4686925966,0.999813078674567
"log_lik_catch[802]",-2.60103266737417,0.000317169706227933,0.032832244137528,-2.66752771648175,-2.62327241635514,-2.60074269334139,-2.57818105058105,-2.5387186798111,10715.6306821757,0.999755589749924
"log_lik_catch[803]",-0.757664232196268,0.000504036880428064,0.0502613513295976,-0.861798203584709,-0.790250347037847,-0.757147223052389,-0.72268418932242,-0.66463725938936,9943.60105621196,0.999759835082606
"log_lik_catch[804]",-0.757664232196268,0.000504036880428064,0.0502613513295976,-0.861798203584709,-0.790250347037847,-0.757147223052389,-0.72268418932242,-0.66463725938936,9943.60105621196,0.999759835082606
"log_lik_catch[805]",-2.1356414815708,0.000391020970909826,0.0406516844432991,-2.21846509910482,-2.16278528243705,-2.13401776466586,-2.10744916087895,-2.0601928951794,10808.2900782779,0.99962420650255
"log_lik_catch[806]",-0.46134424044313,0.000344262373119645,0.0344984982913373,-0.532661434868725,-0.483805144935263,-0.46051118716753,-0.43734697884199,-0.39752091706155,10042.0242368852,0.999717644043939
"log_lik_catch[807]",-2.082570475313,0.000355090775537362,0.0370059151255054,-2.15775235479047,-2.10695228672634,-2.08153739891788,-2.05692065472795,-2.01435887111975,10860.8425044419,0.999632868421223
"log_lik_catch[808]",-1.45272175148579,0.000219320652789135,0.0226722411223472,-1.49931727658205,-1.4679588278975,-1.45230699300619,-1.4368377714108,-1.4103360096587,10686.3610627151,0.99975935136985
"log_lik_catch[809]",-2.34495925010148,0.000317762464224664,0.0320701940195959,-2.40895421834195,-2.36655759901,-2.34450781134903,-2.3227456524933,-2.28358961624734,10185.8666256167,0.999940798995535
"log_lik_catch[810]",-1.2395804580369,0.000709846869210988,0.0699863803338032,-1.38285897991478,-1.28528394480271,-1.23740435748351,-1.19102492959618,-1.10655941946293,9720.70408607291,0.999704918149361
"log_lik_catch[811]",-0.632160500905506,0.000425250442595953,0.042653376977906,-0.71952809328542,-0.660147312528298,-0.63079999313491,-0.602687003498159,-0.550782959278626,10060.4473729551,0.99962548739683
"log_lik_catch[812]",-1.2395804580369,0.000709846869210988,0.0699863803338032,-1.38285897991478,-1.28528394480271,-1.23740435748351,-1.19102492959618,-1.10655941946293,9720.70408607291,0.999704918149361
"log_lik_catch[813]",-1.53103212034764,0.000299969915670579,0.0310218465488915,-1.59497408776825,-1.55128426405035,-1.5298411701978,-1.50977356478262,-1.47280062272271,10694.9778262772,0.999605605188953
"log_lik_catch[814]",-1.53103212034764,0.000299969915670579,0.0310218465488915,-1.59497408776825,-1.55128426405035,-1.5298411701978,-1.50977356478262,-1.47280062272271,10694.9778262772,0.999605605188953
"log_lik_catch[815]",-3.50303373777119,0.00074654142596226,0.0750390172291755,-3.6636595614338,-3.55105286681519,-3.49890222266713,-3.45073845929962,-3.36752286421445,10103.3744994569,0.999615786691855
"log_lik_catch[816]",-2.96297426523563,0.000324402830311446,0.0330537512092697,-3.02815023322548,-2.98536024320354,-2.96305643242239,-2.94050269646124,-2.89920286450586,10381.7899684786,0.999818872278288
"log_lik_catch[817]",-2.82161030843523,0.000642415386452557,0.0642915859603422,-2.95917346442502,-2.86335156789879,-2.81856601443427,-2.77712056336751,-2.70370427031185,10015.5870518674,0.999626915726666
"log_lik_catch[818]",-1.53103212034764,0.000299969915670579,0.0310218465488915,-1.59497408776825,-1.55128426405035,-1.5298411701978,-1.50977356478262,-1.47280062272271,10694.9778262772,0.999605605188953
"log_lik_catch[819]",-2.167740823972,0.000508711497326823,0.0505202624014397,-2.273422211543,-2.20050348055555,-2.16591272496323,-2.13304774606087,-2.07410986994475,9862.52435886991,0.999647014107462
"log_lik_catch[820]",-1.98416055395598,0.000265924076492332,0.0271530793403769,-2.03806550366022,-2.00247439701725,-1.98407826005716,-1.96562901645284,-1.93212788664593,10426.123329517,0.999823311949297
"log_lik_catch[821]",-1.53103212034764,0.000299969915670579,0.0310218465488915,-1.59497408776825,-1.55128426405035,-1.5298411701978,-1.50977356478262,-1.47280062272271,10694.9778262772,0.999605605188953
"log_lik_catch[822]",-0.632160500905506,0.000425250442595953,0.042653376977906,-0.71952809328542,-0.660147312528298,-0.63079999313491,-0.602687003498159,-0.550782959278626,10060.4473729551,0.99962548739683
"log_lik_catch[823]",-1.58937367946974,0.00086040231077258,0.0850347858136658,-1.76058539219666,-1.64472532158375,-1.58746677096723,-1.53062667222229,-1.42850065595328,9767.65042204503,0.999747820633901
"log_lik_catch[824]",-0.632160500905506,0.000425250442595953,0.042653376977906,-0.71952809328542,-0.660147312528298,-0.63079999313491,-0.602687003498159,-0.550782959278626,10060.4473729551,0.99962548739683
"log_lik_catch[825]",-1.58937367946974,0.00086040231077258,0.0850347858136658,-1.76058539219666,-1.64472532158375,-1.58746677096723,-1.53062667222229,-1.42850065595328,9767.65042204503,0.999747820633901
"log_lik_catch[826]",-0.632160500905506,0.000425250442595953,0.042653376977906,-0.71952809328542,-0.660147312528298,-0.63079999313491,-0.602687003498159,-0.550782959278626,10060.4473729551,0.99962548739683
"log_lik_catch[827]",-2.17133208944848,0.000408581781735074,0.0420597674131453,-2.25805499210845,-2.1982684654653,-2.17002803835978,-2.14272986291503,-2.09091824996997,10596.8243969361,0.999579758507725
"log_lik_catch[828]",-2.01570591127793,0.000297994487985829,0.0309909449417221,-2.07848905267511,-2.03614027625952,-2.01478952483802,-1.99440370365932,-1.95748066728965,10815.6637003156,0.999690060938614
"log_lik_catch[829]",-4.41122371543717,0.00174134247318646,0.177908265465734,-4.78776394922137,-4.52584604894787,-4.40375166651204,-4.28917539391033,-4.08371832722277,10438.1579643357,0.999569202599291
"log_lik_catch[830]",-1.67193585406653,0.000396494537154899,0.0405661523520688,-1.75579273117658,-1.69778439730348,-1.67031065815382,-1.64440736558096,-1.59545561020882,10467.7470298757,0.999567167978757
"log_lik_catch[831]",-2.58907350411553,0.00030755146997279,0.0313572839076491,-2.65110087903028,-2.61028765800603,-2.58910566147684,-2.56770867990492,-2.52873166584018,10395.4013631599,0.999820178392348
"log_lik_catch[832]",-0.989318347921074,0.000597852734765128,0.0592408459063414,-1.11121639191378,-1.02786152182836,-0.987867400092412,-0.948305959205651,-0.876943443327789,9818.70161135039,0.999671480833722
"log_lik_catch[833]",-1.53103212034764,0.000299969915670579,0.0310218465488915,-1.59497408776825,-1.55128426405035,-1.5298411701978,-1.50977356478262,-1.47280062272271,10694.9778262772,0.999605605188953
"log_lik_catch[834]",-2.34601592447235,0.000304882385835093,0.0316620148473936,-2.40963297225388,-2.36744189065713,-2.3454205840064,-2.32411593389955,-2.28554550422071,10784.808247255,0.999736015261561
"log_lik_catch[835]",-2.01570591127793,0.000297994487985829,0.0309909449417221,-2.07848905267511,-2.03614027625952,-2.01478952483802,-1.99440370365932,-1.95748066728965,10815.6637003156,0.999690060938614
"log_lik_catch[836]",-1.44424333184787,0.000208997929903074,0.0213773458827315,-1.48711113611985,-1.45864320302339,-1.4440655190049,-1.42956683010226,-1.40357504591318,10462.214003898,0.999827417473217
"log_lik_catch[837]",-4.05506078146584,0.00149932099426139,0.155324388213462,-4.37410619353546,-4.15668518084618,-4.0472805147684,-3.9466173006135,-3.7704835851648,10732.2321633264,0.999686741174442
"log_lik_catch[838]",-3.97051587877488,0.00131694489869719,0.135831971933238,-4.25339829961007,-4.05879314909631,-3.96243995811587,-3.87660091616568,-3.72369894858079,10638.2159609726,0.999701224649029
"log_lik_catch[839]",-1.29427193357513,0.000745554400577872,0.0743334520265661,-1.4469958857121,-1.34233298425043,-1.29336608146325,-1.24225903906265,-1.15383234234833,9940.53886676914,0.999830179720271
"log_lik_catch[840]",-1.61676299551696,0.000367019727705444,0.0379800924045233,-1.69477226970018,-1.64196332920912,-1.61512757582679,-1.59057025412257,-1.54707942334919,10708.6128245116,0.999624271402005
"log_lik_catch[841]",-3.24758728147482,0.000940004299942322,0.0956838438816741,-3.44528286385686,-3.31044966082235,-3.24210842767547,-3.18145144877318,-3.07245525781429,10361.3787002254,0.999735055593517
"log_lik_catch[842]",-1.61676299551696,0.000367019727705444,0.0379800924045233,-1.69477226970018,-1.64196332920912,-1.61512757582679,-1.59057025412257,-1.54707942334919,10708.6128245116,0.999624271402005
"log_lik_catch[843]",-1.45272175148579,0.000219320652789135,0.0226722411223472,-1.49931727658205,-1.4679588278975,-1.45230699300619,-1.4368377714108,-1.4103360096587,10686.3610627151,0.99975935136985
"log_lik_catch[844]",-4.2852136529093,0.00155041042676237,0.160703263549789,-4.61749333024237,-4.38979819692824,-4.27683671613672,-4.17267379469574,-3.99266518641927,10743.7534158513,0.999687470105578
"log_lik_catch[845]",-2.97806351685495,0.000354696196096502,0.035709159839226,-3.04931303330297,-3.00192306039298,-2.9774585968115,-2.9534450254561,-2.90968351641424,10135.5239141004,0.999942084610155
"log_lik_catch[846]",-1.98531025054538,0.00026995928694058,0.0273868451928951,-2.03976808377886,-2.00375089275175,-1.98510276913508,-1.96640218449742,-1.9327094482059,10291.7083169267,0.999914185763108
"log_lik_catch[847]",-0.757664232196268,0.000504036880428064,0.0502613513295976,-0.861798203584709,-0.790250347037847,-0.757147223052389,-0.72268418932242,-0.66463725938936,9943.60105621196,0.999759835082606
"log_lik_catch[848]",-1.45272175148579,0.000219320652789135,0.0226722411223472,-1.49931727658205,-1.4679588278975,-1.45230699300619,-1.4368377714108,-1.4103360096587,10686.3610627151,0.99975935136985
"log_lik_catch[849]",-1.29427193357513,0.000745554400577872,0.0743334520265661,-1.4469958857121,-1.34233298425043,-1.29336608146325,-1.24225903906265,-1.15383234234833,9940.53886676914,0.999830179720271
"log_lik_catch[850]",-1.98531025054538,0.00026995928694058,0.0273868451928951,-2.03976808377886,-2.00375089275175,-1.98510276913508,-1.96640218449742,-1.9327094482059,10291.7083169267,0.999914185763108
"log_lik_catch[851]",-0.757664232196268,0.000504036880428064,0.0502613513295976,-0.861798203584709,-0.790250347037847,-0.757147223052389,-0.72268418932242,-0.66463725938936,9943.60105621196,0.999759835082606
"log_lik_catch[852]",-0.46134424044313,0.000344262373119645,0.0344984982913373,-0.532661434868725,-0.483805144935263,-0.46051118716753,-0.43734697884199,-0.39752091706155,10042.0242368852,0.999717644043939
"log_lik_catch[853]",-0.757664232196268,0.000504036880428064,0.0502613513295976,-0.861798203584709,-0.790250347037847,-0.757147223052389,-0.72268418932242,-0.66463725938936,9943.60105621196,0.999759835082606
"log_lik_catch[854]",-2.83666921430434,0.000677787444473332,0.0680409767797896,-2.97880878319012,-2.88066455641306,-2.83221864019618,-2.78980524566885,-2.71183654243443,10077.5286163897,0.999788125764292
"log_lik_catch[855]",-2.05919393195708,0.00038692386953996,0.0386164033422378,-2.13961125875519,-2.08445146457078,-2.05740669206239,-2.03313297209245,-1.98613291859093,9960.76282188079,0.999888350796815
"log_lik_catch[856]",-0.757664232196268,0.000504036880428064,0.0502613513295976,-0.861798203584709,-0.790250347037847,-0.757147223052389,-0.72268418932242,-0.66463725938936,9943.60105621196,0.999759835082606
"log_lik_catch[857]",-0.757664232196268,0.000504036880428064,0.0502613513295976,-0.861798203584709,-0.790250347037847,-0.757147223052389,-0.72268418932242,-0.66463725938936,9943.60105621196,0.999759835082606
"log_lik_catch[858]",-0.757664232196268,0.000504036880428064,0.0502613513295976,-0.861798203584709,-0.790250347037847,-0.757147223052389,-0.72268418932242,-0.66463725938936,9943.60105621196,0.999759835082606
"log_lik_catch[859]",-1.15025475335205,0.00068375384464992,0.0680892113384593,-1.28877820662012,-1.19492291526374,-1.149672505267,-1.102773771882,-1.02215376803528,9916.4686925966,0.999813078674567
"log_lik_catch[860]",-3.20333118016224,0.00105518061596302,0.107956615580387,-3.42424596665546,-3.27504169533042,-3.19789265416323,-3.12928647996408,-3.00435320127723,10467.546845151,0.999712836701969
"log_lik_catch[861]",-1.61993572945067,0.000884945912333194,0.0885522302784071,-1.80322348528534,-1.67682101594041,-1.61855925592183,-1.55860045941741,-1.45274291664564,10013.0308113206,0.999862151956138
"log_lik_catch[862]",-4.31264703466426,0.00180080027503032,0.1870548728452,-4.69303566208655,-4.43688606032405,-4.30550454863458,-4.18138498095666,-3.96394570293613,10789.6400304957,0.999670280459962
"log_lik_catch[863]",-0.757664232196268,0.000504036880428064,0.0502613513295976,-0.861798203584709,-0.790250347037847,-0.757147223052389,-0.72268418932242,-0.66463725938936,9943.60105621196,0.999759835082606
"log_lik_catch[864]",-2.40186055004208,0.000354268227744433,0.0369836342770524,-2.47661258020768,-2.42650077280814,-2.40091862650975,-2.37647779485678,-2.33386934830539,10898.1997110546,0.999651614619031
"log_lik_catch[865]",-2.41774373668474,0.000437030051618874,0.0435499298283653,-2.50875380185667,-2.44633235660491,-2.41533530383141,-2.38852073078675,-2.33626768483915,9930.07014046539,0.999883122341652
"log_lik_catch[866]",-0.976558835230771,0.000607511743480574,0.0604321164638443,-1.10029815391592,-1.01597029885509,-0.975916625951172,-0.934278602552018,-0.863886573901463,9895.2382202484,0.999790453802966
"log_lik_catch[867]",-3.76063838955582,0.00142063543461045,0.146856575233725,-4.06077153404123,-3.85699054618904,-3.75434763935627,-3.65834154338358,-3.48886511597144,10686.1559071293,0.999685630583285
"log_lik_catch[868]",-3.76063838955582,0.00142063543461045,0.146856575233725,-4.06077153404123,-3.85699054618904,-3.75434763935627,-3.65834154338358,-3.48886511597144,10686.1559071293,0.999685630583285
"log_lik_catch[869]",-2.18918042419024,0.000422172053877176,0.0437655180826499,-2.27821711413396,-2.21837088413152,-2.18755318327856,-2.15919739406871,-2.10798002661884,10746.9489293522,0.999625955325515
"log_lik_catch[870]",-1.15025475335205,0.00068375384464992,0.0680892113384593,-1.28877820662012,-1.19492291526374,-1.149672505267,-1.102773771882,-1.02215376803528,9916.4686925966,0.999813078674567
"log_lik_catch[871]",-0.757664232196268,0.000504036880428064,0.0502613513295976,-0.861798203584709,-0.790250347037847,-0.757147223052389,-0.72268418932242,-0.66463725938936,9943.60105621196,0.999759835082606
"log_lik_catch[872]",-0.46134424044313,0.000344262373119645,0.0344984982913373,-0.532661434868725,-0.483805144935263,-0.46051118716753,-0.43734697884199,-0.39752091706155,10042.0242368852,0.999717644043939
"log_lik_catch[873]",-1.45272175148579,0.000219320652789135,0.0226722411223472,-1.49931727658205,-1.4679588278975,-1.45230699300619,-1.4368377714108,-1.4103360096587,10686.3610627151,0.99975935136985
"log_lik_catch[874]",-2.082570475313,0.000355090775537362,0.0370059151255054,-2.15775235479047,-2.10695228672634,-2.08153739891788,-2.05692065472795,-2.01435887111975,10860.8425044419,0.999632868421223
"log_lik_catch[875]",-0.757664232196268,0.000504036880428064,0.0502613513295976,-0.861798203584709,-0.790250347037847,-0.757147223052389,-0.72268418932242,-0.66463725938936,9943.60105621196,0.999759835082606
"log_lik_catch[876]",-0.757664232196268,0.000504036880428064,0.0502613513295976,-0.861798203584709,-0.790250347037847,-0.757147223052389,-0.72268418932242,-0.66463725938936,9943.60105621196,0.999759835082606
"log_lik_catch[877]",-4.31264703466426,0.00180080027503032,0.1870548728452,-4.69303566208655,-4.43688606032405,-4.30550454863458,-4.18138498095666,-3.96394570293613,10789.6400304957,0.999670280459962
"log_lik_catch[878]",-3.76063838955582,0.00142063543461045,0.146856575233725,-4.06077153404123,-3.85699054618904,-3.75434763935627,-3.65834154338358,-3.48886511597144,10686.1559071293,0.999685630583285
"log_lik_catch[879]",-2.68172459281957,0.000467860220354317,0.0465831606020642,-2.77884061439594,-2.71206019732948,-2.67900421239163,-2.65042657499359,-2.5951019489316,9913.46918290836,0.99987987246988
"log_lik_catch[880]",-0.757664232196268,0.000504036880428064,0.0502613513295976,-0.861798203584709,-0.790250347037847,-0.757147223052389,-0.72268418932242,-0.66463725938936,9943.60105621196,0.999759835082606
"log_lik_catch[881]",-3.01048252508854,0.000661304262326618,0.0662196050293761,-3.14918588611223,-3.05363511780445,-3.00556189225352,-2.96475488817917,-2.88988208135292,10026.9887650494,0.99980184202327
"log_lik_catch[882]",-0.757664232196268,0.000504036880428064,0.0502613513295976,-0.861798203584709,-0.790250347037847,-0.757147223052389,-0.72268418932242,-0.66463725938936,9943.60105621196,0.999759835082606
"log_lik_catch[883]",-3.65363575527654,0.0010900449733125,0.111592085572615,-3.88602652763868,-3.72693432155559,-3.64669365072016,-3.57639653158518,-3.45064241999606,10480.402342829,0.999721334174682
"log_lik_catch[884]",-4.4541010398657,0.00179434081827166,0.186414023266562,-4.83635836447149,-4.57708693217494,-4.44521439659988,-4.32308796741135,-4.10984296856759,10793.1269651176,0.999674764682959
"log_lik_catch[885]",-1.15025475335205,0.00068375384464992,0.0680892113384593,-1.28877820662012,-1.19492291526374,-1.149672505267,-1.102773771882,-1.02215376803528,9916.4686925966,0.999813078674567
"log_lik_catch[886]",-3.69191810080843,0.000747037560153477,0.0750356762434233,-3.84941700222966,-3.73972129541609,-3.68651019640257,-3.64008052617516,-3.55607005920521,10089.0604788892,0.999792652676545
"log_lik_catch[887]",-0.757664232196268,0.000504036880428064,0.0502613513295976,-0.861798203584709,-0.790250347037847,-0.757147223052389,-0.72268418932242,-0.66463725938936,9943.60105621196,0.999759835082606
"log_lik_catch[888]",-0.46134424044313,0.000344262373119645,0.0344984982913373,-0.532661434868725,-0.483805144935263,-0.46051118716753,-0.43734697884199,-0.39752091706155,10042.0242368852,0.999717644043939
"log_lik_catch[889]",-2.83666921430434,0.000677787444473332,0.0680409767797896,-2.97880878319012,-2.88066455641306,-2.83221864019618,-2.78980524566885,-2.71183654243443,10077.5286163897,0.999788125764292
"log_lik_catch[890]",-0.757664232196268,0.000504036880428064,0.0502613513295976,-0.861798203584709,-0.790250347037847,-0.757147223052389,-0.72268418932242,-0.66463725938936,9943.60105621196,0.999759835082606
"log_lik_catch[891]",-0.757664232196268,0.000504036880428064,0.0502613513295976,-0.861798203584709,-0.790250347037847,-0.757147223052389,-0.72268418932242,-0.66463725938936,9943.60105621196,0.999759835082606
"log_lik_catch[892]",-1.29427193357513,0.000745554400577872,0.0743334520265661,-1.4469958857121,-1.34233298425043,-1.29336608146325,-1.24225903906265,-1.15383234234833,9940.53886676914,0.999830179720271
"log_lik_catch[893]",-1.41729235783234,0.000798038872773898,0.0796653460873871,-1.58076951996553,-1.46868557829105,-1.41647718196912,-1.36176356743915,-1.26682543497193,9965.30972624338,0.999843391939941
"log_lik_catch[894]",-3.33945105178545,0.00052449901861098,0.0521542755549935,-3.44847739207303,-3.37310407570189,-3.33623706590744,-3.30419396281398,-3.2432168171136,9887.59056999971,0.999873934250649
"log_lik_catch[895]",-5.71995356862813,0.0025054097331222,0.261543330945018,-6.25846655561372,-5.89015858660293,-5.70958787025074,-5.53397949881641,-5.24473680815066,10897.5728381376,0.999663681121228
"log_lik_catch[896]",-0.757664232196268,0.000504036880428064,0.0502613513295976,-0.861798203584709,-0.790250347037847,-0.757147223052389,-0.72268418932242,-0.66463725938936,9943.60105621196,0.999759835082606
"log_lik_catch[897]",-1.52522721229719,0.00029667190769813,0.030844287448284,-1.58851149369855,-1.54549057017555,-1.52408340158716,-1.50372635888229,-1.46889906474131,10809.2767209493,0.999630550712793
"log_lik_catch[898]",-1.45272175148579,0.000219320652789135,0.0226722411223472,-1.49931727658205,-1.4679588278975,-1.45230699300619,-1.4368377714108,-1.4103360096587,10686.3610627151,0.99975935136985
"log_lik_catch[899]",-2.8296375594915,0.000386346055086048,0.0386221886968464,-2.90903094751956,-2.85468213192989,-2.82827996987415,-2.80331714699823,-2.75688175230522,9993.57321434004,0.999933757508537
"log_lik_catch[900]",-2.63801656031953,0.000706043389736536,0.0711346732648155,-2.7845288854997,-2.68422752365586,-2.63404330710842,-2.58880608356168,-2.50591881767342,10150.7913149821,0.999767574620662
"log_lik_catch[901]",-1.15025475335205,0.00068375384464992,0.0680892113384593,-1.28877820662012,-1.19492291526374,-1.149672505267,-1.102773771882,-1.02215376803528,9916.4686925966,0.999813078674567
"log_lik_catch[902]",-2.83666921430434,0.000677787444473332,0.0680409767797896,-2.97880878319012,-2.88066455641306,-2.83221864019618,-2.78980524566885,-2.71183654243443,10077.5286163897,0.999788125764292
"log_lik_catch[903]",-3.69237282088728,0.00100601724590246,0.102608294089173,-3.90657493384211,-3.75931476830504,-3.68565609638397,-3.62115950082041,-3.50649757347812,10402.8918392164,0.99973500543237
"log_lik_catch[904]",-0.46134424044313,0.000344262373119645,0.0344984982913373,-0.532661434868725,-0.483805144935263,-0.46051118716753,-0.43734697884199,-0.39752091706155,10042.0242368852,0.999717644043939
"log_lik_catch[905]",-3.0538752782185,0.000481569824074963,0.0474182150842901,-3.15321051938981,-3.08473865650991,-3.05212756025402,-3.02130432994528,-2.96724707321107,9695.53712030643,0.999702613747822
"log_lik_catch[906]",-3.62423866921135,0.00116914164601143,0.118703124063254,-3.87399563881129,-3.69984749949836,-3.6185284775473,-3.54151212258129,-3.40815933218648,10308.3709026641,0.999577037797353
"log_lik_catch[907]",-0.632160500905506,0.000425250442595953,0.042653376977906,-0.71952809328542,-0.660147312528298,-0.63079999313491,-0.602687003498159,-0.550782959278626,10060.4473729551,0.99962548739683
"log_lik_catch[908]",-1.53103212034764,0.000299969915670579,0.0310218465488915,-1.59497408776825,-1.55128426405035,-1.5298411701978,-1.50977356478262,-1.47280062272271,10694.9778262772,0.999605605188953
"log_lik_catch[909]",-2.92904399909701,0.000538516227731576,0.0531226010382926,-3.04159982946395,-2.96327402023233,-2.92660496303223,-2.89251570290801,-2.83200699726452,9731.08066378881,0.999668427876386
"log_lik_catch[910]",-4.41122371543717,0.00174134247318646,0.177908265465734,-4.78776394922137,-4.52584604894787,-4.40375166651204,-4.28917539391033,-4.08371832722277,10438.1579643357,0.999569202599291
"log_lik_catch[911]",-2.40963943545548,0.000419476700513065,0.0413796783438399,-2.49608218734056,-2.43681998778933,-2.40816148728821,-2.38120594779855,-2.33329443867706,9731.02378950438,0.999716155264561
"log_lik_catch[912]",-2.01570591127793,0.000297994487985829,0.0309909449417221,-2.07848905267511,-2.03614027625952,-2.01478952483802,-1.99440370365932,-1.95748066728965,10815.6637003156,0.999690060938614
"log_lik_catch[913]",-0.632160500905506,0.000425250442595953,0.042653376977906,-0.71952809328542,-0.660147312528298,-0.63079999313491,-0.602687003498159,-0.550782959278626,10060.4473729551,0.99962548739683
"log_lik_catch[914]",-3.94327171141636,0.00105698815473285,0.106982087728853,-4.1707201248419,-4.01092590455839,-3.93733128989179,-3.86832900068904,-3.75066040827662,10244.2907709863,0.999585782146652
"log_lik_catch[915]",-1.98416055395598,0.000265924076492332,0.0271530793403769,-2.03806550366022,-2.00247439701725,-1.98407826005716,-1.96562901645284,-1.93212788664593,10426.123329517,0.999823311949297
"log_lik_catch[916]",-3.62423866921135,0.00116914164601143,0.118703124063254,-3.87399563881129,-3.69984749949836,-3.6185284775473,-3.54151212258129,-3.40815933218648,10308.3709026641,0.999577037797353
"log_lik_catch[917]",-1.98416055395598,0.000265924076492332,0.0271530793403769,-2.03806550366022,-2.00247439701725,-1.98407826005716,-1.96562901645284,-1.93212788664593,10426.123329517,0.999823311949297
"log_lik_catch[918]",-3.22557377096586,0.000896660894004403,0.0906111368611302,-3.416338496508,-3.28336804363668,-3.22111158118658,-3.16256281617907,-3.0609423679408,10211.9034503714,0.999591391642839
"log_lik_catch[919]",-2.82161030843523,0.000642415386452557,0.0642915859603422,-2.95917346442502,-2.86335156789879,-2.81856601443427,-2.77712056336751,-2.70370427031185,10015.5870518674,0.999626915726666
"log_lik_catch[920]",-4.01913806167717,0.00145168909739977,0.147913425476072,-4.32996641060158,-4.11334758914212,-4.0125966383639,-3.91702944596601,-3.74826339172749,10381.6876764703,0.999571228613552
"log_lik_catch[921]",-1.98416055395598,0.000265924076492332,0.0271530793403769,-2.03806550366022,-2.00247439701725,-1.98407826005716,-1.96562901645284,-1.93212788664593,10426.123329517,0.999823311949297
"log_lik_catch[922]",-0.989318347921074,0.000597852734765128,0.0592408459063414,-1.11121639191378,-1.02786152182836,-0.987867400092412,-0.948305959205651,-0.876943443327789,9818.70161135039,0.999671480833722
"log_lik_catch[923]",-3.62423866921135,0.00116914164601143,0.118703124063254,-3.87399563881129,-3.69984749949836,-3.6185284775473,-3.54151212258129,-3.40815933218648,10308.3709026641,0.999577037797353
"log_lik_catch[924]",-3.22557377096586,0.000896660894004403,0.0906111368611302,-3.416338496508,-3.28336804363668,-3.22111158118658,-3.16256281617907,-3.0609423679408,10211.9034503714,0.999591391642839
"log_lik_catch[925]",-2.08945033630942,0.000358431894706897,0.0371239625475488,-2.16519646722126,-2.11383938480242,-2.08818691638569,-2.06409291224459,-2.01876205468985,10727.4217617436,0.999610312304576
"log_lik_catch[926]",-0.632160500905506,0.000425250442595953,0.042653376977906,-0.71952809328542,-0.660147312528298,-0.63079999313491,-0.602687003498159,-0.550782959278626,10060.4473729551,0.99962548739683
"log_lik_catch[927]",-1.53103212034764,0.000299969915670579,0.0310218465488915,-1.59497408776825,-1.55128426405035,-1.5298411701978,-1.50977356478262,-1.47280062272271,10694.9778262772,0.999605605188953
"log_lik_catch[928]",-0.632160500905506,0.000425250442595953,0.042653376977906,-0.71952809328542,-0.660147312528298,-0.63079999313491,-0.602687003498159,-0.550782959278626,10060.4473729551,0.99962548739683
"log_lik_catch[929]",-2.3903690729199,0.000344862536864983,0.0358630258203346,-2.46316245674191,-2.41370139230714,-2.38954159707914,-2.36544986037941,-2.32260388651065,10814.3848461976,0.999656653186504
"log_lik_catch[930]",-0.989318347921074,0.000597852734765128,0.0592408459063414,-1.11121639191378,-1.02786152182836,-0.987867400092412,-0.948305959205651,-0.876943443327789,9818.70161135039,0.999671480833722
"log_lik_catch[931]",-3.5432052691292,0.000656257530674025,0.0653909242939733,-3.6844027292554,-3.58479322676789,-3.53971520736115,-3.49800681603781,-3.42488557164534,9928.56199942243,0.999637478761896
"log_lik_catch[932]",-2.3318264163805,0.000292328451498846,0.0298219425672388,-2.39087943427865,-2.35202418726243,-2.33181619372399,-2.31150646642504,-2.27449736150992,10407.0990222682,0.999821338941491
"log_lik_catch[933]",-2.34601592447235,0.000304882385835093,0.0316620148473936,-2.40963297225388,-2.36744189065713,-2.3454205840064,-2.32411593389955,-2.28554550422071,10784.808247255,0.999736015261561
"log_lik_catch[934]",-3.72261148975342,0.000521194826910257,0.0512681505802142,-3.83106431402651,-3.75528949137637,-3.72051926854266,-3.6874151507368,-3.62910659666337,9675.98328458548,0.999694498446254
"log_lik_catch[935]",-0.989318347921074,0.000597852734765128,0.0592408459063414,-1.11121639191378,-1.02786152182836,-0.987867400092412,-0.948305959205651,-0.876943443327789,9818.70161135039,0.999671480833722
"log_lik_catch[936]",-0.989318347921074,0.000597852734765128,0.0592408459063414,-1.11121639191378,-1.02786152182836,-0.987867400092412,-0.948305959205651,-0.876943443327789,9818.70161135039,0.999671480833722
"log_lik_catch[937]",-1.98416055395598,0.000265924076492332,0.0271530793403769,-2.03806550366022,-2.00247439701725,-1.98407826005716,-1.96562901645284,-1.93212788664593,10426.123329517,0.999823311949297
"log_lik_catch[938]",-3.72402374883069,0.00089861424381769,0.0906605207999519,-3.91699904422121,-3.78129528661853,-3.71903251933123,-3.66063665220509,-3.56048835075633,10178.641596795,0.999596886595334
"log_lik_catch[939]",-2.82161030843523,0.000642415386452557,0.0642915859603422,-2.95917346442502,-2.86335156789879,-2.81856601443427,-2.77712056336751,-2.70370427031185,10015.5870518674,0.999626915726666
"log_lik_catch[940]",-2.34601592447235,0.000304882385835093,0.0316620148473936,-2.40963297225388,-2.36744189065713,-2.3454205840064,-2.32411593389955,-2.28554550422071,10784.808247255,0.999736015261561
"log_lik_catch[941]",-0.632160500905506,0.000425250442595953,0.042653376977906,-0.71952809328542,-0.660147312528298,-0.63079999313491,-0.602687003498159,-0.550782959278626,10060.4473729551,0.99962548739683
"log_lik_catch[942]",-0.632160500905506,0.000425250442595953,0.042653376977906,-0.71952809328542,-0.660147312528298,-0.63079999313491,-0.602687003498159,-0.550782959278626,10060.4473729551,0.99962548739683
"log_lik_catch[943]",-1.67193585406653,0.000396494537154899,0.0405661523520688,-1.75579273117658,-1.69778439730348,-1.67031065815382,-1.64440736558096,-1.59545561020882,10467.7470298757,0.999567167978757
"log_lik_catch[944]",-0.989318347921074,0.000597852734765128,0.0592408459063414,-1.11121639191378,-1.02786152182836,-0.987867400092412,-0.948305959205651,-0.876943443327789,9818.70161135039,0.999671480833722
"log_lik_catch[945]",-1.2395804580369,0.000709846869210988,0.0699863803338032,-1.38285897991478,-1.28528394480271,-1.23740435748351,-1.19102492959618,-1.10655941946293,9720.70408607291,0.999704918149361
"log_lik_catch[946]",-2.01570591127793,0.000297994487985829,0.0309909449417221,-2.07848905267511,-2.03614027625952,-2.01478952483802,-1.99440370365932,-1.95748066728965,10815.6637003156,0.999690060938614
"log_lik_catch[947]",-2.40963943545548,0.000419476700513065,0.0413796783438399,-2.49608218734056,-2.43681998778933,-2.40816148728821,-2.38120594779855,-2.33329443867706,9731.02378950438,0.999716155264561
"log_lik_catch[948]",-4.37773812506158,0.00138664878070061,0.141051193049667,-4.6791687725482,-4.4665797966676,-4.37028580553846,-4.27923510623512,-4.12295058414831,10347.1460585967,0.999575367693995
"log_lik_catch[949]",-2.86358876398729,0.000896216830686013,0.0907302769439043,-3.05162717880498,-2.92244587625247,-2.8602962182184,-2.80062859136652,-2.69490943198033,10248.9242172862,0.999584769898315
"log_lik_catch[950]",-2.92904399909701,0.000538516227731576,0.0531226010382926,-3.04159982946395,-2.96327402023233,-2.92660496303223,-2.89251570290801,-2.83200699726452,9731.08066378881,0.999668427876386
"log_lik_catch[951]",-2.08945033630942,0.000358431894706897,0.0371239625475488,-2.16519646722126,-2.11383938480242,-2.08818691638569,-2.06409291224459,-2.01876205468985,10727.4217617436,0.999610312304576
"log_lik_catch[952]",-2.3318264163805,0.000292328451498846,0.0298219425672388,-2.39087943427865,-2.35202418726243,-2.33181619372399,-2.31150646642504,-2.27449736150992,10407.0990222682,0.999821338941491
"log_lik_catch[953]",-1.98416055395598,0.000265924076492332,0.0271530793403769,-2.03806550366022,-2.00247439701725,-1.98407826005716,-1.96562901645284,-1.93212788664593,10426.123329517,0.999823311949297
"log_lik_catch[954]",-1.06526692942506,0.000631841018010588,0.0651326486567316,-1.19673835026552,-1.10805592787983,-1.06374792370666,-1.02114632670917,-0.941519608306389,10626.2944657898,0.999832177309305
"log_lik_catch[955]",-2.58906191702564,0.000308021276250775,0.031249700200895,-2.65073026197439,-2.61008984375709,-2.58905702789425,-2.56754971786782,-2.52830438832232,10292.7228432942,1.000010977776
"log_lik_catch[956]",-1.06526692942506,0.000631841018010588,0.0651326486567316,-1.19673835026552,-1.10805592787983,-1.06374792370666,-1.02114632670917,-0.941519608306389,10626.2944657898,0.999832177309305
"log_lik_catch[957]",-1.56904826407743,0.000331974707428573,0.0342690941357894,-1.6401612694294,-1.59114511813559,-1.56769399393937,-1.5454715912214,-1.50535304039166,10656.0256043557,1.00008701061721
"log_lik_catch[958]",-1.72814793974529,0.000436590472491954,0.0445014139479538,-1.81846460122624,-1.75716259733743,-1.72653763976298,-1.69794398465491,-1.64387060754199,10389.6068059697,1.00000897256238
"log_lik_catch[959]",-2.37179070363688,0.00036499498956654,0.0370423696730234,-2.44824273317428,-2.39591687314261,-2.37053712815581,-2.34601010909219,-2.30246881021574,10299.6796623147,0.999752957265084
"log_lik_catch[960]",-2.13405389438241,0.000389117628339917,0.0402304429012522,-2.21676624501368,-2.16026201149429,-2.1328509592336,-2.10653881210396,-2.05842622212614,10689.2642906671,1.00007569925373
"log_lik_catch[961]",-0.690733004659673,0.000459408008609047,0.0473924190689926,-0.786145595003887,-0.72170816268631,-0.689236639217426,-0.658571506130459,-0.600543455307908,10641.9357054782,0.999865626319685
"log_lik_catch[962]",-2.36831190996389,0.00032391496314324,0.0336302360445215,-2.43565539299876,-2.39100597262156,-2.36741723302818,-2.34526106808991,-2.30486254806648,10779.479973195,1.00010745897037
"log_lik_catch[963]",-4.19926595732013,0.00120256560897003,0.123156813451162,-4.46127506553277,-4.27614513942671,-4.19208292257831,-4.11462772766417,-3.98205947181915,10488.1605677161,0.99978063666727
"log_lik_catch[964]",-1.98424425991157,0.000266913469730229,0.0270938328575342,-2.03799653424682,-2.00242932505112,-1.98412331025115,-1.96552558095241,-1.93188098433195,10303.8591349501,1.00001448370895
"log_lik_catch[965]",-1.87214632669209,0.000506765738304064,0.0515863018973957,-1.97536581929346,-1.90532725060632,-1.87047303767227,-1.83731425506738,-1.77460343448952,10362.2555974454,0.999961256622502
"log_lik_catch[966]",-2.33185394936628,0.000293013431876976,0.0297334314967201,-2.39055523238708,-2.35184076467349,-2.33180176464406,-2.31136088439303,-2.27417074035302,10297.1018579232,1.00001222184209
"log_lik_catch[967]",-1.06526692942506,0.000631841018010588,0.0651326486567316,-1.19673835026552,-1.10805592787983,-1.06374792370666,-1.02114632670917,-0.941519608306389,10626.2944657898,0.999832177309305
"log_lik_catch[968]",-1.06526692942506,0.000631841018010588,0.0651326486567316,-1.19673835026552,-1.10805592787983,-1.06374792370666,-1.02114632670917,-0.941519608306389,10626.2944657898,0.999832177309305
"log_lik_catch[969]",-1.72814793974529,0.000436590472491954,0.0445014139479538,-1.81846460122624,-1.75716259733743,-1.72653763976298,-1.69794398465491,-1.64387060754199,10389.6068059697,1.00000897256238
"log_lik_catch[970]",-1.72814793974529,0.000436590472491954,0.0445014139479538,-1.81846460122624,-1.75716259733743,-1.72653763976298,-1.69794398465491,-1.64387060754199,10389.6068059697,1.00000897256238
"log_lik_catch[971]",-1.72814793974529,0.000436590472491954,0.0445014139479538,-1.81846460122624,-1.75716259733743,-1.72653763976298,-1.69794398465491,-1.64387060754199,10389.6068059697,1.00000897256238
"log_lik_catch[972]",-1.32388482006215,0.000742450994205711,0.0765860275387011,-1.47805242599909,-1.37446422960103,-1.32185296726339,-1.27139014861461,-1.17920973450414,10640.5358886379,0.99981723249515
"log_lik_catch[973]",-2.74692066855374,0.000806908131843266,0.0831551732214487,-2.9201458602012,-2.79991841695543,-2.74378571687597,-2.69001941885515,-2.59657942167792,10620.1429065134,0.999779899748163
"log_lik_catch[974]",-1.06526692942506,0.000631841018010588,0.0651326486567316,-1.19673835026552,-1.10805592787983,-1.06374792370666,-1.02114632670917,-0.941519608306389,10626.2944657898,0.999832177309305
"log_lik_catch[975]",-1.06526692942506,0.000631841018010588,0.0651326486567316,-1.19673835026552,-1.10805592787983,-1.06374792370666,-1.02114632670917,-0.941519608306389,10626.2944657898,0.999832177309305
"log_lik_catch[976]",-0.508587353749857,0.000391812850208453,0.0410704084213132,-0.592994095378368,-0.535938748851158,-0.507618502766072,-0.479728192487781,-0.431416586127612,10987.5456547223,0.999674703548128
"log_lik_catch[977]",-0.508587353749857,0.000391812850208453,0.0410704084213132,-0.592994095378368,-0.535938748851158,-0.507618502766072,-0.479728192487781,-0.431416586127612,10987.5456547223,0.999674703548128
"log_lik_catch[978]",-2.02487973304954,0.000347353885974551,0.0359168651755905,-2.0995285873059,-2.04791350357746,-2.02308951774847,-1.99990571564693,-1.95934492720411,10691.8418241022,0.999792009287009
"log_lik_catch[979]",-0.823365414412719,0.000559864838048734,0.0587373616471149,-0.942841547441377,-0.862515925877318,-0.822424158227246,-0.782573768333978,-0.712907542411622,11006.8357213755,0.999682653186975
"log_lik_catch[980]",-3.51731399030782,0.000996647845178963,0.104923352501881,-3.74197237608125,-3.58560311124233,-3.50959286662039,-3.44273091784278,-3.33108382056252,11083.0898261827,0.99965889770706
"log_lik_catch[981]",-1.05212471561153,0.000667087359148512,0.0698758380804868,-1.19332634079247,-1.09883256755189,-1.05119714296228,-1.00413642484756,-0.920355080801945,10972.0717083423,0.999693350848411
"log_lik_catch[982]",-1.23196420360872,0.000746771293669309,0.0781405482955788,-1.3903286040466,-1.28381731725264,-1.23049447918707,-1.17861174833579,-1.08458234874263,10949.0812455957,0.999703565146083
"log_lik_catch[983]",-1.23196420360872,0.000746771293669309,0.0781405482955788,-1.3903286040466,-1.28381731725264,-1.23049447918707,-1.17861174833579,-1.08458234874263,10949.0812455957,0.999703565146083
"log_lik_catch[984]",-0.823365414412719,0.000559864838048734,0.0587373616471149,-0.942841547441377,-0.862515925877318,-0.822424158227246,-0.782573768333978,-0.712907542411622,11006.8357213755,0.999682653186975
"log_lik_catch[985]",-1.5624101128414,0.000351822507497014,0.0361164489732775,-1.63843200931379,-1.58611171969429,-1.56071381080034,-1.53702365298157,-1.49628433369659,10538.1129053182,0.999816553763012
"log_lik_catch[986]",-1.5624101128414,0.000351822507497014,0.0361164489732775,-1.63843200931379,-1.58611171969429,-1.56071381080034,-1.53702365298157,-1.49628433369659,10538.1129053182,0.999816553763012
"log_lik_catch[987]",-0.508587353749857,0.000391812850208453,0.0410704084213132,-0.592994095378368,-0.535938748851158,-0.507618502766072,-0.479728192487781,-0.431416586127612,10987.5456547223,0.999674703548128
"log_lik_catch[988]",-0.508587353749857,0.000391812850208453,0.0410704084213132,-0.592994095378368,-0.535938748851158,-0.507618502766072,-0.479728192487781,-0.431416586127612,10987.5456547223,0.999674703548128
"log_lik_catch[989]",-1.5624101128414,0.000351822507497014,0.0361164489732775,-1.63843200931379,-1.58611171969429,-1.56071381080034,-1.53702365298157,-1.49628433369659,10538.1129053182,0.999816553763012
"log_lik_catch[990]",-2.01410071619877,0.000309974218959699,0.0313387857687015,-2.07813800572166,-2.03427989952443,-2.01325068608992,-1.99228720377367,-1.95665855374402,10221.4658592837,0.999952883264226
"log_lik_catch[991]",-0.508587353749857,0.000391812850208453,0.0410704084213132,-0.592994095378368,-0.535938748851158,-0.507618502766072,-0.479728192487781,-0.431416586127612,10987.5456547223,0.999674703548128
"log_lik_catch[992]",-0.823365414412719,0.000559864838048734,0.0587373616471149,-0.942841547441377,-0.862515925877318,-0.822424158227246,-0.782573768333978,-0.712907542411622,11006.8357213755,0.999682653186975
"log_lik_catch[993]",-0.508587353749857,0.000391812850208453,0.0410704084213132,-0.592994095378368,-0.535938748851158,-0.507618502766072,-0.479728192487781,-0.431416586127612,10987.5456547223,0.999674703548128
"log_lik_catch[994]",-1.5624101128414,0.000351822507497014,0.0361164489732775,-1.63843200931379,-1.58611171969429,-1.56071381080034,-1.53702365298157,-1.49628433369659,10538.1129053182,0.999816553763012
"log_lik_catch[995]",-1.66732512931286,0.000430332820593534,0.0445484605986946,-1.75947149444625,-1.69690711829734,-1.66591950431652,-1.63592070843566,-1.58525291665417,10716.5862203226,0.999759584777258
"log_lik_catch[996]",-1.86055332392934,0.000536279517258796,0.0559213375365823,-1.97523922513177,-1.89745642169617,-1.85941404169603,-1.82146733903377,-1.75641893984858,10873.5831848109,0.999721207837414
"log_lik_catch[997]",-0.508587353749857,0.000391812850208453,0.0410704084213132,-0.592994095378368,-0.535938748851158,-0.507618502766072,-0.479728192487781,-0.431416586127612,10987.5456547223,0.999674703548128
"log_lik_catch[998]",-2.01410071619877,0.000309974218959699,0.0313387857687015,-2.07813800572166,-2.03427989952443,-2.01325068608992,-1.99228720377367,-1.95665855374402,10221.4658592837,0.999952883264226
"log_lik_catch[999]",-2.02487973304954,0.000347353885974551,0.0359168651755905,-2.0995285873059,-2.04791350357746,-2.02308951774847,-1.99990571564693,-1.95934492720411,10691.8418241022,0.999792009287009
"log_lik_catch[1000]",-1.80009638629496,0.000992976896503421,0.103728080530119,-2.00746583550948,-1.8686442199756,-1.79850185279118,-1.72909916083343,-1.60420417993913,10912.2522079986,0.999738931505629
"log_lik_catch[1001]",-2.02487973304954,0.000347353885974551,0.0359168651755905,-2.0995285873059,-2.04791350357746,-2.02308951774847,-1.99990571564693,-1.95934492720411,10691.8418241022,0.999792009287009
"log_lik_catch[1002]",-2.63884477723317,0.000413785437216399,0.0426306326989044,-2.72869422335811,-2.66566395750661,-2.63653077925256,-2.60915700700978,-2.56161790025917,10614.3438504576,0.99979038107836
"log_lik_catch[1003]",-2.02487973304954,0.000347353885974551,0.0359168651755905,-2.0995285873059,-2.04791350357746,-2.02308951774847,-1.99990571564693,-1.95934492720411,10691.8418241022,0.999792009287009
"log_lik_catch[1004]",-0.823365414412719,0.000559864838048734,0.0587373616471149,-0.942841547441377,-0.862515925877318,-0.822424158227246,-0.782573768333978,-0.712907542411622,11006.8357213755,0.999682653186975
"log_lik_catch[1005]",-1.5062436739127,0.000865379733291805,0.0904492722071413,-1.68993771144366,-1.56637771043106,-1.50448505301185,-1.44424633342122,-1.33533381441875,10924.3778570567,0.999720601244149
"log_lik_catch[1006]",-2.40075230036739,0.00037392137753648,0.0381039176877112,-2.47855427627791,-2.42547523699903,-2.39948679404548,-2.37444484219689,-2.33035143728271,10384.3345359439,0.99988894538604
"log_lik_catch[1007]",-0.823365414412719,0.000559864838048734,0.0587373616471149,-0.942841547441377,-0.862515925877318,-0.822424158227246,-0.782573768333978,-0.712907542411622,11006.8357213755,0.999682653186975
"log_lik_catch[1008]",-2.2467381592474,0.00048720031587268,0.0504879472240841,-2.35013673862426,-2.28062650329782,-2.24534488090554,-2.21137096526115,-2.15241100565936,10738.9125049977,0.999761160011443
"log_lik_catch[1009]",-1.05212471561153,0.000667087359148512,0.0698758380804868,-1.19332634079247,-1.09883256755189,-1.05119714296228,-1.00413642484756,-0.920355080801945,10972.0717083423,0.999693350848411
"log_lik_catch[1010]",-1.05212471561153,0.000667087359148512,0.0698758380804868,-1.19332634079247,-1.09883256755189,-1.05119714296228,-1.00413642484756,-0.920355080801945,10972.0717083423,0.999693350848411
"log_lik_catch[1011]",-4.19926595732013,0.00120256560897003,0.123156813451162,-4.46127506553277,-4.27614513942671,-4.19208292257831,-4.11462772766417,-3.98205947181915,10488.1605677161,0.99978063666727
"log_lik_catch[1012]",-2.10948626160102,0.00044752087935894,0.0458485940272523,-2.20648554340141,-2.13881358564704,-2.10754240633023,-2.07779399070158,-2.02546568717055,10496.039099613,0.999731316778207
"log_lik_catch[1013]",-2.74582913884244,0.000555236550217756,0.0568032601062899,-2.86782367986271,-2.78176487937112,-2.74308590322441,-2.70641066676528,-2.64302427992796,10466.2337352469,0.999729712753556
"log_lik_catch[1014]",-1.98424425991157,0.000266913469730229,0.0270938328575342,-2.03799653424682,-2.00242932505112,-1.98412331025115,-1.96552558095241,-1.93188098433195,10303.8591349501,1.00001448370895
"log_lik_catch[1015]",-1.06526692942506,0.000631841018010588,0.0651326486567316,-1.19673835026552,-1.10805592787983,-1.06374792370666,-1.02114632670917,-0.941519608306389,10626.2944657898,0.999832177309305
"log_lik_catch[1016]",-1.56904826407743,0.000331974707428573,0.0342690941357894,-1.6401612694294,-1.59114511813559,-1.56769399393937,-1.5454715912214,-1.50535304039166,10656.0256043557,1.00008701061721
"log_lik_catch[1017]",-1.68182883776617,0.000895097811908115,0.0925230108594554,-1.87039234945861,-1.74322478024379,-1.67912108312886,-1.61872209369805,-1.50694685143357,10684.606273195,0.999805207088534
"log_lik_catch[1018]",-2.74582913884244,0.000555236550217756,0.0568032601062899,-2.86782367986271,-2.78176487937112,-2.74308590322441,-2.70641066676528,-2.64302427992796,10466.2337352469,0.999729712753556
"log_lik_catch[1019]",-3.11186016359887,0.000780340592584592,0.0803779586461111,-3.28148243939853,-3.16233530001473,-3.10792392708886,-3.05604719620695,-2.96836620432568,10609.7596660435,0.999756294303225
"log_lik_catch[1020]",-1.52165342018353,0.000826401530646718,0.0853325686905665,-1.6941861803442,-1.57811115526152,-1.51939989238825,-1.46318289259923,-1.36157280951742,10662.2144238192,0.999809518812673
"log_lik_catch[1021]",-1.98424425991157,0.000266913469730229,0.0270938328575342,-2.03799653424682,-2.00242932505112,-1.98412331025115,-1.96552558095241,-1.93188098433195,10303.8591349501,1.00001448370895
"log_lik_catch[1022]",-1.06526692942506,0.000631841018010588,0.0651326486567316,-1.19673835026552,-1.10805592787983,-1.06374792370666,-1.02114632670917,-0.941519608306389,10626.2944657898,0.999832177309305
"log_lik_catch[1023]",-3.53826853689477,0.000343512404539925,0.0347133072697044,-3.60650358740984,-3.56172724883388,-3.53862491152982,-3.51435245697396,-3.47121785335435,10211.913705594,0.999943798040027
"log_lik_catch[1024]",-3.47259262407016,0.00103072764749913,0.105811535520233,-3.69451516902763,-3.53908777503352,-3.46783978113519,-3.39969700816386,-3.28476728976867,10538.4850284108,0.999781706369348
"log_lik_catch[1025]",-3.47259262407016,0.00103072764749913,0.105811535520233,-3.69451516902763,-3.53908777503352,-3.46783978113519,-3.39969700816386,-3.28476728976867,10538.4850284108,0.999781706369348
"log_lik_catch[1026]",-3.47259262407016,0.00103072764749913,0.105811535520233,-3.69451516902763,-3.53908777503352,-3.46783978113519,-3.39969700816386,-3.28476728976867,10538.4850284108,0.999781706369348
"log_lik_catch[1027]",-3.47259262407016,0.00103072764749913,0.105811535520233,-3.69451516902763,-3.53908777503352,-3.46783978113519,-3.39969700816386,-3.28476728976867,10538.4850284108,0.999781706369348
"log_lik_catch[1028]",-3.8094146888378,0.0009049394638962,0.092903753401295,-4.00727419555391,-3.86720690403576,-3.80420178850396,-3.74510602262411,-3.64538560250414,10539.6809547125,0.999755718941547
"log_lik_catch[1029]",-3.00924854596572,0.000412604084345208,0.041765482077861,-3.09640306132094,-3.03639348339911,-3.00791303084417,-2.98046452644265,-2.93117760236779,10246.3208661076,0.999749543458983
"log_lik_catch[1030]",-3.47259262407016,0.00103072764749913,0.105811535520233,-3.69451516902763,-3.53908777503352,-3.46783978113519,-3.39969700816386,-3.28476728976867,10538.4850284108,0.999781706369348
"log_lik_catch[1031]",-3.47259262407016,0.00103072764749913,0.105811535520233,-3.69451516902763,-3.53908777503352,-3.46783978113519,-3.39969700816386,-3.28476728976867,10538.4850284108,0.999781706369348
"log_lik_catch[1032]",-1.06526692942506,0.000631841018010588,0.0651326486567316,-1.19673835026552,-1.10805592787983,-1.06374792370666,-1.02114632670917,-0.941519608306389,10626.2944657898,0.999832177309305
"log_lik_catch[1033]",-6.48030186529261,0.00311231344213253,0.322042029726631,-7.1606518117554,-6.68390569400545,-6.46590233333766,-6.25691782678811,-5.89853517799779,10706.7695091425,0.99984361530329
"log_lik_catch[1034]",-3.41379186035552,0.000635222636818982,0.0649080916581378,-3.55454305857341,-3.45445802456422,-3.4103403244272,-3.36859872660303,-3.29776271778044,10441.0878306849,0.999728039755281
"log_lik_catch[1035]",-1.56904826407743,0.000331974707428573,0.0342690941357894,-1.6401612694294,-1.59114511813559,-1.56769399393937,-1.5454715912214,-1.50535304039166,10656.0256043557,1.00008701061721
"log_lik_catch[1036]",-0.690733004659673,0.000459408008609047,0.0473924190689926,-0.786145595003887,-0.72170816268631,-0.689236639217426,-0.658571506130459,-0.600543455307908,10641.9357054782,0.999865626319685
"log_lik_catch[1037]",-2.10948626160102,0.00044752087935894,0.0458485940272523,-2.20648554340141,-2.13881358564704,-2.10754240633023,-2.07779399070158,-2.02546568717055,10496.039099613,0.999731316778207
"log_lik_catch[1038]",-1.98424425991157,0.000266913469730229,0.0270938328575342,-2.03799653424682,-2.00242932505112,-1.98412331025115,-1.96552558095241,-1.93188098433195,10303.8591349501,1.00001448370895
"log_lik_catch[1039]",-2.37179070363688,0.00036499498956654,0.0370423696730234,-2.44824273317428,-2.39591687314261,-2.37053712815581,-2.34601010909219,-2.30246881021574,10299.6796623147,0.999752957265084
"log_lik_catch[1040]",-2.74582913884244,0.000555236550217756,0.0568032601062899,-2.86782367986271,-2.78176487937112,-2.74308590322441,-2.70641066676528,-2.64302427992796,10466.2337352469,0.999729712753556
"log_lik_catch[1041]",-1.56904826407743,0.000331974707428573,0.0342690941357894,-1.6401612694294,-1.59114511813559,-1.56769399393937,-1.5454715912214,-1.50535304039166,10656.0256043557,1.00008701061721
"log_lik_catch[1042]",-4.19926595732013,0.00120256560897003,0.123156813451162,-4.46127506553277,-4.27614513942671,-4.19208292257831,-4.11462772766417,-3.98205947181915,10488.1605677161,0.99978063666727
"log_lik_catch[1043]",-3.13623955284246,0.000440298653235721,0.0455844903632659,-3.2291645806327,-3.16598716184974,-3.13519940343714,-3.10532096790941,-3.04942943350241,10718.6352745298,1.00006535305762
"log_lik_catch[1044]",-4.59738647866928,0.00203801823193128,0.210447426488973,-5.0336531343951,-4.73139473648894,-4.59190012653701,-4.45338060394749,-4.2083543439301,10662.7962057899,0.999854513155568
"log_lik_catch[1045]",-4.59738647866928,0.00203801823193128,0.210447426488973,-5.0336531343951,-4.73139473648894,-4.59190012653701,-4.45338060394749,-4.2083543439301,10662.7962057899,0.999854513155568
"log_lik_catch[1046]",-1.98424425991157,0.000266913469730229,0.0270938328575342,-2.03799653424682,-2.00242932505112,-1.98412331025115,-1.96552558095241,-1.93188098433195,10303.8591349501,1.00001448370895
"log_lik_catch[1047]",-1.98424425991157,0.000266913469730229,0.0270938328575342,-2.03799653424682,-2.00242932505112,-1.98412331025115,-1.96552558095241,-1.93188098433195,10303.8591349501,1.00001448370895
"log_lik_catch[1048]",-2.11008595942687,0.000599543868703117,0.0616045153276108,-2.23370345587315,-2.15023988234647,-2.10803230477537,-2.06832768219445,-1.99393062429849,10558.0364809351,0.999906257342492
"log_lik_catch[1049]",-2.74582913884244,0.000555236550217756,0.0568032601062899,-2.86782367986271,-2.78176487937112,-2.74308590322441,-2.70641066676528,-2.64302427992796,10466.2337352469,0.999729712753556
"log_lik_catch[1050]",-1.56904826407743,0.000331974707428573,0.0342690941357894,-1.6401612694294,-1.59114511813559,-1.56769399393937,-1.5454715912214,-1.50535304039166,10656.0256043557,1.00008701061721
"log_lik_catch[1051]",-2.11008595942687,0.000599543868703117,0.0616045153276108,-2.23370345587315,-2.15023988234647,-2.10803230477537,-2.06832768219445,-1.99393062429849,10558.0364809351,0.999906257342492
"log_lik_catch[1052]",-4.19926595732013,0.00120256560897003,0.123156813451162,-4.46127506553277,-4.27614513942671,-4.19208292257831,-4.11462772766417,-3.98205947181915,10488.1605677161,0.99978063666727
"log_lik_catch[1053]",-1.56904826407743,0.000331974707428573,0.0342690941357894,-1.6401612694294,-1.59114511813559,-1.56769399393937,-1.5454715912214,-1.50535304039166,10656.0256043557,1.00008701061721
"log_lik_catch[1054]",-1.44440230253946,0.000210371557869202,0.0213659021063737,-1.4871084469734,-1.45866007694509,-1.44417278224375,-1.42958060150975,-1.40344247337757,10314.9807625224,1.00001978638057
"log_lik_catch[1055]",-3.11186016359887,0.000780340592584592,0.0803779586461111,-3.28148243939853,-3.16233530001473,-3.10792392708886,-3.05604719620695,-2.96836620432568,10609.7596660435,0.999756294303225
"log_lik_catch[1056]",-3.47259262407016,0.00103072764749913,0.105811535520233,-3.69451516902763,-3.53908777503352,-3.46783978113519,-3.39969700816386,-3.28476728976867,10538.4850284108,0.999781706369348
"log_lik_catch[1057]",-2.37179070363688,0.00036499498956654,0.0370423696730234,-2.44824273317428,-2.39591687314261,-2.37053712815581,-2.34601010909219,-2.30246881021574,10299.6796623147,0.999752957265084
"log_lik_catch[1058]",-1.56904826407743,0.000331974707428573,0.0342690941357894,-1.6401612694294,-1.59114511813559,-1.56769399393937,-1.5454715912214,-1.50535304039166,10656.0256043557,1.00008701061721
"log_lik_catch[1059]",-0.690733004659673,0.000459408008609047,0.0473924190689926,-0.786145595003887,-0.72170816268631,-0.689236639217426,-0.658571506130459,-0.600543455307908,10641.9357054782,0.999865626319685
"log_lik_catch[1060]",-1.38017634157408,0.000811034449998072,0.0848067826248491,-1.55152653446739,-1.43621068693218,-1.37834290601472,-1.32222154479135,-1.22011618464314,10934.0881503734,0.999712656141431
"log_lik_catch[1061]",-1.5624101128414,0.000351822507497014,0.0361164489732775,-1.63843200931379,-1.58611171969429,-1.56071381080034,-1.53702365298157,-1.49628433369659,10538.1129053182,0.999816553763012
"log_lik_catch[1062]",-1.47412532324177,0.00026425242903481,0.027445539098633,-1.53097061404413,-1.49204265023321,-1.4727982452858,-1.45499468524339,-1.42362707208257,10787.1211296926,0.999794250488761
"log_lik_catch[1063]",-4.07830207350875,0.00173649943674685,0.182800141181452,-4.45655316080793,-4.19931675662782,-4.06850423498224,-3.9505652329604,-3.74097410984483,11081.632921318,0.999658209048427
"log_lik_catch[1064]",-1.5624101128414,0.000351822507497014,0.0361164489732775,-1.63843200931379,-1.58611171969429,-1.56071381080034,-1.53702365298157,-1.49628433369659,10538.1129053182,0.999816553763012
"log_lik_catch[1065]",-0.823365414412719,0.000559864838048734,0.0587373616471149,-0.942841547441377,-0.862515925877318,-0.822424158227246,-0.782573768333978,-0.712907542411622,11006.8357213755,0.999682653186975
"log_lik_catch[1066]",-1.5624101128414,0.000351822507497014,0.0361164489732775,-1.63843200931379,-1.58611171969429,-1.56071381080034,-1.53702365298157,-1.49628433369659,10538.1129053182,0.999816553763012
"log_lik_catch[1067]",-2.37816067755584,0.000388814119890931,0.0401128414088676,-2.46220863616633,-2.40366627485455,-2.37609070665365,-2.35032665862967,-2.30539288682143,10643.4591303258,0.999790979135368
"log_lik_catch[1068]",-2.63884477723317,0.000413785437216399,0.0426306326989044,-2.72869422335811,-2.66566395750661,-2.63653077925256,-2.60915700700978,-2.56161790025917,10614.3438504576,0.99979038107836
"log_lik_catch[1069]",-1.66732512931286,0.000430332820593534,0.0445484605986946,-1.75947149444625,-1.69690711829734,-1.66591950431652,-1.63592070843566,-1.58525291665417,10716.5862203226,0.999759584777258
"log_lik_catch[1070]",-1.46841524314025,0.000249704115180102,0.0251897181047551,-1.52025993764172,-1.48443431073777,-1.46754381587288,-1.45084509405394,-1.42272393734476,10176.4245126439,0.999964539238899
"log_lik_catch[1071]",-0.823365414412719,0.000559864838048734,0.0587373616471149,-0.942841547441377,-0.862515925877318,-0.822424158227246,-0.782573768333978,-0.712907542411622,11006.8357213755,0.999682653186975
"log_lik_catch[1072]",-1.5624101128414,0.000351822507497014,0.0361164489732775,-1.63843200931379,-1.58611171969429,-1.56071381080034,-1.53702365298157,-1.49628433369659,10538.1129053182,0.999816553763012
"log_lik_catch[1073]",-3.81180077125784,0.000668210390198217,0.0682420670898581,-3.95944419982253,-3.85449099707555,-3.80792959802941,-3.76431417838316,-3.69041720456854,10429.8460510697,0.999727205443898
"log_lik_catch[1074]",-1.44440230253946,0.000210371557869202,0.0213659021063737,-1.4871084469734,-1.45866007694509,-1.44417278224375,-1.42958060150975,-1.40344247337757,10314.9807625224,1.00001978638057
"log_lik_catch[1075]",-4.61982075421898,0.00127447317395013,0.130398540208248,-4.89748237901558,-4.7007341280767,-4.61207937297287,-4.53021503773512,-4.39019061152605,10468.4904700273,0.999779697812447
"log_lik_catch[1076]",-0.690733004659673,0.000459408008609047,0.0473924190689926,-0.786145595003887,-0.72170816268631,-0.689236639217426,-0.658571506130459,-0.600543455307908,10641.9357054782,0.999865626319685
"log_lik_catch[1077]",-3.47259262407016,0.00103072764749913,0.105811535520233,-3.69451516902763,-3.53908777503352,-3.46783978113519,-3.39969700816386,-3.28476728976867,10538.4850284108,0.999781706369348
"log_lik_catch[1078]",-2.88200979701868,0.000383165439604621,0.0400533098061505,-2.9638449953383,-2.9088851051121,-2.88087334175484,-2.85463375318175,-2.80540946854828,10927.0809265733,1.00009515727585
"log_lik_catch[1079]",-4.64673991529384,0.00172880903372683,0.176989182089035,-5.02335204773047,-4.75673704366962,-4.63856229309005,-4.52366638013336,-4.33212008503453,10480.9198070529,0.999814423317583
"log_lik_catch[1080]",-2.74692066855374,0.000806908131843266,0.0831551732214487,-2.9201458602012,-2.79991841695543,-2.74378571687597,-2.69001941885515,-2.59657942167792,10620.1429065134,0.999779899748163
"log_lik_catch[1081]",-1.06526692942506,0.000631841018010588,0.0651326486567316,-1.19673835026552,-1.10805592787983,-1.06374792370666,-1.02114632670917,-0.941519608306389,10626.2944657898,0.999832177309305
"log_lik_catch[1082]",-2.74692066855374,0.000806908131843266,0.0831551732214487,-2.9201458602012,-2.79991841695543,-2.74378571687597,-2.69001941885515,-2.59657942167792,10620.1429065134,0.999779899748163
"log_lik_catch[1083]",-3.25374660840125,0.000374409506527841,0.0378734569474804,-3.33020350002782,-3.27871953269738,-3.25326217889324,-3.22772360179852,-3.18206399359306,10232.3682367352,0.99980332161181
"log_lik_catch[1084]",-4.00493228847904,0.00105179686361074,0.107825116126143,-4.23398530814218,-4.07190500559204,-3.99912437847391,-3.9302985747964,-3.81485939421505,10509.3565416243,0.999769009919789
"log_lik_catch[1085]",-3.47259262407016,0.00103072764749913,0.105811535520233,-3.69451516902763,-3.53908777503352,-3.46783978113519,-3.39969700816386,-3.28476728976867,10538.4850284108,0.999781706369348
"log_lik_catch[1086]",-2.04382572061021,0.000319779228671153,0.0334317999389238,-2.11263530131071,-2.06607693185263,-2.0424904493107,-2.02087743162927,-1.98093808123045,10929.9711910027,1.00011474869915
"log_lik_catch[1087]",-0.690733004659673,0.000459408008609047,0.0473924190689926,-0.786145595003887,-0.72170816268631,-0.689236639217426,-0.658571506130459,-0.600543455307908,10641.9357054782,0.999865626319685
"log_lik_catch[1088]",-1.52165342018353,0.000826401530646718,0.0853325686905665,-1.6941861803442,-1.57811115526152,-1.51939989238825,-1.46318289259923,-1.36157280951742,10662.2144238192,0.999809518812673
"log_lik_catch[1089]",-2.80180451363824,0.000337136983372923,0.0341634156972739,-2.87054326803344,-2.82460656013258,-2.80165792467893,-2.77833269919522,-2.73669717471234,10268.5655037515,0.999846730823403
"log_lik_catch[1090]",-3.8094146888378,0.0009049394638962,0.092903753401295,-4.00727419555391,-3.86720690403576,-3.80420178850396,-3.74510602262411,-3.64538560250414,10539.6809547125,0.999755718941547
"log_lik_catch[1091]",-1.98424425991157,0.000266913469730229,0.0270938328575342,-2.03799653424682,-2.00242932505112,-1.98412331025115,-1.96552558095241,-1.93188098433195,10303.8591349501,1.00001448370895
"log_lik_catch[1092]",-1.98424425991157,0.000266913469730229,0.0270938328575342,-2.03799653424682,-2.00242932505112,-1.98412331025115,-1.96552558095241,-1.93188098433195,10303.8591349501,1.00001448370895
"log_lik_catch[1093]",-3.64618496563086,0.000950476518708926,0.097577568091949,-3.852058637842,-3.70667311904897,-3.64118899074857,-3.57865277814519,-3.47371036498789,10539.4317477803,0.999765170139474
"log_lik_catch[1094]",-1.68182883776617,0.000895097811908115,0.0925230108594554,-1.87039234945861,-1.74322478024379,-1.67912108312886,-1.61872209369805,-1.50694685143357,10684.606273195,0.999805207088534
"log_lik_catch[1095]",-1.32388482006215,0.000742450994205711,0.0765860275387011,-1.47805242599909,-1.37446422960103,-1.32185296726339,-1.27139014861461,-1.17920973450414,10640.5358886379,0.99981723249515
"log_lik_catch[1096]",-1.56904826407743,0.000331974707428573,0.0342690941357894,-1.6401612694294,-1.59114511813559,-1.56769399393937,-1.5454715912214,-1.50535304039166,10656.0256043557,1.00008701061721
"log_lik_catch[1097]",-1.06526692942506,0.000631841018010588,0.0651326486567316,-1.19673835026552,-1.10805592787983,-1.06374792370666,-1.02114632670917,-0.941519608306389,10626.2944657898,0.999832177309305
"log_lik_catch[1098]",-2.79646946492374,0.000325359355896013,0.0327121676448842,-2.8614566284214,-2.81855013847579,-2.79655010720341,-2.77415274469514,-2.73308208482264,10108.6241017425,1.00000815599632
"log_lik_catch[1099]",-1.05212471561153,0.000667087359148512,0.0698758380804868,-1.19332634079247,-1.09883256755189,-1.05119714296228,-1.00413642484756,-0.920355080801945,10972.0717083423,0.999693350848411
"log_lik_catch[1100]",-0.508587353749857,0.000391812850208453,0.0410704084213132,-0.592994095378368,-0.535938748851158,-0.507618502766072,-0.479728192487781,-0.431416586127612,10987.5456547223,0.999674703548128
"log_lik_catch[1101]",-2.06665057878707,0.000364679979172245,0.0372402487641161,-2.14374603756319,-2.09090231450334,-2.06505581119071,-2.04057850290764,-1.99809694683871,10428.0067628169,0.999867791782888
"log_lik_catch[1102]",-0.823365414412719,0.000559864838048734,0.0587373616471149,-0.942841547441377,-0.862515925877318,-0.822424158227246,-0.782573768333978,-0.712907542411622,11006.8357213755,0.999682653186975
"log_lik_catch[1103]",-0.508587353749857,0.000391812850208453,0.0410704084213132,-0.592994095378368,-0.535938748851158,-0.507618502766072,-0.479728192487781,-0.431416586127612,10987.5456547223,0.999674703548128
"log_lik_catch[1104]",-0.823365414412719,0.000559864838048734,0.0587373616471149,-0.942841547441377,-0.862515925877318,-0.822424158227246,-0.782573768333978,-0.712907542411622,11006.8357213755,0.999682653186975
"log_lik_catch[1105]",-0.823365414412719,0.000559864838048734,0.0587373616471149,-0.942841547441377,-0.862515925877318,-0.822424158227246,-0.782573768333978,-0.712907542411622,11006.8357213755,0.999682653186975
"log_lik_catch[1106]",-1.66732512931286,0.000430332820593534,0.0445484605986946,-1.75947149444625,-1.69690711829734,-1.66591950431652,-1.63592070843566,-1.58525291665417,10716.5862203226,0.999759584777258
"log_lik_catch[1107]",-0.823365414412719,0.000559864838048734,0.0587373616471149,-0.942841547441377,-0.862515925877318,-0.822424158227246,-0.782573768333978,-0.712907542411622,11006.8357213755,0.999682653186975
"log_lik_catch[1108]",-2.36435239421732,0.00033708310213164,0.034110458244692,-2.43372977367086,-2.38634495562492,-2.36353809892061,-2.34066510680998,-2.30147691331882,10240.0279865984,0.999947762626995
"log_lik_catch[1109]",-1.46841524314025,0.000249704115180102,0.0251897181047551,-1.52025993764172,-1.48443431073777,-1.46754381587288,-1.45084509405394,-1.42272393734476,10176.4245126439,0.999964539238899
"log_lik_catch[1110]",-1.47412532324177,0.00026425242903481,0.027445539098633,-1.53097061404413,-1.49204265023321,-1.4727982452858,-1.45499468524339,-1.42362707208257,10787.1211296926,0.999794250488761
"log_lik_catch[1111]",-2.02417036275024,0.000608649113893621,0.0636692293467742,-2.15443948235126,-2.06645018120767,-2.02314860445227,-1.97951244929917,-1.90403095421861,10942.717769711,0.99971146290802
"log_lik_catch[1112]",-2.02487973304954,0.000347353885974551,0.0359168651755905,-2.0995285873059,-2.04791350357746,-2.02308951774847,-1.99990571564693,-1.95934492720411,10691.8418241022,0.999792009287009
"log_lik_catch[1113]",-2.59573236444442,0.000329787639613775,0.0333823390806834,-2.6629122607556,-2.61802490423048,-2.59522764813904,-2.57288655710693,-2.53305533746311,10246.2460265141,0.999935933348486
"log_lik_catch[1114]",-0.508587353749857,0.000391812850208453,0.0410704084213132,-0.592994095378368,-0.535938748851158,-0.507618502766072,-0.479728192487781,-0.431416586127612,10987.5456547223,0.999674703548128
"log_lik_catch[1115]",-1.46841524314025,0.000249704115180102,0.0251897181047551,-1.52025993764172,-1.48443431073777,-1.46754381587288,-1.45084509405394,-1.42272393734476,10176.4245126439,0.999964539238899
"log_lik_catch[1116]",-0.508587353749857,0.000391812850208453,0.0410704084213132,-0.592994095378368,-0.535938748851158,-0.507618502766072,-0.479728192487781,-0.431416586127612,10987.5456547223,0.999674703548128
"log_lik_catch[1117]",-4.08659725501905,0.00144695977242179,0.152421066910999,-4.40461420880563,-4.18518540788864,-4.07612143577519,-3.9783175908264,-3.81341483394447,11096.2716431473,0.99965580539905
"log_lik_catch[1118]",-0.508587353749857,0.000391812850208453,0.0410704084213132,-0.592994095378368,-0.535938748851158,-0.507618502766072,-0.479728192487781,-0.431416586127612,10987.5456547223,0.999674703548128
"log_lik_catch[1119]",-1.38017634157408,0.000811034449998072,0.0848067826248491,-1.55152653446739,-1.43621068693218,-1.37834290601472,-1.32222154479135,-1.22011618464314,10934.0881503734,0.999712656141431
"log_lik_catch[1120]",-1.05212471561153,0.000667087359148512,0.0698758380804868,-1.19332634079247,-1.09883256755189,-1.05119714296228,-1.00413642484756,-0.920355080801945,10972.0717083423,0.999693350848411
"log_lik_catch[1121]",-2.35107795391546,0.000731252528439418,0.0769584517888801,-2.511772261381,-2.40230490073978,-2.34701334298063,-2.29698398675009,-2.20940564331683,11075.8708472482,0.999652859338986
"log_lik_catch[1122]",-1.23196420360872,0.000746771293669309,0.0781405482955788,-1.3903286040466,-1.28381731725264,-1.23049447918707,-1.17861174833579,-1.08458234874263,10949.0812455957,0.999703565146083
"log_lik_catch[1123]",-1.23196420360872,0.000746771293669309,0.0781405482955788,-1.3903286040466,-1.28381731725264,-1.23049447918707,-1.17861174833579,-1.08458234874263,10949.0812455957,0.999703565146083
"log_lik_catch[1124]",-0.823365414412719,0.000559864838048734,0.0587373616471149,-0.942841547441377,-0.862515925877318,-0.822424158227246,-0.782573768333978,-0.712907542411622,11006.8357213755,0.999682653186975
"log_lik_catch[1125]",-2.33322675097584,0.000302622695524928,0.0305210787971233,-2.39360128115363,-2.35379795919444,-2.33276713515191,-2.3122119951651,-2.27519944051524,10171.7755765244,0.999972573416804
"log_lik_catch[1126]",-4.08659725501905,0.00144695977242179,0.152421066910999,-4.40461420880563,-4.18518540788864,-4.07612143577519,-3.9783175908264,-3.81341483394447,11096.2716431473,0.99965580539905
"log_lik_catch[1127]",-1.58254496202713,0.000440441806174848,0.0480757485018173,-1.68524862063379,-1.61267931959274,-1.57938625794498,-1.54852136236708,-1.49778400075349,11914.4785383526,0.99985556638726
"log_lik_catch[1128]",-1.44784553167846,0.000229185609016855,0.0227067807233073,-1.49375227539971,-1.46254145893868,-1.44731081529264,-1.43244710885152,-1.40555116773702,9816.04281674283,1.00001213187744
"log_lik_catch[1129]",-1.98857099858677,0.000289669208086328,0.0286901769980201,-2.04625102253801,-2.00730454301885,-1.98807198769208,-1.96917510703658,-1.93461920365954,9809.83699535707,1.00000927408734
"log_lik_catch[1130]",-1.58254496202713,0.000440441806174848,0.0480757485018173,-1.68524862063379,-1.61267931959274,-1.57938625794498,-1.54852136236708,-1.49778400075349,11914.4785383526,0.99985556638726
"log_lik_catch[1131]",-3.59116432485177,0.000964862042441939,0.103558062954145,-3.8172495929806,-3.65474100222106,-3.58214156315312,-3.51797858950197,-3.41652858272705,11519.5998498644,0.999637708324651
"log_lik_catch[1132]",-4.59133905578545,0.00218647253014073,0.240455786842227,-5.10546299469711,-4.74172613769459,-4.57398703929864,-4.42356785792109,-4.163966593804,12094.3467480854,0.999698979975076
"log_lik_catch[1133]",-2.73181595896863,0.000684549556700008,0.0726026346962122,-2.89097860268731,-2.77645301626085,-2.72582280882057,-2.68097245835279,-2.60814285418274,11248.5093931807,0.999623622462169
"log_lik_catch[1134]",-3.44023952564735,0.00131221355024036,0.143201019595266,-3.74855040853726,-3.53008065545154,-3.43032737007453,-3.33893716726561,-3.18846885548894,11909.2163281778,0.999665299910618
"log_lik_catch[1135]",-3.97311162422941,0.00133533620552024,0.145170290366659,-4.2903641168797,-4.06296528285329,-3.96100507368862,-3.86993052141443,-3.723303543202,11818.8233701905,0.999661466459757
"log_lik_catch[1136]",-1.08793358664926,0.000816792689221204,0.0887311716913776,-1.27162578594049,-1.14470854061885,-1.08426532794599,-1.02716146080154,-0.922569313584092,11801.2700634008,0.999660740962076
"log_lik_catch[1137]",-0.708787511605685,0.000614961945633615,0.0670156787560248,-0.848785430482163,-0.75189516389883,-0.705498340306328,-0.662590108926161,-0.586525298128387,11875.6217664754,0.999679241677662
"log_lik_catch[1138]",-2.73181595896863,0.000684549556700008,0.0726026346962122,-2.89097860268731,-2.77645301626085,-2.72582280882057,-2.68097245835279,-2.60814285418274,11248.5093931807,0.999623622462169
"log_lik_catch[1139]",-3.39773723150762,0.000788296121080248,0.0836086470903748,-3.58165193223371,-3.44882951311044,-3.38978517306478,-3.33919259296528,-3.25692989550474,11249.2511475893,0.999626345501265
"log_lik_catch[1140]",-1.44784553167846,0.000229185609016855,0.0227067807233073,-1.49375227539971,-1.46254145893868,-1.44731081529264,-1.43244710885152,-1.40555116773702,9816.04281674283,1.00001213187744
"log_lik_catch[1141]",-1.58254496202713,0.000440441806174848,0.0480757485018173,-1.68524862063379,-1.61267931959274,-1.57938625794498,-1.54852136236708,-1.49778400075349,11914.4785383526,0.99985556638726
"log_lik_catch[1142]",-1.98857099858677,0.000289669208086328,0.0286901769980201,-2.04625102253801,-2.00730454301885,-1.98807198769208,-1.96917510703658,-1.93461920365954,9809.83699535707,1.00000927408734
"log_lik_catch[1143]",-0.708787511605685,0.000614961945633615,0.0670156787560248,-0.848785430482163,-0.75189516389883,-0.705498340306328,-0.662590108926161,-0.586525298128387,11875.6217664754,0.999679241677662
"log_lik_catch[1144]",-0.843094989382331,0.000685860546546526,0.0747858568926766,-0.999365161550656,-0.891227203542364,-0.840378146872996,-0.791976594538245,-0.702834970442792,11889.6016946312,0.999764011487546
"log_lik_catch[1145]",-0.843094989382331,0.000685860546546526,0.0747858568926766,-0.999365161550656,-0.891227203542364,-0.840378146872996,-0.791976594538245,-0.702834970442792,11889.6016946312,0.999764011487546
"log_lik_catch[1146]",-1.07447330914782,0.000804454650719703,0.0875167273809926,-1.25507313286926,-1.13085600765172,-1.07072405587308,-1.01480192170927,-0.910153590748054,11835.2927505752,0.999756960169099
"log_lik_catch[1147]",-0.843094989382331,0.000685860546546526,0.0747858568926766,-0.999365161550656,-0.891227203542364,-0.840378146872996,-0.791976594538245,-0.702834970442792,11889.6016946312,0.999764011487546
"log_lik_catch[1148]",-1.07447330914782,0.000804454650719703,0.0875167273809926,-1.25507313286926,-1.13085600765172,-1.07072405587308,-1.01480192170927,-0.910153590748054,11835.2927505752,0.999756960169099
"log_lik_catch[1149]",-1.07447330914782,0.000804454650719703,0.0875167273809926,-1.25507313286926,-1.13085600765172,-1.07072405587308,-1.01480192170927,-0.910153590748054,11835.2927505752,0.999756960169099
"log_lik_catch[1150]",-1.53201833000355,0.00101070337891441,0.109329419415723,-1.75225741143681,-1.60373765847301,-1.52903675146546,-1.45732055044568,-1.32771855301674,11701.0988552207,0.999748338101905
"log_lik_catch[1151]",-3.20666853965057,0.000920295643090426,0.0988624960981368,-3.42444292223226,-3.26609848683081,-3.19814538222379,-3.13659643655187,-3.03894901698573,11540.0691414929,0.999753012689049
"log_lik_catch[1152]",-1.4755066411102,0.000285591590436591,0.0297813818675975,-1.53912534936369,-1.49415830044849,-1.4735077134353,-1.45475005276841,-1.42362178726229,10874.2386665882,0.999983260807474
"log_lik_catch[1153]",-0.843094989382331,0.000685860546546526,0.0747858568926766,-0.999365161550656,-0.891227203542364,-0.840378146872996,-0.791976594538245,-0.702834970442792,11889.6016946312,0.999764011487546
"log_lik_catch[1154]",-0.843094989382331,0.000685860546546526,0.0747858568926766,-0.999365161550656,-0.891227203542364,-0.840378146872996,-0.791976594538245,-0.702834970442792,11889.6016946312,0.999764011487546
"log_lik_catch[1155]",-0.523191147264844,0.000488516207341119,0.0533670772440452,-0.634547886455802,-0.556971243979258,-0.520213769009843,-0.486922275810637,-0.425390529497928,11934.0783125982,0.999776388412196
"log_lik_catch[1156]",-1.25590320347043,0.000889200058164908,0.0965296021026414,-1.4540966952108,-1.31831407101013,-1.25259927172301,-1.18968575574197,-1.07457832299883,11784.7959477712,0.999752676012443
"log_lik_catch[1157]",-1.25590320347043,0.000889200058164908,0.0965296021026414,-1.4540966952108,-1.31831407101013,-1.25259927172301,-1.18968575574197,-1.07457832299883,11784.7959477712,0.999752676012443
"log_lik_catch[1158]",-0.523191147264844,0.000488516207341119,0.0533670772440452,-0.634547886455802,-0.556971243979258,-0.520213769009843,-0.486922275810637,-0.425390529497928,11934.0783125982,0.999776388412196
"log_lik_catch[1159]",-1.73982021310072,0.00109964076895971,0.118622401943827,-1.97900554277958,-1.81804458576493,-1.73642159481699,-1.65843421205855,-1.51776059728389,11636.7515391983,0.999746755111861
"log_lik_catch[1160]",-2.53550971482065,0.000756032982570682,0.0812282378795936,-2.71278662762222,-2.58557903564695,-2.52918353430183,-2.47840982360015,-2.39517740269281,11543.3690139028,0.999743189257475
"log_lik_catch[1161]",-0.843094989382331,0.000685860546546526,0.0747858568926766,-0.999365161550656,-0.891227203542364,-0.840378146872996,-0.791976594538245,-0.702834970442792,11889.6016946312,0.999764011487546
"log_lik_catch[1162]",-1.40518376708102,0.000955641830284753,0.103545706623765,-1.61603231463827,-1.47249911858677,-1.40201832426553,-1.33439694510599,-1.21148231334481,11740.1565908081,0.999750004678935
"log_lik_catch[1163]",-3.53283980893364,0.00161415473295558,0.17680461471104,-3.91324215291571,-3.64239108828773,-3.52497871882635,-3.40997135366162,-3.21482886665321,11997.6686814654,0.999782185328355
"log_lik_catch[1164]",-1.78630009084013,0.000604904590846022,0.066597806987951,-1.92676231322483,-1.82852468386644,-1.78230273469495,-1.74081427555433,-1.66442732272098,12121.2133588343,0.999840004193121
"log_lik_catch[1165]",-0.843094989382331,0.000685860546546526,0.0747858568926766,-0.999365161550656,-0.891227203542364,-0.840378146872996,-0.791976594538245,-0.702834970442792,11889.6016946312,0.999764011487546
"log_lik_catch[1166]",-1.88081878902872,0.000663501876741142,0.0730586355359472,-2.03462365714287,-1.92753377072186,-1.87672130013512,-1.83113111486374,-1.7453163913531,12124.3594293616,0.999824456471155
"log_lik_catch[1167]",-2.14103390923566,0.000494807505270838,0.0540839604402506,-2.25611083622419,-2.17613577985561,-2.13745245411146,-2.10334754928784,-2.04344762566812,11947.1527415655,0.999904811987952
"log_lik_catch[1168]",-0.523191147264844,0.000488516207341119,0.0533670772440452,-0.634547886455802,-0.556971243979258,-0.520213769009843,-0.486922275810637,-0.425390529497928,11934.0783125982,0.999776388412196
"log_lik_catch[1169]",-2.33414679844977,0.000315829836509017,0.0308786460688747,-2.39644011717794,-2.35480575172319,-2.33386219324214,-2.31278240416793,-2.27553709674083,9558.94996331288,0.999898774821486
"log_lik_catch[1170]",-2.59508593292537,0.000346138499565325,0.0339588599759746,-2.66532361423921,-2.61727507723774,-2.59451192865709,-2.57161409807496,-2.53145373174407,9625.12527879034,0.99985227830215
"log_lik_catch[1171]",-0.843094989382331,0.000685860546546526,0.0747858568926766,-0.999365161550656,-0.891227203542364,-0.840378146872996,-0.791976594538245,-0.702834970442792,11889.6016946312,0.999764011487546
"log_lik_catch[1172]",-2.37359947733376,0.000380189193419793,0.0397430635597057,-2.45701267259114,-2.39895900466271,-2.37142894573212,-2.3459643398158,-2.30266284340086,10927.5586502974,0.999980643051262
"log_lik_catch[1173]",-1.25590320347043,0.000889200058164908,0.0965296021026414,-1.4540966952108,-1.31831407101013,-1.25259927172301,-1.18968575574197,-1.07457832299883,11784.7959477712,0.999752676012443
"log_lik_catch[1174]",-3.78284936972209,0.00114790194454606,0.124148600400704,-4.05472994865954,-3.85954483044817,-3.77278213686943,-3.69474542441863,-3.57069771969175,11696.9887596685,0.999650049826524
"log_lik_catch[1175]",-3.44023952564735,0.00131221355024036,0.143201019595266,-3.74855040853726,-3.53008065545154,-3.43032737007453,-3.33893716726561,-3.18846885548894,11909.2163281778,0.999665299910618
"log_lik_catch[1176]",-1.34866251898586,0.000937943247394054,0.101361075415932,-1.55646960087786,-1.4137522381545,-1.34456384310201,-1.27930541679232,-1.15751891237939,11678.5600214225,0.999653703681716
"log_lik_catch[1177]",-4.10731045402596,0.00169050034479862,0.185128146203552,-4.50488518783077,-4.22321365304735,-4.09414310515134,-3.97765787670549,-3.7809261605301,11992.6284079758,0.999680921113203
"log_lik_catch[1178]",-2.66902773674006,0.000449284550499113,0.0483374510396896,-2.77072827973347,-2.69952410586329,-2.66642311296252,-2.63540225865011,-2.58325750043903,11575.0938454192,0.999941143366635
"log_lik_catch[1179]",-3.12822184907167,0.000381652101711972,0.0391782936067267,-3.20750352442379,-3.1531558696201,-3.12704640137198,-3.1013177072699,-3.0554099647318,10537.939878044,1.00002042349738
"log_lik_catch[1180]",-1.54764155240694,0.0010262450955514,0.110392133955163,-1.77404703890776,-1.618949817176,-1.54414033469574,-1.47234776169414,-1.33999959865123,11571.0845770765,0.999651388737256
"log_lik_catch[1181]",-2.14953133633799,0.000510397040233163,0.0558495788274245,-2.26722590597757,-2.18508256181086,-2.14639636813787,-2.11024324775057,-2.04927172057609,11973.5659381635,0.999857205019642
"log_lik_catch[1182]",-2.80151592019209,0.000368347416950642,0.0356906501993096,-2.87577551207932,-2.82426705981796,-2.80060252744077,-2.77699850496331,-2.73488391401507,9388.44491131391,0.999799891437518
"log_lik_catch[1183]",-1.08793358664926,0.000816792689221204,0.0887311716913776,-1.27162578594049,-1.14470854061885,-1.08426532794599,-1.02716146080154,-0.922569313584092,11801.2700634008,0.999660740962076
"log_lik_catch[1184]",-2.36694748303758,0.000416868771714117,0.0420833954309221,-2.45940816055026,-2.39195403086043,-2.3636683827235,-2.33841103435533,-2.29265399967251,10191.1412380061,0.999660235868552
"log_lik_catch[1185]",-1.89287911378158,0.000677210863059637,0.0746567100731672,-2.05095096600812,-1.94049718113774,-1.88973404817958,-1.84140288452017,-1.75780149004763,12153.1781360417,0.999740757155737
"log_lik_catch[1186]",-1.44784553167846,0.000229185609016855,0.0227067807233073,-1.49375227539971,-1.46254145893868,-1.44731081529264,-1.43244710885152,-1.40555116773702,9816.04281674283,1.00001213187744
"log_lik_catch[1187]",-1.58254496202713,0.000440441806174848,0.0480757485018173,-1.68524862063379,-1.61267931959274,-1.57938625794498,-1.54852136236708,-1.49778400075349,11914.4785383526,0.99985556638726
"log_lik_catch[1188]",-3.20212778879955,0.000622234248491779,0.0647251390216797,-3.34650537310329,-3.24016041687617,-3.19595332841874,-3.15675827809513,-3.09201162421963,10820.2715673603,0.999623362734339
"log_lik_catch[1189]",-0.708787511605685,0.000614961945633615,0.0670156787560248,-0.848785430482163,-0.75189516389883,-0.705498340306328,-0.662590108926161,-0.586525298128387,11875.6217664754,0.999679241677662
"log_lik_catch[1190]",-0.708787511605685,0.000614961945633615,0.0670156787560248,-0.848785430482163,-0.75189516389883,-0.705498340306328,-0.662590108926161,-0.586525298128387,11875.6217664754,0.999679241677662
"log_lik_catch[1191]",-1.73982021310072,0.00109964076895971,0.118622401943827,-1.97900554277958,-1.81804458576493,-1.73642159481699,-1.65843421205855,-1.51776059728389,11636.7515391983,0.999746755111861
"log_lik_catch[1192]",-5.78316769885095,0.00338533350142564,0.371956145769845,-6.57788493890016,-6.01622965413698,-5.76431852111953,-5.52081390686188,-5.12462858841198,12072.0370504036,0.999813917349694
"log_lik_catch[1193]",-2.63209184057784,0.000458647358634009,0.0465806403730628,-2.73414062636956,-2.66028809269856,-2.62833680694095,-2.59945286425973,-2.55054027492867,10314.617227046,0.999750351684796
"log_lik_catch[1194]",-2.37186409780761,0.000429834851333184,0.0437087234479592,-2.46712527292714,-2.39863498775782,-2.36850299187212,-2.341241971058,-2.29496571566713,10340.2965578818,0.999749089554795
"log_lik_catch[1195]",-4.85985616140294,0.00254604157902906,0.279394505957702,-5.45906273580466,-5.03335980842173,-4.84611420107538,-4.6647772978362,-4.36233119222682,12042.1696195145,0.999802957236006
"log_lik_catch[1196]",-4.16856454633161,0.00201601602602846,0.220985380400256,-4.64524823536993,-4.30533732999063,-4.15796642648301,-4.01490490742979,-3.77290788026829,12015.4247044235,0.999792698753681
"log_lik_catch[1197]",-4.85985616140294,0.00254604157902906,0.279394505957702,-5.45906273580466,-5.03335980842173,-4.84611420107538,-4.6647772978362,-4.36233119222682,12042.1696195145,0.999802957236006
"log_lik_catch[1198]",-3.4875421012647,0.00117872512779885,0.127704331443231,-3.76952536532448,-3.56415923992666,-3.47813280505188,-3.3978604040081,-3.26619390768931,11737.7855850309,0.999765915310376
"log_lik_catch[1199]",-0.523191147264844,0.000488516207341119,0.0533670772440452,-0.634547886455802,-0.556971243979258,-0.520213769009843,-0.486922275810637,-0.425390529497928,11934.0783125982,0.999776388412196
"log_lik_catch[1200]",-0.523191147264844,0.000488516207341119,0.0533670772440452,-0.634547886455802,-0.556971243979258,-0.520213769009843,-0.486922275810637,-0.425390529497928,11934.0783125982,0.999776388412196
"log_lik_catch[1201]",-2.01933295401984,0.000382421651561929,0.0389608772685569,-2.10351538564558,-2.04337832684911,-2.01634713918124,-1.99205068613804,-1.95035967054996,10379.4062090595,0.999747483487891
"log_lik_catch[1202]",-1.85737118503253,0.000605971942640026,0.0662446926931577,-1.99396322511794,-1.89998661655973,-1.85490969246396,-1.8117687475387,-1.73636586087933,11950.8046431526,0.999582766203993
"log_lik_catch[1203]",-0.677771728736653,0.00054975081605147,0.0595713598372579,-0.800823143104277,-0.715147340057564,-0.676061162094612,-0.636916289429996,-0.567527923058739,11742.0320736322,0.999612632018309
"log_lik_catch[1204]",-0.677771728736653,0.00054975081605147,0.0595713598372579,-0.800823143104277,-0.715147340057564,-0.676061162094612,-0.636916289429996,-0.567527923058739,11742.0320736322,0.999612632018309
"log_lik_catch[1205]",-1.04828635632801,0.000740701201308704,0.0799517745904271,-1.21181538151963,-1.09869446789853,-1.0461587229525,-0.993125933096085,-0.898324643017917,11651.185515338,0.999637922687326
"log_lik_catch[1206]",-0.677771728736653,0.00054975081605147,0.0595713598372579,-0.800823143104277,-0.715147340057564,-0.676061162094612,-0.636916289429996,-0.567527923058739,11742.0320736322,0.999612632018309
"log_lik_catch[1207]",-2.36418398153162,0.000360351333103112,0.0369147767283893,-2.44064707345104,-2.38838263484282,-2.36264885260898,-2.33881587862169,-2.29549351758728,10494.1731578442,0.999705458182411
"log_lik_catch[1208]",-0.808685144420991,0.000630174303889503,0.0690287638765456,-0.95166330984051,-0.853230258013814,-0.805933858033013,-0.760297838426445,-0.681234857343301,11998.8275647813,0.999707193635203
"log_lik_catch[1209]",-3.53561773120221,0.00134371246831581,0.149433977246143,-3.8590216930483,-3.63234994978522,-3.52561754239567,-3.43074697107732,-3.27021818374071,12367.6167006665,0.999612868878424
"log_lik_catch[1210]",-0.498121921217217,0.000445490080402678,0.0487232072807556,-0.600173401864189,-0.529158784586557,-0.495859348267447,-0.463746555783409,-0.408220002101877,11961.7758784625,0.999689093597761
"log_lik_catch[1211]",-0.498121921217217,0.000445490080402678,0.0487232072807556,-0.600173401864189,-0.529158784586557,-0.495859348267447,-0.463746555783409,-0.408220002101877,11961.7758784625,0.999689093597761
"log_lik_catch[1212]",-3.25438684203773,0.000932051912598914,0.102827046952899,-3.48224327652993,-3.31956981694006,-3.24654534003772,-3.18174412999649,-3.07573560970867,12171.2315133003,0.999634710670684
"log_lik_catch[1213]",-1.46543773802712,0.000265782592093529,0.0268593649011227,-1.52284155962835,-1.48263649844719,-1.46399778036396,-1.44700288214054,-1.41687129672196,10212.649181119,0.999779162442198
"log_lik_catch[1214]",-1.46543773802712,0.000265782592093529,0.0268593649011227,-1.52284155962835,-1.48263649844719,-1.46399778036396,-1.44700288214054,-1.41687129672196,10212.649181119,0.999779162442198
"log_lik_catch[1215]",-1.65627116072425,0.000486167644343093,0.0528470648098095,-1.76634213955052,-1.6899235344762,-1.65398900250615,-1.61925709098339,-1.56032423404869,11815.9770271709,0.999658642358027
"log_lik_catch[1216]",-4.13383839278862,0.00204282992457684,0.22770616136195,-4.61873917523332,-4.28385855119862,-4.12297833073351,-3.97526732208763,-3.7198475142521,12424.677994258,0.999602794733221
"log_lik_catch[1217]",-0.808685144420991,0.000630174303889503,0.0690287638765456,-0.95166330984051,-0.853230258013814,-0.805933858033013,-0.760297838426445,-0.681234857343301,11998.8275647813,0.999707193635203
"log_lik_catch[1218]",-1.21357556180773,0.000823991495010373,0.0900154632310349,-1.39928191766392,-1.27212657881634,-1.20979693466308,-1.15146807118422,-1.04432390550793,11934.0755645234,0.99973740689139
"log_lik_catch[1219]",-1.03516494432568,0.000742702199991712,0.0812738750492764,-1.20256144918443,-1.08770518665839,-1.03169125464892,-0.979114688580828,-0.884042714185378,11974.9170332595,0.999723509540725
"log_lik_catch[1220]",-3.45156933240245,0.000831054779962042,0.0910759536734567,-3.6554324243827,-3.50906235391513,-3.44399455618681,-3.38737369805746,-3.29461465754899,12010.1422561244,0.999647258827327
"log_lik_catch[1221]",-3.10969611866866,0.000354019947914392,0.0343752664233141,-3.17763386954744,-3.13243540533947,-3.10927704403464,-3.08615515823227,-3.04327631973489,9428.37131627749,0.999903332371408
"log_lik_catch[1222]",-2.57412269549407,0.000759784682629201,0.0836786317871415,-2.75685712298713,-2.62830231386851,-2.56860467579932,-2.51516563347926,-2.42566503304717,12129.6445197923,0.999650215940973
"log_lik_catch[1223]",-1.46543773802712,0.000265782592093529,0.0268593649011227,-1.52284155962835,-1.48263649844719,-1.46399778036396,-1.44700288214054,-1.41687129672196,10212.649181119,0.999779162442198
"log_lik_catch[1224]",-1.21357556180773,0.000823991495010373,0.0900154632310349,-1.39928191766392,-1.27212657881634,-1.20979693466308,-1.15146807118422,-1.04432390550793,11934.0755645234,0.99973740689139
"log_lik_catch[1225]",-0.808685144420991,0.000630174303889503,0.0690287638765456,-0.95166330984051,-0.853230258013814,-0.805933858033013,-0.760297838426445,-0.681234857343301,11998.8275647813,0.999707193635203
"log_lik_catch[1226]",-1.03516494432568,0.000742702199991712,0.0812738750492764,-1.20256144918443,-1.08770518665839,-1.03169125464892,-0.979114688580828,-0.884042714185378,11974.9170332595,0.999723509540725
"log_lik_catch[1227]",-1.21357556180773,0.000823991495010373,0.0900154632310349,-1.39928191766392,-1.27212657881634,-1.20979693466308,-1.15146807118422,-1.04432390550793,11934.0755645234,0.99973740689139
"log_lik_catch[1228]",-0.808685144420991,0.000630174303889503,0.0690287638765456,-0.95166330984051,-0.853230258013814,-0.805933858033013,-0.760297838426445,-0.681234857343301,11998.8275647813,0.999707193635203
"log_lik_catch[1229]",-1.66096340267052,0.00100944391041469,0.107893569765923,-1.88178010133902,-1.73006521178213,-1.657354878426,-1.58826648293102,-1.45872171134281,11424.2247885066,0.999690330062357
"log_lik_catch[1230]",-2.12460235933649,0.000458650445337147,0.0492218082564339,-2.22820918261298,-2.15616443172981,-2.12219047141435,-2.09074892663731,-2.03459674134342,11517.3214843134,0.999606144796904
"log_lik_catch[1231]",-1.56106245948386,0.000391263660313146,0.0419395365472803,-1.65056099593491,-1.58758461749719,-1.55871478202788,-1.53207152516822,-1.48556686184697,11489.6877707398,0.999604635191088
"log_lik_catch[1232]",-1.30494562402758,0.000856392864070746,0.0920812209074047,-1.49355528396496,-1.36351508607745,-1.3030257463504,-1.24313669941694,-1.1316409756224,11561.0174909872,0.999659077778359
"log_lik_catch[1233]",-2.3329799654271,0.000309768315292114,0.0302622290188382,-2.39325667257919,-2.35334416242871,-2.3325616136993,-2.31235092222911,-2.27490437196369,9543.94305931087,0.999824764460644
"log_lik_catch[1234]",-3.23009357053582,0.0006407984057067,0.0673474620738321,-3.37937178898094,-3.27122354361922,-3.22368959722282,-3.18396794666216,-3.11480238127292,11045.8622677278,0.999637838576869
"log_lik_catch[1235]",-1.56106245948386,0.000391263660313146,0.0419395365472803,-1.65056099593491,-1.58758461749719,-1.55871478202788,-1.53207152516822,-1.48556686184697,11489.6877707398,0.999604635191088
"log_lik_catch[1236]",-3.23009357053582,0.0006407984057067,0.0673474620738321,-3.37937178898094,-3.27122354361922,-3.22368959722282,-3.18396794666216,-3.11480238127292,11045.8622677278,0.999637838576869
"log_lik_catch[1237]",-1.30494562402758,0.000856392864070746,0.0920812209074047,-1.49355528396496,-1.36351508607745,-1.3030257463504,-1.24313669941694,-1.1316409756224,11561.0174909872,0.999659077778359
"log_lik_catch[1238]",-1.56106245948386,0.000391263660313146,0.0419395365472803,-1.65056099593491,-1.58758461749719,-1.55871478202788,-1.53207152516822,-1.48556686184697,11489.6877707398,0.999604635191088
"log_lik_catch[1239]",-1.30494562402758,0.000856392864070746,0.0920812209074047,-1.49355528396496,-1.36351508607745,-1.3030257463504,-1.24313669941694,-1.1316409756224,11561.0174909872,0.999659077778359
"log_lik_catch[1240]",-2.03826333263923,0.000366802678410722,0.0381990327839393,-2.11878234014735,-2.06281281482959,-2.03590728051253,-2.01216759876885,-1.96943712587644,10845.2542183386,0.999663074642713
"log_lik_catch[1241]",-2.81210605883542,0.000385167463515414,0.0388591589798819,-2.8943762876738,-2.83649784722318,-2.81034485011628,-2.78537862232495,-2.73977017856001,10178.5896678773,0.999839344794795
"log_lik_catch[1242]",-1.48033371967369,0.000293762688153404,0.0309982843378557,-1.54756449670934,-1.4999130630153,-1.47863621607079,-1.45888859452893,-1.42446294023187,11134.7904392814,0.999780185770617
"log_lik_catch[1243]",-3.45156933240245,0.000831054779962042,0.0910759536734567,-3.6554324243827,-3.50906235391513,-3.44399455618681,-3.38737369805746,-3.29461465754899,12010.1422561244,0.999647258827327
"log_lik_catch[1244]",-4.71108404659091,0.00226778135821331,0.252954583159933,-5.25794366874534,-4.87521234812121,-4.6961450826534,-4.53393592156333,-4.26003693844855,12441.7864612671,0.999597498784157
"log_lik_catch[1245]",-3.84333554124347,0.00145110127713467,0.161443937339147,-4.19603053902932,-3.94688959169275,-3.83219638077344,-3.73000714755,-3.55871046615322,12377.9302971706,0.999608915074107
"log_lik_catch[1246]",-5.01102231480387,0.00269641080054377,0.300750044082466,-5.65506394595714,-5.20801040548651,-4.99285994807166,-4.80111033019921,-4.47247231268336,12440.5414690551,0.999596650905755
"log_lik_catch[1247]",-3.45156933240245,0.000831054779962042,0.0910759536734567,-3.6554324243827,-3.50906235391513,-3.44399455618681,-3.38737369805746,-3.29461465754899,12010.1422561244,0.999647258827327
"log_lik_catch[1248]",-4.99762040783997,0.00254577431485097,0.284008139850046,-5.60850669750822,-5.18206492690904,-4.97974581379638,-4.7984582226093,-4.49211009905433,12445.7700859565,0.999595930828977
"log_lik_catch[1249]",-3.10113238965339,0.00117243745970103,0.130264708115969,-3.38073830562713,-3.18516924874433,-3.09340545491953,-3.01006202472011,-2.86714999224082,12344.5189228132,0.999620272682707
"log_lik_catch[1250]",-0.498121921217217,0.000445490080402678,0.0487232072807556,-0.600173401864189,-0.529158784586557,-0.495859348267447,-0.463746555783409,-0.408220002101877,11961.7758784625,0.999689093597761
"log_lik_catch[1251]",-2.336842128812,0.000321503279163579,0.0317165102956762,-2.40122726315604,-2.35763331379867,-2.33613793506117,-2.31515343245126,-2.27689305016287,9731.95248156895,0.999891225849278
"log_lik_catch[1252]",-0.808685144420991,0.000630174303889503,0.0690287638765456,-0.95166330984051,-0.853230258013814,-0.805933858033013,-0.760297838426445,-0.681234857343301,11998.8275647813,0.999707193635203
"log_lik_catch[1253]",-2.23408784151189,0.000550453755460045,0.0600125874517887,-2.35796621275046,-2.27262629238284,-2.23197173571111,-2.19224327796325,-2.12358007869975,11886.199783488,0.999655607200505
"log_lik_catch[1254]",-2.336842128812,0.000321503279163579,0.0317165102956762,-2.40122726315604,-2.35763331379867,-2.33613793506117,-2.31515343245126,-2.27689305016287,9731.95248156895,0.999891225849278
"log_lik_catch[1255]",-0.808685144420991,0.000630174303889503,0.0690287638765456,-0.95166330984051,-0.853230258013814,-0.805933858033013,-0.760297838426445,-0.681234857343301,11998.8275647813,0.999707193635203
"log_lik_catch[1256]",-1.46543773802712,0.000265782592093529,0.0268593649011227,-1.52284155962835,-1.48263649844719,-1.46399778036396,-1.44700288214054,-1.41687129672196,10212.649181119,0.999779162442198
"log_lik_catch[1257]",-2.81210605883542,0.000385167463515414,0.0388591589798819,-2.8943762876738,-2.83649784722318,-2.81034485011628,-2.78537862232495,-2.73977017856001,10178.5896678773,0.999839344794795
"log_lik_catch[1258]",-1.03516494432568,0.000742702199991712,0.0812738750492764,-1.20256144918443,-1.08770518665839,-1.03169125464892,-0.979114688580828,-0.884042714185378,11974.9170332595,0.999723509540725
"log_lik_catch[1259]",-1.03516494432568,0.000742702199991712,0.0812738750492764,-1.20256144918443,-1.08770518665839,-1.03169125464892,-0.979114688580828,-0.884042714185378,11974.9170332595,0.999723509540725
"log_lik_catch[1260]",-0.677771728736653,0.00054975081605147,0.0595713598372579,-0.800823143104277,-0.715147340057564,-0.676061162094612,-0.636916289429996,-0.567527923058739,11742.0320736322,0.999612632018309
"log_lik_catch[1261]",-1.85737118503253,0.000605971942640026,0.0662446926931577,-1.99396322511794,-1.89998661655973,-1.85490969246396,-1.8117687475387,-1.73636586087933,11950.8046431526,0.999582766203993
"log_lik_catch[1262]",-1.50155467191034,0.000941299543988165,0.100880755507087,-1.70857697199156,-1.56558488258155,-1.49889826968386,-1.43334073630551,-1.3125105035535,11485.7922192382,0.999676266333969
"log_lik_catch[1263]",-1.04828635632801,0.000740701201308704,0.0799517745904271,-1.21181538151963,-1.09869446789853,-1.0461587229525,-0.993125933096085,-0.898324643017917,11651.185515338,0.999637922687326
"log_lik_catch[1264]",-5.67329725323222,0.0033048194945024,0.363476202693825,-6.42957051683535,-5.90504919700219,-5.65401456399165,-5.41893557440766,-5.01475380659403,12096.4093972779,0.999578333482091
"log_lik_catch[1265]",-1.44517288720186,0.00022184338158857,0.0217403008362416,-1.48885070314121,-1.4597174866296,-1.44467863735441,-1.43023765659924,-1.40392933609192,9603.69028106474,0.999828938656809
"log_lik_catch[1266]",-2.38179443605027,0.000429672418147907,0.0441270019432848,-2.47678192024086,-2.4083596142112,-2.37881584452519,-2.35177407936243,-2.30359418628323,10547.1201055252,0.99970384568733
"log_lik_catch[1267]",-1.04828635632801,0.000740701201308704,0.0799517745904271,-1.21181538151963,-1.09869446789853,-1.0461587229525,-0.993125933096085,-0.898324643017917,11651.185515338,0.999637922687326
"log_lik_catch[1268]",-1.56106245948386,0.000391263660313146,0.0419395365472803,-1.65056099593491,-1.58758461749719,-1.55871478202788,-1.53207152516822,-1.48556686184697,11489.6877707398,0.999604635191088
"log_lik_catch[1269]",-1.04828635632801,0.000740701201308704,0.0799517745904271,-1.21181538151963,-1.09869446789853,-1.0461587229525,-0.993125933096085,-0.898324643017917,11651.185515338,0.999637922687326
"log_lik_catch[1270]",-3.13985343301922,0.000993155686430844,0.107444458710639,-3.36751410302844,-3.20718498967782,-3.13112545789727,-3.0657032478239,-2.95108550219059,11703.9747861584,0.999591672120049
"log_lik_catch[1271]",-1.04828635632801,0.000740701201308704,0.0799517745904271,-1.21181538151963,-1.09869446789853,-1.0461587229525,-0.993125933096085,-0.898324643017917,11651.185515338,0.999637922687326
"log_lik_catch[1272]",-4.95887959145529,0.00262515893074092,0.288393259730834,-5.55730841447627,-5.14227773235448,-4.94395808877084,-4.75776701452966,-4.43551953694483,12068.6587978144,0.999576703469668
"log_lik_catch[1273]",-5.67329725323222,0.0033048194945024,0.363476202693825,-6.42957051683535,-5.90504919700219,-5.65401456399165,-5.41893557440766,-5.01475380659403,12096.4093972779,0.999578333482091
"log_lik_catch[1274]",-3.02109143737436,0.000492628111518771,0.0505258015793566,-3.13113392449388,-3.05111092975989,-3.01748887872597,-2.98668566615041,-2.93255678032872,10519.3291043533,0.999691955891989
"log_lik_catch[1275]",-2.590257595207,0.000325837216667256,0.0318084232663303,-2.65346094707143,-2.61166311746847,-2.58985487811076,-2.56864572141647,-2.52908919352201,9529.78074918926,0.999823947546742
"log_lik_catch[1276]",-1.30494562402758,0.000856392864070746,0.0920812209074047,-1.49355528396496,-1.36351508607745,-1.3030257463504,-1.24313669941694,-1.1316409756224,11561.0174909872,0.999659077778359
"log_lik_catch[1277]",-2.38179443605027,0.000429672418147907,0.0441270019432848,-2.47678192024086,-2.4083596142112,-2.37881584452519,-2.35177407936243,-2.30359418628323,10547.1201055252,0.99970384568733
"log_lik_catch[1278]",-1.04828635632801,0.000740701201308704,0.0799517745904271,-1.21181538151963,-1.09869446789853,-1.0461587229525,-0.993125933096085,-0.898324643017917,11651.185515338,0.999637922687326
"log_lik_catch[1279]",-1.30494562402758,0.000856392864070746,0.0920812209074047,-1.49355528396496,-1.36351508607745,-1.3030257463504,-1.24313669941694,-1.1316409756224,11561.0174909872,0.999659077778359
"log_lik_catch[1280]",-1.71589714774252,0.000519657579463891,0.0567181340713496,-1.83426163071287,-1.75238806771449,-1.7132546014632,-1.67679182491318,-1.61301318339203,11912.6762075629,0.999582084567727
"log_lik_catch[1281]",-1.56106245948386,0.000391263660313146,0.0419395365472803,-1.65056099593491,-1.58758461749719,-1.55871478202788,-1.53207152516822,-1.48556686184697,11489.6877707398,0.999604635191088
"log_lik_catch[1282]",-0.677771728736653,0.00054975081605147,0.0595713598372579,-0.800823143104277,-0.715147340057564,-0.676061162094612,-0.636916289429996,-0.567527923058739,11742.0320736322,0.999612632018309
"log_lik_catch[1283]",-0.677771728736653,0.00054975081605147,0.0595713598372579,-0.800823143104277,-0.715147340057564,-0.676061162094612,-0.636916289429996,-0.567527923058739,11742.0320736322,0.999612632018309
"log_lik_catch[1284]",-1.30494562402758,0.000856392864070746,0.0920812209074047,-1.49355528396496,-1.36351508607745,-1.3030257463504,-1.24313669941694,-1.1316409756224,11561.0174909872,0.999659077778359
"log_lik_catch[1285]",-2.09245675616063,0.000719818032921044,0.0784715894604962,-2.25408709882216,-2.14260715469979,-2.0901481648918,-2.03867332671615,-1.94756960392596,11884.4600208761,0.999596844553288
"log_lik_catch[1286]",-4.24305048841063,0.00153123209595675,0.166878021314417,-4.59991929876906,-4.34609589930799,-4.23026507954011,-4.12667461949076,-3.95182603727107,11877.2592433505,0.999578849649491
"log_lik_catch[1287]",-2.76482763975931,0.000694675914655063,0.0740524720321953,-2.9255423845276,-2.8108624200817,-2.75869862636597,-2.71393477610415,-2.63584985265231,11363.5659938586,0.99961885207989
"log_lik_catch[1288]",-2.61117766298184,0.000358855892334243,0.036407348793342,-2.68503204869724,-2.63521029905049,-2.61022421489646,-2.58628613242586,-2.5427184332856,10292.9045559687,0.999733271984275
"log_lik_catch[1289]",-1.44517288720186,0.00022184338158857,0.0217403008362416,-1.48885070314121,-1.4597174866296,-1.44467863735441,-1.43023765659924,-1.40392933609192,9603.69028106474,0.999828938656809
"log_lik_catch[1290]",-2.38179443605027,0.000429672418147907,0.0441270019432848,-2.47678192024086,-2.4083596142112,-2.37881584452519,-2.35177407936243,-2.30359418628323,10547.1201055252,0.99970384568733
"log_lik_catch[1291]",-1.04828635632801,0.000740701201308704,0.0799517745904271,-1.21181538151963,-1.09869446789853,-1.0461587229525,-0.993125933096085,-0.898324643017917,11651.185515338,0.999637922687326
"log_lik_catch[1292]",-0.677771728736653,0.00054975081605147,0.0595713598372579,-0.800823143104277,-0.715147340057564,-0.676061162094612,-0.636916289429996,-0.567527923058739,11742.0320736322,0.999612632018309
"log_lik_catch[1293]",-0.677771728736653,0.00054975081605147,0.0595713598372579,-0.800823143104277,-0.715147340057564,-0.676061162094612,-0.636916289429996,-0.567527923058739,11742.0320736322,0.999612632018309
"log_lik_catch[1294]",-1.98525322382148,0.000281907595078211,0.0275722254746561,-2.04038855772526,-2.0037603287097,-1.98477142863168,-1.96640254490923,-1.93253026755192,9565.99367318599,0.999826139297816
"log_lik_catch[1295]",-1.30494562402758,0.000856392864070746,0.0920812209074047,-1.49355528396496,-1.36351508607745,-1.3030257463504,-1.24313669941694,-1.1316409756224,11561.0174909872,0.999659077778359
"log_lik_catch[1296]",-1.03201604392122,0.00054108444511499,0.0570697187123127,-1.14569887429551,-1.07017243569301,-1.03047467288395,-0.992303921926517,-0.92418519269727,11124.5221632874,1.00009820737755
"log_lik_catch[1297]",-4.27088669814707,0.00111203303193928,0.116420380005573,-4.51528446295026,-4.34566695557802,-4.26580078781868,-4.18833085132563,-4.0585417401343,10960.3052470575,1.00005159918084
"log_lik_catch[1298]",-1.03201604392122,0.00054108444511499,0.0570697187123127,-1.14569887429551,-1.07017243569301,-1.03047467288395,-0.992303921926517,-0.92418519269727,11124.5221632874,1.00009820737755
"log_lik_catch[1299]",-2.35710328957419,0.0003142457310487,0.0319496815573708,-2.42177386506205,-2.37843031334891,-2.35673079214526,-2.3354994121996,-2.29548343464644,10336.9947231447,0.999962819083856
"log_lik_catch[1300]",-1.64166344931946,0.000789864471450983,0.0834664341097746,-1.80732853789263,-1.69791695863671,-1.63963553193135,-1.58455784398426,-1.48325169930851,11166.5383204255,1.00002690764407
"log_lik_catch[1301]",-1.03201604392122,0.00054108444511499,0.0570697187123127,-1.14569887429551,-1.07017243569301,-1.03047467288395,-0.992303921926517,-0.92418519269727,11124.5221632874,1.00009820737755
"log_lik_catch[1302]",-1.03201604392122,0.00054108444511499,0.0570697187123127,-1.14569887429551,-1.07017243569301,-1.03047467288395,-0.992303921926517,-0.92418519269727,11124.5221632874,1.00009820737755
"log_lik_catch[1303]",-0.664880777238985,0.000388771637859096,0.0408473553019933,-0.746465202398353,-0.691860618405277,-0.663693206522425,-0.636511781068617,-0.588190098756019,11039.2288731137,1.00014155029967
"log_lik_catch[1304]",-3.26464000975576,0.000363661903720143,0.0378211361433759,-3.34082579665523,-3.28948270950387,-3.2642061337008,-3.23868263705864,-3.19301879362665,10816.1705342019,0.999886034649105
"log_lik_catch[1305]",-1.01909430380382,0.000616406646322519,0.0625540155139631,-1.14615402092664,-1.05987841342591,-1.01761636553523,-0.976439049973829,-0.902335976354763,10298.5424001931,1.00019886797205
"log_lik_catch[1306]",-0.794529379394234,0.000516408089722099,0.0521722357761473,-0.900382060153789,-0.828387288922994,-0.793411981768213,-0.758421506894856,-0.696428641158921,10206.8756187629,1.00021779731894
"log_lik_catch[1307]",-2.58770638461837,0.000654343146141013,0.0656698560430764,-2.72573935616706,-2.63026930133359,-2.58454420574157,-2.54261510546159,-2.46784294129981,10072.1228197028,1.0001542444224
"log_lik_catch[1308]",-1.01909430380382,0.000616406646322519,0.0625540155139631,-1.14615402092664,-1.05987841342591,-1.01761636553523,-0.976439049973829,-0.902335976354763,10298.5424001931,1.00019886797205
"log_lik_catch[1309]",-1.01909430380382,0.000616406646322519,0.0625540155139631,-1.14615402092664,-1.05987841342591,-1.01761636553523,-0.976439049973829,-0.902335976354763,10298.5424001931,1.00019886797205
"log_lik_catch[1310]",-4.17516153606397,0.00175443411938579,0.174590860894102,-4.52895830584931,-4.28991004202901,-4.16830947427913,-4.05441189503899,-3.85180997528109,9903.04798697442,1.00014477507821
"log_lik_catch[1311]",-0.794529379394234,0.000516408089722099,0.0521722357761473,-0.900382060153789,-0.828387288922994,-0.793411981768213,-0.758421506894856,-0.696428641158921,10206.8756187629,1.00021779731894
"log_lik_catch[1312]",-0.794529379394234,0.000516408089722099,0.0521722357761473,-0.900382060153789,-0.828387288922994,-0.793411981768213,-0.758421506894856,-0.696428641158921,10206.8756187629,1.00021779731894
"log_lik_catch[1313]",-0.794529379394234,0.000516408089722099,0.0521722357761473,-0.900382060153789,-0.828387288922994,-0.793411981768213,-0.758421506894856,-0.696428641158921,10206.8756187629,1.00021779731894
"log_lik_catch[1314]",-0.487693600329095,0.000359309424593602,0.03607775913125,-0.561215510399654,-0.51080507326935,-0.486741517891516,-0.462614575179022,-0.42041178632128,10081.8885417889,1.00023651569196
"log_lik_catch[1315]",-3.17826551805476,0.000876969343162189,0.0876368470545644,-3.3605392294679,-3.23606770412009,-3.17331352927572,-3.11777168361816,-3.01982312342501,9986.30130525216,1.00015709289305
"log_lik_catch[1316]",-4.17516153606397,0.00175443411938579,0.174590860894102,-4.52895830584931,-4.28991004202901,-4.16830947427913,-4.05441189503899,-3.85180997528109,9903.04798697442,1.00014477507821
"log_lik_catch[1317]",-0.487693600329095,0.000359309424593602,0.03607775913125,-0.561215510399654,-0.51080507326935,-0.486741517891516,-0.462614575179022,-0.42041178632128,10081.8885417889,1.00023651569196
"log_lik_catch[1318]",-1.01909430380382,0.000616406646322519,0.0625540155139631,-1.14615402092664,-1.05987841342591,-1.01761636553523,-0.976439049973829,-0.902335976354763,10298.5424001931,1.00019886797205
"log_lik_catch[1319]",-2.03794219722229,0.000352281172100296,0.0358548237645059,-2.11119278210705,-2.06083699729036,-2.03663281601799,-2.013385299944,-1.97193504869653,10358.9638871847,1.0000553001196
"log_lik_catch[1320]",-0.487693600329095,0.000359309424593602,0.03607775913125,-0.561215510399654,-0.51080507326935,-0.486741517891516,-0.462614575179022,-0.42041178632128,10081.8885417889,1.00023651569196
"log_lik_catch[1321]",-6.74837613765025,0.00375966420284415,0.373994207178424,-7.50562291812355,-6.99507914971298,-6.73732381949249,-6.48987121439505,-6.0528434640464,9895.36085326577,1.00010658474928
"log_lik_catch[1322]",-0.794529379394234,0.000516408089722099,0.0521722357761473,-0.900382060153789,-0.828387288922994,-0.793411981768213,-0.758421506894856,-0.696428641158921,10206.8756187629,1.00021779731894
"log_lik_catch[1323]",-1.19633925617891,0.00069128679482397,0.0703900168878285,-1.33870409679909,-1.24189031860825,-1.19474879076546,-1.14824613597144,-1.06482616296845,10368.2537371461,1.0001812493428
"log_lik_catch[1324]",-2.58770638461837,0.000654343146141013,0.0656698560430764,-2.72573935616706,-2.63026930133359,-2.58454420574157,-2.54261510546159,-2.46784294129981,10072.1228197028,1.0001542444224
"log_lik_catch[1325]",-0.487693600329095,0.000359309424593602,0.03607775913125,-0.561215510399654,-0.51080507326935,-0.486741517891516,-0.462614575179022,-0.42041178632128,10081.8885417889,1.00023651569196
"log_lik_catch[1326]",-1.48353991427518,0.000267219348741233,0.0273300957609247,-1.53956046170083,-1.50111432070512,-1.48255284880655,-1.46467207295251,-1.43315047406835,10460.3569428743,1.00004068814669
"log_lik_catch[1327]",-0.794529379394234,0.000516408089722099,0.0521722357761473,-0.900382060153789,-0.828387288922994,-0.793411981768213,-0.758421506894856,-0.696428641158921,10206.8756187629,1.00021779731894
"log_lik_catch[1328]",-0.794529379394234,0.000516408089722099,0.0521722357761473,-0.900382060153789,-0.828387288922994,-0.793411981768213,-0.758421506894856,-0.696428641158921,10206.8756187629,1.00021779731894
"log_lik_catch[1329]",-0.487693600329095,0.000359309424593602,0.03607775913125,-0.561215510399654,-0.51080507326935,-0.486741517891516,-0.462614575179022,-0.42041178632128,10081.8885417889,1.00023651569196
"log_lik_catch[1330]",-1.46052845771738,0.000236343825576484,0.0236313073293071,-1.50922725797956,-1.47580263857128,-1.45980326476545,-1.44437620498599,-1.41561349252862,9997.39783490046,0.999971420036329
"log_lik_catch[1331]",-1.46052845771738,0.000236343825576484,0.0236313073293071,-1.50922725797956,-1.47580263857128,-1.45980326476545,-1.44437620498599,-1.41561349252862,9997.39783490046,0.999971420036329
"log_lik_catch[1332]",-0.794529379394234,0.000516408089722099,0.0521722357761473,-0.900382060153789,-0.828387288922994,-0.793411981768213,-0.758421506894856,-0.696428641158921,10206.8756187629,1.00021779731894
"log_lik_catch[1333]",-3.17826551805476,0.000876969343162189,0.0876368470545644,-3.3605392294679,-3.23606770412009,-3.17331352927572,-3.11777168361816,-3.01982312342501,9986.30130525216,1.00015709289305
"log_lik_catch[1334]",-0.487693600329095,0.000359309424593602,0.03607775913125,-0.561215510399654,-0.51080507326935,-0.486741517891516,-0.462614575179022,-0.42041178632128,10081.8885417889,1.00023651569196
"log_lik_catch[1335]",-0.794529379394234,0.000516408089722099,0.0521722357761473,-0.900382060153789,-0.828387288922994,-0.793411981768213,-0.758421506894856,-0.696428641158921,10206.8756187629,1.00021779731894
"log_lik_catch[1336]",-4.30148557064111,0.00109120109795182,0.108745877832415,-4.53000739355494,-4.37282771647761,-4.29444849525227,-4.2260090360592,-4.10740540493771,9931.52678430874,1.00014568676305
"log_lik_catch[1337]",-4.13651572692133,0.00180140028456956,0.179225832772432,-4.4933560665651,-4.25613134539796,-4.1314739164947,-4.01344513080415,-3.79897555320105,9898.7592087394,1.0001544468217
"log_lik_catch[1338]",-1.551549349644,0.000297634573367084,0.0304183672606939,-1.61415188976844,-1.57097650153647,-1.55082674106482,-1.53061106267501,-1.49405988742517,10444.9181950639,1.0001092616813
"log_lik_catch[1339]",-1.03201604392122,0.00054108444511499,0.0570697187123127,-1.14569887429551,-1.07017243569301,-1.03047467288395,-0.992303921926517,-0.92418519269727,11124.5221632874,1.00009820737755
"log_lik_catch[1340]",-2.38579573134428,0.000348455736191174,0.036488212976702,-2.46126329026775,-2.40978985954219,-2.38488934230266,-2.36031697927071,-2.31744129478612,10965.0332256608,0.999923087282716
"log_lik_catch[1341]",-2.97265718197673,0.000330693557762197,0.0342143375713636,-3.0409155881416,-2.99588574796124,-2.97225793729693,-2.94912881506794,-2.90704268011642,10704.4609682788,0.99986302315496
"log_lik_catch[1342]",-1.03201604392122,0.00054108444511499,0.0570697187123127,-1.14569887429551,-1.07017243569301,-1.03047467288395,-0.992303921926517,-0.92418519269727,11124.5221632874,1.00009820737755
"log_lik_catch[1343]",-4.47342306505674,0.00125419442075925,0.131189716123528,-4.74789102691473,-4.55757406708169,-4.46809585511145,-4.38084055193036,-4.23286804506474,10941.3234168798,1.00005286446241
"log_lik_catch[1344]",-2.03029661820766,0.000305372027284963,0.0310546180889518,-2.09335990084439,-2.05058188257759,-2.02945171822775,-2.00915583482601,-1.97137678312535,10341.7463273918,1.00001098940844
"log_lik_catch[1345]",-1.70300091657582,0.000373718083427142,0.0385834703137904,-1.78249309439201,-1.72818579288252,-1.70200676814106,-1.67647590977284,-1.62979523121952,10658.9481042928,1.00016453957038
"log_lik_catch[1346]",-4.27088669814707,0.00111203303193928,0.116420380005573,-4.51528446295026,-4.34566695557802,-4.26580078781868,-4.18833085132563,-4.0585417401343,10960.3052470575,1.00005159918084
"log_lik_catch[1347]",-2.1136420116353,0.000352693224256679,0.0360748664369061,-2.18680539489669,-2.13680671213065,-2.11300198106855,-2.08899939215887,-2.04510422978178,10462.0124143583,1.0000947351568
"log_lik_catch[1348]",-1.03201604392122,0.00054108444511499,0.0570697187123127,-1.14569887429551,-1.07017243569301,-1.03047467288395,-0.992303921926517,-0.92418519269727,11124.5221632874,1.00009820737755
"log_lik_catch[1349]",-3.53385356498879,0.000946778997873518,0.0992115113979673,-3.74057302572252,-3.59820718539386,-3.53026756557435,-3.46468577384697,-3.35115929337009,10980.6209618968,1.00006209680659
"log_lik_catch[1350]",-3.11412890314141,0.000332117006458734,0.0343012746610416,-3.18208403229082,-3.13739918711101,-3.11393488274193,-3.09051582253112,-3.04814516443056,10666.9015943873,0.999859694989757
"log_lik_catch[1351]",-2.77558613762025,0.000515502902563998,0.0541907240685501,-2.88781737229172,-2.81085100691751,-2.77371163863293,-2.7374785164785,-2.67724067690453,11050.6462812507,1.00001114791705
"log_lik_catch[1352]",-3.44284990123686,0.00109652178929694,0.114715629175842,-3.67796679991913,-3.5177686224365,-3.43989681311592,-3.36252154793484,-3.22681299567018,10944.8710874225,1.00008353967939
"log_lik_catch[1353]",-2.1136420116353,0.000352693224256679,0.0360748664369061,-2.18680539489669,-2.13680671213065,-2.11300198106855,-2.08899939215887,-2.04510422978178,10462.0124143583,1.0000947351568
"log_lik_catch[1354]",-1.551549349644,0.000297634573367084,0.0304183672606939,-1.61415188976844,-1.57097650153647,-1.55082674106482,-1.53061106267501,-1.49405988742517,10444.9181950639,1.0001092616813
"log_lik_catch[1355]",-3.6564852525883,0.00071182182701172,0.0747048093055839,-3.81265880695763,-3.70495712798008,-3.65352701677106,-3.60459201187184,-3.52179676838292,11014.2396364789,1.00003079886744
"log_lik_catch[1356]",-2.96080405782124,0.000320059752918347,0.0327648882689439,-3.02557311979615,-2.9828689278803,-2.96079412191509,-2.9385445485787,-2.89726275930719,10479.8544594804,0.99986854328335
"log_lik_catch[1357]",-4.02448010377018,0.000579388299207227,0.0607771816872906,-4.15218005623905,-4.06355396046194,-4.02183009986395,-3.98174178677609,-3.91545811255362,11003.7743066075,0.999994928261506
"log_lik_catch[1358]",-3.15736913344709,0.000720967038322748,0.0756887599272399,-3.31420457970923,-3.20690105635737,-3.1547414319552,-3.1049297634039,-3.0201841405632,11021.2780770203,1.00004861095742
"log_lik_catch[1359]",-2.38579573134428,0.000348455736191174,0.036488212976702,-2.46126329026775,-2.40978985954219,-2.38488934230266,-2.36031697927071,-2.31744129478612,10965.0332256608,0.999923087282716
"log_lik_catch[1360]",-1.84253118158758,0.00042802816023855,0.0444484948530012,-1.9331267367571,-1.87210146157172,-1.84118871161527,-1.8121049730321,-1.75906509897206,10783.7406231297,1.00017457391446
"log_lik_catch[1361]",-2.53324529212271,0.000399844827280705,0.0410740457940313,-2.61732254793067,-2.5598371970486,-2.53258760554183,-2.50535305028293,-2.45447236333294,10552.4183860493,1.00012017231405
"log_lik_catch[1362]",-1.03201604392122,0.00054108444511499,0.0570697187123127,-1.14569887429551,-1.07017243569301,-1.03047467288395,-0.992303921926517,-0.92418519269727,11124.5221632874,1.00009820737755
"log_lik_catch[1363]",-1.03201604392122,0.00054108444511499,0.0570697187123127,-1.14569887429551,-1.07017243569301,-1.03047467288395,-0.992303921926517,-0.92418519269727,11124.5221632874,1.00009820737755
"log_lik_catch[1364]",-4.27088669814707,0.00111203303193928,0.116420380005573,-4.51528446295026,-4.34566695557802,-4.26580078781868,-4.18833085132563,-4.0585417401343,10960.3052470575,1.00005159918084
"log_lik_catch[1365]",-3.53385356498879,0.000946778997873518,0.0992115113979673,-3.74057302572252,-3.59820718539386,-3.53026756557435,-3.46468577384697,-3.35115929337009,10980.6209618968,1.00006209680659
"log_lik_catch[1366]",-4.27088669814707,0.00111203303193928,0.116420380005573,-4.51528446295026,-4.34566695557802,-4.26580078781868,-4.18833085132563,-4.0585417401343,10960.3052470575,1.00005159918084
"log_lik_catch[1367]",-3.90657249075084,0.00118531006631503,0.124001176587536,-4.16387064152965,-3.98706044028934,-3.90237296231655,-3.81940062457235,-3.67664342213086,10944.2918703074,1.00006595592436
"log_lik_catch[1368]",-3.15736913344709,0.000720967038322748,0.0756887599272399,-3.31420457970923,-3.20690105635737,-3.1547414319552,-3.1049297634039,-3.0201841405632,11021.2780770203,1.00004861095742
"log_lik_catch[1369]",-3.49801165679257,0.00039458906980542,0.0411564342787199,-3.58295204639544,-3.52515074478791,-3.49728663617309,-3.46963639956332,-3.42112246759498,10878.9099106803,0.999908235772434
"log_lik_catch[1370]",-3.90657249075084,0.00118531006631503,0.124001176587536,-4.16387064152965,-3.98706044028934,-3.90237296231655,-3.81940062457235,-3.67664342213086,10944.2918703074,1.00006595592436
"log_lik_catch[1371]",-2.35710328957419,0.0003142457310487,0.0319496815573708,-2.42177386506205,-2.37843031334891,-2.35673079214526,-2.3354994121996,-2.29548343464644,10336.9947231447,0.999962819083856
"log_lik_catch[1372]",-0.664880777238985,0.000388771637859096,0.0408473553019933,-0.746465202398353,-0.691860618405277,-0.663693206522425,-0.636511781068617,-0.588190098756019,11039.2288731137,1.00014155029967
"log_lik_catch[1373]",-0.664880777238985,0.000388771637859096,0.0408473553019933,-0.746465202398353,-0.691860618405277,-0.663693206522425,-0.636511781068617,-0.588190098756019,11039.2288731137,1.00014155029967
"log_lik_catch[1374]",-1.551549349644,0.000297634573367084,0.0304183672606939,-1.61415188976844,-1.57097650153647,-1.55082674106482,-1.53061106267501,-1.49405988742517,10444.9181950639,1.0001092616813
"log_lik_catch[1375]",-1.98249731654856,0.000262854928129977,0.0269390005052499,-2.03621573998261,-2.00054838105319,-1.98235820231595,-1.96409250385415,-1.93063933445185,10503.4194514517,0.999871620205764
"log_lik_catch[1376]",-2.38579573134428,0.000348455736191174,0.036488212976702,-2.46126329026775,-2.40978985954219,-2.38488934230266,-2.36031697927071,-2.31744129478612,10965.0332256608,0.999923087282716
"log_lik_catch[1377]",-5.41129991302483,0.00126183287355344,0.132014611692961,-5.68985544372306,-5.49534528735379,-5.40493417380806,-5.31753918043399,-5.17158830310488,10945.6190799904,1.0000411807464
"log_lik_catch[1378]",-1.03201604392122,0.00054108444511499,0.0570697187123127,-1.14569887429551,-1.07017243569301,-1.03047467288395,-0.992303921926517,-0.92418519269727,11124.5221632874,1.00009820737755
"log_lik_catch[1379]",-2.80900241796335,0.000330299135791539,0.0342608962754453,-2.87762578863746,-2.83185177599417,-2.80880266632913,-2.78546213947528,-2.74371676448806,10759.264034877,0.999870164474601
"log_lik_catch[1380]",-0.664880777238985,0.000388771637859096,0.0408473553019933,-0.746465202398353,-0.691860618405277,-0.663693206522425,-0.636511781068617,-0.588190098756019,11039.2288731137,1.00014155029967
"log_lik_catch[1381]",-3.43611046604635,0.000714999810857131,0.0750510122511583,-3.59222891685334,-3.48497577812995,-3.43322429163575,-3.38388978521105,-3.30037296205422,11017.9616020316,1.0000373794863
"log_lik_catch[1382]",-1.551549349644,0.000297634573367084,0.0304183672606939,-1.61415188976844,-1.57097650153647,-1.55082674106482,-1.53061106267501,-1.49405988742517,10444.9181950639,1.0001092616813
"log_lik_catch[1383]",-2.79445973738617,0.000735673029840574,0.0772144879666928,-2.9521911335397,-2.84568565230267,-2.79239279791304,-2.74143633188237,-2.65185204768105,11016.1013273576,1.00007202399982
"log_lik_catch[1384]",-1.28711987612576,0.000643164248502028,0.067929178729445,-1.42217623920743,-1.33307906746497,-1.28516898512292,-1.23994861385915,-1.15751508286276,11154.9836289769,1.00006720187406
"log_lik_catch[1385]",-0.664880777238985,0.000388771637859096,0.0408473553019933,-0.746465202398353,-0.691860618405277,-0.663693206522425,-0.636511781068617,-0.588190098756019,11039.2288731137,1.00014155029967
"log_lik_catch[1386]",-2.35710328957419,0.0003142457310487,0.0319496815573708,-2.42177386506205,-2.37843031334891,-2.35673079214526,-2.3354994121996,-2.29548343464644,10336.9947231447,0.999962819083856
"log_lik_catch[1387]",-0.664880777238985,0.000388771637859096,0.0408473553019933,-0.746465202398353,-0.691860618405277,-0.663693206522425,-0.636511781068617,-0.588190098756019,11039.2288731137,1.00014155029967
"log_lik_catch[1388]",-2.03029661820766,0.000305372027284963,0.0310546180889518,-2.09335990084439,-2.05058188257759,-2.02945171822775,-2.00915583482601,-1.97137678312535,10341.7463273918,1.00001098940844
"log_lik_catch[1389]",-4.71831684375482,0.00187738516116548,0.195389679733508,-5.11668855110661,-4.84670513218773,-4.713592637949,-4.58472666939306,-4.34551254330901,10831.6964390468,1.00007858168874
"log_lik_catch[1390]",-1.28711987612576,0.000643164248502028,0.067929178729445,-1.42217623920743,-1.33307906746497,-1.28516898512292,-1.23994861385915,-1.15751508286276,11154.9836289769,1.00006720187406
"log_lik_catch[1391]",-4.87604048518229,0.00154762332947931,0.161560931047068,-5.21531311094371,-4.98002204216288,-4.87048174234389,-4.7637189168603,-4.57926595456059,10897.8834490086,1.00005245662435
"log_lik_catch[1392]",-2.32994276773066,0.000288722072639074,0.0295758879416145,-2.38869209732718,-2.34982002927588,-2.32985095904544,-2.30977428482302,-2.27281835854614,10493.3850828864,0.999870211837837
"log_lik_catch[1393]",-0.664880777238985,0.000388771637859096,0.0408473553019933,-0.746465202398353,-0.691860618405277,-0.663693206522425,-0.636511781068617,-0.588190098756019,11039.2288731137,1.00014155029967
"log_lik_catch[1394]",-1.03201604392122,0.00054108444511499,0.0570697187123127,-1.14569887429551,-1.07017243569301,-1.03047467288395,-0.992303921926517,-0.92418519269727,11124.5221632874,1.00009820737755
"log_lik_catch[1395]",-1.98249731654856,0.000262854928129977,0.0269390005052499,-2.03621573998261,-2.00054838105319,-1.98235820231595,-1.96409250385415,-1.93063933445185,10503.4194514517,0.999871620205764
"log_lik_catch[1396]",-0.664880777238985,0.000388771637859096,0.0408473553019933,-0.746465202398353,-0.691860618405277,-0.663693206522425,-0.636511781068617,-0.588190098756019,11039.2288731137,1.00014155029967
"log_lik_catch[1397]",-1.03201604392122,0.00054108444511499,0.0570697187123127,-1.14569887429551,-1.07017243569301,-1.03047467288395,-0.992303921926517,-0.92418519269727,11124.5221632874,1.00009820737755
"log_lik_catch[1398]",-1.96605612364053,0.000471273769483668,0.0491306201360301,-2.0658318576881,-1.99843144458367,-1.96461099829039,-1.93218032281433,-1.87338275455118,10868.2083512634,1.00017039081789
"log_lik_catch[1399]",-1.03201604392122,0.00054108444511499,0.0570697187123127,-1.14569887429551,-1.07017243569301,-1.03047467288395,-0.992303921926517,-0.92418519269727,11124.5221632874,1.00009820737755
"log_lik_catch[1400]",-1.03201604392122,0.00054108444511499,0.0570697187123127,-1.14569887429551,-1.07017243569301,-1.03047467288395,-0.992303921926517,-0.92418519269727,11124.5221632874,1.00009820737755
"log_lik_catch[1401]",-1.70300091657582,0.000373718083427142,0.0385834703137904,-1.78249309439201,-1.72818579288252,-1.70200676814106,-1.67647590977284,-1.62979523121952,10658.9481042928,1.00016453957038
"log_lik_catch[1402]",-1.77533101940491,0.000847639971325337,0.0895623728484449,-1.95292967258423,-1.83613057993845,-1.77278126187633,-1.71400038914561,-1.6045278709176,11164.2184597698,1.00001321335272
"log_lik_catch[1403]",-0.664880777238985,0.000388771637859096,0.0408473553019933,-0.746465202398353,-0.691860618405277,-0.663693206522425,-0.636511781068617,-0.588190098756019,11039.2288731137,1.00014155029967
"log_lik_catch[1404]",-0.664880777238985,0.000388771637859096,0.0408473553019933,-0.746465202398353,-0.691860618405277,-0.663693206522425,-0.636511781068617,-0.588190098756019,11039.2288731137,1.00014155029967
"log_lik_catch[1405]",-0.664880777238985,0.000388771637859096,0.0408473553019933,-0.746465202398353,-0.691860618405277,-0.663693206522425,-0.636511781068617,-0.588190098756019,11039.2288731137,1.00014155029967
"log_lik_catch[1406]",-2.35710328957419,0.0003142457310487,0.0319496815573708,-2.42177386506205,-2.37843031334891,-2.35673079214526,-2.3354994121996,-2.29548343464644,10336.9947231447,0.999962819083856
"log_lik_catch[1407]",-0.664880777238985,0.000388771637859096,0.0408473553019933,-0.746465202398353,-0.691860618405277,-0.663693206522425,-0.636511781068617,-0.588190098756019,11039.2288731137,1.00014155029967
"log_lik_catch[1408]",-0.664880777238985,0.000388771637859096,0.0408473553019933,-0.746465202398353,-0.691860618405277,-0.663693206522425,-0.636511781068617,-0.588190098756019,11039.2288731137,1.00014155029967
"log_lik_catch[1409]",-1.46052845771738,0.000236343825576484,0.0236313073293071,-1.50922725797956,-1.47580263857128,-1.45980326476545,-1.44437620498599,-1.41561349252862,9997.39783490046,0.999971420036329
"log_lik_catch[1410]",-4.13651572692133,0.00180140028456956,0.179225832772432,-4.4933560665651,-4.25613134539796,-4.1314739164947,-4.01344513080415,-3.79897555320105,9898.7592087394,1.0001544468217
"log_lik_catch[1411]",-1.48353991427518,0.000267219348741233,0.0273300957609247,-1.53956046170083,-1.50111432070512,-1.48255284880655,-1.46467207295251,-1.43315047406835,10460.3569428743,1.00004068814669
"log_lik_catch[1412]",-5.84740917073648,0.00294416216081957,0.292721800059653,-6.42826582375669,-6.04186086836826,-5.84250886786605,-5.64429817259203,-5.29812542671939,9885.22777605164,1.000130013334
"log_lik_catch[1413]",-2.58770638461837,0.000654343146141013,0.0656698560430764,-2.72573935616706,-2.63026930133359,-2.58454420574157,-2.54261510546159,-2.46784294129981,10072.1228197028,1.0001542444224
"log_lik_catch[1414]",-0.794529379394234,0.000516408089722099,0.0521722357761473,-0.900382060153789,-0.828387288922994,-0.793411981768213,-0.758421506894856,-0.696428641158921,10206.8756187629,1.00021779731894
"log_lik_catch[1415]",-0.794529379394234,0.000516408089722099,0.0521722357761473,-0.900382060153789,-0.828387288922994,-0.793411981768213,-0.758421506894856,-0.696428641158921,10206.8756187629,1.00021779731894
"log_lik_catch[1416]",-0.794529379394234,0.000516408089722099,0.0521722357761473,-0.900382060153789,-0.828387288922994,-0.793411981768213,-0.758421506894856,-0.696428641158921,10206.8756187629,1.00021779731894
"log_lik_catch[1417]",-2.58770638461837,0.000654343146141013,0.0656698560430764,-2.72573935616706,-2.63026930133359,-2.58454420574157,-2.54261510546159,-2.46784294129981,10072.1228197028,1.0001542444224
"log_lik_catch[1418]",-2.03794219722229,0.000352281172100296,0.0358548237645059,-2.11119278210705,-2.06083699729036,-2.03663281601799,-2.013385299944,-1.97193504869653,10358.9638871847,1.0000553001196
"log_lik_catch[1419]",-0.794529379394234,0.000516408089722099,0.0521722357761473,-0.900382060153789,-0.828387288922994,-0.793411981768213,-0.758421506894856,-0.696428641158921,10206.8756187629,1.00021779731894
"log_lik_catch[1420]",-0.487693600329095,0.000359309424593602,0.03607775913125,-0.561215510399654,-0.51080507326935,-0.486741517891516,-0.462614575179022,-0.42041178632128,10081.8885417889,1.00023651569196
"log_lik_catch[1421]",-3.6522113319219,0.00137236871982268,0.136695649308248,-3.93262182351506,-3.74301669958206,-3.64647167628999,-3.55820883581651,-3.40067388012013,9921.28129225182,1.00015505500605
"log_lik_catch[1422]",-3.56151357454148,0.00115216178351789,0.114860105549396,-3.79969579627327,-3.63809059241958,-3.555679568233,-3.48164855792589,-3.35265556414258,9938.28599589003,1.0001548313484
"log_lik_catch[1423]",-3.27089577169733,0.000801895312814204,0.0802027087934821,-3.4400947188902,-3.32299909021406,-3.2659062621371,-3.21589911646698,-3.1267668116358,10003.2868616585,1.00015152591297
"log_lik_catch[1424]",-1.98310282632119,0.000265855175955621,0.0270782303074736,-2.03713223247908,-2.00141424247811,-1.98297070810514,-1.9644168535431,-1.93104931054782,10374.0972604211,0.999901954390654
"log_lik_catch[1425]",-2.58770638461837,0.000654343146141013,0.0656698560430764,-2.72573935616706,-2.63026930133359,-2.58454420574157,-2.54261510546159,-2.46784294129981,10072.1228197028,1.0001542444224
"log_lik_catch[1426]",-4.13651572692133,0.00180140028456956,0.179225832772432,-4.4933560665651,-4.25613134539796,-4.1314739164947,-4.01344513080415,-3.79897555320105,9898.7592087394,1.0001544468217
"log_lik_catch[1427]",-1.03201604392122,0.00054108444511499,0.0570697187123127,-1.14569887429551,-1.07017243569301,-1.03047467288395,-0.992303921926517,-0.92418519269727,11124.5221632874,1.00009820737755
"log_lik_catch[1428]",-3.53385356498879,0.000946778997873518,0.0992115113979673,-3.74057302572252,-3.59820718539386,-3.53026756557435,-3.46468577384697,-3.35115929337009,10980.6209618968,1.00006209680659
"log_lik_catch[1429]",-3.44923578789139,0.000337026054504214,0.034697953656642,-3.5173449621487,-3.47277326888904,-3.44910518271563,-3.42545995519909,-3.38252480216128,10599.3875768732,0.999857316453105
"log_lik_catch[1430]",-1.03201604392122,0.00054108444511499,0.0570697187123127,-1.14569887429551,-1.07017243569301,-1.03047467288395,-0.992303921926517,-0.92418519269727,11124.5221632874,1.00009820737755
"log_lik_catch[1431]",-1.48283501272162,0.000723087061257636,0.0764048205940557,-1.63527535514215,-1.53461825073932,-1.48045257679857,-1.43074762009146,-1.33617365663841,11165.0414494988,1.00004433694591
"log_lik_catch[1432]",-1.99226183172573,0.00094464563049892,0.0997727282628871,-2.1914413618247,-2.05983636554096,-1.98960087564863,-1.92393044726971,-1.80311048445823,11155.4182007378,0.999993072552321
"log_lik_catch[1433]",-3.23853150155344,0.000484065402102115,0.0507896419865512,-3.3444244767951,-3.27170823223146,-3.23672146135095,-3.20278999456111,-3.14600870427353,11008.8566514464,0.999976442690191
"log_lik_catch[1434]",-2.60467101741162,0.000320959550950117,0.0326482499646279,-2.67058107773884,-2.62648060348565,-2.60412484927598,-2.58244088442472,-2.54162862138226,10347.1133399694,0.999936813804059
"log_lik_catch[1435]",-3.23853150155344,0.000484065402102115,0.0507896419865512,-3.3444244767951,-3.27170823223146,-3.23672146135095,-3.20278999456111,-3.14600870427353,11008.8566514464,0.999976442690191
"log_lik_catch[1436]",-3.15736913344709,0.000720967038322748,0.0756887599272399,-3.31420457970923,-3.20690105635737,-3.1547414319552,-3.1049297634039,-3.0201841405632,11021.2780770203,1.00004861095742
"log_lik_catch[1437]",-1.48283501272162,0.000723087061257636,0.0764048205940557,-1.63527535514215,-1.53461825073932,-1.48045257679857,-1.43074762009146,-1.33617365663841,11165.0414494988,1.00004433694591
"log_lik_catch[1438]",-2.58705655899334,0.00030360773152077,0.0310914948435962,-2.64867518631187,-2.60797296777878,-2.58701035941268,-2.56586963449548,-2.52688960327481,10487.1517440237,0.999869414037461
"log_lik_catch[1439]",-2.32994276773066,0.000288722072639074,0.0295758879416145,-2.38869209732718,-2.34982002927588,-2.32985095904544,-2.30977428482302,-2.27281835854614,10493.3850828864,0.999870211837837
"log_lik_catch[1440]",-1.03201604392122,0.00054108444511499,0.0570697187123127,-1.14569887429551,-1.07017243569301,-1.03047467288395,-0.992303921926517,-0.92418519269727,11124.5221632874,1.00009820737755
"log_lik_catch[1441]",-1.03201604392122,0.00054108444511499,0.0570697187123127,-1.14569887429551,-1.07017243569301,-1.03047467288395,-0.992303921926517,-0.92418519269727,11124.5221632874,1.00009820737755
"log_lik_catch[1442]",-2.38579573134428,0.000348455736191174,0.036488212976702,-2.46126329026775,-2.40978985954219,-2.38488934230266,-2.36031697927071,-2.31744129478612,10965.0332256608,0.999923087282716
"log_lik_catch[1443]",-1.03201604392122,0.00054108444511499,0.0570697187123127,-1.14569887429551,-1.07017243569301,-1.03047467288395,-0.992303921926517,-0.92418519269727,11124.5221632874,1.00009820737755
"log_lik_catch[1444]",-1.98249731654856,0.000262854928129977,0.0269390005052499,-2.03621573998261,-2.00054838105319,-1.98235820231595,-1.96409250385415,-1.93063933445185,10503.4194514517,0.999871620205764
"log_lik_catch[1445]",-1.03201604392122,0.00054108444511499,0.0570697187123127,-1.14569887429551,-1.07017243569301,-1.03047467288395,-0.992303921926517,-0.92418519269727,11124.5221632874,1.00009820737755
"log_lik_catch[1446]",-3.02564971264823,0.000393785003623646,0.0411784471133783,-3.11106564951298,-3.05265596006188,-3.02472343826613,-2.99697695031219,-2.94893300954831,10935.070406456,0.99992476357664
"log_lik_catch[1447]",-1.551549349644,0.000297634573367084,0.0304183672606939,-1.61415188976844,-1.57097650153647,-1.55082674106482,-1.53061106267501,-1.49405988742517,10444.9181950639,1.0001092616813
"log_lik_catch[1448]",-0.664880777238985,0.000388771637859096,0.0408473553019933,-0.746465202398353,-0.691860618405277,-0.663693206522425,-0.636511781068617,-0.588190098756019,11039.2288731137,1.00014155029967
"log_lik_catch[1449]",-2.58705655899334,0.00030360773152077,0.0310914948435962,-2.64867518631187,-2.60797296777878,-2.58701035941268,-2.56586963449548,-2.52688960327481,10487.1517440237,0.999869414037461
"log_lik_catch[1450]",-1.98249731654856,0.000262854928129977,0.0269390005052499,-2.03621573998261,-2.00054838105319,-1.98235820231595,-1.96409250385415,-1.93063933445185,10503.4194514517,0.999871620205764
"log_lik_catch[1451]",-2.58705655899334,0.00030360773152077,0.0310914948435962,-2.64867518631187,-2.60797296777878,-2.58701035941268,-2.56586963449548,-2.52688960327481,10487.1517440237,0.999869414037461
"log_lik_catch[1452]",-3.34931975134268,0.00033544692801107,0.0345664460387735,-3.41711720391961,-3.37286472771955,-3.34917235943287,-3.32559966902891,-3.28255548682593,10618.4669926128,0.999857505260221
"log_lik_catch[1453]",-1.48283501272162,0.000723087061257636,0.0764048205940557,-1.63527535514215,-1.53461825073932,-1.48045257679857,-1.43074762009146,-1.33617365663841,11165.0414494988,1.00004433694591
"log_lik_catch[1454]",-1.03201604392122,0.00054108444511499,0.0570697187123127,-1.14569887429551,-1.07017243569301,-1.03047467288395,-0.992303921926517,-0.92418519269727,11124.5221632874,1.00009820737755
"log_lik_catch[1455]",-1.03201604392122,0.00054108444511499,0.0570697187123127,-1.14569887429551,-1.07017243569301,-1.03047467288395,-0.992303921926517,-0.92418519269727,11124.5221632874,1.00009820737755
"log_lik_catch[1456]",-2.38579573134428,0.000348455736191174,0.036488212976702,-2.46126329026775,-2.40978985954219,-2.38488934230266,-2.36031697927071,-2.31744129478612,10965.0332256608,0.999923087282716
"log_lik_catch[1457]",-3.23853150155344,0.000484065402102115,0.0507896419865512,-3.3444244767951,-3.27170823223146,-3.23672146135095,-3.20278999456111,-3.14600870427353,11008.8566514464,0.999976442690191
"log_lik_catch[1458]",-1.03201604392122,0.00054108444511499,0.0570697187123127,-1.14569887429551,-1.07017243569301,-1.03047467288395,-0.992303921926517,-0.92418519269727,11124.5221632874,1.00009820737755
"log_lik_catch[1459]",-1.28711987612576,0.000643164248502028,0.067929178729445,-1.42217623920743,-1.33307906746497,-1.28516898512292,-1.23994861385915,-1.15751508286276,11154.9836289769,1.00006720187406
"log_lik_catch[1460]",-2.03029661820766,0.000305372027284963,0.0310546180889518,-2.09335990084439,-2.05058188257759,-2.02945171822775,-2.00915583482601,-1.97137678312535,10341.7463273918,1.00001098940844
"log_lik_catch[1461]",-0.664880777238985,0.000388771637859096,0.0408473553019933,-0.746465202398353,-0.691860618405277,-0.663693206522425,-0.636511781068617,-0.588190098756019,11039.2288731137,1.00014155029967
"log_lik_catch[1462]",-1.03201604392122,0.00054108444511499,0.0570697187123127,-1.14569887429551,-1.07017243569301,-1.03047467288395,-0.992303921926517,-0.92418519269727,11124.5221632874,1.00009820737755
"log_lik_catch[1463]",-1.48283501272162,0.000723087061257636,0.0764048205940557,-1.63527535514215,-1.53461825073932,-1.48045257679857,-1.43074762009146,-1.33617365663841,11165.0414494988,1.00004433694591
"log_lik_catch[1464]",-3.15736913344709,0.000720967038322748,0.0756887599272399,-3.31420457970923,-3.20690105635737,-3.1547414319552,-3.1049297634039,-3.0201841405632,11021.2780770203,1.00004861095742
"log_lik_catch[1465]",-1.64166344931946,0.000789864471450983,0.0834664341097746,-1.80732853789263,-1.69791695863671,-1.63963553193135,-1.58455784398426,-1.48325169930851,11166.5383204255,1.00002690764407
"log_lik_catch[1466]",-1.48283501272162,0.000723087061257636,0.0764048205940557,-1.63527535514215,-1.53461825073932,-1.48045257679857,-1.43074762009146,-1.33617365663841,11165.0414494988,1.00004433694591
"log_lik_catch[1467]",-3.86262890494993,0.000839741749957236,0.0880604073121441,-4.04881706648503,-3.9199829490864,-3.85888790380093,-3.80166237028919,-3.70386728448264,10996.8901844241,1.00004224687498
"log_lik_catch[1468]",-2.77558613762025,0.000515502902563998,0.0541907240685501,-2.88781737229172,-2.81085100691751,-2.77371163863293,-2.7374785164785,-2.67724067690453,11050.6462812507,1.00001114791705
"log_lik_catch[1469]",-1.03201604392122,0.00054108444511499,0.0570697187123127,-1.14569887429551,-1.07017243569301,-1.03047467288395,-0.992303921926517,-0.92418519269727,11124.5221632874,1.00009820737755
"log_lik_catch[1470]",-2.61608090873391,0.000333357952377685,0.0347111709915283,-2.68571420050282,-2.63894010300607,-2.61576977404736,-2.59226079609022,-2.55065440297063,10842.1869196014,0.999886037565947
"log_lik_catch[1471]",-2.35710328957419,0.0003142457310487,0.0319496815573708,-2.42177386506205,-2.37843031334891,-2.35673079214526,-2.3354994121996,-2.29548343464644,10336.9947231447,0.999962819083856
"log_lik_catch[1472]",-0.664880777238985,0.000388771637859096,0.0408473553019933,-0.746465202398353,-0.691860618405277,-0.663693206522425,-0.636511781068617,-0.588190098756019,11039.2288731137,1.00014155029967
"log_lik_catch[1473]",-1.03201604392122,0.00054108444511499,0.0570697187123127,-1.14569887429551,-1.07017243569301,-1.03047467288395,-0.992303921926517,-0.92418519269727,11124.5221632874,1.00009820737755
"log_lik_catch[1474]",-0.664880777238985,0.000388771637859096,0.0408473553019933,-0.746465202398353,-0.691860618405277,-0.663693206522425,-0.636511781068617,-0.588190098756019,11039.2288731137,1.00014155029967
"log_lik_catch[1475]",-2.35710328957419,0.0003142457310487,0.0319496815573708,-2.42177386506205,-2.37843031334891,-2.35673079214526,-2.3354994121996,-2.29548343464644,10336.9947231447,0.999962819083856
"log_lik_catch[1476]",-1.03201604392122,0.00054108444511499,0.0570697187123127,-1.14569887429551,-1.07017243569301,-1.03047467288395,-0.992303921926517,-0.92418519269727,11124.5221632874,1.00009820737755
"log_lik_catch[1477]",-1.03201604392122,0.00054108444511499,0.0570697187123127,-1.14569887429551,-1.07017243569301,-1.03047467288395,-0.992303921926517,-0.92418519269727,11124.5221632874,1.00009820737755
"log_lik_catch[1478]",-4.08323265463841,0.00147998843764135,0.154357411376528,-4.3971630774107,-4.18451764109264,-4.0806585894032,-3.97687516298251,-3.78889974194728,10877.7313418611,1.00008260767092
"log_lik_catch[1479]",-2.77558613762025,0.000515502902563998,0.0541907240685501,-2.88781737229172,-2.81085100691751,-2.77371163863293,-2.7374785164785,-2.67724067690453,11050.6462812507,1.00001114791705
"log_lik_catch[1480]",-4.27088669814707,0.00111203303193928,0.116420380005573,-4.51528446295026,-4.34566695557802,-4.26580078781868,-4.18833085132563,-4.0585417401343,10960.3052470575,1.00005159918084
"log_lik_catch[1481]",-1.551549349644,0.000297634573367084,0.0304183672606939,-1.61415188976844,-1.57097650153647,-1.55082674106482,-1.53061106267501,-1.49405988742517,10444.9181950639,1.0001092616813
"log_lik_catch[1482]",-1.03201604392122,0.00054108444511499,0.0570697187123127,-1.14569887429551,-1.07017243569301,-1.03047467288395,-0.992303921926517,-0.92418519269727,11124.5221632874,1.00009820737755
"log_lik_catch[1483]",-1.98249731654856,0.000262854928129977,0.0269390005052499,-2.03621573998261,-2.00054838105319,-1.98235820231595,-1.96409250385415,-1.93063933445185,10503.4194514517,0.999871620205764
"log_lik_catch[1484]",-1.44301384053648,0.00020690826411111,0.0212239025760001,-1.48557511764589,-1.45713627409084,-1.44278046031079,-1.42845222332945,-1.40245162734965,10521.9155695949,0.999874759148802
"log_lik_catch[1485]",-1.03201604392122,0.00054108444511499,0.0570697187123127,-1.14569887429551,-1.07017243569301,-1.03047467288395,-0.992303921926517,-0.92418519269727,11124.5221632874,1.00009820737755
"log_lik_catch[1486]",-2.38579573134428,0.000348455736191174,0.036488212976702,-2.46126329026775,-2.40978985954219,-2.38488934230266,-2.36031697927071,-2.31744129478612,10965.0332256608,0.999923087282716
"log_lik_catch[1487]",-4.08323265463841,0.00147998843764135,0.154357411376528,-4.3971630774107,-4.18451764109264,-4.0806585894032,-3.97687516298251,-3.78889974194728,10877.7313418611,1.00008260767092
"log_lik_catch[1488]",-2.60467101741162,0.000320959550950117,0.0326482499646279,-2.67058107773884,-2.62648060348565,-2.60412484927598,-2.58244088442472,-2.54162862138226,10347.1133399694,0.999936813804059
"log_lik_catch[1489]",-2.13256156501574,0.000414011406003395,0.0435957387251775,-2.22225506356157,-2.16137148468917,-2.13116987941852,-2.10175588910039,-2.05259232334081,11088.2617687301,1.00000751781855
"log_lik_catch[1490]",-1.03201604392122,0.00054108444511499,0.0570697187123127,-1.14569887429551,-1.07017243569301,-1.03047467288395,-0.992303921926517,-0.92418519269727,11124.5221632874,1.00009820737755
"log_lik_catch[1491]",-0.664880777238985,0.000388771637859096,0.0408473553019933,-0.746465202398353,-0.691860618405277,-0.663693206522425,-0.636511781068617,-0.588190098756019,11039.2288731137,1.00014155029967
"log_lik_catch[1492]",-1.03201604392122,0.00054108444511499,0.0570697187123127,-1.14569887429551,-1.07017243569301,-1.03047467288395,-0.992303921926517,-0.92418519269727,11124.5221632874,1.00009820737755
"log_lik_catch[1493]",-1.03201604392122,0.00054108444511499,0.0570697187123127,-1.14569887429551,-1.07017243569301,-1.03047467288395,-0.992303921926517,-0.92418519269727,11124.5221632874,1.00009820737755
"log_lik_catch[1494]",-2.26122552056394,0.000572019039722575,0.0599961518116193,-2.3817059194342,-2.30094545621928,-2.25929523930908,-2.21955233425552,-2.1486328614934,11000.8393260805,1.00013662210783
"log_lik_catch[1495]",-2.58705655899334,0.00030360773152077,0.0310914948435962,-2.64867518631187,-2.60797296777878,-2.58701035941268,-2.56586963449548,-2.52688960327481,10487.1517440237,0.999869414037461
"log_lik_catch[1496]",-3.53385356498879,0.000946778997873518,0.0992115113979673,-3.74057302572252,-3.59820718539386,-3.53026756557435,-3.46468577384697,-3.35115929337009,10980.6209618968,1.00006209680659
"log_lik_catch[1497]",-1.03201604392122,0.00054108444511499,0.0570697187123127,-1.14569887429551,-1.07017243569301,-1.03047467288395,-0.992303921926517,-0.92418519269727,11124.5221632874,1.00009820737755
"log_lik_catch[1498]",-1.48283501272162,0.000723087061257636,0.0764048205940557,-1.63527535514215,-1.53461825073932,-1.48045257679857,-1.43074762009146,-1.33617365663841,11165.0414494988,1.00004433694591
"log_lik_catch[1499]",-3.6564852525883,0.00071182182701172,0.0747048093055839,-3.81265880695763,-3.70495712798008,-3.65352701677106,-3.60459201187184,-3.52179676838292,11014.2396364789,1.00003079886744
"log_lik_catch[1500]",-3.53385356498879,0.000946778997873518,0.0992115113979673,-3.74057302572252,-3.59820718539386,-3.53026756557435,-3.46468577384697,-3.35115929337009,10980.6209618968,1.00006209680659
"log_lik_catch[1501]",-1.28711987612576,0.000643164248502028,0.067929178729445,-1.42217623920743,-1.33307906746497,-1.28516898512292,-1.23994861385915,-1.15751508286276,11154.9836289769,1.00006720187406
"log_lik_catch[1502]",-1.03201604392122,0.00054108444511499,0.0570697187123127,-1.14569887429551,-1.07017243569301,-1.03047467288395,-0.992303921926517,-0.92418519269727,11124.5221632874,1.00009820737755
"log_lik_catch[1503]",-1.551549349644,0.000297634573367084,0.0304183672606939,-1.61415188976844,-1.57097650153647,-1.55082674106482,-1.53061106267501,-1.49405988742517,10444.9181950639,1.0001092616813
"log_lik_catch[1504]",-1.98249731654856,0.000262854928129977,0.0269390005052499,-2.03621573998261,-2.00054838105319,-1.98235820231595,-1.96409250385415,-1.93063933445185,10503.4194514517,0.999871620205764
"log_lik_catch[1505]",-0.664880777238985,0.000388771637859096,0.0408473553019933,-0.746465202398353,-0.691860618405277,-0.663693206522425,-0.636511781068617,-0.588190098756019,11039.2288731137,1.00014155029967
"log_lik_catch[1506]",-1.03201604392122,0.00054108444511499,0.0570697187123127,-1.14569887429551,-1.07017243569301,-1.03047467288395,-0.992303921926517,-0.92418519269727,11124.5221632874,1.00009820737755
"log_lik_catch[1507]",-1.03201604392122,0.00054108444511499,0.0570697187123127,-1.14569887429551,-1.07017243569301,-1.03047467288395,-0.992303921926517,-0.92418519269727,11124.5221632874,1.00009820737755
"log_lik_catch[1508]",-1.28711987612576,0.000643164248502028,0.067929178729445,-1.42217623920743,-1.33307906746497,-1.28516898512292,-1.23994861385915,-1.15751508286276,11154.9836289769,1.00006720187406
"log_lik_catch[1509]",-1.551549349644,0.000297634573367084,0.0304183672606939,-1.61415188976844,-1.57097650153647,-1.55082674106482,-1.53061106267501,-1.49405988742517,10444.9181950639,1.0001092616813
"log_lik_catch[1510]",-1.03201604392122,0.00054108444511499,0.0570697187123127,-1.14569887429551,-1.07017243569301,-1.03047467288395,-0.992303921926517,-0.92418519269727,11124.5221632874,1.00009820737755
"log_lik_catch[1511]",-2.1136420116353,0.000352693224256679,0.0360748664369061,-2.18680539489669,-2.13680671213065,-2.11300198106855,-2.08899939215887,-2.04510422978178,10462.0124143583,1.0000947351568
"log_lik_catch[1512]",-1.28711987612576,0.000643164248502028,0.067929178729445,-1.42217623920743,-1.33307906746497,-1.28516898512292,-1.23994861385915,-1.15751508286276,11154.9836289769,1.00006720187406
"log_lik_catch[1513]",-1.98249731654856,0.000262854928129977,0.0269390005052499,-2.03621573998261,-2.00054838105319,-1.98235820231595,-1.96409250385415,-1.93063933445185,10503.4194514517,0.999871620205764
"log_lik_catch[1514]",-0.664880777238985,0.000388771637859096,0.0408473553019933,-0.746465202398353,-0.691860618405277,-0.663693206522425,-0.636511781068617,-0.588190098756019,11039.2288731137,1.00014155029967
"log_lik_catch[1515]",-1.03201604392122,0.00054108444511499,0.0570697187123127,-1.14569887429551,-1.07017243569301,-1.03047467288395,-0.992303921926517,-0.92418519269727,11124.5221632874,1.00009820737755
"log_lik_catch[1516]",-1.01909430380382,0.000616406646322519,0.0625540155139631,-1.14615402092664,-1.05987841342591,-1.01761636553523,-0.976439049973829,-0.902335976354763,10298.5424001931,1.00019886797205
"log_lik_catch[1517]",-0.794529379394234,0.000516408089722099,0.0521722357761473,-0.900382060153789,-0.828387288922994,-0.793411981768213,-0.758421506894856,-0.696428641158921,10206.8756187629,1.00021779731894
"log_lik_catch[1518]",-1.64465906097684,0.00039942596623,0.0395585710876754,-1.72515838117545,-1.67060476408841,-1.64322201080115,-1.61723461478338,-1.57163569961903,9808.63565557186,1.00018700059421
"log_lik_catch[1519]",-0.794529379394234,0.000516408089722099,0.0521722357761473,-0.900382060153789,-0.828387288922994,-0.793411981768213,-0.758421506894856,-0.696428641158921,10206.8756187629,1.00021779731894
"log_lik_catch[1520]",-1.01909430380382,0.000616406646322519,0.0625540155139631,-1.14615402092664,-1.05987841342591,-1.01761636553523,-0.976439049973829,-0.902335976354763,10298.5424001931,1.00019886797205
"log_lik_catch[1521]",-3.11791011038953,0.000585345696808532,0.0588395290697229,-3.24263606192653,-3.1556512256115,-3.11465324718255,-3.07738835463591,-3.01193664902891,10104.4694767029,1.00012554474821
"log_lik_catch[1522]",-1.34278756963669,0.000752189533983556,0.0767920117617878,-1.49838480751945,-1.39254130399173,-1.34069450233958,-1.29062767799129,-1.1994136065992,10422.6347276347,1.00016541415794
"log_lik_catch[1523]",-1.64465906097684,0.00039942596623,0.0395585710876754,-1.72515838117545,-1.67060476408841,-1.64322201080115,-1.61723461478338,-1.57163569961903,9808.63565557186,1.00018700059421
"log_lik_catch[1524]",-1.54539123447162,0.000326963292451168,0.0323908017253923,-1.61326548097608,-1.56630819402975,-1.54424400463663,-1.52299686894825,-1.48528811144336,9813.98521403186,1.00012394570236
"log_lik_catch[1525]",-1.01909430380382,0.000616406646322519,0.0625540155139631,-1.14615402092664,-1.05987841342591,-1.01761636553523,-0.976439049973829,-0.902335976354763,10298.5424001931,1.00019886797205
"log_lik_catch[1526]",-0.794529379394234,0.000516408089722099,0.0521722357761473,-0.900382060153789,-0.828387288922994,-0.793411981768213,-0.758421506894856,-0.696428641158921,10206.8756187629,1.00021779731894
"log_lik_catch[1527]",-1.01909430380382,0.000616406646322519,0.0625540155139631,-1.14615402092664,-1.05987841342591,-1.01761636553523,-0.976439049973829,-0.902335976354763,10298.5424001931,1.00019886797205
"log_lik_catch[1528]",-1.01909430380382,0.000616406646322519,0.0625540155139631,-1.14615402092664,-1.05987841342591,-1.01761636553523,-0.976439049973829,-0.902335976354763,10298.5424001931,1.00019886797205
"log_lik_catch[1529]",-1.19633925617891,0.00069128679482397,0.0703900168878285,-1.33870409679909,-1.24189031860825,-1.19474879076546,-1.14824613597144,-1.06482616296845,10368.2537371461,1.0001812493428
"log_lik_catch[1530]",-1.64465906097684,0.00039942596623,0.0395585710876754,-1.72515838117545,-1.67060476408841,-1.64322201080115,-1.61723461478338,-1.57163569961903,9808.63565557186,1.00018700059421
"log_lik_catch[1531]",-0.794529379394234,0.000516408089722099,0.0521722357761473,-0.900382060153789,-0.828387288922994,-0.793411981768213,-0.758421506894856,-0.696428641158921,10206.8756187629,1.00021779731894
"log_lik_catch[1532]",-0.487693600329095,0.000359309424593602,0.03607775913125,-0.561215510399654,-0.51080507326935,-0.486741517891516,-0.462614575179022,-0.42041178632128,10081.8885417889,1.00023651569196
"log_lik_catch[1533]",-1.67262539107353,0.000890526538703228,0.0913831412858691,-1.85705744825911,-1.73239743373916,-1.67049863696048,-1.61125135923945,-1.50031221225778,10530.2439561436,1.00012784755228
"log_lik_catch[1534]",-3.17826551805476,0.000876969343162189,0.0876368470545644,-3.3605392294679,-3.23606770412009,-3.17331352927572,-3.11777168361816,-3.01982312342501,9986.30130525216,1.00015709289305
"log_lik_catch[1535]",-0.487693600329095,0.000359309424593602,0.03607775913125,-0.561215510399654,-0.51080507326935,-0.486741517891516,-0.462614575179022,-0.42041178632128,10081.8885417889,1.00023651569196
"log_lik_catch[1536]",-3.1239625634947,0.00100293874350935,0.100113181160211,-3.32923905884355,-3.19044914291558,-3.11943900759597,-3.05464963305279,-2.94047791605571,9963.99971182864,1.00016287249095
"log_lik_catch[1537]",-1.20078727210171,0.000784923110021987,0.0844889565288988,-1.3750900500232,-1.25629101809804,-1.19777862673769,-1.14305031679817,-1.04061374171281,11586.3237878496,0.999796195669662
"log_lik_catch[1538]",-0.954732144622323,0.000667215167395616,0.0724136150755545,-1.1026626203747,-1.00173418252804,-0.952163730466101,-0.904724408539241,-0.81859674455995,11779.0058553678,0.999780414034088
"log_lik_catch[1539]",-3.7808173125725,0.001016727565604,0.108785965481265,-4.01667741911179,-3.84889303545555,-3.77113019766579,-3.70524869460646,-3.59197588664399,11448.1825053238,0.999806714900303
"log_lik_catch[1540]",-1.89155023232263,0.00058470786049622,0.0646387955345047,-2.02433297496157,-1.93310844866096,-1.8897518782363,-1.84699413425607,-1.77214602277715,12221.0535191096,0.999750185201683
"log_lik_catch[1541]",-3.29028200199278,0.00115002659146337,0.124436213858216,-3.5545691002898,-3.3697126005018,-3.28133546628536,-3.20454433107032,-3.06959370698763,11707.8678666225,0.999783226627335
"log_lik_catch[1542]",-1.64800397237642,0.000436150643340676,0.0481081868978607,-1.75053613942053,-1.67891156832843,-1.64617138351499,-1.61482118294007,-1.56083787534306,12166.4799344234,0.999735676597078
"log_lik_catch[1543]",-0.606049979027818,0.000478730421349544,0.0525455191773041,-0.71377196925184,-0.639375777780535,-0.604562396910256,-0.569281514901923,-0.509183548299481,12047.2888407606,0.999758774181801
"log_lik_catch[1544]",-1.39112579604541,0.000872134641222957,0.0932997435185078,-1.58317498562026,-1.45305640889706,-1.38786559711671,-1.32747716925743,-1.21416674004805,11444.4210024505,0.999807935458073
"log_lik_catch[1545]",-0.954732144622323,0.000667215167395616,0.0724136150755545,-1.1026626203747,-1.00173418252804,-0.952163730466101,-0.904724408539241,-0.81859674455995,11779.0058553678,0.999780414034088
"log_lik_catch[1546]",-2.9645573343872,0.0006877126735544,0.0727462380332327,-3.12163524613693,-3.01031346588455,-2.95937723445115,-2.91320834790847,-2.83654811652932,11189.4057619778,0.999848772594661
"log_lik_catch[1547]",-0.954732144622323,0.000667215167395616,0.0724136150755545,-1.1026626203747,-1.00173418252804,-0.952163730466101,-0.904724408539241,-0.81859674455995,11779.0058553678,0.999780414034088
"log_lik_catch[1548]",-0.606049979027818,0.000478730421349544,0.0525455191773041,-0.71377196925184,-0.639375777780535,-0.604562396910256,-0.569281514901923,-0.509183548299481,12047.2888407606,0.999758774181801
"log_lik_catch[1549]",-1.20078727210171,0.000784923110021987,0.0844889565288988,-1.3750900500232,-1.25629101809804,-1.19777862673769,-1.14305031679817,-1.04061374171281,11586.3237878496,0.999796195669662
"log_lik_catch[1550]",-0.954732144622323,0.000667215167395616,0.0724136150755545,-1.1026626203747,-1.00173418252804,-0.952163730466101,-0.904724408539241,-0.81859674455995,11779.0058553678,0.999780414034088
"log_lik_catch[1551]",-2.34033014955871,0.000306191165018619,0.0313528004597679,-2.40362497893907,-2.3608276046806,-2.3397466396244,-2.31859064950421,-2.28121844393096,10484.9742087345,0.999901087815754
"log_lik_catch[1552]",-1.39112579604541,0.000872134641222957,0.0932997435185078,-1.58317498562026,-1.45305640889706,-1.38786559711671,-1.32747716925743,-1.21416674004805,11444.4210024505,0.999807935458073
"log_lik_catch[1553]",-0.954732144622323,0.000667215167395616,0.0724136150755545,-1.1026626203747,-1.00173418252804,-0.952163730466101,-0.904724408539241,-0.81859674455995,11779.0058553678,0.999780414034088
"log_lik_catch[1554]",-0.954732144622323,0.000667215167395616,0.0724136150755545,-1.1026626203747,-1.00173418252804,-0.952163730466101,-0.904724408539241,-0.81859674455995,11779.0058553678,0.999780414034088
"log_lik_catch[1555]",-0.954732144622323,0.000667215167395616,0.0724136150755545,-1.1026626203747,-1.00173418252804,-0.952163730466101,-0.904724408539241,-0.81859674455995,11779.0058553678,0.999780414034088
"log_lik_catch[1556]",-3.25074495166945,0.000872786136675514,0.0934377238050242,-3.45142701649283,-3.30866472115292,-3.24412154305541,-3.18512770460705,-3.08940064318714,11461.1665042471,0.999955561094094
"log_lik_catch[1557]",-3.30067782186243,0.000510573852345247,0.0519411752126807,-3.41209550232513,-3.33360801032228,-3.29743580630525,-3.26429146344238,-3.20989315565565,10349.1910369836,0.999993032020547
"log_lik_catch[1558]",-3.25074495166945,0.000872786136675514,0.0934377238050242,-3.45142701649283,-3.30866472115292,-3.24412154305541,-3.18512770460705,-3.08940064318714,11461.1665042471,0.999955561094094
"log_lik_catch[1559]",-0.809646037188298,0.000582296345227273,0.0632966223556709,-0.936587023238916,-0.850708289448283,-0.807416787302391,-0.766264061916271,-0.691940248842678,11816.0669475772,0.999857535125663
"log_lik_catch[1560]",-2.96739499397773,0.00035137267281653,0.0347308311429938,-3.03781365550578,-2.9901853500882,-2.96726369095118,-2.94371329859909,-2.90046020704425,9769.99606000483,0.999965494596542
"log_lik_catch[1561]",-2.61846885154274,0.000346348955956153,0.0364590284922204,-2.6930232673141,-2.64227448332767,-2.61785426379253,-2.59315157216876,-2.55097888278317,11081.0883715819,0.999858636274973
"log_lik_catch[1562]",-3.78492752022831,0.000858179457730005,0.0911793420609421,-3.9840626878974,-3.84067968155056,-3.77800370423421,-3.72071175770251,-3.62951902192077,11288.5114784912,0.99996558639458
"log_lik_catch[1563]",-1.21490204107159,0.000777092778284655,0.0833855375069492,-1.38053586104452,-1.26953344279126,-1.21189483760909,-1.15725755563546,-1.05926022779627,11514.2517101381,0.999862824525227
"log_lik_catch[1564]",-4.35047858048089,0.00103125639736686,0.110439488492669,-4.59100745510981,-4.41818343996644,-4.34197762170542,-4.27331777450117,-4.16253025699812,11468.7335133966,0.999959058512921
"log_lik_catch[1565]",-2.37124774894485,0.000786613064826242,0.0851177406132418,-2.54121394077272,-2.42681770820048,-2.36852197873482,-2.3130650354571,-2.2124564086579,11708.9476293682,0.999874147471445
"log_lik_catch[1566]",-3.25074495166945,0.000872786136675514,0.0934377238050242,-3.45142701649283,-3.30866472115292,-3.24412154305541,-3.18512770460705,-3.08940064318714,11461.1665042471,0.999955561094094
"log_lik_catch[1567]",-2.61846885154274,0.000346348955956153,0.0364590284922204,-2.6930232673141,-2.64227448332767,-2.61785426379253,-2.59315157216876,-2.55097888278317,11081.0883715819,0.999858636274973
"log_lik_catch[1568]",-2.35995349297407,0.000331162160951346,0.0348373925599129,-2.43124471880382,-2.38267400512852,-2.35929796458109,-2.335713779506,-2.2956539623292,11066.4893133058,0.999858730570039
"log_lik_catch[1569]",-2.43334908773355,0.000404471588452759,0.0441701237419113,-2.52423904009114,-2.46218626962369,-2.43145382206691,-2.40260487788654,-2.35109616189997,11925.6261469539,0.999848311944112
"log_lik_catch[1570]",-1.21490204107159,0.000777092778284655,0.0833855375069492,-1.38053586104452,-1.26953344279126,-1.21189483760909,-1.15725755563546,-1.05926022779627,11514.2517101381,0.999862824525227
"log_lik_catch[1571]",-2.11715373518238,0.00040970884459697,0.0452514942831383,-2.21043762906537,-2.146521547565,-2.11485103225371,-2.08587225377046,-2.0338422930052,12198.7455080101,0.99984878503152
"log_lik_catch[1572]",-4.35047858048089,0.00103125639736686,0.110439488492669,-4.59100745510981,-4.41818343996644,-4.34197762170542,-4.27331777450117,-4.16253025699812,11468.7335133966,0.999959058512921
"log_lik_catch[1573]",-2.4460436960756,0.000600353522389688,0.066603921961203,-2.58095257486571,-2.48926940943477,-2.44305480393607,-2.40020192418423,-2.32150808850953,12307.9431173204,0.99986675662476
"log_lik_catch[1574]",-1.48766977656309,0.000899628449322368,0.0957358239640843,-1.67882784395922,-1.55189141937795,-1.48412321374292,-1.42109175012413,-1.30962169731578,11324.5928580169,0.999865065745911
"log_lik_catch[1575]",-1.21490204107159,0.000777092778284655,0.0833855375069492,-1.38053586104452,-1.26953344279126,-1.21189483760909,-1.15725755563546,-1.05926022779627,11514.2517101381,0.999862824525227
"log_lik_catch[1576]",-2.01005177687569,0.000304443196049275,0.0319882425713222,-2.07560520907172,-2.03079470309885,-2.00931804802593,-1.98770611615074,-1.95132919881021,11039.9782122633,0.999858840584554
"log_lik_catch[1577]",-0.954732144622323,0.000667215167395616,0.0724136150755545,-1.1026626203747,-1.00173418252804,-0.952163730466101,-0.904724408539241,-0.81859674455995,11779.0058553678,0.999780414034088
"log_lik_catch[1578]",-1.39112579604541,0.000872134641222957,0.0932997435185078,-1.58317498562026,-1.45305640889706,-1.38786559711671,-1.32747716925743,-1.21416674004805,11444.4210024505,0.999807935458073
"log_lik_catch[1579]",-1.67752304963064,0.0010015968358841,0.106242938022475,-1.89528426726545,-1.74781782098941,-1.67309381900592,-1.60497175242122,-1.47471290295268,11251.5992744152,0.999824003462475
"log_lik_catch[1580]",-0.954732144622323,0.000667215167395616,0.0724136150755545,-1.1026626203747,-1.00173418252804,-0.952163730466101,-0.904724408539241,-0.81859674455995,11779.0058553678,0.999780414034088
"log_lik_catch[1581]",-0.606049979027818,0.000478730421349544,0.0525455191773041,-0.71377196925184,-0.639375777780535,-0.604562396910256,-0.569281514901923,-0.509183548299481,12047.2888407606,0.999758774181801
"log_lik_catch[1582]",-3.32167313041893,0.000789071723662369,0.0838018778737429,-3.50307742839423,-3.37427336576525,-3.31484500834502,-3.26284991423417,-3.17518040317567,11279.1024062129,0.999834726225444
"log_lik_catch[1583]",-4.91779066834223,0.0019143895285758,0.207210448257017,-5.35935040126874,-5.04766827453566,-4.90310203296688,-4.7729676890934,-4.55239359314507,11715.5499575862,0.999760736436739
"log_lik_catch[1584]",-1.64800397237642,0.000436150643340676,0.0481081868978607,-1.75053613942053,-1.67891156832843,-1.64617138351499,-1.61482118294007,-1.56083787534306,12166.4799344234,0.999735676597078
"log_lik_catch[1585]",-0.954732144622323,0.000667215167395616,0.0724136150755545,-1.1026626203747,-1.00173418252804,-0.952163730466101,-0.904724408539241,-0.81859674455995,11779.0058553678,0.999780414034088
"log_lik_catch[1586]",-3.6394538724248,0.000775560932490926,0.0819716020037744,-3.81746301130035,-3.69038741977871,-3.63258003556172,-3.58174940440374,-3.49677870621424,11171.0757629809,0.999844406271375
"log_lik_catch[1587]",-3.08381264929347,0.000613616648479457,0.064029195891081,-3.22292861064631,-3.12358531968339,-3.07889616474679,-3.03834068780371,-2.97210711930731,10888.3438442221,0.99987721547559
"log_lik_catch[1588]",-1.9892921243875,0.000292679565648899,0.0290078522999881,-2.04893399802108,-2.00830441133328,-1.98862300319236,-1.96934326405099,-1.93360650660611,9823.04983177367,1.0000037780189
"log_lik_catch[1589]",-2.43462989275213,0.0005247099293757,0.0547351068489106,-2.55307852093729,-2.46847094103562,-2.43118427070293,-2.39590199342557,-2.33810527269855,10881.6154739797,0.999881969103902
"log_lik_catch[1590]",-0.606049979027818,0.000478730421349544,0.0525455191773041,-0.71377196925184,-0.639375777780535,-0.604562396910256,-0.569281514901923,-0.509183548299481,12047.2888407606,0.999758774181801
"log_lik_catch[1591]",-2.33761714318054,0.000323046925681238,0.0319507444287956,-2.40284584867803,-2.35853924621957,-2.33695073457736,-2.3157224668603,-2.27613861987963,9782.06936192531,1.00000560832811
"log_lik_catch[1592]",-1.39112579604541,0.000872134641222957,0.0932997435185078,-1.58317498562026,-1.45305640889706,-1.38786559711671,-1.32747716925743,-1.21416674004805,11444.4210024505,0.999807935458073
"log_lik_catch[1593]",-4.15451359284666,0.000694833748114251,0.0725004187255312,-4.31265477769228,-4.19920368693798,-4.14838989881373,-4.10296582193271,-4.02969259976339,10887.275723457,0.999873076778218
"log_lik_catch[1594]",-2.14812432424675,0.000443262470062615,0.0486296384077107,-2.25094315333066,-2.17925191120279,-2.1462665218338,-2.11442809627165,-2.05970126451256,12035.943939017,0.999740678885869
"log_lik_catch[1595]",-0.606049979027818,0.000478730421349544,0.0525455191773041,-0.71377196925184,-0.639375777780535,-0.604562396910256,-0.569281514901923,-0.509183548299481,12047.2888407606,0.999758774181801
"log_lik_catch[1596]",-2.95192628853936,0.000654460203016147,0.0687928637235525,-3.1003109720399,-2.99457040475631,-2.94715793090468,-2.90355445866417,-2.83386782523523,11048.9317771783,0.999970711616555
"log_lik_catch[1597]",-3.94363094581686,0.000985872552517941,0.105579783306686,-4.17204453183969,-4.00830887420933,-3.93583467149688,-3.86976476537043,-3.76293139777285,11468.8528678375,0.99995810253756
"log_lik_catch[1598]",-2.95192628853936,0.000654460203016147,0.0687928637235525,-3.1003109720399,-2.99457040475631,-2.94715793090468,-2.90355445866417,-2.83386782523523,11048.9317771783,0.999970711616555
"log_lik_catch[1599]",-2.11715373518238,0.00040970884459697,0.0452514942831383,-2.21043762906537,-2.146521547565,-2.11485103225371,-2.08587225377046,-2.0338422930052,12198.7455080101,0.99984878503152
"log_lik_catch[1600]",-3.83803752766447,0.00133990854722161,0.146021476942595,-4.14804024834324,-3.92973176728446,-3.83007333222605,-3.73743670597592,-3.57972520658211,11876.3546702276,0.99993672083929
"log_lik_catch[1601]",-3.25074495166945,0.000872786136675514,0.0934377238050242,-3.45142701649283,-3.30866472115292,-3.24412154305541,-3.18512770460705,-3.08940064318714,11461.1665042471,0.999955561094094
"log_lik_catch[1602]",-2.96739499397773,0.00035137267281653,0.0347308311429938,-3.03781365550578,-2.9901853500882,-2.96726369095118,-2.94371329859909,-2.90046020704425,9769.99606000483,0.999965494596542
"log_lik_catch[1603]",-1.21490204107159,0.000777092778284655,0.0833855375069492,-1.38053586104452,-1.26953344279126,-1.21189483760909,-1.15725755563546,-1.05926022779627,11514.2517101381,0.999862824525227
"log_lik_catch[1604]",-3.02651535560652,0.000491682711492691,0.050043503892635,-3.13318869599779,-3.0583032028937,-3.0235162256676,-2.9912891340772,-2.93856789534114,10359.1839322623,0.999991075237114
"log_lik_catch[1605]",-4.54976569411461,0.00134112657195788,0.145396259902167,-4.86298169406685,-4.6401618555369,-4.5401449742057,-4.44889274343782,-4.29787809594827,11753.4925266149,0.999945130117553
"log_lik_catch[1606]",-3.25074495166945,0.000872786136675514,0.0934377238050242,-3.45142701649283,-3.30866472115292,-3.24412154305541,-3.18512770460705,-3.08940064318714,11461.1665042471,0.999955561094094
"log_lik_catch[1607]",-3.46373001708794,0.000618007776800926,0.0640499415017156,-3.60293215200385,-3.50334508134397,-3.4590512000192,-3.41843636448179,-3.35382389059505,10741.1206436861,0.99998428599753
"log_lik_catch[1608]",-1.46514534981994,0.000245098608773583,0.0256795998477614,-1.51855077420445,-1.4816078400648,-1.46432945707791,-1.44712828234703,-1.4185896471315,10977.281766235,0.999858810051059
"log_lik_catch[1609]",-3.03090057510404,0.00040083930544395,0.0431175316725755,-3.11862155998176,-3.05917677977119,-3.02965649989018,-3.00061283724488,-2.95071186225396,11570.901064997,0.999849822428944
"log_lik_catch[1610]",-2.03205932363336,0.000381846478523457,0.0389589734971874,-2.11318793153116,-2.05726855902022,-2.03017127481915,-2.00475457421653,-1.96270320335304,10409.6812475803,0.999979430431629
"log_lik_catch[1611]",-2.26600656980126,0.000742386330555413,0.080738304242326,-2.42761476118069,-2.31831247361305,-2.26344487439988,-2.21080554184033,-2.11474370496402,11827.6731308268,0.999872780569545
"log_lik_catch[1612]",-3.25074495166945,0.000872786136675514,0.0934377238050242,-3.45142701649283,-3.30866472115292,-3.24412154305541,-3.18512770460705,-3.08940064318714,11461.1665042471,0.999955561094094
"log_lik_catch[1613]",-1.46514534981994,0.000245098608773583,0.0256795998477614,-1.51855077420445,-1.4816078400648,-1.46432945707791,-1.44712828234703,-1.4185896471315,10977.281766235,0.999858810051059
"log_lik_catch[1614]",-3.25074495166945,0.000872786136675514,0.0934377238050242,-3.45142701649283,-3.30866472115292,-3.24412154305541,-3.18512770460705,-3.08940064318714,11461.1665042471,0.999955561094094
"log_lik_catch[1615]",-3.94363094581686,0.000985872552517941,0.105579783306686,-4.17204453183969,-4.00830887420933,-3.93583467149688,-3.86976476537043,-3.76293139777285,11468.8528678375,0.99995810253756
"log_lik_catch[1616]",-2.01005177687569,0.000304443196049275,0.0319882425713222,-2.07560520907172,-2.03079470309885,-2.00931804802593,-1.98770611615074,-1.95132919881021,11039.9782122633,0.999858840584554
"log_lik_catch[1617]",-2.95192628853936,0.000654460203016147,0.0687928637235525,-3.1003109720399,-2.99457040475631,-2.94715793090468,-2.90355445866417,-2.83386782523523,11048.9317771783,0.999970711616555
"log_lik_catch[1618]",-1.21490204107159,0.000777092778284655,0.0833855375069492,-1.38053586104452,-1.26953344279126,-1.21189483760909,-1.15725755563546,-1.05926022779627,11514.2517101381,0.999862824525227
"log_lik_catch[1619]",-3.38184704000128,0.000445247677151015,0.0445253458388695,-3.47475667733399,-3.41021668222595,-3.37963214845249,-3.35079835881306,-3.30079850257136,10000.2596880572,0.999995633208134
"log_lik_catch[1620]",-2.64780906112414,0.000458176132472594,0.0466708437215438,-2.74648825591163,-2.67754523103594,-2.64530423423122,-2.61510381644195,-2.56546475376687,10375.9144052907,0.999987560477787
"log_lik_catch[1621]",-2.95192628853936,0.000654460203016147,0.0687928637235525,-3.1003109720399,-2.99457040475631,-2.94715793090468,-2.90355445866417,-2.83386782523523,11048.9317771783,0.999970711616555
"log_lik_catch[1622]",-3.25074495166945,0.000872786136675514,0.0934377238050242,-3.45142701649283,-3.30866472115292,-3.24412154305541,-3.18512770460705,-3.08940064318714,11461.1665042471,0.999955561094094
"log_lik_catch[1623]",-2.61846885154274,0.000346348955956153,0.0364590284922204,-2.6930232673141,-2.64227448332767,-2.61785426379253,-2.59315157216876,-2.55097888278317,11081.0883715819,0.999858636274973
"log_lik_catch[1624]",-2.96739499397773,0.00035137267281653,0.0347308311429938,-3.03781365550578,-2.9901853500882,-2.96726369095118,-2.94371329859909,-2.90046020704425,9769.99606000483,0.999965494596542
"log_lik_catch[1625]",-0.809646037188298,0.000582296345227273,0.0632966223556709,-0.936587023238916,-0.850708289448283,-0.807416787302391,-0.766264061916271,-0.691940248842678,11816.0669475772,0.999857535125663
"log_lik_catch[1626]",-2.96796224996556,0.000332418245927304,0.0340050770614319,-3.03559145008034,-2.99056575659301,-2.9678227413887,-2.94439830618801,-2.9031935803691,10464.4840336701,0.999893008392239
"log_lik_catch[1627]",-1.21490204107159,0.000777092778284655,0.0833855375069492,-1.38053586104452,-1.26953344279126,-1.21189483760909,-1.15725755563546,-1.05926022779627,11514.2517101381,0.999862824525227
"log_lik_catch[1628]",-0.809646037188298,0.000582296345227273,0.0632966223556709,-0.936587023238916,-0.850708289448283,-0.807416787302391,-0.766264061916271,-0.691940248842678,11816.0669475772,0.999857535125663
"log_lik_catch[1629]",-4.12727959970903,0.00186882712856764,0.206198497522998,-4.55993221761326,-4.26065134636702,-4.120327591385,-3.98465951103152,-3.75355488094476,12173.9841837612,0.9999178539553
"log_lik_catch[1630]",-1.9892921243875,0.000292679565648899,0.0290078522999881,-2.04893399802108,-2.00830441133328,-1.98862300319236,-1.96934326405099,-1.93360650660611,9823.04983177367,1.0000037780189
"log_lik_catch[1631]",-3.7088057871034,0.00148836919166715,0.161687636851876,-4.04941229667524,-3.81193048201273,-3.69853954021992,-3.59626305427459,-3.41762900237109,11801.3661131721,0.999766411562777
"log_lik_catch[1632]",-0.954732144622323,0.000667215167395616,0.0724136150755545,-1.1026626203747,-1.00173418252804,-0.952163730466101,-0.904724408539241,-0.81859674455995,11779.0058553678,0.999780414034088
"log_lik_catch[1633]",-2.43462989275213,0.0005247099293757,0.0547351068489106,-2.55307852093729,-2.46847094103562,-2.43118427070293,-2.39590199342557,-2.33810527269855,10881.6154739797,0.999881969103902
"log_lik_catch[1634]",-2.43462989275213,0.0005247099293757,0.0547351068489106,-2.55307852093729,-2.46847094103562,-2.43118427070293,-2.39590199342557,-2.33810527269855,10881.6154739797,0.999881969103902
"log_lik_catch[1635]",-0.954732144622323,0.000667215167395616,0.0724136150755545,-1.1026626203747,-1.00173418252804,-0.952163730466101,-0.904724408539241,-0.81859674455995,11779.0058553678,0.999780414034088
"log_lik_catch[1636]",-1.64800397237642,0.000436150643340676,0.0481081868978607,-1.75053613942053,-1.67891156832843,-1.64617138351499,-1.61482118294007,-1.56083787534306,12166.4799344234,0.999735676597078
"log_lik_catch[1637]",-1.51630480391402,0.000313291659921564,0.0339538204988082,-1.58822323452223,-1.53783913443501,-1.51435922566555,-1.49242702181822,-1.45613960794185,11745.7196079044,0.99975891993694
"log_lik_catch[1638]",-1.64800397237642,0.000436150643340676,0.0481081868978607,-1.75053613942053,-1.67891156832843,-1.64617138351499,-1.61482118294007,-1.56083787534306,12166.4799344234,0.999735676597078
"log_lik_catch[1639]",-3.29028200199278,0.00115002659146337,0.124436213858216,-3.5545691002898,-3.3697126005018,-3.28133546628536,-3.20454433107032,-3.06959370698763,11707.8678666225,0.999783226627335
"log_lik_catch[1640]",-0.606049979027818,0.000478730421349544,0.0525455191773041,-0.71377196925184,-0.639375777780535,-0.604562396910256,-0.569281514901923,-0.509183548299481,12047.2888407606,0.999758774181801
"log_lik_catch[1641]",-3.32167313041893,0.000789071723662369,0.0838018778737429,-3.50307742839423,-3.37427336576525,-3.31484500834502,-3.26284991423417,-3.17518040317567,11279.1024062129,0.999834726225444
"log_lik_catch[1642]",-1.67752304963064,0.0010015968358841,0.106242938022475,-1.89528426726545,-1.74781782098941,-1.67309381900592,-1.60497175242122,-1.47471290295268,11251.5992744152,0.999824003462475
"log_lik_catch[1643]",-3.29028200199278,0.00115002659146337,0.124436213858216,-3.5545691002898,-3.3697126005018,-3.28133546628536,-3.20454433107032,-3.06959370698763,11707.8678666225,0.999783226627335
"log_lik_catch[1644]",-1.39112579604541,0.000872134641222957,0.0932997435185078,-1.58317498562026,-1.45305640889706,-1.38786559711671,-1.32747716925743,-1.21416674004805,11444.4210024505,0.999807935458073
"log_lik_catch[1645]",-1.39112579604541,0.000872134641222957,0.0932997435185078,-1.58317498562026,-1.45305640889706,-1.38786559711671,-1.32747716925743,-1.21416674004805,11444.4210024505,0.999807935458073
"log_lik_catch[1646]",-5.27715065904838,0.00238839578111943,0.259227475389772,-5.82475549349696,-5.43852392919634,-5.26009536941559,-5.09693805489141,-4.81302290989431,11780.1133643195,0.999750447413488
"log_lik_catch[1647]",-0.954732144622323,0.000667215167395616,0.0724136150755545,-1.1026626203747,-1.00173418252804,-0.952163730466101,-0.904724408539241,-0.81859674455995,11779.0058553678,0.999780414034088
"log_lik_catch[1648]",-0.606049979027818,0.000478730421349544,0.0525455191773041,-0.71377196925184,-0.639375777780535,-0.604562396910256,-0.569281514901923,-0.509183548299481,12047.2888407606,0.999758774181801
"log_lik_catch[1649]",-0.606049979027818,0.000478730421349544,0.0525455191773041,-0.71377196925184,-0.639375777780535,-0.604562396910256,-0.569281514901923,-0.509183548299481,12047.2888407606,0.999758774181801
"log_lik_catch[1650]",-1.77580065713161,0.000521406175366999,0.0576641120241085,-1.89575121275667,-1.81262208465501,-1.77385613216307,-1.73644530373054,-1.66954081528668,12230.9129811244,0.999741219226952
"log_lik_catch[1651]",-3.7088057871034,0.00148836919166715,0.161687636851876,-4.04941229667524,-3.81193048201273,-3.69853954021992,-3.59626305427459,-3.41762900237109,11801.3661131721,0.999766411562777
"lp__",-4265.96334271844,0.236792818508429,13.002795862253,-4292.11483995212,-4274.58358979988,-4265.71372017926,-4256.80382012297,-4241.85104989066,3015.34101434621,1.00068286663813
